Cattle_ID,Milk_Yield_L
1,15.58915559432933
2,15.58915559432933
3,15.58915559432933
4,15.58915559432933
5,15.58915559432933
6,15.58915559432933
7,15.58915559432933
8,15.58915559432933
9,15.58915559432933
10,15.58915559432933
11,15.58915559432933
12,15.58915559432933
13,15.58915559432933
14,15.58915559432933
15,15.58915559432933
16,15.58915559432933
17,15.58915559432933
18,15.58915559432933
19,15.58915559432933
20,15.58915559432933
21,15.58915559432933
22,15.58915559432933
23,15.58915559432933
24,15.58915559432933
25,15.58915559432933
26,15.58915559432933
27,15.58915559432933
28,15.58915559432933
29,15.58915559432933
30,15.58915559432933
31,15.58915559432933
32,15.58915559432933
33,15.58915559432933
34,15.58915559432933
35,15.58915559432933
36,15.58915559432933
37,15.58915559432933
38,15.58915559432933
39,15.58915559432933
40,15.58915559432933
41,15.58915559432933
42,15.58915559432933
43,15.58915559432933
44,15.58915559432933
45,15.58915559432933
46,15.58915559432933
47,15.58915559432933
48,15.58915559432933
49,15.58915559432933
50,15.58915559432933
51,15.58915559432933
52,15.58915559432933
53,15.58915559432933
54,15.58915559432933
55,15.58915559432933
56,15.58915559432933
57,15.58915559432933
58,15.58915559432933
59,15.58915559432933
60,15.58915559432933
61,15.58915559432933
62,15.58915559432933
63,15.58915559432933
64,15.58915559432933
65,15.58915559432933
66,15.58915559432933
67,15.58915559432933
68,15.58915559432933
69,15.58915559432933
70,15.58915559432933
71,15.58915559432933
72,15.58915559432933
73,15.58915559432933
74,15.58915559432933
75,15.58915559432933
76,15.58915559432933
77,15.58915559432933
78,15.58915559432933
79,15.58915559432933
80,15.58915559432933
81,15.58915559432933
82,15.58915559432933
83,15.58915559432933
84,15.58915559432933
85,15.58915559432933
86,15.58915559432933
87,15.58915559432933
88,15.58915559432933
89,15.58915559432933
90,15.58915559432933
91,15.58915559432933
92,15.58915559432933
93,15.58915559432933
94,15.58915559432933
95,15.58915559432933
96,15.58915559432933
97,15.58915559432933
98,15.58915559432933
99,15.58915559432933
100,15.58915559432933
101,15.58915559432933
102,15.58915559432933
103,15.58915559432933
104,15.58915559432933
105,15.58915559432933
106,15.58915559432933
107,15.58915559432933
108,15.58915559432933
109,15.58915559432933
110,15.58915559432933
111,15.58915559432933
112,15.58915559432933
113,15.58915559432933
114,15.58915559432933
115,15.58915559432933
116,15.58915559432933
117,15.58915559432933
118,15.58915559432933
119,15.58915559432933
120,15.58915559432933
121,15.58915559432933
122,15.58915559432933
123,15.58915559432933
124,15.58915559432933
125,15.58915559432933
126,15.58915559432933
127,15.58915559432933
128,15.58915559432933
129,15.58915559432933
130,15.58915559432933
131,15.58915559432933
132,15.58915559432933
133,15.58915559432933
134,15.58915559432933
135,15.58915559432933
136,15.58915559432933
137,15.58915559432933
138,15.58915559432933
139,15.58915559432933
140,15.58915559432933
141,15.58915559432933
142,15.58915559432933
143,15.58915559432933
144,15.58915559432933
145,15.58915559432933
146,15.58915559432933
147,15.58915559432933
148,15.58915559432933
149,15.58915559432933
150,15.58915559432933
151,15.58915559432933
152,15.58915559432933
153,15.58915559432933
154,15.58915559432933
155,15.58915559432933
156,15.58915559432933
157,15.58915559432933
158,15.58915559432933
159,15.58915559432933
160,15.58915559432933
161,15.58915559432933
162,15.58915559432933
163,15.58915559432933
164,15.58915559432933
165,15.58915559432933
166,15.58915559432933
167,15.58915559432933
168,15.58915559432933
169,15.58915559432933
170,15.58915559432933
171,15.58915559432933
172,15.58915559432933
173,15.58915559432933
174,15.58915559432933
175,15.58915559432933
176,15.58915559432933
177,15.58915559432933
178,15.58915559432933
179,15.58915559432933
180,15.58915559432933
181,15.58915559432933
182,15.58915559432933
183,15.58915559432933
184,15.58915559432933
185,15.58915559432933
186,15.58915559432933
187,15.58915559432933
188,15.58915559432933
189,15.58915559432933
190,15.58915559432933
191,15.58915559432933
192,15.58915559432933
193,15.58915559432933
194,15.58915559432933
195,15.58915559432933
196,15.58915559432933
197,15.58915559432933
198,15.58915559432933
199,15.58915559432933
200,15.58915559432933
201,15.58915559432933
202,15.58915559432933
203,15.58915559432933
204,15.58915559432933
205,15.58915559432933
206,15.58915559432933
207,15.58915559432933
208,15.58915559432933
209,15.58915559432933
210,15.58915559432933
211,15.58915559432933
212,15.58915559432933
213,15.58915559432933
214,15.58915559432933
215,15.58915559432933
216,15.58915559432933
217,15.58915559432933
218,15.58915559432933
219,15.58915559432933
220,15.58915559432933
221,15.58915559432933
222,15.58915559432933
223,15.58915559432933
224,15.58915559432933
225,15.58915559432933
226,15.58915559432933
227,15.58915559432933
228,15.58915559432933
229,15.58915559432933
230,15.58915559432933
231,15.58915559432933
232,15.58915559432933
233,15.58915559432933
234,15.58915559432933
235,15.58915559432933
236,15.58915559432933
237,15.58915559432933
238,15.58915559432933
239,15.58915559432933
240,15.58915559432933
241,15.58915559432933
242,15.58915559432933
243,15.58915559432933
244,15.58915559432933
245,15.58915559432933
246,15.58915559432933
247,15.58915559432933
248,15.58915559432933
249,15.58915559432933
250,15.58915559432933
251,15.58915559432933
252,15.58915559432933
253,15.58915559432933
254,15.58915559432933
255,15.58915559432933
256,15.58915559432933
257,15.58915559432933
258,15.58915559432933
259,15.58915559432933
260,15.58915559432933
261,15.58915559432933
262,15.58915559432933
263,15.58915559432933
264,15.58915559432933
265,15.58915559432933
266,15.58915559432933
267,15.58915559432933
268,15.58915559432933
269,15.58915559432933
270,15.58915559432933
271,15.58915559432933
272,15.58915559432933
273,15.58915559432933
274,15.58915559432933
275,15.58915559432933
276,15.58915559432933
277,15.58915559432933
278,15.58915559432933
279,15.58915559432933
280,15.58915559432933
281,15.58915559432933
282,15.58915559432933
283,15.58915559432933
284,15.58915559432933
285,15.58915559432933
286,15.58915559432933
287,15.58915559432933
288,15.58915559432933
289,15.58915559432933
290,15.58915559432933
291,15.58915559432933
292,15.58915559432933
293,15.58915559432933
294,15.58915559432933
295,15.58915559432933
296,15.58915559432933
297,15.58915559432933
298,15.58915559432933
299,15.58915559432933
300,15.58915559432933
301,15.58915559432933
302,15.58915559432933
303,15.58915559432933
304,15.58915559432933
305,15.58915559432933
306,15.58915559432933
307,15.58915559432933
308,15.58915559432933
309,15.58915559432933
310,15.58915559432933
311,15.58915559432933
312,15.58915559432933
313,15.58915559432933
314,15.58915559432933
315,15.58915559432933
316,15.58915559432933
317,15.58915559432933
318,15.58915559432933
319,15.58915559432933
320,15.58915559432933
321,15.58915559432933
322,15.58915559432933
323,15.58915559432933
324,15.58915559432933
325,15.58915559432933
326,15.58915559432933
327,15.58915559432933
328,15.58915559432933
329,15.58915559432933
330,15.58915559432933
331,15.58915559432933
332,15.58915559432933
333,15.58915559432933
334,15.58915559432933
335,15.58915559432933
336,15.58915559432933
337,15.58915559432933
338,15.58915559432933
339,15.58915559432933
340,15.58915559432933
341,15.58915559432933
342,15.58915559432933
343,15.58915559432933
344,15.58915559432933
345,15.58915559432933
346,15.58915559432933
347,15.58915559432933
348,15.58915559432933
349,15.58915559432933
350,15.58915559432933
351,15.58915559432933
352,15.58915559432933
353,15.58915559432933
354,15.58915559432933
355,15.58915559432933
356,15.58915559432933
357,15.58915559432933
358,15.58915559432933
359,15.58915559432933
360,15.58915559432933
361,15.58915559432933
362,15.58915559432933
363,15.58915559432933
364,15.58915559432933
365,15.58915559432933
366,15.58915559432933
367,15.58915559432933
368,15.58915559432933
369,15.58915559432933
370,15.58915559432933
371,15.58915559432933
372,15.58915559432933
373,15.58915559432933
374,15.58915559432933
375,15.58915559432933
376,15.58915559432933
377,15.58915559432933
378,15.58915559432933
379,15.58915559432933
380,15.58915559432933
381,15.58915559432933
382,15.58915559432933
383,15.58915559432933
384,15.58915559432933
385,15.58915559432933
386,15.58915559432933
387,15.58915559432933
388,15.58915559432933
389,15.58915559432933
390,15.58915559432933
391,15.58915559432933
392,15.58915559432933
393,15.58915559432933
394,15.58915559432933
395,15.58915559432933
396,15.58915559432933
397,15.58915559432933
398,15.58915559432933
399,15.58915559432933
400,15.58915559432933
401,15.58915559432933
402,15.58915559432933
403,15.58915559432933
404,15.58915559432933
405,15.58915559432933
406,15.58915559432933
407,15.58915559432933
408,15.58915559432933
409,15.58915559432933
410,15.58915559432933
411,15.58915559432933
412,15.58915559432933
413,15.58915559432933
414,15.58915559432933
415,15.58915559432933
416,15.58915559432933
417,15.58915559432933
418,15.58915559432933
419,15.58915559432933
420,15.58915559432933
421,15.58915559432933
422,15.58915559432933
423,15.58915559432933
424,15.58915559432933
425,15.58915559432933
426,15.58915559432933
427,15.58915559432933
428,15.58915559432933
429,15.58915559432933
430,15.58915559432933
431,15.58915559432933
432,15.58915559432933
433,15.58915559432933
434,15.58915559432933
435,15.58915559432933
436,15.58915559432933
437,15.58915559432933
438,15.58915559432933
439,15.58915559432933
440,15.58915559432933
441,15.58915559432933
442,15.58915559432933
443,15.58915559432933
444,15.58915559432933
445,15.58915559432933
446,15.58915559432933
447,15.58915559432933
448,15.58915559432933
449,15.58915559432933
450,15.58915559432933
451,15.58915559432933
452,15.58915559432933
453,15.58915559432933
454,15.58915559432933
455,15.58915559432933
456,15.58915559432933
457,15.58915559432933
458,15.58915559432933
459,15.58915559432933
460,15.58915559432933
461,15.58915559432933
462,15.58915559432933
463,15.58915559432933
464,15.58915559432933
465,15.58915559432933
466,15.58915559432933
467,15.58915559432933
468,15.58915559432933
469,15.58915559432933
470,15.58915559432933
471,15.58915559432933
472,15.58915559432933
473,15.58915559432933
474,15.58915559432933
475,15.58915559432933
476,15.58915559432933
477,15.58915559432933
478,15.58915559432933
479,15.58915559432933
480,15.58915559432933
481,15.58915559432933
482,15.58915559432933
483,15.58915559432933
484,15.58915559432933
485,15.58915559432933
486,15.58915559432933
487,15.58915559432933
488,15.58915559432933
489,15.58915559432933
490,15.58915559432933
491,15.58915559432933
492,15.58915559432933
493,15.58915559432933
494,15.58915559432933
495,15.58915559432933
496,15.58915559432933
497,15.58915559432933
498,15.58915559432933
499,15.58915559432933
500,15.58915559432933
501,15.58915559432933
502,15.58915559432933
503,15.58915559432933
504,15.58915559432933
505,15.58915559432933
506,15.58915559432933
507,15.58915559432933
508,15.58915559432933
509,15.58915559432933
510,15.58915559432933
511,15.58915559432933
512,15.58915559432933
513,15.58915559432933
514,15.58915559432933
515,15.58915559432933
516,15.58915559432933
517,15.58915559432933
518,15.58915559432933
519,15.58915559432933
520,15.58915559432933
521,15.58915559432933
522,15.58915559432933
523,15.58915559432933
524,15.58915559432933
525,15.58915559432933
526,15.58915559432933
527,15.58915559432933
528,15.58915559432933
529,15.58915559432933
530,15.58915559432933
531,15.58915559432933
532,15.58915559432933
533,15.58915559432933
534,15.58915559432933
535,15.58915559432933
536,15.58915559432933
537,15.58915559432933
538,15.58915559432933
539,15.58915559432933
540,15.58915559432933
541,15.58915559432933
542,15.58915559432933
543,15.58915559432933
544,15.58915559432933
545,15.58915559432933
546,15.58915559432933
547,15.58915559432933
548,15.58915559432933
549,15.58915559432933
550,15.58915559432933
551,15.58915559432933
552,15.58915559432933
553,15.58915559432933
554,15.58915559432933
555,15.58915559432933
556,15.58915559432933
557,15.58915559432933
558,15.58915559432933
559,15.58915559432933
560,15.58915559432933
561,15.58915559432933
562,15.58915559432933
563,15.58915559432933
564,15.58915559432933
565,15.58915559432933
566,15.58915559432933
567,15.58915559432933
568,15.58915559432933
569,15.58915559432933
570,15.58915559432933
571,15.58915559432933
572,15.58915559432933
573,15.58915559432933
574,15.58915559432933
575,15.58915559432933
576,15.58915559432933
577,15.58915559432933
578,15.58915559432933
579,15.58915559432933
580,15.58915559432933
581,15.58915559432933
582,15.58915559432933
583,15.58915559432933
584,15.58915559432933
585,15.58915559432933
586,15.58915559432933
587,15.58915559432933
588,15.58915559432933
589,15.58915559432933
590,15.58915559432933
591,15.58915559432933
592,15.58915559432933
593,15.58915559432933
594,15.58915559432933
595,15.58915559432933
596,15.58915559432933
597,15.58915559432933
598,15.58915559432933
599,15.58915559432933
600,15.58915559432933
601,15.58915559432933
602,15.58915559432933
603,15.58915559432933
604,15.58915559432933
605,15.58915559432933
606,15.58915559432933
607,15.58915559432933
608,15.58915559432933
609,15.58915559432933
610,15.58915559432933
611,15.58915559432933
612,15.58915559432933
613,15.58915559432933
614,15.58915559432933
615,15.58915559432933
616,15.58915559432933
617,15.58915559432933
618,15.58915559432933
619,15.58915559432933
620,15.58915559432933
621,15.58915559432933
622,15.58915559432933
623,15.58915559432933
624,15.58915559432933
625,15.58915559432933
626,15.58915559432933
627,15.58915559432933
628,15.58915559432933
629,15.58915559432933
630,15.58915559432933
631,15.58915559432933
632,15.58915559432933
633,15.58915559432933
634,15.58915559432933
635,15.58915559432933
636,15.58915559432933
637,15.58915559432933
638,15.58915559432933
639,15.58915559432933
640,15.58915559432933
641,15.58915559432933
642,15.58915559432933
643,15.58915559432933
644,15.58915559432933
645,15.58915559432933
646,15.58915559432933
647,15.58915559432933
648,15.58915559432933
649,15.58915559432933
650,15.58915559432933
651,15.58915559432933
652,15.58915559432933
653,15.58915559432933
654,15.58915559432933
655,15.58915559432933
656,15.58915559432933
657,15.58915559432933
658,15.58915559432933
659,15.58915559432933
660,15.58915559432933
661,15.58915559432933
662,15.58915559432933
663,15.58915559432933
664,15.58915559432933
665,15.58915559432933
666,15.58915559432933
667,15.58915559432933
668,15.58915559432933
669,15.58915559432933
670,15.58915559432933
671,15.58915559432933
672,15.58915559432933
673,15.58915559432933
674,15.58915559432933
675,15.58915559432933
676,15.58915559432933
677,15.58915559432933
678,15.58915559432933
679,15.58915559432933
680,15.58915559432933
681,15.58915559432933
682,15.58915559432933
683,15.58915559432933
684,15.58915559432933
685,15.58915559432933
686,15.58915559432933
687,15.58915559432933
688,15.58915559432933
689,15.58915559432933
690,15.58915559432933
691,15.58915559432933
692,15.58915559432933
693,15.58915559432933
694,15.58915559432933
695,15.58915559432933
696,15.58915559432933
697,15.58915559432933
698,15.58915559432933
699,15.58915559432933
700,15.58915559432933
701,15.58915559432933
702,15.58915559432933
703,15.58915559432933
704,15.58915559432933
705,15.58915559432933
706,15.58915559432933
707,15.58915559432933
708,15.58915559432933
709,15.58915559432933
710,15.58915559432933
711,15.58915559432933
712,15.58915559432933
713,15.58915559432933
714,15.58915559432933
715,15.58915559432933
716,15.58915559432933
717,15.58915559432933
718,15.58915559432933
719,15.58915559432933
720,15.58915559432933
721,15.58915559432933
722,15.58915559432933
723,15.58915559432933
724,15.58915559432933
725,15.58915559432933
726,15.58915559432933
727,15.58915559432933
728,15.58915559432933
729,15.58915559432933
730,15.58915559432933
731,15.58915559432933
732,15.58915559432933
733,15.58915559432933
734,15.58915559432933
735,15.58915559432933
736,15.58915559432933
737,15.58915559432933
738,15.58915559432933
739,15.58915559432933
740,15.58915559432933
741,15.58915559432933
742,15.58915559432933
743,15.58915559432933
744,15.58915559432933
745,15.58915559432933
746,15.58915559432933
747,15.58915559432933
748,15.58915559432933
749,15.58915559432933
750,15.58915559432933
751,15.58915559432933
752,15.58915559432933
753,15.58915559432933
754,15.58915559432933
755,15.58915559432933
756,15.58915559432933
757,15.58915559432933
758,15.58915559432933
759,15.58915559432933
760,15.58915559432933
761,15.58915559432933
762,15.58915559432933
763,15.58915559432933
764,15.58915559432933
765,15.58915559432933
766,15.58915559432933
767,15.58915559432933
768,15.58915559432933
769,15.58915559432933
770,15.58915559432933
771,15.58915559432933
772,15.58915559432933
773,15.58915559432933
774,15.58915559432933
775,15.58915559432933
776,15.58915559432933
777,15.58915559432933
778,15.58915559432933
779,15.58915559432933
780,15.58915559432933
781,15.58915559432933
782,15.58915559432933
783,15.58915559432933
784,15.58915559432933
785,15.58915559432933
786,15.58915559432933
787,15.58915559432933
788,15.58915559432933
789,15.58915559432933
790,15.58915559432933
791,15.58915559432933
792,15.58915559432933
793,15.58915559432933
794,15.58915559432933
795,15.58915559432933
796,15.58915559432933
797,15.58915559432933
798,15.58915559432933
799,15.58915559432933
800,15.58915559432933
801,15.58915559432933
802,15.58915559432933
803,15.58915559432933
804,15.58915559432933
805,15.58915559432933
806,15.58915559432933
807,15.58915559432933
808,15.58915559432933
809,15.58915559432933
810,15.58915559432933
811,15.58915559432933
812,15.58915559432933
813,15.58915559432933
814,15.58915559432933
815,15.58915559432933
816,15.58915559432933
817,15.58915559432933
818,15.58915559432933
819,15.58915559432933
820,15.58915559432933
821,15.58915559432933
822,15.58915559432933
823,15.58915559432933
824,15.58915559432933
825,15.58915559432933
826,15.58915559432933
827,15.58915559432933
828,15.58915559432933
829,15.58915559432933
830,15.58915559432933
831,15.58915559432933
832,15.58915559432933
833,15.58915559432933
834,15.58915559432933
835,15.58915559432933
836,15.58915559432933
837,15.58915559432933
838,15.58915559432933
839,15.58915559432933
840,15.58915559432933
841,15.58915559432933
842,15.58915559432933
843,15.58915559432933
844,15.58915559432933
845,15.58915559432933
846,15.58915559432933
847,15.58915559432933
848,15.58915559432933
849,15.58915559432933
850,15.58915559432933
851,15.58915559432933
852,15.58915559432933
853,15.58915559432933
854,15.58915559432933
855,15.58915559432933
856,15.58915559432933
857,15.58915559432933
858,15.58915559432933
859,15.58915559432933
860,15.58915559432933
861,15.58915559432933
862,15.58915559432933
863,15.58915559432933
864,15.58915559432933
865,15.58915559432933
866,15.58915559432933
867,15.58915559432933
868,15.58915559432933
869,15.58915559432933
870,15.58915559432933
871,15.58915559432933
872,15.58915559432933
873,15.58915559432933
874,15.58915559432933
875,15.58915559432933
876,15.58915559432933
877,15.58915559432933
878,15.58915559432933
879,15.58915559432933
880,15.58915559432933
881,15.58915559432933
882,15.58915559432933
883,15.58915559432933
884,15.58915559432933
885,15.58915559432933
886,15.58915559432933
887,15.58915559432933
888,15.58915559432933
889,15.58915559432933
890,15.58915559432933
891,15.58915559432933
892,15.58915559432933
893,15.58915559432933
894,15.58915559432933
895,15.58915559432933
896,15.58915559432933
897,15.58915559432933
898,15.58915559432933
899,15.58915559432933
900,15.58915559432933
901,15.58915559432933
902,15.58915559432933
903,15.58915559432933
904,15.58915559432933
905,15.58915559432933
906,15.58915559432933
907,15.58915559432933
908,15.58915559432933
909,15.58915559432933
910,15.58915559432933
911,15.58915559432933
912,15.58915559432933
913,15.58915559432933
914,15.58915559432933
915,15.58915559432933
916,15.58915559432933
917,15.58915559432933
918,15.58915559432933
919,15.58915559432933
920,15.58915559432933
921,15.58915559432933
922,15.58915559432933
923,15.58915559432933
924,15.58915559432933
925,15.58915559432933
926,15.58915559432933
927,15.58915559432933
928,15.58915559432933
929,15.58915559432933
930,15.58915559432933
931,15.58915559432933
932,15.58915559432933
933,15.58915559432933
934,15.58915559432933
935,15.58915559432933
936,15.58915559432933
937,15.58915559432933
938,15.58915559432933
939,15.58915559432933
940,15.58915559432933
941,15.58915559432933
942,15.58915559432933
943,15.58915559432933
944,15.58915559432933
945,15.58915559432933
946,15.58915559432933
947,15.58915559432933
948,15.58915559432933
949,15.58915559432933
950,15.58915559432933
951,15.58915559432933
952,15.58915559432933
953,15.58915559432933
954,15.58915559432933
955,15.58915559432933
956,15.58915559432933
957,15.58915559432933
958,15.58915559432933
959,15.58915559432933
960,15.58915559432933
961,15.58915559432933
962,15.58915559432933
963,15.58915559432933
964,15.58915559432933
965,15.58915559432933
966,15.58915559432933
967,15.58915559432933
968,15.58915559432933
969,15.58915559432933
970,15.58915559432933
971,15.58915559432933
972,15.58915559432933
973,15.58915559432933
974,15.58915559432933
975,15.58915559432933
976,15.58915559432933
977,15.58915559432933
978,15.58915559432933
979,15.58915559432933
980,15.58915559432933
981,15.58915559432933
982,15.58915559432933
983,15.58915559432933
984,15.58915559432933
985,15.58915559432933
986,15.58915559432933
987,15.58915559432933
988,15.58915559432933
989,15.58915559432933
990,15.58915559432933
991,15.58915559432933
992,15.58915559432933
993,15.58915559432933
994,15.58915559432933
995,15.58915559432933
996,15.58915559432933
997,15.58915559432933
998,15.58915559432933
999,15.58915559432933
1000,15.58915559432933
1001,15.58915559432933
1002,15.58915559432933
1003,15.58915559432933
1004,15.58915559432933
1005,15.58915559432933
1006,15.58915559432933
1007,15.58915559432933
1008,15.58915559432933
1009,15.58915559432933
1010,15.58915559432933
1011,15.58915559432933
1012,15.58915559432933
1013,15.58915559432933
1014,15.58915559432933
1015,15.58915559432933
1016,15.58915559432933
1017,15.58915559432933
1018,15.58915559432933
1019,15.58915559432933
1020,15.58915559432933
1021,15.58915559432933
1022,15.58915559432933
1023,15.58915559432933
1024,15.58915559432933
1025,15.58915559432933
1026,15.58915559432933
1027,15.58915559432933
1028,15.58915559432933
1029,15.58915559432933
1030,15.58915559432933
1031,15.58915559432933
1032,15.58915559432933
1033,15.58915559432933
1034,15.58915559432933
1035,15.58915559432933
1036,15.58915559432933
1037,15.58915559432933
1038,15.58915559432933
1039,15.58915559432933
1040,15.58915559432933
1041,15.58915559432933
1042,15.58915559432933
1043,15.58915559432933
1044,15.58915559432933
1045,15.58915559432933
1046,15.58915559432933
1047,15.58915559432933
1048,15.58915559432933
1049,15.58915559432933
1050,15.58915559432933
1051,15.58915559432933
1052,15.58915559432933
1053,15.58915559432933
1054,15.58915559432933
1055,15.58915559432933
1056,15.58915559432933
1057,15.58915559432933
1058,15.58915559432933
1059,15.58915559432933
1060,15.58915559432933
1061,15.58915559432933
1062,15.58915559432933
1063,15.58915559432933
1064,15.58915559432933
1065,15.58915559432933
1066,15.58915559432933
1067,15.58915559432933
1068,15.58915559432933
1069,15.58915559432933
1070,15.58915559432933
1071,15.58915559432933
1072,15.58915559432933
1073,15.58915559432933
1074,15.58915559432933
1075,15.58915559432933
1076,15.58915559432933
1077,15.58915559432933
1078,15.58915559432933
1079,15.58915559432933
1080,15.58915559432933
1081,15.58915559432933
1082,15.58915559432933
1083,15.58915559432933
1084,15.58915559432933
1085,15.58915559432933
1086,15.58915559432933
1087,15.58915559432933
1088,15.58915559432933
1089,15.58915559432933
1090,15.58915559432933
1091,15.58915559432933
1092,15.58915559432933
1093,15.58915559432933
1094,15.58915559432933
1095,15.58915559432933
1096,15.58915559432933
1097,15.58915559432933
1098,15.58915559432933
1099,15.58915559432933
1100,15.58915559432933
1101,15.58915559432933
1102,15.58915559432933
1103,15.58915559432933
1104,15.58915559432933
1105,15.58915559432933
1106,15.58915559432933
1107,15.58915559432933
1108,15.58915559432933
1109,15.58915559432933
1110,15.58915559432933
1111,15.58915559432933
1112,15.58915559432933
1113,15.58915559432933
1114,15.58915559432933
1115,15.58915559432933
1116,15.58915559432933
1117,15.58915559432933
1118,15.58915559432933
1119,15.58915559432933
1120,15.58915559432933
1121,15.58915559432933
1122,15.58915559432933
1123,15.58915559432933
1124,15.58915559432933
1125,15.58915559432933
1126,15.58915559432933
1127,15.58915559432933
1128,15.58915559432933
1129,15.58915559432933
1130,15.58915559432933
1131,15.58915559432933
1132,15.58915559432933
1133,15.58915559432933
1134,15.58915559432933
1135,15.58915559432933
1136,15.58915559432933
1137,15.58915559432933
1138,15.58915559432933
1139,15.58915559432933
1140,15.58915559432933
1141,15.58915559432933
1142,15.58915559432933
1143,15.58915559432933
1144,15.58915559432933
1145,15.58915559432933
1146,15.58915559432933
1147,15.58915559432933
1148,15.58915559432933
1149,15.58915559432933
1150,15.58915559432933
1151,15.58915559432933
1152,15.58915559432933
1153,15.58915559432933
1154,15.58915559432933
1155,15.58915559432933
1156,15.58915559432933
1157,15.58915559432933
1158,15.58915559432933
1159,15.58915559432933
1160,15.58915559432933
1161,15.58915559432933
1162,15.58915559432933
1163,15.58915559432933
1164,15.58915559432933
1165,15.58915559432933
1166,15.58915559432933
1167,15.58915559432933
1168,15.58915559432933
1169,15.58915559432933
1170,15.58915559432933
1171,15.58915559432933
1172,15.58915559432933
1173,15.58915559432933
1174,15.58915559432933
1175,15.58915559432933
1176,15.58915559432933
1177,15.58915559432933
1178,15.58915559432933
1179,15.58915559432933
1180,15.58915559432933
1181,15.58915559432933
1182,15.58915559432933
1183,15.58915559432933
1184,15.58915559432933
1185,15.58915559432933
1186,15.58915559432933
1187,15.58915559432933
1188,15.58915559432933
1189,15.58915559432933
1190,15.58915559432933
1191,15.58915559432933
1192,15.58915559432933
1193,15.58915559432933
1194,15.58915559432933
1195,15.58915559432933
1196,15.58915559432933
1197,15.58915559432933
1198,15.58915559432933
1199,15.58915559432933
1200,15.58915559432933
1201,15.58915559432933
1202,15.58915559432933
1203,15.58915559432933
1204,15.58915559432933
1205,15.58915559432933
1206,15.58915559432933
1207,15.58915559432933
1208,15.58915559432933
1209,15.58915559432933
1210,15.58915559432933
1211,15.58915559432933
1212,15.58915559432933
1213,15.58915559432933
1214,15.58915559432933
1215,15.58915559432933
1216,15.58915559432933
1217,15.58915559432933
1218,15.58915559432933
1219,15.58915559432933
1220,15.58915559432933
1221,15.58915559432933
1222,15.58915559432933
1223,15.58915559432933
1224,15.58915559432933
1225,15.58915559432933
1226,15.58915559432933
1227,15.58915559432933
1228,15.58915559432933
1229,15.58915559432933
1230,15.58915559432933
1231,15.58915559432933
1232,15.58915559432933
1233,15.58915559432933
1234,15.58915559432933
1235,15.58915559432933
1236,15.58915559432933
1237,15.58915559432933
1238,15.58915559432933
1239,15.58915559432933
1240,15.58915559432933
1241,15.58915559432933
1242,15.58915559432933
1243,15.58915559432933
1244,15.58915559432933
1245,15.58915559432933
1246,15.58915559432933
1247,15.58915559432933
1248,15.58915559432933
1249,15.58915559432933
1250,15.58915559432933
1251,15.58915559432933
1252,15.58915559432933
1253,15.58915559432933
1254,15.58915559432933
1255,15.58915559432933
1256,15.58915559432933
1257,15.58915559432933
1258,15.58915559432933
1259,15.58915559432933
1260,15.58915559432933
1261,15.58915559432933
1262,15.58915559432933
1263,15.58915559432933
1264,15.58915559432933
1265,15.58915559432933
1266,15.58915559432933
1267,15.58915559432933
1268,15.58915559432933
1269,15.58915559432933
1270,15.58915559432933
1271,15.58915559432933
1272,15.58915559432933
1273,15.58915559432933
1274,15.58915559432933
1275,15.58915559432933
1276,15.58915559432933
1277,15.58915559432933
1278,15.58915559432933
1279,15.58915559432933
1280,15.58915559432933
1281,15.58915559432933
1282,15.58915559432933
1283,15.58915559432933
1284,15.58915559432933
1285,15.58915559432933
1286,15.58915559432933
1287,15.58915559432933
1288,15.58915559432933
1289,15.58915559432933
1290,15.58915559432933
1291,15.58915559432933
1292,15.58915559432933
1293,15.58915559432933
1294,15.58915559432933
1295,15.58915559432933
1296,15.58915559432933
1297,15.58915559432933
1298,15.58915559432933
1299,15.58915559432933
1300,15.58915559432933
1301,15.58915559432933
1302,15.58915559432933
1303,15.58915559432933
1304,15.58915559432933
1305,15.58915559432933
1306,15.58915559432933
1307,15.58915559432933
1308,15.58915559432933
1309,15.58915559432933
1310,15.58915559432933
1311,15.58915559432933
1312,15.58915559432933
1313,15.58915559432933
1314,15.58915559432933
1315,15.58915559432933
1316,15.58915559432933
1317,15.58915559432933
1318,15.58915559432933
1319,15.58915559432933
1320,15.58915559432933
1321,15.58915559432933
1322,15.58915559432933
1323,15.58915559432933
1324,15.58915559432933
1325,15.58915559432933
1326,15.58915559432933
1327,15.58915559432933
1328,15.58915559432933
1329,15.58915559432933
1330,15.58915559432933
1331,15.58915559432933
1332,15.58915559432933
1333,15.58915559432933
1334,15.58915559432933
1335,15.58915559432933
1336,15.58915559432933
1337,15.58915559432933
1338,15.58915559432933
1339,15.58915559432933
1340,15.58915559432933
1341,15.58915559432933
1342,15.58915559432933
1343,15.58915559432933
1344,15.58915559432933
1345,15.58915559432933
1346,15.58915559432933
1347,15.58915559432933
1348,15.58915559432933
1349,15.58915559432933
1350,15.58915559432933
1351,15.58915559432933
1352,15.58915559432933
1353,15.58915559432933
1354,15.58915559432933
1355,15.58915559432933
1356,15.58915559432933
1357,15.58915559432933
1358,15.58915559432933
1359,15.58915559432933
1360,15.58915559432933
1361,15.58915559432933
1362,15.58915559432933
1363,15.58915559432933
1364,15.58915559432933
1365,15.58915559432933
1366,15.58915559432933
1367,15.58915559432933
1368,15.58915559432933
1369,15.58915559432933
1370,15.58915559432933
1371,15.58915559432933
1372,15.58915559432933
1373,15.58915559432933
1374,15.58915559432933
1375,15.58915559432933
1376,15.58915559432933
1377,15.58915559432933
1378,15.58915559432933
1379,15.58915559432933
1380,15.58915559432933
1381,15.58915559432933
1382,15.58915559432933
1383,15.58915559432933
1384,15.58915559432933
1385,15.58915559432933
1386,15.58915559432933
1387,15.58915559432933
1388,15.58915559432933
1389,15.58915559432933
1390,15.58915559432933
1391,15.58915559432933
1392,15.58915559432933
1393,15.58915559432933
1394,15.58915559432933
1395,15.58915559432933
1396,15.58915559432933
1397,15.58915559432933
1398,15.58915559432933
1399,15.58915559432933
1400,15.58915559432933
1401,15.58915559432933
1402,15.58915559432933
1403,15.58915559432933
1404,15.58915559432933
1405,15.58915559432933
1406,15.58915559432933
1407,15.58915559432933
1408,15.58915559432933
1409,15.58915559432933
1410,15.58915559432933
1411,15.58915559432933
1412,15.58915559432933
1413,15.58915559432933
1414,15.58915559432933
1415,15.58915559432933
1416,15.58915559432933
1417,15.58915559432933
1418,15.58915559432933
1419,15.58915559432933
1420,15.58915559432933
1421,15.58915559432933
1422,15.58915559432933
1423,15.58915559432933
1424,15.58915559432933
1425,15.58915559432933
1426,15.58915559432933
1427,15.58915559432933
1428,15.58915559432933
1429,15.58915559432933
1430,15.58915559432933
1431,15.58915559432933
1432,15.58915559432933
1433,15.58915559432933
1434,15.58915559432933
1435,15.58915559432933
1436,15.58915559432933
1437,15.58915559432933
1438,15.58915559432933
1439,15.58915559432933
1440,15.58915559432933
1441,15.58915559432933
1442,15.58915559432933
1443,15.58915559432933
1444,15.58915559432933
1445,15.58915559432933
1446,15.58915559432933
1447,15.58915559432933
1448,15.58915559432933
1449,15.58915559432933
1450,15.58915559432933
1451,15.58915559432933
1452,15.58915559432933
1453,15.58915559432933
1454,15.58915559432933
1455,15.58915559432933
1456,15.58915559432933
1457,15.58915559432933
1458,15.58915559432933
1459,15.58915559432933
1460,15.58915559432933
1461,15.58915559432933
1462,15.58915559432933
1463,15.58915559432933
1464,15.58915559432933
1465,15.58915559432933
1466,15.58915559432933
1467,15.58915559432933
1468,15.58915559432933
1469,15.58915559432933
1470,15.58915559432933
1471,15.58915559432933
1472,15.58915559432933
1473,15.58915559432933
1474,15.58915559432933
1475,15.58915559432933
1476,15.58915559432933
1477,15.58915559432933
1478,15.58915559432933
1479,15.58915559432933
1480,15.58915559432933
1481,15.58915559432933
1482,15.58915559432933
1483,15.58915559432933
1484,15.58915559432933
1485,15.58915559432933
1486,15.58915559432933
1487,15.58915559432933
1488,15.58915559432933
1489,15.58915559432933
1490,15.58915559432933
1491,15.58915559432933
1492,15.58915559432933
1493,15.58915559432933
1494,15.58915559432933
1495,15.58915559432933
1496,15.58915559432933
1497,15.58915559432933
1498,15.58915559432933
1499,15.58915559432933
1500,15.58915559432933
1501,15.58915559432933
1502,15.58915559432933
1503,15.58915559432933
1504,15.58915559432933
1505,15.58915559432933
1506,15.58915559432933
1507,15.58915559432933
1508,15.58915559432933
1509,15.58915559432933
1510,15.58915559432933
1511,15.58915559432933
1512,15.58915559432933
1513,15.58915559432933
1514,15.58915559432933
1515,15.58915559432933
1516,15.58915559432933
1517,15.58915559432933
1518,15.58915559432933
1519,15.58915559432933
1520,15.58915559432933
1521,15.58915559432933
1522,15.58915559432933
1523,15.58915559432933
1524,15.58915559432933
1525,15.58915559432933
1526,15.58915559432933
1527,15.58915559432933
1528,15.58915559432933
1529,15.58915559432933
1530,15.58915559432933
1531,15.58915559432933
1532,15.58915559432933
1533,15.58915559432933
1534,15.58915559432933
1535,15.58915559432933
1536,15.58915559432933
1537,15.58915559432933
1538,15.58915559432933
1539,15.58915559432933
1540,15.58915559432933
1541,15.58915559432933
1542,15.58915559432933
1543,15.58915559432933
1544,15.58915559432933
1545,15.58915559432933
1546,15.58915559432933
1547,15.58915559432933
1548,15.58915559432933
1549,15.58915559432933
1550,15.58915559432933
1551,15.58915559432933
1552,15.58915559432933
1553,15.58915559432933
1554,15.58915559432933
1555,15.58915559432933
1556,15.58915559432933
1557,15.58915559432933
1558,15.58915559432933
1559,15.58915559432933
1560,15.58915559432933
1561,15.58915559432933
1562,15.58915559432933
1563,15.58915559432933
1564,15.58915559432933
1565,15.58915559432933
1566,15.58915559432933
1567,15.58915559432933
1568,15.58915559432933
1569,15.58915559432933
1570,15.58915559432933
1571,15.58915559432933
1572,15.58915559432933
1573,15.58915559432933
1574,15.58915559432933
1575,15.58915559432933
1576,15.58915559432933
1577,15.58915559432933
1578,15.58915559432933
1579,15.58915559432933
1580,15.58915559432933
1581,15.58915559432933
1582,15.58915559432933
1583,15.58915559432933
1584,15.58915559432933
1585,15.58915559432933
1586,15.58915559432933
1587,15.58915559432933
1588,15.58915559432933
1589,15.58915559432933
1590,15.58915559432933
1591,15.58915559432933
1592,15.58915559432933
1593,15.58915559432933
1594,15.58915559432933
1595,15.58915559432933
1596,15.58915559432933
1597,15.58915559432933
1598,15.58915559432933
1599,15.58915559432933
1600,15.58915559432933
1601,15.58915559432933
1602,15.58915559432933
1603,15.58915559432933
1604,15.58915559432933
1605,15.58915559432933
1606,15.58915559432933
1607,15.58915559432933
1608,15.58915559432933
1609,15.58915559432933
1610,15.58915559432933
1611,15.58915559432933
1612,15.58915559432933
1613,15.58915559432933
1614,15.58915559432933
1615,15.58915559432933
1616,15.58915559432933
1617,15.58915559432933
1618,15.58915559432933
1619,15.58915559432933
1620,15.58915559432933
1621,15.58915559432933
1622,15.58915559432933
1623,15.58915559432933
1624,15.58915559432933
1625,15.58915559432933
1626,15.58915559432933
1627,15.58915559432933
1628,15.58915559432933
1629,15.58915559432933
1630,15.58915559432933
1631,15.58915559432933
1632,15.58915559432933
1633,15.58915559432933
1634,15.58915559432933
1635,15.58915559432933
1636,15.58915559432933
1637,15.58915559432933
1638,15.58915559432933
1639,15.58915559432933
1640,15.58915559432933
1641,15.58915559432933
1642,15.58915559432933
1643,15.58915559432933
1644,15.58915559432933
1645,15.58915559432933
1646,15.58915559432933
1647,15.58915559432933
1648,15.58915559432933
1649,15.58915559432933
1650,15.58915559432933
1651,15.58915559432933
1652,15.58915559432933
1653,15.58915559432933
1654,15.58915559432933
1655,15.58915559432933
1656,15.58915559432933
1657,15.58915559432933
1658,15.58915559432933
1659,15.58915559432933
1660,15.58915559432933
1661,15.58915559432933
1662,15.58915559432933
1663,15.58915559432933
1664,15.58915559432933
1665,15.58915559432933
1666,15.58915559432933
1667,15.58915559432933
1668,15.58915559432933
1669,15.58915559432933
1670,15.58915559432933
1671,15.58915559432933
1672,15.58915559432933
1673,15.58915559432933
1674,15.58915559432933
1675,15.58915559432933
1676,15.58915559432933
1677,15.58915559432933
1678,15.58915559432933
1679,15.58915559432933
1680,15.58915559432933
1681,15.58915559432933
1682,15.58915559432933
1683,15.58915559432933
1684,15.58915559432933
1685,15.58915559432933
1686,15.58915559432933
1687,15.58915559432933
1688,15.58915559432933
1689,15.58915559432933
1690,15.58915559432933
1691,15.58915559432933
1692,15.58915559432933
1693,15.58915559432933
1694,15.58915559432933
1695,15.58915559432933
1696,15.58915559432933
1697,15.58915559432933
1698,15.58915559432933
1699,15.58915559432933
1700,15.58915559432933
1701,15.58915559432933
1702,15.58915559432933
1703,15.58915559432933
1704,15.58915559432933
1705,15.58915559432933
1706,15.58915559432933
1707,15.58915559432933
1708,15.58915559432933
1709,15.58915559432933
1710,15.58915559432933
1711,15.58915559432933
1712,15.58915559432933
1713,15.58915559432933
1714,15.58915559432933
1715,15.58915559432933
1716,15.58915559432933
1717,15.58915559432933
1718,15.58915559432933
1719,15.58915559432933
1720,15.58915559432933
1721,15.58915559432933
1722,15.58915559432933
1723,15.58915559432933
1724,15.58915559432933
1725,15.58915559432933
1726,15.58915559432933
1727,15.58915559432933
1728,15.58915559432933
1729,15.58915559432933
1730,15.58915559432933
1731,15.58915559432933
1732,15.58915559432933
1733,15.58915559432933
1734,15.58915559432933
1735,15.58915559432933
1736,15.58915559432933
1737,15.58915559432933
1738,15.58915559432933
1739,15.58915559432933
1740,15.58915559432933
1741,15.58915559432933
1742,15.58915559432933
1743,15.58915559432933
1744,15.58915559432933
1745,15.58915559432933
1746,15.58915559432933
1747,15.58915559432933
1748,15.58915559432933
1749,15.58915559432933
1750,15.58915559432933
1751,15.58915559432933
1752,15.58915559432933
1753,15.58915559432933
1754,15.58915559432933
1755,15.58915559432933
1756,15.58915559432933
1757,15.58915559432933
1758,15.58915559432933
1759,15.58915559432933
1760,15.58915559432933
1761,15.58915559432933
1762,15.58915559432933
1763,15.58915559432933
1764,15.58915559432933
1765,15.58915559432933
1766,15.58915559432933
1767,15.58915559432933
1768,15.58915559432933
1769,15.58915559432933
1770,15.58915559432933
1771,15.58915559432933
1772,15.58915559432933
1773,15.58915559432933
1774,15.58915559432933
1775,15.58915559432933
1776,15.58915559432933
1777,15.58915559432933
1778,15.58915559432933
1779,15.58915559432933
1780,15.58915559432933
1781,15.58915559432933
1782,15.58915559432933
1783,15.58915559432933
1784,15.58915559432933
1785,15.58915559432933
1786,15.58915559432933
1787,15.58915559432933
1788,15.58915559432933
1789,15.58915559432933
1790,15.58915559432933
1791,15.58915559432933
1792,15.58915559432933
1793,15.58915559432933
1794,15.58915559432933
1795,15.58915559432933
1796,15.58915559432933
1797,15.58915559432933
1798,15.58915559432933
1799,15.58915559432933
1800,15.58915559432933
1801,15.58915559432933
1802,15.58915559432933
1803,15.58915559432933
1804,15.58915559432933
1805,15.58915559432933
1806,15.58915559432933
1807,15.58915559432933
1808,15.58915559432933
1809,15.58915559432933
1810,15.58915559432933
1811,15.58915559432933
1812,15.58915559432933
1813,15.58915559432933
1814,15.58915559432933
1815,15.58915559432933
1816,15.58915559432933
1817,15.58915559432933
1818,15.58915559432933
1819,15.58915559432933
1820,15.58915559432933
1821,15.58915559432933
1822,15.58915559432933
1823,15.58915559432933
1824,15.58915559432933
1825,15.58915559432933
1826,15.58915559432933
1827,15.58915559432933
1828,15.58915559432933
1829,15.58915559432933
1830,15.58915559432933
1831,15.58915559432933
1832,15.58915559432933
1833,15.58915559432933
1834,15.58915559432933
1835,15.58915559432933
1836,15.58915559432933
1837,15.58915559432933
1838,15.58915559432933
1839,15.58915559432933
1840,15.58915559432933
1841,15.58915559432933
1842,15.58915559432933
1843,15.58915559432933
1844,15.58915559432933
1845,15.58915559432933
1846,15.58915559432933
1847,15.58915559432933
1848,15.58915559432933
1849,15.58915559432933
1850,15.58915559432933
1851,15.58915559432933
1852,15.58915559432933
1853,15.58915559432933
1854,15.58915559432933
1855,15.58915559432933
1856,15.58915559432933
1857,15.58915559432933
1858,15.58915559432933
1859,15.58915559432933
1860,15.58915559432933
1861,15.58915559432933
1862,15.58915559432933
1863,15.58915559432933
1864,15.58915559432933
1865,15.58915559432933
1866,15.58915559432933
1867,15.58915559432933
1868,15.58915559432933
1869,15.58915559432933
1870,15.58915559432933
1871,15.58915559432933
1872,15.58915559432933
1873,15.58915559432933
1874,15.58915559432933
1875,15.58915559432933
1876,15.58915559432933
1877,15.58915559432933
1878,15.58915559432933
1879,15.58915559432933
1880,15.58915559432933
1881,15.58915559432933
1882,15.58915559432933
1883,15.58915559432933
1884,15.58915559432933
1885,15.58915559432933
1886,15.58915559432933
1887,15.58915559432933
1888,15.58915559432933
1889,15.58915559432933
1890,15.58915559432933
1891,15.58915559432933
1892,15.58915559432933
1893,15.58915559432933
1894,15.58915559432933
1895,15.58915559432933
1896,15.58915559432933
1897,15.58915559432933
1898,15.58915559432933
1899,15.58915559432933
1900,15.58915559432933
1901,15.58915559432933
1902,15.58915559432933
1903,15.58915559432933
1904,15.58915559432933
1905,15.58915559432933
1906,15.58915559432933
1907,15.58915559432933
1908,15.58915559432933
1909,15.58915559432933
1910,15.58915559432933
1911,15.58915559432933
1912,15.58915559432933
1913,15.58915559432933
1914,15.58915559432933
1915,15.58915559432933
1916,15.58915559432933
1917,15.58915559432933
1918,15.58915559432933
1919,15.58915559432933
1920,15.58915559432933
1921,15.58915559432933
1922,15.58915559432933
1923,15.58915559432933
1924,15.58915559432933
1925,15.58915559432933
1926,15.58915559432933
1927,15.58915559432933
1928,15.58915559432933
1929,15.58915559432933
1930,15.58915559432933
1931,15.58915559432933
1932,15.58915559432933
1933,15.58915559432933
1934,15.58915559432933
1935,15.58915559432933
1936,15.58915559432933
1937,15.58915559432933
1938,15.58915559432933
1939,15.58915559432933
1940,15.58915559432933
1941,15.58915559432933
1942,15.58915559432933
1943,15.58915559432933
1944,15.58915559432933
1945,15.58915559432933
1946,15.58915559432933
1947,15.58915559432933
1948,15.58915559432933
1949,15.58915559432933
1950,15.58915559432933
1951,15.58915559432933
1952,15.58915559432933
1953,15.58915559432933
1954,15.58915559432933
1955,15.58915559432933
1956,15.58915559432933
1957,15.58915559432933
1958,15.58915559432933
1959,15.58915559432933
1960,15.58915559432933
1961,15.58915559432933
1962,15.58915559432933
1963,15.58915559432933
1964,15.58915559432933
1965,15.58915559432933
1966,15.58915559432933
1967,15.58915559432933
1968,15.58915559432933
1969,15.58915559432933
1970,15.58915559432933
1971,15.58915559432933
1972,15.58915559432933
1973,15.58915559432933
1974,15.58915559432933
1975,15.58915559432933
1976,15.58915559432933
1977,15.58915559432933
1978,15.58915559432933
1979,15.58915559432933
1980,15.58915559432933
1981,15.58915559432933
1982,15.58915559432933
1983,15.58915559432933
1984,15.58915559432933
1985,15.58915559432933
1986,15.58915559432933
1987,15.58915559432933
1988,15.58915559432933
1989,15.58915559432933
1990,15.58915559432933
1991,15.58915559432933
1992,15.58915559432933
1993,15.58915559432933
1994,15.58915559432933
1995,15.58915559432933
1996,15.58915559432933
1997,15.58915559432933
1998,15.58915559432933
1999,15.58915559432933
2000,15.58915559432933
2001,15.58915559432933
2002,15.58915559432933
2003,15.58915559432933
2004,15.58915559432933
2005,15.58915559432933
2006,15.58915559432933
2007,15.58915559432933
2008,15.58915559432933
2009,15.58915559432933
2010,15.58915559432933
2011,15.58915559432933
2012,15.58915559432933
2013,15.58915559432933
2014,15.58915559432933
2015,15.58915559432933
2016,15.58915559432933
2017,15.58915559432933
2018,15.58915559432933
2019,15.58915559432933
2020,15.58915559432933
2021,15.58915559432933
2022,15.58915559432933
2023,15.58915559432933
2024,15.58915559432933
2025,15.58915559432933
2026,15.58915559432933
2027,15.58915559432933
2028,15.58915559432933
2029,15.58915559432933
2030,15.58915559432933
2031,15.58915559432933
2032,15.58915559432933
2033,15.58915559432933
2034,15.58915559432933
2035,15.58915559432933
2036,15.58915559432933
2037,15.58915559432933
2038,15.58915559432933
2039,15.58915559432933
2040,15.58915559432933
2041,15.58915559432933
2042,15.58915559432933
2043,15.58915559432933
2044,15.58915559432933
2045,15.58915559432933
2046,15.58915559432933
2047,15.58915559432933
2048,15.58915559432933
2049,15.58915559432933
2050,15.58915559432933
2051,15.58915559432933
2052,15.58915559432933
2053,15.58915559432933
2054,15.58915559432933
2055,15.58915559432933
2056,15.58915559432933
2057,15.58915559432933
2058,15.58915559432933
2059,15.58915559432933
2060,15.58915559432933
2061,15.58915559432933
2062,15.58915559432933
2063,15.58915559432933
2064,15.58915559432933
2065,15.58915559432933
2066,15.58915559432933
2067,15.58915559432933
2068,15.58915559432933
2069,15.58915559432933
2070,15.58915559432933
2071,15.58915559432933
2072,15.58915559432933
2073,15.58915559432933
2074,15.58915559432933
2075,15.58915559432933
2076,15.58915559432933
2077,15.58915559432933
2078,15.58915559432933
2079,15.58915559432933
2080,15.58915559432933
2081,15.58915559432933
2082,15.58915559432933
2083,15.58915559432933
2084,15.58915559432933
2085,15.58915559432933
2086,15.58915559432933
2087,15.58915559432933
2088,15.58915559432933
2089,15.58915559432933
2090,15.58915559432933
2091,15.58915559432933
2092,15.58915559432933
2093,15.58915559432933
2094,15.58915559432933
2095,15.58915559432933
2096,15.58915559432933
2097,15.58915559432933
2098,15.58915559432933
2099,15.58915559432933
2100,15.58915559432933
2101,15.58915559432933
2102,15.58915559432933
2103,15.58915559432933
2104,15.58915559432933
2105,15.58915559432933
2106,15.58915559432933
2107,15.58915559432933
2108,15.58915559432933
2109,15.58915559432933
2110,15.58915559432933
2111,15.58915559432933
2112,15.58915559432933
2113,15.58915559432933
2114,15.58915559432933
2115,15.58915559432933
2116,15.58915559432933
2117,15.58915559432933
2118,15.58915559432933
2119,15.58915559432933
2120,15.58915559432933
2121,15.58915559432933
2122,15.58915559432933
2123,15.58915559432933
2124,15.58915559432933
2125,15.58915559432933
2126,15.58915559432933
2127,15.58915559432933
2128,15.58915559432933
2129,15.58915559432933
2130,15.58915559432933
2131,15.58915559432933
2132,15.58915559432933
2133,15.58915559432933
2134,15.58915559432933
2135,15.58915559432933
2136,15.58915559432933
2137,15.58915559432933
2138,15.58915559432933
2139,15.58915559432933
2140,15.58915559432933
2141,15.58915559432933
2142,15.58915559432933
2143,15.58915559432933
2144,15.58915559432933
2145,15.58915559432933
2146,15.58915559432933
2147,15.58915559432933
2148,15.58915559432933
2149,15.58915559432933
2150,15.58915559432933
2151,15.58915559432933
2152,15.58915559432933
2153,15.58915559432933
2154,15.58915559432933
2155,15.58915559432933
2156,15.58915559432933
2157,15.58915559432933
2158,15.58915559432933
2159,15.58915559432933
2160,15.58915559432933
2161,15.58915559432933
2162,15.58915559432933
2163,15.58915559432933
2164,15.58915559432933
2165,15.58915559432933
2166,15.58915559432933
2167,15.58915559432933
2168,15.58915559432933
2169,15.58915559432933
2170,15.58915559432933
2171,15.58915559432933
2172,15.58915559432933
2173,15.58915559432933
2174,15.58915559432933
2175,15.58915559432933
2176,15.58915559432933
2177,15.58915559432933
2178,15.58915559432933
2179,15.58915559432933
2180,15.58915559432933
2181,15.58915559432933
2182,15.58915559432933
2183,15.58915559432933
2184,15.58915559432933
2185,15.58915559432933
2186,15.58915559432933
2187,15.58915559432933
2188,15.58915559432933
2189,15.58915559432933
2190,15.58915559432933
2191,15.58915559432933
2192,15.58915559432933
2193,15.58915559432933
2194,15.58915559432933
2195,15.58915559432933
2196,15.58915559432933
2197,15.58915559432933
2198,15.58915559432933
2199,15.58915559432933
2200,15.58915559432933
2201,15.58915559432933
2202,15.58915559432933
2203,15.58915559432933
2204,15.58915559432933
2205,15.58915559432933
2206,15.58915559432933
2207,15.58915559432933
2208,15.58915559432933
2209,15.58915559432933
2210,15.58915559432933
2211,15.58915559432933
2212,15.58915559432933
2213,15.58915559432933
2214,15.58915559432933
2215,15.58915559432933
2216,15.58915559432933
2217,15.58915559432933
2218,15.58915559432933
2219,15.58915559432933
2220,15.58915559432933
2221,15.58915559432933
2222,15.58915559432933
2223,15.58915559432933
2224,15.58915559432933
2225,15.58915559432933
2226,15.58915559432933
2227,15.58915559432933
2228,15.58915559432933
2229,15.58915559432933
2230,15.58915559432933
2231,15.58915559432933
2232,15.58915559432933
2233,15.58915559432933
2234,15.58915559432933
2235,15.58915559432933
2236,15.58915559432933
2237,15.58915559432933
2238,15.58915559432933
2239,15.58915559432933
2240,15.58915559432933
2241,15.58915559432933
2242,15.58915559432933
2243,15.58915559432933
2244,15.58915559432933
2245,15.58915559432933
2246,15.58915559432933
2247,15.58915559432933
2248,15.58915559432933
2249,15.58915559432933
2250,15.58915559432933
2251,15.58915559432933
2252,15.58915559432933
2253,15.58915559432933
2254,15.58915559432933
2255,15.58915559432933
2256,15.58915559432933
2257,15.58915559432933
2258,15.58915559432933
2259,15.58915559432933
2260,15.58915559432933
2261,15.58915559432933
2262,15.58915559432933
2263,15.58915559432933
2264,15.58915559432933
2265,15.58915559432933
2266,15.58915559432933
2267,15.58915559432933
2268,15.58915559432933
2269,15.58915559432933
2270,15.58915559432933
2271,15.58915559432933
2272,15.58915559432933
2273,15.58915559432933
2274,15.58915559432933
2275,15.58915559432933
2276,15.58915559432933
2277,15.58915559432933
2278,15.58915559432933
2279,15.58915559432933
2280,15.58915559432933
2281,15.58915559432933
2282,15.58915559432933
2283,15.58915559432933
2284,15.58915559432933
2285,15.58915559432933
2286,15.58915559432933
2287,15.58915559432933
2288,15.58915559432933
2289,15.58915559432933
2290,15.58915559432933
2291,15.58915559432933
2292,15.58915559432933
2293,15.58915559432933
2294,15.58915559432933
2295,15.58915559432933
2296,15.58915559432933
2297,15.58915559432933
2298,15.58915559432933
2299,15.58915559432933
2300,15.58915559432933
2301,15.58915559432933
2302,15.58915559432933
2303,15.58915559432933
2304,15.58915559432933
2305,15.58915559432933
2306,15.58915559432933
2307,15.58915559432933
2308,15.58915559432933
2309,15.58915559432933
2310,15.58915559432933
2311,15.58915559432933
2312,15.58915559432933
2313,15.58915559432933
2314,15.58915559432933
2315,15.58915559432933
2316,15.58915559432933
2317,15.58915559432933
2318,15.58915559432933
2319,15.58915559432933
2320,15.58915559432933
2321,15.58915559432933
2322,15.58915559432933
2323,15.58915559432933
2324,15.58915559432933
2325,15.58915559432933
2326,15.58915559432933
2327,15.58915559432933
2328,15.58915559432933
2329,15.58915559432933
2330,15.58915559432933
2331,15.58915559432933
2332,15.58915559432933
2333,15.58915559432933
2334,15.58915559432933
2335,15.58915559432933
2336,15.58915559432933
2337,15.58915559432933
2338,15.58915559432933
2339,15.58915559432933
2340,15.58915559432933
2341,15.58915559432933
2342,15.58915559432933
2343,15.58915559432933
2344,15.58915559432933
2345,15.58915559432933
2346,15.58915559432933
2347,15.58915559432933
2348,15.58915559432933
2349,15.58915559432933
2350,15.58915559432933
2351,15.58915559432933
2352,15.58915559432933
2353,15.58915559432933
2354,15.58915559432933
2355,15.58915559432933
2356,15.58915559432933
2357,15.58915559432933
2358,15.58915559432933
2359,15.58915559432933
2360,15.58915559432933
2361,15.58915559432933
2362,15.58915559432933
2363,15.58915559432933
2364,15.58915559432933
2365,15.58915559432933
2366,15.58915559432933
2367,15.58915559432933
2368,15.58915559432933
2369,15.58915559432933
2370,15.58915559432933
2371,15.58915559432933
2372,15.58915559432933
2373,15.58915559432933
2374,15.58915559432933
2375,15.58915559432933
2376,15.58915559432933
2377,15.58915559432933
2378,15.58915559432933
2379,15.58915559432933
2380,15.58915559432933
2381,15.58915559432933
2382,15.58915559432933
2383,15.58915559432933
2384,15.58915559432933
2385,15.58915559432933
2386,15.58915559432933
2387,15.58915559432933
2388,15.58915559432933
2389,15.58915559432933
2390,15.58915559432933
2391,15.58915559432933
2392,15.58915559432933
2393,15.58915559432933
2394,15.58915559432933
2395,15.58915559432933
2396,15.58915559432933
2397,15.58915559432933
2398,15.58915559432933
2399,15.58915559432933
2400,15.58915559432933
2401,15.58915559432933
2402,15.58915559432933
2403,15.58915559432933
2404,15.58915559432933
2405,15.58915559432933
2406,15.58915559432933
2407,15.58915559432933
2408,15.58915559432933
2409,15.58915559432933
2410,15.58915559432933
2411,15.58915559432933
2412,15.58915559432933
2413,15.58915559432933
2414,15.58915559432933
2415,15.58915559432933
2416,15.58915559432933
2417,15.58915559432933
2418,15.58915559432933
2419,15.58915559432933
2420,15.58915559432933
2421,15.58915559432933
2422,15.58915559432933
2423,15.58915559432933
2424,15.58915559432933
2425,15.58915559432933
2426,15.58915559432933
2427,15.58915559432933
2428,15.58915559432933
2429,15.58915559432933
2430,15.58915559432933
2431,15.58915559432933
2432,15.58915559432933
2433,15.58915559432933
2434,15.58915559432933
2435,15.58915559432933
2436,15.58915559432933
2437,15.58915559432933
2438,15.58915559432933
2439,15.58915559432933
2440,15.58915559432933
2441,15.58915559432933
2442,15.58915559432933
2443,15.58915559432933
2444,15.58915559432933
2445,15.58915559432933
2446,15.58915559432933
2447,15.58915559432933
2448,15.58915559432933
2449,15.58915559432933
2450,15.58915559432933
2451,15.58915559432933
2452,15.58915559432933
2453,15.58915559432933
2454,15.58915559432933
2455,15.58915559432933
2456,15.58915559432933
2457,15.58915559432933
2458,15.58915559432933
2459,15.58915559432933
2460,15.58915559432933
2461,15.58915559432933
2462,15.58915559432933
2463,15.58915559432933
2464,15.58915559432933
2465,15.58915559432933
2466,15.58915559432933
2467,15.58915559432933
2468,15.58915559432933
2469,15.58915559432933
2470,15.58915559432933
2471,15.58915559432933
2472,15.58915559432933
2473,15.58915559432933
2474,15.58915559432933
2475,15.58915559432933
2476,15.58915559432933
2477,15.58915559432933
2478,15.58915559432933
2479,15.58915559432933
2480,15.58915559432933
2481,15.58915559432933
2482,15.58915559432933
2483,15.58915559432933
2484,15.58915559432933
2485,15.58915559432933
2486,15.58915559432933
2487,15.58915559432933
2488,15.58915559432933
2489,15.58915559432933
2490,15.58915559432933
2491,15.58915559432933
2492,15.58915559432933
2493,15.58915559432933
2494,15.58915559432933
2495,15.58915559432933
2496,15.58915559432933
2497,15.58915559432933
2498,15.58915559432933
2499,15.58915559432933
2500,15.58915559432933
2501,15.58915559432933
2502,15.58915559432933
2503,15.58915559432933
2504,15.58915559432933
2505,15.58915559432933
2506,15.58915559432933
2507,15.58915559432933
2508,15.58915559432933
2509,15.58915559432933
2510,15.58915559432933
2511,15.58915559432933
2512,15.58915559432933
2513,15.58915559432933
2514,15.58915559432933
2515,15.58915559432933
2516,15.58915559432933
2517,15.58915559432933
2518,15.58915559432933
2519,15.58915559432933
2520,15.58915559432933
2521,15.58915559432933
2522,15.58915559432933
2523,15.58915559432933
2524,15.58915559432933
2525,15.58915559432933
2526,15.58915559432933
2527,15.58915559432933
2528,15.58915559432933
2529,15.58915559432933
2530,15.58915559432933
2531,15.58915559432933
2532,15.58915559432933
2533,15.58915559432933
2534,15.58915559432933
2535,15.58915559432933
2536,15.58915559432933
2537,15.58915559432933
2538,15.58915559432933
2539,15.58915559432933
2540,15.58915559432933
2541,15.58915559432933
2542,15.58915559432933
2543,15.58915559432933
2544,15.58915559432933
2545,15.58915559432933
2546,15.58915559432933
2547,15.58915559432933
2548,15.58915559432933
2549,15.58915559432933
2550,15.58915559432933
2551,15.58915559432933
2552,15.58915559432933
2553,15.58915559432933
2554,15.58915559432933
2555,15.58915559432933
2556,15.58915559432933
2557,15.58915559432933
2558,15.58915559432933
2559,15.58915559432933
2560,15.58915559432933
2561,15.58915559432933
2562,15.58915559432933
2563,15.58915559432933
2564,15.58915559432933
2565,15.58915559432933
2566,15.58915559432933
2567,15.58915559432933
2568,15.58915559432933
2569,15.58915559432933
2570,15.58915559432933
2571,15.58915559432933
2572,15.58915559432933
2573,15.58915559432933
2574,15.58915559432933
2575,15.58915559432933
2576,15.58915559432933
2577,15.58915559432933
2578,15.58915559432933
2579,15.58915559432933
2580,15.58915559432933
2581,15.58915559432933
2582,15.58915559432933
2583,15.58915559432933
2584,15.58915559432933
2585,15.58915559432933
2586,15.58915559432933
2587,15.58915559432933
2588,15.58915559432933
2589,15.58915559432933
2590,15.58915559432933
2591,15.58915559432933
2592,15.58915559432933
2593,15.58915559432933
2594,15.58915559432933
2595,15.58915559432933
2596,15.58915559432933
2597,15.58915559432933
2598,15.58915559432933
2599,15.58915559432933
2600,15.58915559432933
2601,15.58915559432933
2602,15.58915559432933
2603,15.58915559432933
2604,15.58915559432933
2605,15.58915559432933
2606,15.58915559432933
2607,15.58915559432933
2608,15.58915559432933
2609,15.58915559432933
2610,15.58915559432933
2611,15.58915559432933
2612,15.58915559432933
2613,15.58915559432933
2614,15.58915559432933
2615,15.58915559432933
2616,15.58915559432933
2617,15.58915559432933
2618,15.58915559432933
2619,15.58915559432933
2620,15.58915559432933
2621,15.58915559432933
2622,15.58915559432933
2623,15.58915559432933
2624,15.58915559432933
2625,15.58915559432933
2626,15.58915559432933
2627,15.58915559432933
2628,15.58915559432933
2629,15.58915559432933
2630,15.58915559432933
2631,15.58915559432933
2632,15.58915559432933
2633,15.58915559432933
2634,15.58915559432933
2635,15.58915559432933
2636,15.58915559432933
2637,15.58915559432933
2638,15.58915559432933
2639,15.58915559432933
2640,15.58915559432933
2641,15.58915559432933
2642,15.58915559432933
2643,15.58915559432933
2644,15.58915559432933
2645,15.58915559432933
2646,15.58915559432933
2647,15.58915559432933
2648,15.58915559432933
2649,15.58915559432933
2650,15.58915559432933
2651,15.58915559432933
2652,15.58915559432933
2653,15.58915559432933
2654,15.58915559432933
2655,15.58915559432933
2656,15.58915559432933
2657,15.58915559432933
2658,15.58915559432933
2659,15.58915559432933
2660,15.58915559432933
2661,15.58915559432933
2662,15.58915559432933
2663,15.58915559432933
2664,15.58915559432933
2665,15.58915559432933
2666,15.58915559432933
2667,15.58915559432933
2668,15.58915559432933
2669,15.58915559432933
2670,15.58915559432933
2671,15.58915559432933
2672,15.58915559432933
2673,15.58915559432933
2674,15.58915559432933
2675,15.58915559432933
2676,15.58915559432933
2677,15.58915559432933
2678,15.58915559432933
2679,15.58915559432933
2680,15.58915559432933
2681,15.58915559432933
2682,15.58915559432933
2683,15.58915559432933
2684,15.58915559432933
2685,15.58915559432933
2686,15.58915559432933
2687,15.58915559432933
2688,15.58915559432933
2689,15.58915559432933
2690,15.58915559432933
2691,15.58915559432933
2692,15.58915559432933
2693,15.58915559432933
2694,15.58915559432933
2695,15.58915559432933
2696,15.58915559432933
2697,15.58915559432933
2698,15.58915559432933
2699,15.58915559432933
2700,15.58915559432933
2701,15.58915559432933
2702,15.58915559432933
2703,15.58915559432933
2704,15.58915559432933
2705,15.58915559432933
2706,15.58915559432933
2707,15.58915559432933
2708,15.58915559432933
2709,15.58915559432933
2710,15.58915559432933
2711,15.58915559432933
2712,15.58915559432933
2713,15.58915559432933
2714,15.58915559432933
2715,15.58915559432933
2716,15.58915559432933
2717,15.58915559432933
2718,15.58915559432933
2719,15.58915559432933
2720,15.58915559432933
2721,15.58915559432933
2722,15.58915559432933
2723,15.58915559432933
2724,15.58915559432933
2725,15.58915559432933
2726,15.58915559432933
2727,15.58915559432933
2728,15.58915559432933
2729,15.58915559432933
2730,15.58915559432933
2731,15.58915559432933
2732,15.58915559432933
2733,15.58915559432933
2734,15.58915559432933
2735,15.58915559432933
2736,15.58915559432933
2737,15.58915559432933
2738,15.58915559432933
2739,15.58915559432933
2740,15.58915559432933
2741,15.58915559432933
2742,15.58915559432933
2743,15.58915559432933
2744,15.58915559432933
2745,15.58915559432933
2746,15.58915559432933
2747,15.58915559432933
2748,15.58915559432933
2749,15.58915559432933
2750,15.58915559432933
2751,15.58915559432933
2752,15.58915559432933
2753,15.58915559432933
2754,15.58915559432933
2755,15.58915559432933
2756,15.58915559432933
2757,15.58915559432933
2758,15.58915559432933
2759,15.58915559432933
2760,15.58915559432933
2761,15.58915559432933
2762,15.58915559432933
2763,15.58915559432933
2764,15.58915559432933
2765,15.58915559432933
2766,15.58915559432933
2767,15.58915559432933
2768,15.58915559432933
2769,15.58915559432933
2770,15.58915559432933
2771,15.58915559432933
2772,15.58915559432933
2773,15.58915559432933
2774,15.58915559432933
2775,15.58915559432933
2776,15.58915559432933
2777,15.58915559432933
2778,15.58915559432933
2779,15.58915559432933
2780,15.58915559432933
2781,15.58915559432933
2782,15.58915559432933
2783,15.58915559432933
2784,15.58915559432933
2785,15.58915559432933
2786,15.58915559432933
2787,15.58915559432933
2788,15.58915559432933
2789,15.58915559432933
2790,15.58915559432933
2791,15.58915559432933
2792,15.58915559432933
2793,15.58915559432933
2794,15.58915559432933
2795,15.58915559432933
2796,15.58915559432933
2797,15.58915559432933
2798,15.58915559432933
2799,15.58915559432933
2800,15.58915559432933
2801,15.58915559432933
2802,15.58915559432933
2803,15.58915559432933
2804,15.58915559432933
2805,15.58915559432933
2806,15.58915559432933
2807,15.58915559432933
2808,15.58915559432933
2809,15.58915559432933
2810,15.58915559432933
2811,15.58915559432933
2812,15.58915559432933
2813,15.58915559432933
2814,15.58915559432933
2815,15.58915559432933
2816,15.58915559432933
2817,15.58915559432933
2818,15.58915559432933
2819,15.58915559432933
2820,15.58915559432933
2821,15.58915559432933
2822,15.58915559432933
2823,15.58915559432933
2824,15.58915559432933
2825,15.58915559432933
2826,15.58915559432933
2827,15.58915559432933
2828,15.58915559432933
2829,15.58915559432933
2830,15.58915559432933
2831,15.58915559432933
2832,15.58915559432933
2833,15.58915559432933
2834,15.58915559432933
2835,15.58915559432933
2836,15.58915559432933
2837,15.58915559432933
2838,15.58915559432933
2839,15.58915559432933
2840,15.58915559432933
2841,15.58915559432933
2842,15.58915559432933
2843,15.58915559432933
2844,15.58915559432933
2845,15.58915559432933
2846,15.58915559432933
2847,15.58915559432933
2848,15.58915559432933
2849,15.58915559432933
2850,15.58915559432933
2851,15.58915559432933
2852,15.58915559432933
2853,15.58915559432933
2854,15.58915559432933
2855,15.58915559432933
2856,15.58915559432933
2857,15.58915559432933
2858,15.58915559432933
2859,15.58915559432933
2860,15.58915559432933
2861,15.58915559432933
2862,15.58915559432933
2863,15.58915559432933
2864,15.58915559432933
2865,15.58915559432933
2866,15.58915559432933
2867,15.58915559432933
2868,15.58915559432933
2869,15.58915559432933
2870,15.58915559432933
2871,15.58915559432933
2872,15.58915559432933
2873,15.58915559432933
2874,15.58915559432933
2875,15.58915559432933
2876,15.58915559432933
2877,15.58915559432933
2878,15.58915559432933
2879,15.58915559432933
2880,15.58915559432933
2881,15.58915559432933
2882,15.58915559432933
2883,15.58915559432933
2884,15.58915559432933
2885,15.58915559432933
2886,15.58915559432933
2887,15.58915559432933
2888,15.58915559432933
2889,15.58915559432933
2890,15.58915559432933
2891,15.58915559432933
2892,15.58915559432933
2893,15.58915559432933
2894,15.58915559432933
2895,15.58915559432933
2896,15.58915559432933
2897,15.58915559432933
2898,15.58915559432933
2899,15.58915559432933
2900,15.58915559432933
2901,15.58915559432933
2902,15.58915559432933
2903,15.58915559432933
2904,15.58915559432933
2905,15.58915559432933
2906,15.58915559432933
2907,15.58915559432933
2908,15.58915559432933
2909,15.58915559432933
2910,15.58915559432933
2911,15.58915559432933
2912,15.58915559432933
2913,15.58915559432933
2914,15.58915559432933
2915,15.58915559432933
2916,15.58915559432933
2917,15.58915559432933
2918,15.58915559432933
2919,15.58915559432933
2920,15.58915559432933
2921,15.58915559432933
2922,15.58915559432933
2923,15.58915559432933
2924,15.58915559432933
2925,15.58915559432933
2926,15.58915559432933
2927,15.58915559432933
2928,15.58915559432933
2929,15.58915559432933
2930,15.58915559432933
2931,15.58915559432933
2932,15.58915559432933
2933,15.58915559432933
2934,15.58915559432933
2935,15.58915559432933
2936,15.58915559432933
2937,15.58915559432933
2938,15.58915559432933
2939,15.58915559432933
2940,15.58915559432933
2941,15.58915559432933
2942,15.58915559432933
2943,15.58915559432933
2944,15.58915559432933
2945,15.58915559432933
2946,15.58915559432933
2947,15.58915559432933
2948,15.58915559432933
2949,15.58915559432933
2950,15.58915559432933
2951,15.58915559432933
2952,15.58915559432933
2953,15.58915559432933
2954,15.58915559432933
2955,15.58915559432933
2956,15.58915559432933
2957,15.58915559432933
2958,15.58915559432933
2959,15.58915559432933
2960,15.58915559432933
2961,15.58915559432933
2962,15.58915559432933
2963,15.58915559432933
2964,15.58915559432933
2965,15.58915559432933
2966,15.58915559432933
2967,15.58915559432933
2968,15.58915559432933
2969,15.58915559432933
2970,15.58915559432933
2971,15.58915559432933
2972,15.58915559432933
2973,15.58915559432933
2974,15.58915559432933
2975,15.58915559432933
2976,15.58915559432933
2977,15.58915559432933
2978,15.58915559432933
2979,15.58915559432933
2980,15.58915559432933
2981,15.58915559432933
2982,15.58915559432933
2983,15.58915559432933
2984,15.58915559432933
2985,15.58915559432933
2986,15.58915559432933
2987,15.58915559432933
2988,15.58915559432933
2989,15.58915559432933
2990,15.58915559432933
2991,15.58915559432933
2992,15.58915559432933
2993,15.58915559432933
2994,15.58915559432933
2995,15.58915559432933
2996,15.58915559432933
2997,15.58915559432933
2998,15.58915559432933
2999,15.58915559432933
3000,15.58915559432933
3001,15.58915559432933
3002,15.58915559432933
3003,15.58915559432933
3004,15.58915559432933
3005,15.58915559432933
3006,15.58915559432933
3007,15.58915559432933
3008,15.58915559432933
3009,15.58915559432933
3010,15.58915559432933
3011,15.58915559432933
3012,15.58915559432933
3013,15.58915559432933
3014,15.58915559432933
3015,15.58915559432933
3016,15.58915559432933
3017,15.58915559432933
3018,15.58915559432933
3019,15.58915559432933
3020,15.58915559432933
3021,15.58915559432933
3022,15.58915559432933
3023,15.58915559432933
3024,15.58915559432933
3025,15.58915559432933
3026,15.58915559432933
3027,15.58915559432933
3028,15.58915559432933
3029,15.58915559432933
3030,15.58915559432933
3031,15.58915559432933
3032,15.58915559432933
3033,15.58915559432933
3034,15.58915559432933
3035,15.58915559432933
3036,15.58915559432933
3037,15.58915559432933
3038,15.58915559432933
3039,15.58915559432933
3040,15.58915559432933
3041,15.58915559432933
3042,15.58915559432933
3043,15.58915559432933
3044,15.58915559432933
3045,15.58915559432933
3046,15.58915559432933
3047,15.58915559432933
3048,15.58915559432933
3049,15.58915559432933
3050,15.58915559432933
3051,15.58915559432933
3052,15.58915559432933
3053,15.58915559432933
3054,15.58915559432933
3055,15.58915559432933
3056,15.58915559432933
3057,15.58915559432933
3058,15.58915559432933
3059,15.58915559432933
3060,15.58915559432933
3061,15.58915559432933
3062,15.58915559432933
3063,15.58915559432933
3064,15.58915559432933
3065,15.58915559432933
3066,15.58915559432933
3067,15.58915559432933
3068,15.58915559432933
3069,15.58915559432933
3070,15.58915559432933
3071,15.58915559432933
3072,15.58915559432933
3073,15.58915559432933
3074,15.58915559432933
3075,15.58915559432933
3076,15.58915559432933
3077,15.58915559432933
3078,15.58915559432933
3079,15.58915559432933
3080,15.58915559432933
3081,15.58915559432933
3082,15.58915559432933
3083,15.58915559432933
3084,15.58915559432933
3085,15.58915559432933
3086,15.58915559432933
3087,15.58915559432933
3088,15.58915559432933
3089,15.58915559432933
3090,15.58915559432933
3091,15.58915559432933
3092,15.58915559432933
3093,15.58915559432933
3094,15.58915559432933
3095,15.58915559432933
3096,15.58915559432933
3097,15.58915559432933
3098,15.58915559432933
3099,15.58915559432933
3100,15.58915559432933
3101,15.58915559432933
3102,15.58915559432933
3103,15.58915559432933
3104,15.58915559432933
3105,15.58915559432933
3106,15.58915559432933
3107,15.58915559432933
3108,15.58915559432933
3109,15.58915559432933
3110,15.58915559432933
3111,15.58915559432933
3112,15.58915559432933
3113,15.58915559432933
3114,15.58915559432933
3115,15.58915559432933
3116,15.58915559432933
3117,15.58915559432933
3118,15.58915559432933
3119,15.58915559432933
3120,15.58915559432933
3121,15.58915559432933
3122,15.58915559432933
3123,15.58915559432933
3124,15.58915559432933
3125,15.58915559432933
3126,15.58915559432933
3127,15.58915559432933
3128,15.58915559432933
3129,15.58915559432933
3130,15.58915559432933
3131,15.58915559432933
3132,15.58915559432933
3133,15.58915559432933
3134,15.58915559432933
3135,15.58915559432933
3136,15.58915559432933
3137,15.58915559432933
3138,15.58915559432933
3139,15.58915559432933
3140,15.58915559432933
3141,15.58915559432933
3142,15.58915559432933
3143,15.58915559432933
3144,15.58915559432933
3145,15.58915559432933
3146,15.58915559432933
3147,15.58915559432933
3148,15.58915559432933
3149,15.58915559432933
3150,15.58915559432933
3151,15.58915559432933
3152,15.58915559432933
3153,15.58915559432933
3154,15.58915559432933
3155,15.58915559432933
3156,15.58915559432933
3157,15.58915559432933
3158,15.58915559432933
3159,15.58915559432933
3160,15.58915559432933
3161,15.58915559432933
3162,15.58915559432933
3163,15.58915559432933
3164,15.58915559432933
3165,15.58915559432933
3166,15.58915559432933
3167,15.58915559432933
3168,15.58915559432933
3169,15.58915559432933
3170,15.58915559432933
3171,15.58915559432933
3172,15.58915559432933
3173,15.58915559432933
3174,15.58915559432933
3175,15.58915559432933
3176,15.58915559432933
3177,15.58915559432933
3178,15.58915559432933
3179,15.58915559432933
3180,15.58915559432933
3181,15.58915559432933
3182,15.58915559432933
3183,15.58915559432933
3184,15.58915559432933
3185,15.58915559432933
3186,15.58915559432933
3187,15.58915559432933
3188,15.58915559432933
3189,15.58915559432933
3190,15.58915559432933
3191,15.58915559432933
3192,15.58915559432933
3193,15.58915559432933
3194,15.58915559432933
3195,15.58915559432933
3196,15.58915559432933
3197,15.58915559432933
3198,15.58915559432933
3199,15.58915559432933
3200,15.58915559432933
3201,15.58915559432933
3202,15.58915559432933
3203,15.58915559432933
3204,15.58915559432933
3205,15.58915559432933
3206,15.58915559432933
3207,15.58915559432933
3208,15.58915559432933
3209,15.58915559432933
3210,15.58915559432933
3211,15.58915559432933
3212,15.58915559432933
3213,15.58915559432933
3214,15.58915559432933
3215,15.58915559432933
3216,15.58915559432933
3217,15.58915559432933
3218,15.58915559432933
3219,15.58915559432933
3220,15.58915559432933
3221,15.58915559432933
3222,15.58915559432933
3223,15.58915559432933
3224,15.58915559432933
3225,15.58915559432933
3226,15.58915559432933
3227,15.58915559432933
3228,15.58915559432933
3229,15.58915559432933
3230,15.58915559432933
3231,15.58915559432933
3232,15.58915559432933
3233,15.58915559432933
3234,15.58915559432933
3235,15.58915559432933
3236,15.58915559432933
3237,15.58915559432933
3238,15.58915559432933
3239,15.58915559432933
3240,15.58915559432933
3241,15.58915559432933
3242,15.58915559432933
3243,15.58915559432933
3244,15.58915559432933
3245,15.58915559432933
3246,15.58915559432933
3247,15.58915559432933
3248,15.58915559432933
3249,15.58915559432933
3250,15.58915559432933
3251,15.58915559432933
3252,15.58915559432933
3253,15.58915559432933
3254,15.58915559432933
3255,15.58915559432933
3256,15.58915559432933
3257,15.58915559432933
3258,15.58915559432933
3259,15.58915559432933
3260,15.58915559432933
3261,15.58915559432933
3262,15.58915559432933
3263,15.58915559432933
3264,15.58915559432933
3265,15.58915559432933
3266,15.58915559432933
3267,15.58915559432933
3268,15.58915559432933
3269,15.58915559432933
3270,15.58915559432933
3271,15.58915559432933
3272,15.58915559432933
3273,15.58915559432933
3274,15.58915559432933
3275,15.58915559432933
3276,15.58915559432933
3277,15.58915559432933
3278,15.58915559432933
3279,15.58915559432933
3280,15.58915559432933
3281,15.58915559432933
3282,15.58915559432933
3283,15.58915559432933
3284,15.58915559432933
3285,15.58915559432933
3286,15.58915559432933
3287,15.58915559432933
3288,15.58915559432933
3289,15.58915559432933
3290,15.58915559432933
3291,15.58915559432933
3292,15.58915559432933
3293,15.58915559432933
3294,15.58915559432933
3295,15.58915559432933
3296,15.58915559432933
3297,15.58915559432933
3298,15.58915559432933
3299,15.58915559432933
3300,15.58915559432933
3301,15.58915559432933
3302,15.58915559432933
3303,15.58915559432933
3304,15.58915559432933
3305,15.58915559432933
3306,15.58915559432933
3307,15.58915559432933
3308,15.58915559432933
3309,15.58915559432933
3310,15.58915559432933
3311,15.58915559432933
3312,15.58915559432933
3313,15.58915559432933
3314,15.58915559432933
3315,15.58915559432933
3316,15.58915559432933
3317,15.58915559432933
3318,15.58915559432933
3319,15.58915559432933
3320,15.58915559432933
3321,15.58915559432933
3322,15.58915559432933
3323,15.58915559432933
3324,15.58915559432933
3325,15.58915559432933
3326,15.58915559432933
3327,15.58915559432933
3328,15.58915559432933
3329,15.58915559432933
3330,15.58915559432933
3331,15.58915559432933
3332,15.58915559432933
3333,15.58915559432933
3334,15.58915559432933
3335,15.58915559432933
3336,15.58915559432933
3337,15.58915559432933
3338,15.58915559432933
3339,15.58915559432933
3340,15.58915559432933
3341,15.58915559432933
3342,15.58915559432933
3343,15.58915559432933
3344,15.58915559432933
3345,15.58915559432933
3346,15.58915559432933
3347,15.58915559432933
3348,15.58915559432933
3349,15.58915559432933
3350,15.58915559432933
3351,15.58915559432933
3352,15.58915559432933
3353,15.58915559432933
3354,15.58915559432933
3355,15.58915559432933
3356,15.58915559432933
3357,15.58915559432933
3358,15.58915559432933
3359,15.58915559432933
3360,15.58915559432933
3361,15.58915559432933
3362,15.58915559432933
3363,15.58915559432933
3364,15.58915559432933
3365,15.58915559432933
3366,15.58915559432933
3367,15.58915559432933
3368,15.58915559432933
3369,15.58915559432933
3370,15.58915559432933
3371,15.58915559432933
3372,15.58915559432933
3373,15.58915559432933
3374,15.58915559432933
3375,15.58915559432933
3376,15.58915559432933
3377,15.58915559432933
3378,15.58915559432933
3379,15.58915559432933
3380,15.58915559432933
3381,15.58915559432933
3382,15.58915559432933
3383,15.58915559432933
3384,15.58915559432933
3385,15.58915559432933
3386,15.58915559432933
3387,15.58915559432933
3388,15.58915559432933
3389,15.58915559432933
3390,15.58915559432933
3391,15.58915559432933
3392,15.58915559432933
3393,15.58915559432933
3394,15.58915559432933
3395,15.58915559432933
3396,15.58915559432933
3397,15.58915559432933
3398,15.58915559432933
3399,15.58915559432933
3400,15.58915559432933
3401,15.58915559432933
3402,15.58915559432933
3403,15.58915559432933
3404,15.58915559432933
3405,15.58915559432933
3406,15.58915559432933
3407,15.58915559432933
3408,15.58915559432933
3409,15.58915559432933
3410,15.58915559432933
3411,15.58915559432933
3412,15.58915559432933
3413,15.58915559432933
3414,15.58915559432933
3415,15.58915559432933
3416,15.58915559432933
3417,15.58915559432933
3418,15.58915559432933
3419,15.58915559432933
3420,15.58915559432933
3421,15.58915559432933
3422,15.58915559432933
3423,15.58915559432933
3424,15.58915559432933
3425,15.58915559432933
3426,15.58915559432933
3427,15.58915559432933
3428,15.58915559432933
3429,15.58915559432933
3430,15.58915559432933
3431,15.58915559432933
3432,15.58915559432933
3433,15.58915559432933
3434,15.58915559432933
3435,15.58915559432933
3436,15.58915559432933
3437,15.58915559432933
3438,15.58915559432933
3439,15.58915559432933
3440,15.58915559432933
3441,15.58915559432933
3442,15.58915559432933
3443,15.58915559432933
3444,15.58915559432933
3445,15.58915559432933
3446,15.58915559432933
3447,15.58915559432933
3448,15.58915559432933
3449,15.58915559432933
3450,15.58915559432933
3451,15.58915559432933
3452,15.58915559432933
3453,15.58915559432933
3454,15.58915559432933
3455,15.58915559432933
3456,15.58915559432933
3457,15.58915559432933
3458,15.58915559432933
3459,15.58915559432933
3460,15.58915559432933
3461,15.58915559432933
3462,15.58915559432933
3463,15.58915559432933
3464,15.58915559432933
3465,15.58915559432933
3466,15.58915559432933
3467,15.58915559432933
3468,15.58915559432933
3469,15.58915559432933
3470,15.58915559432933
3471,15.58915559432933
3472,15.58915559432933
3473,15.58915559432933
3474,15.58915559432933
3475,15.58915559432933
3476,15.58915559432933
3477,15.58915559432933
3478,15.58915559432933
3479,15.58915559432933
3480,15.58915559432933
3481,15.58915559432933
3482,15.58915559432933
3483,15.58915559432933
3484,15.58915559432933
3485,15.58915559432933
3486,15.58915559432933
3487,15.58915559432933
3488,15.58915559432933
3489,15.58915559432933
3490,15.58915559432933
3491,15.58915559432933
3492,15.58915559432933
3493,15.58915559432933
3494,15.58915559432933
3495,15.58915559432933
3496,15.58915559432933
3497,15.58915559432933
3498,15.58915559432933
3499,15.58915559432933
3500,15.58915559432933
3501,15.58915559432933
3502,15.58915559432933
3503,15.58915559432933
3504,15.58915559432933
3505,15.58915559432933
3506,15.58915559432933
3507,15.58915559432933
3508,15.58915559432933
3509,15.58915559432933
3510,15.58915559432933
3511,15.58915559432933
3512,15.58915559432933
3513,15.58915559432933
3514,15.58915559432933
3515,15.58915559432933
3516,15.58915559432933
3517,15.58915559432933
3518,15.58915559432933
3519,15.58915559432933
3520,15.58915559432933
3521,15.58915559432933
3522,15.58915559432933
3523,15.58915559432933
3524,15.58915559432933
3525,15.58915559432933
3526,15.58915559432933
3527,15.58915559432933
3528,15.58915559432933
3529,15.58915559432933
3530,15.58915559432933
3531,15.58915559432933
3532,15.58915559432933
3533,15.58915559432933
3534,15.58915559432933
3535,15.58915559432933
3536,15.58915559432933
3537,15.58915559432933
3538,15.58915559432933
3539,15.58915559432933
3540,15.58915559432933
3541,15.58915559432933
3542,15.58915559432933
3543,15.58915559432933
3544,15.58915559432933
3545,15.58915559432933
3546,15.58915559432933
3547,15.58915559432933
3548,15.58915559432933
3549,15.58915559432933
3550,15.58915559432933
3551,15.58915559432933
3552,15.58915559432933
3553,15.58915559432933
3554,15.58915559432933
3555,15.58915559432933
3556,15.58915559432933
3557,15.58915559432933
3558,15.58915559432933
3559,15.58915559432933
3560,15.58915559432933
3561,15.58915559432933
3562,15.58915559432933
3563,15.58915559432933
3564,15.58915559432933
3565,15.58915559432933
3566,15.58915559432933
3567,15.58915559432933
3568,15.58915559432933
3569,15.58915559432933
3570,15.58915559432933
3571,15.58915559432933
3572,15.58915559432933
3573,15.58915559432933
3574,15.58915559432933
3575,15.58915559432933
3576,15.58915559432933
3577,15.58915559432933
3578,15.58915559432933
3579,15.58915559432933
3580,15.58915559432933
3581,15.58915559432933
3582,15.58915559432933
3583,15.58915559432933
3584,15.58915559432933
3585,15.58915559432933
3586,15.58915559432933
3587,15.58915559432933
3588,15.58915559432933
3589,15.58915559432933
3590,15.58915559432933
3591,15.58915559432933
3592,15.58915559432933
3593,15.58915559432933
3594,15.58915559432933
3595,15.58915559432933
3596,15.58915559432933
3597,15.58915559432933
3598,15.58915559432933
3599,15.58915559432933
3600,15.58915559432933
3601,15.58915559432933
3602,15.58915559432933
3603,15.58915559432933
3604,15.58915559432933
3605,15.58915559432933
3606,15.58915559432933
3607,15.58915559432933
3608,15.58915559432933
3609,15.58915559432933
3610,15.58915559432933
3611,15.58915559432933
3612,15.58915559432933
3613,15.58915559432933
3614,15.58915559432933
3615,15.58915559432933
3616,15.58915559432933
3617,15.58915559432933
3618,15.58915559432933
3619,15.58915559432933
3620,15.58915559432933
3621,15.58915559432933
3622,15.58915559432933
3623,15.58915559432933
3624,15.58915559432933
3625,15.58915559432933
3626,15.58915559432933
3627,15.58915559432933
3628,15.58915559432933
3629,15.58915559432933
3630,15.58915559432933
3631,15.58915559432933
3632,15.58915559432933
3633,15.58915559432933
3634,15.58915559432933
3635,15.58915559432933
3636,15.58915559432933
3637,15.58915559432933
3638,15.58915559432933
3639,15.58915559432933
3640,15.58915559432933
3641,15.58915559432933
3642,15.58915559432933
3643,15.58915559432933
3644,15.58915559432933
3645,15.58915559432933
3646,15.58915559432933
3647,15.58915559432933
3648,15.58915559432933
3649,15.58915559432933
3650,15.58915559432933
3651,15.58915559432933
3652,15.58915559432933
3653,15.58915559432933
3654,15.58915559432933
3655,15.58915559432933
3656,15.58915559432933
3657,15.58915559432933
3658,15.58915559432933
3659,15.58915559432933
3660,15.58915559432933
3661,15.58915559432933
3662,15.58915559432933
3663,15.58915559432933
3664,15.58915559432933
3665,15.58915559432933
3666,15.58915559432933
3667,15.58915559432933
3668,15.58915559432933
3669,15.58915559432933
3670,15.58915559432933
3671,15.58915559432933
3672,15.58915559432933
3673,15.58915559432933
3674,15.58915559432933
3675,15.58915559432933
3676,15.58915559432933
3677,15.58915559432933
3678,15.58915559432933
3679,15.58915559432933
3680,15.58915559432933
3681,15.58915559432933
3682,15.58915559432933
3683,15.58915559432933
3684,15.58915559432933
3685,15.58915559432933
3686,15.58915559432933
3687,15.58915559432933
3688,15.58915559432933
3689,15.58915559432933
3690,15.58915559432933
3691,15.58915559432933
3692,15.58915559432933
3693,15.58915559432933
3694,15.58915559432933
3695,15.58915559432933
3696,15.58915559432933
3697,15.58915559432933
3698,15.58915559432933
3699,15.58915559432933
3700,15.58915559432933
3701,15.58915559432933
3702,15.58915559432933
3703,15.58915559432933
3704,15.58915559432933
3705,15.58915559432933
3706,15.58915559432933
3707,15.58915559432933
3708,15.58915559432933
3709,15.58915559432933
3710,15.58915559432933
3711,15.58915559432933
3712,15.58915559432933
3713,15.58915559432933
3714,15.58915559432933
3715,15.58915559432933
3716,15.58915559432933
3717,15.58915559432933
3718,15.58915559432933
3719,15.58915559432933
3720,15.58915559432933
3721,15.58915559432933
3722,15.58915559432933
3723,15.58915559432933
3724,15.58915559432933
3725,15.58915559432933
3726,15.58915559432933
3727,15.58915559432933
3728,15.58915559432933
3729,15.58915559432933
3730,15.58915559432933
3731,15.58915559432933
3732,15.58915559432933
3733,15.58915559432933
3734,15.58915559432933
3735,15.58915559432933
3736,15.58915559432933
3737,15.58915559432933
3738,15.58915559432933
3739,15.58915559432933
3740,15.58915559432933
3741,15.58915559432933
3742,15.58915559432933
3743,15.58915559432933
3744,15.58915559432933
3745,15.58915559432933
3746,15.58915559432933
3747,15.58915559432933
3748,15.58915559432933
3749,15.58915559432933
3750,15.58915559432933
3751,15.58915559432933
3752,15.58915559432933
3753,15.58915559432933
3754,15.58915559432933
3755,15.58915559432933
3756,15.58915559432933
3757,15.58915559432933
3758,15.58915559432933
3759,15.58915559432933
3760,15.58915559432933
3761,15.58915559432933
3762,15.58915559432933
3763,15.58915559432933
3764,15.58915559432933
3765,15.58915559432933
3766,15.58915559432933
3767,15.58915559432933
3768,15.58915559432933
3769,15.58915559432933
3770,15.58915559432933
3771,15.58915559432933
3772,15.58915559432933
3773,15.58915559432933
3774,15.58915559432933
3775,15.58915559432933
3776,15.58915559432933
3777,15.58915559432933
3778,15.58915559432933
3779,15.58915559432933
3780,15.58915559432933
3781,15.58915559432933
3782,15.58915559432933
3783,15.58915559432933
3784,15.58915559432933
3785,15.58915559432933
3786,15.58915559432933
3787,15.58915559432933
3788,15.58915559432933
3789,15.58915559432933
3790,15.58915559432933
3791,15.58915559432933
3792,15.58915559432933
3793,15.58915559432933
3794,15.58915559432933
3795,15.58915559432933
3796,15.58915559432933
3797,15.58915559432933
3798,15.58915559432933
3799,15.58915559432933
3800,15.58915559432933
3801,15.58915559432933
3802,15.58915559432933
3803,15.58915559432933
3804,15.58915559432933
3805,15.58915559432933
3806,15.58915559432933
3807,15.58915559432933
3808,15.58915559432933
3809,15.58915559432933
3810,15.58915559432933
3811,15.58915559432933
3812,15.58915559432933
3813,15.58915559432933
3814,15.58915559432933
3815,15.58915559432933
3816,15.58915559432933
3817,15.58915559432933
3818,15.58915559432933
3819,15.58915559432933
3820,15.58915559432933
3821,15.58915559432933
3822,15.58915559432933
3823,15.58915559432933
3824,15.58915559432933
3825,15.58915559432933
3826,15.58915559432933
3827,15.58915559432933
3828,15.58915559432933
3829,15.58915559432933
3830,15.58915559432933
3831,15.58915559432933
3832,15.58915559432933
3833,15.58915559432933
3834,15.58915559432933
3835,15.58915559432933
3836,15.58915559432933
3837,15.58915559432933
3838,15.58915559432933
3839,15.58915559432933
3840,15.58915559432933
3841,15.58915559432933
3842,15.58915559432933
3843,15.58915559432933
3844,15.58915559432933
3845,15.58915559432933
3846,15.58915559432933
3847,15.58915559432933
3848,15.58915559432933
3849,15.58915559432933
3850,15.58915559432933
3851,15.58915559432933
3852,15.58915559432933
3853,15.58915559432933
3854,15.58915559432933
3855,15.58915559432933
3856,15.58915559432933
3857,15.58915559432933
3858,15.58915559432933
3859,15.58915559432933
3860,15.58915559432933
3861,15.58915559432933
3862,15.58915559432933
3863,15.58915559432933
3864,15.58915559432933
3865,15.58915559432933
3866,15.58915559432933
3867,15.58915559432933
3868,15.58915559432933
3869,15.58915559432933
3870,15.58915559432933
3871,15.58915559432933
3872,15.58915559432933
3873,15.58915559432933
3874,15.58915559432933
3875,15.58915559432933
3876,15.58915559432933
3877,15.58915559432933
3878,15.58915559432933
3879,15.58915559432933
3880,15.58915559432933
3881,15.58915559432933
3882,15.58915559432933
3883,15.58915559432933
3884,15.58915559432933
3885,15.58915559432933
3886,15.58915559432933
3887,15.58915559432933
3888,15.58915559432933
3889,15.58915559432933
3890,15.58915559432933
3891,15.58915559432933
3892,15.58915559432933
3893,15.58915559432933
3894,15.58915559432933
3895,15.58915559432933
3896,15.58915559432933
3897,15.58915559432933
3898,15.58915559432933
3899,15.58915559432933
3900,15.58915559432933
3901,15.58915559432933
3902,15.58915559432933
3903,15.58915559432933
3904,15.58915559432933
3905,15.58915559432933
3906,15.58915559432933
3907,15.58915559432933
3908,15.58915559432933
3909,15.58915559432933
3910,15.58915559432933
3911,15.58915559432933
3912,15.58915559432933
3913,15.58915559432933
3914,15.58915559432933
3915,15.58915559432933
3916,15.58915559432933
3917,15.58915559432933
3918,15.58915559432933
3919,15.58915559432933
3920,15.58915559432933
3921,15.58915559432933
3922,15.58915559432933
3923,15.58915559432933
3924,15.58915559432933
3925,15.58915559432933
3926,15.58915559432933
3927,15.58915559432933
3928,15.58915559432933
3929,15.58915559432933
3930,15.58915559432933
3931,15.58915559432933
3932,15.58915559432933
3933,15.58915559432933
3934,15.58915559432933
3935,15.58915559432933
3936,15.58915559432933
3937,15.58915559432933
3938,15.58915559432933
3939,15.58915559432933
3940,15.58915559432933
3941,15.58915559432933
3942,15.58915559432933
3943,15.58915559432933
3944,15.58915559432933
3945,15.58915559432933
3946,15.58915559432933
3947,15.58915559432933
3948,15.58915559432933
3949,15.58915559432933
3950,15.58915559432933
3951,15.58915559432933
3952,15.58915559432933
3953,15.58915559432933
3954,15.58915559432933
3955,15.58915559432933
3956,15.58915559432933
3957,15.58915559432933
3958,15.58915559432933
3959,15.58915559432933
3960,15.58915559432933
3961,15.58915559432933
3962,15.58915559432933
3963,15.58915559432933
3964,15.58915559432933
3965,15.58915559432933
3966,15.58915559432933
3967,15.58915559432933
3968,15.58915559432933
3969,15.58915559432933
3970,15.58915559432933
3971,15.58915559432933
3972,15.58915559432933
3973,15.58915559432933
3974,15.58915559432933
3975,15.58915559432933
3976,15.58915559432933
3977,15.58915559432933
3978,15.58915559432933
3979,15.58915559432933
3980,15.58915559432933
3981,15.58915559432933
3982,15.58915559432933
3983,15.58915559432933
3984,15.58915559432933
3985,15.58915559432933
3986,15.58915559432933
3987,15.58915559432933
3988,15.58915559432933
3989,15.58915559432933
3990,15.58915559432933
3991,15.58915559432933
3992,15.58915559432933
3993,15.58915559432933
3994,15.58915559432933
3995,15.58915559432933
3996,15.58915559432933
3997,15.58915559432933
3998,15.58915559432933
3999,15.58915559432933
4000,15.58915559432933
4001,15.58915559432933
4002,15.58915559432933
4003,15.58915559432933
4004,15.58915559432933
4005,15.58915559432933
4006,15.58915559432933
4007,15.58915559432933
4008,15.58915559432933
4009,15.58915559432933
4010,15.58915559432933
4011,15.58915559432933
4012,15.58915559432933
4013,15.58915559432933
4014,15.58915559432933
4015,15.58915559432933
4016,15.58915559432933
4017,15.58915559432933
4018,15.58915559432933
4019,15.58915559432933
4020,15.58915559432933
4021,15.58915559432933
4022,15.58915559432933
4023,15.58915559432933
4024,15.58915559432933
4025,15.58915559432933
4026,15.58915559432933
4027,15.58915559432933
4028,15.58915559432933
4029,15.58915559432933
4030,15.58915559432933
4031,15.58915559432933
4032,15.58915559432933
4033,15.58915559432933
4034,15.58915559432933
4035,15.58915559432933
4036,15.58915559432933
4037,15.58915559432933
4038,15.58915559432933
4039,15.58915559432933
4040,15.58915559432933
4041,15.58915559432933
4042,15.58915559432933
4043,15.58915559432933
4044,15.58915559432933
4045,15.58915559432933
4046,15.58915559432933
4047,15.58915559432933
4048,15.58915559432933
4049,15.58915559432933
4050,15.58915559432933
4051,15.58915559432933
4052,15.58915559432933
4053,15.58915559432933
4054,15.58915559432933
4055,15.58915559432933
4056,15.58915559432933
4057,15.58915559432933
4058,15.58915559432933
4059,15.58915559432933
4060,15.58915559432933
4061,15.58915559432933
4062,15.58915559432933
4063,15.58915559432933
4064,15.58915559432933
4065,15.58915559432933
4066,15.58915559432933
4067,15.58915559432933
4068,15.58915559432933
4069,15.58915559432933
4070,15.58915559432933
4071,15.58915559432933
4072,15.58915559432933
4073,15.58915559432933
4074,15.58915559432933
4075,15.58915559432933
4076,15.58915559432933
4077,15.58915559432933
4078,15.58915559432933
4079,15.58915559432933
4080,15.58915559432933
4081,15.58915559432933
4082,15.58915559432933
4083,15.58915559432933
4084,15.58915559432933
4085,15.58915559432933
4086,15.58915559432933
4087,15.58915559432933
4088,15.58915559432933
4089,15.58915559432933
4090,15.58915559432933
4091,15.58915559432933
4092,15.58915559432933
4093,15.58915559432933
4094,15.58915559432933
4095,15.58915559432933
4096,15.58915559432933
4097,15.58915559432933
4098,15.58915559432933
4099,15.58915559432933
4100,15.58915559432933
4101,15.58915559432933
4102,15.58915559432933
4103,15.58915559432933
4104,15.58915559432933
4105,15.58915559432933
4106,15.58915559432933
4107,15.58915559432933
4108,15.58915559432933
4109,15.58915559432933
4110,15.58915559432933
4111,15.58915559432933
4112,15.58915559432933
4113,15.58915559432933
4114,15.58915559432933
4115,15.58915559432933
4116,15.58915559432933
4117,15.58915559432933
4118,15.58915559432933
4119,15.58915559432933
4120,15.58915559432933
4121,15.58915559432933
4122,15.58915559432933
4123,15.58915559432933
4124,15.58915559432933
4125,15.58915559432933
4126,15.58915559432933
4127,15.58915559432933
4128,15.58915559432933
4129,15.58915559432933
4130,15.58915559432933
4131,15.58915559432933
4132,15.58915559432933
4133,15.58915559432933
4134,15.58915559432933
4135,15.58915559432933
4136,15.58915559432933
4137,15.58915559432933
4138,15.58915559432933
4139,15.58915559432933
4140,15.58915559432933
4141,15.58915559432933
4142,15.58915559432933
4143,15.58915559432933
4144,15.58915559432933
4145,15.58915559432933
4146,15.58915559432933
4147,15.58915559432933
4148,15.58915559432933
4149,15.58915559432933
4150,15.58915559432933
4151,15.58915559432933
4152,15.58915559432933
4153,15.58915559432933
4154,15.58915559432933
4155,15.58915559432933
4156,15.58915559432933
4157,15.58915559432933
4158,15.58915559432933
4159,15.58915559432933
4160,15.58915559432933
4161,15.58915559432933
4162,15.58915559432933
4163,15.58915559432933
4164,15.58915559432933
4165,15.58915559432933
4166,15.58915559432933
4167,15.58915559432933
4168,15.58915559432933
4169,15.58915559432933
4170,15.58915559432933
4171,15.58915559432933
4172,15.58915559432933
4173,15.58915559432933
4174,15.58915559432933
4175,15.58915559432933
4176,15.58915559432933
4177,15.58915559432933
4178,15.58915559432933
4179,15.58915559432933
4180,15.58915559432933
4181,15.58915559432933
4182,15.58915559432933
4183,15.58915559432933
4184,15.58915559432933
4185,15.58915559432933
4186,15.58915559432933
4187,15.58915559432933
4188,15.58915559432933
4189,15.58915559432933
4190,15.58915559432933
4191,15.58915559432933
4192,15.58915559432933
4193,15.58915559432933
4194,15.58915559432933
4195,15.58915559432933
4196,15.58915559432933
4197,15.58915559432933
4198,15.58915559432933
4199,15.58915559432933
4200,15.58915559432933
4201,15.58915559432933
4202,15.58915559432933
4203,15.58915559432933
4204,15.58915559432933
4205,15.58915559432933
4206,15.58915559432933
4207,15.58915559432933
4208,15.58915559432933
4209,15.58915559432933
4210,15.58915559432933
4211,15.58915559432933
4212,15.58915559432933
4213,15.58915559432933
4214,15.58915559432933
4215,15.58915559432933
4216,15.58915559432933
4217,15.58915559432933
4218,15.58915559432933
4219,15.58915559432933
4220,15.58915559432933
4221,15.58915559432933
4222,15.58915559432933
4223,15.58915559432933
4224,15.58915559432933
4225,15.58915559432933
4226,15.58915559432933
4227,15.58915559432933
4228,15.58915559432933
4229,15.58915559432933
4230,15.58915559432933
4231,15.58915559432933
4232,15.58915559432933
4233,15.58915559432933
4234,15.58915559432933
4235,15.58915559432933
4236,15.58915559432933
4237,15.58915559432933
4238,15.58915559432933
4239,15.58915559432933
4240,15.58915559432933
4241,15.58915559432933
4242,15.58915559432933
4243,15.58915559432933
4244,15.58915559432933
4245,15.58915559432933
4246,15.58915559432933
4247,15.58915559432933
4248,15.58915559432933
4249,15.58915559432933
4250,15.58915559432933
4251,15.58915559432933
4252,15.58915559432933
4253,15.58915559432933
4254,15.58915559432933
4255,15.58915559432933
4256,15.58915559432933
4257,15.58915559432933
4258,15.58915559432933
4259,15.58915559432933
4260,15.58915559432933
4261,15.58915559432933
4262,15.58915559432933
4263,15.58915559432933
4264,15.58915559432933
4265,15.58915559432933
4266,15.58915559432933
4267,15.58915559432933
4268,15.58915559432933
4269,15.58915559432933
4270,15.58915559432933
4271,15.58915559432933
4272,15.58915559432933
4273,15.58915559432933
4274,15.58915559432933
4275,15.58915559432933
4276,15.58915559432933
4277,15.58915559432933
4278,15.58915559432933
4279,15.58915559432933
4280,15.58915559432933
4281,15.58915559432933
4282,15.58915559432933
4283,15.58915559432933
4284,15.58915559432933
4285,15.58915559432933
4286,15.58915559432933
4287,15.58915559432933
4288,15.58915559432933
4289,15.58915559432933
4290,15.58915559432933
4291,15.58915559432933
4292,15.58915559432933
4293,15.58915559432933
4294,15.58915559432933
4295,15.58915559432933
4296,15.58915559432933
4297,15.58915559432933
4298,15.58915559432933
4299,15.58915559432933
4300,15.58915559432933
4301,15.58915559432933
4302,15.58915559432933
4303,15.58915559432933
4304,15.58915559432933
4305,15.58915559432933
4306,15.58915559432933
4307,15.58915559432933
4308,15.58915559432933
4309,15.58915559432933
4310,15.58915559432933
4311,15.58915559432933
4312,15.58915559432933
4313,15.58915559432933
4314,15.58915559432933
4315,15.58915559432933
4316,15.58915559432933
4317,15.58915559432933
4318,15.58915559432933
4319,15.58915559432933
4320,15.58915559432933
4321,15.58915559432933
4322,15.58915559432933
4323,15.58915559432933
4324,15.58915559432933
4325,15.58915559432933
4326,15.58915559432933
4327,15.58915559432933
4328,15.58915559432933
4329,15.58915559432933
4330,15.58915559432933
4331,15.58915559432933
4332,15.58915559432933
4333,15.58915559432933
4334,15.58915559432933
4335,15.58915559432933
4336,15.58915559432933
4337,15.58915559432933
4338,15.58915559432933
4339,15.58915559432933
4340,15.58915559432933
4341,15.58915559432933
4342,15.58915559432933
4343,15.58915559432933
4344,15.58915559432933
4345,15.58915559432933
4346,15.58915559432933
4347,15.58915559432933
4348,15.58915559432933
4349,15.58915559432933
4350,15.58915559432933
4351,15.58915559432933
4352,15.58915559432933
4353,15.58915559432933
4354,15.58915559432933
4355,15.58915559432933
4356,15.58915559432933
4357,15.58915559432933
4358,15.58915559432933
4359,15.58915559432933
4360,15.58915559432933
4361,15.58915559432933
4362,15.58915559432933
4363,15.58915559432933
4364,15.58915559432933
4365,15.58915559432933
4366,15.58915559432933
4367,15.58915559432933
4368,15.58915559432933
4369,15.58915559432933
4370,15.58915559432933
4371,15.58915559432933
4372,15.58915559432933
4373,15.58915559432933
4374,15.58915559432933
4375,15.58915559432933
4376,15.58915559432933
4377,15.58915559432933
4378,15.58915559432933
4379,15.58915559432933
4380,15.58915559432933
4381,15.58915559432933
4382,15.58915559432933
4383,15.58915559432933
4384,15.58915559432933
4385,15.58915559432933
4386,15.58915559432933
4387,15.58915559432933
4388,15.58915559432933
4389,15.58915559432933
4390,15.58915559432933
4391,15.58915559432933
4392,15.58915559432933
4393,15.58915559432933
4394,15.58915559432933
4395,15.58915559432933
4396,15.58915559432933
4397,15.58915559432933
4398,15.58915559432933
4399,15.58915559432933
4400,15.58915559432933
4401,15.58915559432933
4402,15.58915559432933
4403,15.58915559432933
4404,15.58915559432933
4405,15.58915559432933
4406,15.58915559432933
4407,15.58915559432933
4408,15.58915559432933
4409,15.58915559432933
4410,15.58915559432933
4411,15.58915559432933
4412,15.58915559432933
4413,15.58915559432933
4414,15.58915559432933
4415,15.58915559432933
4416,15.58915559432933
4417,15.58915559432933
4418,15.58915559432933
4419,15.58915559432933
4420,15.58915559432933
4421,15.58915559432933
4422,15.58915559432933
4423,15.58915559432933
4424,15.58915559432933
4425,15.58915559432933
4426,15.58915559432933
4427,15.58915559432933
4428,15.58915559432933
4429,15.58915559432933
4430,15.58915559432933
4431,15.58915559432933
4432,15.58915559432933
4433,15.58915559432933
4434,15.58915559432933
4435,15.58915559432933
4436,15.58915559432933
4437,15.58915559432933
4438,15.58915559432933
4439,15.58915559432933
4440,15.58915559432933
4441,15.58915559432933
4442,15.58915559432933
4443,15.58915559432933
4444,15.58915559432933
4445,15.58915559432933
4446,15.58915559432933
4447,15.58915559432933
4448,15.58915559432933
4449,15.58915559432933
4450,15.58915559432933
4451,15.58915559432933
4452,15.58915559432933
4453,15.58915559432933
4454,15.58915559432933
4455,15.58915559432933
4456,15.58915559432933
4457,15.58915559432933
4458,15.58915559432933
4459,15.58915559432933
4460,15.58915559432933
4461,15.58915559432933
4462,15.58915559432933
4463,15.58915559432933
4464,15.58915559432933
4465,15.58915559432933
4466,15.58915559432933
4467,15.58915559432933
4468,15.58915559432933
4469,15.58915559432933
4470,15.58915559432933
4471,15.58915559432933
4472,15.58915559432933
4473,15.58915559432933
4474,15.58915559432933
4475,15.58915559432933
4476,15.58915559432933
4477,15.58915559432933
4478,15.58915559432933
4479,15.58915559432933
4480,15.58915559432933
4481,15.58915559432933
4482,15.58915559432933
4483,15.58915559432933
4484,15.58915559432933
4485,15.58915559432933
4486,15.58915559432933
4487,15.58915559432933
4488,15.58915559432933
4489,15.58915559432933
4490,15.58915559432933
4491,15.58915559432933
4492,15.58915559432933
4493,15.58915559432933
4494,15.58915559432933
4495,15.58915559432933
4496,15.58915559432933
4497,15.58915559432933
4498,15.58915559432933
4499,15.58915559432933
4500,15.58915559432933
4501,15.58915559432933
4502,15.58915559432933
4503,15.58915559432933
4504,15.58915559432933
4505,15.58915559432933
4506,15.58915559432933
4507,15.58915559432933
4508,15.58915559432933
4509,15.58915559432933
4510,15.58915559432933
4511,15.58915559432933
4512,15.58915559432933
4513,15.58915559432933
4514,15.58915559432933
4515,15.58915559432933
4516,15.58915559432933
4517,15.58915559432933
4518,15.58915559432933
4519,15.58915559432933
4520,15.58915559432933
4521,15.58915559432933
4522,15.58915559432933
4523,15.58915559432933
4524,15.58915559432933
4525,15.58915559432933
4526,15.58915559432933
4527,15.58915559432933
4528,15.58915559432933
4529,15.58915559432933
4530,15.58915559432933
4531,15.58915559432933
4532,15.58915559432933
4533,15.58915559432933
4534,15.58915559432933
4535,15.58915559432933
4536,15.58915559432933
4537,15.58915559432933
4538,15.58915559432933
4539,15.58915559432933
4540,15.58915559432933
4541,15.58915559432933
4542,15.58915559432933
4543,15.58915559432933
4544,15.58915559432933
4545,15.58915559432933
4546,15.58915559432933
4547,15.58915559432933
4548,15.58915559432933
4549,15.58915559432933
4550,15.58915559432933
4551,15.58915559432933
4552,15.58915559432933
4553,15.58915559432933
4554,15.58915559432933
4555,15.58915559432933
4556,15.58915559432933
4557,15.58915559432933
4558,15.58915559432933
4559,15.58915559432933
4560,15.58915559432933
4561,15.58915559432933
4562,15.58915559432933
4563,15.58915559432933
4564,15.58915559432933
4565,15.58915559432933
4566,15.58915559432933
4567,15.58915559432933
4568,15.58915559432933
4569,15.58915559432933
4570,15.58915559432933
4571,15.58915559432933
4572,15.58915559432933
4573,15.58915559432933
4574,15.58915559432933
4575,15.58915559432933
4576,15.58915559432933
4577,15.58915559432933
4578,15.58915559432933
4579,15.58915559432933
4580,15.58915559432933
4581,15.58915559432933
4582,15.58915559432933
4583,15.58915559432933
4584,15.58915559432933
4585,15.58915559432933
4586,15.58915559432933
4587,15.58915559432933
4588,15.58915559432933
4589,15.58915559432933
4590,15.58915559432933
4591,15.58915559432933
4592,15.58915559432933
4593,15.58915559432933
4594,15.58915559432933
4595,15.58915559432933
4596,15.58915559432933
4597,15.58915559432933
4598,15.58915559432933
4599,15.58915559432933
4600,15.58915559432933
4601,15.58915559432933
4602,15.58915559432933
4603,15.58915559432933
4604,15.58915559432933
4605,15.58915559432933
4606,15.58915559432933
4607,15.58915559432933
4608,15.58915559432933
4609,15.58915559432933
4610,15.58915559432933
4611,15.58915559432933
4612,15.58915559432933
4613,15.58915559432933
4614,15.58915559432933
4615,15.58915559432933
4616,15.58915559432933
4617,15.58915559432933
4618,15.58915559432933
4619,15.58915559432933
4620,15.58915559432933
4621,15.58915559432933
4622,15.58915559432933
4623,15.58915559432933
4624,15.58915559432933
4625,15.58915559432933
4626,15.58915559432933
4627,15.58915559432933
4628,15.58915559432933
4629,15.58915559432933
4630,15.58915559432933
4631,15.58915559432933
4632,15.58915559432933
4633,15.58915559432933
4634,15.58915559432933
4635,15.58915559432933
4636,15.58915559432933
4637,15.58915559432933
4638,15.58915559432933
4639,15.58915559432933
4640,15.58915559432933
4641,15.58915559432933
4642,15.58915559432933
4643,15.58915559432933
4644,15.58915559432933
4645,15.58915559432933
4646,15.58915559432933
4647,15.58915559432933
4648,15.58915559432933
4649,15.58915559432933
4650,15.58915559432933
4651,15.58915559432933
4652,15.58915559432933
4653,15.58915559432933
4654,15.58915559432933
4655,15.58915559432933
4656,15.58915559432933
4657,15.58915559432933
4658,15.58915559432933
4659,15.58915559432933
4660,15.58915559432933
4661,15.58915559432933
4662,15.58915559432933
4663,15.58915559432933
4664,15.58915559432933
4665,15.58915559432933
4666,15.58915559432933
4667,15.58915559432933
4668,15.58915559432933
4669,15.58915559432933
4670,15.58915559432933
4671,15.58915559432933
4672,15.58915559432933
4673,15.58915559432933
4674,15.58915559432933
4675,15.58915559432933
4676,15.58915559432933
4677,15.58915559432933
4678,15.58915559432933
4679,15.58915559432933
4680,15.58915559432933
4681,15.58915559432933
4682,15.58915559432933
4683,15.58915559432933
4684,15.58915559432933
4685,15.58915559432933
4686,15.58915559432933
4687,15.58915559432933
4688,15.58915559432933
4689,15.58915559432933
4690,15.58915559432933
4691,15.58915559432933
4692,15.58915559432933
4693,15.58915559432933
4694,15.58915559432933
4695,15.58915559432933
4696,15.58915559432933
4697,15.58915559432933
4698,15.58915559432933
4699,15.58915559432933
4700,15.58915559432933
4701,15.58915559432933
4702,15.58915559432933
4703,15.58915559432933
4704,15.58915559432933
4705,15.58915559432933
4706,15.58915559432933
4707,15.58915559432933
4708,15.58915559432933
4709,15.58915559432933
4710,15.58915559432933
4711,15.58915559432933
4712,15.58915559432933
4713,15.58915559432933
4714,15.58915559432933
4715,15.58915559432933
4716,15.58915559432933
4717,15.58915559432933
4718,15.58915559432933
4719,15.58915559432933
4720,15.58915559432933
4721,15.58915559432933
4722,15.58915559432933
4723,15.58915559432933
4724,15.58915559432933
4725,15.58915559432933
4726,15.58915559432933
4727,15.58915559432933
4728,15.58915559432933
4729,15.58915559432933
4730,15.58915559432933
4731,15.58915559432933
4732,15.58915559432933
4733,15.58915559432933
4734,15.58915559432933
4735,15.58915559432933
4736,15.58915559432933
4737,15.58915559432933
4738,15.58915559432933
4739,15.58915559432933
4740,15.58915559432933
4741,15.58915559432933
4742,15.58915559432933
4743,15.58915559432933
4744,15.58915559432933
4745,15.58915559432933
4746,15.58915559432933
4747,15.58915559432933
4748,15.58915559432933
4749,15.58915559432933
4750,15.58915559432933
4751,15.58915559432933
4752,15.58915559432933
4753,15.58915559432933
4754,15.58915559432933
4755,15.58915559432933
4756,15.58915559432933
4757,15.58915559432933
4758,15.58915559432933
4759,15.58915559432933
4760,15.58915559432933
4761,15.58915559432933
4762,15.58915559432933
4763,15.58915559432933
4764,15.58915559432933
4765,15.58915559432933
4766,15.58915559432933
4767,15.58915559432933
4768,15.58915559432933
4769,15.58915559432933
4770,15.58915559432933
4771,15.58915559432933
4772,15.58915559432933
4773,15.58915559432933
4774,15.58915559432933
4775,15.58915559432933
4776,15.58915559432933
4777,15.58915559432933
4778,15.58915559432933
4779,15.58915559432933
4780,15.58915559432933
4781,15.58915559432933
4782,15.58915559432933
4783,15.58915559432933
4784,15.58915559432933
4785,15.58915559432933
4786,15.58915559432933
4787,15.58915559432933
4788,15.58915559432933
4789,15.58915559432933
4790,15.58915559432933
4791,15.58915559432933
4792,15.58915559432933
4793,15.58915559432933
4794,15.58915559432933
4795,15.58915559432933
4796,15.58915559432933
4797,15.58915559432933
4798,15.58915559432933
4799,15.58915559432933
4800,15.58915559432933
4801,15.58915559432933
4802,15.58915559432933
4803,15.58915559432933
4804,15.58915559432933
4805,15.58915559432933
4806,15.58915559432933
4807,15.58915559432933
4808,15.58915559432933
4809,15.58915559432933
4810,15.58915559432933
4811,15.58915559432933
4812,15.58915559432933
4813,15.58915559432933
4814,15.58915559432933
4815,15.58915559432933
4816,15.58915559432933
4817,15.58915559432933
4818,15.58915559432933
4819,15.58915559432933
4820,15.58915559432933
4821,15.58915559432933
4822,15.58915559432933
4823,15.58915559432933
4824,15.58915559432933
4825,15.58915559432933
4826,15.58915559432933
4827,15.58915559432933
4828,15.58915559432933
4829,15.58915559432933
4830,15.58915559432933
4831,15.58915559432933
4832,15.58915559432933
4833,15.58915559432933
4834,15.58915559432933
4835,15.58915559432933
4836,15.58915559432933
4837,15.58915559432933
4838,15.58915559432933
4839,15.58915559432933
4840,15.58915559432933
4841,15.58915559432933
4842,15.58915559432933
4843,15.58915559432933
4844,15.58915559432933
4845,15.58915559432933
4846,15.58915559432933
4847,15.58915559432933
4848,15.58915559432933
4849,15.58915559432933
4850,15.58915559432933
4851,15.58915559432933
4852,15.58915559432933
4853,15.58915559432933
4854,15.58915559432933
4855,15.58915559432933
4856,15.58915559432933
4857,15.58915559432933
4858,15.58915559432933
4859,15.58915559432933
4860,15.58915559432933
4861,15.58915559432933
4862,15.58915559432933
4863,15.58915559432933
4864,15.58915559432933
4865,15.58915559432933
4866,15.58915559432933
4867,15.58915559432933
4868,15.58915559432933
4869,15.58915559432933
4870,15.58915559432933
4871,15.58915559432933
4872,15.58915559432933
4873,15.58915559432933
4874,15.58915559432933
4875,15.58915559432933
4876,15.58915559432933
4877,15.58915559432933
4878,15.58915559432933
4879,15.58915559432933
4880,15.58915559432933
4881,15.58915559432933
4882,15.58915559432933
4883,15.58915559432933
4884,15.58915559432933
4885,15.58915559432933
4886,15.58915559432933
4887,15.58915559432933
4888,15.58915559432933
4889,15.58915559432933
4890,15.58915559432933
4891,15.58915559432933
4892,15.58915559432933
4893,15.58915559432933
4894,15.58915559432933
4895,15.58915559432933
4896,15.58915559432933
4897,15.58915559432933
4898,15.58915559432933
4899,15.58915559432933
4900,15.58915559432933
4901,15.58915559432933
4902,15.58915559432933
4903,15.58915559432933
4904,15.58915559432933
4905,15.58915559432933
4906,15.58915559432933
4907,15.58915559432933
4908,15.58915559432933
4909,15.58915559432933
4910,15.58915559432933
4911,15.58915559432933
4912,15.58915559432933
4913,15.58915559432933
4914,15.58915559432933
4915,15.58915559432933
4916,15.58915559432933
4917,15.58915559432933
4918,15.58915559432933
4919,15.58915559432933
4920,15.58915559432933
4921,15.58915559432933
4922,15.58915559432933
4923,15.58915559432933
4924,15.58915559432933
4925,15.58915559432933
4926,15.58915559432933
4927,15.58915559432933
4928,15.58915559432933
4929,15.58915559432933
4930,15.58915559432933
4931,15.58915559432933
4932,15.58915559432933
4933,15.58915559432933
4934,15.58915559432933
4935,15.58915559432933
4936,15.58915559432933
4937,15.58915559432933
4938,15.58915559432933
4939,15.58915559432933
4940,15.58915559432933
4941,15.58915559432933
4942,15.58915559432933
4943,15.58915559432933
4944,15.58915559432933
4945,15.58915559432933
4946,15.58915559432933
4947,15.58915559432933
4948,15.58915559432933
4949,15.58915559432933
4950,15.58915559432933
4951,15.58915559432933
4952,15.58915559432933
4953,15.58915559432933
4954,15.58915559432933
4955,15.58915559432933
4956,15.58915559432933
4957,15.58915559432933
4958,15.58915559432933
4959,15.58915559432933
4960,15.58915559432933
4961,15.58915559432933
4962,15.58915559432933
4963,15.58915559432933
4964,15.58915559432933
4965,15.58915559432933
4966,15.58915559432933
4967,15.58915559432933
4968,15.58915559432933
4969,15.58915559432933
4970,15.58915559432933
4971,15.58915559432933
4972,15.58915559432933
4973,15.58915559432933
4974,15.58915559432933
4975,15.58915559432933
4976,15.58915559432933
4977,15.58915559432933
4978,15.58915559432933
4979,15.58915559432933
4980,15.58915559432933
4981,15.58915559432933
4982,15.58915559432933
4983,15.58915559432933
4984,15.58915559432933
4985,15.58915559432933
4986,15.58915559432933
4987,15.58915559432933
4988,15.58915559432933
4989,15.58915559432933
4990,15.58915559432933
4991,15.58915559432933
4992,15.58915559432933
4993,15.58915559432933
4994,15.58915559432933
4995,15.58915559432933
4996,15.58915559432933
4997,15.58915559432933
4998,15.58915559432933
4999,15.58915559432933
5000,15.58915559432933
5001,15.58915559432933
5002,15.58915559432933
5003,15.58915559432933
5004,15.58915559432933
5005,15.58915559432933
5006,15.58915559432933
5007,15.58915559432933
5008,15.58915559432933
5009,15.58915559432933
5010,15.58915559432933
5011,15.58915559432933
5012,15.58915559432933
5013,15.58915559432933
5014,15.58915559432933
5015,15.58915559432933
5016,15.58915559432933
5017,15.58915559432933
5018,15.58915559432933
5019,15.58915559432933
5020,15.58915559432933
5021,15.58915559432933
5022,15.58915559432933
5023,15.58915559432933
5024,15.58915559432933
5025,15.58915559432933
5026,15.58915559432933
5027,15.58915559432933
5028,15.58915559432933
5029,15.58915559432933
5030,15.58915559432933
5031,15.58915559432933
5032,15.58915559432933
5033,15.58915559432933
5034,15.58915559432933
5035,15.58915559432933
5036,15.58915559432933
5037,15.58915559432933
5038,15.58915559432933
5039,15.58915559432933
5040,15.58915559432933
5041,15.58915559432933
5042,15.58915559432933
5043,15.58915559432933
5044,15.58915559432933
5045,15.58915559432933
5046,15.58915559432933
5047,15.58915559432933
5048,15.58915559432933
5049,15.58915559432933
5050,15.58915559432933
5051,15.58915559432933
5052,15.58915559432933
5053,15.58915559432933
5054,15.58915559432933
5055,15.58915559432933
5056,15.58915559432933
5057,15.58915559432933
5058,15.58915559432933
5059,15.58915559432933
5060,15.58915559432933
5061,15.58915559432933
5062,15.58915559432933
5063,15.58915559432933
5064,15.58915559432933
5065,15.58915559432933
5066,15.58915559432933
5067,15.58915559432933
5068,15.58915559432933
5069,15.58915559432933
5070,15.58915559432933
5071,15.58915559432933
5072,15.58915559432933
5073,15.58915559432933
5074,15.58915559432933
5075,15.58915559432933
5076,15.58915559432933
5077,15.58915559432933
5078,15.58915559432933
5079,15.58915559432933
5080,15.58915559432933
5081,15.58915559432933
5082,15.58915559432933
5083,15.58915559432933
5084,15.58915559432933
5085,15.58915559432933
5086,15.58915559432933
5087,15.58915559432933
5088,15.58915559432933
5089,15.58915559432933
5090,15.58915559432933
5091,15.58915559432933
5092,15.58915559432933
5093,15.58915559432933
5094,15.58915559432933
5095,15.58915559432933
5096,15.58915559432933
5097,15.58915559432933
5098,15.58915559432933
5099,15.58915559432933
5100,15.58915559432933
5101,15.58915559432933
5102,15.58915559432933
5103,15.58915559432933
5104,15.58915559432933
5105,15.58915559432933
5106,15.58915559432933
5107,15.58915559432933
5108,15.58915559432933
5109,15.58915559432933
5110,15.58915559432933
5111,15.58915559432933
5112,15.58915559432933
5113,15.58915559432933
5114,15.58915559432933
5115,15.58915559432933
5116,15.58915559432933
5117,15.58915559432933
5118,15.58915559432933
5119,15.58915559432933
5120,15.58915559432933
5121,15.58915559432933
5122,15.58915559432933
5123,15.58915559432933
5124,15.58915559432933
5125,15.58915559432933
5126,15.58915559432933
5127,15.58915559432933
5128,15.58915559432933
5129,15.58915559432933
5130,15.58915559432933
5131,15.58915559432933
5132,15.58915559432933
5133,15.58915559432933
5134,15.58915559432933
5135,15.58915559432933
5136,15.58915559432933
5137,15.58915559432933
5138,15.58915559432933
5139,15.58915559432933
5140,15.58915559432933
5141,15.58915559432933
5142,15.58915559432933
5143,15.58915559432933
5144,15.58915559432933
5145,15.58915559432933
5146,15.58915559432933
5147,15.58915559432933
5148,15.58915559432933
5149,15.58915559432933
5150,15.58915559432933
5151,15.58915559432933
5152,15.58915559432933
5153,15.58915559432933
5154,15.58915559432933
5155,15.58915559432933
5156,15.58915559432933
5157,15.58915559432933
5158,15.58915559432933
5159,15.58915559432933
5160,15.58915559432933
5161,15.58915559432933
5162,15.58915559432933
5163,15.58915559432933
5164,15.58915559432933
5165,15.58915559432933
5166,15.58915559432933
5167,15.58915559432933
5168,15.58915559432933
5169,15.58915559432933
5170,15.58915559432933
5171,15.58915559432933
5172,15.58915559432933
5173,15.58915559432933
5174,15.58915559432933
5175,15.58915559432933
5176,15.58915559432933
5177,15.58915559432933
5178,15.58915559432933
5179,15.58915559432933
5180,15.58915559432933
5181,15.58915559432933
5182,15.58915559432933
5183,15.58915559432933
5184,15.58915559432933
5185,15.58915559432933
5186,15.58915559432933
5187,15.58915559432933
5188,15.58915559432933
5189,15.58915559432933
5190,15.58915559432933
5191,15.58915559432933
5192,15.58915559432933
5193,15.58915559432933
5194,15.58915559432933
5195,15.58915559432933
5196,15.58915559432933
5197,15.58915559432933
5198,15.58915559432933
5199,15.58915559432933
5200,15.58915559432933
5201,15.58915559432933
5202,15.58915559432933
5203,15.58915559432933
5204,15.58915559432933
5205,15.58915559432933
5206,15.58915559432933
5207,15.58915559432933
5208,15.58915559432933
5209,15.58915559432933
5210,15.58915559432933
5211,15.58915559432933
5212,15.58915559432933
5213,15.58915559432933
5214,15.58915559432933
5215,15.58915559432933
5216,15.58915559432933
5217,15.58915559432933
5218,15.58915559432933
5219,15.58915559432933
5220,15.58915559432933
5221,15.58915559432933
5222,15.58915559432933
5223,15.58915559432933
5224,15.58915559432933
5225,15.58915559432933
5226,15.58915559432933
5227,15.58915559432933
5228,15.58915559432933
5229,15.58915559432933
5230,15.58915559432933
5231,15.58915559432933
5232,15.58915559432933
5233,15.58915559432933
5234,15.58915559432933
5235,15.58915559432933
5236,15.58915559432933
5237,15.58915559432933
5238,15.58915559432933
5239,15.58915559432933
5240,15.58915559432933
5241,15.58915559432933
5242,15.58915559432933
5243,15.58915559432933
5244,15.58915559432933
5245,15.58915559432933
5246,15.58915559432933
5247,15.58915559432933
5248,15.58915559432933
5249,15.58915559432933
5250,15.58915559432933
5251,15.58915559432933
5252,15.58915559432933
5253,15.58915559432933
5254,15.58915559432933
5255,15.58915559432933
5256,15.58915559432933
5257,15.58915559432933
5258,15.58915559432933
5259,15.58915559432933
5260,15.58915559432933
5261,15.58915559432933
5262,15.58915559432933
5263,15.58915559432933
5264,15.58915559432933
5265,15.58915559432933
5266,15.58915559432933
5267,15.58915559432933
5268,15.58915559432933
5269,15.58915559432933
5270,15.58915559432933
5271,15.58915559432933
5272,15.58915559432933
5273,15.58915559432933
5274,15.58915559432933
5275,15.58915559432933
5276,15.58915559432933
5277,15.58915559432933
5278,15.58915559432933
5279,15.58915559432933
5280,15.58915559432933
5281,15.58915559432933
5282,15.58915559432933
5283,15.58915559432933
5284,15.58915559432933
5285,15.58915559432933
5286,15.58915559432933
5287,15.58915559432933
5288,15.58915559432933
5289,15.58915559432933
5290,15.58915559432933
5291,15.58915559432933
5292,15.58915559432933
5293,15.58915559432933
5294,15.58915559432933
5295,15.58915559432933
5296,15.58915559432933
5297,15.58915559432933
5298,15.58915559432933
5299,15.58915559432933
5300,15.58915559432933
5301,15.58915559432933
5302,15.58915559432933
5303,15.58915559432933
5304,15.58915559432933
5305,15.58915559432933
5306,15.58915559432933
5307,15.58915559432933
5308,15.58915559432933
5309,15.58915559432933
5310,15.58915559432933
5311,15.58915559432933
5312,15.58915559432933
5313,15.58915559432933
5314,15.58915559432933
5315,15.58915559432933
5316,15.58915559432933
5317,15.58915559432933
5318,15.58915559432933
5319,15.58915559432933
5320,15.58915559432933
5321,15.58915559432933
5322,15.58915559432933
5323,15.58915559432933
5324,15.58915559432933
5325,15.58915559432933
5326,15.58915559432933
5327,15.58915559432933
5328,15.58915559432933
5329,15.58915559432933
5330,15.58915559432933
5331,15.58915559432933
5332,15.58915559432933
5333,15.58915559432933
5334,15.58915559432933
5335,15.58915559432933
5336,15.58915559432933
5337,15.58915559432933
5338,15.58915559432933
5339,15.58915559432933
5340,15.58915559432933
5341,15.58915559432933
5342,15.58915559432933
5343,15.58915559432933
5344,15.58915559432933
5345,15.58915559432933
5346,15.58915559432933
5347,15.58915559432933
5348,15.58915559432933
5349,15.58915559432933
5350,15.58915559432933
5351,15.58915559432933
5352,15.58915559432933
5353,15.58915559432933
5354,15.58915559432933
5355,15.58915559432933
5356,15.58915559432933
5357,15.58915559432933
5358,15.58915559432933
5359,15.58915559432933
5360,15.58915559432933
5361,15.58915559432933
5362,15.58915559432933
5363,15.58915559432933
5364,15.58915559432933
5365,15.58915559432933
5366,15.58915559432933
5367,15.58915559432933
5368,15.58915559432933
5369,15.58915559432933
5370,15.58915559432933
5371,15.58915559432933
5372,15.58915559432933
5373,15.58915559432933
5374,15.58915559432933
5375,15.58915559432933
5376,15.58915559432933
5377,15.58915559432933
5378,15.58915559432933
5379,15.58915559432933
5380,15.58915559432933
5381,15.58915559432933
5382,15.58915559432933
5383,15.58915559432933
5384,15.58915559432933
5385,15.58915559432933
5386,15.58915559432933
5387,15.58915559432933
5388,15.58915559432933
5389,15.58915559432933
5390,15.58915559432933
5391,15.58915559432933
5392,15.58915559432933
5393,15.58915559432933
5394,15.58915559432933
5395,15.58915559432933
5396,15.58915559432933
5397,15.58915559432933
5398,15.58915559432933
5399,15.58915559432933
5400,15.58915559432933
5401,15.58915559432933
5402,15.58915559432933
5403,15.58915559432933
5404,15.58915559432933
5405,15.58915559432933
5406,15.58915559432933
5407,15.58915559432933
5408,15.58915559432933
5409,15.58915559432933
5410,15.58915559432933
5411,15.58915559432933
5412,15.58915559432933
5413,15.58915559432933
5414,15.58915559432933
5415,15.58915559432933
5416,15.58915559432933
5417,15.58915559432933
5418,15.58915559432933
5419,15.58915559432933
5420,15.58915559432933
5421,15.58915559432933
5422,15.58915559432933
5423,15.58915559432933
5424,15.58915559432933
5425,15.58915559432933
5426,15.58915559432933
5427,15.58915559432933
5428,15.58915559432933
5429,15.58915559432933
5430,15.58915559432933
5431,15.58915559432933
5432,15.58915559432933
5433,15.58915559432933
5434,15.58915559432933
5435,15.58915559432933
5436,15.58915559432933
5437,15.58915559432933
5438,15.58915559432933
5439,15.58915559432933
5440,15.58915559432933
5441,15.58915559432933
5442,15.58915559432933
5443,15.58915559432933
5444,15.58915559432933
5445,15.58915559432933
5446,15.58915559432933
5447,15.58915559432933
5448,15.58915559432933
5449,15.58915559432933
5450,15.58915559432933
5451,15.58915559432933
5452,15.58915559432933
5453,15.58915559432933
5454,15.58915559432933
5455,15.58915559432933
5456,15.58915559432933
5457,15.58915559432933
5458,15.58915559432933
5459,15.58915559432933
5460,15.58915559432933
5461,15.58915559432933
5462,15.58915559432933
5463,15.58915559432933
5464,15.58915559432933
5465,15.58915559432933
5466,15.58915559432933
5467,15.58915559432933
5468,15.58915559432933
5469,15.58915559432933
5470,15.58915559432933
5471,15.58915559432933
5472,15.58915559432933
5473,15.58915559432933
5474,15.58915559432933
5475,15.58915559432933
5476,15.58915559432933
5477,15.58915559432933
5478,15.58915559432933
5479,15.58915559432933
5480,15.58915559432933
5481,15.58915559432933
5482,15.58915559432933
5483,15.58915559432933
5484,15.58915559432933
5485,15.58915559432933
5486,15.58915559432933
5487,15.58915559432933
5488,15.58915559432933
5489,15.58915559432933
5490,15.58915559432933
5491,15.58915559432933
5492,15.58915559432933
5493,15.58915559432933
5494,15.58915559432933
5495,15.58915559432933
5496,15.58915559432933
5497,15.58915559432933
5498,15.58915559432933
5499,15.58915559432933
5500,15.58915559432933
5501,15.58915559432933
5502,15.58915559432933
5503,15.58915559432933
5504,15.58915559432933
5505,15.58915559432933
5506,15.58915559432933
5507,15.58915559432933
5508,15.58915559432933
5509,15.58915559432933
5510,15.58915559432933
5511,15.58915559432933
5512,15.58915559432933
5513,15.58915559432933
5514,15.58915559432933
5515,15.58915559432933
5516,15.58915559432933
5517,15.58915559432933
5518,15.58915559432933
5519,15.58915559432933
5520,15.58915559432933
5521,15.58915559432933
5522,15.58915559432933
5523,15.58915559432933
5524,15.58915559432933
5525,15.58915559432933
5526,15.58915559432933
5527,15.58915559432933
5528,15.58915559432933
5529,15.58915559432933
5530,15.58915559432933
5531,15.58915559432933
5532,15.58915559432933
5533,15.58915559432933
5534,15.58915559432933
5535,15.58915559432933
5536,15.58915559432933
5537,15.58915559432933
5538,15.58915559432933
5539,15.58915559432933
5540,15.58915559432933
5541,15.58915559432933
5542,15.58915559432933
5543,15.58915559432933
5544,15.58915559432933
5545,15.58915559432933
5546,15.58915559432933
5547,15.58915559432933
5548,15.58915559432933
5549,15.58915559432933
5550,15.58915559432933
5551,15.58915559432933
5552,15.58915559432933
5553,15.58915559432933
5554,15.58915559432933
5555,15.58915559432933
5556,15.58915559432933
5557,15.58915559432933
5558,15.58915559432933
5559,15.58915559432933
5560,15.58915559432933
5561,15.58915559432933
5562,15.58915559432933
5563,15.58915559432933
5564,15.58915559432933
5565,15.58915559432933
5566,15.58915559432933
5567,15.58915559432933
5568,15.58915559432933
5569,15.58915559432933
5570,15.58915559432933
5571,15.58915559432933
5572,15.58915559432933
5573,15.58915559432933
5574,15.58915559432933
5575,15.58915559432933
5576,15.58915559432933
5577,15.58915559432933
5578,15.58915559432933
5579,15.58915559432933
5580,15.58915559432933
5581,15.58915559432933
5582,15.58915559432933
5583,15.58915559432933
5584,15.58915559432933
5585,15.58915559432933
5586,15.58915559432933
5587,15.58915559432933
5588,15.58915559432933
5589,15.58915559432933
5590,15.58915559432933
5591,15.58915559432933
5592,15.58915559432933
5593,15.58915559432933
5594,15.58915559432933
5595,15.58915559432933
5596,15.58915559432933
5597,15.58915559432933
5598,15.58915559432933
5599,15.58915559432933
5600,15.58915559432933
5601,15.58915559432933
5602,15.58915559432933
5603,15.58915559432933
5604,15.58915559432933
5605,15.58915559432933
5606,15.58915559432933
5607,15.58915559432933
5608,15.58915559432933
5609,15.58915559432933
5610,15.58915559432933
5611,15.58915559432933
5612,15.58915559432933
5613,15.58915559432933
5614,15.58915559432933
5615,15.58915559432933
5616,15.58915559432933
5617,15.58915559432933
5618,15.58915559432933
5619,15.58915559432933
5620,15.58915559432933
5621,15.58915559432933
5622,15.58915559432933
5623,15.58915559432933
5624,15.58915559432933
5625,15.58915559432933
5626,15.58915559432933
5627,15.58915559432933
5628,15.58915559432933
5629,15.58915559432933
5630,15.58915559432933
5631,15.58915559432933
5632,15.58915559432933
5633,15.58915559432933
5634,15.58915559432933
5635,15.58915559432933
5636,15.58915559432933
5637,15.58915559432933
5638,15.58915559432933
5639,15.58915559432933
5640,15.58915559432933
5641,15.58915559432933
5642,15.58915559432933
5643,15.58915559432933
5644,15.58915559432933
5645,15.58915559432933
5646,15.58915559432933
5647,15.58915559432933
5648,15.58915559432933
5649,15.58915559432933
5650,15.58915559432933
5651,15.58915559432933
5652,15.58915559432933
5653,15.58915559432933
5654,15.58915559432933
5655,15.58915559432933
5656,15.58915559432933
5657,15.58915559432933
5658,15.58915559432933
5659,15.58915559432933
5660,15.58915559432933
5661,15.58915559432933
5662,15.58915559432933
5663,15.58915559432933
5664,15.58915559432933
5665,15.58915559432933
5666,15.58915559432933
5667,15.58915559432933
5668,15.58915559432933
5669,15.58915559432933
5670,15.58915559432933
5671,15.58915559432933
5672,15.58915559432933
5673,15.58915559432933
5674,15.58915559432933
5675,15.58915559432933
5676,15.58915559432933
5677,15.58915559432933
5678,15.58915559432933
5679,15.58915559432933
5680,15.58915559432933
5681,15.58915559432933
5682,15.58915559432933
5683,15.58915559432933
5684,15.58915559432933
5685,15.58915559432933
5686,15.58915559432933
5687,15.58915559432933
5688,15.58915559432933
5689,15.58915559432933
5690,15.58915559432933
5691,15.58915559432933
5692,15.58915559432933
5693,15.58915559432933
5694,15.58915559432933
5695,15.58915559432933
5696,15.58915559432933
5697,15.58915559432933
5698,15.58915559432933
5699,15.58915559432933
5700,15.58915559432933
5701,15.58915559432933
5702,15.58915559432933
5703,15.58915559432933
5704,15.58915559432933
5705,15.58915559432933
5706,15.58915559432933
5707,15.58915559432933
5708,15.58915559432933
5709,15.58915559432933
5710,15.58915559432933
5711,15.58915559432933
5712,15.58915559432933
5713,15.58915559432933
5714,15.58915559432933
5715,15.58915559432933
5716,15.58915559432933
5717,15.58915559432933
5718,15.58915559432933
5719,15.58915559432933
5720,15.58915559432933
5721,15.58915559432933
5722,15.58915559432933
5723,15.58915559432933
5724,15.58915559432933
5725,15.58915559432933
5726,15.58915559432933
5727,15.58915559432933
5728,15.58915559432933
5729,15.58915559432933
5730,15.58915559432933
5731,15.58915559432933
5732,15.58915559432933
5733,15.58915559432933
5734,15.58915559432933
5735,15.58915559432933
5736,15.58915559432933
5737,15.58915559432933
5738,15.58915559432933
5739,15.58915559432933
5740,15.58915559432933
5741,15.58915559432933
5742,15.58915559432933
5743,15.58915559432933
5744,15.58915559432933
5745,15.58915559432933
5746,15.58915559432933
5747,15.58915559432933
5748,15.58915559432933
5749,15.58915559432933
5750,15.58915559432933
5751,15.58915559432933
5752,15.58915559432933
5753,15.58915559432933
5754,15.58915559432933
5755,15.58915559432933
5756,15.58915559432933
5757,15.58915559432933
5758,15.58915559432933
5759,15.58915559432933
5760,15.58915559432933
5761,15.58915559432933
5762,15.58915559432933
5763,15.58915559432933
5764,15.58915559432933
5765,15.58915559432933
5766,15.58915559432933
5767,15.58915559432933
5768,15.58915559432933
5769,15.58915559432933
5770,15.58915559432933
5771,15.58915559432933
5772,15.58915559432933
5773,15.58915559432933
5774,15.58915559432933
5775,15.58915559432933
5776,15.58915559432933
5777,15.58915559432933
5778,15.58915559432933
5779,15.58915559432933
5780,15.58915559432933
5781,15.58915559432933
5782,15.58915559432933
5783,15.58915559432933
5784,15.58915559432933
5785,15.58915559432933
5786,15.58915559432933
5787,15.58915559432933
5788,15.58915559432933
5789,15.58915559432933
5790,15.58915559432933
5791,15.58915559432933
5792,15.58915559432933
5793,15.58915559432933
5794,15.58915559432933
5795,15.58915559432933
5796,15.58915559432933
5797,15.58915559432933
5798,15.58915559432933
5799,15.58915559432933
5800,15.58915559432933
5801,15.58915559432933
5802,15.58915559432933
5803,15.58915559432933
5804,15.58915559432933
5805,15.58915559432933
5806,15.58915559432933
5807,15.58915559432933
5808,15.58915559432933
5809,15.58915559432933
5810,15.58915559432933
5811,15.58915559432933
5812,15.58915559432933
5813,15.58915559432933
5814,15.58915559432933
5815,15.58915559432933
5816,15.58915559432933
5817,15.58915559432933
5818,15.58915559432933
5819,15.58915559432933
5820,15.58915559432933
5821,15.58915559432933
5822,15.58915559432933
5823,15.58915559432933
5824,15.58915559432933
5825,15.58915559432933
5826,15.58915559432933
5827,15.58915559432933
5828,15.58915559432933
5829,15.58915559432933
5830,15.58915559432933
5831,15.58915559432933
5832,15.58915559432933
5833,15.58915559432933
5834,15.58915559432933
5835,15.58915559432933
5836,15.58915559432933
5837,15.58915559432933
5838,15.58915559432933
5839,15.58915559432933
5840,15.58915559432933
5841,15.58915559432933
5842,15.58915559432933
5843,15.58915559432933
5844,15.58915559432933
5845,15.58915559432933
5846,15.58915559432933
5847,15.58915559432933
5848,15.58915559432933
5849,15.58915559432933
5850,15.58915559432933
5851,15.58915559432933
5852,15.58915559432933
5853,15.58915559432933
5854,15.58915559432933
5855,15.58915559432933
5856,15.58915559432933
5857,15.58915559432933
5858,15.58915559432933
5859,15.58915559432933
5860,15.58915559432933
5861,15.58915559432933
5862,15.58915559432933
5863,15.58915559432933
5864,15.58915559432933
5865,15.58915559432933
5866,15.58915559432933
5867,15.58915559432933
5868,15.58915559432933
5869,15.58915559432933
5870,15.58915559432933
5871,15.58915559432933
5872,15.58915559432933
5873,15.58915559432933
5874,15.58915559432933
5875,15.58915559432933
5876,15.58915559432933
5877,15.58915559432933
5878,15.58915559432933
5879,15.58915559432933
5880,15.58915559432933
5881,15.58915559432933
5882,15.58915559432933
5883,15.58915559432933
5884,15.58915559432933
5885,15.58915559432933
5886,15.58915559432933
5887,15.58915559432933
5888,15.58915559432933
5889,15.58915559432933
5890,15.58915559432933
5891,15.58915559432933
5892,15.58915559432933
5893,15.58915559432933
5894,15.58915559432933
5895,15.58915559432933
5896,15.58915559432933
5897,15.58915559432933
5898,15.58915559432933
5899,15.58915559432933
5900,15.58915559432933
5901,15.58915559432933
5902,15.58915559432933
5903,15.58915559432933
5904,15.58915559432933
5905,15.58915559432933
5906,15.58915559432933
5907,15.58915559432933
5908,15.58915559432933
5909,15.58915559432933
5910,15.58915559432933
5911,15.58915559432933
5912,15.58915559432933
5913,15.58915559432933
5914,15.58915559432933
5915,15.58915559432933
5916,15.58915559432933
5917,15.58915559432933
5918,15.58915559432933
5919,15.58915559432933
5920,15.58915559432933
5921,15.58915559432933
5922,15.58915559432933
5923,15.58915559432933
5924,15.58915559432933
5925,15.58915559432933
5926,15.58915559432933
5927,15.58915559432933
5928,15.58915559432933
5929,15.58915559432933
5930,15.58915559432933
5931,15.58915559432933
5932,15.58915559432933
5933,15.58915559432933
5934,15.58915559432933
5935,15.58915559432933
5936,15.58915559432933
5937,15.58915559432933
5938,15.58915559432933
5939,15.58915559432933
5940,15.58915559432933
5941,15.58915559432933
5942,15.58915559432933
5943,15.58915559432933
5944,15.58915559432933
5945,15.58915559432933
5946,15.58915559432933
5947,15.58915559432933
5948,15.58915559432933
5949,15.58915559432933
5950,15.58915559432933
5951,15.58915559432933
5952,15.58915559432933
5953,15.58915559432933
5954,15.58915559432933
5955,15.58915559432933
5956,15.58915559432933
5957,15.58915559432933
5958,15.58915559432933
5959,15.58915559432933
5960,15.58915559432933
5961,15.58915559432933
5962,15.58915559432933
5963,15.58915559432933
5964,15.58915559432933
5965,15.58915559432933
5966,15.58915559432933
5967,15.58915559432933
5968,15.58915559432933
5969,15.58915559432933
5970,15.58915559432933
5971,15.58915559432933
5972,15.58915559432933
5973,15.58915559432933
5974,15.58915559432933
5975,15.58915559432933
5976,15.58915559432933
5977,15.58915559432933
5978,15.58915559432933
5979,15.58915559432933
5980,15.58915559432933
5981,15.58915559432933
5982,15.58915559432933
5983,15.58915559432933
5984,15.58915559432933
5985,15.58915559432933
5986,15.58915559432933
5987,15.58915559432933
5988,15.58915559432933
5989,15.58915559432933
5990,15.58915559432933
5991,15.58915559432933
5992,15.58915559432933
5993,15.58915559432933
5994,15.58915559432933
5995,15.58915559432933
5996,15.58915559432933
5997,15.58915559432933
5998,15.58915559432933
5999,15.58915559432933
6000,15.58915559432933
6001,15.58915559432933
6002,15.58915559432933
6003,15.58915559432933
6004,15.58915559432933
6005,15.58915559432933
6006,15.58915559432933
6007,15.58915559432933
6008,15.58915559432933
6009,15.58915559432933
6010,15.58915559432933
6011,15.58915559432933
6012,15.58915559432933
6013,15.58915559432933
6014,15.58915559432933
6015,15.58915559432933
6016,15.58915559432933
6017,15.58915559432933
6018,15.58915559432933
6019,15.58915559432933
6020,15.58915559432933
6021,15.58915559432933
6022,15.58915559432933
6023,15.58915559432933
6024,15.58915559432933
6025,15.58915559432933
6026,15.58915559432933
6027,15.58915559432933
6028,15.58915559432933
6029,15.58915559432933
6030,15.58915559432933
6031,15.58915559432933
6032,15.58915559432933
6033,15.58915559432933
6034,15.58915559432933
6035,15.58915559432933
6036,15.58915559432933
6037,15.58915559432933
6038,15.58915559432933
6039,15.58915559432933
6040,15.58915559432933
6041,15.58915559432933
6042,15.58915559432933
6043,15.58915559432933
6044,15.58915559432933
6045,15.58915559432933
6046,15.58915559432933
6047,15.58915559432933
6048,15.58915559432933
6049,15.58915559432933
6050,15.58915559432933
6051,15.58915559432933
6052,15.58915559432933
6053,15.58915559432933
6054,15.58915559432933
6055,15.58915559432933
6056,15.58915559432933
6057,15.58915559432933
6058,15.58915559432933
6059,15.58915559432933
6060,15.58915559432933
6061,15.58915559432933
6062,15.58915559432933
6063,15.58915559432933
6064,15.58915559432933
6065,15.58915559432933
6066,15.58915559432933
6067,15.58915559432933
6068,15.58915559432933
6069,15.58915559432933
6070,15.58915559432933
6071,15.58915559432933
6072,15.58915559432933
6073,15.58915559432933
6074,15.58915559432933
6075,15.58915559432933
6076,15.58915559432933
6077,15.58915559432933
6078,15.58915559432933
6079,15.58915559432933
6080,15.58915559432933
6081,15.58915559432933
6082,15.58915559432933
6083,15.58915559432933
6084,15.58915559432933
6085,15.58915559432933
6086,15.58915559432933
6087,15.58915559432933
6088,15.58915559432933
6089,15.58915559432933
6090,15.58915559432933
6091,15.58915559432933
6092,15.58915559432933
6093,15.58915559432933
6094,15.58915559432933
6095,15.58915559432933
6096,15.58915559432933
6097,15.58915559432933
6098,15.58915559432933
6099,15.58915559432933
6100,15.58915559432933
6101,15.58915559432933
6102,15.58915559432933
6103,15.58915559432933
6104,15.58915559432933
6105,15.58915559432933
6106,15.58915559432933
6107,15.58915559432933
6108,15.58915559432933
6109,15.58915559432933
6110,15.58915559432933
6111,15.58915559432933
6112,15.58915559432933
6113,15.58915559432933
6114,15.58915559432933
6115,15.58915559432933
6116,15.58915559432933
6117,15.58915559432933
6118,15.58915559432933
6119,15.58915559432933
6120,15.58915559432933
6121,15.58915559432933
6122,15.58915559432933
6123,15.58915559432933
6124,15.58915559432933
6125,15.58915559432933
6126,15.58915559432933
6127,15.58915559432933
6128,15.58915559432933
6129,15.58915559432933
6130,15.58915559432933
6131,15.58915559432933
6132,15.58915559432933
6133,15.58915559432933
6134,15.58915559432933
6135,15.58915559432933
6136,15.58915559432933
6137,15.58915559432933
6138,15.58915559432933
6139,15.58915559432933
6140,15.58915559432933
6141,15.58915559432933
6142,15.58915559432933
6143,15.58915559432933
6144,15.58915559432933
6145,15.58915559432933
6146,15.58915559432933
6147,15.58915559432933
6148,15.58915559432933
6149,15.58915559432933
6150,15.58915559432933
6151,15.58915559432933
6152,15.58915559432933
6153,15.58915559432933
6154,15.58915559432933
6155,15.58915559432933
6156,15.58915559432933
6157,15.58915559432933
6158,15.58915559432933
6159,15.58915559432933
6160,15.58915559432933
6161,15.58915559432933
6162,15.58915559432933
6163,15.58915559432933
6164,15.58915559432933
6165,15.58915559432933
6166,15.58915559432933
6167,15.58915559432933
6168,15.58915559432933
6169,15.58915559432933
6170,15.58915559432933
6171,15.58915559432933
6172,15.58915559432933
6173,15.58915559432933
6174,15.58915559432933
6175,15.58915559432933
6176,15.58915559432933
6177,15.58915559432933
6178,15.58915559432933
6179,15.58915559432933
6180,15.58915559432933
6181,15.58915559432933
6182,15.58915559432933
6183,15.58915559432933
6184,15.58915559432933
6185,15.58915559432933
6186,15.58915559432933
6187,15.58915559432933
6188,15.58915559432933
6189,15.58915559432933
6190,15.58915559432933
6191,15.58915559432933
6192,15.58915559432933
6193,15.58915559432933
6194,15.58915559432933
6195,15.58915559432933
6196,15.58915559432933
6197,15.58915559432933
6198,15.58915559432933
6199,15.58915559432933
6200,15.58915559432933
6201,15.58915559432933
6202,15.58915559432933
6203,15.58915559432933
6204,15.58915559432933
6205,15.58915559432933
6206,15.58915559432933
6207,15.58915559432933
6208,15.58915559432933
6209,15.58915559432933
6210,15.58915559432933
6211,15.58915559432933
6212,15.58915559432933
6213,15.58915559432933
6214,15.58915559432933
6215,15.58915559432933
6216,15.58915559432933
6217,15.58915559432933
6218,15.58915559432933
6219,15.58915559432933
6220,15.58915559432933
6221,15.58915559432933
6222,15.58915559432933
6223,15.58915559432933
6224,15.58915559432933
6225,15.58915559432933
6226,15.58915559432933
6227,15.58915559432933
6228,15.58915559432933
6229,15.58915559432933
6230,15.58915559432933
6231,15.58915559432933
6232,15.58915559432933
6233,15.58915559432933
6234,15.58915559432933
6235,15.58915559432933
6236,15.58915559432933
6237,15.58915559432933
6238,15.58915559432933
6239,15.58915559432933
6240,15.58915559432933
6241,15.58915559432933
6242,15.58915559432933
6243,15.58915559432933
6244,15.58915559432933
6245,15.58915559432933
6246,15.58915559432933
6247,15.58915559432933
6248,15.58915559432933
6249,15.58915559432933
6250,15.58915559432933
6251,15.58915559432933
6252,15.58915559432933
6253,15.58915559432933
6254,15.58915559432933
6255,15.58915559432933
6256,15.58915559432933
6257,15.58915559432933
6258,15.58915559432933
6259,15.58915559432933
6260,15.58915559432933
6261,15.58915559432933
6262,15.58915559432933
6263,15.58915559432933
6264,15.58915559432933
6265,15.58915559432933
6266,15.58915559432933
6267,15.58915559432933
6268,15.58915559432933
6269,15.58915559432933
6270,15.58915559432933
6271,15.58915559432933
6272,15.58915559432933
6273,15.58915559432933
6274,15.58915559432933
6275,15.58915559432933
6276,15.58915559432933
6277,15.58915559432933
6278,15.58915559432933
6279,15.58915559432933
6280,15.58915559432933
6281,15.58915559432933
6282,15.58915559432933
6283,15.58915559432933
6284,15.58915559432933
6285,15.58915559432933
6286,15.58915559432933
6287,15.58915559432933
6288,15.58915559432933
6289,15.58915559432933
6290,15.58915559432933
6291,15.58915559432933
6292,15.58915559432933
6293,15.58915559432933
6294,15.58915559432933
6295,15.58915559432933
6296,15.58915559432933
6297,15.58915559432933
6298,15.58915559432933
6299,15.58915559432933
6300,15.58915559432933
6301,15.58915559432933
6302,15.58915559432933
6303,15.58915559432933
6304,15.58915559432933
6305,15.58915559432933
6306,15.58915559432933
6307,15.58915559432933
6308,15.58915559432933
6309,15.58915559432933
6310,15.58915559432933
6311,15.58915559432933
6312,15.58915559432933
6313,15.58915559432933
6314,15.58915559432933
6315,15.58915559432933
6316,15.58915559432933
6317,15.58915559432933
6318,15.58915559432933
6319,15.58915559432933
6320,15.58915559432933
6321,15.58915559432933
6322,15.58915559432933
6323,15.58915559432933
6324,15.58915559432933
6325,15.58915559432933
6326,15.58915559432933
6327,15.58915559432933
6328,15.58915559432933
6329,15.58915559432933
6330,15.58915559432933
6331,15.58915559432933
6332,15.58915559432933
6333,15.58915559432933
6334,15.58915559432933
6335,15.58915559432933
6336,15.58915559432933
6337,15.58915559432933
6338,15.58915559432933
6339,15.58915559432933
6340,15.58915559432933
6341,15.58915559432933
6342,15.58915559432933
6343,15.58915559432933
6344,15.58915559432933
6345,15.58915559432933
6346,15.58915559432933
6347,15.58915559432933
6348,15.58915559432933
6349,15.58915559432933
6350,15.58915559432933
6351,15.58915559432933
6352,15.58915559432933
6353,15.58915559432933
6354,15.58915559432933
6355,15.58915559432933
6356,15.58915559432933
6357,15.58915559432933
6358,15.58915559432933
6359,15.58915559432933
6360,15.58915559432933
6361,15.58915559432933
6362,15.58915559432933
6363,15.58915559432933
6364,15.58915559432933
6365,15.58915559432933
6366,15.58915559432933
6367,15.58915559432933
6368,15.58915559432933
6369,15.58915559432933
6370,15.58915559432933
6371,15.58915559432933
6372,15.58915559432933
6373,15.58915559432933
6374,15.58915559432933
6375,15.58915559432933
6376,15.58915559432933
6377,15.58915559432933
6378,15.58915559432933
6379,15.58915559432933
6380,15.58915559432933
6381,15.58915559432933
6382,15.58915559432933
6383,15.58915559432933
6384,15.58915559432933
6385,15.58915559432933
6386,15.58915559432933
6387,15.58915559432933
6388,15.58915559432933
6389,15.58915559432933
6390,15.58915559432933
6391,15.58915559432933
6392,15.58915559432933
6393,15.58915559432933
6394,15.58915559432933
6395,15.58915559432933
6396,15.58915559432933
6397,15.58915559432933
6398,15.58915559432933
6399,15.58915559432933
6400,15.58915559432933
6401,15.58915559432933
6402,15.58915559432933
6403,15.58915559432933
6404,15.58915559432933
6405,15.58915559432933
6406,15.58915559432933
6407,15.58915559432933
6408,15.58915559432933
6409,15.58915559432933
6410,15.58915559432933
6411,15.58915559432933
6412,15.58915559432933
6413,15.58915559432933
6414,15.58915559432933
6415,15.58915559432933
6416,15.58915559432933
6417,15.58915559432933
6418,15.58915559432933
6419,15.58915559432933
6420,15.58915559432933
6421,15.58915559432933
6422,15.58915559432933
6423,15.58915559432933
6424,15.58915559432933
6425,15.58915559432933
6426,15.58915559432933
6427,15.58915559432933
6428,15.58915559432933
6429,15.58915559432933
6430,15.58915559432933
6431,15.58915559432933
6432,15.58915559432933
6433,15.58915559432933
6434,15.58915559432933
6435,15.58915559432933
6436,15.58915559432933
6437,15.58915559432933
6438,15.58915559432933
6439,15.58915559432933
6440,15.58915559432933
6441,15.58915559432933
6442,15.58915559432933
6443,15.58915559432933
6444,15.58915559432933
6445,15.58915559432933
6446,15.58915559432933
6447,15.58915559432933
6448,15.58915559432933
6449,15.58915559432933
6450,15.58915559432933
6451,15.58915559432933
6452,15.58915559432933
6453,15.58915559432933
6454,15.58915559432933
6455,15.58915559432933
6456,15.58915559432933
6457,15.58915559432933
6458,15.58915559432933
6459,15.58915559432933
6460,15.58915559432933
6461,15.58915559432933
6462,15.58915559432933
6463,15.58915559432933
6464,15.58915559432933
6465,15.58915559432933
6466,15.58915559432933
6467,15.58915559432933
6468,15.58915559432933
6469,15.58915559432933
6470,15.58915559432933
6471,15.58915559432933
6472,15.58915559432933
6473,15.58915559432933
6474,15.58915559432933
6475,15.58915559432933
6476,15.58915559432933
6477,15.58915559432933
6478,15.58915559432933
6479,15.58915559432933
6480,15.58915559432933
6481,15.58915559432933
6482,15.58915559432933
6483,15.58915559432933
6484,15.58915559432933
6485,15.58915559432933
6486,15.58915559432933
6487,15.58915559432933
6488,15.58915559432933
6489,15.58915559432933
6490,15.58915559432933
6491,15.58915559432933
6492,15.58915559432933
6493,15.58915559432933
6494,15.58915559432933
6495,15.58915559432933
6496,15.58915559432933
6497,15.58915559432933
6498,15.58915559432933
6499,15.58915559432933
6500,15.58915559432933
6501,15.58915559432933
6502,15.58915559432933
6503,15.58915559432933
6504,15.58915559432933
6505,15.58915559432933
6506,15.58915559432933
6507,15.58915559432933
6508,15.58915559432933
6509,15.58915559432933
6510,15.58915559432933
6511,15.58915559432933
6512,15.58915559432933
6513,15.58915559432933
6514,15.58915559432933
6515,15.58915559432933
6516,15.58915559432933
6517,15.58915559432933
6518,15.58915559432933
6519,15.58915559432933
6520,15.58915559432933
6521,15.58915559432933
6522,15.58915559432933
6523,15.58915559432933
6524,15.58915559432933
6525,15.58915559432933
6526,15.58915559432933
6527,15.58915559432933
6528,15.58915559432933
6529,15.58915559432933
6530,15.58915559432933
6531,15.58915559432933
6532,15.58915559432933
6533,15.58915559432933
6534,15.58915559432933
6535,15.58915559432933
6536,15.58915559432933
6537,15.58915559432933
6538,15.58915559432933
6539,15.58915559432933
6540,15.58915559432933
6541,15.58915559432933
6542,15.58915559432933
6543,15.58915559432933
6544,15.58915559432933
6545,15.58915559432933
6546,15.58915559432933
6547,15.58915559432933
6548,15.58915559432933
6549,15.58915559432933
6550,15.58915559432933
6551,15.58915559432933
6552,15.58915559432933
6553,15.58915559432933
6554,15.58915559432933
6555,15.58915559432933
6556,15.58915559432933
6557,15.58915559432933
6558,15.58915559432933
6559,15.58915559432933
6560,15.58915559432933
6561,15.58915559432933
6562,15.58915559432933
6563,15.58915559432933
6564,15.58915559432933
6565,15.58915559432933
6566,15.58915559432933
6567,15.58915559432933
6568,15.58915559432933
6569,15.58915559432933
6570,15.58915559432933
6571,15.58915559432933
6572,15.58915559432933
6573,15.58915559432933
6574,15.58915559432933
6575,15.58915559432933
6576,15.58915559432933
6577,15.58915559432933
6578,15.58915559432933
6579,15.58915559432933
6580,15.58915559432933
6581,15.58915559432933
6582,15.58915559432933
6583,15.58915559432933
6584,15.58915559432933
6585,15.58915559432933
6586,15.58915559432933
6587,15.58915559432933
6588,15.58915559432933
6589,15.58915559432933
6590,15.58915559432933
6591,15.58915559432933
6592,15.58915559432933
6593,15.58915559432933
6594,15.58915559432933
6595,15.58915559432933
6596,15.58915559432933
6597,15.58915559432933
6598,15.58915559432933
6599,15.58915559432933
6600,15.58915559432933
6601,15.58915559432933
6602,15.58915559432933
6603,15.58915559432933
6604,15.58915559432933
6605,15.58915559432933
6606,15.58915559432933
6607,15.58915559432933
6608,15.58915559432933
6609,15.58915559432933
6610,15.58915559432933
6611,15.58915559432933
6612,15.58915559432933
6613,15.58915559432933
6614,15.58915559432933
6615,15.58915559432933
6616,15.58915559432933
6617,15.58915559432933
6618,15.58915559432933
6619,15.58915559432933
6620,15.58915559432933
6621,15.58915559432933
6622,15.58915559432933
6623,15.58915559432933
6624,15.58915559432933
6625,15.58915559432933
6626,15.58915559432933
6627,15.58915559432933
6628,15.58915559432933
6629,15.58915559432933
6630,15.58915559432933
6631,15.58915559432933
6632,15.58915559432933
6633,15.58915559432933
6634,15.58915559432933
6635,15.58915559432933
6636,15.58915559432933
6637,15.58915559432933
6638,15.58915559432933
6639,15.58915559432933
6640,15.58915559432933
6641,15.58915559432933
6642,15.58915559432933
6643,15.58915559432933
6644,15.58915559432933
6645,15.58915559432933
6646,15.58915559432933
6647,15.58915559432933
6648,15.58915559432933
6649,15.58915559432933
6650,15.58915559432933
6651,15.58915559432933
6652,15.58915559432933
6653,15.58915559432933
6654,15.58915559432933
6655,15.58915559432933
6656,15.58915559432933
6657,15.58915559432933
6658,15.58915559432933
6659,15.58915559432933
6660,15.58915559432933
6661,15.58915559432933
6662,15.58915559432933
6663,15.58915559432933
6664,15.58915559432933
6665,15.58915559432933
6666,15.58915559432933
6667,15.58915559432933
6668,15.58915559432933
6669,15.58915559432933
6670,15.58915559432933
6671,15.58915559432933
6672,15.58915559432933
6673,15.58915559432933
6674,15.58915559432933
6675,15.58915559432933
6676,15.58915559432933
6677,15.58915559432933
6678,15.58915559432933
6679,15.58915559432933
6680,15.58915559432933
6681,15.58915559432933
6682,15.58915559432933
6683,15.58915559432933
6684,15.58915559432933
6685,15.58915559432933
6686,15.58915559432933
6687,15.58915559432933
6688,15.58915559432933
6689,15.58915559432933
6690,15.58915559432933
6691,15.58915559432933
6692,15.58915559432933
6693,15.58915559432933
6694,15.58915559432933
6695,15.58915559432933
6696,15.58915559432933
6697,15.58915559432933
6698,15.58915559432933
6699,15.58915559432933
6700,15.58915559432933
6701,15.58915559432933
6702,15.58915559432933
6703,15.58915559432933
6704,15.58915559432933
6705,15.58915559432933
6706,15.58915559432933
6707,15.58915559432933
6708,15.58915559432933
6709,15.58915559432933
6710,15.58915559432933
6711,15.58915559432933
6712,15.58915559432933
6713,15.58915559432933
6714,15.58915559432933
6715,15.58915559432933
6716,15.58915559432933
6717,15.58915559432933
6718,15.58915559432933
6719,15.58915559432933
6720,15.58915559432933
6721,15.58915559432933
6722,15.58915559432933
6723,15.58915559432933
6724,15.58915559432933
6725,15.58915559432933
6726,15.58915559432933
6727,15.58915559432933
6728,15.58915559432933
6729,15.58915559432933
6730,15.58915559432933
6731,15.58915559432933
6732,15.58915559432933
6733,15.58915559432933
6734,15.58915559432933
6735,15.58915559432933
6736,15.58915559432933
6737,15.58915559432933
6738,15.58915559432933
6739,15.58915559432933
6740,15.58915559432933
6741,15.58915559432933
6742,15.58915559432933
6743,15.58915559432933
6744,15.58915559432933
6745,15.58915559432933
6746,15.58915559432933
6747,15.58915559432933
6748,15.58915559432933
6749,15.58915559432933
6750,15.58915559432933
6751,15.58915559432933
6752,15.58915559432933
6753,15.58915559432933
6754,15.58915559432933
6755,15.58915559432933
6756,15.58915559432933
6757,15.58915559432933
6758,15.58915559432933
6759,15.58915559432933
6760,15.58915559432933
6761,15.58915559432933
6762,15.58915559432933
6763,15.58915559432933
6764,15.58915559432933
6765,15.58915559432933
6766,15.58915559432933
6767,15.58915559432933
6768,15.58915559432933
6769,15.58915559432933
6770,15.58915559432933
6771,15.58915559432933
6772,15.58915559432933
6773,15.58915559432933
6774,15.58915559432933
6775,15.58915559432933
6776,15.58915559432933
6777,15.58915559432933
6778,15.58915559432933
6779,15.58915559432933
6780,15.58915559432933
6781,15.58915559432933
6782,15.58915559432933
6783,15.58915559432933
6784,15.58915559432933
6785,15.58915559432933
6786,15.58915559432933
6787,15.58915559432933
6788,15.58915559432933
6789,15.58915559432933
6790,15.58915559432933
6791,15.58915559432933
6792,15.58915559432933
6793,15.58915559432933
6794,15.58915559432933
6795,15.58915559432933
6796,15.58915559432933
6797,15.58915559432933
6798,15.58915559432933
6799,15.58915559432933
6800,15.58915559432933
6801,15.58915559432933
6802,15.58915559432933
6803,15.58915559432933
6804,15.58915559432933
6805,15.58915559432933
6806,15.58915559432933
6807,15.58915559432933
6808,15.58915559432933
6809,15.58915559432933
6810,15.58915559432933
6811,15.58915559432933
6812,15.58915559432933
6813,15.58915559432933
6814,15.58915559432933
6815,15.58915559432933
6816,15.58915559432933
6817,15.58915559432933
6818,15.58915559432933
6819,15.58915559432933
6820,15.58915559432933
6821,15.58915559432933
6822,15.58915559432933
6823,15.58915559432933
6824,15.58915559432933
6825,15.58915559432933
6826,15.58915559432933
6827,15.58915559432933
6828,15.58915559432933
6829,15.58915559432933
6830,15.58915559432933
6831,15.58915559432933
6832,15.58915559432933
6833,15.58915559432933
6834,15.58915559432933
6835,15.58915559432933
6836,15.58915559432933
6837,15.58915559432933
6838,15.58915559432933
6839,15.58915559432933
6840,15.58915559432933
6841,15.58915559432933
6842,15.58915559432933
6843,15.58915559432933
6844,15.58915559432933
6845,15.58915559432933
6846,15.58915559432933
6847,15.58915559432933
6848,15.58915559432933
6849,15.58915559432933
6850,15.58915559432933
6851,15.58915559432933
6852,15.58915559432933
6853,15.58915559432933
6854,15.58915559432933
6855,15.58915559432933
6856,15.58915559432933
6857,15.58915559432933
6858,15.58915559432933
6859,15.58915559432933
6860,15.58915559432933
6861,15.58915559432933
6862,15.58915559432933
6863,15.58915559432933
6864,15.58915559432933
6865,15.58915559432933
6866,15.58915559432933
6867,15.58915559432933
6868,15.58915559432933
6869,15.58915559432933
6870,15.58915559432933
6871,15.58915559432933
6872,15.58915559432933
6873,15.58915559432933
6874,15.58915559432933
6875,15.58915559432933
6876,15.58915559432933
6877,15.58915559432933
6878,15.58915559432933
6879,15.58915559432933
6880,15.58915559432933
6881,15.58915559432933
6882,15.58915559432933
6883,15.58915559432933
6884,15.58915559432933
6885,15.58915559432933
6886,15.58915559432933
6887,15.58915559432933
6888,15.58915559432933
6889,15.58915559432933
6890,15.58915559432933
6891,15.58915559432933
6892,15.58915559432933
6893,15.58915559432933
6894,15.58915559432933
6895,15.58915559432933
6896,15.58915559432933
6897,15.58915559432933
6898,15.58915559432933
6899,15.58915559432933
6900,15.58915559432933
6901,15.58915559432933
6902,15.58915559432933
6903,15.58915559432933
6904,15.58915559432933
6905,15.58915559432933
6906,15.58915559432933
6907,15.58915559432933
6908,15.58915559432933
6909,15.58915559432933
6910,15.58915559432933
6911,15.58915559432933
6912,15.58915559432933
6913,15.58915559432933
6914,15.58915559432933
6915,15.58915559432933
6916,15.58915559432933
6917,15.58915559432933
6918,15.58915559432933
6919,15.58915559432933
6920,15.58915559432933
6921,15.58915559432933
6922,15.58915559432933
6923,15.58915559432933
6924,15.58915559432933
6925,15.58915559432933
6926,15.58915559432933
6927,15.58915559432933
6928,15.58915559432933
6929,15.58915559432933
6930,15.58915559432933
6931,15.58915559432933
6932,15.58915559432933
6933,15.58915559432933
6934,15.58915559432933
6935,15.58915559432933
6936,15.58915559432933
6937,15.58915559432933
6938,15.58915559432933
6939,15.58915559432933
6940,15.58915559432933
6941,15.58915559432933
6942,15.58915559432933
6943,15.58915559432933
6944,15.58915559432933
6945,15.58915559432933
6946,15.58915559432933
6947,15.58915559432933
6948,15.58915559432933
6949,15.58915559432933
6950,15.58915559432933
6951,15.58915559432933
6952,15.58915559432933
6953,15.58915559432933
6954,15.58915559432933
6955,15.58915559432933
6956,15.58915559432933
6957,15.58915559432933
6958,15.58915559432933
6959,15.58915559432933
6960,15.58915559432933
6961,15.58915559432933
6962,15.58915559432933
6963,15.58915559432933
6964,15.58915559432933
6965,15.58915559432933
6966,15.58915559432933
6967,15.58915559432933
6968,15.58915559432933
6969,15.58915559432933
6970,15.58915559432933
6971,15.58915559432933
6972,15.58915559432933
6973,15.58915559432933
6974,15.58915559432933
6975,15.58915559432933
6976,15.58915559432933
6977,15.58915559432933
6978,15.58915559432933
6979,15.58915559432933
6980,15.58915559432933
6981,15.58915559432933
6982,15.58915559432933
6983,15.58915559432933
6984,15.58915559432933
6985,15.58915559432933
6986,15.58915559432933
6987,15.58915559432933
6988,15.58915559432933
6989,15.58915559432933
6990,15.58915559432933
6991,15.58915559432933
6992,15.58915559432933
6993,15.58915559432933
6994,15.58915559432933
6995,15.58915559432933
6996,15.58915559432933
6997,15.58915559432933
6998,15.58915559432933
6999,15.58915559432933
7000,15.58915559432933
7001,15.58915559432933
7002,15.58915559432933
7003,15.58915559432933
7004,15.58915559432933
7005,15.58915559432933
7006,15.58915559432933
7007,15.58915559432933
7008,15.58915559432933
7009,15.58915559432933
7010,15.58915559432933
7011,15.58915559432933
7012,15.58915559432933
7013,15.58915559432933
7014,15.58915559432933
7015,15.58915559432933
7016,15.58915559432933
7017,15.58915559432933
7018,15.58915559432933
7019,15.58915559432933
7020,15.58915559432933
7021,15.58915559432933
7022,15.58915559432933
7023,15.58915559432933
7024,15.58915559432933
7025,15.58915559432933
7026,15.58915559432933
7027,15.58915559432933
7028,15.58915559432933
7029,15.58915559432933
7030,15.58915559432933
7031,15.58915559432933
7032,15.58915559432933
7033,15.58915559432933
7034,15.58915559432933
7035,15.58915559432933
7036,15.58915559432933
7037,15.58915559432933
7038,15.58915559432933
7039,15.58915559432933
7040,15.58915559432933
7041,15.58915559432933
7042,15.58915559432933
7043,15.58915559432933
7044,15.58915559432933
7045,15.58915559432933
7046,15.58915559432933
7047,15.58915559432933
7048,15.58915559432933
7049,15.58915559432933
7050,15.58915559432933
7051,15.58915559432933
7052,15.58915559432933
7053,15.58915559432933
7054,15.58915559432933
7055,15.58915559432933
7056,15.58915559432933
7057,15.58915559432933
7058,15.58915559432933
7059,15.58915559432933
7060,15.58915559432933
7061,15.58915559432933
7062,15.58915559432933
7063,15.58915559432933
7064,15.58915559432933
7065,15.58915559432933
7066,15.58915559432933
7067,15.58915559432933
7068,15.58915559432933
7069,15.58915559432933
7070,15.58915559432933
7071,15.58915559432933
7072,15.58915559432933
7073,15.58915559432933
7074,15.58915559432933
7075,15.58915559432933
7076,15.58915559432933
7077,15.58915559432933
7078,15.58915559432933
7079,15.58915559432933
7080,15.58915559432933
7081,15.58915559432933
7082,15.58915559432933
7083,15.58915559432933
7084,15.58915559432933
7085,15.58915559432933
7086,15.58915559432933
7087,15.58915559432933
7088,15.58915559432933
7089,15.58915559432933
7090,15.58915559432933
7091,15.58915559432933
7092,15.58915559432933
7093,15.58915559432933
7094,15.58915559432933
7095,15.58915559432933
7096,15.58915559432933
7097,15.58915559432933
7098,15.58915559432933
7099,15.58915559432933
7100,15.58915559432933
7101,15.58915559432933
7102,15.58915559432933
7103,15.58915559432933
7104,15.58915559432933
7105,15.58915559432933
7106,15.58915559432933
7107,15.58915559432933
7108,15.58915559432933
7109,15.58915559432933
7110,15.58915559432933
7111,15.58915559432933
7112,15.58915559432933
7113,15.58915559432933
7114,15.58915559432933
7115,15.58915559432933
7116,15.58915559432933
7117,15.58915559432933
7118,15.58915559432933
7119,15.58915559432933
7120,15.58915559432933
7121,15.58915559432933
7122,15.58915559432933
7123,15.58915559432933
7124,15.58915559432933
7125,15.58915559432933
7126,15.58915559432933
7127,15.58915559432933
7128,15.58915559432933
7129,15.58915559432933
7130,15.58915559432933
7131,15.58915559432933
7132,15.58915559432933
7133,15.58915559432933
7134,15.58915559432933
7135,15.58915559432933
7136,15.58915559432933
7137,15.58915559432933
7138,15.58915559432933
7139,15.58915559432933
7140,15.58915559432933
7141,15.58915559432933
7142,15.58915559432933
7143,15.58915559432933
7144,15.58915559432933
7145,15.58915559432933
7146,15.58915559432933
7147,15.58915559432933
7148,15.58915559432933
7149,15.58915559432933
7150,15.58915559432933
7151,15.58915559432933
7152,15.58915559432933
7153,15.58915559432933
7154,15.58915559432933
7155,15.58915559432933
7156,15.58915559432933
7157,15.58915559432933
7158,15.58915559432933
7159,15.58915559432933
7160,15.58915559432933
7161,15.58915559432933
7162,15.58915559432933
7163,15.58915559432933
7164,15.58915559432933
7165,15.58915559432933
7166,15.58915559432933
7167,15.58915559432933
7168,15.58915559432933
7169,15.58915559432933
7170,15.58915559432933
7171,15.58915559432933
7172,15.58915559432933
7173,15.58915559432933
7174,15.58915559432933
7175,15.58915559432933
7176,15.58915559432933
7177,15.58915559432933
7178,15.58915559432933
7179,15.58915559432933
7180,15.58915559432933
7181,15.58915559432933
7182,15.58915559432933
7183,15.58915559432933
7184,15.58915559432933
7185,15.58915559432933
7186,15.58915559432933
7187,15.58915559432933
7188,15.58915559432933
7189,15.58915559432933
7190,15.58915559432933
7191,15.58915559432933
7192,15.58915559432933
7193,15.58915559432933
7194,15.58915559432933
7195,15.58915559432933
7196,15.58915559432933
7197,15.58915559432933
7198,15.58915559432933
7199,15.58915559432933
7200,15.58915559432933
7201,15.58915559432933
7202,15.58915559432933
7203,15.58915559432933
7204,15.58915559432933
7205,15.58915559432933
7206,15.58915559432933
7207,15.58915559432933
7208,15.58915559432933
7209,15.58915559432933
7210,15.58915559432933
7211,15.58915559432933
7212,15.58915559432933
7213,15.58915559432933
7214,15.58915559432933
7215,15.58915559432933
7216,15.58915559432933
7217,15.58915559432933
7218,15.58915559432933
7219,15.58915559432933
7220,15.58915559432933
7221,15.58915559432933
7222,15.58915559432933
7223,15.58915559432933
7224,15.58915559432933
7225,15.58915559432933
7226,15.58915559432933
7227,15.58915559432933
7228,15.58915559432933
7229,15.58915559432933
7230,15.58915559432933
7231,15.58915559432933
7232,15.58915559432933
7233,15.58915559432933
7234,15.58915559432933
7235,15.58915559432933
7236,15.58915559432933
7237,15.58915559432933
7238,15.58915559432933
7239,15.58915559432933
7240,15.58915559432933
7241,15.58915559432933
7242,15.58915559432933
7243,15.58915559432933
7244,15.58915559432933
7245,15.58915559432933
7246,15.58915559432933
7247,15.58915559432933
7248,15.58915559432933
7249,15.58915559432933
7250,15.58915559432933
7251,15.58915559432933
7252,15.58915559432933
7253,15.58915559432933
7254,15.58915559432933
7255,15.58915559432933
7256,15.58915559432933
7257,15.58915559432933
7258,15.58915559432933
7259,15.58915559432933
7260,15.58915559432933
7261,15.58915559432933
7262,15.58915559432933
7263,15.58915559432933
7264,15.58915559432933
7265,15.58915559432933
7266,15.58915559432933
7267,15.58915559432933
7268,15.58915559432933
7269,15.58915559432933
7270,15.58915559432933
7271,15.58915559432933
7272,15.58915559432933
7273,15.58915559432933
7274,15.58915559432933
7275,15.58915559432933
7276,15.58915559432933
7277,15.58915559432933
7278,15.58915559432933
7279,15.58915559432933
7280,15.58915559432933
7281,15.58915559432933
7282,15.58915559432933
7283,15.58915559432933
7284,15.58915559432933
7285,15.58915559432933
7286,15.58915559432933
7287,15.58915559432933
7288,15.58915559432933
7289,15.58915559432933
7290,15.58915559432933
7291,15.58915559432933
7292,15.58915559432933
7293,15.58915559432933
7294,15.58915559432933
7295,15.58915559432933
7296,15.58915559432933
7297,15.58915559432933
7298,15.58915559432933
7299,15.58915559432933
7300,15.58915559432933
7301,15.58915559432933
7302,15.58915559432933
7303,15.58915559432933
7304,15.58915559432933
7305,15.58915559432933
7306,15.58915559432933
7307,15.58915559432933
7308,15.58915559432933
7309,15.58915559432933
7310,15.58915559432933
7311,15.58915559432933
7312,15.58915559432933
7313,15.58915559432933
7314,15.58915559432933
7315,15.58915559432933
7316,15.58915559432933
7317,15.58915559432933
7318,15.58915559432933
7319,15.58915559432933
7320,15.58915559432933
7321,15.58915559432933
7322,15.58915559432933
7323,15.58915559432933
7324,15.58915559432933
7325,15.58915559432933
7326,15.58915559432933
7327,15.58915559432933
7328,15.58915559432933
7329,15.58915559432933
7330,15.58915559432933
7331,15.58915559432933
7332,15.58915559432933
7333,15.58915559432933
7334,15.58915559432933
7335,15.58915559432933
7336,15.58915559432933
7337,15.58915559432933
7338,15.58915559432933
7339,15.58915559432933
7340,15.58915559432933
7341,15.58915559432933
7342,15.58915559432933
7343,15.58915559432933
7344,15.58915559432933
7345,15.58915559432933
7346,15.58915559432933
7347,15.58915559432933
7348,15.58915559432933
7349,15.58915559432933
7350,15.58915559432933
7351,15.58915559432933
7352,15.58915559432933
7353,15.58915559432933
7354,15.58915559432933
7355,15.58915559432933
7356,15.58915559432933
7357,15.58915559432933
7358,15.58915559432933
7359,15.58915559432933
7360,15.58915559432933
7361,15.58915559432933
7362,15.58915559432933
7363,15.58915559432933
7364,15.58915559432933
7365,15.58915559432933
7366,15.58915559432933
7367,15.58915559432933
7368,15.58915559432933
7369,15.58915559432933
7370,15.58915559432933
7371,15.58915559432933
7372,15.58915559432933
7373,15.58915559432933
7374,15.58915559432933
7375,15.58915559432933
7376,15.58915559432933
7377,15.58915559432933
7378,15.58915559432933
7379,15.58915559432933
7380,15.58915559432933
7381,15.58915559432933
7382,15.58915559432933
7383,15.58915559432933
7384,15.58915559432933
7385,15.58915559432933
7386,15.58915559432933
7387,15.58915559432933
7388,15.58915559432933
7389,15.58915559432933
7390,15.58915559432933
7391,15.58915559432933
7392,15.58915559432933
7393,15.58915559432933
7394,15.58915559432933
7395,15.58915559432933
7396,15.58915559432933
7397,15.58915559432933
7398,15.58915559432933
7399,15.58915559432933
7400,15.58915559432933
7401,15.58915559432933
7402,15.58915559432933
7403,15.58915559432933
7404,15.58915559432933
7405,15.58915559432933
7406,15.58915559432933
7407,15.58915559432933
7408,15.58915559432933
7409,15.58915559432933
7410,15.58915559432933
7411,15.58915559432933
7412,15.58915559432933
7413,15.58915559432933
7414,15.58915559432933
7415,15.58915559432933
7416,15.58915559432933
7417,15.58915559432933
7418,15.58915559432933
7419,15.58915559432933
7420,15.58915559432933
7421,15.58915559432933
7422,15.58915559432933
7423,15.58915559432933
7424,15.58915559432933
7425,15.58915559432933
7426,15.58915559432933
7427,15.58915559432933
7428,15.58915559432933
7429,15.58915559432933
7430,15.58915559432933
7431,15.58915559432933
7432,15.58915559432933
7433,15.58915559432933
7434,15.58915559432933
7435,15.58915559432933
7436,15.58915559432933
7437,15.58915559432933
7438,15.58915559432933
7439,15.58915559432933
7440,15.58915559432933
7441,15.58915559432933
7442,15.58915559432933
7443,15.58915559432933
7444,15.58915559432933
7445,15.58915559432933
7446,15.58915559432933
7447,15.58915559432933
7448,15.58915559432933
7449,15.58915559432933
7450,15.58915559432933
7451,15.58915559432933
7452,15.58915559432933
7453,15.58915559432933
7454,15.58915559432933
7455,15.58915559432933
7456,15.58915559432933
7457,15.58915559432933
7458,15.58915559432933
7459,15.58915559432933
7460,15.58915559432933
7461,15.58915559432933
7462,15.58915559432933
7463,15.58915559432933
7464,15.58915559432933
7465,15.58915559432933
7466,15.58915559432933
7467,15.58915559432933
7468,15.58915559432933
7469,15.58915559432933
7470,15.58915559432933
7471,15.58915559432933
7472,15.58915559432933
7473,15.58915559432933
7474,15.58915559432933
7475,15.58915559432933
7476,15.58915559432933
7477,15.58915559432933
7478,15.58915559432933
7479,15.58915559432933
7480,15.58915559432933
7481,15.58915559432933
7482,15.58915559432933
7483,15.58915559432933
7484,15.58915559432933
7485,15.58915559432933
7486,15.58915559432933
7487,15.58915559432933
7488,15.58915559432933
7489,15.58915559432933
7490,15.58915559432933
7491,15.58915559432933
7492,15.58915559432933
7493,15.58915559432933
7494,15.58915559432933
7495,15.58915559432933
7496,15.58915559432933
7497,15.58915559432933
7498,15.58915559432933
7499,15.58915559432933
7500,15.58915559432933
7501,15.58915559432933
7502,15.58915559432933
7503,15.58915559432933
7504,15.58915559432933
7505,15.58915559432933
7506,15.58915559432933
7507,15.58915559432933
7508,15.58915559432933
7509,15.58915559432933
7510,15.58915559432933
7511,15.58915559432933
7512,15.58915559432933
7513,15.58915559432933
7514,15.58915559432933
7515,15.58915559432933
7516,15.58915559432933
7517,15.58915559432933
7518,15.58915559432933
7519,15.58915559432933
7520,15.58915559432933
7521,15.58915559432933
7522,15.58915559432933
7523,15.58915559432933
7524,15.58915559432933
7525,15.58915559432933
7526,15.58915559432933
7527,15.58915559432933
7528,15.58915559432933
7529,15.58915559432933
7530,15.58915559432933
7531,15.58915559432933
7532,15.58915559432933
7533,15.58915559432933
7534,15.58915559432933
7535,15.58915559432933
7536,15.58915559432933
7537,15.58915559432933
7538,15.58915559432933
7539,15.58915559432933
7540,15.58915559432933
7541,15.58915559432933
7542,15.58915559432933
7543,15.58915559432933
7544,15.58915559432933
7545,15.58915559432933
7546,15.58915559432933
7547,15.58915559432933
7548,15.58915559432933
7549,15.58915559432933
7550,15.58915559432933
7551,15.58915559432933
7552,15.58915559432933
7553,15.58915559432933
7554,15.58915559432933
7555,15.58915559432933
7556,15.58915559432933
7557,15.58915559432933
7558,15.58915559432933
7559,15.58915559432933
7560,15.58915559432933
7561,15.58915559432933
7562,15.58915559432933
7563,15.58915559432933
7564,15.58915559432933
7565,15.58915559432933
7566,15.58915559432933
7567,15.58915559432933
7568,15.58915559432933
7569,15.58915559432933
7570,15.58915559432933
7571,15.58915559432933
7572,15.58915559432933
7573,15.58915559432933
7574,15.58915559432933
7575,15.58915559432933
7576,15.58915559432933
7577,15.58915559432933
7578,15.58915559432933
7579,15.58915559432933
7580,15.58915559432933
7581,15.58915559432933
7582,15.58915559432933
7583,15.58915559432933
7584,15.58915559432933
7585,15.58915559432933
7586,15.58915559432933
7587,15.58915559432933
7588,15.58915559432933
7589,15.58915559432933
7590,15.58915559432933
7591,15.58915559432933
7592,15.58915559432933
7593,15.58915559432933
7594,15.58915559432933
7595,15.58915559432933
7596,15.58915559432933
7597,15.58915559432933
7598,15.58915559432933
7599,15.58915559432933
7600,15.58915559432933
7601,15.58915559432933
7602,15.58915559432933
7603,15.58915559432933
7604,15.58915559432933
7605,15.58915559432933
7606,15.58915559432933
7607,15.58915559432933
7608,15.58915559432933
7609,15.58915559432933
7610,15.58915559432933
7611,15.58915559432933
7612,15.58915559432933
7613,15.58915559432933
7614,15.58915559432933
7615,15.58915559432933
7616,15.58915559432933
7617,15.58915559432933
7618,15.58915559432933
7619,15.58915559432933
7620,15.58915559432933
7621,15.58915559432933
7622,15.58915559432933
7623,15.58915559432933
7624,15.58915559432933
7625,15.58915559432933
7626,15.58915559432933
7627,15.58915559432933
7628,15.58915559432933
7629,15.58915559432933
7630,15.58915559432933
7631,15.58915559432933
7632,15.58915559432933
7633,15.58915559432933
7634,15.58915559432933
7635,15.58915559432933
7636,15.58915559432933
7637,15.58915559432933
7638,15.58915559432933
7639,15.58915559432933
7640,15.58915559432933
7641,15.58915559432933
7642,15.58915559432933
7643,15.58915559432933
7644,15.58915559432933
7645,15.58915559432933
7646,15.58915559432933
7647,15.58915559432933
7648,15.58915559432933
7649,15.58915559432933
7650,15.58915559432933
7651,15.58915559432933
7652,15.58915559432933
7653,15.58915559432933
7654,15.58915559432933
7655,15.58915559432933
7656,15.58915559432933
7657,15.58915559432933
7658,15.58915559432933
7659,15.58915559432933
7660,15.58915559432933
7661,15.58915559432933
7662,15.58915559432933
7663,15.58915559432933
7664,15.58915559432933
7665,15.58915559432933
7666,15.58915559432933
7667,15.58915559432933
7668,15.58915559432933
7669,15.58915559432933
7670,15.58915559432933
7671,15.58915559432933
7672,15.58915559432933
7673,15.58915559432933
7674,15.58915559432933
7675,15.58915559432933
7676,15.58915559432933
7677,15.58915559432933
7678,15.58915559432933
7679,15.58915559432933
7680,15.58915559432933
7681,15.58915559432933
7682,15.58915559432933
7683,15.58915559432933
7684,15.58915559432933
7685,15.58915559432933
7686,15.58915559432933
7687,15.58915559432933
7688,15.58915559432933
7689,15.58915559432933
7690,15.58915559432933
7691,15.58915559432933
7692,15.58915559432933
7693,15.58915559432933
7694,15.58915559432933
7695,15.58915559432933
7696,15.58915559432933
7697,15.58915559432933
7698,15.58915559432933
7699,15.58915559432933
7700,15.58915559432933
7701,15.58915559432933
7702,15.58915559432933
7703,15.58915559432933
7704,15.58915559432933
7705,15.58915559432933
7706,15.58915559432933
7707,15.58915559432933
7708,15.58915559432933
7709,15.58915559432933
7710,15.58915559432933
7711,15.58915559432933
7712,15.58915559432933
7713,15.58915559432933
7714,15.58915559432933
7715,15.58915559432933
7716,15.58915559432933
7717,15.58915559432933
7718,15.58915559432933
7719,15.58915559432933
7720,15.58915559432933
7721,15.58915559432933
7722,15.58915559432933
7723,15.58915559432933
7724,15.58915559432933
7725,15.58915559432933
7726,15.58915559432933
7727,15.58915559432933
7728,15.58915559432933
7729,15.58915559432933
7730,15.58915559432933
7731,15.58915559432933
7732,15.58915559432933
7733,15.58915559432933
7734,15.58915559432933
7735,15.58915559432933
7736,15.58915559432933
7737,15.58915559432933
7738,15.58915559432933
7739,15.58915559432933
7740,15.58915559432933
7741,15.58915559432933
7742,15.58915559432933
7743,15.58915559432933
7744,15.58915559432933
7745,15.58915559432933
7746,15.58915559432933
7747,15.58915559432933
7748,15.58915559432933
7749,15.58915559432933
7750,15.58915559432933
7751,15.58915559432933
7752,15.58915559432933
7753,15.58915559432933
7754,15.58915559432933
7755,15.58915559432933
7756,15.58915559432933
7757,15.58915559432933
7758,15.58915559432933
7759,15.58915559432933
7760,15.58915559432933
7761,15.58915559432933
7762,15.58915559432933
7763,15.58915559432933
7764,15.58915559432933
7765,15.58915559432933
7766,15.58915559432933
7767,15.58915559432933
7768,15.58915559432933
7769,15.58915559432933
7770,15.58915559432933
7771,15.58915559432933
7772,15.58915559432933
7773,15.58915559432933
7774,15.58915559432933
7775,15.58915559432933
7776,15.58915559432933
7777,15.58915559432933
7778,15.58915559432933
7779,15.58915559432933
7780,15.58915559432933
7781,15.58915559432933
7782,15.58915559432933
7783,15.58915559432933
7784,15.58915559432933
7785,15.58915559432933
7786,15.58915559432933
7787,15.58915559432933
7788,15.58915559432933
7789,15.58915559432933
7790,15.58915559432933
7791,15.58915559432933
7792,15.58915559432933
7793,15.58915559432933
7794,15.58915559432933
7795,15.58915559432933
7796,15.58915559432933
7797,15.58915559432933
7798,15.58915559432933
7799,15.58915559432933
7800,15.58915559432933
7801,15.58915559432933
7802,15.58915559432933
7803,15.58915559432933
7804,15.58915559432933
7805,15.58915559432933
7806,15.58915559432933
7807,15.58915559432933
7808,15.58915559432933
7809,15.58915559432933
7810,15.58915559432933
7811,15.58915559432933
7812,15.58915559432933
7813,15.58915559432933
7814,15.58915559432933
7815,15.58915559432933
7816,15.58915559432933
7817,15.58915559432933
7818,15.58915559432933
7819,15.58915559432933
7820,15.58915559432933
7821,15.58915559432933
7822,15.58915559432933
7823,15.58915559432933
7824,15.58915559432933
7825,15.58915559432933
7826,15.58915559432933
7827,15.58915559432933
7828,15.58915559432933
7829,15.58915559432933
7830,15.58915559432933
7831,15.58915559432933
7832,15.58915559432933
7833,15.58915559432933
7834,15.58915559432933
7835,15.58915559432933
7836,15.58915559432933
7837,15.58915559432933
7838,15.58915559432933
7839,15.58915559432933
7840,15.58915559432933
7841,15.58915559432933
7842,15.58915559432933
7843,15.58915559432933
7844,15.58915559432933
7845,15.58915559432933
7846,15.58915559432933
7847,15.58915559432933
7848,15.58915559432933
7849,15.58915559432933
7850,15.58915559432933
7851,15.58915559432933
7852,15.58915559432933
7853,15.58915559432933
7854,15.58915559432933
7855,15.58915559432933
7856,15.58915559432933
7857,15.58915559432933
7858,15.58915559432933
7859,15.58915559432933
7860,15.58915559432933
7861,15.58915559432933
7862,15.58915559432933
7863,15.58915559432933
7864,15.58915559432933
7865,15.58915559432933
7866,15.58915559432933
7867,15.58915559432933
7868,15.58915559432933
7869,15.58915559432933
7870,15.58915559432933
7871,15.58915559432933
7872,15.58915559432933
7873,15.58915559432933
7874,15.58915559432933
7875,15.58915559432933
7876,15.58915559432933
7877,15.58915559432933
7878,15.58915559432933
7879,15.58915559432933
7880,15.58915559432933
7881,15.58915559432933
7882,15.58915559432933
7883,15.58915559432933
7884,15.58915559432933
7885,15.58915559432933
7886,15.58915559432933
7887,15.58915559432933
7888,15.58915559432933
7889,15.58915559432933
7890,15.58915559432933
7891,15.58915559432933
7892,15.58915559432933
7893,15.58915559432933
7894,15.58915559432933
7895,15.58915559432933
7896,15.58915559432933
7897,15.58915559432933
7898,15.58915559432933
7899,15.58915559432933
7900,15.58915559432933
7901,15.58915559432933
7902,15.58915559432933
7903,15.58915559432933
7904,15.58915559432933
7905,15.58915559432933
7906,15.58915559432933
7907,15.58915559432933
7908,15.58915559432933
7909,15.58915559432933
7910,15.58915559432933
7911,15.58915559432933
7912,15.58915559432933
7913,15.58915559432933
7914,15.58915559432933
7915,15.58915559432933
7916,15.58915559432933
7917,15.58915559432933
7918,15.58915559432933
7919,15.58915559432933
7920,15.58915559432933
7921,15.58915559432933
7922,15.58915559432933
7923,15.58915559432933
7924,15.58915559432933
7925,15.58915559432933
7926,15.58915559432933
7927,15.58915559432933
7928,15.58915559432933
7929,15.58915559432933
7930,15.58915559432933
7931,15.58915559432933
7932,15.58915559432933
7933,15.58915559432933
7934,15.58915559432933
7935,15.58915559432933
7936,15.58915559432933
7937,15.58915559432933
7938,15.58915559432933
7939,15.58915559432933
7940,15.58915559432933
7941,15.58915559432933
7942,15.58915559432933
7943,15.58915559432933
7944,15.58915559432933
7945,15.58915559432933
7946,15.58915559432933
7947,15.58915559432933
7948,15.58915559432933
7949,15.58915559432933
7950,15.58915559432933
7951,15.58915559432933
7952,15.58915559432933
7953,15.58915559432933
7954,15.58915559432933
7955,15.58915559432933
7956,15.58915559432933
7957,15.58915559432933
7958,15.58915559432933
7959,15.58915559432933
7960,15.58915559432933
7961,15.58915559432933
7962,15.58915559432933
7963,15.58915559432933
7964,15.58915559432933
7965,15.58915559432933
7966,15.58915559432933
7967,15.58915559432933
7968,15.58915559432933
7969,15.58915559432933
7970,15.58915559432933
7971,15.58915559432933
7972,15.58915559432933
7973,15.58915559432933
7974,15.58915559432933
7975,15.58915559432933
7976,15.58915559432933
7977,15.58915559432933
7978,15.58915559432933
7979,15.58915559432933
7980,15.58915559432933
7981,15.58915559432933
7982,15.58915559432933
7983,15.58915559432933
7984,15.58915559432933
7985,15.58915559432933
7986,15.58915559432933
7987,15.58915559432933
7988,15.58915559432933
7989,15.58915559432933
7990,15.58915559432933
7991,15.58915559432933
7992,15.58915559432933
7993,15.58915559432933
7994,15.58915559432933
7995,15.58915559432933
7996,15.58915559432933
7997,15.58915559432933
7998,15.58915559432933
7999,15.58915559432933
8000,15.58915559432933
8001,15.58915559432933
8002,15.58915559432933
8003,15.58915559432933
8004,15.58915559432933
8005,15.58915559432933
8006,15.58915559432933
8007,15.58915559432933
8008,15.58915559432933
8009,15.58915559432933
8010,15.58915559432933
8011,15.58915559432933
8012,15.58915559432933
8013,15.58915559432933
8014,15.58915559432933
8015,15.58915559432933
8016,15.58915559432933
8017,15.58915559432933
8018,15.58915559432933
8019,15.58915559432933
8020,15.58915559432933
8021,15.58915559432933
8022,15.58915559432933
8023,15.58915559432933
8024,15.58915559432933
8025,15.58915559432933
8026,15.58915559432933
8027,15.58915559432933
8028,15.58915559432933
8029,15.58915559432933
8030,15.58915559432933
8031,15.58915559432933
8032,15.58915559432933
8033,15.58915559432933
8034,15.58915559432933
8035,15.58915559432933
8036,15.58915559432933
8037,15.58915559432933
8038,15.58915559432933
8039,15.58915559432933
8040,15.58915559432933
8041,15.58915559432933
8042,15.58915559432933
8043,15.58915559432933
8044,15.58915559432933
8045,15.58915559432933
8046,15.58915559432933
8047,15.58915559432933
8048,15.58915559432933
8049,15.58915559432933
8050,15.58915559432933
8051,15.58915559432933
8052,15.58915559432933
8053,15.58915559432933
8054,15.58915559432933
8055,15.58915559432933
8056,15.58915559432933
8057,15.58915559432933
8058,15.58915559432933
8059,15.58915559432933
8060,15.58915559432933
8061,15.58915559432933
8062,15.58915559432933
8063,15.58915559432933
8064,15.58915559432933
8065,15.58915559432933
8066,15.58915559432933
8067,15.58915559432933
8068,15.58915559432933
8069,15.58915559432933
8070,15.58915559432933
8071,15.58915559432933
8072,15.58915559432933
8073,15.58915559432933
8074,15.58915559432933
8075,15.58915559432933
8076,15.58915559432933
8077,15.58915559432933
8078,15.58915559432933
8079,15.58915559432933
8080,15.58915559432933
8081,15.58915559432933
8082,15.58915559432933
8083,15.58915559432933
8084,15.58915559432933
8085,15.58915559432933
8086,15.58915559432933
8087,15.58915559432933
8088,15.58915559432933
8089,15.58915559432933
8090,15.58915559432933
8091,15.58915559432933
8092,15.58915559432933
8093,15.58915559432933
8094,15.58915559432933
8095,15.58915559432933
8096,15.58915559432933
8097,15.58915559432933
8098,15.58915559432933
8099,15.58915559432933
8100,15.58915559432933
8101,15.58915559432933
8102,15.58915559432933
8103,15.58915559432933
8104,15.58915559432933
8105,15.58915559432933
8106,15.58915559432933
8107,15.58915559432933
8108,15.58915559432933
8109,15.58915559432933
8110,15.58915559432933
8111,15.58915559432933
8112,15.58915559432933
8113,15.58915559432933
8114,15.58915559432933
8115,15.58915559432933
8116,15.58915559432933
8117,15.58915559432933
8118,15.58915559432933
8119,15.58915559432933
8120,15.58915559432933
8121,15.58915559432933
8122,15.58915559432933
8123,15.58915559432933
8124,15.58915559432933
8125,15.58915559432933
8126,15.58915559432933
8127,15.58915559432933
8128,15.58915559432933
8129,15.58915559432933
8130,15.58915559432933
8131,15.58915559432933
8132,15.58915559432933
8133,15.58915559432933
8134,15.58915559432933
8135,15.58915559432933
8136,15.58915559432933
8137,15.58915559432933
8138,15.58915559432933
8139,15.58915559432933
8140,15.58915559432933
8141,15.58915559432933
8142,15.58915559432933
8143,15.58915559432933
8144,15.58915559432933
8145,15.58915559432933
8146,15.58915559432933
8147,15.58915559432933
8148,15.58915559432933
8149,15.58915559432933
8150,15.58915559432933
8151,15.58915559432933
8152,15.58915559432933
8153,15.58915559432933
8154,15.58915559432933
8155,15.58915559432933
8156,15.58915559432933
8157,15.58915559432933
8158,15.58915559432933
8159,15.58915559432933
8160,15.58915559432933
8161,15.58915559432933
8162,15.58915559432933
8163,15.58915559432933
8164,15.58915559432933
8165,15.58915559432933
8166,15.58915559432933
8167,15.58915559432933
8168,15.58915559432933
8169,15.58915559432933
8170,15.58915559432933
8171,15.58915559432933
8172,15.58915559432933
8173,15.58915559432933
8174,15.58915559432933
8175,15.58915559432933
8176,15.58915559432933
8177,15.58915559432933
8178,15.58915559432933
8179,15.58915559432933
8180,15.58915559432933
8181,15.58915559432933
8182,15.58915559432933
8183,15.58915559432933
8184,15.58915559432933
8185,15.58915559432933
8186,15.58915559432933
8187,15.58915559432933
8188,15.58915559432933
8189,15.58915559432933
8190,15.58915559432933
8191,15.58915559432933
8192,15.58915559432933
8193,15.58915559432933
8194,15.58915559432933
8195,15.58915559432933
8196,15.58915559432933
8197,15.58915559432933
8198,15.58915559432933
8199,15.58915559432933
8200,15.58915559432933
8201,15.58915559432933
8202,15.58915559432933
8203,15.58915559432933
8204,15.58915559432933
8205,15.58915559432933
8206,15.58915559432933
8207,15.58915559432933
8208,15.58915559432933
8209,15.58915559432933
8210,15.58915559432933
8211,15.58915559432933
8212,15.58915559432933
8213,15.58915559432933
8214,15.58915559432933
8215,15.58915559432933
8216,15.58915559432933
8217,15.58915559432933
8218,15.58915559432933
8219,15.58915559432933
8220,15.58915559432933
8221,15.58915559432933
8222,15.58915559432933
8223,15.58915559432933
8224,15.58915559432933
8225,15.58915559432933
8226,15.58915559432933
8227,15.58915559432933
8228,15.58915559432933
8229,15.58915559432933
8230,15.58915559432933
8231,15.58915559432933
8232,15.58915559432933
8233,15.58915559432933
8234,15.58915559432933
8235,15.58915559432933
8236,15.58915559432933
8237,15.58915559432933
8238,15.58915559432933
8239,15.58915559432933
8240,15.58915559432933
8241,15.58915559432933
8242,15.58915559432933
8243,15.58915559432933
8244,15.58915559432933
8245,15.58915559432933
8246,15.58915559432933
8247,15.58915559432933
8248,15.58915559432933
8249,15.58915559432933
8250,15.58915559432933
8251,15.58915559432933
8252,15.58915559432933
8253,15.58915559432933
8254,15.58915559432933
8255,15.58915559432933
8256,15.58915559432933
8257,15.58915559432933
8258,15.58915559432933
8259,15.58915559432933
8260,15.58915559432933
8261,15.58915559432933
8262,15.58915559432933
8263,15.58915559432933
8264,15.58915559432933
8265,15.58915559432933
8266,15.58915559432933
8267,15.58915559432933
8268,15.58915559432933
8269,15.58915559432933
8270,15.58915559432933
8271,15.58915559432933
8272,15.58915559432933
8273,15.58915559432933
8274,15.58915559432933
8275,15.58915559432933
8276,15.58915559432933
8277,15.58915559432933
8278,15.58915559432933
8279,15.58915559432933
8280,15.58915559432933
8281,15.58915559432933
8282,15.58915559432933
8283,15.58915559432933
8284,15.58915559432933
8285,15.58915559432933
8286,15.58915559432933
8287,15.58915559432933
8288,15.58915559432933
8289,15.58915559432933
8290,15.58915559432933
8291,15.58915559432933
8292,15.58915559432933
8293,15.58915559432933
8294,15.58915559432933
8295,15.58915559432933
8296,15.58915559432933
8297,15.58915559432933
8298,15.58915559432933
8299,15.58915559432933
8300,15.58915559432933
8301,15.58915559432933
8302,15.58915559432933
8303,15.58915559432933
8304,15.58915559432933
8305,15.58915559432933
8306,15.58915559432933
8307,15.58915559432933
8308,15.58915559432933
8309,15.58915559432933
8310,15.58915559432933
8311,15.58915559432933
8312,15.58915559432933
8313,15.58915559432933
8314,15.58915559432933
8315,15.58915559432933
8316,15.58915559432933
8317,15.58915559432933
8318,15.58915559432933
8319,15.58915559432933
8320,15.58915559432933
8321,15.58915559432933
8322,15.58915559432933
8323,15.58915559432933
8324,15.58915559432933
8325,15.58915559432933
8326,15.58915559432933
8327,15.58915559432933
8328,15.58915559432933
8329,15.58915559432933
8330,15.58915559432933
8331,15.58915559432933
8332,15.58915559432933
8333,15.58915559432933
8334,15.58915559432933
8335,15.58915559432933
8336,15.58915559432933
8337,15.58915559432933
8338,15.58915559432933
8339,15.58915559432933
8340,15.58915559432933
8341,15.58915559432933
8342,15.58915559432933
8343,15.58915559432933
8344,15.58915559432933
8345,15.58915559432933
8346,15.58915559432933
8347,15.58915559432933
8348,15.58915559432933
8349,15.58915559432933
8350,15.58915559432933
8351,15.58915559432933
8352,15.58915559432933
8353,15.58915559432933
8354,15.58915559432933
8355,15.58915559432933
8356,15.58915559432933
8357,15.58915559432933
8358,15.58915559432933
8359,15.58915559432933
8360,15.58915559432933
8361,15.58915559432933
8362,15.58915559432933
8363,15.58915559432933
8364,15.58915559432933
8365,15.58915559432933
8366,15.58915559432933
8367,15.58915559432933
8368,15.58915559432933
8369,15.58915559432933
8370,15.58915559432933
8371,15.58915559432933
8372,15.58915559432933
8373,15.58915559432933
8374,15.58915559432933
8375,15.58915559432933
8376,15.58915559432933
8377,15.58915559432933
8378,15.58915559432933
8379,15.58915559432933
8380,15.58915559432933
8381,15.58915559432933
8382,15.58915559432933
8383,15.58915559432933
8384,15.58915559432933
8385,15.58915559432933
8386,15.58915559432933
8387,15.58915559432933
8388,15.58915559432933
8389,15.58915559432933
8390,15.58915559432933
8391,15.58915559432933
8392,15.58915559432933
8393,15.58915559432933
8394,15.58915559432933
8395,15.58915559432933
8396,15.58915559432933
8397,15.58915559432933
8398,15.58915559432933
8399,15.58915559432933
8400,15.58915559432933
8401,15.58915559432933
8402,15.58915559432933
8403,15.58915559432933
8404,15.58915559432933
8405,15.58915559432933
8406,15.58915559432933
8407,15.58915559432933
8408,15.58915559432933
8409,15.58915559432933
8410,15.58915559432933
8411,15.58915559432933
8412,15.58915559432933
8413,15.58915559432933
8414,15.58915559432933
8415,15.58915559432933
8416,15.58915559432933
8417,15.58915559432933
8418,15.58915559432933
8419,15.58915559432933
8420,15.58915559432933
8421,15.58915559432933
8422,15.58915559432933
8423,15.58915559432933
8424,15.58915559432933
8425,15.58915559432933
8426,15.58915559432933
8427,15.58915559432933
8428,15.58915559432933
8429,15.58915559432933
8430,15.58915559432933
8431,15.58915559432933
8432,15.58915559432933
8433,15.58915559432933
8434,15.58915559432933
8435,15.58915559432933
8436,15.58915559432933
8437,15.58915559432933
8438,15.58915559432933
8439,15.58915559432933
8440,15.58915559432933
8441,15.58915559432933
8442,15.58915559432933
8443,15.58915559432933
8444,15.58915559432933
8445,15.58915559432933
8446,15.58915559432933
8447,15.58915559432933
8448,15.58915559432933
8449,15.58915559432933
8450,15.58915559432933
8451,15.58915559432933
8452,15.58915559432933
8453,15.58915559432933
8454,15.58915559432933
8455,15.58915559432933
8456,15.58915559432933
8457,15.58915559432933
8458,15.58915559432933
8459,15.58915559432933
8460,15.58915559432933
8461,15.58915559432933
8462,15.58915559432933
8463,15.58915559432933
8464,15.58915559432933
8465,15.58915559432933
8466,15.58915559432933
8467,15.58915559432933
8468,15.58915559432933
8469,15.58915559432933
8470,15.58915559432933
8471,15.58915559432933
8472,15.58915559432933
8473,15.58915559432933
8474,15.58915559432933
8475,15.58915559432933
8476,15.58915559432933
8477,15.58915559432933
8478,15.58915559432933
8479,15.58915559432933
8480,15.58915559432933
8481,15.58915559432933
8482,15.58915559432933
8483,15.58915559432933
8484,15.58915559432933
8485,15.58915559432933
8486,15.58915559432933
8487,15.58915559432933
8488,15.58915559432933
8489,15.58915559432933
8490,15.58915559432933
8491,15.58915559432933
8492,15.58915559432933
8493,15.58915559432933
8494,15.58915559432933
8495,15.58915559432933
8496,15.58915559432933
8497,15.58915559432933
8498,15.58915559432933
8499,15.58915559432933
8500,15.58915559432933
8501,15.58915559432933
8502,15.58915559432933
8503,15.58915559432933
8504,15.58915559432933
8505,15.58915559432933
8506,15.58915559432933
8507,15.58915559432933
8508,15.58915559432933
8509,15.58915559432933
8510,15.58915559432933
8511,15.58915559432933
8512,15.58915559432933
8513,15.58915559432933
8514,15.58915559432933
8515,15.58915559432933
8516,15.58915559432933
8517,15.58915559432933
8518,15.58915559432933
8519,15.58915559432933
8520,15.58915559432933
8521,15.58915559432933
8522,15.58915559432933
8523,15.58915559432933
8524,15.58915559432933
8525,15.58915559432933
8526,15.58915559432933
8527,15.58915559432933
8528,15.58915559432933
8529,15.58915559432933
8530,15.58915559432933
8531,15.58915559432933
8532,15.58915559432933
8533,15.58915559432933
8534,15.58915559432933
8535,15.58915559432933
8536,15.58915559432933
8537,15.58915559432933
8538,15.58915559432933
8539,15.58915559432933
8540,15.58915559432933
8541,15.58915559432933
8542,15.58915559432933
8543,15.58915559432933
8544,15.58915559432933
8545,15.58915559432933
8546,15.58915559432933
8547,15.58915559432933
8548,15.58915559432933
8549,15.58915559432933
8550,15.58915559432933
8551,15.58915559432933
8552,15.58915559432933
8553,15.58915559432933
8554,15.58915559432933
8555,15.58915559432933
8556,15.58915559432933
8557,15.58915559432933
8558,15.58915559432933
8559,15.58915559432933
8560,15.58915559432933
8561,15.58915559432933
8562,15.58915559432933
8563,15.58915559432933
8564,15.58915559432933
8565,15.58915559432933
8566,15.58915559432933
8567,15.58915559432933
8568,15.58915559432933
8569,15.58915559432933
8570,15.58915559432933
8571,15.58915559432933
8572,15.58915559432933
8573,15.58915559432933
8574,15.58915559432933
8575,15.58915559432933
8576,15.58915559432933
8577,15.58915559432933
8578,15.58915559432933
8579,15.58915559432933
8580,15.58915559432933
8581,15.58915559432933
8582,15.58915559432933
8583,15.58915559432933
8584,15.58915559432933
8585,15.58915559432933
8586,15.58915559432933
8587,15.58915559432933
8588,15.58915559432933
8589,15.58915559432933
8590,15.58915559432933
8591,15.58915559432933
8592,15.58915559432933
8593,15.58915559432933
8594,15.58915559432933
8595,15.58915559432933
8596,15.58915559432933
8597,15.58915559432933
8598,15.58915559432933
8599,15.58915559432933
8600,15.58915559432933
8601,15.58915559432933
8602,15.58915559432933
8603,15.58915559432933
8604,15.58915559432933
8605,15.58915559432933
8606,15.58915559432933
8607,15.58915559432933
8608,15.58915559432933
8609,15.58915559432933
8610,15.58915559432933
8611,15.58915559432933
8612,15.58915559432933
8613,15.58915559432933
8614,15.58915559432933
8615,15.58915559432933
8616,15.58915559432933
8617,15.58915559432933
8618,15.58915559432933
8619,15.58915559432933
8620,15.58915559432933
8621,15.58915559432933
8622,15.58915559432933
8623,15.58915559432933
8624,15.58915559432933
8625,15.58915559432933
8626,15.58915559432933
8627,15.58915559432933
8628,15.58915559432933
8629,15.58915559432933
8630,15.58915559432933
8631,15.58915559432933
8632,15.58915559432933
8633,15.58915559432933
8634,15.58915559432933
8635,15.58915559432933
8636,15.58915559432933
8637,15.58915559432933
8638,15.58915559432933
8639,15.58915559432933
8640,15.58915559432933
8641,15.58915559432933
8642,15.58915559432933
8643,15.58915559432933
8644,15.58915559432933
8645,15.58915559432933
8646,15.58915559432933
8647,15.58915559432933
8648,15.58915559432933
8649,15.58915559432933
8650,15.58915559432933
8651,15.58915559432933
8652,15.58915559432933
8653,15.58915559432933
8654,15.58915559432933
8655,15.58915559432933
8656,15.58915559432933
8657,15.58915559432933
8658,15.58915559432933
8659,15.58915559432933
8660,15.58915559432933
8661,15.58915559432933
8662,15.58915559432933
8663,15.58915559432933
8664,15.58915559432933
8665,15.58915559432933
8666,15.58915559432933
8667,15.58915559432933
8668,15.58915559432933
8669,15.58915559432933
8670,15.58915559432933
8671,15.58915559432933
8672,15.58915559432933
8673,15.58915559432933
8674,15.58915559432933
8675,15.58915559432933
8676,15.58915559432933
8677,15.58915559432933
8678,15.58915559432933
8679,15.58915559432933
8680,15.58915559432933
8681,15.58915559432933
8682,15.58915559432933
8683,15.58915559432933
8684,15.58915559432933
8685,15.58915559432933
8686,15.58915559432933
8687,15.58915559432933
8688,15.58915559432933
8689,15.58915559432933
8690,15.58915559432933
8691,15.58915559432933
8692,15.58915559432933
8693,15.58915559432933
8694,15.58915559432933
8695,15.58915559432933
8696,15.58915559432933
8697,15.58915559432933
8698,15.58915559432933
8699,15.58915559432933
8700,15.58915559432933
8701,15.58915559432933
8702,15.58915559432933
8703,15.58915559432933
8704,15.58915559432933
8705,15.58915559432933
8706,15.58915559432933
8707,15.58915559432933
8708,15.58915559432933
8709,15.58915559432933
8710,15.58915559432933
8711,15.58915559432933
8712,15.58915559432933
8713,15.58915559432933
8714,15.58915559432933
8715,15.58915559432933
8716,15.58915559432933
8717,15.58915559432933
8718,15.58915559432933
8719,15.58915559432933
8720,15.58915559432933
8721,15.58915559432933
8722,15.58915559432933
8723,15.58915559432933
8724,15.58915559432933
8725,15.58915559432933
8726,15.58915559432933
8727,15.58915559432933
8728,15.58915559432933
8729,15.58915559432933
8730,15.58915559432933
8731,15.58915559432933
8732,15.58915559432933
8733,15.58915559432933
8734,15.58915559432933
8735,15.58915559432933
8736,15.58915559432933
8737,15.58915559432933
8738,15.58915559432933
8739,15.58915559432933
8740,15.58915559432933
8741,15.58915559432933
8742,15.58915559432933
8743,15.58915559432933
8744,15.58915559432933
8745,15.58915559432933
8746,15.58915559432933
8747,15.58915559432933
8748,15.58915559432933
8749,15.58915559432933
8750,15.58915559432933
8751,15.58915559432933
8752,15.58915559432933
8753,15.58915559432933
8754,15.58915559432933
8755,15.58915559432933
8756,15.58915559432933
8757,15.58915559432933
8758,15.58915559432933
8759,15.58915559432933
8760,15.58915559432933
8761,15.58915559432933
8762,15.58915559432933
8763,15.58915559432933
8764,15.58915559432933
8765,15.58915559432933
8766,15.58915559432933
8767,15.58915559432933
8768,15.58915559432933
8769,15.58915559432933
8770,15.58915559432933
8771,15.58915559432933
8772,15.58915559432933
8773,15.58915559432933
8774,15.58915559432933
8775,15.58915559432933
8776,15.58915559432933
8777,15.58915559432933
8778,15.58915559432933
8779,15.58915559432933
8780,15.58915559432933
8781,15.58915559432933
8782,15.58915559432933
8783,15.58915559432933
8784,15.58915559432933
8785,15.58915559432933
8786,15.58915559432933
8787,15.58915559432933
8788,15.58915559432933
8789,15.58915559432933
8790,15.58915559432933
8791,15.58915559432933
8792,15.58915559432933
8793,15.58915559432933
8794,15.58915559432933
8795,15.58915559432933
8796,15.58915559432933
8797,15.58915559432933
8798,15.58915559432933
8799,15.58915559432933
8800,15.58915559432933
8801,15.58915559432933
8802,15.58915559432933
8803,15.58915559432933
8804,15.58915559432933
8805,15.58915559432933
8806,15.58915559432933
8807,15.58915559432933
8808,15.58915559432933
8809,15.58915559432933
8810,15.58915559432933
8811,15.58915559432933
8812,15.58915559432933
8813,15.58915559432933
8814,15.58915559432933
8815,15.58915559432933
8816,15.58915559432933
8817,15.58915559432933
8818,15.58915559432933
8819,15.58915559432933
8820,15.58915559432933
8821,15.58915559432933
8822,15.58915559432933
8823,15.58915559432933
8824,15.58915559432933
8825,15.58915559432933
8826,15.58915559432933
8827,15.58915559432933
8828,15.58915559432933
8829,15.58915559432933
8830,15.58915559432933
8831,15.58915559432933
8832,15.58915559432933
8833,15.58915559432933
8834,15.58915559432933
8835,15.58915559432933
8836,15.58915559432933
8837,15.58915559432933
8838,15.58915559432933
8839,15.58915559432933
8840,15.58915559432933
8841,15.58915559432933
8842,15.58915559432933
8843,15.58915559432933
8844,15.58915559432933
8845,15.58915559432933
8846,15.58915559432933
8847,15.58915559432933
8848,15.58915559432933
8849,15.58915559432933
8850,15.58915559432933
8851,15.58915559432933
8852,15.58915559432933
8853,15.58915559432933
8854,15.58915559432933
8855,15.58915559432933
8856,15.58915559432933
8857,15.58915559432933
8858,15.58915559432933
8859,15.58915559432933
8860,15.58915559432933
8861,15.58915559432933
8862,15.58915559432933
8863,15.58915559432933
8864,15.58915559432933
8865,15.58915559432933
8866,15.58915559432933
8867,15.58915559432933
8868,15.58915559432933
8869,15.58915559432933
8870,15.58915559432933
8871,15.58915559432933
8872,15.58915559432933
8873,15.58915559432933
8874,15.58915559432933
8875,15.58915559432933
8876,15.58915559432933
8877,15.58915559432933
8878,15.58915559432933
8879,15.58915559432933
8880,15.58915559432933
8881,15.58915559432933
8882,15.58915559432933
8883,15.58915559432933
8884,15.58915559432933
8885,15.58915559432933
8886,15.58915559432933
8887,15.58915559432933
8888,15.58915559432933
8889,15.58915559432933
8890,15.58915559432933
8891,15.58915559432933
8892,15.58915559432933
8893,15.58915559432933
8894,15.58915559432933
8895,15.58915559432933
8896,15.58915559432933
8897,15.58915559432933
8898,15.58915559432933
8899,15.58915559432933
8900,15.58915559432933
8901,15.58915559432933
8902,15.58915559432933
8903,15.58915559432933
8904,15.58915559432933
8905,15.58915559432933
8906,15.58915559432933
8907,15.58915559432933
8908,15.58915559432933
8909,15.58915559432933
8910,15.58915559432933
8911,15.58915559432933
8912,15.58915559432933
8913,15.58915559432933
8914,15.58915559432933
8915,15.58915559432933
8916,15.58915559432933
8917,15.58915559432933
8918,15.58915559432933
8919,15.58915559432933
8920,15.58915559432933
8921,15.58915559432933
8922,15.58915559432933
8923,15.58915559432933
8924,15.58915559432933
8925,15.58915559432933
8926,15.58915559432933
8927,15.58915559432933
8928,15.58915559432933
8929,15.58915559432933
8930,15.58915559432933
8931,15.58915559432933
8932,15.58915559432933
8933,15.58915559432933
8934,15.58915559432933
8935,15.58915559432933
8936,15.58915559432933
8937,15.58915559432933
8938,15.58915559432933
8939,15.58915559432933
8940,15.58915559432933
8941,15.58915559432933
8942,15.58915559432933
8943,15.58915559432933
8944,15.58915559432933
8945,15.58915559432933
8946,15.58915559432933
8947,15.58915559432933
8948,15.58915559432933
8949,15.58915559432933
8950,15.58915559432933
8951,15.58915559432933
8952,15.58915559432933
8953,15.58915559432933
8954,15.58915559432933
8955,15.58915559432933
8956,15.58915559432933
8957,15.58915559432933
8958,15.58915559432933
8959,15.58915559432933
8960,15.58915559432933
8961,15.58915559432933
8962,15.58915559432933
8963,15.58915559432933
8964,15.58915559432933
8965,15.58915559432933
8966,15.58915559432933
8967,15.58915559432933
8968,15.58915559432933
8969,15.58915559432933
8970,15.58915559432933
8971,15.58915559432933
8972,15.58915559432933
8973,15.58915559432933
8974,15.58915559432933
8975,15.58915559432933
8976,15.58915559432933
8977,15.58915559432933
8978,15.58915559432933
8979,15.58915559432933
8980,15.58915559432933
8981,15.58915559432933
8982,15.58915559432933
8983,15.58915559432933
8984,15.58915559432933
8985,15.58915559432933
8986,15.58915559432933
8987,15.58915559432933
8988,15.58915559432933
8989,15.58915559432933
8990,15.58915559432933
8991,15.58915559432933
8992,15.58915559432933
8993,15.58915559432933
8994,15.58915559432933
8995,15.58915559432933
8996,15.58915559432933
8997,15.58915559432933
8998,15.58915559432933
8999,15.58915559432933
9000,15.58915559432933
9001,15.58915559432933
9002,15.58915559432933
9003,15.58915559432933
9004,15.58915559432933
9005,15.58915559432933
9006,15.58915559432933
9007,15.58915559432933
9008,15.58915559432933
9009,15.58915559432933
9010,15.58915559432933
9011,15.58915559432933
9012,15.58915559432933
9013,15.58915559432933
9014,15.58915559432933
9015,15.58915559432933
9016,15.58915559432933
9017,15.58915559432933
9018,15.58915559432933
9019,15.58915559432933
9020,15.58915559432933
9021,15.58915559432933
9022,15.58915559432933
9023,15.58915559432933
9024,15.58915559432933
9025,15.58915559432933
9026,15.58915559432933
9027,15.58915559432933
9028,15.58915559432933
9029,15.58915559432933
9030,15.58915559432933
9031,15.58915559432933
9032,15.58915559432933
9033,15.58915559432933
9034,15.58915559432933
9035,15.58915559432933
9036,15.58915559432933
9037,15.58915559432933
9038,15.58915559432933
9039,15.58915559432933
9040,15.58915559432933
9041,15.58915559432933
9042,15.58915559432933
9043,15.58915559432933
9044,15.58915559432933
9045,15.58915559432933
9046,15.58915559432933
9047,15.58915559432933
9048,15.58915559432933
9049,15.58915559432933
9050,15.58915559432933
9051,15.58915559432933
9052,15.58915559432933
9053,15.58915559432933
9054,15.58915559432933
9055,15.58915559432933
9056,15.58915559432933
9057,15.58915559432933
9058,15.58915559432933
9059,15.58915559432933
9060,15.58915559432933
9061,15.58915559432933
9062,15.58915559432933
9063,15.58915559432933
9064,15.58915559432933
9065,15.58915559432933
9066,15.58915559432933
9067,15.58915559432933
9068,15.58915559432933
9069,15.58915559432933
9070,15.58915559432933
9071,15.58915559432933
9072,15.58915559432933
9073,15.58915559432933
9074,15.58915559432933
9075,15.58915559432933
9076,15.58915559432933
9077,15.58915559432933
9078,15.58915559432933
9079,15.58915559432933
9080,15.58915559432933
9081,15.58915559432933
9082,15.58915559432933
9083,15.58915559432933
9084,15.58915559432933
9085,15.58915559432933
9086,15.58915559432933
9087,15.58915559432933
9088,15.58915559432933
9089,15.58915559432933
9090,15.58915559432933
9091,15.58915559432933
9092,15.58915559432933
9093,15.58915559432933
9094,15.58915559432933
9095,15.58915559432933
9096,15.58915559432933
9097,15.58915559432933
9098,15.58915559432933
9099,15.58915559432933
9100,15.58915559432933
9101,15.58915559432933
9102,15.58915559432933
9103,15.58915559432933
9104,15.58915559432933
9105,15.58915559432933
9106,15.58915559432933
9107,15.58915559432933
9108,15.58915559432933
9109,15.58915559432933
9110,15.58915559432933
9111,15.58915559432933
9112,15.58915559432933
9113,15.58915559432933
9114,15.58915559432933
9115,15.58915559432933
9116,15.58915559432933
9117,15.58915559432933
9118,15.58915559432933
9119,15.58915559432933
9120,15.58915559432933
9121,15.58915559432933
9122,15.58915559432933
9123,15.58915559432933
9124,15.58915559432933
9125,15.58915559432933
9126,15.58915559432933
9127,15.58915559432933
9128,15.58915559432933
9129,15.58915559432933
9130,15.58915559432933
9131,15.58915559432933
9132,15.58915559432933
9133,15.58915559432933
9134,15.58915559432933
9135,15.58915559432933
9136,15.58915559432933
9137,15.58915559432933
9138,15.58915559432933
9139,15.58915559432933
9140,15.58915559432933
9141,15.58915559432933
9142,15.58915559432933
9143,15.58915559432933
9144,15.58915559432933
9145,15.58915559432933
9146,15.58915559432933
9147,15.58915559432933
9148,15.58915559432933
9149,15.58915559432933
9150,15.58915559432933
9151,15.58915559432933
9152,15.58915559432933
9153,15.58915559432933
9154,15.58915559432933
9155,15.58915559432933
9156,15.58915559432933
9157,15.58915559432933
9158,15.58915559432933
9159,15.58915559432933
9160,15.58915559432933
9161,15.58915559432933
9162,15.58915559432933
9163,15.58915559432933
9164,15.58915559432933
9165,15.58915559432933
9166,15.58915559432933
9167,15.58915559432933
9168,15.58915559432933
9169,15.58915559432933
9170,15.58915559432933
9171,15.58915559432933
9172,15.58915559432933
9173,15.58915559432933
9174,15.58915559432933
9175,15.58915559432933
9176,15.58915559432933
9177,15.58915559432933
9178,15.58915559432933
9179,15.58915559432933
9180,15.58915559432933
9181,15.58915559432933
9182,15.58915559432933
9183,15.58915559432933
9184,15.58915559432933
9185,15.58915559432933
9186,15.58915559432933
9187,15.58915559432933
9188,15.58915559432933
9189,15.58915559432933
9190,15.58915559432933
9191,15.58915559432933
9192,15.58915559432933
9193,15.58915559432933
9194,15.58915559432933
9195,15.58915559432933
9196,15.58915559432933
9197,15.58915559432933
9198,15.58915559432933
9199,15.58915559432933
9200,15.58915559432933
9201,15.58915559432933
9202,15.58915559432933
9203,15.58915559432933
9204,15.58915559432933
9205,15.58915559432933
9206,15.58915559432933
9207,15.58915559432933
9208,15.58915559432933
9209,15.58915559432933
9210,15.58915559432933
9211,15.58915559432933
9212,15.58915559432933
9213,15.58915559432933
9214,15.58915559432933
9215,15.58915559432933
9216,15.58915559432933
9217,15.58915559432933
9218,15.58915559432933
9219,15.58915559432933
9220,15.58915559432933
9221,15.58915559432933
9222,15.58915559432933
9223,15.58915559432933
9224,15.58915559432933
9225,15.58915559432933
9226,15.58915559432933
9227,15.58915559432933
9228,15.58915559432933
9229,15.58915559432933
9230,15.58915559432933
9231,15.58915559432933
9232,15.58915559432933
9233,15.58915559432933
9234,15.58915559432933
9235,15.58915559432933
9236,15.58915559432933
9237,15.58915559432933
9238,15.58915559432933
9239,15.58915559432933
9240,15.58915559432933
9241,15.58915559432933
9242,15.58915559432933
9243,15.58915559432933
9244,15.58915559432933
9245,15.58915559432933
9246,15.58915559432933
9247,15.58915559432933
9248,15.58915559432933
9249,15.58915559432933
9250,15.58915559432933
9251,15.58915559432933
9252,15.58915559432933
9253,15.58915559432933
9254,15.58915559432933
9255,15.58915559432933
9256,15.58915559432933
9257,15.58915559432933
9258,15.58915559432933
9259,15.58915559432933
9260,15.58915559432933
9261,15.58915559432933
9262,15.58915559432933
9263,15.58915559432933
9264,15.58915559432933
9265,15.58915559432933
9266,15.58915559432933
9267,15.58915559432933
9268,15.58915559432933
9269,15.58915559432933
9270,15.58915559432933
9271,15.58915559432933
9272,15.58915559432933
9273,15.58915559432933
9274,15.58915559432933
9275,15.58915559432933
9276,15.58915559432933
9277,15.58915559432933
9278,15.58915559432933
9279,15.58915559432933
9280,15.58915559432933
9281,15.58915559432933
9282,15.58915559432933
9283,15.58915559432933
9284,15.58915559432933
9285,15.58915559432933
9286,15.58915559432933
9287,15.58915559432933
9288,15.58915559432933
9289,15.58915559432933
9290,15.58915559432933
9291,15.58915559432933
9292,15.58915559432933
9293,15.58915559432933
9294,15.58915559432933
9295,15.58915559432933
9296,15.58915559432933
9297,15.58915559432933
9298,15.58915559432933
9299,15.58915559432933
9300,15.58915559432933
9301,15.58915559432933
9302,15.58915559432933
9303,15.58915559432933
9304,15.58915559432933
9305,15.58915559432933
9306,15.58915559432933
9307,15.58915559432933
9308,15.58915559432933
9309,15.58915559432933
9310,15.58915559432933
9311,15.58915559432933
9312,15.58915559432933
9313,15.58915559432933
9314,15.58915559432933
9315,15.58915559432933
9316,15.58915559432933
9317,15.58915559432933
9318,15.58915559432933
9319,15.58915559432933
9320,15.58915559432933
9321,15.58915559432933
9322,15.58915559432933
9323,15.58915559432933
9324,15.58915559432933
9325,15.58915559432933
9326,15.58915559432933
9327,15.58915559432933
9328,15.58915559432933
9329,15.58915559432933
9330,15.58915559432933
9331,15.58915559432933
9332,15.58915559432933
9333,15.58915559432933
9334,15.58915559432933
9335,15.58915559432933
9336,15.58915559432933
9337,15.58915559432933
9338,15.58915559432933
9339,15.58915559432933
9340,15.58915559432933
9341,15.58915559432933
9342,15.58915559432933
9343,15.58915559432933
9344,15.58915559432933
9345,15.58915559432933
9346,15.58915559432933
9347,15.58915559432933
9348,15.58915559432933
9349,15.58915559432933
9350,15.58915559432933
9351,15.58915559432933
9352,15.58915559432933
9353,15.58915559432933
9354,15.58915559432933
9355,15.58915559432933
9356,15.58915559432933
9357,15.58915559432933
9358,15.58915559432933
9359,15.58915559432933
9360,15.58915559432933
9361,15.58915559432933
9362,15.58915559432933
9363,15.58915559432933
9364,15.58915559432933
9365,15.58915559432933
9366,15.58915559432933
9367,15.58915559432933
9368,15.58915559432933
9369,15.58915559432933
9370,15.58915559432933
9371,15.58915559432933
9372,15.58915559432933
9373,15.58915559432933
9374,15.58915559432933
9375,15.58915559432933
9376,15.58915559432933
9377,15.58915559432933
9378,15.58915559432933
9379,15.58915559432933
9380,15.58915559432933
9381,15.58915559432933
9382,15.58915559432933
9383,15.58915559432933
9384,15.58915559432933
9385,15.58915559432933
9386,15.58915559432933
9387,15.58915559432933
9388,15.58915559432933
9389,15.58915559432933
9390,15.58915559432933
9391,15.58915559432933
9392,15.58915559432933
9393,15.58915559432933
9394,15.58915559432933
9395,15.58915559432933
9396,15.58915559432933
9397,15.58915559432933
9398,15.58915559432933
9399,15.58915559432933
9400,15.58915559432933
9401,15.58915559432933
9402,15.58915559432933
9403,15.58915559432933
9404,15.58915559432933
9405,15.58915559432933
9406,15.58915559432933
9407,15.58915559432933
9408,15.58915559432933
9409,15.58915559432933
9410,15.58915559432933
9411,15.58915559432933
9412,15.58915559432933
9413,15.58915559432933
9414,15.58915559432933
9415,15.58915559432933
9416,15.58915559432933
9417,15.58915559432933
9418,15.58915559432933
9419,15.58915559432933
9420,15.58915559432933
9421,15.58915559432933
9422,15.58915559432933
9423,15.58915559432933
9424,15.58915559432933
9425,15.58915559432933
9426,15.58915559432933
9427,15.58915559432933
9428,15.58915559432933
9429,15.58915559432933
9430,15.58915559432933
9431,15.58915559432933
9432,15.58915559432933
9433,15.58915559432933
9434,15.58915559432933
9435,15.58915559432933
9436,15.58915559432933
9437,15.58915559432933
9438,15.58915559432933
9439,15.58915559432933
9440,15.58915559432933
9441,15.58915559432933
9442,15.58915559432933
9443,15.58915559432933
9444,15.58915559432933
9445,15.58915559432933
9446,15.58915559432933
9447,15.58915559432933
9448,15.58915559432933
9449,15.58915559432933
9450,15.58915559432933
9451,15.58915559432933
9452,15.58915559432933
9453,15.58915559432933
9454,15.58915559432933
9455,15.58915559432933
9456,15.58915559432933
9457,15.58915559432933
9458,15.58915559432933
9459,15.58915559432933
9460,15.58915559432933
9461,15.58915559432933
9462,15.58915559432933
9463,15.58915559432933
9464,15.58915559432933
9465,15.58915559432933
9466,15.58915559432933
9467,15.58915559432933
9468,15.58915559432933
9469,15.58915559432933
9470,15.58915559432933
9471,15.58915559432933
9472,15.58915559432933
9473,15.58915559432933
9474,15.58915559432933
9475,15.58915559432933
9476,15.58915559432933
9477,15.58915559432933
9478,15.58915559432933
9479,15.58915559432933
9480,15.58915559432933
9481,15.58915559432933
9482,15.58915559432933
9483,15.58915559432933
9484,15.58915559432933
9485,15.58915559432933
9486,15.58915559432933
9487,15.58915559432933
9488,15.58915559432933
9489,15.58915559432933
9490,15.58915559432933
9491,15.58915559432933
9492,15.58915559432933
9493,15.58915559432933
9494,15.58915559432933
9495,15.58915559432933
9496,15.58915559432933
9497,15.58915559432933
9498,15.58915559432933
9499,15.58915559432933
9500,15.58915559432933
9501,15.58915559432933
9502,15.58915559432933
9503,15.58915559432933
9504,15.58915559432933
9505,15.58915559432933
9506,15.58915559432933
9507,15.58915559432933
9508,15.58915559432933
9509,15.58915559432933
9510,15.58915559432933
9511,15.58915559432933
9512,15.58915559432933
9513,15.58915559432933
9514,15.58915559432933
9515,15.58915559432933
9516,15.58915559432933
9517,15.58915559432933
9518,15.58915559432933
9519,15.58915559432933
9520,15.58915559432933
9521,15.58915559432933
9522,15.58915559432933
9523,15.58915559432933
9524,15.58915559432933
9525,15.58915559432933
9526,15.58915559432933
9527,15.58915559432933
9528,15.58915559432933
9529,15.58915559432933
9530,15.58915559432933
9531,15.58915559432933
9532,15.58915559432933
9533,15.58915559432933
9534,15.58915559432933
9535,15.58915559432933
9536,15.58915559432933
9537,15.58915559432933
9538,15.58915559432933
9539,15.58915559432933
9540,15.58915559432933
9541,15.58915559432933
9542,15.58915559432933
9543,15.58915559432933
9544,15.58915559432933
9545,15.58915559432933
9546,15.58915559432933
9547,15.58915559432933
9548,15.58915559432933
9549,15.58915559432933
9550,15.58915559432933
9551,15.58915559432933
9552,15.58915559432933
9553,15.58915559432933
9554,15.58915559432933
9555,15.58915559432933
9556,15.58915559432933
9557,15.58915559432933
9558,15.58915559432933
9559,15.58915559432933
9560,15.58915559432933
9561,15.58915559432933
9562,15.58915559432933
9563,15.58915559432933
9564,15.58915559432933
9565,15.58915559432933
9566,15.58915559432933
9567,15.58915559432933
9568,15.58915559432933
9569,15.58915559432933
9570,15.58915559432933
9571,15.58915559432933
9572,15.58915559432933
9573,15.58915559432933
9574,15.58915559432933
9575,15.58915559432933
9576,15.58915559432933
9577,15.58915559432933
9578,15.58915559432933
9579,15.58915559432933
9580,15.58915559432933
9581,15.58915559432933
9582,15.58915559432933
9583,15.58915559432933
9584,15.58915559432933
9585,15.58915559432933
9586,15.58915559432933
9587,15.58915559432933
9588,15.58915559432933
9589,15.58915559432933
9590,15.58915559432933
9591,15.58915559432933
9592,15.58915559432933
9593,15.58915559432933
9594,15.58915559432933
9595,15.58915559432933
9596,15.58915559432933
9597,15.58915559432933
9598,15.58915559432933
9599,15.58915559432933
9600,15.58915559432933
9601,15.58915559432933
9602,15.58915559432933
9603,15.58915559432933
9604,15.58915559432933
9605,15.58915559432933
9606,15.58915559432933
9607,15.58915559432933
9608,15.58915559432933
9609,15.58915559432933
9610,15.58915559432933
9611,15.58915559432933
9612,15.58915559432933
9613,15.58915559432933
9614,15.58915559432933
9615,15.58915559432933
9616,15.58915559432933
9617,15.58915559432933
9618,15.58915559432933
9619,15.58915559432933
9620,15.58915559432933
9621,15.58915559432933
9622,15.58915559432933
9623,15.58915559432933
9624,15.58915559432933
9625,15.58915559432933
9626,15.58915559432933
9627,15.58915559432933
9628,15.58915559432933
9629,15.58915559432933
9630,15.58915559432933
9631,15.58915559432933
9632,15.58915559432933
9633,15.58915559432933
9634,15.58915559432933
9635,15.58915559432933
9636,15.58915559432933
9637,15.58915559432933
9638,15.58915559432933
9639,15.58915559432933
9640,15.58915559432933
9641,15.58915559432933
9642,15.58915559432933
9643,15.58915559432933
9644,15.58915559432933
9645,15.58915559432933
9646,15.58915559432933
9647,15.58915559432933
9648,15.58915559432933
9649,15.58915559432933
9650,15.58915559432933
9651,15.58915559432933
9652,15.58915559432933
9653,15.58915559432933
9654,15.58915559432933
9655,15.58915559432933
9656,15.58915559432933
9657,15.58915559432933
9658,15.58915559432933
9659,15.58915559432933
9660,15.58915559432933
9661,15.58915559432933
9662,15.58915559432933
9663,15.58915559432933
9664,15.58915559432933
9665,15.58915559432933
9666,15.58915559432933
9667,15.58915559432933
9668,15.58915559432933
9669,15.58915559432933
9670,15.58915559432933
9671,15.58915559432933
9672,15.58915559432933
9673,15.58915559432933
9674,15.58915559432933
9675,15.58915559432933
9676,15.58915559432933
9677,15.58915559432933
9678,15.58915559432933
9679,15.58915559432933
9680,15.58915559432933
9681,15.58915559432933
9682,15.58915559432933
9683,15.58915559432933
9684,15.58915559432933
9685,15.58915559432933
9686,15.58915559432933
9687,15.58915559432933
9688,15.58915559432933
9689,15.58915559432933
9690,15.58915559432933
9691,15.58915559432933
9692,15.58915559432933
9693,15.58915559432933
9694,15.58915559432933
9695,15.58915559432933
9696,15.58915559432933
9697,15.58915559432933
9698,15.58915559432933
9699,15.58915559432933
9700,15.58915559432933
9701,15.58915559432933
9702,15.58915559432933
9703,15.58915559432933
9704,15.58915559432933
9705,15.58915559432933
9706,15.58915559432933
9707,15.58915559432933
9708,15.58915559432933
9709,15.58915559432933
9710,15.58915559432933
9711,15.58915559432933
9712,15.58915559432933
9713,15.58915559432933
9714,15.58915559432933
9715,15.58915559432933
9716,15.58915559432933
9717,15.58915559432933
9718,15.58915559432933
9719,15.58915559432933
9720,15.58915559432933
9721,15.58915559432933
9722,15.58915559432933
9723,15.58915559432933
9724,15.58915559432933
9725,15.58915559432933
9726,15.58915559432933
9727,15.58915559432933
9728,15.58915559432933
9729,15.58915559432933
9730,15.58915559432933
9731,15.58915559432933
9732,15.58915559432933
9733,15.58915559432933
9734,15.58915559432933
9735,15.58915559432933
9736,15.58915559432933
9737,15.58915559432933
9738,15.58915559432933
9739,15.58915559432933
9740,15.58915559432933
9741,15.58915559432933
9742,15.58915559432933
9743,15.58915559432933
9744,15.58915559432933
9745,15.58915559432933
9746,15.58915559432933
9747,15.58915559432933
9748,15.58915559432933
9749,15.58915559432933
9750,15.58915559432933
9751,15.58915559432933
9752,15.58915559432933
9753,15.58915559432933
9754,15.58915559432933
9755,15.58915559432933
9756,15.58915559432933
9757,15.58915559432933
9758,15.58915559432933
9759,15.58915559432933
9760,15.58915559432933
9761,15.58915559432933
9762,15.58915559432933
9763,15.58915559432933
9764,15.58915559432933
9765,15.58915559432933
9766,15.58915559432933
9767,15.58915559432933
9768,15.58915559432933
9769,15.58915559432933
9770,15.58915559432933
9771,15.58915559432933
9772,15.58915559432933
9773,15.58915559432933
9774,15.58915559432933
9775,15.58915559432933
9776,15.58915559432933
9777,15.58915559432933
9778,15.58915559432933
9779,15.58915559432933
9780,15.58915559432933
9781,15.58915559432933
9782,15.58915559432933
9783,15.58915559432933
9784,15.58915559432933
9785,15.58915559432933
9786,15.58915559432933
9787,15.58915559432933
9788,15.58915559432933
9789,15.58915559432933
9790,15.58915559432933
9791,15.58915559432933
9792,15.58915559432933
9793,15.58915559432933
9794,15.58915559432933
9795,15.58915559432933
9796,15.58915559432933
9797,15.58915559432933
9798,15.58915559432933
9799,15.58915559432933
9800,15.58915559432933
9801,15.58915559432933
9802,15.58915559432933
9803,15.58915559432933
9804,15.58915559432933
9805,15.58915559432933
9806,15.58915559432933
9807,15.58915559432933
9808,15.58915559432933
9809,15.58915559432933
9810,15.58915559432933
9811,15.58915559432933
9812,15.58915559432933
9813,15.58915559432933
9814,15.58915559432933
9815,15.58915559432933
9816,15.58915559432933
9817,15.58915559432933
9818,15.58915559432933
9819,15.58915559432933
9820,15.58915559432933
9821,15.58915559432933
9822,15.58915559432933
9823,15.58915559432933
9824,15.58915559432933
9825,15.58915559432933
9826,15.58915559432933
9827,15.58915559432933
9828,15.58915559432933
9829,15.58915559432933
9830,15.58915559432933
9831,15.58915559432933
9832,15.58915559432933
9833,15.58915559432933
9834,15.58915559432933
9835,15.58915559432933
9836,15.58915559432933
9837,15.58915559432933
9838,15.58915559432933
9839,15.58915559432933
9840,15.58915559432933
9841,15.58915559432933
9842,15.58915559432933
9843,15.58915559432933
9844,15.58915559432933
9845,15.58915559432933
9846,15.58915559432933
9847,15.58915559432933
9848,15.58915559432933
9849,15.58915559432933
9850,15.58915559432933
9851,15.58915559432933
9852,15.58915559432933
9853,15.58915559432933
9854,15.58915559432933
9855,15.58915559432933
9856,15.58915559432933
9857,15.58915559432933
9858,15.58915559432933
9859,15.58915559432933
9860,15.58915559432933
9861,15.58915559432933
9862,15.58915559432933
9863,15.58915559432933
9864,15.58915559432933
9865,15.58915559432933
9866,15.58915559432933
9867,15.58915559432933
9868,15.58915559432933
9869,15.58915559432933
9870,15.58915559432933
9871,15.58915559432933
9872,15.58915559432933
9873,15.58915559432933
9874,15.58915559432933
9875,15.58915559432933
9876,15.58915559432933
9877,15.58915559432933
9878,15.58915559432933
9879,15.58915559432933
9880,15.58915559432933
9881,15.58915559432933
9882,15.58915559432933
9883,15.58915559432933
9884,15.58915559432933
9885,15.58915559432933
9886,15.58915559432933
9887,15.58915559432933
9888,15.58915559432933
9889,15.58915559432933
9890,15.58915559432933
9891,15.58915559432933
9892,15.58915559432933
9893,15.58915559432933
9894,15.58915559432933
9895,15.58915559432933
9896,15.58915559432933
9897,15.58915559432933
9898,15.58915559432933
9899,15.58915559432933
9900,15.58915559432933
9901,15.58915559432933
9902,15.58915559432933
9903,15.58915559432933
9904,15.58915559432933
9905,15.58915559432933
9906,15.58915559432933
9907,15.58915559432933
9908,15.58915559432933
9909,15.58915559432933
9910,15.58915559432933
9911,15.58915559432933
9912,15.58915559432933
9913,15.58915559432933
9914,15.58915559432933
9915,15.58915559432933
9916,15.58915559432933
9917,15.58915559432933
9918,15.58915559432933
9919,15.58915559432933
9920,15.58915559432933
9921,15.58915559432933
9922,15.58915559432933
9923,15.58915559432933
9924,15.58915559432933
9925,15.58915559432933
9926,15.58915559432933
9927,15.58915559432933
9928,15.58915559432933
9929,15.58915559432933
9930,15.58915559432933
9931,15.58915559432933
9932,15.58915559432933
9933,15.58915559432933
9934,15.58915559432933
9935,15.58915559432933
9936,15.58915559432933
9937,15.58915559432933
9938,15.58915559432933
9939,15.58915559432933
9940,15.58915559432933
9941,15.58915559432933
9942,15.58915559432933
9943,15.58915559432933
9944,15.58915559432933
9945,15.58915559432933
9946,15.58915559432933
9947,15.58915559432933
9948,15.58915559432933
9949,15.58915559432933
9950,15.58915559432933
9951,15.58915559432933
9952,15.58915559432933
9953,15.58915559432933
9954,15.58915559432933
9955,15.58915559432933
9956,15.58915559432933
9957,15.58915559432933
9958,15.58915559432933
9959,15.58915559432933
9960,15.58915559432933
9961,15.58915559432933
9962,15.58915559432933
9963,15.58915559432933
9964,15.58915559432933
9965,15.58915559432933
9966,15.58915559432933
9967,15.58915559432933
9968,15.58915559432933
9969,15.58915559432933
9970,15.58915559432933
9971,15.58915559432933
9972,15.58915559432933
9973,15.58915559432933
9974,15.58915559432933
9975,15.58915559432933
9976,15.58915559432933
9977,15.58915559432933
9978,15.58915559432933
9979,15.58915559432933
9980,15.58915559432933
9981,15.58915559432933
9982,15.58915559432933
9983,15.58915559432933
9984,15.58915559432933
9985,15.58915559432933
9986,15.58915559432933
9987,15.58915559432933
9988,15.58915559432933
9989,15.58915559432933
9990,15.58915559432933
9991,15.58915559432933
9992,15.58915559432933
9993,15.58915559432933
9994,15.58915559432933
9995,15.58915559432933
9996,15.58915559432933
9997,15.58915559432933
9998,15.58915559432933
9999,15.58915559432933
10000,15.58915559432933
10001,15.58915559432933
10002,15.58915559432933
10003,15.58915559432933
10004,15.58915559432933
10005,15.58915559432933
10006,15.58915559432933
10007,15.58915559432933
10008,15.58915559432933
10009,15.58915559432933
10010,15.58915559432933
10011,15.58915559432933
10012,15.58915559432933
10013,15.58915559432933
10014,15.58915559432933
10015,15.58915559432933
10016,15.58915559432933
10017,15.58915559432933
10018,15.58915559432933
10019,15.58915559432933
10020,15.58915559432933
10021,15.58915559432933
10022,15.58915559432933
10023,15.58915559432933
10024,15.58915559432933
10025,15.58915559432933
10026,15.58915559432933
10027,15.58915559432933
10028,15.58915559432933
10029,15.58915559432933
10030,15.58915559432933
10031,15.58915559432933
10032,15.58915559432933
10033,15.58915559432933
10034,15.58915559432933
10035,15.58915559432933
10036,15.58915559432933
10037,15.58915559432933
10038,15.58915559432933
10039,15.58915559432933
10040,15.58915559432933
10041,15.58915559432933
10042,15.58915559432933
10043,15.58915559432933
10044,15.58915559432933
10045,15.58915559432933
10046,15.58915559432933
10047,15.58915559432933
10048,15.58915559432933
10049,15.58915559432933
10050,15.58915559432933
10051,15.58915559432933
10052,15.58915559432933
10053,15.58915559432933
10054,15.58915559432933
10055,15.58915559432933
10056,15.58915559432933
10057,15.58915559432933
10058,15.58915559432933
10059,15.58915559432933
10060,15.58915559432933
10061,15.58915559432933
10062,15.58915559432933
10063,15.58915559432933
10064,15.58915559432933
10065,15.58915559432933
10066,15.58915559432933
10067,15.58915559432933
10068,15.58915559432933
10069,15.58915559432933
10070,15.58915559432933
10071,15.58915559432933
10072,15.58915559432933
10073,15.58915559432933
10074,15.58915559432933
10075,15.58915559432933
10076,15.58915559432933
10077,15.58915559432933
10078,15.58915559432933
10079,15.58915559432933
10080,15.58915559432933
10081,15.58915559432933
10082,15.58915559432933
10083,15.58915559432933
10084,15.58915559432933
10085,15.58915559432933
10086,15.58915559432933
10087,15.58915559432933
10088,15.58915559432933
10089,15.58915559432933
10090,15.58915559432933
10091,15.58915559432933
10092,15.58915559432933
10093,15.58915559432933
10094,15.58915559432933
10095,15.58915559432933
10096,15.58915559432933
10097,15.58915559432933
10098,15.58915559432933
10099,15.58915559432933
10100,15.58915559432933
10101,15.58915559432933
10102,15.58915559432933
10103,15.58915559432933
10104,15.58915559432933
10105,15.58915559432933
10106,15.58915559432933
10107,15.58915559432933
10108,15.58915559432933
10109,15.58915559432933
10110,15.58915559432933
10111,15.58915559432933
10112,15.58915559432933
10113,15.58915559432933
10114,15.58915559432933
10115,15.58915559432933
10116,15.58915559432933
10117,15.58915559432933
10118,15.58915559432933
10119,15.58915559432933
10120,15.58915559432933
10121,15.58915559432933
10122,15.58915559432933
10123,15.58915559432933
10124,15.58915559432933
10125,15.58915559432933
10126,15.58915559432933
10127,15.58915559432933
10128,15.58915559432933
10129,15.58915559432933
10130,15.58915559432933
10131,15.58915559432933
10132,15.58915559432933
10133,15.58915559432933
10134,15.58915559432933
10135,15.58915559432933
10136,15.58915559432933
10137,15.58915559432933
10138,15.58915559432933
10139,15.58915559432933
10140,15.58915559432933
10141,15.58915559432933
10142,15.58915559432933
10143,15.58915559432933
10144,15.58915559432933
10145,15.58915559432933
10146,15.58915559432933
10147,15.58915559432933
10148,15.58915559432933
10149,15.58915559432933
10150,15.58915559432933
10151,15.58915559432933
10152,15.58915559432933
10153,15.58915559432933
10154,15.58915559432933
10155,15.58915559432933
10156,15.58915559432933
10157,15.58915559432933
10158,15.58915559432933
10159,15.58915559432933
10160,15.58915559432933
10161,15.58915559432933
10162,15.58915559432933
10163,15.58915559432933
10164,15.58915559432933
10165,15.58915559432933
10166,15.58915559432933
10167,15.58915559432933
10168,15.58915559432933
10169,15.58915559432933
10170,15.58915559432933
10171,15.58915559432933
10172,15.58915559432933
10173,15.58915559432933
10174,15.58915559432933
10175,15.58915559432933
10176,15.58915559432933
10177,15.58915559432933
10178,15.58915559432933
10179,15.58915559432933
10180,15.58915559432933
10181,15.58915559432933
10182,15.58915559432933
10183,15.58915559432933
10184,15.58915559432933
10185,15.58915559432933
10186,15.58915559432933
10187,15.58915559432933
10188,15.58915559432933
10189,15.58915559432933
10190,15.58915559432933
10191,15.58915559432933
10192,15.58915559432933
10193,15.58915559432933
10194,15.58915559432933
10195,15.58915559432933
10196,15.58915559432933
10197,15.58915559432933
10198,15.58915559432933
10199,15.58915559432933
10200,15.58915559432933
10201,15.58915559432933
10202,15.58915559432933
10203,15.58915559432933
10204,15.58915559432933
10205,15.58915559432933
10206,15.58915559432933
10207,15.58915559432933
10208,15.58915559432933
10209,15.58915559432933
10210,15.58915559432933
10211,15.58915559432933
10212,15.58915559432933
10213,15.58915559432933
10214,15.58915559432933
10215,15.58915559432933
10216,15.58915559432933
10217,15.58915559432933
10218,15.58915559432933
10219,15.58915559432933
10220,15.58915559432933
10221,15.58915559432933
10222,15.58915559432933
10223,15.58915559432933
10224,15.58915559432933
10225,15.58915559432933
10226,15.58915559432933
10227,15.58915559432933
10228,15.58915559432933
10229,15.58915559432933
10230,15.58915559432933
10231,15.58915559432933
10232,15.58915559432933
10233,15.58915559432933
10234,15.58915559432933
10235,15.58915559432933
10236,15.58915559432933
10237,15.58915559432933
10238,15.58915559432933
10239,15.58915559432933
10240,15.58915559432933
10241,15.58915559432933
10242,15.58915559432933
10243,15.58915559432933
10244,15.58915559432933
10245,15.58915559432933
10246,15.58915559432933
10247,15.58915559432933
10248,15.58915559432933
10249,15.58915559432933
10250,15.58915559432933
10251,15.58915559432933
10252,15.58915559432933
10253,15.58915559432933
10254,15.58915559432933
10255,15.58915559432933
10256,15.58915559432933
10257,15.58915559432933
10258,15.58915559432933
10259,15.58915559432933
10260,15.58915559432933
10261,15.58915559432933
10262,15.58915559432933
10263,15.58915559432933
10264,15.58915559432933
10265,15.58915559432933
10266,15.58915559432933
10267,15.58915559432933
10268,15.58915559432933
10269,15.58915559432933
10270,15.58915559432933
10271,15.58915559432933
10272,15.58915559432933
10273,15.58915559432933
10274,15.58915559432933
10275,15.58915559432933
10276,15.58915559432933
10277,15.58915559432933
10278,15.58915559432933
10279,15.58915559432933
10280,15.58915559432933
10281,15.58915559432933
10282,15.58915559432933
10283,15.58915559432933
10284,15.58915559432933
10285,15.58915559432933
10286,15.58915559432933
10287,15.58915559432933
10288,15.58915559432933
10289,15.58915559432933
10290,15.58915559432933
10291,15.58915559432933
10292,15.58915559432933
10293,15.58915559432933
10294,15.58915559432933
10295,15.58915559432933
10296,15.58915559432933
10297,15.58915559432933
10298,15.58915559432933
10299,15.58915559432933
10300,15.58915559432933
10301,15.58915559432933
10302,15.58915559432933
10303,15.58915559432933
10304,15.58915559432933
10305,15.58915559432933
10306,15.58915559432933
10307,15.58915559432933
10308,15.58915559432933
10309,15.58915559432933
10310,15.58915559432933
10311,15.58915559432933
10312,15.58915559432933
10313,15.58915559432933
10314,15.58915559432933
10315,15.58915559432933
10316,15.58915559432933
10317,15.58915559432933
10318,15.58915559432933
10319,15.58915559432933
10320,15.58915559432933
10321,15.58915559432933
10322,15.58915559432933
10323,15.58915559432933
10324,15.58915559432933
10325,15.58915559432933
10326,15.58915559432933
10327,15.58915559432933
10328,15.58915559432933
10329,15.58915559432933
10330,15.58915559432933
10331,15.58915559432933
10332,15.58915559432933
10333,15.58915559432933
10334,15.58915559432933
10335,15.58915559432933
10336,15.58915559432933
10337,15.58915559432933
10338,15.58915559432933
10339,15.58915559432933
10340,15.58915559432933
10341,15.58915559432933
10342,15.58915559432933
10343,15.58915559432933
10344,15.58915559432933
10345,15.58915559432933
10346,15.58915559432933
10347,15.58915559432933
10348,15.58915559432933
10349,15.58915559432933
10350,15.58915559432933
10351,15.58915559432933
10352,15.58915559432933
10353,15.58915559432933
10354,15.58915559432933
10355,15.58915559432933
10356,15.58915559432933
10357,15.58915559432933
10358,15.58915559432933
10359,15.58915559432933
10360,15.58915559432933
10361,15.58915559432933
10362,15.58915559432933
10363,15.58915559432933
10364,15.58915559432933
10365,15.58915559432933
10366,15.58915559432933
10367,15.58915559432933
10368,15.58915559432933
10369,15.58915559432933
10370,15.58915559432933
10371,15.58915559432933
10372,15.58915559432933
10373,15.58915559432933
10374,15.58915559432933
10375,15.58915559432933
10376,15.58915559432933
10377,15.58915559432933
10378,15.58915559432933
10379,15.58915559432933
10380,15.58915559432933
10381,15.58915559432933
10382,15.58915559432933
10383,15.58915559432933
10384,15.58915559432933
10385,15.58915559432933
10386,15.58915559432933
10387,15.58915559432933
10388,15.58915559432933
10389,15.58915559432933
10390,15.58915559432933
10391,15.58915559432933
10392,15.58915559432933
10393,15.58915559432933
10394,15.58915559432933
10395,15.58915559432933
10396,15.58915559432933
10397,15.58915559432933
10398,15.58915559432933
10399,15.58915559432933
10400,15.58915559432933
10401,15.58915559432933
10402,15.58915559432933
10403,15.58915559432933
10404,15.58915559432933
10405,15.58915559432933
10406,15.58915559432933
10407,15.58915559432933
10408,15.58915559432933
10409,15.58915559432933
10410,15.58915559432933
10411,15.58915559432933
10412,15.58915559432933
10413,15.58915559432933
10414,15.58915559432933
10415,15.58915559432933
10416,15.58915559432933
10417,15.58915559432933
10418,15.58915559432933
10419,15.58915559432933
10420,15.58915559432933
10421,15.58915559432933
10422,15.58915559432933
10423,15.58915559432933
10424,15.58915559432933
10425,15.58915559432933
10426,15.58915559432933
10427,15.58915559432933
10428,15.58915559432933
10429,15.58915559432933
10430,15.58915559432933
10431,15.58915559432933
10432,15.58915559432933
10433,15.58915559432933
10434,15.58915559432933
10435,15.58915559432933
10436,15.58915559432933
10437,15.58915559432933
10438,15.58915559432933
10439,15.58915559432933
10440,15.58915559432933
10441,15.58915559432933
10442,15.58915559432933
10443,15.58915559432933
10444,15.58915559432933
10445,15.58915559432933
10446,15.58915559432933
10447,15.58915559432933
10448,15.58915559432933
10449,15.58915559432933
10450,15.58915559432933
10451,15.58915559432933
10452,15.58915559432933
10453,15.58915559432933
10454,15.58915559432933
10455,15.58915559432933
10456,15.58915559432933
10457,15.58915559432933
10458,15.58915559432933
10459,15.58915559432933
10460,15.58915559432933
10461,15.58915559432933
10462,15.58915559432933
10463,15.58915559432933
10464,15.58915559432933
10465,15.58915559432933
10466,15.58915559432933
10467,15.58915559432933
10468,15.58915559432933
10469,15.58915559432933
10470,15.58915559432933
10471,15.58915559432933
10472,15.58915559432933
10473,15.58915559432933
10474,15.58915559432933
10475,15.58915559432933
10476,15.58915559432933
10477,15.58915559432933
10478,15.58915559432933
10479,15.58915559432933
10480,15.58915559432933
10481,15.58915559432933
10482,15.58915559432933
10483,15.58915559432933
10484,15.58915559432933
10485,15.58915559432933
10486,15.58915559432933
10487,15.58915559432933
10488,15.58915559432933
10489,15.58915559432933
10490,15.58915559432933
10491,15.58915559432933
10492,15.58915559432933
10493,15.58915559432933
10494,15.58915559432933
10495,15.58915559432933
10496,15.58915559432933
10497,15.58915559432933
10498,15.58915559432933
10499,15.58915559432933
10500,15.58915559432933
10501,15.58915559432933
10502,15.58915559432933
10503,15.58915559432933
10504,15.58915559432933
10505,15.58915559432933
10506,15.58915559432933
10507,15.58915559432933
10508,15.58915559432933
10509,15.58915559432933
10510,15.58915559432933
10511,15.58915559432933
10512,15.58915559432933
10513,15.58915559432933
10514,15.58915559432933
10515,15.58915559432933
10516,15.58915559432933
10517,15.58915559432933
10518,15.58915559432933
10519,15.58915559432933
10520,15.58915559432933
10521,15.58915559432933
10522,15.58915559432933
10523,15.58915559432933
10524,15.58915559432933
10525,15.58915559432933
10526,15.58915559432933
10527,15.58915559432933
10528,15.58915559432933
10529,15.58915559432933
10530,15.58915559432933
10531,15.58915559432933
10532,15.58915559432933
10533,15.58915559432933
10534,15.58915559432933
10535,15.58915559432933
10536,15.58915559432933
10537,15.58915559432933
10538,15.58915559432933
10539,15.58915559432933
10540,15.58915559432933
10541,15.58915559432933
10542,15.58915559432933
10543,15.58915559432933
10544,15.58915559432933
10545,15.58915559432933
10546,15.58915559432933
10547,15.58915559432933
10548,15.58915559432933
10549,15.58915559432933
10550,15.58915559432933
10551,15.58915559432933
10552,15.58915559432933
10553,15.58915559432933
10554,15.58915559432933
10555,15.58915559432933
10556,15.58915559432933
10557,15.58915559432933
10558,15.58915559432933
10559,15.58915559432933
10560,15.58915559432933
10561,15.58915559432933
10562,15.58915559432933
10563,15.58915559432933
10564,15.58915559432933
10565,15.58915559432933
10566,15.58915559432933
10567,15.58915559432933
10568,15.58915559432933
10569,15.58915559432933
10570,15.58915559432933
10571,15.58915559432933
10572,15.58915559432933
10573,15.58915559432933
10574,15.58915559432933
10575,15.58915559432933
10576,15.58915559432933
10577,15.58915559432933
10578,15.58915559432933
10579,15.58915559432933
10580,15.58915559432933
10581,15.58915559432933
10582,15.58915559432933
10583,15.58915559432933
10584,15.58915559432933
10585,15.58915559432933
10586,15.58915559432933
10587,15.58915559432933
10588,15.58915559432933
10589,15.58915559432933
10590,15.58915559432933
10591,15.58915559432933
10592,15.58915559432933
10593,15.58915559432933
10594,15.58915559432933
10595,15.58915559432933
10596,15.58915559432933
10597,15.58915559432933
10598,15.58915559432933
10599,15.58915559432933
10600,15.58915559432933
10601,15.58915559432933
10602,15.58915559432933
10603,15.58915559432933
10604,15.58915559432933
10605,15.58915559432933
10606,15.58915559432933
10607,15.58915559432933
10608,15.58915559432933
10609,15.58915559432933
10610,15.58915559432933
10611,15.58915559432933
10612,15.58915559432933
10613,15.58915559432933
10614,15.58915559432933
10615,15.58915559432933
10616,15.58915559432933
10617,15.58915559432933
10618,15.58915559432933
10619,15.58915559432933
10620,15.58915559432933
10621,15.58915559432933
10622,15.58915559432933
10623,15.58915559432933
10624,15.58915559432933
10625,15.58915559432933
10626,15.58915559432933
10627,15.58915559432933
10628,15.58915559432933
10629,15.58915559432933
10630,15.58915559432933
10631,15.58915559432933
10632,15.58915559432933
10633,15.58915559432933
10634,15.58915559432933
10635,15.58915559432933
10636,15.58915559432933
10637,15.58915559432933
10638,15.58915559432933
10639,15.58915559432933
10640,15.58915559432933
10641,15.58915559432933
10642,15.58915559432933
10643,15.58915559432933
10644,15.58915559432933
10645,15.58915559432933
10646,15.58915559432933
10647,15.58915559432933
10648,15.58915559432933
10649,15.58915559432933
10650,15.58915559432933
10651,15.58915559432933
10652,15.58915559432933
10653,15.58915559432933
10654,15.58915559432933
10655,15.58915559432933
10656,15.58915559432933
10657,15.58915559432933
10658,15.58915559432933
10659,15.58915559432933
10660,15.58915559432933
10661,15.58915559432933
10662,15.58915559432933
10663,15.58915559432933
10664,15.58915559432933
10665,15.58915559432933
10666,15.58915559432933
10667,15.58915559432933
10668,15.58915559432933
10669,15.58915559432933
10670,15.58915559432933
10671,15.58915559432933
10672,15.58915559432933
10673,15.58915559432933
10674,15.58915559432933
10675,15.58915559432933
10676,15.58915559432933
10677,15.58915559432933
10678,15.58915559432933
10679,15.58915559432933
10680,15.58915559432933
10681,15.58915559432933
10682,15.58915559432933
10683,15.58915559432933
10684,15.58915559432933
10685,15.58915559432933
10686,15.58915559432933
10687,15.58915559432933
10688,15.58915559432933
10689,15.58915559432933
10690,15.58915559432933
10691,15.58915559432933
10692,15.58915559432933
10693,15.58915559432933
10694,15.58915559432933
10695,15.58915559432933
10696,15.58915559432933
10697,15.58915559432933
10698,15.58915559432933
10699,15.58915559432933
10700,15.58915559432933
10701,15.58915559432933
10702,15.58915559432933
10703,15.58915559432933
10704,15.58915559432933
10705,15.58915559432933
10706,15.58915559432933
10707,15.58915559432933
10708,15.58915559432933
10709,15.58915559432933
10710,15.58915559432933
10711,15.58915559432933
10712,15.58915559432933
10713,15.58915559432933
10714,15.58915559432933
10715,15.58915559432933
10716,15.58915559432933
10717,15.58915559432933
10718,15.58915559432933
10719,15.58915559432933
10720,15.58915559432933
10721,15.58915559432933
10722,15.58915559432933
10723,15.58915559432933
10724,15.58915559432933
10725,15.58915559432933
10726,15.58915559432933
10727,15.58915559432933
10728,15.58915559432933
10729,15.58915559432933
10730,15.58915559432933
10731,15.58915559432933
10732,15.58915559432933
10733,15.58915559432933
10734,15.58915559432933
10735,15.58915559432933
10736,15.58915559432933
10737,15.58915559432933
10738,15.58915559432933
10739,15.58915559432933
10740,15.58915559432933
10741,15.58915559432933
10742,15.58915559432933
10743,15.58915559432933
10744,15.58915559432933
10745,15.58915559432933
10746,15.58915559432933
10747,15.58915559432933
10748,15.58915559432933
10749,15.58915559432933
10750,15.58915559432933
10751,15.58915559432933
10752,15.58915559432933
10753,15.58915559432933
10754,15.58915559432933
10755,15.58915559432933
10756,15.58915559432933
10757,15.58915559432933
10758,15.58915559432933
10759,15.58915559432933
10760,15.58915559432933
10761,15.58915559432933
10762,15.58915559432933
10763,15.58915559432933
10764,15.58915559432933
10765,15.58915559432933
10766,15.58915559432933
10767,15.58915559432933
10768,15.58915559432933
10769,15.58915559432933
10770,15.58915559432933
10771,15.58915559432933
10772,15.58915559432933
10773,15.58915559432933
10774,15.58915559432933
10775,15.58915559432933
10776,15.58915559432933
10777,15.58915559432933
10778,15.58915559432933
10779,15.58915559432933
10780,15.58915559432933
10781,15.58915559432933
10782,15.58915559432933
10783,15.58915559432933
10784,15.58915559432933
10785,15.58915559432933
10786,15.58915559432933
10787,15.58915559432933
10788,15.58915559432933
10789,15.58915559432933
10790,15.58915559432933
10791,15.58915559432933
10792,15.58915559432933
10793,15.58915559432933
10794,15.58915559432933
10795,15.58915559432933
10796,15.58915559432933
10797,15.58915559432933
10798,15.58915559432933
10799,15.58915559432933
10800,15.58915559432933
10801,15.58915559432933
10802,15.58915559432933
10803,15.58915559432933
10804,15.58915559432933
10805,15.58915559432933
10806,15.58915559432933
10807,15.58915559432933
10808,15.58915559432933
10809,15.58915559432933
10810,15.58915559432933
10811,15.58915559432933
10812,15.58915559432933
10813,15.58915559432933
10814,15.58915559432933
10815,15.58915559432933
10816,15.58915559432933
10817,15.58915559432933
10818,15.58915559432933
10819,15.58915559432933
10820,15.58915559432933
10821,15.58915559432933
10822,15.58915559432933
10823,15.58915559432933
10824,15.58915559432933
10825,15.58915559432933
10826,15.58915559432933
10827,15.58915559432933
10828,15.58915559432933
10829,15.58915559432933
10830,15.58915559432933
10831,15.58915559432933
10832,15.58915559432933
10833,15.58915559432933
10834,15.58915559432933
10835,15.58915559432933
10836,15.58915559432933
10837,15.58915559432933
10838,15.58915559432933
10839,15.58915559432933
10840,15.58915559432933
10841,15.58915559432933
10842,15.58915559432933
10843,15.58915559432933
10844,15.58915559432933
10845,15.58915559432933
10846,15.58915559432933
10847,15.58915559432933
10848,15.58915559432933
10849,15.58915559432933
10850,15.58915559432933
10851,15.58915559432933
10852,15.58915559432933
10853,15.58915559432933
10854,15.58915559432933
10855,15.58915559432933
10856,15.58915559432933
10857,15.58915559432933
10858,15.58915559432933
10859,15.58915559432933
10860,15.58915559432933
10861,15.58915559432933
10862,15.58915559432933
10863,15.58915559432933
10864,15.58915559432933
10865,15.58915559432933
10866,15.58915559432933
10867,15.58915559432933
10868,15.58915559432933
10869,15.58915559432933
10870,15.58915559432933
10871,15.58915559432933
10872,15.58915559432933
10873,15.58915559432933
10874,15.58915559432933
10875,15.58915559432933
10876,15.58915559432933
10877,15.58915559432933
10878,15.58915559432933
10879,15.58915559432933
10880,15.58915559432933
10881,15.58915559432933
10882,15.58915559432933
10883,15.58915559432933
10884,15.58915559432933
10885,15.58915559432933
10886,15.58915559432933
10887,15.58915559432933
10888,15.58915559432933
10889,15.58915559432933
10890,15.58915559432933
10891,15.58915559432933
10892,15.58915559432933
10893,15.58915559432933
10894,15.58915559432933
10895,15.58915559432933
10896,15.58915559432933
10897,15.58915559432933
10898,15.58915559432933
10899,15.58915559432933
10900,15.58915559432933
10901,15.58915559432933
10902,15.58915559432933
10903,15.58915559432933
10904,15.58915559432933
10905,15.58915559432933
10906,15.58915559432933
10907,15.58915559432933
10908,15.58915559432933
10909,15.58915559432933
10910,15.58915559432933
10911,15.58915559432933
10912,15.58915559432933
10913,15.58915559432933
10914,15.58915559432933
10915,15.58915559432933
10916,15.58915559432933
10917,15.58915559432933
10918,15.58915559432933
10919,15.58915559432933
10920,15.58915559432933
10921,15.58915559432933
10922,15.58915559432933
10923,15.58915559432933
10924,15.58915559432933
10925,15.58915559432933
10926,15.58915559432933
10927,15.58915559432933
10928,15.58915559432933
10929,15.58915559432933
10930,15.58915559432933
10931,15.58915559432933
10932,15.58915559432933
10933,15.58915559432933
10934,15.58915559432933
10935,15.58915559432933
10936,15.58915559432933
10937,15.58915559432933
10938,15.58915559432933
10939,15.58915559432933
10940,15.58915559432933
10941,15.58915559432933
10942,15.58915559432933
10943,15.58915559432933
10944,15.58915559432933
10945,15.58915559432933
10946,15.58915559432933
10947,15.58915559432933
10948,15.58915559432933
10949,15.58915559432933
10950,15.58915559432933
10951,15.58915559432933
10952,15.58915559432933
10953,15.58915559432933
10954,15.58915559432933
10955,15.58915559432933
10956,15.58915559432933
10957,15.58915559432933
10958,15.58915559432933
10959,15.58915559432933
10960,15.58915559432933
10961,15.58915559432933
10962,15.58915559432933
10963,15.58915559432933
10964,15.58915559432933
10965,15.58915559432933
10966,15.58915559432933
10967,15.58915559432933
10968,15.58915559432933
10969,15.58915559432933
10970,15.58915559432933
10971,15.58915559432933
10972,15.58915559432933
10973,15.58915559432933
10974,15.58915559432933
10975,15.58915559432933
10976,15.58915559432933
10977,15.58915559432933
10978,15.58915559432933
10979,15.58915559432933
10980,15.58915559432933
10981,15.58915559432933
10982,15.58915559432933
10983,15.58915559432933
10984,15.58915559432933
10985,15.58915559432933
10986,15.58915559432933
10987,15.58915559432933
10988,15.58915559432933
10989,15.58915559432933
10990,15.58915559432933
10991,15.58915559432933
10992,15.58915559432933
10993,15.58915559432933
10994,15.58915559432933
10995,15.58915559432933
10996,15.58915559432933
10997,15.58915559432933
10998,15.58915559432933
10999,15.58915559432933
11000,15.58915559432933
11001,15.58915559432933
11002,15.58915559432933
11003,15.58915559432933
11004,15.58915559432933
11005,15.58915559432933
11006,15.58915559432933
11007,15.58915559432933
11008,15.58915559432933
11009,15.58915559432933
11010,15.58915559432933
11011,15.58915559432933
11012,15.58915559432933
11013,15.58915559432933
11014,15.58915559432933
11015,15.58915559432933
11016,15.58915559432933
11017,15.58915559432933
11018,15.58915559432933
11019,15.58915559432933
11020,15.58915559432933
11021,15.58915559432933
11022,15.58915559432933
11023,15.58915559432933
11024,15.58915559432933
11025,15.58915559432933
11026,15.58915559432933
11027,15.58915559432933
11028,15.58915559432933
11029,15.58915559432933
11030,15.58915559432933
11031,15.58915559432933
11032,15.58915559432933
11033,15.58915559432933
11034,15.58915559432933
11035,15.58915559432933
11036,15.58915559432933
11037,15.58915559432933
11038,15.58915559432933
11039,15.58915559432933
11040,15.58915559432933
11041,15.58915559432933
11042,15.58915559432933
11043,15.58915559432933
11044,15.58915559432933
11045,15.58915559432933
11046,15.58915559432933
11047,15.58915559432933
11048,15.58915559432933
11049,15.58915559432933
11050,15.58915559432933
11051,15.58915559432933
11052,15.58915559432933
11053,15.58915559432933
11054,15.58915559432933
11055,15.58915559432933
11056,15.58915559432933
11057,15.58915559432933
11058,15.58915559432933
11059,15.58915559432933
11060,15.58915559432933
11061,15.58915559432933
11062,15.58915559432933
11063,15.58915559432933
11064,15.58915559432933
11065,15.58915559432933
11066,15.58915559432933
11067,15.58915559432933
11068,15.58915559432933
11069,15.58915559432933
11070,15.58915559432933
11071,15.58915559432933
11072,15.58915559432933
11073,15.58915559432933
11074,15.58915559432933
11075,15.58915559432933
11076,15.58915559432933
11077,15.58915559432933
11078,15.58915559432933
11079,15.58915559432933
11080,15.58915559432933
11081,15.58915559432933
11082,15.58915559432933
11083,15.58915559432933
11084,15.58915559432933
11085,15.58915559432933
11086,15.58915559432933
11087,15.58915559432933
11088,15.58915559432933
11089,15.58915559432933
11090,15.58915559432933
11091,15.58915559432933
11092,15.58915559432933
11093,15.58915559432933
11094,15.58915559432933
11095,15.58915559432933
11096,15.58915559432933
11097,15.58915559432933
11098,15.58915559432933
11099,15.58915559432933
11100,15.58915559432933
11101,15.58915559432933
11102,15.58915559432933
11103,15.58915559432933
11104,15.58915559432933
11105,15.58915559432933
11106,15.58915559432933
11107,15.58915559432933
11108,15.58915559432933
11109,15.58915559432933
11110,15.58915559432933
11111,15.58915559432933
11112,15.58915559432933
11113,15.58915559432933
11114,15.58915559432933
11115,15.58915559432933
11116,15.58915559432933
11117,15.58915559432933
11118,15.58915559432933
11119,15.58915559432933
11120,15.58915559432933
11121,15.58915559432933
11122,15.58915559432933
11123,15.58915559432933
11124,15.58915559432933
11125,15.58915559432933
11126,15.58915559432933
11127,15.58915559432933
11128,15.58915559432933
11129,15.58915559432933
11130,15.58915559432933
11131,15.58915559432933
11132,15.58915559432933
11133,15.58915559432933
11134,15.58915559432933
11135,15.58915559432933
11136,15.58915559432933
11137,15.58915559432933
11138,15.58915559432933
11139,15.58915559432933
11140,15.58915559432933
11141,15.58915559432933
11142,15.58915559432933
11143,15.58915559432933
11144,15.58915559432933
11145,15.58915559432933
11146,15.58915559432933
11147,15.58915559432933
11148,15.58915559432933
11149,15.58915559432933
11150,15.58915559432933
11151,15.58915559432933
11152,15.58915559432933
11153,15.58915559432933
11154,15.58915559432933
11155,15.58915559432933
11156,15.58915559432933
11157,15.58915559432933
11158,15.58915559432933
11159,15.58915559432933
11160,15.58915559432933
11161,15.58915559432933
11162,15.58915559432933
11163,15.58915559432933
11164,15.58915559432933
11165,15.58915559432933
11166,15.58915559432933
11167,15.58915559432933
11168,15.58915559432933
11169,15.58915559432933
11170,15.58915559432933
11171,15.58915559432933
11172,15.58915559432933
11173,15.58915559432933
11174,15.58915559432933
11175,15.58915559432933
11176,15.58915559432933
11177,15.58915559432933
11178,15.58915559432933
11179,15.58915559432933
11180,15.58915559432933
11181,15.58915559432933
11182,15.58915559432933
11183,15.58915559432933
11184,15.58915559432933
11185,15.58915559432933
11186,15.58915559432933
11187,15.58915559432933
11188,15.58915559432933
11189,15.58915559432933
11190,15.58915559432933
11191,15.58915559432933
11192,15.58915559432933
11193,15.58915559432933
11194,15.58915559432933
11195,15.58915559432933
11196,15.58915559432933
11197,15.58915559432933
11198,15.58915559432933
11199,15.58915559432933
11200,15.58915559432933
11201,15.58915559432933
11202,15.58915559432933
11203,15.58915559432933
11204,15.58915559432933
11205,15.58915559432933
11206,15.58915559432933
11207,15.58915559432933
11208,15.58915559432933
11209,15.58915559432933
11210,15.58915559432933
11211,15.58915559432933
11212,15.58915559432933
11213,15.58915559432933
11214,15.58915559432933
11215,15.58915559432933
11216,15.58915559432933
11217,15.58915559432933
11218,15.58915559432933
11219,15.58915559432933
11220,15.58915559432933
11221,15.58915559432933
11222,15.58915559432933
11223,15.58915559432933
11224,15.58915559432933
11225,15.58915559432933
11226,15.58915559432933
11227,15.58915559432933
11228,15.58915559432933
11229,15.58915559432933
11230,15.58915559432933
11231,15.58915559432933
11232,15.58915559432933
11233,15.58915559432933
11234,15.58915559432933
11235,15.58915559432933
11236,15.58915559432933
11237,15.58915559432933
11238,15.58915559432933
11239,15.58915559432933
11240,15.58915559432933
11241,15.58915559432933
11242,15.58915559432933
11243,15.58915559432933
11244,15.58915559432933
11245,15.58915559432933
11246,15.58915559432933
11247,15.58915559432933
11248,15.58915559432933
11249,15.58915559432933
11250,15.58915559432933
11251,15.58915559432933
11252,15.58915559432933
11253,15.58915559432933
11254,15.58915559432933
11255,15.58915559432933
11256,15.58915559432933
11257,15.58915559432933
11258,15.58915559432933
11259,15.58915559432933
11260,15.58915559432933
11261,15.58915559432933
11262,15.58915559432933
11263,15.58915559432933
11264,15.58915559432933
11265,15.58915559432933
11266,15.58915559432933
11267,15.58915559432933
11268,15.58915559432933
11269,15.58915559432933
11270,15.58915559432933
11271,15.58915559432933
11272,15.58915559432933
11273,15.58915559432933
11274,15.58915559432933
11275,15.58915559432933
11276,15.58915559432933
11277,15.58915559432933
11278,15.58915559432933
11279,15.58915559432933
11280,15.58915559432933
11281,15.58915559432933
11282,15.58915559432933
11283,15.58915559432933
11284,15.58915559432933
11285,15.58915559432933
11286,15.58915559432933
11287,15.58915559432933
11288,15.58915559432933
11289,15.58915559432933
11290,15.58915559432933
11291,15.58915559432933
11292,15.58915559432933
11293,15.58915559432933
11294,15.58915559432933
11295,15.58915559432933
11296,15.58915559432933
11297,15.58915559432933
11298,15.58915559432933
11299,15.58915559432933
11300,15.58915559432933
11301,15.58915559432933
11302,15.58915559432933
11303,15.58915559432933
11304,15.58915559432933
11305,15.58915559432933
11306,15.58915559432933
11307,15.58915559432933
11308,15.58915559432933
11309,15.58915559432933
11310,15.58915559432933
11311,15.58915559432933
11312,15.58915559432933
11313,15.58915559432933
11314,15.58915559432933
11315,15.58915559432933
11316,15.58915559432933
11317,15.58915559432933
11318,15.58915559432933
11319,15.58915559432933
11320,15.58915559432933
11321,15.58915559432933
11322,15.58915559432933
11323,15.58915559432933
11324,15.58915559432933
11325,15.58915559432933
11326,15.58915559432933
11327,15.58915559432933
11328,15.58915559432933
11329,15.58915559432933
11330,15.58915559432933
11331,15.58915559432933
11332,15.58915559432933
11333,15.58915559432933
11334,15.58915559432933
11335,15.58915559432933
11336,15.58915559432933
11337,15.58915559432933
11338,15.58915559432933
11339,15.58915559432933
11340,15.58915559432933
11341,15.58915559432933
11342,15.58915559432933
11343,15.58915559432933
11344,15.58915559432933
11345,15.58915559432933
11346,15.58915559432933
11347,15.58915559432933
11348,15.58915559432933
11349,15.58915559432933
11350,15.58915559432933
11351,15.58915559432933
11352,15.58915559432933
11353,15.58915559432933
11354,15.58915559432933
11355,15.58915559432933
11356,15.58915559432933
11357,15.58915559432933
11358,15.58915559432933
11359,15.58915559432933
11360,15.58915559432933
11361,15.58915559432933
11362,15.58915559432933
11363,15.58915559432933
11364,15.58915559432933
11365,15.58915559432933
11366,15.58915559432933
11367,15.58915559432933
11368,15.58915559432933
11369,15.58915559432933
11370,15.58915559432933
11371,15.58915559432933
11372,15.58915559432933
11373,15.58915559432933
11374,15.58915559432933
11375,15.58915559432933
11376,15.58915559432933
11377,15.58915559432933
11378,15.58915559432933
11379,15.58915559432933
11380,15.58915559432933
11381,15.58915559432933
11382,15.58915559432933
11383,15.58915559432933
11384,15.58915559432933
11385,15.58915559432933
11386,15.58915559432933
11387,15.58915559432933
11388,15.58915559432933
11389,15.58915559432933
11390,15.58915559432933
11391,15.58915559432933
11392,15.58915559432933
11393,15.58915559432933
11394,15.58915559432933
11395,15.58915559432933
11396,15.58915559432933
11397,15.58915559432933
11398,15.58915559432933
11399,15.58915559432933
11400,15.58915559432933
11401,15.58915559432933
11402,15.58915559432933
11403,15.58915559432933
11404,15.58915559432933
11405,15.58915559432933
11406,15.58915559432933
11407,15.58915559432933
11408,15.58915559432933
11409,15.58915559432933
11410,15.58915559432933
11411,15.58915559432933
11412,15.58915559432933
11413,15.58915559432933
11414,15.58915559432933
11415,15.58915559432933
11416,15.58915559432933
11417,15.58915559432933
11418,15.58915559432933
11419,15.58915559432933
11420,15.58915559432933
11421,15.58915559432933
11422,15.58915559432933
11423,15.58915559432933
11424,15.58915559432933
11425,15.58915559432933
11426,15.58915559432933
11427,15.58915559432933
11428,15.58915559432933
11429,15.58915559432933
11430,15.58915559432933
11431,15.58915559432933
11432,15.58915559432933
11433,15.58915559432933
11434,15.58915559432933
11435,15.58915559432933
11436,15.58915559432933
11437,15.58915559432933
11438,15.58915559432933
11439,15.58915559432933
11440,15.58915559432933
11441,15.58915559432933
11442,15.58915559432933
11443,15.58915559432933
11444,15.58915559432933
11445,15.58915559432933
11446,15.58915559432933
11447,15.58915559432933
11448,15.58915559432933
11449,15.58915559432933
11450,15.58915559432933
11451,15.58915559432933
11452,15.58915559432933
11453,15.58915559432933
11454,15.58915559432933
11455,15.58915559432933
11456,15.58915559432933
11457,15.58915559432933
11458,15.58915559432933
11459,15.58915559432933
11460,15.58915559432933
11461,15.58915559432933
11462,15.58915559432933
11463,15.58915559432933
11464,15.58915559432933
11465,15.58915559432933
11466,15.58915559432933
11467,15.58915559432933
11468,15.58915559432933
11469,15.58915559432933
11470,15.58915559432933
11471,15.58915559432933
11472,15.58915559432933
11473,15.58915559432933
11474,15.58915559432933
11475,15.58915559432933
11476,15.58915559432933
11477,15.58915559432933
11478,15.58915559432933
11479,15.58915559432933
11480,15.58915559432933
11481,15.58915559432933
11482,15.58915559432933
11483,15.58915559432933
11484,15.58915559432933
11485,15.58915559432933
11486,15.58915559432933
11487,15.58915559432933
11488,15.58915559432933
11489,15.58915559432933
11490,15.58915559432933
11491,15.58915559432933
11492,15.58915559432933
11493,15.58915559432933
11494,15.58915559432933
11495,15.58915559432933
11496,15.58915559432933
11497,15.58915559432933
11498,15.58915559432933
11499,15.58915559432933
11500,15.58915559432933
11501,15.58915559432933
11502,15.58915559432933
11503,15.58915559432933
11504,15.58915559432933
11505,15.58915559432933
11506,15.58915559432933
11507,15.58915559432933
11508,15.58915559432933
11509,15.58915559432933
11510,15.58915559432933
11511,15.58915559432933
11512,15.58915559432933
11513,15.58915559432933
11514,15.58915559432933
11515,15.58915559432933
11516,15.58915559432933
11517,15.58915559432933
11518,15.58915559432933
11519,15.58915559432933
11520,15.58915559432933
11521,15.58915559432933
11522,15.58915559432933
11523,15.58915559432933
11524,15.58915559432933
11525,15.58915559432933
11526,15.58915559432933
11527,15.58915559432933
11528,15.58915559432933
11529,15.58915559432933
11530,15.58915559432933
11531,15.58915559432933
11532,15.58915559432933
11533,15.58915559432933
11534,15.58915559432933
11535,15.58915559432933
11536,15.58915559432933
11537,15.58915559432933
11538,15.58915559432933
11539,15.58915559432933
11540,15.58915559432933
11541,15.58915559432933
11542,15.58915559432933
11543,15.58915559432933
11544,15.58915559432933
11545,15.58915559432933
11546,15.58915559432933
11547,15.58915559432933
11548,15.58915559432933
11549,15.58915559432933
11550,15.58915559432933
11551,15.58915559432933
11552,15.58915559432933
11553,15.58915559432933
11554,15.58915559432933
11555,15.58915559432933
11556,15.58915559432933
11557,15.58915559432933
11558,15.58915559432933
11559,15.58915559432933
11560,15.58915559432933
11561,15.58915559432933
11562,15.58915559432933
11563,15.58915559432933
11564,15.58915559432933
11565,15.58915559432933
11566,15.58915559432933
11567,15.58915559432933
11568,15.58915559432933
11569,15.58915559432933
11570,15.58915559432933
11571,15.58915559432933
11572,15.58915559432933
11573,15.58915559432933
11574,15.58915559432933
11575,15.58915559432933
11576,15.58915559432933
11577,15.58915559432933
11578,15.58915559432933
11579,15.58915559432933
11580,15.58915559432933
11581,15.58915559432933
11582,15.58915559432933
11583,15.58915559432933
11584,15.58915559432933
11585,15.58915559432933
11586,15.58915559432933
11587,15.58915559432933
11588,15.58915559432933
11589,15.58915559432933
11590,15.58915559432933
11591,15.58915559432933
11592,15.58915559432933
11593,15.58915559432933
11594,15.58915559432933
11595,15.58915559432933
11596,15.58915559432933
11597,15.58915559432933
11598,15.58915559432933
11599,15.58915559432933
11600,15.58915559432933
11601,15.58915559432933
11602,15.58915559432933
11603,15.58915559432933
11604,15.58915559432933
11605,15.58915559432933
11606,15.58915559432933
11607,15.58915559432933
11608,15.58915559432933
11609,15.58915559432933
11610,15.58915559432933
11611,15.58915559432933
11612,15.58915559432933
11613,15.58915559432933
11614,15.58915559432933
11615,15.58915559432933
11616,15.58915559432933
11617,15.58915559432933
11618,15.58915559432933
11619,15.58915559432933
11620,15.58915559432933
11621,15.58915559432933
11622,15.58915559432933
11623,15.58915559432933
11624,15.58915559432933
11625,15.58915559432933
11626,15.58915559432933
11627,15.58915559432933
11628,15.58915559432933
11629,15.58915559432933
11630,15.58915559432933
11631,15.58915559432933
11632,15.58915559432933
11633,15.58915559432933
11634,15.58915559432933
11635,15.58915559432933
11636,15.58915559432933
11637,15.58915559432933
11638,15.58915559432933
11639,15.58915559432933
11640,15.58915559432933
11641,15.58915559432933
11642,15.58915559432933
11643,15.58915559432933
11644,15.58915559432933
11645,15.58915559432933
11646,15.58915559432933
11647,15.58915559432933
11648,15.58915559432933
11649,15.58915559432933
11650,15.58915559432933
11651,15.58915559432933
11652,15.58915559432933
11653,15.58915559432933
11654,15.58915559432933
11655,15.58915559432933
11656,15.58915559432933
11657,15.58915559432933
11658,15.58915559432933
11659,15.58915559432933
11660,15.58915559432933
11661,15.58915559432933
11662,15.58915559432933
11663,15.58915559432933
11664,15.58915559432933
11665,15.58915559432933
11666,15.58915559432933
11667,15.58915559432933
11668,15.58915559432933
11669,15.58915559432933
11670,15.58915559432933
11671,15.58915559432933
11672,15.58915559432933
11673,15.58915559432933
11674,15.58915559432933
11675,15.58915559432933
11676,15.58915559432933
11677,15.58915559432933
11678,15.58915559432933
11679,15.58915559432933
11680,15.58915559432933
11681,15.58915559432933
11682,15.58915559432933
11683,15.58915559432933
11684,15.58915559432933
11685,15.58915559432933
11686,15.58915559432933
11687,15.58915559432933
11688,15.58915559432933
11689,15.58915559432933
11690,15.58915559432933
11691,15.58915559432933
11692,15.58915559432933
11693,15.58915559432933
11694,15.58915559432933
11695,15.58915559432933
11696,15.58915559432933
11697,15.58915559432933
11698,15.58915559432933
11699,15.58915559432933
11700,15.58915559432933
11701,15.58915559432933
11702,15.58915559432933
11703,15.58915559432933
11704,15.58915559432933
11705,15.58915559432933
11706,15.58915559432933
11707,15.58915559432933
11708,15.58915559432933
11709,15.58915559432933
11710,15.58915559432933
11711,15.58915559432933
11712,15.58915559432933
11713,15.58915559432933
11714,15.58915559432933
11715,15.58915559432933
11716,15.58915559432933
11717,15.58915559432933
11718,15.58915559432933
11719,15.58915559432933
11720,15.58915559432933
11721,15.58915559432933
11722,15.58915559432933
11723,15.58915559432933
11724,15.58915559432933
11725,15.58915559432933
11726,15.58915559432933
11727,15.58915559432933
11728,15.58915559432933
11729,15.58915559432933
11730,15.58915559432933
11731,15.58915559432933
11732,15.58915559432933
11733,15.58915559432933
11734,15.58915559432933
11735,15.58915559432933
11736,15.58915559432933
11737,15.58915559432933
11738,15.58915559432933
11739,15.58915559432933
11740,15.58915559432933
11741,15.58915559432933
11742,15.58915559432933
11743,15.58915559432933
11744,15.58915559432933
11745,15.58915559432933
11746,15.58915559432933
11747,15.58915559432933
11748,15.58915559432933
11749,15.58915559432933
11750,15.58915559432933
11751,15.58915559432933
11752,15.58915559432933
11753,15.58915559432933
11754,15.58915559432933
11755,15.58915559432933
11756,15.58915559432933
11757,15.58915559432933
11758,15.58915559432933
11759,15.58915559432933
11760,15.58915559432933
11761,15.58915559432933
11762,15.58915559432933
11763,15.58915559432933
11764,15.58915559432933
11765,15.58915559432933
11766,15.58915559432933
11767,15.58915559432933
11768,15.58915559432933
11769,15.58915559432933
11770,15.58915559432933
11771,15.58915559432933
11772,15.58915559432933
11773,15.58915559432933
11774,15.58915559432933
11775,15.58915559432933
11776,15.58915559432933
11777,15.58915559432933
11778,15.58915559432933
11779,15.58915559432933
11780,15.58915559432933
11781,15.58915559432933
11782,15.58915559432933
11783,15.58915559432933
11784,15.58915559432933
11785,15.58915559432933
11786,15.58915559432933
11787,15.58915559432933
11788,15.58915559432933
11789,15.58915559432933
11790,15.58915559432933
11791,15.58915559432933
11792,15.58915559432933
11793,15.58915559432933
11794,15.58915559432933
11795,15.58915559432933
11796,15.58915559432933
11797,15.58915559432933
11798,15.58915559432933
11799,15.58915559432933
11800,15.58915559432933
11801,15.58915559432933
11802,15.58915559432933
11803,15.58915559432933
11804,15.58915559432933
11805,15.58915559432933
11806,15.58915559432933
11807,15.58915559432933
11808,15.58915559432933
11809,15.58915559432933
11810,15.58915559432933
11811,15.58915559432933
11812,15.58915559432933
11813,15.58915559432933
11814,15.58915559432933
11815,15.58915559432933
11816,15.58915559432933
11817,15.58915559432933
11818,15.58915559432933
11819,15.58915559432933
11820,15.58915559432933
11821,15.58915559432933
11822,15.58915559432933
11823,15.58915559432933
11824,15.58915559432933
11825,15.58915559432933
11826,15.58915559432933
11827,15.58915559432933
11828,15.58915559432933
11829,15.58915559432933
11830,15.58915559432933
11831,15.58915559432933
11832,15.58915559432933
11833,15.58915559432933
11834,15.58915559432933
11835,15.58915559432933
11836,15.58915559432933
11837,15.58915559432933
11838,15.58915559432933
11839,15.58915559432933
11840,15.58915559432933
11841,15.58915559432933
11842,15.58915559432933
11843,15.58915559432933
11844,15.58915559432933
11845,15.58915559432933
11846,15.58915559432933
11847,15.58915559432933
11848,15.58915559432933
11849,15.58915559432933
11850,15.58915559432933
11851,15.58915559432933
11852,15.58915559432933
11853,15.58915559432933
11854,15.58915559432933
11855,15.58915559432933
11856,15.58915559432933
11857,15.58915559432933
11858,15.58915559432933
11859,15.58915559432933
11860,15.58915559432933
11861,15.58915559432933
11862,15.58915559432933
11863,15.58915559432933
11864,15.58915559432933
11865,15.58915559432933
11866,15.58915559432933
11867,15.58915559432933
11868,15.58915559432933
11869,15.58915559432933
11870,15.58915559432933
11871,15.58915559432933
11872,15.58915559432933
11873,15.58915559432933
11874,15.58915559432933
11875,15.58915559432933
11876,15.58915559432933
11877,15.58915559432933
11878,15.58915559432933
11879,15.58915559432933
11880,15.58915559432933
11881,15.58915559432933
11882,15.58915559432933
11883,15.58915559432933
11884,15.58915559432933
11885,15.58915559432933
11886,15.58915559432933
11887,15.58915559432933
11888,15.58915559432933
11889,15.58915559432933
11890,15.58915559432933
11891,15.58915559432933
11892,15.58915559432933
11893,15.58915559432933
11894,15.58915559432933
11895,15.58915559432933
11896,15.58915559432933
11897,15.58915559432933
11898,15.58915559432933
11899,15.58915559432933
11900,15.58915559432933
11901,15.58915559432933
11902,15.58915559432933
11903,15.58915559432933
11904,15.58915559432933
11905,15.58915559432933
11906,15.58915559432933
11907,15.58915559432933
11908,15.58915559432933
11909,15.58915559432933
11910,15.58915559432933
11911,15.58915559432933
11912,15.58915559432933
11913,15.58915559432933
11914,15.58915559432933
11915,15.58915559432933
11916,15.58915559432933
11917,15.58915559432933
11918,15.58915559432933
11919,15.58915559432933
11920,15.58915559432933
11921,15.58915559432933
11922,15.58915559432933
11923,15.58915559432933
11924,15.58915559432933
11925,15.58915559432933
11926,15.58915559432933
11927,15.58915559432933
11928,15.58915559432933
11929,15.58915559432933
11930,15.58915559432933
11931,15.58915559432933
11932,15.58915559432933
11933,15.58915559432933
11934,15.58915559432933
11935,15.58915559432933
11936,15.58915559432933
11937,15.58915559432933
11938,15.58915559432933
11939,15.58915559432933
11940,15.58915559432933
11941,15.58915559432933
11942,15.58915559432933
11943,15.58915559432933
11944,15.58915559432933
11945,15.58915559432933
11946,15.58915559432933
11947,15.58915559432933
11948,15.58915559432933
11949,15.58915559432933
11950,15.58915559432933
11951,15.58915559432933
11952,15.58915559432933
11953,15.58915559432933
11954,15.58915559432933
11955,15.58915559432933
11956,15.58915559432933
11957,15.58915559432933
11958,15.58915559432933
11959,15.58915559432933
11960,15.58915559432933
11961,15.58915559432933
11962,15.58915559432933
11963,15.58915559432933
11964,15.58915559432933
11965,15.58915559432933
11966,15.58915559432933
11967,15.58915559432933
11968,15.58915559432933
11969,15.58915559432933
11970,15.58915559432933
11971,15.58915559432933
11972,15.58915559432933
11973,15.58915559432933
11974,15.58915559432933
11975,15.58915559432933
11976,15.58915559432933
11977,15.58915559432933
11978,15.58915559432933
11979,15.58915559432933
11980,15.58915559432933
11981,15.58915559432933
11982,15.58915559432933
11983,15.58915559432933
11984,15.58915559432933
11985,15.58915559432933
11986,15.58915559432933
11987,15.58915559432933
11988,15.58915559432933
11989,15.58915559432933
11990,15.58915559432933
11991,15.58915559432933
11992,15.58915559432933
11993,15.58915559432933
11994,15.58915559432933
11995,15.58915559432933
11996,15.58915559432933
11997,15.58915559432933
11998,15.58915559432933
11999,15.58915559432933
12000,15.58915559432933
12001,15.58915559432933
12002,15.58915559432933
12003,15.58915559432933
12004,15.58915559432933
12005,15.58915559432933
12006,15.58915559432933
12007,15.58915559432933
12008,15.58915559432933
12009,15.58915559432933
12010,15.58915559432933
12011,15.58915559432933
12012,15.58915559432933
12013,15.58915559432933
12014,15.58915559432933
12015,15.58915559432933
12016,15.58915559432933
12017,15.58915559432933
12018,15.58915559432933
12019,15.58915559432933
12020,15.58915559432933
12021,15.58915559432933
12022,15.58915559432933
12023,15.58915559432933
12024,15.58915559432933
12025,15.58915559432933
12026,15.58915559432933
12027,15.58915559432933
12028,15.58915559432933
12029,15.58915559432933
12030,15.58915559432933
12031,15.58915559432933
12032,15.58915559432933
12033,15.58915559432933
12034,15.58915559432933
12035,15.58915559432933
12036,15.58915559432933
12037,15.58915559432933
12038,15.58915559432933
12039,15.58915559432933
12040,15.58915559432933
12041,15.58915559432933
12042,15.58915559432933
12043,15.58915559432933
12044,15.58915559432933
12045,15.58915559432933
12046,15.58915559432933
12047,15.58915559432933
12048,15.58915559432933
12049,15.58915559432933
12050,15.58915559432933
12051,15.58915559432933
12052,15.58915559432933
12053,15.58915559432933
12054,15.58915559432933
12055,15.58915559432933
12056,15.58915559432933
12057,15.58915559432933
12058,15.58915559432933
12059,15.58915559432933
12060,15.58915559432933
12061,15.58915559432933
12062,15.58915559432933
12063,15.58915559432933
12064,15.58915559432933
12065,15.58915559432933
12066,15.58915559432933
12067,15.58915559432933
12068,15.58915559432933
12069,15.58915559432933
12070,15.58915559432933
12071,15.58915559432933
12072,15.58915559432933
12073,15.58915559432933
12074,15.58915559432933
12075,15.58915559432933
12076,15.58915559432933
12077,15.58915559432933
12078,15.58915559432933
12079,15.58915559432933
12080,15.58915559432933
12081,15.58915559432933
12082,15.58915559432933
12083,15.58915559432933
12084,15.58915559432933
12085,15.58915559432933
12086,15.58915559432933
12087,15.58915559432933
12088,15.58915559432933
12089,15.58915559432933
12090,15.58915559432933
12091,15.58915559432933
12092,15.58915559432933
12093,15.58915559432933
12094,15.58915559432933
12095,15.58915559432933
12096,15.58915559432933
12097,15.58915559432933
12098,15.58915559432933
12099,15.58915559432933
12100,15.58915559432933
12101,15.58915559432933
12102,15.58915559432933
12103,15.58915559432933
12104,15.58915559432933
12105,15.58915559432933
12106,15.58915559432933
12107,15.58915559432933
12108,15.58915559432933
12109,15.58915559432933
12110,15.58915559432933
12111,15.58915559432933
12112,15.58915559432933
12113,15.58915559432933
12114,15.58915559432933
12115,15.58915559432933
12116,15.58915559432933
12117,15.58915559432933
12118,15.58915559432933
12119,15.58915559432933
12120,15.58915559432933
12121,15.58915559432933
12122,15.58915559432933
12123,15.58915559432933
12124,15.58915559432933
12125,15.58915559432933
12126,15.58915559432933
12127,15.58915559432933
12128,15.58915559432933
12129,15.58915559432933
12130,15.58915559432933
12131,15.58915559432933
12132,15.58915559432933
12133,15.58915559432933
12134,15.58915559432933
12135,15.58915559432933
12136,15.58915559432933
12137,15.58915559432933
12138,15.58915559432933
12139,15.58915559432933
12140,15.58915559432933
12141,15.58915559432933
12142,15.58915559432933
12143,15.58915559432933
12144,15.58915559432933
12145,15.58915559432933
12146,15.58915559432933
12147,15.58915559432933
12148,15.58915559432933
12149,15.58915559432933
12150,15.58915559432933
12151,15.58915559432933
12152,15.58915559432933
12153,15.58915559432933
12154,15.58915559432933
12155,15.58915559432933
12156,15.58915559432933
12157,15.58915559432933
12158,15.58915559432933
12159,15.58915559432933
12160,15.58915559432933
12161,15.58915559432933
12162,15.58915559432933
12163,15.58915559432933
12164,15.58915559432933
12165,15.58915559432933
12166,15.58915559432933
12167,15.58915559432933
12168,15.58915559432933
12169,15.58915559432933
12170,15.58915559432933
12171,15.58915559432933
12172,15.58915559432933
12173,15.58915559432933
12174,15.58915559432933
12175,15.58915559432933
12176,15.58915559432933
12177,15.58915559432933
12178,15.58915559432933
12179,15.58915559432933
12180,15.58915559432933
12181,15.58915559432933
12182,15.58915559432933
12183,15.58915559432933
12184,15.58915559432933
12185,15.58915559432933
12186,15.58915559432933
12187,15.58915559432933
12188,15.58915559432933
12189,15.58915559432933
12190,15.58915559432933
12191,15.58915559432933
12192,15.58915559432933
12193,15.58915559432933
12194,15.58915559432933
12195,15.58915559432933
12196,15.58915559432933
12197,15.58915559432933
12198,15.58915559432933
12199,15.58915559432933
12200,15.58915559432933
12201,15.58915559432933
12202,15.58915559432933
12203,15.58915559432933
12204,15.58915559432933
12205,15.58915559432933
12206,15.58915559432933
12207,15.58915559432933
12208,15.58915559432933
12209,15.58915559432933
12210,15.58915559432933
12211,15.58915559432933
12212,15.58915559432933
12213,15.58915559432933
12214,15.58915559432933
12215,15.58915559432933
12216,15.58915559432933
12217,15.58915559432933
12218,15.58915559432933
12219,15.58915559432933
12220,15.58915559432933
12221,15.58915559432933
12222,15.58915559432933
12223,15.58915559432933
12224,15.58915559432933
12225,15.58915559432933
12226,15.58915559432933
12227,15.58915559432933
12228,15.58915559432933
12229,15.58915559432933
12230,15.58915559432933
12231,15.58915559432933
12232,15.58915559432933
12233,15.58915559432933
12234,15.58915559432933
12235,15.58915559432933
12236,15.58915559432933
12237,15.58915559432933
12238,15.58915559432933
12239,15.58915559432933
12240,15.58915559432933
12241,15.58915559432933
12242,15.58915559432933
12243,15.58915559432933
12244,15.58915559432933
12245,15.58915559432933
12246,15.58915559432933
12247,15.58915559432933
12248,15.58915559432933
12249,15.58915559432933
12250,15.58915559432933
12251,15.58915559432933
12252,15.58915559432933
12253,15.58915559432933
12254,15.58915559432933
12255,15.58915559432933
12256,15.58915559432933
12257,15.58915559432933
12258,15.58915559432933
12259,15.58915559432933
12260,15.58915559432933
12261,15.58915559432933
12262,15.58915559432933
12263,15.58915559432933
12264,15.58915559432933
12265,15.58915559432933
12266,15.58915559432933
12267,15.58915559432933
12268,15.58915559432933
12269,15.58915559432933
12270,15.58915559432933
12271,15.58915559432933
12272,15.58915559432933
12273,15.58915559432933
12274,15.58915559432933
12275,15.58915559432933
12276,15.58915559432933
12277,15.58915559432933
12278,15.58915559432933
12279,15.58915559432933
12280,15.58915559432933
12281,15.58915559432933
12282,15.58915559432933
12283,15.58915559432933
12284,15.58915559432933
12285,15.58915559432933
12286,15.58915559432933
12287,15.58915559432933
12288,15.58915559432933
12289,15.58915559432933
12290,15.58915559432933
12291,15.58915559432933
12292,15.58915559432933
12293,15.58915559432933
12294,15.58915559432933
12295,15.58915559432933
12296,15.58915559432933
12297,15.58915559432933
12298,15.58915559432933
12299,15.58915559432933
12300,15.58915559432933
12301,15.58915559432933
12302,15.58915559432933
12303,15.58915559432933
12304,15.58915559432933
12305,15.58915559432933
12306,15.58915559432933
12307,15.58915559432933
12308,15.58915559432933
12309,15.58915559432933
12310,15.58915559432933
12311,15.58915559432933
12312,15.58915559432933
12313,15.58915559432933
12314,15.58915559432933
12315,15.58915559432933
12316,15.58915559432933
12317,15.58915559432933
12318,15.58915559432933
12319,15.58915559432933
12320,15.58915559432933
12321,15.58915559432933
12322,15.58915559432933
12323,15.58915559432933
12324,15.58915559432933
12325,15.58915559432933
12326,15.58915559432933
12327,15.58915559432933
12328,15.58915559432933
12329,15.58915559432933
12330,15.58915559432933
12331,15.58915559432933
12332,15.58915559432933
12333,15.58915559432933
12334,15.58915559432933
12335,15.58915559432933
12336,15.58915559432933
12337,15.58915559432933
12338,15.58915559432933
12339,15.58915559432933
12340,15.58915559432933
12341,15.58915559432933
12342,15.58915559432933
12343,15.58915559432933
12344,15.58915559432933
12345,15.58915559432933
12346,15.58915559432933
12347,15.58915559432933
12348,15.58915559432933
12349,15.58915559432933
12350,15.58915559432933
12351,15.58915559432933
12352,15.58915559432933
12353,15.58915559432933
12354,15.58915559432933
12355,15.58915559432933
12356,15.58915559432933
12357,15.58915559432933
12358,15.58915559432933
12359,15.58915559432933
12360,15.58915559432933
12361,15.58915559432933
12362,15.58915559432933
12363,15.58915559432933
12364,15.58915559432933
12365,15.58915559432933
12366,15.58915559432933
12367,15.58915559432933
12368,15.58915559432933
12369,15.58915559432933
12370,15.58915559432933
12371,15.58915559432933
12372,15.58915559432933
12373,15.58915559432933
12374,15.58915559432933
12375,15.58915559432933
12376,15.58915559432933
12377,15.58915559432933
12378,15.58915559432933
12379,15.58915559432933
12380,15.58915559432933
12381,15.58915559432933
12382,15.58915559432933
12383,15.58915559432933
12384,15.58915559432933
12385,15.58915559432933
12386,15.58915559432933
12387,15.58915559432933
12388,15.58915559432933
12389,15.58915559432933
12390,15.58915559432933
12391,15.58915559432933
12392,15.58915559432933
12393,15.58915559432933
12394,15.58915559432933
12395,15.58915559432933
12396,15.58915559432933
12397,15.58915559432933
12398,15.58915559432933
12399,15.58915559432933
12400,15.58915559432933
12401,15.58915559432933
12402,15.58915559432933
12403,15.58915559432933
12404,15.58915559432933
12405,15.58915559432933
12406,15.58915559432933
12407,15.58915559432933
12408,15.58915559432933
12409,15.58915559432933
12410,15.58915559432933
12411,15.58915559432933
12412,15.58915559432933
12413,15.58915559432933
12414,15.58915559432933
12415,15.58915559432933
12416,15.58915559432933
12417,15.58915559432933
12418,15.58915559432933
12419,15.58915559432933
12420,15.58915559432933
12421,15.58915559432933
12422,15.58915559432933
12423,15.58915559432933
12424,15.58915559432933
12425,15.58915559432933
12426,15.58915559432933
12427,15.58915559432933
12428,15.58915559432933
12429,15.58915559432933
12430,15.58915559432933
12431,15.58915559432933
12432,15.58915559432933
12433,15.58915559432933
12434,15.58915559432933
12435,15.58915559432933
12436,15.58915559432933
12437,15.58915559432933
12438,15.58915559432933
12439,15.58915559432933
12440,15.58915559432933
12441,15.58915559432933
12442,15.58915559432933
12443,15.58915559432933
12444,15.58915559432933
12445,15.58915559432933
12446,15.58915559432933
12447,15.58915559432933
12448,15.58915559432933
12449,15.58915559432933
12450,15.58915559432933
12451,15.58915559432933
12452,15.58915559432933
12453,15.58915559432933
12454,15.58915559432933
12455,15.58915559432933
12456,15.58915559432933
12457,15.58915559432933
12458,15.58915559432933
12459,15.58915559432933
12460,15.58915559432933
12461,15.58915559432933
12462,15.58915559432933
12463,15.58915559432933
12464,15.58915559432933
12465,15.58915559432933
12466,15.58915559432933
12467,15.58915559432933
12468,15.58915559432933
12469,15.58915559432933
12470,15.58915559432933
12471,15.58915559432933
12472,15.58915559432933
12473,15.58915559432933
12474,15.58915559432933
12475,15.58915559432933
12476,15.58915559432933
12477,15.58915559432933
12478,15.58915559432933
12479,15.58915559432933
12480,15.58915559432933
12481,15.58915559432933
12482,15.58915559432933
12483,15.58915559432933
12484,15.58915559432933
12485,15.58915559432933
12486,15.58915559432933
12487,15.58915559432933
12488,15.58915559432933
12489,15.58915559432933
12490,15.58915559432933
12491,15.58915559432933
12492,15.58915559432933
12493,15.58915559432933
12494,15.58915559432933
12495,15.58915559432933
12496,15.58915559432933
12497,15.58915559432933
12498,15.58915559432933
12499,15.58915559432933
12500,15.58915559432933
12501,15.58915559432933
12502,15.58915559432933
12503,15.58915559432933
12504,15.58915559432933
12505,15.58915559432933
12506,15.58915559432933
12507,15.58915559432933
12508,15.58915559432933
12509,15.58915559432933
12510,15.58915559432933
12511,15.58915559432933
12512,15.58915559432933
12513,15.58915559432933
12514,15.58915559432933
12515,15.58915559432933
12516,15.58915559432933
12517,15.58915559432933
12518,15.58915559432933
12519,15.58915559432933
12520,15.58915559432933
12521,15.58915559432933
12522,15.58915559432933
12523,15.58915559432933
12524,15.58915559432933
12525,15.58915559432933
12526,15.58915559432933
12527,15.58915559432933
12528,15.58915559432933
12529,15.58915559432933
12530,15.58915559432933
12531,15.58915559432933
12532,15.58915559432933
12533,15.58915559432933
12534,15.58915559432933
12535,15.58915559432933
12536,15.58915559432933
12537,15.58915559432933
12538,15.58915559432933
12539,15.58915559432933
12540,15.58915559432933
12541,15.58915559432933
12542,15.58915559432933
12543,15.58915559432933
12544,15.58915559432933
12545,15.58915559432933
12546,15.58915559432933
12547,15.58915559432933
12548,15.58915559432933
12549,15.58915559432933
12550,15.58915559432933
12551,15.58915559432933
12552,15.58915559432933
12553,15.58915559432933
12554,15.58915559432933
12555,15.58915559432933
12556,15.58915559432933
12557,15.58915559432933
12558,15.58915559432933
12559,15.58915559432933
12560,15.58915559432933
12561,15.58915559432933
12562,15.58915559432933
12563,15.58915559432933
12564,15.58915559432933
12565,15.58915559432933
12566,15.58915559432933
12567,15.58915559432933
12568,15.58915559432933
12569,15.58915559432933
12570,15.58915559432933
12571,15.58915559432933
12572,15.58915559432933
12573,15.58915559432933
12574,15.58915559432933
12575,15.58915559432933
12576,15.58915559432933
12577,15.58915559432933
12578,15.58915559432933
12579,15.58915559432933
12580,15.58915559432933
12581,15.58915559432933
12582,15.58915559432933
12583,15.58915559432933
12584,15.58915559432933
12585,15.58915559432933
12586,15.58915559432933
12587,15.58915559432933
12588,15.58915559432933
12589,15.58915559432933
12590,15.58915559432933
12591,15.58915559432933
12592,15.58915559432933
12593,15.58915559432933
12594,15.58915559432933
12595,15.58915559432933
12596,15.58915559432933
12597,15.58915559432933
12598,15.58915559432933
12599,15.58915559432933
12600,15.58915559432933
12601,15.58915559432933
12602,15.58915559432933
12603,15.58915559432933
12604,15.58915559432933
12605,15.58915559432933
12606,15.58915559432933
12607,15.58915559432933
12608,15.58915559432933
12609,15.58915559432933
12610,15.58915559432933
12611,15.58915559432933
12612,15.58915559432933
12613,15.58915559432933
12614,15.58915559432933
12615,15.58915559432933
12616,15.58915559432933
12617,15.58915559432933
12618,15.58915559432933
12619,15.58915559432933
12620,15.58915559432933
12621,15.58915559432933
12622,15.58915559432933
12623,15.58915559432933
12624,15.58915559432933
12625,15.58915559432933
12626,15.58915559432933
12627,15.58915559432933
12628,15.58915559432933
12629,15.58915559432933
12630,15.58915559432933
12631,15.58915559432933
12632,15.58915559432933
12633,15.58915559432933
12634,15.58915559432933
12635,15.58915559432933
12636,15.58915559432933
12637,15.58915559432933
12638,15.58915559432933
12639,15.58915559432933
12640,15.58915559432933
12641,15.58915559432933
12642,15.58915559432933
12643,15.58915559432933
12644,15.58915559432933
12645,15.58915559432933
12646,15.58915559432933
12647,15.58915559432933
12648,15.58915559432933
12649,15.58915559432933
12650,15.58915559432933
12651,15.58915559432933
12652,15.58915559432933
12653,15.58915559432933
12654,15.58915559432933
12655,15.58915559432933
12656,15.58915559432933
12657,15.58915559432933
12658,15.58915559432933
12659,15.58915559432933
12660,15.58915559432933
12661,15.58915559432933
12662,15.58915559432933
12663,15.58915559432933
12664,15.58915559432933
12665,15.58915559432933
12666,15.58915559432933
12667,15.58915559432933
12668,15.58915559432933
12669,15.58915559432933
12670,15.58915559432933
12671,15.58915559432933
12672,15.58915559432933
12673,15.58915559432933
12674,15.58915559432933
12675,15.58915559432933
12676,15.58915559432933
12677,15.58915559432933
12678,15.58915559432933
12679,15.58915559432933
12680,15.58915559432933
12681,15.58915559432933
12682,15.58915559432933
12683,15.58915559432933
12684,15.58915559432933
12685,15.58915559432933
12686,15.58915559432933
12687,15.58915559432933
12688,15.58915559432933
12689,15.58915559432933
12690,15.58915559432933
12691,15.58915559432933
12692,15.58915559432933
12693,15.58915559432933
12694,15.58915559432933
12695,15.58915559432933
12696,15.58915559432933
12697,15.58915559432933
12698,15.58915559432933
12699,15.58915559432933
12700,15.58915559432933
12701,15.58915559432933
12702,15.58915559432933
12703,15.58915559432933
12704,15.58915559432933
12705,15.58915559432933
12706,15.58915559432933
12707,15.58915559432933
12708,15.58915559432933
12709,15.58915559432933
12710,15.58915559432933
12711,15.58915559432933
12712,15.58915559432933
12713,15.58915559432933
12714,15.58915559432933
12715,15.58915559432933
12716,15.58915559432933
12717,15.58915559432933
12718,15.58915559432933
12719,15.58915559432933
12720,15.58915559432933
12721,15.58915559432933
12722,15.58915559432933
12723,15.58915559432933
12724,15.58915559432933
12725,15.58915559432933
12726,15.58915559432933
12727,15.58915559432933
12728,15.58915559432933
12729,15.58915559432933
12730,15.58915559432933
12731,15.58915559432933
12732,15.58915559432933
12733,15.58915559432933
12734,15.58915559432933
12735,15.58915559432933
12736,15.58915559432933
12737,15.58915559432933
12738,15.58915559432933
12739,15.58915559432933
12740,15.58915559432933
12741,15.58915559432933
12742,15.58915559432933
12743,15.58915559432933
12744,15.58915559432933
12745,15.58915559432933
12746,15.58915559432933
12747,15.58915559432933
12748,15.58915559432933
12749,15.58915559432933
12750,15.58915559432933
12751,15.58915559432933
12752,15.58915559432933
12753,15.58915559432933
12754,15.58915559432933
12755,15.58915559432933
12756,15.58915559432933
12757,15.58915559432933
12758,15.58915559432933
12759,15.58915559432933
12760,15.58915559432933
12761,15.58915559432933
12762,15.58915559432933
12763,15.58915559432933
12764,15.58915559432933
12765,15.58915559432933
12766,15.58915559432933
12767,15.58915559432933
12768,15.58915559432933
12769,15.58915559432933
12770,15.58915559432933
12771,15.58915559432933
12772,15.58915559432933
12773,15.58915559432933
12774,15.58915559432933
12775,15.58915559432933
12776,15.58915559432933
12777,15.58915559432933
12778,15.58915559432933
12779,15.58915559432933
12780,15.58915559432933
12781,15.58915559432933
12782,15.58915559432933
12783,15.58915559432933
12784,15.58915559432933
12785,15.58915559432933
12786,15.58915559432933
12787,15.58915559432933
12788,15.58915559432933
12789,15.58915559432933
12790,15.58915559432933
12791,15.58915559432933
12792,15.58915559432933
12793,15.58915559432933
12794,15.58915559432933
12795,15.58915559432933
12796,15.58915559432933
12797,15.58915559432933
12798,15.58915559432933
12799,15.58915559432933
12800,15.58915559432933
12801,15.58915559432933
12802,15.58915559432933
12803,15.58915559432933
12804,15.58915559432933
12805,15.58915559432933
12806,15.58915559432933
12807,15.58915559432933
12808,15.58915559432933
12809,15.58915559432933
12810,15.58915559432933
12811,15.58915559432933
12812,15.58915559432933
12813,15.58915559432933
12814,15.58915559432933
12815,15.58915559432933
12816,15.58915559432933
12817,15.58915559432933
12818,15.58915559432933
12819,15.58915559432933
12820,15.58915559432933
12821,15.58915559432933
12822,15.58915559432933
12823,15.58915559432933
12824,15.58915559432933
12825,15.58915559432933
12826,15.58915559432933
12827,15.58915559432933
12828,15.58915559432933
12829,15.58915559432933
12830,15.58915559432933
12831,15.58915559432933
12832,15.58915559432933
12833,15.58915559432933
12834,15.58915559432933
12835,15.58915559432933
12836,15.58915559432933
12837,15.58915559432933
12838,15.58915559432933
12839,15.58915559432933
12840,15.58915559432933
12841,15.58915559432933
12842,15.58915559432933
12843,15.58915559432933
12844,15.58915559432933
12845,15.58915559432933
12846,15.58915559432933
12847,15.58915559432933
12848,15.58915559432933
12849,15.58915559432933
12850,15.58915559432933
12851,15.58915559432933
12852,15.58915559432933
12853,15.58915559432933
12854,15.58915559432933
12855,15.58915559432933
12856,15.58915559432933
12857,15.58915559432933
12858,15.58915559432933
12859,15.58915559432933
12860,15.58915559432933
12861,15.58915559432933
12862,15.58915559432933
12863,15.58915559432933
12864,15.58915559432933
12865,15.58915559432933
12866,15.58915559432933
12867,15.58915559432933
12868,15.58915559432933
12869,15.58915559432933
12870,15.58915559432933
12871,15.58915559432933
12872,15.58915559432933
12873,15.58915559432933
12874,15.58915559432933
12875,15.58915559432933
12876,15.58915559432933
12877,15.58915559432933
12878,15.58915559432933
12879,15.58915559432933
12880,15.58915559432933
12881,15.58915559432933
12882,15.58915559432933
12883,15.58915559432933
12884,15.58915559432933
12885,15.58915559432933
12886,15.58915559432933
12887,15.58915559432933
12888,15.58915559432933
12889,15.58915559432933
12890,15.58915559432933
12891,15.58915559432933
12892,15.58915559432933
12893,15.58915559432933
12894,15.58915559432933
12895,15.58915559432933
12896,15.58915559432933
12897,15.58915559432933
12898,15.58915559432933
12899,15.58915559432933
12900,15.58915559432933
12901,15.58915559432933
12902,15.58915559432933
12903,15.58915559432933
12904,15.58915559432933
12905,15.58915559432933
12906,15.58915559432933
12907,15.58915559432933
12908,15.58915559432933
12909,15.58915559432933
12910,15.58915559432933
12911,15.58915559432933
12912,15.58915559432933
12913,15.58915559432933
12914,15.58915559432933
12915,15.58915559432933
12916,15.58915559432933
12917,15.58915559432933
12918,15.58915559432933
12919,15.58915559432933
12920,15.58915559432933
12921,15.58915559432933
12922,15.58915559432933
12923,15.58915559432933
12924,15.58915559432933
12925,15.58915559432933
12926,15.58915559432933
12927,15.58915559432933
12928,15.58915559432933
12929,15.58915559432933
12930,15.58915559432933
12931,15.58915559432933
12932,15.58915559432933
12933,15.58915559432933
12934,15.58915559432933
12935,15.58915559432933
12936,15.58915559432933
12937,15.58915559432933
12938,15.58915559432933
12939,15.58915559432933
12940,15.58915559432933
12941,15.58915559432933
12942,15.58915559432933
12943,15.58915559432933
12944,15.58915559432933
12945,15.58915559432933
12946,15.58915559432933
12947,15.58915559432933
12948,15.58915559432933
12949,15.58915559432933
12950,15.58915559432933
12951,15.58915559432933
12952,15.58915559432933
12953,15.58915559432933
12954,15.58915559432933
12955,15.58915559432933
12956,15.58915559432933
12957,15.58915559432933
12958,15.58915559432933
12959,15.58915559432933
12960,15.58915559432933
12961,15.58915559432933
12962,15.58915559432933
12963,15.58915559432933
12964,15.58915559432933
12965,15.58915559432933
12966,15.58915559432933
12967,15.58915559432933
12968,15.58915559432933
12969,15.58915559432933
12970,15.58915559432933
12971,15.58915559432933
12972,15.58915559432933
12973,15.58915559432933
12974,15.58915559432933
12975,15.58915559432933
12976,15.58915559432933
12977,15.58915559432933
12978,15.58915559432933
12979,15.58915559432933
12980,15.58915559432933
12981,15.58915559432933
12982,15.58915559432933
12983,15.58915559432933
12984,15.58915559432933
12985,15.58915559432933
12986,15.58915559432933
12987,15.58915559432933
12988,15.58915559432933
12989,15.58915559432933
12990,15.58915559432933
12991,15.58915559432933
12992,15.58915559432933
12993,15.58915559432933
12994,15.58915559432933
12995,15.58915559432933
12996,15.58915559432933
12997,15.58915559432933
12998,15.58915559432933
12999,15.58915559432933
13000,15.58915559432933
13001,15.58915559432933
13002,15.58915559432933
13003,15.58915559432933
13004,15.58915559432933
13005,15.58915559432933
13006,15.58915559432933
13007,15.58915559432933
13008,15.58915559432933
13009,15.58915559432933
13010,15.58915559432933
13011,15.58915559432933
13012,15.58915559432933
13013,15.58915559432933
13014,15.58915559432933
13015,15.58915559432933
13016,15.58915559432933
13017,15.58915559432933
13018,15.58915559432933
13019,15.58915559432933
13020,15.58915559432933
13021,15.58915559432933
13022,15.58915559432933
13023,15.58915559432933
13024,15.58915559432933
13025,15.58915559432933
13026,15.58915559432933
13027,15.58915559432933
13028,15.58915559432933
13029,15.58915559432933
13030,15.58915559432933
13031,15.58915559432933
13032,15.58915559432933
13033,15.58915559432933
13034,15.58915559432933
13035,15.58915559432933
13036,15.58915559432933
13037,15.58915559432933
13038,15.58915559432933
13039,15.58915559432933
13040,15.58915559432933
13041,15.58915559432933
13042,15.58915559432933
13043,15.58915559432933
13044,15.58915559432933
13045,15.58915559432933
13046,15.58915559432933
13047,15.58915559432933
13048,15.58915559432933
13049,15.58915559432933
13050,15.58915559432933
13051,15.58915559432933
13052,15.58915559432933
13053,15.58915559432933
13054,15.58915559432933
13055,15.58915559432933
13056,15.58915559432933
13057,15.58915559432933
13058,15.58915559432933
13059,15.58915559432933
13060,15.58915559432933
13061,15.58915559432933
13062,15.58915559432933
13063,15.58915559432933
13064,15.58915559432933
13065,15.58915559432933
13066,15.58915559432933
13067,15.58915559432933
13068,15.58915559432933
13069,15.58915559432933
13070,15.58915559432933
13071,15.58915559432933
13072,15.58915559432933
13073,15.58915559432933
13074,15.58915559432933
13075,15.58915559432933
13076,15.58915559432933
13077,15.58915559432933
13078,15.58915559432933
13079,15.58915559432933
13080,15.58915559432933
13081,15.58915559432933
13082,15.58915559432933
13083,15.58915559432933
13084,15.58915559432933
13085,15.58915559432933
13086,15.58915559432933
13087,15.58915559432933
13088,15.58915559432933
13089,15.58915559432933
13090,15.58915559432933
13091,15.58915559432933
13092,15.58915559432933
13093,15.58915559432933
13094,15.58915559432933
13095,15.58915559432933
13096,15.58915559432933
13097,15.58915559432933
13098,15.58915559432933
13099,15.58915559432933
13100,15.58915559432933
13101,15.58915559432933
13102,15.58915559432933
13103,15.58915559432933
13104,15.58915559432933
13105,15.58915559432933
13106,15.58915559432933
13107,15.58915559432933
13108,15.58915559432933
13109,15.58915559432933
13110,15.58915559432933
13111,15.58915559432933
13112,15.58915559432933
13113,15.58915559432933
13114,15.58915559432933
13115,15.58915559432933
13116,15.58915559432933
13117,15.58915559432933
13118,15.58915559432933
13119,15.58915559432933
13120,15.58915559432933
13121,15.58915559432933
13122,15.58915559432933
13123,15.58915559432933
13124,15.58915559432933
13125,15.58915559432933
13126,15.58915559432933
13127,15.58915559432933
13128,15.58915559432933
13129,15.58915559432933
13130,15.58915559432933
13131,15.58915559432933
13132,15.58915559432933
13133,15.58915559432933
13134,15.58915559432933
13135,15.58915559432933
13136,15.58915559432933
13137,15.58915559432933
13138,15.58915559432933
13139,15.58915559432933
13140,15.58915559432933
13141,15.58915559432933
13142,15.58915559432933
13143,15.58915559432933
13144,15.58915559432933
13145,15.58915559432933
13146,15.58915559432933
13147,15.58915559432933
13148,15.58915559432933
13149,15.58915559432933
13150,15.58915559432933
13151,15.58915559432933
13152,15.58915559432933
13153,15.58915559432933
13154,15.58915559432933
13155,15.58915559432933
13156,15.58915559432933
13157,15.58915559432933
13158,15.58915559432933
13159,15.58915559432933
13160,15.58915559432933
13161,15.58915559432933
13162,15.58915559432933
13163,15.58915559432933
13164,15.58915559432933
13165,15.58915559432933
13166,15.58915559432933
13167,15.58915559432933
13168,15.58915559432933
13169,15.58915559432933
13170,15.58915559432933
13171,15.58915559432933
13172,15.58915559432933
13173,15.58915559432933
13174,15.58915559432933
13175,15.58915559432933
13176,15.58915559432933
13177,15.58915559432933
13178,15.58915559432933
13179,15.58915559432933
13180,15.58915559432933
13181,15.58915559432933
13182,15.58915559432933
13183,15.58915559432933
13184,15.58915559432933
13185,15.58915559432933
13186,15.58915559432933
13187,15.58915559432933
13188,15.58915559432933
13189,15.58915559432933
13190,15.58915559432933
13191,15.58915559432933
13192,15.58915559432933
13193,15.58915559432933
13194,15.58915559432933
13195,15.58915559432933
13196,15.58915559432933
13197,15.58915559432933
13198,15.58915559432933
13199,15.58915559432933
13200,15.58915559432933
13201,15.58915559432933
13202,15.58915559432933
13203,15.58915559432933
13204,15.58915559432933
13205,15.58915559432933
13206,15.58915559432933
13207,15.58915559432933
13208,15.58915559432933
13209,15.58915559432933
13210,15.58915559432933
13211,15.58915559432933
13212,15.58915559432933
13213,15.58915559432933
13214,15.58915559432933
13215,15.58915559432933
13216,15.58915559432933
13217,15.58915559432933
13218,15.58915559432933
13219,15.58915559432933
13220,15.58915559432933
13221,15.58915559432933
13222,15.58915559432933
13223,15.58915559432933
13224,15.58915559432933
13225,15.58915559432933
13226,15.58915559432933
13227,15.58915559432933
13228,15.58915559432933
13229,15.58915559432933
13230,15.58915559432933
13231,15.58915559432933
13232,15.58915559432933
13233,15.58915559432933
13234,15.58915559432933
13235,15.58915559432933
13236,15.58915559432933
13237,15.58915559432933
13238,15.58915559432933
13239,15.58915559432933
13240,15.58915559432933
13241,15.58915559432933
13242,15.58915559432933
13243,15.58915559432933
13244,15.58915559432933
13245,15.58915559432933
13246,15.58915559432933
13247,15.58915559432933
13248,15.58915559432933
13249,15.58915559432933
13250,15.58915559432933
13251,15.58915559432933
13252,15.58915559432933
13253,15.58915559432933
13254,15.58915559432933
13255,15.58915559432933
13256,15.58915559432933
13257,15.58915559432933
13258,15.58915559432933
13259,15.58915559432933
13260,15.58915559432933
13261,15.58915559432933
13262,15.58915559432933
13263,15.58915559432933
13264,15.58915559432933
13265,15.58915559432933
13266,15.58915559432933
13267,15.58915559432933
13268,15.58915559432933
13269,15.58915559432933
13270,15.58915559432933
13271,15.58915559432933
13272,15.58915559432933
13273,15.58915559432933
13274,15.58915559432933
13275,15.58915559432933
13276,15.58915559432933
13277,15.58915559432933
13278,15.58915559432933
13279,15.58915559432933
13280,15.58915559432933
13281,15.58915559432933
13282,15.58915559432933
13283,15.58915559432933
13284,15.58915559432933
13285,15.58915559432933
13286,15.58915559432933
13287,15.58915559432933
13288,15.58915559432933
13289,15.58915559432933
13290,15.58915559432933
13291,15.58915559432933
13292,15.58915559432933
13293,15.58915559432933
13294,15.58915559432933
13295,15.58915559432933
13296,15.58915559432933
13297,15.58915559432933
13298,15.58915559432933
13299,15.58915559432933
13300,15.58915559432933
13301,15.58915559432933
13302,15.58915559432933
13303,15.58915559432933
13304,15.58915559432933
13305,15.58915559432933
13306,15.58915559432933
13307,15.58915559432933
13308,15.58915559432933
13309,15.58915559432933
13310,15.58915559432933
13311,15.58915559432933
13312,15.58915559432933
13313,15.58915559432933
13314,15.58915559432933
13315,15.58915559432933
13316,15.58915559432933
13317,15.58915559432933
13318,15.58915559432933
13319,15.58915559432933
13320,15.58915559432933
13321,15.58915559432933
13322,15.58915559432933
13323,15.58915559432933
13324,15.58915559432933
13325,15.58915559432933
13326,15.58915559432933
13327,15.58915559432933
13328,15.58915559432933
13329,15.58915559432933
13330,15.58915559432933
13331,15.58915559432933
13332,15.58915559432933
13333,15.58915559432933
13334,15.58915559432933
13335,15.58915559432933
13336,15.58915559432933
13337,15.58915559432933
13338,15.58915559432933
13339,15.58915559432933
13340,15.58915559432933
13341,15.58915559432933
13342,15.58915559432933
13343,15.58915559432933
13344,15.58915559432933
13345,15.58915559432933
13346,15.58915559432933
13347,15.58915559432933
13348,15.58915559432933
13349,15.58915559432933
13350,15.58915559432933
13351,15.58915559432933
13352,15.58915559432933
13353,15.58915559432933
13354,15.58915559432933
13355,15.58915559432933
13356,15.58915559432933
13357,15.58915559432933
13358,15.58915559432933
13359,15.58915559432933
13360,15.58915559432933
13361,15.58915559432933
13362,15.58915559432933
13363,15.58915559432933
13364,15.58915559432933
13365,15.58915559432933
13366,15.58915559432933
13367,15.58915559432933
13368,15.58915559432933
13369,15.58915559432933
13370,15.58915559432933
13371,15.58915559432933
13372,15.58915559432933
13373,15.58915559432933
13374,15.58915559432933
13375,15.58915559432933
13376,15.58915559432933
13377,15.58915559432933
13378,15.58915559432933
13379,15.58915559432933
13380,15.58915559432933
13381,15.58915559432933
13382,15.58915559432933
13383,15.58915559432933
13384,15.58915559432933
13385,15.58915559432933
13386,15.58915559432933
13387,15.58915559432933
13388,15.58915559432933
13389,15.58915559432933
13390,15.58915559432933
13391,15.58915559432933
13392,15.58915559432933
13393,15.58915559432933
13394,15.58915559432933
13395,15.58915559432933
13396,15.58915559432933
13397,15.58915559432933
13398,15.58915559432933
13399,15.58915559432933
13400,15.58915559432933
13401,15.58915559432933
13402,15.58915559432933
13403,15.58915559432933
13404,15.58915559432933
13405,15.58915559432933
13406,15.58915559432933
13407,15.58915559432933
13408,15.58915559432933
13409,15.58915559432933
13410,15.58915559432933
13411,15.58915559432933
13412,15.58915559432933
13413,15.58915559432933
13414,15.58915559432933
13415,15.58915559432933
13416,15.58915559432933
13417,15.58915559432933
13418,15.58915559432933
13419,15.58915559432933
13420,15.58915559432933
13421,15.58915559432933
13422,15.58915559432933
13423,15.58915559432933
13424,15.58915559432933
13425,15.58915559432933
13426,15.58915559432933
13427,15.58915559432933
13428,15.58915559432933
13429,15.58915559432933
13430,15.58915559432933
13431,15.58915559432933
13432,15.58915559432933
13433,15.58915559432933
13434,15.58915559432933
13435,15.58915559432933
13436,15.58915559432933
13437,15.58915559432933
13438,15.58915559432933
13439,15.58915559432933
13440,15.58915559432933
13441,15.58915559432933
13442,15.58915559432933
13443,15.58915559432933
13444,15.58915559432933
13445,15.58915559432933
13446,15.58915559432933
13447,15.58915559432933
13448,15.58915559432933
13449,15.58915559432933
13450,15.58915559432933
13451,15.58915559432933
13452,15.58915559432933
13453,15.58915559432933
13454,15.58915559432933
13455,15.58915559432933
13456,15.58915559432933
13457,15.58915559432933
13458,15.58915559432933
13459,15.58915559432933
13460,15.58915559432933
13461,15.58915559432933
13462,15.58915559432933
13463,15.58915559432933
13464,15.58915559432933
13465,15.58915559432933
13466,15.58915559432933
13467,15.58915559432933
13468,15.58915559432933
13469,15.58915559432933
13470,15.58915559432933
13471,15.58915559432933
13472,15.58915559432933
13473,15.58915559432933
13474,15.58915559432933
13475,15.58915559432933
13476,15.58915559432933
13477,15.58915559432933
13478,15.58915559432933
13479,15.58915559432933
13480,15.58915559432933
13481,15.58915559432933
13482,15.58915559432933
13483,15.58915559432933
13484,15.58915559432933
13485,15.58915559432933
13486,15.58915559432933
13487,15.58915559432933
13488,15.58915559432933
13489,15.58915559432933
13490,15.58915559432933
13491,15.58915559432933
13492,15.58915559432933
13493,15.58915559432933
13494,15.58915559432933
13495,15.58915559432933
13496,15.58915559432933
13497,15.58915559432933
13498,15.58915559432933
13499,15.58915559432933
13500,15.58915559432933
13501,15.58915559432933
13502,15.58915559432933
13503,15.58915559432933
13504,15.58915559432933
13505,15.58915559432933
13506,15.58915559432933
13507,15.58915559432933
13508,15.58915559432933
13509,15.58915559432933
13510,15.58915559432933
13511,15.58915559432933
13512,15.58915559432933
13513,15.58915559432933
13514,15.58915559432933
13515,15.58915559432933
13516,15.58915559432933
13517,15.58915559432933
13518,15.58915559432933
13519,15.58915559432933
13520,15.58915559432933
13521,15.58915559432933
13522,15.58915559432933
13523,15.58915559432933
13524,15.58915559432933
13525,15.58915559432933
13526,15.58915559432933
13527,15.58915559432933
13528,15.58915559432933
13529,15.58915559432933
13530,15.58915559432933
13531,15.58915559432933
13532,15.58915559432933
13533,15.58915559432933
13534,15.58915559432933
13535,15.58915559432933
13536,15.58915559432933
13537,15.58915559432933
13538,15.58915559432933
13539,15.58915559432933
13540,15.58915559432933
13541,15.58915559432933
13542,15.58915559432933
13543,15.58915559432933
13544,15.58915559432933
13545,15.58915559432933
13546,15.58915559432933
13547,15.58915559432933
13548,15.58915559432933
13549,15.58915559432933
13550,15.58915559432933
13551,15.58915559432933
13552,15.58915559432933
13553,15.58915559432933
13554,15.58915559432933
13555,15.58915559432933
13556,15.58915559432933
13557,15.58915559432933
13558,15.58915559432933
13559,15.58915559432933
13560,15.58915559432933
13561,15.58915559432933
13562,15.58915559432933
13563,15.58915559432933
13564,15.58915559432933
13565,15.58915559432933
13566,15.58915559432933
13567,15.58915559432933
13568,15.58915559432933
13569,15.58915559432933
13570,15.58915559432933
13571,15.58915559432933
13572,15.58915559432933
13573,15.58915559432933
13574,15.58915559432933
13575,15.58915559432933
13576,15.58915559432933
13577,15.58915559432933
13578,15.58915559432933
13579,15.58915559432933
13580,15.58915559432933
13581,15.58915559432933
13582,15.58915559432933
13583,15.58915559432933
13584,15.58915559432933
13585,15.58915559432933
13586,15.58915559432933
13587,15.58915559432933
13588,15.58915559432933
13589,15.58915559432933
13590,15.58915559432933
13591,15.58915559432933
13592,15.58915559432933
13593,15.58915559432933
13594,15.58915559432933
13595,15.58915559432933
13596,15.58915559432933
13597,15.58915559432933
13598,15.58915559432933
13599,15.58915559432933
13600,15.58915559432933
13601,15.58915559432933
13602,15.58915559432933
13603,15.58915559432933
13604,15.58915559432933
13605,15.58915559432933
13606,15.58915559432933
13607,15.58915559432933
13608,15.58915559432933
13609,15.58915559432933
13610,15.58915559432933
13611,15.58915559432933
13612,15.58915559432933
13613,15.58915559432933
13614,15.58915559432933
13615,15.58915559432933
13616,15.58915559432933
13617,15.58915559432933
13618,15.58915559432933
13619,15.58915559432933
13620,15.58915559432933
13621,15.58915559432933
13622,15.58915559432933
13623,15.58915559432933
13624,15.58915559432933
13625,15.58915559432933
13626,15.58915559432933
13627,15.58915559432933
13628,15.58915559432933
13629,15.58915559432933
13630,15.58915559432933
13631,15.58915559432933
13632,15.58915559432933
13633,15.58915559432933
13634,15.58915559432933
13635,15.58915559432933
13636,15.58915559432933
13637,15.58915559432933
13638,15.58915559432933
13639,15.58915559432933
13640,15.58915559432933
13641,15.58915559432933
13642,15.58915559432933
13643,15.58915559432933
13644,15.58915559432933
13645,15.58915559432933
13646,15.58915559432933
13647,15.58915559432933
13648,15.58915559432933
13649,15.58915559432933
13650,15.58915559432933
13651,15.58915559432933
13652,15.58915559432933
13653,15.58915559432933
13654,15.58915559432933
13655,15.58915559432933
13656,15.58915559432933
13657,15.58915559432933
13658,15.58915559432933
13659,15.58915559432933
13660,15.58915559432933
13661,15.58915559432933
13662,15.58915559432933
13663,15.58915559432933
13664,15.58915559432933
13665,15.58915559432933
13666,15.58915559432933
13667,15.58915559432933
13668,15.58915559432933
13669,15.58915559432933
13670,15.58915559432933
13671,15.58915559432933
13672,15.58915559432933
13673,15.58915559432933
13674,15.58915559432933
13675,15.58915559432933
13676,15.58915559432933
13677,15.58915559432933
13678,15.58915559432933
13679,15.58915559432933
13680,15.58915559432933
13681,15.58915559432933
13682,15.58915559432933
13683,15.58915559432933
13684,15.58915559432933
13685,15.58915559432933
13686,15.58915559432933
13687,15.58915559432933
13688,15.58915559432933
13689,15.58915559432933
13690,15.58915559432933
13691,15.58915559432933
13692,15.58915559432933
13693,15.58915559432933
13694,15.58915559432933
13695,15.58915559432933
13696,15.58915559432933
13697,15.58915559432933
13698,15.58915559432933
13699,15.58915559432933
13700,15.58915559432933
13701,15.58915559432933
13702,15.58915559432933
13703,15.58915559432933
13704,15.58915559432933
13705,15.58915559432933
13706,15.58915559432933
13707,15.58915559432933
13708,15.58915559432933
13709,15.58915559432933
13710,15.58915559432933
13711,15.58915559432933
13712,15.58915559432933
13713,15.58915559432933
13714,15.58915559432933
13715,15.58915559432933
13716,15.58915559432933
13717,15.58915559432933
13718,15.58915559432933
13719,15.58915559432933
13720,15.58915559432933
13721,15.58915559432933
13722,15.58915559432933
13723,15.58915559432933
13724,15.58915559432933
13725,15.58915559432933
13726,15.58915559432933
13727,15.58915559432933
13728,15.58915559432933
13729,15.58915559432933
13730,15.58915559432933
13731,15.58915559432933
13732,15.58915559432933
13733,15.58915559432933
13734,15.58915559432933
13735,15.58915559432933
13736,15.58915559432933
13737,15.58915559432933
13738,15.58915559432933
13739,15.58915559432933
13740,15.58915559432933
13741,15.58915559432933
13742,15.58915559432933
13743,15.58915559432933
13744,15.58915559432933
13745,15.58915559432933
13746,15.58915559432933
13747,15.58915559432933
13748,15.58915559432933
13749,15.58915559432933
13750,15.58915559432933
13751,15.58915559432933
13752,15.58915559432933
13753,15.58915559432933
13754,15.58915559432933
13755,15.58915559432933
13756,15.58915559432933
13757,15.58915559432933
13758,15.58915559432933
13759,15.58915559432933
13760,15.58915559432933
13761,15.58915559432933
13762,15.58915559432933
13763,15.58915559432933
13764,15.58915559432933
13765,15.58915559432933
13766,15.58915559432933
13767,15.58915559432933
13768,15.58915559432933
13769,15.58915559432933
13770,15.58915559432933
13771,15.58915559432933
13772,15.58915559432933
13773,15.58915559432933
13774,15.58915559432933
13775,15.58915559432933
13776,15.58915559432933
13777,15.58915559432933
13778,15.58915559432933
13779,15.58915559432933
13780,15.58915559432933
13781,15.58915559432933
13782,15.58915559432933
13783,15.58915559432933
13784,15.58915559432933
13785,15.58915559432933
13786,15.58915559432933
13787,15.58915559432933
13788,15.58915559432933
13789,15.58915559432933
13790,15.58915559432933
13791,15.58915559432933
13792,15.58915559432933
13793,15.58915559432933
13794,15.58915559432933
13795,15.58915559432933
13796,15.58915559432933
13797,15.58915559432933
13798,15.58915559432933
13799,15.58915559432933
13800,15.58915559432933
13801,15.58915559432933
13802,15.58915559432933
13803,15.58915559432933
13804,15.58915559432933
13805,15.58915559432933
13806,15.58915559432933
13807,15.58915559432933
13808,15.58915559432933
13809,15.58915559432933
13810,15.58915559432933
13811,15.58915559432933
13812,15.58915559432933
13813,15.58915559432933
13814,15.58915559432933
13815,15.58915559432933
13816,15.58915559432933
13817,15.58915559432933
13818,15.58915559432933
13819,15.58915559432933
13820,15.58915559432933
13821,15.58915559432933
13822,15.58915559432933
13823,15.58915559432933
13824,15.58915559432933
13825,15.58915559432933
13826,15.58915559432933
13827,15.58915559432933
13828,15.58915559432933
13829,15.58915559432933
13830,15.58915559432933
13831,15.58915559432933
13832,15.58915559432933
13833,15.58915559432933
13834,15.58915559432933
13835,15.58915559432933
13836,15.58915559432933
13837,15.58915559432933
13838,15.58915559432933
13839,15.58915559432933
13840,15.58915559432933
13841,15.58915559432933
13842,15.58915559432933
13843,15.58915559432933
13844,15.58915559432933
13845,15.58915559432933
13846,15.58915559432933
13847,15.58915559432933
13848,15.58915559432933
13849,15.58915559432933
13850,15.58915559432933
13851,15.58915559432933
13852,15.58915559432933
13853,15.58915559432933
13854,15.58915559432933
13855,15.58915559432933
13856,15.58915559432933
13857,15.58915559432933
13858,15.58915559432933
13859,15.58915559432933
13860,15.58915559432933
13861,15.58915559432933
13862,15.58915559432933
13863,15.58915559432933
13864,15.58915559432933
13865,15.58915559432933
13866,15.58915559432933
13867,15.58915559432933
13868,15.58915559432933
13869,15.58915559432933
13870,15.58915559432933
13871,15.58915559432933
13872,15.58915559432933
13873,15.58915559432933
13874,15.58915559432933
13875,15.58915559432933
13876,15.58915559432933
13877,15.58915559432933
13878,15.58915559432933
13879,15.58915559432933
13880,15.58915559432933
13881,15.58915559432933
13882,15.58915559432933
13883,15.58915559432933
13884,15.58915559432933
13885,15.58915559432933
13886,15.58915559432933
13887,15.58915559432933
13888,15.58915559432933
13889,15.58915559432933
13890,15.58915559432933
13891,15.58915559432933
13892,15.58915559432933
13893,15.58915559432933
13894,15.58915559432933
13895,15.58915559432933
13896,15.58915559432933
13897,15.58915559432933
13898,15.58915559432933
13899,15.58915559432933
13900,15.58915559432933
13901,15.58915559432933
13902,15.58915559432933
13903,15.58915559432933
13904,15.58915559432933
13905,15.58915559432933
13906,15.58915559432933
13907,15.58915559432933
13908,15.58915559432933
13909,15.58915559432933
13910,15.58915559432933
13911,15.58915559432933
13912,15.58915559432933
13913,15.58915559432933
13914,15.58915559432933
13915,15.58915559432933
13916,15.58915559432933
13917,15.58915559432933
13918,15.58915559432933
13919,15.58915559432933
13920,15.58915559432933
13921,15.58915559432933
13922,15.58915559432933
13923,15.58915559432933
13924,15.58915559432933
13925,15.58915559432933
13926,15.58915559432933
13927,15.58915559432933
13928,15.58915559432933
13929,15.58915559432933
13930,15.58915559432933
13931,15.58915559432933
13932,15.58915559432933
13933,15.58915559432933
13934,15.58915559432933
13935,15.58915559432933
13936,15.58915559432933
13937,15.58915559432933
13938,15.58915559432933
13939,15.58915559432933
13940,15.58915559432933
13941,15.58915559432933
13942,15.58915559432933
13943,15.58915559432933
13944,15.58915559432933
13945,15.58915559432933
13946,15.58915559432933
13947,15.58915559432933
13948,15.58915559432933
13949,15.58915559432933
13950,15.58915559432933
13951,15.58915559432933
13952,15.58915559432933
13953,15.58915559432933
13954,15.58915559432933
13955,15.58915559432933
13956,15.58915559432933
13957,15.58915559432933
13958,15.58915559432933
13959,15.58915559432933
13960,15.58915559432933
13961,15.58915559432933
13962,15.58915559432933
13963,15.58915559432933
13964,15.58915559432933
13965,15.58915559432933
13966,15.58915559432933
13967,15.58915559432933
13968,15.58915559432933
13969,15.58915559432933
13970,15.58915559432933
13971,15.58915559432933
13972,15.58915559432933
13973,15.58915559432933
13974,15.58915559432933
13975,15.58915559432933
13976,15.58915559432933
13977,15.58915559432933
13978,15.58915559432933
13979,15.58915559432933
13980,15.58915559432933
13981,15.58915559432933
13982,15.58915559432933
13983,15.58915559432933
13984,15.58915559432933
13985,15.58915559432933
13986,15.58915559432933
13987,15.58915559432933
13988,15.58915559432933
13989,15.58915559432933
13990,15.58915559432933
13991,15.58915559432933
13992,15.58915559432933
13993,15.58915559432933
13994,15.58915559432933
13995,15.58915559432933
13996,15.58915559432933
13997,15.58915559432933
13998,15.58915559432933
13999,15.58915559432933
14000,15.58915559432933
14001,15.58915559432933
14002,15.58915559432933
14003,15.58915559432933
14004,15.58915559432933
14005,15.58915559432933
14006,15.58915559432933
14007,15.58915559432933
14008,15.58915559432933
14009,15.58915559432933
14010,15.58915559432933
14011,15.58915559432933
14012,15.58915559432933
14013,15.58915559432933
14014,15.58915559432933
14015,15.58915559432933
14016,15.58915559432933
14017,15.58915559432933
14018,15.58915559432933
14019,15.58915559432933
14020,15.58915559432933
14021,15.58915559432933
14022,15.58915559432933
14023,15.58915559432933
14024,15.58915559432933
14025,15.58915559432933
14026,15.58915559432933
14027,15.58915559432933
14028,15.58915559432933
14029,15.58915559432933
14030,15.58915559432933
14031,15.58915559432933
14032,15.58915559432933
14033,15.58915559432933
14034,15.58915559432933
14035,15.58915559432933
14036,15.58915559432933
14037,15.58915559432933
14038,15.58915559432933
14039,15.58915559432933
14040,15.58915559432933
14041,15.58915559432933
14042,15.58915559432933
14043,15.58915559432933
14044,15.58915559432933
14045,15.58915559432933
14046,15.58915559432933
14047,15.58915559432933
14048,15.58915559432933
14049,15.58915559432933
14050,15.58915559432933
14051,15.58915559432933
14052,15.58915559432933
14053,15.58915559432933
14054,15.58915559432933
14055,15.58915559432933
14056,15.58915559432933
14057,15.58915559432933
14058,15.58915559432933
14059,15.58915559432933
14060,15.58915559432933
14061,15.58915559432933
14062,15.58915559432933
14063,15.58915559432933
14064,15.58915559432933
14065,15.58915559432933
14066,15.58915559432933
14067,15.58915559432933
14068,15.58915559432933
14069,15.58915559432933
14070,15.58915559432933
14071,15.58915559432933
14072,15.58915559432933
14073,15.58915559432933
14074,15.58915559432933
14075,15.58915559432933
14076,15.58915559432933
14077,15.58915559432933
14078,15.58915559432933
14079,15.58915559432933
14080,15.58915559432933
14081,15.58915559432933
14082,15.58915559432933
14083,15.58915559432933
14084,15.58915559432933
14085,15.58915559432933
14086,15.58915559432933
14087,15.58915559432933
14088,15.58915559432933
14089,15.58915559432933
14090,15.58915559432933
14091,15.58915559432933
14092,15.58915559432933
14093,15.58915559432933
14094,15.58915559432933
14095,15.58915559432933
14096,15.58915559432933
14097,15.58915559432933
14098,15.58915559432933
14099,15.58915559432933
14100,15.58915559432933
14101,15.58915559432933
14102,15.58915559432933
14103,15.58915559432933
14104,15.58915559432933
14105,15.58915559432933
14106,15.58915559432933
14107,15.58915559432933
14108,15.58915559432933
14109,15.58915559432933
14110,15.58915559432933
14111,15.58915559432933
14112,15.58915559432933
14113,15.58915559432933
14114,15.58915559432933
14115,15.58915559432933
14116,15.58915559432933
14117,15.58915559432933
14118,15.58915559432933
14119,15.58915559432933
14120,15.58915559432933
14121,15.58915559432933
14122,15.58915559432933
14123,15.58915559432933
14124,15.58915559432933
14125,15.58915559432933
14126,15.58915559432933
14127,15.58915559432933
14128,15.58915559432933
14129,15.58915559432933
14130,15.58915559432933
14131,15.58915559432933
14132,15.58915559432933
14133,15.58915559432933
14134,15.58915559432933
14135,15.58915559432933
14136,15.58915559432933
14137,15.58915559432933
14138,15.58915559432933
14139,15.58915559432933
14140,15.58915559432933
14141,15.58915559432933
14142,15.58915559432933
14143,15.58915559432933
14144,15.58915559432933
14145,15.58915559432933
14146,15.58915559432933
14147,15.58915559432933
14148,15.58915559432933
14149,15.58915559432933
14150,15.58915559432933
14151,15.58915559432933
14152,15.58915559432933
14153,15.58915559432933
14154,15.58915559432933
14155,15.58915559432933
14156,15.58915559432933
14157,15.58915559432933
14158,15.58915559432933
14159,15.58915559432933
14160,15.58915559432933
14161,15.58915559432933
14162,15.58915559432933
14163,15.58915559432933
14164,15.58915559432933
14165,15.58915559432933
14166,15.58915559432933
14167,15.58915559432933
14168,15.58915559432933
14169,15.58915559432933
14170,15.58915559432933
14171,15.58915559432933
14172,15.58915559432933
14173,15.58915559432933
14174,15.58915559432933
14175,15.58915559432933
14176,15.58915559432933
14177,15.58915559432933
14178,15.58915559432933
14179,15.58915559432933
14180,15.58915559432933
14181,15.58915559432933
14182,15.58915559432933
14183,15.58915559432933
14184,15.58915559432933
14185,15.58915559432933
14186,15.58915559432933
14187,15.58915559432933
14188,15.58915559432933
14189,15.58915559432933
14190,15.58915559432933
14191,15.58915559432933
14192,15.58915559432933
14193,15.58915559432933
14194,15.58915559432933
14195,15.58915559432933
14196,15.58915559432933
14197,15.58915559432933
14198,15.58915559432933
14199,15.58915559432933
14200,15.58915559432933
14201,15.58915559432933
14202,15.58915559432933
14203,15.58915559432933
14204,15.58915559432933
14205,15.58915559432933
14206,15.58915559432933
14207,15.58915559432933
14208,15.58915559432933
14209,15.58915559432933
14210,15.58915559432933
14211,15.58915559432933
14212,15.58915559432933
14213,15.58915559432933
14214,15.58915559432933
14215,15.58915559432933
14216,15.58915559432933
14217,15.58915559432933
14218,15.58915559432933
14219,15.58915559432933
14220,15.58915559432933
14221,15.58915559432933
14222,15.58915559432933
14223,15.58915559432933
14224,15.58915559432933
14225,15.58915559432933
14226,15.58915559432933
14227,15.58915559432933
14228,15.58915559432933
14229,15.58915559432933
14230,15.58915559432933
14231,15.58915559432933
14232,15.58915559432933
14233,15.58915559432933
14234,15.58915559432933
14235,15.58915559432933
14236,15.58915559432933
14237,15.58915559432933
14238,15.58915559432933
14239,15.58915559432933
14240,15.58915559432933
14241,15.58915559432933
14242,15.58915559432933
14243,15.58915559432933
14244,15.58915559432933
14245,15.58915559432933
14246,15.58915559432933
14247,15.58915559432933
14248,15.58915559432933
14249,15.58915559432933
14250,15.58915559432933
14251,15.58915559432933
14252,15.58915559432933
14253,15.58915559432933
14254,15.58915559432933
14255,15.58915559432933
14256,15.58915559432933
14257,15.58915559432933
14258,15.58915559432933
14259,15.58915559432933
14260,15.58915559432933
14261,15.58915559432933
14262,15.58915559432933
14263,15.58915559432933
14264,15.58915559432933
14265,15.58915559432933
14266,15.58915559432933
14267,15.58915559432933
14268,15.58915559432933
14269,15.58915559432933
14270,15.58915559432933
14271,15.58915559432933
14272,15.58915559432933
14273,15.58915559432933
14274,15.58915559432933
14275,15.58915559432933
14276,15.58915559432933
14277,15.58915559432933
14278,15.58915559432933
14279,15.58915559432933
14280,15.58915559432933
14281,15.58915559432933
14282,15.58915559432933
14283,15.58915559432933
14284,15.58915559432933
14285,15.58915559432933
14286,15.58915559432933
14287,15.58915559432933
14288,15.58915559432933
14289,15.58915559432933
14290,15.58915559432933
14291,15.58915559432933
14292,15.58915559432933
14293,15.58915559432933
14294,15.58915559432933
14295,15.58915559432933
14296,15.58915559432933
14297,15.58915559432933
14298,15.58915559432933
14299,15.58915559432933
14300,15.58915559432933
14301,15.58915559432933
14302,15.58915559432933
14303,15.58915559432933
14304,15.58915559432933
14305,15.58915559432933
14306,15.58915559432933
14307,15.58915559432933
14308,15.58915559432933
14309,15.58915559432933
14310,15.58915559432933
14311,15.58915559432933
14312,15.58915559432933
14313,15.58915559432933
14314,15.58915559432933
14315,15.58915559432933
14316,15.58915559432933
14317,15.58915559432933
14318,15.58915559432933
14319,15.58915559432933
14320,15.58915559432933
14321,15.58915559432933
14322,15.58915559432933
14323,15.58915559432933
14324,15.58915559432933
14325,15.58915559432933
14326,15.58915559432933
14327,15.58915559432933
14328,15.58915559432933
14329,15.58915559432933
14330,15.58915559432933
14331,15.58915559432933
14332,15.58915559432933
14333,15.58915559432933
14334,15.58915559432933
14335,15.58915559432933
14336,15.58915559432933
14337,15.58915559432933
14338,15.58915559432933
14339,15.58915559432933
14340,15.58915559432933
14341,15.58915559432933
14342,15.58915559432933
14343,15.58915559432933
14344,15.58915559432933
14345,15.58915559432933
14346,15.58915559432933
14347,15.58915559432933
14348,15.58915559432933
14349,15.58915559432933
14350,15.58915559432933
14351,15.58915559432933
14352,15.58915559432933
14353,15.58915559432933
14354,15.58915559432933
14355,15.58915559432933
14356,15.58915559432933
14357,15.58915559432933
14358,15.58915559432933
14359,15.58915559432933
14360,15.58915559432933
14361,15.58915559432933
14362,15.58915559432933
14363,15.58915559432933
14364,15.58915559432933
14365,15.58915559432933
14366,15.58915559432933
14367,15.58915559432933
14368,15.58915559432933
14369,15.58915559432933
14370,15.58915559432933
14371,15.58915559432933
14372,15.58915559432933
14373,15.58915559432933
14374,15.58915559432933
14375,15.58915559432933
14376,15.58915559432933
14377,15.58915559432933
14378,15.58915559432933
14379,15.58915559432933
14380,15.58915559432933
14381,15.58915559432933
14382,15.58915559432933
14383,15.58915559432933
14384,15.58915559432933
14385,15.58915559432933
14386,15.58915559432933
14387,15.58915559432933
14388,15.58915559432933
14389,15.58915559432933
14390,15.58915559432933
14391,15.58915559432933
14392,15.58915559432933
14393,15.58915559432933
14394,15.58915559432933
14395,15.58915559432933
14396,15.58915559432933
14397,15.58915559432933
14398,15.58915559432933
14399,15.58915559432933
14400,15.58915559432933
14401,15.58915559432933
14402,15.58915559432933
14403,15.58915559432933
14404,15.58915559432933
14405,15.58915559432933
14406,15.58915559432933
14407,15.58915559432933
14408,15.58915559432933
14409,15.58915559432933
14410,15.58915559432933
14411,15.58915559432933
14412,15.58915559432933
14413,15.58915559432933
14414,15.58915559432933
14415,15.58915559432933
14416,15.58915559432933
14417,15.58915559432933
14418,15.58915559432933
14419,15.58915559432933
14420,15.58915559432933
14421,15.58915559432933
14422,15.58915559432933
14423,15.58915559432933
14424,15.58915559432933
14425,15.58915559432933
14426,15.58915559432933
14427,15.58915559432933
14428,15.58915559432933
14429,15.58915559432933
14430,15.58915559432933
14431,15.58915559432933
14432,15.58915559432933
14433,15.58915559432933
14434,15.58915559432933
14435,15.58915559432933
14436,15.58915559432933
14437,15.58915559432933
14438,15.58915559432933
14439,15.58915559432933
14440,15.58915559432933
14441,15.58915559432933
14442,15.58915559432933
14443,15.58915559432933
14444,15.58915559432933
14445,15.58915559432933
14446,15.58915559432933
14447,15.58915559432933
14448,15.58915559432933
14449,15.58915559432933
14450,15.58915559432933
14451,15.58915559432933
14452,15.58915559432933
14453,15.58915559432933
14454,15.58915559432933
14455,15.58915559432933
14456,15.58915559432933
14457,15.58915559432933
14458,15.58915559432933
14459,15.58915559432933
14460,15.58915559432933
14461,15.58915559432933
14462,15.58915559432933
14463,15.58915559432933
14464,15.58915559432933
14465,15.58915559432933
14466,15.58915559432933
14467,15.58915559432933
14468,15.58915559432933
14469,15.58915559432933
14470,15.58915559432933
14471,15.58915559432933
14472,15.58915559432933
14473,15.58915559432933
14474,15.58915559432933
14475,15.58915559432933
14476,15.58915559432933
14477,15.58915559432933
14478,15.58915559432933
14479,15.58915559432933
14480,15.58915559432933
14481,15.58915559432933
14482,15.58915559432933
14483,15.58915559432933
14484,15.58915559432933
14485,15.58915559432933
14486,15.58915559432933
14487,15.58915559432933
14488,15.58915559432933
14489,15.58915559432933
14490,15.58915559432933
14491,15.58915559432933
14492,15.58915559432933
14493,15.58915559432933
14494,15.58915559432933
14495,15.58915559432933
14496,15.58915559432933
14497,15.58915559432933
14498,15.58915559432933
14499,15.58915559432933
14500,15.58915559432933
14501,15.58915559432933
14502,15.58915559432933
14503,15.58915559432933
14504,15.58915559432933
14505,15.58915559432933
14506,15.58915559432933
14507,15.58915559432933
14508,15.58915559432933
14509,15.58915559432933
14510,15.58915559432933
14511,15.58915559432933
14512,15.58915559432933
14513,15.58915559432933
14514,15.58915559432933
14515,15.58915559432933
14516,15.58915559432933
14517,15.58915559432933
14518,15.58915559432933
14519,15.58915559432933
14520,15.58915559432933
14521,15.58915559432933
14522,15.58915559432933
14523,15.58915559432933
14524,15.58915559432933
14525,15.58915559432933
14526,15.58915559432933
14527,15.58915559432933
14528,15.58915559432933
14529,15.58915559432933
14530,15.58915559432933
14531,15.58915559432933
14532,15.58915559432933
14533,15.58915559432933
14534,15.58915559432933
14535,15.58915559432933
14536,15.58915559432933
14537,15.58915559432933
14538,15.58915559432933
14539,15.58915559432933
14540,15.58915559432933
14541,15.58915559432933
14542,15.58915559432933
14543,15.58915559432933
14544,15.58915559432933
14545,15.58915559432933
14546,15.58915559432933
14547,15.58915559432933
14548,15.58915559432933
14549,15.58915559432933
14550,15.58915559432933
14551,15.58915559432933
14552,15.58915559432933
14553,15.58915559432933
14554,15.58915559432933
14555,15.58915559432933
14556,15.58915559432933
14557,15.58915559432933
14558,15.58915559432933
14559,15.58915559432933
14560,15.58915559432933
14561,15.58915559432933
14562,15.58915559432933
14563,15.58915559432933
14564,15.58915559432933
14565,15.58915559432933
14566,15.58915559432933
14567,15.58915559432933
14568,15.58915559432933
14569,15.58915559432933
14570,15.58915559432933
14571,15.58915559432933
14572,15.58915559432933
14573,15.58915559432933
14574,15.58915559432933
14575,15.58915559432933
14576,15.58915559432933
14577,15.58915559432933
14578,15.58915559432933
14579,15.58915559432933
14580,15.58915559432933
14581,15.58915559432933
14582,15.58915559432933
14583,15.58915559432933
14584,15.58915559432933
14585,15.58915559432933
14586,15.58915559432933
14587,15.58915559432933
14588,15.58915559432933
14589,15.58915559432933
14590,15.58915559432933
14591,15.58915559432933
14592,15.58915559432933
14593,15.58915559432933
14594,15.58915559432933
14595,15.58915559432933
14596,15.58915559432933
14597,15.58915559432933
14598,15.58915559432933
14599,15.58915559432933
14600,15.58915559432933
14601,15.58915559432933
14602,15.58915559432933
14603,15.58915559432933
14604,15.58915559432933
14605,15.58915559432933
14606,15.58915559432933
14607,15.58915559432933
14608,15.58915559432933
14609,15.58915559432933
14610,15.58915559432933
14611,15.58915559432933
14612,15.58915559432933
14613,15.58915559432933
14614,15.58915559432933
14615,15.58915559432933
14616,15.58915559432933
14617,15.58915559432933
14618,15.58915559432933
14619,15.58915559432933
14620,15.58915559432933
14621,15.58915559432933
14622,15.58915559432933
14623,15.58915559432933
14624,15.58915559432933
14625,15.58915559432933
14626,15.58915559432933
14627,15.58915559432933
14628,15.58915559432933
14629,15.58915559432933
14630,15.58915559432933
14631,15.58915559432933
14632,15.58915559432933
14633,15.58915559432933
14634,15.58915559432933
14635,15.58915559432933
14636,15.58915559432933
14637,15.58915559432933
14638,15.58915559432933
14639,15.58915559432933
14640,15.58915559432933
14641,15.58915559432933
14642,15.58915559432933
14643,15.58915559432933
14644,15.58915559432933
14645,15.58915559432933
14646,15.58915559432933
14647,15.58915559432933
14648,15.58915559432933
14649,15.58915559432933
14650,15.58915559432933
14651,15.58915559432933
14652,15.58915559432933
14653,15.58915559432933
14654,15.58915559432933
14655,15.58915559432933
14656,15.58915559432933
14657,15.58915559432933
14658,15.58915559432933
14659,15.58915559432933
14660,15.58915559432933
14661,15.58915559432933
14662,15.58915559432933
14663,15.58915559432933
14664,15.58915559432933
14665,15.58915559432933
14666,15.58915559432933
14667,15.58915559432933
14668,15.58915559432933
14669,15.58915559432933
14670,15.58915559432933
14671,15.58915559432933
14672,15.58915559432933
14673,15.58915559432933
14674,15.58915559432933
14675,15.58915559432933
14676,15.58915559432933
14677,15.58915559432933
14678,15.58915559432933
14679,15.58915559432933
14680,15.58915559432933
14681,15.58915559432933
14682,15.58915559432933
14683,15.58915559432933
14684,15.58915559432933
14685,15.58915559432933
14686,15.58915559432933
14687,15.58915559432933
14688,15.58915559432933
14689,15.58915559432933
14690,15.58915559432933
14691,15.58915559432933
14692,15.58915559432933
14693,15.58915559432933
14694,15.58915559432933
14695,15.58915559432933
14696,15.58915559432933
14697,15.58915559432933
14698,15.58915559432933
14699,15.58915559432933
14700,15.58915559432933
14701,15.58915559432933
14702,15.58915559432933
14703,15.58915559432933
14704,15.58915559432933
14705,15.58915559432933
14706,15.58915559432933
14707,15.58915559432933
14708,15.58915559432933
14709,15.58915559432933
14710,15.58915559432933
14711,15.58915559432933
14712,15.58915559432933
14713,15.58915559432933
14714,15.58915559432933
14715,15.58915559432933
14716,15.58915559432933
14717,15.58915559432933
14718,15.58915559432933
14719,15.58915559432933
14720,15.58915559432933
14721,15.58915559432933
14722,15.58915559432933
14723,15.58915559432933
14724,15.58915559432933
14725,15.58915559432933
14726,15.58915559432933
14727,15.58915559432933
14728,15.58915559432933
14729,15.58915559432933
14730,15.58915559432933
14731,15.58915559432933
14732,15.58915559432933
14733,15.58915559432933
14734,15.58915559432933
14735,15.58915559432933
14736,15.58915559432933
14737,15.58915559432933
14738,15.58915559432933
14739,15.58915559432933
14740,15.58915559432933
14741,15.58915559432933
14742,15.58915559432933
14743,15.58915559432933
14744,15.58915559432933
14745,15.58915559432933
14746,15.58915559432933
14747,15.58915559432933
14748,15.58915559432933
14749,15.58915559432933
14750,15.58915559432933
14751,15.58915559432933
14752,15.58915559432933
14753,15.58915559432933
14754,15.58915559432933
14755,15.58915559432933
14756,15.58915559432933
14757,15.58915559432933
14758,15.58915559432933
14759,15.58915559432933
14760,15.58915559432933
14761,15.58915559432933
14762,15.58915559432933
14763,15.58915559432933
14764,15.58915559432933
14765,15.58915559432933
14766,15.58915559432933
14767,15.58915559432933
14768,15.58915559432933
14769,15.58915559432933
14770,15.58915559432933
14771,15.58915559432933
14772,15.58915559432933
14773,15.58915559432933
14774,15.58915559432933
14775,15.58915559432933
14776,15.58915559432933
14777,15.58915559432933
14778,15.58915559432933
14779,15.58915559432933
14780,15.58915559432933
14781,15.58915559432933
14782,15.58915559432933
14783,15.58915559432933
14784,15.58915559432933
14785,15.58915559432933
14786,15.58915559432933
14787,15.58915559432933
14788,15.58915559432933
14789,15.58915559432933
14790,15.58915559432933
14791,15.58915559432933
14792,15.58915559432933
14793,15.58915559432933
14794,15.58915559432933
14795,15.58915559432933
14796,15.58915559432933
14797,15.58915559432933
14798,15.58915559432933
14799,15.58915559432933
14800,15.58915559432933
14801,15.58915559432933
14802,15.58915559432933
14803,15.58915559432933
14804,15.58915559432933
14805,15.58915559432933
14806,15.58915559432933
14807,15.58915559432933
14808,15.58915559432933
14809,15.58915559432933
14810,15.58915559432933
14811,15.58915559432933
14812,15.58915559432933
14813,15.58915559432933
14814,15.58915559432933
14815,15.58915559432933
14816,15.58915559432933
14817,15.58915559432933
14818,15.58915559432933
14819,15.58915559432933
14820,15.58915559432933
14821,15.58915559432933
14822,15.58915559432933
14823,15.58915559432933
14824,15.58915559432933
14825,15.58915559432933
14826,15.58915559432933
14827,15.58915559432933
14828,15.58915559432933
14829,15.58915559432933
14830,15.58915559432933
14831,15.58915559432933
14832,15.58915559432933
14833,15.58915559432933
14834,15.58915559432933
14835,15.58915559432933
14836,15.58915559432933
14837,15.58915559432933
14838,15.58915559432933
14839,15.58915559432933
14840,15.58915559432933
14841,15.58915559432933
14842,15.58915559432933
14843,15.58915559432933
14844,15.58915559432933
14845,15.58915559432933
14846,15.58915559432933
14847,15.58915559432933
14848,15.58915559432933
14849,15.58915559432933
14850,15.58915559432933
14851,15.58915559432933
14852,15.58915559432933
14853,15.58915559432933
14854,15.58915559432933
14855,15.58915559432933
14856,15.58915559432933
14857,15.58915559432933
14858,15.58915559432933
14859,15.58915559432933
14860,15.58915559432933
14861,15.58915559432933
14862,15.58915559432933
14863,15.58915559432933
14864,15.58915559432933
14865,15.58915559432933
14866,15.58915559432933
14867,15.58915559432933
14868,15.58915559432933
14869,15.58915559432933
14870,15.58915559432933
14871,15.58915559432933
14872,15.58915559432933
14873,15.58915559432933
14874,15.58915559432933
14875,15.58915559432933
14876,15.58915559432933
14877,15.58915559432933
14878,15.58915559432933
14879,15.58915559432933
14880,15.58915559432933
14881,15.58915559432933
14882,15.58915559432933
14883,15.58915559432933
14884,15.58915559432933
14885,15.58915559432933
14886,15.58915559432933
14887,15.58915559432933
14888,15.58915559432933
14889,15.58915559432933
14890,15.58915559432933
14891,15.58915559432933
14892,15.58915559432933
14893,15.58915559432933
14894,15.58915559432933
14895,15.58915559432933
14896,15.58915559432933
14897,15.58915559432933
14898,15.58915559432933
14899,15.58915559432933
14900,15.58915559432933
14901,15.58915559432933
14902,15.58915559432933
14903,15.58915559432933
14904,15.58915559432933
14905,15.58915559432933
14906,15.58915559432933
14907,15.58915559432933
14908,15.58915559432933
14909,15.58915559432933
14910,15.58915559432933
14911,15.58915559432933
14912,15.58915559432933
14913,15.58915559432933
14914,15.58915559432933
14915,15.58915559432933
14916,15.58915559432933
14917,15.58915559432933
14918,15.58915559432933
14919,15.58915559432933
14920,15.58915559432933
14921,15.58915559432933
14922,15.58915559432933
14923,15.58915559432933
14924,15.58915559432933
14925,15.58915559432933
14926,15.58915559432933
14927,15.58915559432933
14928,15.58915559432933
14929,15.58915559432933
14930,15.58915559432933
14931,15.58915559432933
14932,15.58915559432933
14933,15.58915559432933
14934,15.58915559432933
14935,15.58915559432933
14936,15.58915559432933
14937,15.58915559432933
14938,15.58915559432933
14939,15.58915559432933
14940,15.58915559432933
14941,15.58915559432933
14942,15.58915559432933
14943,15.58915559432933
14944,15.58915559432933
14945,15.58915559432933
14946,15.58915559432933
14947,15.58915559432933
14948,15.58915559432933
14949,15.58915559432933
14950,15.58915559432933
14951,15.58915559432933
14952,15.58915559432933
14953,15.58915559432933
14954,15.58915559432933
14955,15.58915559432933
14956,15.58915559432933
14957,15.58915559432933
14958,15.58915559432933
14959,15.58915559432933
14960,15.58915559432933
14961,15.58915559432933
14962,15.58915559432933
14963,15.58915559432933
14964,15.58915559432933
14965,15.58915559432933
14966,15.58915559432933
14967,15.58915559432933
14968,15.58915559432933
14969,15.58915559432933
14970,15.58915559432933
14971,15.58915559432933
14972,15.58915559432933
14973,15.58915559432933
14974,15.58915559432933
14975,15.58915559432933
14976,15.58915559432933
14977,15.58915559432933
14978,15.58915559432933
14979,15.58915559432933
14980,15.58915559432933
14981,15.58915559432933
14982,15.58915559432933
14983,15.58915559432933
14984,15.58915559432933
14985,15.58915559432933
14986,15.58915559432933
14987,15.58915559432933
14988,15.58915559432933
14989,15.58915559432933
14990,15.58915559432933
14991,15.58915559432933
14992,15.58915559432933
14993,15.58915559432933
14994,15.58915559432933
14995,15.58915559432933
14996,15.58915559432933
14997,15.58915559432933
14998,15.58915559432933
14999,15.58915559432933
15000,15.58915559432933
15001,15.58915559432933
15002,15.58915559432933
15003,15.58915559432933
15004,15.58915559432933
15005,15.58915559432933
15006,15.58915559432933
15007,15.58915559432933
15008,15.58915559432933
15009,15.58915559432933
15010,15.58915559432933
15011,15.58915559432933
15012,15.58915559432933
15013,15.58915559432933
15014,15.58915559432933
15015,15.58915559432933
15016,15.58915559432933
15017,15.58915559432933
15018,15.58915559432933
15019,15.58915559432933
15020,15.58915559432933
15021,15.58915559432933
15022,15.58915559432933
15023,15.58915559432933
15024,15.58915559432933
15025,15.58915559432933
15026,15.58915559432933
15027,15.58915559432933
15028,15.58915559432933
15029,15.58915559432933
15030,15.58915559432933
15031,15.58915559432933
15032,15.58915559432933
15033,15.58915559432933
15034,15.58915559432933
15035,15.58915559432933
15036,15.58915559432933
15037,15.58915559432933
15038,15.58915559432933
15039,15.58915559432933
15040,15.58915559432933
15041,15.58915559432933
15042,15.58915559432933
15043,15.58915559432933
15044,15.58915559432933
15045,15.58915559432933
15046,15.58915559432933
15047,15.58915559432933
15048,15.58915559432933
15049,15.58915559432933
15050,15.58915559432933
15051,15.58915559432933
15052,15.58915559432933
15053,15.58915559432933
15054,15.58915559432933
15055,15.58915559432933
15056,15.58915559432933
15057,15.58915559432933
15058,15.58915559432933
15059,15.58915559432933
15060,15.58915559432933
15061,15.58915559432933
15062,15.58915559432933
15063,15.58915559432933
15064,15.58915559432933
15065,15.58915559432933
15066,15.58915559432933
15067,15.58915559432933
15068,15.58915559432933
15069,15.58915559432933
15070,15.58915559432933
15071,15.58915559432933
15072,15.58915559432933
15073,15.58915559432933
15074,15.58915559432933
15075,15.58915559432933
15076,15.58915559432933
15077,15.58915559432933
15078,15.58915559432933
15079,15.58915559432933
15080,15.58915559432933
15081,15.58915559432933
15082,15.58915559432933
15083,15.58915559432933
15084,15.58915559432933
15085,15.58915559432933
15086,15.58915559432933
15087,15.58915559432933
15088,15.58915559432933
15089,15.58915559432933
15090,15.58915559432933
15091,15.58915559432933
15092,15.58915559432933
15093,15.58915559432933
15094,15.58915559432933
15095,15.58915559432933
15096,15.58915559432933
15097,15.58915559432933
15098,15.58915559432933
15099,15.58915559432933
15100,15.58915559432933
15101,15.58915559432933
15102,15.58915559432933
15103,15.58915559432933
15104,15.58915559432933
15105,15.58915559432933
15106,15.58915559432933
15107,15.58915559432933
15108,15.58915559432933
15109,15.58915559432933
15110,15.58915559432933
15111,15.58915559432933
15112,15.58915559432933
15113,15.58915559432933
15114,15.58915559432933
15115,15.58915559432933
15116,15.58915559432933
15117,15.58915559432933
15118,15.58915559432933
15119,15.58915559432933
15120,15.58915559432933
15121,15.58915559432933
15122,15.58915559432933
15123,15.58915559432933
15124,15.58915559432933
15125,15.58915559432933
15126,15.58915559432933
15127,15.58915559432933
15128,15.58915559432933
15129,15.58915559432933
15130,15.58915559432933
15131,15.58915559432933
15132,15.58915559432933
15133,15.58915559432933
15134,15.58915559432933
15135,15.58915559432933
15136,15.58915559432933
15137,15.58915559432933
15138,15.58915559432933
15139,15.58915559432933
15140,15.58915559432933
15141,15.58915559432933
15142,15.58915559432933
15143,15.58915559432933
15144,15.58915559432933
15145,15.58915559432933
15146,15.58915559432933
15147,15.58915559432933
15148,15.58915559432933
15149,15.58915559432933
15150,15.58915559432933
15151,15.58915559432933
15152,15.58915559432933
15153,15.58915559432933
15154,15.58915559432933
15155,15.58915559432933
15156,15.58915559432933
15157,15.58915559432933
15158,15.58915559432933
15159,15.58915559432933
15160,15.58915559432933
15161,15.58915559432933
15162,15.58915559432933
15163,15.58915559432933
15164,15.58915559432933
15165,15.58915559432933
15166,15.58915559432933
15167,15.58915559432933
15168,15.58915559432933
15169,15.58915559432933
15170,15.58915559432933
15171,15.58915559432933
15172,15.58915559432933
15173,15.58915559432933
15174,15.58915559432933
15175,15.58915559432933
15176,15.58915559432933
15177,15.58915559432933
15178,15.58915559432933
15179,15.58915559432933
15180,15.58915559432933
15181,15.58915559432933
15182,15.58915559432933
15183,15.58915559432933
15184,15.58915559432933
15185,15.58915559432933
15186,15.58915559432933
15187,15.58915559432933
15188,15.58915559432933
15189,15.58915559432933
15190,15.58915559432933
15191,15.58915559432933
15192,15.58915559432933
15193,15.58915559432933
15194,15.58915559432933
15195,15.58915559432933
15196,15.58915559432933
15197,15.58915559432933
15198,15.58915559432933
15199,15.58915559432933
15200,15.58915559432933
15201,15.58915559432933
15202,15.58915559432933
15203,15.58915559432933
15204,15.58915559432933
15205,15.58915559432933
15206,15.58915559432933
15207,15.58915559432933
15208,15.58915559432933
15209,15.58915559432933
15210,15.58915559432933
15211,15.58915559432933
15212,15.58915559432933
15213,15.58915559432933
15214,15.58915559432933
15215,15.58915559432933
15216,15.58915559432933
15217,15.58915559432933
15218,15.58915559432933
15219,15.58915559432933
15220,15.58915559432933
15221,15.58915559432933
15222,15.58915559432933
15223,15.58915559432933
15224,15.58915559432933
15225,15.58915559432933
15226,15.58915559432933
15227,15.58915559432933
15228,15.58915559432933
15229,15.58915559432933
15230,15.58915559432933
15231,15.58915559432933
15232,15.58915559432933
15233,15.58915559432933
15234,15.58915559432933
15235,15.58915559432933
15236,15.58915559432933
15237,15.58915559432933
15238,15.58915559432933
15239,15.58915559432933
15240,15.58915559432933
15241,15.58915559432933
15242,15.58915559432933
15243,15.58915559432933
15244,15.58915559432933
15245,15.58915559432933
15246,15.58915559432933
15247,15.58915559432933
15248,15.58915559432933
15249,15.58915559432933
15250,15.58915559432933
15251,15.58915559432933
15252,15.58915559432933
15253,15.58915559432933
15254,15.58915559432933
15255,15.58915559432933
15256,15.58915559432933
15257,15.58915559432933
15258,15.58915559432933
15259,15.58915559432933
15260,15.58915559432933
15261,15.58915559432933
15262,15.58915559432933
15263,15.58915559432933
15264,15.58915559432933
15265,15.58915559432933
15266,15.58915559432933
15267,15.58915559432933
15268,15.58915559432933
15269,15.58915559432933
15270,15.58915559432933
15271,15.58915559432933
15272,15.58915559432933
15273,15.58915559432933
15274,15.58915559432933
15275,15.58915559432933
15276,15.58915559432933
15277,15.58915559432933
15278,15.58915559432933
15279,15.58915559432933
15280,15.58915559432933
15281,15.58915559432933
15282,15.58915559432933
15283,15.58915559432933
15284,15.58915559432933
15285,15.58915559432933
15286,15.58915559432933
15287,15.58915559432933
15288,15.58915559432933
15289,15.58915559432933
15290,15.58915559432933
15291,15.58915559432933
15292,15.58915559432933
15293,15.58915559432933
15294,15.58915559432933
15295,15.58915559432933
15296,15.58915559432933
15297,15.58915559432933
15298,15.58915559432933
15299,15.58915559432933
15300,15.58915559432933
15301,15.58915559432933
15302,15.58915559432933
15303,15.58915559432933
15304,15.58915559432933
15305,15.58915559432933
15306,15.58915559432933
15307,15.58915559432933
15308,15.58915559432933
15309,15.58915559432933
15310,15.58915559432933
15311,15.58915559432933
15312,15.58915559432933
15313,15.58915559432933
15314,15.58915559432933
15315,15.58915559432933
15316,15.58915559432933
15317,15.58915559432933
15318,15.58915559432933
15319,15.58915559432933
15320,15.58915559432933
15321,15.58915559432933
15322,15.58915559432933
15323,15.58915559432933
15324,15.58915559432933
15325,15.58915559432933
15326,15.58915559432933
15327,15.58915559432933
15328,15.58915559432933
15329,15.58915559432933
15330,15.58915559432933
15331,15.58915559432933
15332,15.58915559432933
15333,15.58915559432933
15334,15.58915559432933
15335,15.58915559432933
15336,15.58915559432933
15337,15.58915559432933
15338,15.58915559432933
15339,15.58915559432933
15340,15.58915559432933
15341,15.58915559432933
15342,15.58915559432933
15343,15.58915559432933
15344,15.58915559432933
15345,15.58915559432933
15346,15.58915559432933
15347,15.58915559432933
15348,15.58915559432933
15349,15.58915559432933
15350,15.58915559432933
15351,15.58915559432933
15352,15.58915559432933
15353,15.58915559432933
15354,15.58915559432933
15355,15.58915559432933
15356,15.58915559432933
15357,15.58915559432933
15358,15.58915559432933
15359,15.58915559432933
15360,15.58915559432933
15361,15.58915559432933
15362,15.58915559432933
15363,15.58915559432933
15364,15.58915559432933
15365,15.58915559432933
15366,15.58915559432933
15367,15.58915559432933
15368,15.58915559432933
15369,15.58915559432933
15370,15.58915559432933
15371,15.58915559432933
15372,15.58915559432933
15373,15.58915559432933
15374,15.58915559432933
15375,15.58915559432933
15376,15.58915559432933
15377,15.58915559432933
15378,15.58915559432933
15379,15.58915559432933
15380,15.58915559432933
15381,15.58915559432933
15382,15.58915559432933
15383,15.58915559432933
15384,15.58915559432933
15385,15.58915559432933
15386,15.58915559432933
15387,15.58915559432933
15388,15.58915559432933
15389,15.58915559432933
15390,15.58915559432933
15391,15.58915559432933
15392,15.58915559432933
15393,15.58915559432933
15394,15.58915559432933
15395,15.58915559432933
15396,15.58915559432933
15397,15.58915559432933
15398,15.58915559432933
15399,15.58915559432933
15400,15.58915559432933
15401,15.58915559432933
15402,15.58915559432933
15403,15.58915559432933
15404,15.58915559432933
15405,15.58915559432933
15406,15.58915559432933
15407,15.58915559432933
15408,15.58915559432933
15409,15.58915559432933
15410,15.58915559432933
15411,15.58915559432933
15412,15.58915559432933
15413,15.58915559432933
15414,15.58915559432933
15415,15.58915559432933
15416,15.58915559432933
15417,15.58915559432933
15418,15.58915559432933
15419,15.58915559432933
15420,15.58915559432933
15421,15.58915559432933
15422,15.58915559432933
15423,15.58915559432933
15424,15.58915559432933
15425,15.58915559432933
15426,15.58915559432933
15427,15.58915559432933
15428,15.58915559432933
15429,15.58915559432933
15430,15.58915559432933
15431,15.58915559432933
15432,15.58915559432933
15433,15.58915559432933
15434,15.58915559432933
15435,15.58915559432933
15436,15.58915559432933
15437,15.58915559432933
15438,15.58915559432933
15439,15.58915559432933
15440,15.58915559432933
15441,15.58915559432933
15442,15.58915559432933
15443,15.58915559432933
15444,15.58915559432933
15445,15.58915559432933
15446,15.58915559432933
15447,15.58915559432933
15448,15.58915559432933
15449,15.58915559432933
15450,15.58915559432933
15451,15.58915559432933
15452,15.58915559432933
15453,15.58915559432933
15454,15.58915559432933
15455,15.58915559432933
15456,15.58915559432933
15457,15.58915559432933
15458,15.58915559432933
15459,15.58915559432933
15460,15.58915559432933
15461,15.58915559432933
15462,15.58915559432933
15463,15.58915559432933
15464,15.58915559432933
15465,15.58915559432933
15466,15.58915559432933
15467,15.58915559432933
15468,15.58915559432933
15469,15.58915559432933
15470,15.58915559432933
15471,15.58915559432933
15472,15.58915559432933
15473,15.58915559432933
15474,15.58915559432933
15475,15.58915559432933
15476,15.58915559432933
15477,15.58915559432933
15478,15.58915559432933
15479,15.58915559432933
15480,15.58915559432933
15481,15.58915559432933
15482,15.58915559432933
15483,15.58915559432933
15484,15.58915559432933
15485,15.58915559432933
15486,15.58915559432933
15487,15.58915559432933
15488,15.58915559432933
15489,15.58915559432933
15490,15.58915559432933
15491,15.58915559432933
15492,15.58915559432933
15493,15.58915559432933
15494,15.58915559432933
15495,15.58915559432933
15496,15.58915559432933
15497,15.58915559432933
15498,15.58915559432933
15499,15.58915559432933
15500,15.58915559432933
15501,15.58915559432933
15502,15.58915559432933
15503,15.58915559432933
15504,15.58915559432933
15505,15.58915559432933
15506,15.58915559432933
15507,15.58915559432933
15508,15.58915559432933
15509,15.58915559432933
15510,15.58915559432933
15511,15.58915559432933
15512,15.58915559432933
15513,15.58915559432933
15514,15.58915559432933
15515,15.58915559432933
15516,15.58915559432933
15517,15.58915559432933
15518,15.58915559432933
15519,15.58915559432933
15520,15.58915559432933
15521,15.58915559432933
15522,15.58915559432933
15523,15.58915559432933
15524,15.58915559432933
15525,15.58915559432933
15526,15.58915559432933
15527,15.58915559432933
15528,15.58915559432933
15529,15.58915559432933
15530,15.58915559432933
15531,15.58915559432933
15532,15.58915559432933
15533,15.58915559432933
15534,15.58915559432933
15535,15.58915559432933
15536,15.58915559432933
15537,15.58915559432933
15538,15.58915559432933
15539,15.58915559432933
15540,15.58915559432933
15541,15.58915559432933
15542,15.58915559432933
15543,15.58915559432933
15544,15.58915559432933
15545,15.58915559432933
15546,15.58915559432933
15547,15.58915559432933
15548,15.58915559432933
15549,15.58915559432933
15550,15.58915559432933
15551,15.58915559432933
15552,15.58915559432933
15553,15.58915559432933
15554,15.58915559432933
15555,15.58915559432933
15556,15.58915559432933
15557,15.58915559432933
15558,15.58915559432933
15559,15.58915559432933
15560,15.58915559432933
15561,15.58915559432933
15562,15.58915559432933
15563,15.58915559432933
15564,15.58915559432933
15565,15.58915559432933
15566,15.58915559432933
15567,15.58915559432933
15568,15.58915559432933
15569,15.58915559432933
15570,15.58915559432933
15571,15.58915559432933
15572,15.58915559432933
15573,15.58915559432933
15574,15.58915559432933
15575,15.58915559432933
15576,15.58915559432933
15577,15.58915559432933
15578,15.58915559432933
15579,15.58915559432933
15580,15.58915559432933
15581,15.58915559432933
15582,15.58915559432933
15583,15.58915559432933
15584,15.58915559432933
15585,15.58915559432933
15586,15.58915559432933
15587,15.58915559432933
15588,15.58915559432933
15589,15.58915559432933
15590,15.58915559432933
15591,15.58915559432933
15592,15.58915559432933
15593,15.58915559432933
15594,15.58915559432933
15595,15.58915559432933
15596,15.58915559432933
15597,15.58915559432933
15598,15.58915559432933
15599,15.58915559432933
15600,15.58915559432933
15601,15.58915559432933
15602,15.58915559432933
15603,15.58915559432933
15604,15.58915559432933
15605,15.58915559432933
15606,15.58915559432933
15607,15.58915559432933
15608,15.58915559432933
15609,15.58915559432933
15610,15.58915559432933
15611,15.58915559432933
15612,15.58915559432933
15613,15.58915559432933
15614,15.58915559432933
15615,15.58915559432933
15616,15.58915559432933
15617,15.58915559432933
15618,15.58915559432933
15619,15.58915559432933
15620,15.58915559432933
15621,15.58915559432933
15622,15.58915559432933
15623,15.58915559432933
15624,15.58915559432933
15625,15.58915559432933
15626,15.58915559432933
15627,15.58915559432933
15628,15.58915559432933
15629,15.58915559432933
15630,15.58915559432933
15631,15.58915559432933
15632,15.58915559432933
15633,15.58915559432933
15634,15.58915559432933
15635,15.58915559432933
15636,15.58915559432933
15637,15.58915559432933
15638,15.58915559432933
15639,15.58915559432933
15640,15.58915559432933
15641,15.58915559432933
15642,15.58915559432933
15643,15.58915559432933
15644,15.58915559432933
15645,15.58915559432933
15646,15.58915559432933
15647,15.58915559432933
15648,15.58915559432933
15649,15.58915559432933
15650,15.58915559432933
15651,15.58915559432933
15652,15.58915559432933
15653,15.58915559432933
15654,15.58915559432933
15655,15.58915559432933
15656,15.58915559432933
15657,15.58915559432933
15658,15.58915559432933
15659,15.58915559432933
15660,15.58915559432933
15661,15.58915559432933
15662,15.58915559432933
15663,15.58915559432933
15664,15.58915559432933
15665,15.58915559432933
15666,15.58915559432933
15667,15.58915559432933
15668,15.58915559432933
15669,15.58915559432933
15670,15.58915559432933
15671,15.58915559432933
15672,15.58915559432933
15673,15.58915559432933
15674,15.58915559432933
15675,15.58915559432933
15676,15.58915559432933
15677,15.58915559432933
15678,15.58915559432933
15679,15.58915559432933
15680,15.58915559432933
15681,15.58915559432933
15682,15.58915559432933
15683,15.58915559432933
15684,15.58915559432933
15685,15.58915559432933
15686,15.58915559432933
15687,15.58915559432933
15688,15.58915559432933
15689,15.58915559432933
15690,15.58915559432933
15691,15.58915559432933
15692,15.58915559432933
15693,15.58915559432933
15694,15.58915559432933
15695,15.58915559432933
15696,15.58915559432933
15697,15.58915559432933
15698,15.58915559432933
15699,15.58915559432933
15700,15.58915559432933
15701,15.58915559432933
15702,15.58915559432933
15703,15.58915559432933
15704,15.58915559432933
15705,15.58915559432933
15706,15.58915559432933
15707,15.58915559432933
15708,15.58915559432933
15709,15.58915559432933
15710,15.58915559432933
15711,15.58915559432933
15712,15.58915559432933
15713,15.58915559432933
15714,15.58915559432933
15715,15.58915559432933
15716,15.58915559432933
15717,15.58915559432933
15718,15.58915559432933
15719,15.58915559432933
15720,15.58915559432933
15721,15.58915559432933
15722,15.58915559432933
15723,15.58915559432933
15724,15.58915559432933
15725,15.58915559432933
15726,15.58915559432933
15727,15.58915559432933
15728,15.58915559432933
15729,15.58915559432933
15730,15.58915559432933
15731,15.58915559432933
15732,15.58915559432933
15733,15.58915559432933
15734,15.58915559432933
15735,15.58915559432933
15736,15.58915559432933
15737,15.58915559432933
15738,15.58915559432933
15739,15.58915559432933
15740,15.58915559432933
15741,15.58915559432933
15742,15.58915559432933
15743,15.58915559432933
15744,15.58915559432933
15745,15.58915559432933
15746,15.58915559432933
15747,15.58915559432933
15748,15.58915559432933
15749,15.58915559432933
15750,15.58915559432933
15751,15.58915559432933
15752,15.58915559432933
15753,15.58915559432933
15754,15.58915559432933
15755,15.58915559432933
15756,15.58915559432933
15757,15.58915559432933
15758,15.58915559432933
15759,15.58915559432933
15760,15.58915559432933
15761,15.58915559432933
15762,15.58915559432933
15763,15.58915559432933
15764,15.58915559432933
15765,15.58915559432933
15766,15.58915559432933
15767,15.58915559432933
15768,15.58915559432933
15769,15.58915559432933
15770,15.58915559432933
15771,15.58915559432933
15772,15.58915559432933
15773,15.58915559432933
15774,15.58915559432933
15775,15.58915559432933
15776,15.58915559432933
15777,15.58915559432933
15778,15.58915559432933
15779,15.58915559432933
15780,15.58915559432933
15781,15.58915559432933
15782,15.58915559432933
15783,15.58915559432933
15784,15.58915559432933
15785,15.58915559432933
15786,15.58915559432933
15787,15.58915559432933
15788,15.58915559432933
15789,15.58915559432933
15790,15.58915559432933
15791,15.58915559432933
15792,15.58915559432933
15793,15.58915559432933
15794,15.58915559432933
15795,15.58915559432933
15796,15.58915559432933
15797,15.58915559432933
15798,15.58915559432933
15799,15.58915559432933
15800,15.58915559432933
15801,15.58915559432933
15802,15.58915559432933
15803,15.58915559432933
15804,15.58915559432933
15805,15.58915559432933
15806,15.58915559432933
15807,15.58915559432933
15808,15.58915559432933
15809,15.58915559432933
15810,15.58915559432933
15811,15.58915559432933
15812,15.58915559432933
15813,15.58915559432933
15814,15.58915559432933
15815,15.58915559432933
15816,15.58915559432933
15817,15.58915559432933
15818,15.58915559432933
15819,15.58915559432933
15820,15.58915559432933
15821,15.58915559432933
15822,15.58915559432933
15823,15.58915559432933
15824,15.58915559432933
15825,15.58915559432933
15826,15.58915559432933
15827,15.58915559432933
15828,15.58915559432933
15829,15.58915559432933
15830,15.58915559432933
15831,15.58915559432933
15832,15.58915559432933
15833,15.58915559432933
15834,15.58915559432933
15835,15.58915559432933
15836,15.58915559432933
15837,15.58915559432933
15838,15.58915559432933
15839,15.58915559432933
15840,15.58915559432933
15841,15.58915559432933
15842,15.58915559432933
15843,15.58915559432933
15844,15.58915559432933
15845,15.58915559432933
15846,15.58915559432933
15847,15.58915559432933
15848,15.58915559432933
15849,15.58915559432933
15850,15.58915559432933
15851,15.58915559432933
15852,15.58915559432933
15853,15.58915559432933
15854,15.58915559432933
15855,15.58915559432933
15856,15.58915559432933
15857,15.58915559432933
15858,15.58915559432933
15859,15.58915559432933
15860,15.58915559432933
15861,15.58915559432933
15862,15.58915559432933
15863,15.58915559432933
15864,15.58915559432933
15865,15.58915559432933
15866,15.58915559432933
15867,15.58915559432933
15868,15.58915559432933
15869,15.58915559432933
15870,15.58915559432933
15871,15.58915559432933
15872,15.58915559432933
15873,15.58915559432933
15874,15.58915559432933
15875,15.58915559432933
15876,15.58915559432933
15877,15.58915559432933
15878,15.58915559432933
15879,15.58915559432933
15880,15.58915559432933
15881,15.58915559432933
15882,15.58915559432933
15883,15.58915559432933
15884,15.58915559432933
15885,15.58915559432933
15886,15.58915559432933
15887,15.58915559432933
15888,15.58915559432933
15889,15.58915559432933
15890,15.58915559432933
15891,15.58915559432933
15892,15.58915559432933
15893,15.58915559432933
15894,15.58915559432933
15895,15.58915559432933
15896,15.58915559432933
15897,15.58915559432933
15898,15.58915559432933
15899,15.58915559432933
15900,15.58915559432933
15901,15.58915559432933
15902,15.58915559432933
15903,15.58915559432933
15904,15.58915559432933
15905,15.58915559432933
15906,15.58915559432933
15907,15.58915559432933
15908,15.58915559432933
15909,15.58915559432933
15910,15.58915559432933
15911,15.58915559432933
15912,15.58915559432933
15913,15.58915559432933
15914,15.58915559432933
15915,15.58915559432933
15916,15.58915559432933
15917,15.58915559432933
15918,15.58915559432933
15919,15.58915559432933
15920,15.58915559432933
15921,15.58915559432933
15922,15.58915559432933
15923,15.58915559432933
15924,15.58915559432933
15925,15.58915559432933
15926,15.58915559432933
15927,15.58915559432933
15928,15.58915559432933
15929,15.58915559432933
15930,15.58915559432933
15931,15.58915559432933
15932,15.58915559432933
15933,15.58915559432933
15934,15.58915559432933
15935,15.58915559432933
15936,15.58915559432933
15937,15.58915559432933
15938,15.58915559432933
15939,15.58915559432933
15940,15.58915559432933
15941,15.58915559432933
15942,15.58915559432933
15943,15.58915559432933
15944,15.58915559432933
15945,15.58915559432933
15946,15.58915559432933
15947,15.58915559432933
15948,15.58915559432933
15949,15.58915559432933
15950,15.58915559432933
15951,15.58915559432933
15952,15.58915559432933
15953,15.58915559432933
15954,15.58915559432933
15955,15.58915559432933
15956,15.58915559432933
15957,15.58915559432933
15958,15.58915559432933
15959,15.58915559432933
15960,15.58915559432933
15961,15.58915559432933
15962,15.58915559432933
15963,15.58915559432933
15964,15.58915559432933
15965,15.58915559432933
15966,15.58915559432933
15967,15.58915559432933
15968,15.58915559432933
15969,15.58915559432933
15970,15.58915559432933
15971,15.58915559432933
15972,15.58915559432933
15973,15.58915559432933
15974,15.58915559432933
15975,15.58915559432933
15976,15.58915559432933
15977,15.58915559432933
15978,15.58915559432933
15979,15.58915559432933
15980,15.58915559432933
15981,15.58915559432933
15982,15.58915559432933
15983,15.58915559432933
15984,15.58915559432933
15985,15.58915559432933
15986,15.58915559432933
15987,15.58915559432933
15988,15.58915559432933
15989,15.58915559432933
15990,15.58915559432933
15991,15.58915559432933
15992,15.58915559432933
15993,15.58915559432933
15994,15.58915559432933
15995,15.58915559432933
15996,15.58915559432933
15997,15.58915559432933
15998,15.58915559432933
15999,15.58915559432933
16000,15.58915559432933
16001,15.58915559432933
16002,15.58915559432933
16003,15.58915559432933
16004,15.58915559432933
16005,15.58915559432933
16006,15.58915559432933
16007,15.58915559432933
16008,15.58915559432933
16009,15.58915559432933
16010,15.58915559432933
16011,15.58915559432933
16012,15.58915559432933
16013,15.58915559432933
16014,15.58915559432933
16015,15.58915559432933
16016,15.58915559432933
16017,15.58915559432933
16018,15.58915559432933
16019,15.58915559432933
16020,15.58915559432933
16021,15.58915559432933
16022,15.58915559432933
16023,15.58915559432933
16024,15.58915559432933
16025,15.58915559432933
16026,15.58915559432933
16027,15.58915559432933
16028,15.58915559432933
16029,15.58915559432933
16030,15.58915559432933
16031,15.58915559432933
16032,15.58915559432933
16033,15.58915559432933
16034,15.58915559432933
16035,15.58915559432933
16036,15.58915559432933
16037,15.58915559432933
16038,15.58915559432933
16039,15.58915559432933
16040,15.58915559432933
16041,15.58915559432933
16042,15.58915559432933
16043,15.58915559432933
16044,15.58915559432933
16045,15.58915559432933
16046,15.58915559432933
16047,15.58915559432933
16048,15.58915559432933
16049,15.58915559432933
16050,15.58915559432933
16051,15.58915559432933
16052,15.58915559432933
16053,15.58915559432933
16054,15.58915559432933
16055,15.58915559432933
16056,15.58915559432933
16057,15.58915559432933
16058,15.58915559432933
16059,15.58915559432933
16060,15.58915559432933
16061,15.58915559432933
16062,15.58915559432933
16063,15.58915559432933
16064,15.58915559432933
16065,15.58915559432933
16066,15.58915559432933
16067,15.58915559432933
16068,15.58915559432933
16069,15.58915559432933
16070,15.58915559432933
16071,15.58915559432933
16072,15.58915559432933
16073,15.58915559432933
16074,15.58915559432933
16075,15.58915559432933
16076,15.58915559432933
16077,15.58915559432933
16078,15.58915559432933
16079,15.58915559432933
16080,15.58915559432933
16081,15.58915559432933
16082,15.58915559432933
16083,15.58915559432933
16084,15.58915559432933
16085,15.58915559432933
16086,15.58915559432933
16087,15.58915559432933
16088,15.58915559432933
16089,15.58915559432933
16090,15.58915559432933
16091,15.58915559432933
16092,15.58915559432933
16093,15.58915559432933
16094,15.58915559432933
16095,15.58915559432933
16096,15.58915559432933
16097,15.58915559432933
16098,15.58915559432933
16099,15.58915559432933
16100,15.58915559432933
16101,15.58915559432933
16102,15.58915559432933
16103,15.58915559432933
16104,15.58915559432933
16105,15.58915559432933
16106,15.58915559432933
16107,15.58915559432933
16108,15.58915559432933
16109,15.58915559432933
16110,15.58915559432933
16111,15.58915559432933
16112,15.58915559432933
16113,15.58915559432933
16114,15.58915559432933
16115,15.58915559432933
16116,15.58915559432933
16117,15.58915559432933
16118,15.58915559432933
16119,15.58915559432933
16120,15.58915559432933
16121,15.58915559432933
16122,15.58915559432933
16123,15.58915559432933
16124,15.58915559432933
16125,15.58915559432933
16126,15.58915559432933
16127,15.58915559432933
16128,15.58915559432933
16129,15.58915559432933
16130,15.58915559432933
16131,15.58915559432933
16132,15.58915559432933
16133,15.58915559432933
16134,15.58915559432933
16135,15.58915559432933
16136,15.58915559432933
16137,15.58915559432933
16138,15.58915559432933
16139,15.58915559432933
16140,15.58915559432933
16141,15.58915559432933
16142,15.58915559432933
16143,15.58915559432933
16144,15.58915559432933
16145,15.58915559432933
16146,15.58915559432933
16147,15.58915559432933
16148,15.58915559432933
16149,15.58915559432933
16150,15.58915559432933
16151,15.58915559432933
16152,15.58915559432933
16153,15.58915559432933
16154,15.58915559432933
16155,15.58915559432933
16156,15.58915559432933
16157,15.58915559432933
16158,15.58915559432933
16159,15.58915559432933
16160,15.58915559432933
16161,15.58915559432933
16162,15.58915559432933
16163,15.58915559432933
16164,15.58915559432933
16165,15.58915559432933
16166,15.58915559432933
16167,15.58915559432933
16168,15.58915559432933
16169,15.58915559432933
16170,15.58915559432933
16171,15.58915559432933
16172,15.58915559432933
16173,15.58915559432933
16174,15.58915559432933
16175,15.58915559432933
16176,15.58915559432933
16177,15.58915559432933
16178,15.58915559432933
16179,15.58915559432933
16180,15.58915559432933
16181,15.58915559432933
16182,15.58915559432933
16183,15.58915559432933
16184,15.58915559432933
16185,15.58915559432933
16186,15.58915559432933
16187,15.58915559432933
16188,15.58915559432933
16189,15.58915559432933
16190,15.58915559432933
16191,15.58915559432933
16192,15.58915559432933
16193,15.58915559432933
16194,15.58915559432933
16195,15.58915559432933
16196,15.58915559432933
16197,15.58915559432933
16198,15.58915559432933
16199,15.58915559432933
16200,15.58915559432933
16201,15.58915559432933
16202,15.58915559432933
16203,15.58915559432933
16204,15.58915559432933
16205,15.58915559432933
16206,15.58915559432933
16207,15.58915559432933
16208,15.58915559432933
16209,15.58915559432933
16210,15.58915559432933
16211,15.58915559432933
16212,15.58915559432933
16213,15.58915559432933
16214,15.58915559432933
16215,15.58915559432933
16216,15.58915559432933
16217,15.58915559432933
16218,15.58915559432933
16219,15.58915559432933
16220,15.58915559432933
16221,15.58915559432933
16222,15.58915559432933
16223,15.58915559432933
16224,15.58915559432933
16225,15.58915559432933
16226,15.58915559432933
16227,15.58915559432933
16228,15.58915559432933
16229,15.58915559432933
16230,15.58915559432933
16231,15.58915559432933
16232,15.58915559432933
16233,15.58915559432933
16234,15.58915559432933
16235,15.58915559432933
16236,15.58915559432933
16237,15.58915559432933
16238,15.58915559432933
16239,15.58915559432933
16240,15.58915559432933
16241,15.58915559432933
16242,15.58915559432933
16243,15.58915559432933
16244,15.58915559432933
16245,15.58915559432933
16246,15.58915559432933
16247,15.58915559432933
16248,15.58915559432933
16249,15.58915559432933
16250,15.58915559432933
16251,15.58915559432933
16252,15.58915559432933
16253,15.58915559432933
16254,15.58915559432933
16255,15.58915559432933
16256,15.58915559432933
16257,15.58915559432933
16258,15.58915559432933
16259,15.58915559432933
16260,15.58915559432933
16261,15.58915559432933
16262,15.58915559432933
16263,15.58915559432933
16264,15.58915559432933
16265,15.58915559432933
16266,15.58915559432933
16267,15.58915559432933
16268,15.58915559432933
16269,15.58915559432933
16270,15.58915559432933
16271,15.58915559432933
16272,15.58915559432933
16273,15.58915559432933
16274,15.58915559432933
16275,15.58915559432933
16276,15.58915559432933
16277,15.58915559432933
16278,15.58915559432933
16279,15.58915559432933
16280,15.58915559432933
16281,15.58915559432933
16282,15.58915559432933
16283,15.58915559432933
16284,15.58915559432933
16285,15.58915559432933
16286,15.58915559432933
16287,15.58915559432933
16288,15.58915559432933
16289,15.58915559432933
16290,15.58915559432933
16291,15.58915559432933
16292,15.58915559432933
16293,15.58915559432933
16294,15.58915559432933
16295,15.58915559432933
16296,15.58915559432933
16297,15.58915559432933
16298,15.58915559432933
16299,15.58915559432933
16300,15.58915559432933
16301,15.58915559432933
16302,15.58915559432933
16303,15.58915559432933
16304,15.58915559432933
16305,15.58915559432933
16306,15.58915559432933
16307,15.58915559432933
16308,15.58915559432933
16309,15.58915559432933
16310,15.58915559432933
16311,15.58915559432933
16312,15.58915559432933
16313,15.58915559432933
16314,15.58915559432933
16315,15.58915559432933
16316,15.58915559432933
16317,15.58915559432933
16318,15.58915559432933
16319,15.58915559432933
16320,15.58915559432933
16321,15.58915559432933
16322,15.58915559432933
16323,15.58915559432933
16324,15.58915559432933
16325,15.58915559432933
16326,15.58915559432933
16327,15.58915559432933
16328,15.58915559432933
16329,15.58915559432933
16330,15.58915559432933
16331,15.58915559432933
16332,15.58915559432933
16333,15.58915559432933
16334,15.58915559432933
16335,15.58915559432933
16336,15.58915559432933
16337,15.58915559432933
16338,15.58915559432933
16339,15.58915559432933
16340,15.58915559432933
16341,15.58915559432933
16342,15.58915559432933
16343,15.58915559432933
16344,15.58915559432933
16345,15.58915559432933
16346,15.58915559432933
16347,15.58915559432933
16348,15.58915559432933
16349,15.58915559432933
16350,15.58915559432933
16351,15.58915559432933
16352,15.58915559432933
16353,15.58915559432933
16354,15.58915559432933
16355,15.58915559432933
16356,15.58915559432933
16357,15.58915559432933
16358,15.58915559432933
16359,15.58915559432933
16360,15.58915559432933
16361,15.58915559432933
16362,15.58915559432933
16363,15.58915559432933
16364,15.58915559432933
16365,15.58915559432933
16366,15.58915559432933
16367,15.58915559432933
16368,15.58915559432933
16369,15.58915559432933
16370,15.58915559432933
16371,15.58915559432933
16372,15.58915559432933
16373,15.58915559432933
16374,15.58915559432933
16375,15.58915559432933
16376,15.58915559432933
16377,15.58915559432933
16378,15.58915559432933
16379,15.58915559432933
16380,15.58915559432933
16381,15.58915559432933
16382,15.58915559432933
16383,15.58915559432933
16384,15.58915559432933
16385,15.58915559432933
16386,15.58915559432933
16387,15.58915559432933
16388,15.58915559432933
16389,15.58915559432933
16390,15.58915559432933
16391,15.58915559432933
16392,15.58915559432933
16393,15.58915559432933
16394,15.58915559432933
16395,15.58915559432933
16396,15.58915559432933
16397,15.58915559432933
16398,15.58915559432933
16399,15.58915559432933
16400,15.58915559432933
16401,15.58915559432933
16402,15.58915559432933
16403,15.58915559432933
16404,15.58915559432933
16405,15.58915559432933
16406,15.58915559432933
16407,15.58915559432933
16408,15.58915559432933
16409,15.58915559432933
16410,15.58915559432933
16411,15.58915559432933
16412,15.58915559432933
16413,15.58915559432933
16414,15.58915559432933
16415,15.58915559432933
16416,15.58915559432933
16417,15.58915559432933
16418,15.58915559432933
16419,15.58915559432933
16420,15.58915559432933
16421,15.58915559432933
16422,15.58915559432933
16423,15.58915559432933
16424,15.58915559432933
16425,15.58915559432933
16426,15.58915559432933
16427,15.58915559432933
16428,15.58915559432933
16429,15.58915559432933
16430,15.58915559432933
16431,15.58915559432933
16432,15.58915559432933
16433,15.58915559432933
16434,15.58915559432933
16435,15.58915559432933
16436,15.58915559432933
16437,15.58915559432933
16438,15.58915559432933
16439,15.58915559432933
16440,15.58915559432933
16441,15.58915559432933
16442,15.58915559432933
16443,15.58915559432933
16444,15.58915559432933
16445,15.58915559432933
16446,15.58915559432933
16447,15.58915559432933
16448,15.58915559432933
16449,15.58915559432933
16450,15.58915559432933
16451,15.58915559432933
16452,15.58915559432933
16453,15.58915559432933
16454,15.58915559432933
16455,15.58915559432933
16456,15.58915559432933
16457,15.58915559432933
16458,15.58915559432933
16459,15.58915559432933
16460,15.58915559432933
16461,15.58915559432933
16462,15.58915559432933
16463,15.58915559432933
16464,15.58915559432933
16465,15.58915559432933
16466,15.58915559432933
16467,15.58915559432933
16468,15.58915559432933
16469,15.58915559432933
16470,15.58915559432933
16471,15.58915559432933
16472,15.58915559432933
16473,15.58915559432933
16474,15.58915559432933
16475,15.58915559432933
16476,15.58915559432933
16477,15.58915559432933
16478,15.58915559432933
16479,15.58915559432933
16480,15.58915559432933
16481,15.58915559432933
16482,15.58915559432933
16483,15.58915559432933
16484,15.58915559432933
16485,15.58915559432933
16486,15.58915559432933
16487,15.58915559432933
16488,15.58915559432933
16489,15.58915559432933
16490,15.58915559432933
16491,15.58915559432933
16492,15.58915559432933
16493,15.58915559432933
16494,15.58915559432933
16495,15.58915559432933
16496,15.58915559432933
16497,15.58915559432933
16498,15.58915559432933
16499,15.58915559432933
16500,15.58915559432933
16501,15.58915559432933
16502,15.58915559432933
16503,15.58915559432933
16504,15.58915559432933
16505,15.58915559432933
16506,15.58915559432933
16507,15.58915559432933
16508,15.58915559432933
16509,15.58915559432933
16510,15.58915559432933
16511,15.58915559432933
16512,15.58915559432933
16513,15.58915559432933
16514,15.58915559432933
16515,15.58915559432933
16516,15.58915559432933
16517,15.58915559432933
16518,15.58915559432933
16519,15.58915559432933
16520,15.58915559432933
16521,15.58915559432933
16522,15.58915559432933
16523,15.58915559432933
16524,15.58915559432933
16525,15.58915559432933
16526,15.58915559432933
16527,15.58915559432933
16528,15.58915559432933
16529,15.58915559432933
16530,15.58915559432933
16531,15.58915559432933
16532,15.58915559432933
16533,15.58915559432933
16534,15.58915559432933
16535,15.58915559432933
16536,15.58915559432933
16537,15.58915559432933
16538,15.58915559432933
16539,15.58915559432933
16540,15.58915559432933
16541,15.58915559432933
16542,15.58915559432933
16543,15.58915559432933
16544,15.58915559432933
16545,15.58915559432933
16546,15.58915559432933
16547,15.58915559432933
16548,15.58915559432933
16549,15.58915559432933
16550,15.58915559432933
16551,15.58915559432933
16552,15.58915559432933
16553,15.58915559432933
16554,15.58915559432933
16555,15.58915559432933
16556,15.58915559432933
16557,15.58915559432933
16558,15.58915559432933
16559,15.58915559432933
16560,15.58915559432933
16561,15.58915559432933
16562,15.58915559432933
16563,15.58915559432933
16564,15.58915559432933
16565,15.58915559432933
16566,15.58915559432933
16567,15.58915559432933
16568,15.58915559432933
16569,15.58915559432933
16570,15.58915559432933
16571,15.58915559432933
16572,15.58915559432933
16573,15.58915559432933
16574,15.58915559432933
16575,15.58915559432933
16576,15.58915559432933
16577,15.58915559432933
16578,15.58915559432933
16579,15.58915559432933
16580,15.58915559432933
16581,15.58915559432933
16582,15.58915559432933
16583,15.58915559432933
16584,15.58915559432933
16585,15.58915559432933
16586,15.58915559432933
16587,15.58915559432933
16588,15.58915559432933
16589,15.58915559432933
16590,15.58915559432933
16591,15.58915559432933
16592,15.58915559432933
16593,15.58915559432933
16594,15.58915559432933
16595,15.58915559432933
16596,15.58915559432933
16597,15.58915559432933
16598,15.58915559432933
16599,15.58915559432933
16600,15.58915559432933
16601,15.58915559432933
16602,15.58915559432933
16603,15.58915559432933
16604,15.58915559432933
16605,15.58915559432933
16606,15.58915559432933
16607,15.58915559432933
16608,15.58915559432933
16609,15.58915559432933
16610,15.58915559432933
16611,15.58915559432933
16612,15.58915559432933
16613,15.58915559432933
16614,15.58915559432933
16615,15.58915559432933
16616,15.58915559432933
16617,15.58915559432933
16618,15.58915559432933
16619,15.58915559432933
16620,15.58915559432933
16621,15.58915559432933
16622,15.58915559432933
16623,15.58915559432933
16624,15.58915559432933
16625,15.58915559432933
16626,15.58915559432933
16627,15.58915559432933
16628,15.58915559432933
16629,15.58915559432933
16630,15.58915559432933
16631,15.58915559432933
16632,15.58915559432933
16633,15.58915559432933
16634,15.58915559432933
16635,15.58915559432933
16636,15.58915559432933
16637,15.58915559432933
16638,15.58915559432933
16639,15.58915559432933
16640,15.58915559432933
16641,15.58915559432933
16642,15.58915559432933
16643,15.58915559432933
16644,15.58915559432933
16645,15.58915559432933
16646,15.58915559432933
16647,15.58915559432933
16648,15.58915559432933
16649,15.58915559432933
16650,15.58915559432933
16651,15.58915559432933
16652,15.58915559432933
16653,15.58915559432933
16654,15.58915559432933
16655,15.58915559432933
16656,15.58915559432933
16657,15.58915559432933
16658,15.58915559432933
16659,15.58915559432933
16660,15.58915559432933
16661,15.58915559432933
16662,15.58915559432933
16663,15.58915559432933
16664,15.58915559432933
16665,15.58915559432933
16666,15.58915559432933
16667,15.58915559432933
16668,15.58915559432933
16669,15.58915559432933
16670,15.58915559432933
16671,15.58915559432933
16672,15.58915559432933
16673,15.58915559432933
16674,15.58915559432933
16675,15.58915559432933
16676,15.58915559432933
16677,15.58915559432933
16678,15.58915559432933
16679,15.58915559432933
16680,15.58915559432933
16681,15.58915559432933
16682,15.58915559432933
16683,15.58915559432933
16684,15.58915559432933
16685,15.58915559432933
16686,15.58915559432933
16687,15.58915559432933
16688,15.58915559432933
16689,15.58915559432933
16690,15.58915559432933
16691,15.58915559432933
16692,15.58915559432933
16693,15.58915559432933
16694,15.58915559432933
16695,15.58915559432933
16696,15.58915559432933
16697,15.58915559432933
16698,15.58915559432933
16699,15.58915559432933
16700,15.58915559432933
16701,15.58915559432933
16702,15.58915559432933
16703,15.58915559432933
16704,15.58915559432933
16705,15.58915559432933
16706,15.58915559432933
16707,15.58915559432933
16708,15.58915559432933
16709,15.58915559432933
16710,15.58915559432933
16711,15.58915559432933
16712,15.58915559432933
16713,15.58915559432933
16714,15.58915559432933
16715,15.58915559432933
16716,15.58915559432933
16717,15.58915559432933
16718,15.58915559432933
16719,15.58915559432933
16720,15.58915559432933
16721,15.58915559432933
16722,15.58915559432933
16723,15.58915559432933
16724,15.58915559432933
16725,15.58915559432933
16726,15.58915559432933
16727,15.58915559432933
16728,15.58915559432933
16729,15.58915559432933
16730,15.58915559432933
16731,15.58915559432933
16732,15.58915559432933
16733,15.58915559432933
16734,15.58915559432933
16735,15.58915559432933
16736,15.58915559432933
16737,15.58915559432933
16738,15.58915559432933
16739,15.58915559432933
16740,15.58915559432933
16741,15.58915559432933
16742,15.58915559432933
16743,15.58915559432933
16744,15.58915559432933
16745,15.58915559432933
16746,15.58915559432933
16747,15.58915559432933
16748,15.58915559432933
16749,15.58915559432933
16750,15.58915559432933
16751,15.58915559432933
16752,15.58915559432933
16753,15.58915559432933
16754,15.58915559432933
16755,15.58915559432933
16756,15.58915559432933
16757,15.58915559432933
16758,15.58915559432933
16759,15.58915559432933
16760,15.58915559432933
16761,15.58915559432933
16762,15.58915559432933
16763,15.58915559432933
16764,15.58915559432933
16765,15.58915559432933
16766,15.58915559432933
16767,15.58915559432933
16768,15.58915559432933
16769,15.58915559432933
16770,15.58915559432933
16771,15.58915559432933
16772,15.58915559432933
16773,15.58915559432933
16774,15.58915559432933
16775,15.58915559432933
16776,15.58915559432933
16777,15.58915559432933
16778,15.58915559432933
16779,15.58915559432933
16780,15.58915559432933
16781,15.58915559432933
16782,15.58915559432933
16783,15.58915559432933
16784,15.58915559432933
16785,15.58915559432933
16786,15.58915559432933
16787,15.58915559432933
16788,15.58915559432933
16789,15.58915559432933
16790,15.58915559432933
16791,15.58915559432933
16792,15.58915559432933
16793,15.58915559432933
16794,15.58915559432933
16795,15.58915559432933
16796,15.58915559432933
16797,15.58915559432933
16798,15.58915559432933
16799,15.58915559432933
16800,15.58915559432933
16801,15.58915559432933
16802,15.58915559432933
16803,15.58915559432933
16804,15.58915559432933
16805,15.58915559432933
16806,15.58915559432933
16807,15.58915559432933
16808,15.58915559432933
16809,15.58915559432933
16810,15.58915559432933
16811,15.58915559432933
16812,15.58915559432933
16813,15.58915559432933
16814,15.58915559432933
16815,15.58915559432933
16816,15.58915559432933
16817,15.58915559432933
16818,15.58915559432933
16819,15.58915559432933
16820,15.58915559432933
16821,15.58915559432933
16822,15.58915559432933
16823,15.58915559432933
16824,15.58915559432933
16825,15.58915559432933
16826,15.58915559432933
16827,15.58915559432933
16828,15.58915559432933
16829,15.58915559432933
16830,15.58915559432933
16831,15.58915559432933
16832,15.58915559432933
16833,15.58915559432933
16834,15.58915559432933
16835,15.58915559432933
16836,15.58915559432933
16837,15.58915559432933
16838,15.58915559432933
16839,15.58915559432933
16840,15.58915559432933
16841,15.58915559432933
16842,15.58915559432933
16843,15.58915559432933
16844,15.58915559432933
16845,15.58915559432933
16846,15.58915559432933
16847,15.58915559432933
16848,15.58915559432933
16849,15.58915559432933
16850,15.58915559432933
16851,15.58915559432933
16852,15.58915559432933
16853,15.58915559432933
16854,15.58915559432933
16855,15.58915559432933
16856,15.58915559432933
16857,15.58915559432933
16858,15.58915559432933
16859,15.58915559432933
16860,15.58915559432933
16861,15.58915559432933
16862,15.58915559432933
16863,15.58915559432933
16864,15.58915559432933
16865,15.58915559432933
16866,15.58915559432933
16867,15.58915559432933
16868,15.58915559432933
16869,15.58915559432933
16870,15.58915559432933
16871,15.58915559432933
16872,15.58915559432933
16873,15.58915559432933
16874,15.58915559432933
16875,15.58915559432933
16876,15.58915559432933
16877,15.58915559432933
16878,15.58915559432933
16879,15.58915559432933
16880,15.58915559432933
16881,15.58915559432933
16882,15.58915559432933
16883,15.58915559432933
16884,15.58915559432933
16885,15.58915559432933
16886,15.58915559432933
16887,15.58915559432933
16888,15.58915559432933
16889,15.58915559432933
16890,15.58915559432933
16891,15.58915559432933
16892,15.58915559432933
16893,15.58915559432933
16894,15.58915559432933
16895,15.58915559432933
16896,15.58915559432933
16897,15.58915559432933
16898,15.58915559432933
16899,15.58915559432933
16900,15.58915559432933
16901,15.58915559432933
16902,15.58915559432933
16903,15.58915559432933
16904,15.58915559432933
16905,15.58915559432933
16906,15.58915559432933
16907,15.58915559432933
16908,15.58915559432933
16909,15.58915559432933
16910,15.58915559432933
16911,15.58915559432933
16912,15.58915559432933
16913,15.58915559432933
16914,15.58915559432933
16915,15.58915559432933
16916,15.58915559432933
16917,15.58915559432933
16918,15.58915559432933
16919,15.58915559432933
16920,15.58915559432933
16921,15.58915559432933
16922,15.58915559432933
16923,15.58915559432933
16924,15.58915559432933
16925,15.58915559432933
16926,15.58915559432933
16927,15.58915559432933
16928,15.58915559432933
16929,15.58915559432933
16930,15.58915559432933
16931,15.58915559432933
16932,15.58915559432933
16933,15.58915559432933
16934,15.58915559432933
16935,15.58915559432933
16936,15.58915559432933
16937,15.58915559432933
16938,15.58915559432933
16939,15.58915559432933
16940,15.58915559432933
16941,15.58915559432933
16942,15.58915559432933
16943,15.58915559432933
16944,15.58915559432933
16945,15.58915559432933
16946,15.58915559432933
16947,15.58915559432933
16948,15.58915559432933
16949,15.58915559432933
16950,15.58915559432933
16951,15.58915559432933
16952,15.58915559432933
16953,15.58915559432933
16954,15.58915559432933
16955,15.58915559432933
16956,15.58915559432933
16957,15.58915559432933
16958,15.58915559432933
16959,15.58915559432933
16960,15.58915559432933
16961,15.58915559432933
16962,15.58915559432933
16963,15.58915559432933
16964,15.58915559432933
16965,15.58915559432933
16966,15.58915559432933
16967,15.58915559432933
16968,15.58915559432933
16969,15.58915559432933
16970,15.58915559432933
16971,15.58915559432933
16972,15.58915559432933
16973,15.58915559432933
16974,15.58915559432933
16975,15.58915559432933
16976,15.58915559432933
16977,15.58915559432933
16978,15.58915559432933
16979,15.58915559432933
16980,15.58915559432933
16981,15.58915559432933
16982,15.58915559432933
16983,15.58915559432933
16984,15.58915559432933
16985,15.58915559432933
16986,15.58915559432933
16987,15.58915559432933
16988,15.58915559432933
16989,15.58915559432933
16990,15.58915559432933
16991,15.58915559432933
16992,15.58915559432933
16993,15.58915559432933
16994,15.58915559432933
16995,15.58915559432933
16996,15.58915559432933
16997,15.58915559432933
16998,15.58915559432933
16999,15.58915559432933
17000,15.58915559432933
17001,15.58915559432933
17002,15.58915559432933
17003,15.58915559432933
17004,15.58915559432933
17005,15.58915559432933
17006,15.58915559432933
17007,15.58915559432933
17008,15.58915559432933
17009,15.58915559432933
17010,15.58915559432933
17011,15.58915559432933
17012,15.58915559432933
17013,15.58915559432933
17014,15.58915559432933
17015,15.58915559432933
17016,15.58915559432933
17017,15.58915559432933
17018,15.58915559432933
17019,15.58915559432933
17020,15.58915559432933
17021,15.58915559432933
17022,15.58915559432933
17023,15.58915559432933
17024,15.58915559432933
17025,15.58915559432933
17026,15.58915559432933
17027,15.58915559432933
17028,15.58915559432933
17029,15.58915559432933
17030,15.58915559432933
17031,15.58915559432933
17032,15.58915559432933
17033,15.58915559432933
17034,15.58915559432933
17035,15.58915559432933
17036,15.58915559432933
17037,15.58915559432933
17038,15.58915559432933
17039,15.58915559432933
17040,15.58915559432933
17041,15.58915559432933
17042,15.58915559432933
17043,15.58915559432933
17044,15.58915559432933
17045,15.58915559432933
17046,15.58915559432933
17047,15.58915559432933
17048,15.58915559432933
17049,15.58915559432933
17050,15.58915559432933
17051,15.58915559432933
17052,15.58915559432933
17053,15.58915559432933
17054,15.58915559432933
17055,15.58915559432933
17056,15.58915559432933
17057,15.58915559432933
17058,15.58915559432933
17059,15.58915559432933
17060,15.58915559432933
17061,15.58915559432933
17062,15.58915559432933
17063,15.58915559432933
17064,15.58915559432933
17065,15.58915559432933
17066,15.58915559432933
17067,15.58915559432933
17068,15.58915559432933
17069,15.58915559432933
17070,15.58915559432933
17071,15.58915559432933
17072,15.58915559432933
17073,15.58915559432933
17074,15.58915559432933
17075,15.58915559432933
17076,15.58915559432933
17077,15.58915559432933
17078,15.58915559432933
17079,15.58915559432933
17080,15.58915559432933
17081,15.58915559432933
17082,15.58915559432933
17083,15.58915559432933
17084,15.58915559432933
17085,15.58915559432933
17086,15.58915559432933
17087,15.58915559432933
17088,15.58915559432933
17089,15.58915559432933
17090,15.58915559432933
17091,15.58915559432933
17092,15.58915559432933
17093,15.58915559432933
17094,15.58915559432933
17095,15.58915559432933
17096,15.58915559432933
17097,15.58915559432933
17098,15.58915559432933
17099,15.58915559432933
17100,15.58915559432933
17101,15.58915559432933
17102,15.58915559432933
17103,15.58915559432933
17104,15.58915559432933
17105,15.58915559432933
17106,15.58915559432933
17107,15.58915559432933
17108,15.58915559432933
17109,15.58915559432933
17110,15.58915559432933
17111,15.58915559432933
17112,15.58915559432933
17113,15.58915559432933
17114,15.58915559432933
17115,15.58915559432933
17116,15.58915559432933
17117,15.58915559432933
17118,15.58915559432933
17119,15.58915559432933
17120,15.58915559432933
17121,15.58915559432933
17122,15.58915559432933
17123,15.58915559432933
17124,15.58915559432933
17125,15.58915559432933
17126,15.58915559432933
17127,15.58915559432933
17128,15.58915559432933
17129,15.58915559432933
17130,15.58915559432933
17131,15.58915559432933
17132,15.58915559432933
17133,15.58915559432933
17134,15.58915559432933
17135,15.58915559432933
17136,15.58915559432933
17137,15.58915559432933
17138,15.58915559432933
17139,15.58915559432933
17140,15.58915559432933
17141,15.58915559432933
17142,15.58915559432933
17143,15.58915559432933
17144,15.58915559432933
17145,15.58915559432933
17146,15.58915559432933
17147,15.58915559432933
17148,15.58915559432933
17149,15.58915559432933
17150,15.58915559432933
17151,15.58915559432933
17152,15.58915559432933
17153,15.58915559432933
17154,15.58915559432933
17155,15.58915559432933
17156,15.58915559432933
17157,15.58915559432933
17158,15.58915559432933
17159,15.58915559432933
17160,15.58915559432933
17161,15.58915559432933
17162,15.58915559432933
17163,15.58915559432933
17164,15.58915559432933
17165,15.58915559432933
17166,15.58915559432933
17167,15.58915559432933
17168,15.58915559432933
17169,15.58915559432933
17170,15.58915559432933
17171,15.58915559432933
17172,15.58915559432933
17173,15.58915559432933
17174,15.58915559432933
17175,15.58915559432933
17176,15.58915559432933
17177,15.58915559432933
17178,15.58915559432933
17179,15.58915559432933
17180,15.58915559432933
17181,15.58915559432933
17182,15.58915559432933
17183,15.58915559432933
17184,15.58915559432933
17185,15.58915559432933
17186,15.58915559432933
17187,15.58915559432933
17188,15.58915559432933
17189,15.58915559432933
17190,15.58915559432933
17191,15.58915559432933
17192,15.58915559432933
17193,15.58915559432933
17194,15.58915559432933
17195,15.58915559432933
17196,15.58915559432933
17197,15.58915559432933
17198,15.58915559432933
17199,15.58915559432933
17200,15.58915559432933
17201,15.58915559432933
17202,15.58915559432933
17203,15.58915559432933
17204,15.58915559432933
17205,15.58915559432933
17206,15.58915559432933
17207,15.58915559432933
17208,15.58915559432933
17209,15.58915559432933
17210,15.58915559432933
17211,15.58915559432933
17212,15.58915559432933
17213,15.58915559432933
17214,15.58915559432933
17215,15.58915559432933
17216,15.58915559432933
17217,15.58915559432933
17218,15.58915559432933
17219,15.58915559432933
17220,15.58915559432933
17221,15.58915559432933
17222,15.58915559432933
17223,15.58915559432933
17224,15.58915559432933
17225,15.58915559432933
17226,15.58915559432933
17227,15.58915559432933
17228,15.58915559432933
17229,15.58915559432933
17230,15.58915559432933
17231,15.58915559432933
17232,15.58915559432933
17233,15.58915559432933
17234,15.58915559432933
17235,15.58915559432933
17236,15.58915559432933
17237,15.58915559432933
17238,15.58915559432933
17239,15.58915559432933
17240,15.58915559432933
17241,15.58915559432933
17242,15.58915559432933
17243,15.58915559432933
17244,15.58915559432933
17245,15.58915559432933
17246,15.58915559432933
17247,15.58915559432933
17248,15.58915559432933
17249,15.58915559432933
17250,15.58915559432933
17251,15.58915559432933
17252,15.58915559432933
17253,15.58915559432933
17254,15.58915559432933
17255,15.58915559432933
17256,15.58915559432933
17257,15.58915559432933
17258,15.58915559432933
17259,15.58915559432933
17260,15.58915559432933
17261,15.58915559432933
17262,15.58915559432933
17263,15.58915559432933
17264,15.58915559432933
17265,15.58915559432933
17266,15.58915559432933
17267,15.58915559432933
17268,15.58915559432933
17269,15.58915559432933
17270,15.58915559432933
17271,15.58915559432933
17272,15.58915559432933
17273,15.58915559432933
17274,15.58915559432933
17275,15.58915559432933
17276,15.58915559432933
17277,15.58915559432933
17278,15.58915559432933
17279,15.58915559432933
17280,15.58915559432933
17281,15.58915559432933
17282,15.58915559432933
17283,15.58915559432933
17284,15.58915559432933
17285,15.58915559432933
17286,15.58915559432933
17287,15.58915559432933
17288,15.58915559432933
17289,15.58915559432933
17290,15.58915559432933
17291,15.58915559432933
17292,15.58915559432933
17293,15.58915559432933
17294,15.58915559432933
17295,15.58915559432933
17296,15.58915559432933
17297,15.58915559432933
17298,15.58915559432933
17299,15.58915559432933
17300,15.58915559432933
17301,15.58915559432933
17302,15.58915559432933
17303,15.58915559432933
17304,15.58915559432933
17305,15.58915559432933
17306,15.58915559432933
17307,15.58915559432933
17308,15.58915559432933
17309,15.58915559432933
17310,15.58915559432933
17311,15.58915559432933
17312,15.58915559432933
17313,15.58915559432933
17314,15.58915559432933
17315,15.58915559432933
17316,15.58915559432933
17317,15.58915559432933
17318,15.58915559432933
17319,15.58915559432933
17320,15.58915559432933
17321,15.58915559432933
17322,15.58915559432933
17323,15.58915559432933
17324,15.58915559432933
17325,15.58915559432933
17326,15.58915559432933
17327,15.58915559432933
17328,15.58915559432933
17329,15.58915559432933
17330,15.58915559432933
17331,15.58915559432933
17332,15.58915559432933
17333,15.58915559432933
17334,15.58915559432933
17335,15.58915559432933
17336,15.58915559432933
17337,15.58915559432933
17338,15.58915559432933
17339,15.58915559432933
17340,15.58915559432933
17341,15.58915559432933
17342,15.58915559432933
17343,15.58915559432933
17344,15.58915559432933
17345,15.58915559432933
17346,15.58915559432933
17347,15.58915559432933
17348,15.58915559432933
17349,15.58915559432933
17350,15.58915559432933
17351,15.58915559432933
17352,15.58915559432933
17353,15.58915559432933
17354,15.58915559432933
17355,15.58915559432933
17356,15.58915559432933
17357,15.58915559432933
17358,15.58915559432933
17359,15.58915559432933
17360,15.58915559432933
17361,15.58915559432933
17362,15.58915559432933
17363,15.58915559432933
17364,15.58915559432933
17365,15.58915559432933
17366,15.58915559432933
17367,15.58915559432933
17368,15.58915559432933
17369,15.58915559432933
17370,15.58915559432933
17371,15.58915559432933
17372,15.58915559432933
17373,15.58915559432933
17374,15.58915559432933
17375,15.58915559432933
17376,15.58915559432933
17377,15.58915559432933
17378,15.58915559432933
17379,15.58915559432933
17380,15.58915559432933
17381,15.58915559432933
17382,15.58915559432933
17383,15.58915559432933
17384,15.58915559432933
17385,15.58915559432933
17386,15.58915559432933
17387,15.58915559432933
17388,15.58915559432933
17389,15.58915559432933
17390,15.58915559432933
17391,15.58915559432933
17392,15.58915559432933
17393,15.58915559432933
17394,15.58915559432933
17395,15.58915559432933
17396,15.58915559432933
17397,15.58915559432933
17398,15.58915559432933
17399,15.58915559432933
17400,15.58915559432933
17401,15.58915559432933
17402,15.58915559432933
17403,15.58915559432933
17404,15.58915559432933
17405,15.58915559432933
17406,15.58915559432933
17407,15.58915559432933
17408,15.58915559432933
17409,15.58915559432933
17410,15.58915559432933
17411,15.58915559432933
17412,15.58915559432933
17413,15.58915559432933
17414,15.58915559432933
17415,15.58915559432933
17416,15.58915559432933
17417,15.58915559432933
17418,15.58915559432933
17419,15.58915559432933
17420,15.58915559432933
17421,15.58915559432933
17422,15.58915559432933
17423,15.58915559432933
17424,15.58915559432933
17425,15.58915559432933
17426,15.58915559432933
17427,15.58915559432933
17428,15.58915559432933
17429,15.58915559432933
17430,15.58915559432933
17431,15.58915559432933
17432,15.58915559432933
17433,15.58915559432933
17434,15.58915559432933
17435,15.58915559432933
17436,15.58915559432933
17437,15.58915559432933
17438,15.58915559432933
17439,15.58915559432933
17440,15.58915559432933
17441,15.58915559432933
17442,15.58915559432933
17443,15.58915559432933
17444,15.58915559432933
17445,15.58915559432933
17446,15.58915559432933
17447,15.58915559432933
17448,15.58915559432933
17449,15.58915559432933
17450,15.58915559432933
17451,15.58915559432933
17452,15.58915559432933
17453,15.58915559432933
17454,15.58915559432933
17455,15.58915559432933
17456,15.58915559432933
17457,15.58915559432933
17458,15.58915559432933
17459,15.58915559432933
17460,15.58915559432933
17461,15.58915559432933
17462,15.58915559432933
17463,15.58915559432933
17464,15.58915559432933
17465,15.58915559432933
17466,15.58915559432933
17467,15.58915559432933
17468,15.58915559432933
17469,15.58915559432933
17470,15.58915559432933
17471,15.58915559432933
17472,15.58915559432933
17473,15.58915559432933
17474,15.58915559432933
17475,15.58915559432933
17476,15.58915559432933
17477,15.58915559432933
17478,15.58915559432933
17479,15.58915559432933
17480,15.58915559432933
17481,15.58915559432933
17482,15.58915559432933
17483,15.58915559432933
17484,15.58915559432933
17485,15.58915559432933
17486,15.58915559432933
17487,15.58915559432933
17488,15.58915559432933
17489,15.58915559432933
17490,15.58915559432933
17491,15.58915559432933
17492,15.58915559432933
17493,15.58915559432933
17494,15.58915559432933
17495,15.58915559432933
17496,15.58915559432933
17497,15.58915559432933
17498,15.58915559432933
17499,15.58915559432933
17500,15.58915559432933
17501,15.58915559432933
17502,15.58915559432933
17503,15.58915559432933
17504,15.58915559432933
17505,15.58915559432933
17506,15.58915559432933
17507,15.58915559432933
17508,15.58915559432933
17509,15.58915559432933
17510,15.58915559432933
17511,15.58915559432933
17512,15.58915559432933
17513,15.58915559432933
17514,15.58915559432933
17515,15.58915559432933
17516,15.58915559432933
17517,15.58915559432933
17518,15.58915559432933
17519,15.58915559432933
17520,15.58915559432933
17521,15.58915559432933
17522,15.58915559432933
17523,15.58915559432933
17524,15.58915559432933
17525,15.58915559432933
17526,15.58915559432933
17527,15.58915559432933
17528,15.58915559432933
17529,15.58915559432933
17530,15.58915559432933
17531,15.58915559432933
17532,15.58915559432933
17533,15.58915559432933
17534,15.58915559432933
17535,15.58915559432933
17536,15.58915559432933
17537,15.58915559432933
17538,15.58915559432933
17539,15.58915559432933
17540,15.58915559432933
17541,15.58915559432933
17542,15.58915559432933
17543,15.58915559432933
17544,15.58915559432933
17545,15.58915559432933
17546,15.58915559432933
17547,15.58915559432933
17548,15.58915559432933
17549,15.58915559432933
17550,15.58915559432933
17551,15.58915559432933
17552,15.58915559432933
17553,15.58915559432933
17554,15.58915559432933
17555,15.58915559432933
17556,15.58915559432933
17557,15.58915559432933
17558,15.58915559432933
17559,15.58915559432933
17560,15.58915559432933
17561,15.58915559432933
17562,15.58915559432933
17563,15.58915559432933
17564,15.58915559432933
17565,15.58915559432933
17566,15.58915559432933
17567,15.58915559432933
17568,15.58915559432933
17569,15.58915559432933
17570,15.58915559432933
17571,15.58915559432933
17572,15.58915559432933
17573,15.58915559432933
17574,15.58915559432933
17575,15.58915559432933
17576,15.58915559432933
17577,15.58915559432933
17578,15.58915559432933
17579,15.58915559432933
17580,15.58915559432933
17581,15.58915559432933
17582,15.58915559432933
17583,15.58915559432933
17584,15.58915559432933
17585,15.58915559432933
17586,15.58915559432933
17587,15.58915559432933
17588,15.58915559432933
17589,15.58915559432933
17590,15.58915559432933
17591,15.58915559432933
17592,15.58915559432933
17593,15.58915559432933
17594,15.58915559432933
17595,15.58915559432933
17596,15.58915559432933
17597,15.58915559432933
17598,15.58915559432933
17599,15.58915559432933
17600,15.58915559432933
17601,15.58915559432933
17602,15.58915559432933
17603,15.58915559432933
17604,15.58915559432933
17605,15.58915559432933
17606,15.58915559432933
17607,15.58915559432933
17608,15.58915559432933
17609,15.58915559432933
17610,15.58915559432933
17611,15.58915559432933
17612,15.58915559432933
17613,15.58915559432933
17614,15.58915559432933
17615,15.58915559432933
17616,15.58915559432933
17617,15.58915559432933
17618,15.58915559432933
17619,15.58915559432933
17620,15.58915559432933
17621,15.58915559432933
17622,15.58915559432933
17623,15.58915559432933
17624,15.58915559432933
17625,15.58915559432933
17626,15.58915559432933
17627,15.58915559432933
17628,15.58915559432933
17629,15.58915559432933
17630,15.58915559432933
17631,15.58915559432933
17632,15.58915559432933
17633,15.58915559432933
17634,15.58915559432933
17635,15.58915559432933
17636,15.58915559432933
17637,15.58915559432933
17638,15.58915559432933
17639,15.58915559432933
17640,15.58915559432933
17641,15.58915559432933
17642,15.58915559432933
17643,15.58915559432933
17644,15.58915559432933
17645,15.58915559432933
17646,15.58915559432933
17647,15.58915559432933
17648,15.58915559432933
17649,15.58915559432933
17650,15.58915559432933
17651,15.58915559432933
17652,15.58915559432933
17653,15.58915559432933
17654,15.58915559432933
17655,15.58915559432933
17656,15.58915559432933
17657,15.58915559432933
17658,15.58915559432933
17659,15.58915559432933
17660,15.58915559432933
17661,15.58915559432933
17662,15.58915559432933
17663,15.58915559432933
17664,15.58915559432933
17665,15.58915559432933
17666,15.58915559432933
17667,15.58915559432933
17668,15.58915559432933
17669,15.58915559432933
17670,15.58915559432933
17671,15.58915559432933
17672,15.58915559432933
17673,15.58915559432933
17674,15.58915559432933
17675,15.58915559432933
17676,15.58915559432933
17677,15.58915559432933
17678,15.58915559432933
17679,15.58915559432933
17680,15.58915559432933
17681,15.58915559432933
17682,15.58915559432933
17683,15.58915559432933
17684,15.58915559432933
17685,15.58915559432933
17686,15.58915559432933
17687,15.58915559432933
17688,15.58915559432933
17689,15.58915559432933
17690,15.58915559432933
17691,15.58915559432933
17692,15.58915559432933
17693,15.58915559432933
17694,15.58915559432933
17695,15.58915559432933
17696,15.58915559432933
17697,15.58915559432933
17698,15.58915559432933
17699,15.58915559432933
17700,15.58915559432933
17701,15.58915559432933
17702,15.58915559432933
17703,15.58915559432933
17704,15.58915559432933
17705,15.58915559432933
17706,15.58915559432933
17707,15.58915559432933
17708,15.58915559432933
17709,15.58915559432933
17710,15.58915559432933
17711,15.58915559432933
17712,15.58915559432933
17713,15.58915559432933
17714,15.58915559432933
17715,15.58915559432933
17716,15.58915559432933
17717,15.58915559432933
17718,15.58915559432933
17719,15.58915559432933
17720,15.58915559432933
17721,15.58915559432933
17722,15.58915559432933
17723,15.58915559432933
17724,15.58915559432933
17725,15.58915559432933
17726,15.58915559432933
17727,15.58915559432933
17728,15.58915559432933
17729,15.58915559432933
17730,15.58915559432933
17731,15.58915559432933
17732,15.58915559432933
17733,15.58915559432933
17734,15.58915559432933
17735,15.58915559432933
17736,15.58915559432933
17737,15.58915559432933
17738,15.58915559432933
17739,15.58915559432933
17740,15.58915559432933
17741,15.58915559432933
17742,15.58915559432933
17743,15.58915559432933
17744,15.58915559432933
17745,15.58915559432933
17746,15.58915559432933
17747,15.58915559432933
17748,15.58915559432933
17749,15.58915559432933
17750,15.58915559432933
17751,15.58915559432933
17752,15.58915559432933
17753,15.58915559432933
17754,15.58915559432933
17755,15.58915559432933
17756,15.58915559432933
17757,15.58915559432933
17758,15.58915559432933
17759,15.58915559432933
17760,15.58915559432933
17761,15.58915559432933
17762,15.58915559432933
17763,15.58915559432933
17764,15.58915559432933
17765,15.58915559432933
17766,15.58915559432933
17767,15.58915559432933
17768,15.58915559432933
17769,15.58915559432933
17770,15.58915559432933
17771,15.58915559432933
17772,15.58915559432933
17773,15.58915559432933
17774,15.58915559432933
17775,15.58915559432933
17776,15.58915559432933
17777,15.58915559432933
17778,15.58915559432933
17779,15.58915559432933
17780,15.58915559432933
17781,15.58915559432933
17782,15.58915559432933
17783,15.58915559432933
17784,15.58915559432933
17785,15.58915559432933
17786,15.58915559432933
17787,15.58915559432933
17788,15.58915559432933
17789,15.58915559432933
17790,15.58915559432933
17791,15.58915559432933
17792,15.58915559432933
17793,15.58915559432933
17794,15.58915559432933
17795,15.58915559432933
17796,15.58915559432933
17797,15.58915559432933
17798,15.58915559432933
17799,15.58915559432933
17800,15.58915559432933
17801,15.58915559432933
17802,15.58915559432933
17803,15.58915559432933
17804,15.58915559432933
17805,15.58915559432933
17806,15.58915559432933
17807,15.58915559432933
17808,15.58915559432933
17809,15.58915559432933
17810,15.58915559432933
17811,15.58915559432933
17812,15.58915559432933
17813,15.58915559432933
17814,15.58915559432933
17815,15.58915559432933
17816,15.58915559432933
17817,15.58915559432933
17818,15.58915559432933
17819,15.58915559432933
17820,15.58915559432933
17821,15.58915559432933
17822,15.58915559432933
17823,15.58915559432933
17824,15.58915559432933
17825,15.58915559432933
17826,15.58915559432933
17827,15.58915559432933
17828,15.58915559432933
17829,15.58915559432933
17830,15.58915559432933
17831,15.58915559432933
17832,15.58915559432933
17833,15.58915559432933
17834,15.58915559432933
17835,15.58915559432933
17836,15.58915559432933
17837,15.58915559432933
17838,15.58915559432933
17839,15.58915559432933
17840,15.58915559432933
17841,15.58915559432933
17842,15.58915559432933
17843,15.58915559432933
17844,15.58915559432933
17845,15.58915559432933
17846,15.58915559432933
17847,15.58915559432933
17848,15.58915559432933
17849,15.58915559432933
17850,15.58915559432933
17851,15.58915559432933
17852,15.58915559432933
17853,15.58915559432933
17854,15.58915559432933
17855,15.58915559432933
17856,15.58915559432933
17857,15.58915559432933
17858,15.58915559432933
17859,15.58915559432933
17860,15.58915559432933
17861,15.58915559432933
17862,15.58915559432933
17863,15.58915559432933
17864,15.58915559432933
17865,15.58915559432933
17866,15.58915559432933
17867,15.58915559432933
17868,15.58915559432933
17869,15.58915559432933
17870,15.58915559432933
17871,15.58915559432933
17872,15.58915559432933
17873,15.58915559432933
17874,15.58915559432933
17875,15.58915559432933
17876,15.58915559432933
17877,15.58915559432933
17878,15.58915559432933
17879,15.58915559432933
17880,15.58915559432933
17881,15.58915559432933
17882,15.58915559432933
17883,15.58915559432933
17884,15.58915559432933
17885,15.58915559432933
17886,15.58915559432933
17887,15.58915559432933
17888,15.58915559432933
17889,15.58915559432933
17890,15.58915559432933
17891,15.58915559432933
17892,15.58915559432933
17893,15.58915559432933
17894,15.58915559432933
17895,15.58915559432933
17896,15.58915559432933
17897,15.58915559432933
17898,15.58915559432933
17899,15.58915559432933
17900,15.58915559432933
17901,15.58915559432933
17902,15.58915559432933
17903,15.58915559432933
17904,15.58915559432933
17905,15.58915559432933
17906,15.58915559432933
17907,15.58915559432933
17908,15.58915559432933
17909,15.58915559432933
17910,15.58915559432933
17911,15.58915559432933
17912,15.58915559432933
17913,15.58915559432933
17914,15.58915559432933
17915,15.58915559432933
17916,15.58915559432933
17917,15.58915559432933
17918,15.58915559432933
17919,15.58915559432933
17920,15.58915559432933
17921,15.58915559432933
17922,15.58915559432933
17923,15.58915559432933
17924,15.58915559432933
17925,15.58915559432933
17926,15.58915559432933
17927,15.58915559432933
17928,15.58915559432933
17929,15.58915559432933
17930,15.58915559432933
17931,15.58915559432933
17932,15.58915559432933
17933,15.58915559432933
17934,15.58915559432933
17935,15.58915559432933
17936,15.58915559432933
17937,15.58915559432933
17938,15.58915559432933
17939,15.58915559432933
17940,15.58915559432933
17941,15.58915559432933
17942,15.58915559432933
17943,15.58915559432933
17944,15.58915559432933
17945,15.58915559432933
17946,15.58915559432933
17947,15.58915559432933
17948,15.58915559432933
17949,15.58915559432933
17950,15.58915559432933
17951,15.58915559432933
17952,15.58915559432933
17953,15.58915559432933
17954,15.58915559432933
17955,15.58915559432933
17956,15.58915559432933
17957,15.58915559432933
17958,15.58915559432933
17959,15.58915559432933
17960,15.58915559432933
17961,15.58915559432933
17962,15.58915559432933
17963,15.58915559432933
17964,15.58915559432933
17965,15.58915559432933
17966,15.58915559432933
17967,15.58915559432933
17968,15.58915559432933
17969,15.58915559432933
17970,15.58915559432933
17971,15.58915559432933
17972,15.58915559432933
17973,15.58915559432933
17974,15.58915559432933
17975,15.58915559432933
17976,15.58915559432933
17977,15.58915559432933
17978,15.58915559432933
17979,15.58915559432933
17980,15.58915559432933
17981,15.58915559432933
17982,15.58915559432933
17983,15.58915559432933
17984,15.58915559432933
17985,15.58915559432933
17986,15.58915559432933
17987,15.58915559432933
17988,15.58915559432933
17989,15.58915559432933
17990,15.58915559432933
17991,15.58915559432933
17992,15.58915559432933
17993,15.58915559432933
17994,15.58915559432933
17995,15.58915559432933
17996,15.58915559432933
17997,15.58915559432933
17998,15.58915559432933
17999,15.58915559432933
18000,15.58915559432933
18001,15.58915559432933
18002,15.58915559432933
18003,15.58915559432933
18004,15.58915559432933
18005,15.58915559432933
18006,15.58915559432933
18007,15.58915559432933
18008,15.58915559432933
18009,15.58915559432933
18010,15.58915559432933
18011,15.58915559432933
18012,15.58915559432933
18013,15.58915559432933
18014,15.58915559432933
18015,15.58915559432933
18016,15.58915559432933
18017,15.58915559432933
18018,15.58915559432933
18019,15.58915559432933
18020,15.58915559432933
18021,15.58915559432933
18022,15.58915559432933
18023,15.58915559432933
18024,15.58915559432933
18025,15.58915559432933
18026,15.58915559432933
18027,15.58915559432933
18028,15.58915559432933
18029,15.58915559432933
18030,15.58915559432933
18031,15.58915559432933
18032,15.58915559432933
18033,15.58915559432933
18034,15.58915559432933
18035,15.58915559432933
18036,15.58915559432933
18037,15.58915559432933
18038,15.58915559432933
18039,15.58915559432933
18040,15.58915559432933
18041,15.58915559432933
18042,15.58915559432933
18043,15.58915559432933
18044,15.58915559432933
18045,15.58915559432933
18046,15.58915559432933
18047,15.58915559432933
18048,15.58915559432933
18049,15.58915559432933
18050,15.58915559432933
18051,15.58915559432933
18052,15.58915559432933
18053,15.58915559432933
18054,15.58915559432933
18055,15.58915559432933
18056,15.58915559432933
18057,15.58915559432933
18058,15.58915559432933
18059,15.58915559432933
18060,15.58915559432933
18061,15.58915559432933
18062,15.58915559432933
18063,15.58915559432933
18064,15.58915559432933
18065,15.58915559432933
18066,15.58915559432933
18067,15.58915559432933
18068,15.58915559432933
18069,15.58915559432933
18070,15.58915559432933
18071,15.58915559432933
18072,15.58915559432933
18073,15.58915559432933
18074,15.58915559432933
18075,15.58915559432933
18076,15.58915559432933
18077,15.58915559432933
18078,15.58915559432933
18079,15.58915559432933
18080,15.58915559432933
18081,15.58915559432933
18082,15.58915559432933
18083,15.58915559432933
18084,15.58915559432933
18085,15.58915559432933
18086,15.58915559432933
18087,15.58915559432933
18088,15.58915559432933
18089,15.58915559432933
18090,15.58915559432933
18091,15.58915559432933
18092,15.58915559432933
18093,15.58915559432933
18094,15.58915559432933
18095,15.58915559432933
18096,15.58915559432933
18097,15.58915559432933
18098,15.58915559432933
18099,15.58915559432933
18100,15.58915559432933
18101,15.58915559432933
18102,15.58915559432933
18103,15.58915559432933
18104,15.58915559432933
18105,15.58915559432933
18106,15.58915559432933
18107,15.58915559432933
18108,15.58915559432933
18109,15.58915559432933
18110,15.58915559432933
18111,15.58915559432933
18112,15.58915559432933
18113,15.58915559432933
18114,15.58915559432933
18115,15.58915559432933
18116,15.58915559432933
18117,15.58915559432933
18118,15.58915559432933
18119,15.58915559432933
18120,15.58915559432933
18121,15.58915559432933
18122,15.58915559432933
18123,15.58915559432933
18124,15.58915559432933
18125,15.58915559432933
18126,15.58915559432933
18127,15.58915559432933
18128,15.58915559432933
18129,15.58915559432933
18130,15.58915559432933
18131,15.58915559432933
18132,15.58915559432933
18133,15.58915559432933
18134,15.58915559432933
18135,15.58915559432933
18136,15.58915559432933
18137,15.58915559432933
18138,15.58915559432933
18139,15.58915559432933
18140,15.58915559432933
18141,15.58915559432933
18142,15.58915559432933
18143,15.58915559432933
18144,15.58915559432933
18145,15.58915559432933
18146,15.58915559432933
18147,15.58915559432933
18148,15.58915559432933
18149,15.58915559432933
18150,15.58915559432933
18151,15.58915559432933
18152,15.58915559432933
18153,15.58915559432933
18154,15.58915559432933
18155,15.58915559432933
18156,15.58915559432933
18157,15.58915559432933
18158,15.58915559432933
18159,15.58915559432933
18160,15.58915559432933
18161,15.58915559432933
18162,15.58915559432933
18163,15.58915559432933
18164,15.58915559432933
18165,15.58915559432933
18166,15.58915559432933
18167,15.58915559432933
18168,15.58915559432933
18169,15.58915559432933
18170,15.58915559432933
18171,15.58915559432933
18172,15.58915559432933
18173,15.58915559432933
18174,15.58915559432933
18175,15.58915559432933
18176,15.58915559432933
18177,15.58915559432933
18178,15.58915559432933
18179,15.58915559432933
18180,15.58915559432933
18181,15.58915559432933
18182,15.58915559432933
18183,15.58915559432933
18184,15.58915559432933
18185,15.58915559432933
18186,15.58915559432933
18187,15.58915559432933
18188,15.58915559432933
18189,15.58915559432933
18190,15.58915559432933
18191,15.58915559432933
18192,15.58915559432933
18193,15.58915559432933
18194,15.58915559432933
18195,15.58915559432933
18196,15.58915559432933
18197,15.58915559432933
18198,15.58915559432933
18199,15.58915559432933
18200,15.58915559432933
18201,15.58915559432933
18202,15.58915559432933
18203,15.58915559432933
18204,15.58915559432933
18205,15.58915559432933
18206,15.58915559432933
18207,15.58915559432933
18208,15.58915559432933
18209,15.58915559432933
18210,15.58915559432933
18211,15.58915559432933
18212,15.58915559432933
18213,15.58915559432933
18214,15.58915559432933
18215,15.58915559432933
18216,15.58915559432933
18217,15.58915559432933
18218,15.58915559432933
18219,15.58915559432933
18220,15.58915559432933
18221,15.58915559432933
18222,15.58915559432933
18223,15.58915559432933
18224,15.58915559432933
18225,15.58915559432933
18226,15.58915559432933
18227,15.58915559432933
18228,15.58915559432933
18229,15.58915559432933
18230,15.58915559432933
18231,15.58915559432933
18232,15.58915559432933
18233,15.58915559432933
18234,15.58915559432933
18235,15.58915559432933
18236,15.58915559432933
18237,15.58915559432933
18238,15.58915559432933
18239,15.58915559432933
18240,15.58915559432933
18241,15.58915559432933
18242,15.58915559432933
18243,15.58915559432933
18244,15.58915559432933
18245,15.58915559432933
18246,15.58915559432933
18247,15.58915559432933
18248,15.58915559432933
18249,15.58915559432933
18250,15.58915559432933
18251,15.58915559432933
18252,15.58915559432933
18253,15.58915559432933
18254,15.58915559432933
18255,15.58915559432933
18256,15.58915559432933
18257,15.58915559432933
18258,15.58915559432933
18259,15.58915559432933
18260,15.58915559432933
18261,15.58915559432933
18262,15.58915559432933
18263,15.58915559432933
18264,15.58915559432933
18265,15.58915559432933
18266,15.58915559432933
18267,15.58915559432933
18268,15.58915559432933
18269,15.58915559432933
18270,15.58915559432933
18271,15.58915559432933
18272,15.58915559432933
18273,15.58915559432933
18274,15.58915559432933
18275,15.58915559432933
18276,15.58915559432933
18277,15.58915559432933
18278,15.58915559432933
18279,15.58915559432933
18280,15.58915559432933
18281,15.58915559432933
18282,15.58915559432933
18283,15.58915559432933
18284,15.58915559432933
18285,15.58915559432933
18286,15.58915559432933
18287,15.58915559432933
18288,15.58915559432933
18289,15.58915559432933
18290,15.58915559432933
18291,15.58915559432933
18292,15.58915559432933
18293,15.58915559432933
18294,15.58915559432933
18295,15.58915559432933
18296,15.58915559432933
18297,15.58915559432933
18298,15.58915559432933
18299,15.58915559432933
18300,15.58915559432933
18301,15.58915559432933
18302,15.58915559432933
18303,15.58915559432933
18304,15.58915559432933
18305,15.58915559432933
18306,15.58915559432933
18307,15.58915559432933
18308,15.58915559432933
18309,15.58915559432933
18310,15.58915559432933
18311,15.58915559432933
18312,15.58915559432933
18313,15.58915559432933
18314,15.58915559432933
18315,15.58915559432933
18316,15.58915559432933
18317,15.58915559432933
18318,15.58915559432933
18319,15.58915559432933
18320,15.58915559432933
18321,15.58915559432933
18322,15.58915559432933
18323,15.58915559432933
18324,15.58915559432933
18325,15.58915559432933
18326,15.58915559432933
18327,15.58915559432933
18328,15.58915559432933
18329,15.58915559432933
18330,15.58915559432933
18331,15.58915559432933
18332,15.58915559432933
18333,15.58915559432933
18334,15.58915559432933
18335,15.58915559432933
18336,15.58915559432933
18337,15.58915559432933
18338,15.58915559432933
18339,15.58915559432933
18340,15.58915559432933
18341,15.58915559432933
18342,15.58915559432933
18343,15.58915559432933
18344,15.58915559432933
18345,15.58915559432933
18346,15.58915559432933
18347,15.58915559432933
18348,15.58915559432933
18349,15.58915559432933
18350,15.58915559432933
18351,15.58915559432933
18352,15.58915559432933
18353,15.58915559432933
18354,15.58915559432933
18355,15.58915559432933
18356,15.58915559432933
18357,15.58915559432933
18358,15.58915559432933
18359,15.58915559432933
18360,15.58915559432933
18361,15.58915559432933
18362,15.58915559432933
18363,15.58915559432933
18364,15.58915559432933
18365,15.58915559432933
18366,15.58915559432933
18367,15.58915559432933
18368,15.58915559432933
18369,15.58915559432933
18370,15.58915559432933
18371,15.58915559432933
18372,15.58915559432933
18373,15.58915559432933
18374,15.58915559432933
18375,15.58915559432933
18376,15.58915559432933
18377,15.58915559432933
18378,15.58915559432933
18379,15.58915559432933
18380,15.58915559432933
18381,15.58915559432933
18382,15.58915559432933
18383,15.58915559432933
18384,15.58915559432933
18385,15.58915559432933
18386,15.58915559432933
18387,15.58915559432933
18388,15.58915559432933
18389,15.58915559432933
18390,15.58915559432933
18391,15.58915559432933
18392,15.58915559432933
18393,15.58915559432933
18394,15.58915559432933
18395,15.58915559432933
18396,15.58915559432933
18397,15.58915559432933
18398,15.58915559432933
18399,15.58915559432933
18400,15.58915559432933
18401,15.58915559432933
18402,15.58915559432933
18403,15.58915559432933
18404,15.58915559432933
18405,15.58915559432933
18406,15.58915559432933
18407,15.58915559432933
18408,15.58915559432933
18409,15.58915559432933
18410,15.58915559432933
18411,15.58915559432933
18412,15.58915559432933
18413,15.58915559432933
18414,15.58915559432933
18415,15.58915559432933
18416,15.58915559432933
18417,15.58915559432933
18418,15.58915559432933
18419,15.58915559432933
18420,15.58915559432933
18421,15.58915559432933
18422,15.58915559432933
18423,15.58915559432933
18424,15.58915559432933
18425,15.58915559432933
18426,15.58915559432933
18427,15.58915559432933
18428,15.58915559432933
18429,15.58915559432933
18430,15.58915559432933
18431,15.58915559432933
18432,15.58915559432933
18433,15.58915559432933
18434,15.58915559432933
18435,15.58915559432933
18436,15.58915559432933
18437,15.58915559432933
18438,15.58915559432933
18439,15.58915559432933
18440,15.58915559432933
18441,15.58915559432933
18442,15.58915559432933
18443,15.58915559432933
18444,15.58915559432933
18445,15.58915559432933
18446,15.58915559432933
18447,15.58915559432933
18448,15.58915559432933
18449,15.58915559432933
18450,15.58915559432933
18451,15.58915559432933
18452,15.58915559432933
18453,15.58915559432933
18454,15.58915559432933
18455,15.58915559432933
18456,15.58915559432933
18457,15.58915559432933
18458,15.58915559432933
18459,15.58915559432933
18460,15.58915559432933
18461,15.58915559432933
18462,15.58915559432933
18463,15.58915559432933
18464,15.58915559432933
18465,15.58915559432933
18466,15.58915559432933
18467,15.58915559432933
18468,15.58915559432933
18469,15.58915559432933
18470,15.58915559432933
18471,15.58915559432933
18472,15.58915559432933
18473,15.58915559432933
18474,15.58915559432933
18475,15.58915559432933
18476,15.58915559432933
18477,15.58915559432933
18478,15.58915559432933
18479,15.58915559432933
18480,15.58915559432933
18481,15.58915559432933
18482,15.58915559432933
18483,15.58915559432933
18484,15.58915559432933
18485,15.58915559432933
18486,15.58915559432933
18487,15.58915559432933
18488,15.58915559432933
18489,15.58915559432933
18490,15.58915559432933
18491,15.58915559432933
18492,15.58915559432933
18493,15.58915559432933
18494,15.58915559432933
18495,15.58915559432933
18496,15.58915559432933
18497,15.58915559432933
18498,15.58915559432933
18499,15.58915559432933
18500,15.58915559432933
18501,15.58915559432933
18502,15.58915559432933
18503,15.58915559432933
18504,15.58915559432933
18505,15.58915559432933
18506,15.58915559432933
18507,15.58915559432933
18508,15.58915559432933
18509,15.58915559432933
18510,15.58915559432933
18511,15.58915559432933
18512,15.58915559432933
18513,15.58915559432933
18514,15.58915559432933
18515,15.58915559432933
18516,15.58915559432933
18517,15.58915559432933
18518,15.58915559432933
18519,15.58915559432933
18520,15.58915559432933
18521,15.58915559432933
18522,15.58915559432933
18523,15.58915559432933
18524,15.58915559432933
18525,15.58915559432933
18526,15.58915559432933
18527,15.58915559432933
18528,15.58915559432933
18529,15.58915559432933
18530,15.58915559432933
18531,15.58915559432933
18532,15.58915559432933
18533,15.58915559432933
18534,15.58915559432933
18535,15.58915559432933
18536,15.58915559432933
18537,15.58915559432933
18538,15.58915559432933
18539,15.58915559432933
18540,15.58915559432933
18541,15.58915559432933
18542,15.58915559432933
18543,15.58915559432933
18544,15.58915559432933
18545,15.58915559432933
18546,15.58915559432933
18547,15.58915559432933
18548,15.58915559432933
18549,15.58915559432933
18550,15.58915559432933
18551,15.58915559432933
18552,15.58915559432933
18553,15.58915559432933
18554,15.58915559432933
18555,15.58915559432933
18556,15.58915559432933
18557,15.58915559432933
18558,15.58915559432933
18559,15.58915559432933
18560,15.58915559432933
18561,15.58915559432933
18562,15.58915559432933
18563,15.58915559432933
18564,15.58915559432933
18565,15.58915559432933
18566,15.58915559432933
18567,15.58915559432933
18568,15.58915559432933
18569,15.58915559432933
18570,15.58915559432933
18571,15.58915559432933
18572,15.58915559432933
18573,15.58915559432933
18574,15.58915559432933
18575,15.58915559432933
18576,15.58915559432933
18577,15.58915559432933
18578,15.58915559432933
18579,15.58915559432933
18580,15.58915559432933
18581,15.58915559432933
18582,15.58915559432933
18583,15.58915559432933
18584,15.58915559432933
18585,15.58915559432933
18586,15.58915559432933
18587,15.58915559432933
18588,15.58915559432933
18589,15.58915559432933
18590,15.58915559432933
18591,15.58915559432933
18592,15.58915559432933
18593,15.58915559432933
18594,15.58915559432933
18595,15.58915559432933
18596,15.58915559432933
18597,15.58915559432933
18598,15.58915559432933
18599,15.58915559432933
18600,15.58915559432933
18601,15.58915559432933
18602,15.58915559432933
18603,15.58915559432933
18604,15.58915559432933
18605,15.58915559432933
18606,15.58915559432933
18607,15.58915559432933
18608,15.58915559432933
18609,15.58915559432933
18610,15.58915559432933
18611,15.58915559432933
18612,15.58915559432933
18613,15.58915559432933
18614,15.58915559432933
18615,15.58915559432933
18616,15.58915559432933
18617,15.58915559432933
18618,15.58915559432933
18619,15.58915559432933
18620,15.58915559432933
18621,15.58915559432933
18622,15.58915559432933
18623,15.58915559432933
18624,15.58915559432933
18625,15.58915559432933
18626,15.58915559432933
18627,15.58915559432933
18628,15.58915559432933
18629,15.58915559432933
18630,15.58915559432933
18631,15.58915559432933
18632,15.58915559432933
18633,15.58915559432933
18634,15.58915559432933
18635,15.58915559432933
18636,15.58915559432933
18637,15.58915559432933
18638,15.58915559432933
18639,15.58915559432933
18640,15.58915559432933
18641,15.58915559432933
18642,15.58915559432933
18643,15.58915559432933
18644,15.58915559432933
18645,15.58915559432933
18646,15.58915559432933
18647,15.58915559432933
18648,15.58915559432933
18649,15.58915559432933
18650,15.58915559432933
18651,15.58915559432933
18652,15.58915559432933
18653,15.58915559432933
18654,15.58915559432933
18655,15.58915559432933
18656,15.58915559432933
18657,15.58915559432933
18658,15.58915559432933
18659,15.58915559432933
18660,15.58915559432933
18661,15.58915559432933
18662,15.58915559432933
18663,15.58915559432933
18664,15.58915559432933
18665,15.58915559432933
18666,15.58915559432933
18667,15.58915559432933
18668,15.58915559432933
18669,15.58915559432933
18670,15.58915559432933
18671,15.58915559432933
18672,15.58915559432933
18673,15.58915559432933
18674,15.58915559432933
18675,15.58915559432933
18676,15.58915559432933
18677,15.58915559432933
18678,15.58915559432933
18679,15.58915559432933
18680,15.58915559432933
18681,15.58915559432933
18682,15.58915559432933
18683,15.58915559432933
18684,15.58915559432933
18685,15.58915559432933
18686,15.58915559432933
18687,15.58915559432933
18688,15.58915559432933
18689,15.58915559432933
18690,15.58915559432933
18691,15.58915559432933
18692,15.58915559432933
18693,15.58915559432933
18694,15.58915559432933
18695,15.58915559432933
18696,15.58915559432933
18697,15.58915559432933
18698,15.58915559432933
18699,15.58915559432933
18700,15.58915559432933
18701,15.58915559432933
18702,15.58915559432933
18703,15.58915559432933
18704,15.58915559432933
18705,15.58915559432933
18706,15.58915559432933
18707,15.58915559432933
18708,15.58915559432933
18709,15.58915559432933
18710,15.58915559432933
18711,15.58915559432933
18712,15.58915559432933
18713,15.58915559432933
18714,15.58915559432933
18715,15.58915559432933
18716,15.58915559432933
18717,15.58915559432933
18718,15.58915559432933
18719,15.58915559432933
18720,15.58915559432933
18721,15.58915559432933
18722,15.58915559432933
18723,15.58915559432933
18724,15.58915559432933
18725,15.58915559432933
18726,15.58915559432933
18727,15.58915559432933
18728,15.58915559432933
18729,15.58915559432933
18730,15.58915559432933
18731,15.58915559432933
18732,15.58915559432933
18733,15.58915559432933
18734,15.58915559432933
18735,15.58915559432933
18736,15.58915559432933
18737,15.58915559432933
18738,15.58915559432933
18739,15.58915559432933
18740,15.58915559432933
18741,15.58915559432933
18742,15.58915559432933
18743,15.58915559432933
18744,15.58915559432933
18745,15.58915559432933
18746,15.58915559432933
18747,15.58915559432933
18748,15.58915559432933
18749,15.58915559432933
18750,15.58915559432933
18751,15.58915559432933
18752,15.58915559432933
18753,15.58915559432933
18754,15.58915559432933
18755,15.58915559432933
18756,15.58915559432933
18757,15.58915559432933
18758,15.58915559432933
18759,15.58915559432933
18760,15.58915559432933
18761,15.58915559432933
18762,15.58915559432933
18763,15.58915559432933
18764,15.58915559432933
18765,15.58915559432933
18766,15.58915559432933
18767,15.58915559432933
18768,15.58915559432933
18769,15.58915559432933
18770,15.58915559432933
18771,15.58915559432933
18772,15.58915559432933
18773,15.58915559432933
18774,15.58915559432933
18775,15.58915559432933
18776,15.58915559432933
18777,15.58915559432933
18778,15.58915559432933
18779,15.58915559432933
18780,15.58915559432933
18781,15.58915559432933
18782,15.58915559432933
18783,15.58915559432933
18784,15.58915559432933
18785,15.58915559432933
18786,15.58915559432933
18787,15.58915559432933
18788,15.58915559432933
18789,15.58915559432933
18790,15.58915559432933
18791,15.58915559432933
18792,15.58915559432933
18793,15.58915559432933
18794,15.58915559432933
18795,15.58915559432933
18796,15.58915559432933
18797,15.58915559432933
18798,15.58915559432933
18799,15.58915559432933
18800,15.58915559432933
18801,15.58915559432933
18802,15.58915559432933
18803,15.58915559432933
18804,15.58915559432933
18805,15.58915559432933
18806,15.58915559432933
18807,15.58915559432933
18808,15.58915559432933
18809,15.58915559432933
18810,15.58915559432933
18811,15.58915559432933
18812,15.58915559432933
18813,15.58915559432933
18814,15.58915559432933
18815,15.58915559432933
18816,15.58915559432933
18817,15.58915559432933
18818,15.58915559432933
18819,15.58915559432933
18820,15.58915559432933
18821,15.58915559432933
18822,15.58915559432933
18823,15.58915559432933
18824,15.58915559432933
18825,15.58915559432933
18826,15.58915559432933
18827,15.58915559432933
18828,15.58915559432933
18829,15.58915559432933
18830,15.58915559432933
18831,15.58915559432933
18832,15.58915559432933
18833,15.58915559432933
18834,15.58915559432933
18835,15.58915559432933
18836,15.58915559432933
18837,15.58915559432933
18838,15.58915559432933
18839,15.58915559432933
18840,15.58915559432933
18841,15.58915559432933
18842,15.58915559432933
18843,15.58915559432933
18844,15.58915559432933
18845,15.58915559432933
18846,15.58915559432933
18847,15.58915559432933
18848,15.58915559432933
18849,15.58915559432933
18850,15.58915559432933
18851,15.58915559432933
18852,15.58915559432933
18853,15.58915559432933
18854,15.58915559432933
18855,15.58915559432933
18856,15.58915559432933
18857,15.58915559432933
18858,15.58915559432933
18859,15.58915559432933
18860,15.58915559432933
18861,15.58915559432933
18862,15.58915559432933
18863,15.58915559432933
18864,15.58915559432933
18865,15.58915559432933
18866,15.58915559432933
18867,15.58915559432933
18868,15.58915559432933
18869,15.58915559432933
18870,15.58915559432933
18871,15.58915559432933
18872,15.58915559432933
18873,15.58915559432933
18874,15.58915559432933
18875,15.58915559432933
18876,15.58915559432933
18877,15.58915559432933
18878,15.58915559432933
18879,15.58915559432933
18880,15.58915559432933
18881,15.58915559432933
18882,15.58915559432933
18883,15.58915559432933
18884,15.58915559432933
18885,15.58915559432933
18886,15.58915559432933
18887,15.58915559432933
18888,15.58915559432933
18889,15.58915559432933
18890,15.58915559432933
18891,15.58915559432933
18892,15.58915559432933
18893,15.58915559432933
18894,15.58915559432933
18895,15.58915559432933
18896,15.58915559432933
18897,15.58915559432933
18898,15.58915559432933
18899,15.58915559432933
18900,15.58915559432933
18901,15.58915559432933
18902,15.58915559432933
18903,15.58915559432933
18904,15.58915559432933
18905,15.58915559432933
18906,15.58915559432933
18907,15.58915559432933
18908,15.58915559432933
18909,15.58915559432933
18910,15.58915559432933
18911,15.58915559432933
18912,15.58915559432933
18913,15.58915559432933
18914,15.58915559432933
18915,15.58915559432933
18916,15.58915559432933
18917,15.58915559432933
18918,15.58915559432933
18919,15.58915559432933
18920,15.58915559432933
18921,15.58915559432933
18922,15.58915559432933
18923,15.58915559432933
18924,15.58915559432933
18925,15.58915559432933
18926,15.58915559432933
18927,15.58915559432933
18928,15.58915559432933
18929,15.58915559432933
18930,15.58915559432933
18931,15.58915559432933
18932,15.58915559432933
18933,15.58915559432933
18934,15.58915559432933
18935,15.58915559432933
18936,15.58915559432933
18937,15.58915559432933
18938,15.58915559432933
18939,15.58915559432933
18940,15.58915559432933
18941,15.58915559432933
18942,15.58915559432933
18943,15.58915559432933
18944,15.58915559432933
18945,15.58915559432933
18946,15.58915559432933
18947,15.58915559432933
18948,15.58915559432933
18949,15.58915559432933
18950,15.58915559432933
18951,15.58915559432933
18952,15.58915559432933
18953,15.58915559432933
18954,15.58915559432933
18955,15.58915559432933
18956,15.58915559432933
18957,15.58915559432933
18958,15.58915559432933
18959,15.58915559432933
18960,15.58915559432933
18961,15.58915559432933
18962,15.58915559432933
18963,15.58915559432933
18964,15.58915559432933
18965,15.58915559432933
18966,15.58915559432933
18967,15.58915559432933
18968,15.58915559432933
18969,15.58915559432933
18970,15.58915559432933
18971,15.58915559432933
18972,15.58915559432933
18973,15.58915559432933
18974,15.58915559432933
18975,15.58915559432933
18976,15.58915559432933
18977,15.58915559432933
18978,15.58915559432933
18979,15.58915559432933
18980,15.58915559432933
18981,15.58915559432933
18982,15.58915559432933
18983,15.58915559432933
18984,15.58915559432933
18985,15.58915559432933
18986,15.58915559432933
18987,15.58915559432933
18988,15.58915559432933
18989,15.58915559432933
18990,15.58915559432933
18991,15.58915559432933
18992,15.58915559432933
18993,15.58915559432933
18994,15.58915559432933
18995,15.58915559432933
18996,15.58915559432933
18997,15.58915559432933
18998,15.58915559432933
18999,15.58915559432933
19000,15.58915559432933
19001,15.58915559432933
19002,15.58915559432933
19003,15.58915559432933
19004,15.58915559432933
19005,15.58915559432933
19006,15.58915559432933
19007,15.58915559432933
19008,15.58915559432933
19009,15.58915559432933
19010,15.58915559432933
19011,15.58915559432933
19012,15.58915559432933
19013,15.58915559432933
19014,15.58915559432933
19015,15.58915559432933
19016,15.58915559432933
19017,15.58915559432933
19018,15.58915559432933
19019,15.58915559432933
19020,15.58915559432933
19021,15.58915559432933
19022,15.58915559432933
19023,15.58915559432933
19024,15.58915559432933
19025,15.58915559432933
19026,15.58915559432933
19027,15.58915559432933
19028,15.58915559432933
19029,15.58915559432933
19030,15.58915559432933
19031,15.58915559432933
19032,15.58915559432933
19033,15.58915559432933
19034,15.58915559432933
19035,15.58915559432933
19036,15.58915559432933
19037,15.58915559432933
19038,15.58915559432933
19039,15.58915559432933
19040,15.58915559432933
19041,15.58915559432933
19042,15.58915559432933
19043,15.58915559432933
19044,15.58915559432933
19045,15.58915559432933
19046,15.58915559432933
19047,15.58915559432933
19048,15.58915559432933
19049,15.58915559432933
19050,15.58915559432933
19051,15.58915559432933
19052,15.58915559432933
19053,15.58915559432933
19054,15.58915559432933
19055,15.58915559432933
19056,15.58915559432933
19057,15.58915559432933
19058,15.58915559432933
19059,15.58915559432933
19060,15.58915559432933
19061,15.58915559432933
19062,15.58915559432933
19063,15.58915559432933
19064,15.58915559432933
19065,15.58915559432933
19066,15.58915559432933
19067,15.58915559432933
19068,15.58915559432933
19069,15.58915559432933
19070,15.58915559432933
19071,15.58915559432933
19072,15.58915559432933
19073,15.58915559432933
19074,15.58915559432933
19075,15.58915559432933
19076,15.58915559432933
19077,15.58915559432933
19078,15.58915559432933
19079,15.58915559432933
19080,15.58915559432933
19081,15.58915559432933
19082,15.58915559432933
19083,15.58915559432933
19084,15.58915559432933
19085,15.58915559432933
19086,15.58915559432933
19087,15.58915559432933
19088,15.58915559432933
19089,15.58915559432933
19090,15.58915559432933
19091,15.58915559432933
19092,15.58915559432933
19093,15.58915559432933
19094,15.58915559432933
19095,15.58915559432933
19096,15.58915559432933
19097,15.58915559432933
19098,15.58915559432933
19099,15.58915559432933
19100,15.58915559432933
19101,15.58915559432933
19102,15.58915559432933
19103,15.58915559432933
19104,15.58915559432933
19105,15.58915559432933
19106,15.58915559432933
19107,15.58915559432933
19108,15.58915559432933
19109,15.58915559432933
19110,15.58915559432933
19111,15.58915559432933
19112,15.58915559432933
19113,15.58915559432933
19114,15.58915559432933
19115,15.58915559432933
19116,15.58915559432933
19117,15.58915559432933
19118,15.58915559432933
19119,15.58915559432933
19120,15.58915559432933
19121,15.58915559432933
19122,15.58915559432933
19123,15.58915559432933
19124,15.58915559432933
19125,15.58915559432933
19126,15.58915559432933
19127,15.58915559432933
19128,15.58915559432933
19129,15.58915559432933
19130,15.58915559432933
19131,15.58915559432933
19132,15.58915559432933
19133,15.58915559432933
19134,15.58915559432933
19135,15.58915559432933
19136,15.58915559432933
19137,15.58915559432933
19138,15.58915559432933
19139,15.58915559432933
19140,15.58915559432933
19141,15.58915559432933
19142,15.58915559432933
19143,15.58915559432933
19144,15.58915559432933
19145,15.58915559432933
19146,15.58915559432933
19147,15.58915559432933
19148,15.58915559432933
19149,15.58915559432933
19150,15.58915559432933
19151,15.58915559432933
19152,15.58915559432933
19153,15.58915559432933
19154,15.58915559432933
19155,15.58915559432933
19156,15.58915559432933
19157,15.58915559432933
19158,15.58915559432933
19159,15.58915559432933
19160,15.58915559432933
19161,15.58915559432933
19162,15.58915559432933
19163,15.58915559432933
19164,15.58915559432933
19165,15.58915559432933
19166,15.58915559432933
19167,15.58915559432933
19168,15.58915559432933
19169,15.58915559432933
19170,15.58915559432933
19171,15.58915559432933
19172,15.58915559432933
19173,15.58915559432933
19174,15.58915559432933
19175,15.58915559432933
19176,15.58915559432933
19177,15.58915559432933
19178,15.58915559432933
19179,15.58915559432933
19180,15.58915559432933
19181,15.58915559432933
19182,15.58915559432933
19183,15.58915559432933
19184,15.58915559432933
19185,15.58915559432933
19186,15.58915559432933
19187,15.58915559432933
19188,15.58915559432933
19189,15.58915559432933
19190,15.58915559432933
19191,15.58915559432933
19192,15.58915559432933
19193,15.58915559432933
19194,15.58915559432933
19195,15.58915559432933
19196,15.58915559432933
19197,15.58915559432933
19198,15.58915559432933
19199,15.58915559432933
19200,15.58915559432933
19201,15.58915559432933
19202,15.58915559432933
19203,15.58915559432933
19204,15.58915559432933
19205,15.58915559432933
19206,15.58915559432933
19207,15.58915559432933
19208,15.58915559432933
19209,15.58915559432933
19210,15.58915559432933
19211,15.58915559432933
19212,15.58915559432933
19213,15.58915559432933
19214,15.58915559432933
19215,15.58915559432933
19216,15.58915559432933
19217,15.58915559432933
19218,15.58915559432933
19219,15.58915559432933
19220,15.58915559432933
19221,15.58915559432933
19222,15.58915559432933
19223,15.58915559432933
19224,15.58915559432933
19225,15.58915559432933
19226,15.58915559432933
19227,15.58915559432933
19228,15.58915559432933
19229,15.58915559432933
19230,15.58915559432933
19231,15.58915559432933
19232,15.58915559432933
19233,15.58915559432933
19234,15.58915559432933
19235,15.58915559432933
19236,15.58915559432933
19237,15.58915559432933
19238,15.58915559432933
19239,15.58915559432933
19240,15.58915559432933
19241,15.58915559432933
19242,15.58915559432933
19243,15.58915559432933
19244,15.58915559432933
19245,15.58915559432933
19246,15.58915559432933
19247,15.58915559432933
19248,15.58915559432933
19249,15.58915559432933
19250,15.58915559432933
19251,15.58915559432933
19252,15.58915559432933
19253,15.58915559432933
19254,15.58915559432933
19255,15.58915559432933
19256,15.58915559432933
19257,15.58915559432933
19258,15.58915559432933
19259,15.58915559432933
19260,15.58915559432933
19261,15.58915559432933
19262,15.58915559432933
19263,15.58915559432933
19264,15.58915559432933
19265,15.58915559432933
19266,15.58915559432933
19267,15.58915559432933
19268,15.58915559432933
19269,15.58915559432933
19270,15.58915559432933
19271,15.58915559432933
19272,15.58915559432933
19273,15.58915559432933
19274,15.58915559432933
19275,15.58915559432933
19276,15.58915559432933
19277,15.58915559432933
19278,15.58915559432933
19279,15.58915559432933
19280,15.58915559432933
19281,15.58915559432933
19282,15.58915559432933
19283,15.58915559432933
19284,15.58915559432933
19285,15.58915559432933
19286,15.58915559432933
19287,15.58915559432933
19288,15.58915559432933
19289,15.58915559432933
19290,15.58915559432933
19291,15.58915559432933
19292,15.58915559432933
19293,15.58915559432933
19294,15.58915559432933
19295,15.58915559432933
19296,15.58915559432933
19297,15.58915559432933
19298,15.58915559432933
19299,15.58915559432933
19300,15.58915559432933
19301,15.58915559432933
19302,15.58915559432933
19303,15.58915559432933
19304,15.58915559432933
19305,15.58915559432933
19306,15.58915559432933
19307,15.58915559432933
19308,15.58915559432933
19309,15.58915559432933
19310,15.58915559432933
19311,15.58915559432933
19312,15.58915559432933
19313,15.58915559432933
19314,15.58915559432933
19315,15.58915559432933
19316,15.58915559432933
19317,15.58915559432933
19318,15.58915559432933
19319,15.58915559432933
19320,15.58915559432933
19321,15.58915559432933
19322,15.58915559432933
19323,15.58915559432933
19324,15.58915559432933
19325,15.58915559432933
19326,15.58915559432933
19327,15.58915559432933
19328,15.58915559432933
19329,15.58915559432933
19330,15.58915559432933
19331,15.58915559432933
19332,15.58915559432933
19333,15.58915559432933
19334,15.58915559432933
19335,15.58915559432933
19336,15.58915559432933
19337,15.58915559432933
19338,15.58915559432933
19339,15.58915559432933
19340,15.58915559432933
19341,15.58915559432933
19342,15.58915559432933
19343,15.58915559432933
19344,15.58915559432933
19345,15.58915559432933
19346,15.58915559432933
19347,15.58915559432933
19348,15.58915559432933
19349,15.58915559432933
19350,15.58915559432933
19351,15.58915559432933
19352,15.58915559432933
19353,15.58915559432933
19354,15.58915559432933
19355,15.58915559432933
19356,15.58915559432933
19357,15.58915559432933
19358,15.58915559432933
19359,15.58915559432933
19360,15.58915559432933
19361,15.58915559432933
19362,15.58915559432933
19363,15.58915559432933
19364,15.58915559432933
19365,15.58915559432933
19366,15.58915559432933
19367,15.58915559432933
19368,15.58915559432933
19369,15.58915559432933
19370,15.58915559432933
19371,15.58915559432933
19372,15.58915559432933
19373,15.58915559432933
19374,15.58915559432933
19375,15.58915559432933
19376,15.58915559432933
19377,15.58915559432933
19378,15.58915559432933
19379,15.58915559432933
19380,15.58915559432933
19381,15.58915559432933
19382,15.58915559432933
19383,15.58915559432933
19384,15.58915559432933
19385,15.58915559432933
19386,15.58915559432933
19387,15.58915559432933
19388,15.58915559432933
19389,15.58915559432933
19390,15.58915559432933
19391,15.58915559432933
19392,15.58915559432933
19393,15.58915559432933
19394,15.58915559432933
19395,15.58915559432933
19396,15.58915559432933
19397,15.58915559432933
19398,15.58915559432933
19399,15.58915559432933
19400,15.58915559432933
19401,15.58915559432933
19402,15.58915559432933
19403,15.58915559432933
19404,15.58915559432933
19405,15.58915559432933
19406,15.58915559432933
19407,15.58915559432933
19408,15.58915559432933
19409,15.58915559432933
19410,15.58915559432933
19411,15.58915559432933
19412,15.58915559432933
19413,15.58915559432933
19414,15.58915559432933
19415,15.58915559432933
19416,15.58915559432933
19417,15.58915559432933
19418,15.58915559432933
19419,15.58915559432933
19420,15.58915559432933
19421,15.58915559432933
19422,15.58915559432933
19423,15.58915559432933
19424,15.58915559432933
19425,15.58915559432933
19426,15.58915559432933
19427,15.58915559432933
19428,15.58915559432933
19429,15.58915559432933
19430,15.58915559432933
19431,15.58915559432933
19432,15.58915559432933
19433,15.58915559432933
19434,15.58915559432933
19435,15.58915559432933
19436,15.58915559432933
19437,15.58915559432933
19438,15.58915559432933
19439,15.58915559432933
19440,15.58915559432933
19441,15.58915559432933
19442,15.58915559432933
19443,15.58915559432933
19444,15.58915559432933
19445,15.58915559432933
19446,15.58915559432933
19447,15.58915559432933
19448,15.58915559432933
19449,15.58915559432933
19450,15.58915559432933
19451,15.58915559432933
19452,15.58915559432933
19453,15.58915559432933
19454,15.58915559432933
19455,15.58915559432933
19456,15.58915559432933
19457,15.58915559432933
19458,15.58915559432933
19459,15.58915559432933
19460,15.58915559432933
19461,15.58915559432933
19462,15.58915559432933
19463,15.58915559432933
19464,15.58915559432933
19465,15.58915559432933
19466,15.58915559432933
19467,15.58915559432933
19468,15.58915559432933
19469,15.58915559432933
19470,15.58915559432933
19471,15.58915559432933
19472,15.58915559432933
19473,15.58915559432933
19474,15.58915559432933
19475,15.58915559432933
19476,15.58915559432933
19477,15.58915559432933
19478,15.58915559432933
19479,15.58915559432933
19480,15.58915559432933
19481,15.58915559432933
19482,15.58915559432933
19483,15.58915559432933
19484,15.58915559432933
19485,15.58915559432933
19486,15.58915559432933
19487,15.58915559432933
19488,15.58915559432933
19489,15.58915559432933
19490,15.58915559432933
19491,15.58915559432933
19492,15.58915559432933
19493,15.58915559432933
19494,15.58915559432933
19495,15.58915559432933
19496,15.58915559432933
19497,15.58915559432933
19498,15.58915559432933
19499,15.58915559432933
19500,15.58915559432933
19501,15.58915559432933
19502,15.58915559432933
19503,15.58915559432933
19504,15.58915559432933
19505,15.58915559432933
19506,15.58915559432933
19507,15.58915559432933
19508,15.58915559432933
19509,15.58915559432933
19510,15.58915559432933
19511,15.58915559432933
19512,15.58915559432933
19513,15.58915559432933
19514,15.58915559432933
19515,15.58915559432933
19516,15.58915559432933
19517,15.58915559432933
19518,15.58915559432933
19519,15.58915559432933
19520,15.58915559432933
19521,15.58915559432933
19522,15.58915559432933
19523,15.58915559432933
19524,15.58915559432933
19525,15.58915559432933
19526,15.58915559432933
19527,15.58915559432933
19528,15.58915559432933
19529,15.58915559432933
19530,15.58915559432933
19531,15.58915559432933
19532,15.58915559432933
19533,15.58915559432933
19534,15.58915559432933
19535,15.58915559432933
19536,15.58915559432933
19537,15.58915559432933
19538,15.58915559432933
19539,15.58915559432933
19540,15.58915559432933
19541,15.58915559432933
19542,15.58915559432933
19543,15.58915559432933
19544,15.58915559432933
19545,15.58915559432933
19546,15.58915559432933
19547,15.58915559432933
19548,15.58915559432933
19549,15.58915559432933
19550,15.58915559432933
19551,15.58915559432933
19552,15.58915559432933
19553,15.58915559432933
19554,15.58915559432933
19555,15.58915559432933
19556,15.58915559432933
19557,15.58915559432933
19558,15.58915559432933
19559,15.58915559432933
19560,15.58915559432933
19561,15.58915559432933
19562,15.58915559432933
19563,15.58915559432933
19564,15.58915559432933
19565,15.58915559432933
19566,15.58915559432933
19567,15.58915559432933
19568,15.58915559432933
19569,15.58915559432933
19570,15.58915559432933
19571,15.58915559432933
19572,15.58915559432933
19573,15.58915559432933
19574,15.58915559432933
19575,15.58915559432933
19576,15.58915559432933
19577,15.58915559432933
19578,15.58915559432933
19579,15.58915559432933
19580,15.58915559432933
19581,15.58915559432933
19582,15.58915559432933
19583,15.58915559432933
19584,15.58915559432933
19585,15.58915559432933
19586,15.58915559432933
19587,15.58915559432933
19588,15.58915559432933
19589,15.58915559432933
19590,15.58915559432933
19591,15.58915559432933
19592,15.58915559432933
19593,15.58915559432933
19594,15.58915559432933
19595,15.58915559432933
19596,15.58915559432933
19597,15.58915559432933
19598,15.58915559432933
19599,15.58915559432933
19600,15.58915559432933
19601,15.58915559432933
19602,15.58915559432933
19603,15.58915559432933
19604,15.58915559432933
19605,15.58915559432933
19606,15.58915559432933
19607,15.58915559432933
19608,15.58915559432933
19609,15.58915559432933
19610,15.58915559432933
19611,15.58915559432933
19612,15.58915559432933
19613,15.58915559432933
19614,15.58915559432933
19615,15.58915559432933
19616,15.58915559432933
19617,15.58915559432933
19618,15.58915559432933
19619,15.58915559432933
19620,15.58915559432933
19621,15.58915559432933
19622,15.58915559432933
19623,15.58915559432933
19624,15.58915559432933
19625,15.58915559432933
19626,15.58915559432933
19627,15.58915559432933
19628,15.58915559432933
19629,15.58915559432933
19630,15.58915559432933
19631,15.58915559432933
19632,15.58915559432933
19633,15.58915559432933
19634,15.58915559432933
19635,15.58915559432933
19636,15.58915559432933
19637,15.58915559432933
19638,15.58915559432933
19639,15.58915559432933
19640,15.58915559432933
19641,15.58915559432933
19642,15.58915559432933
19643,15.58915559432933
19644,15.58915559432933
19645,15.58915559432933
19646,15.58915559432933
19647,15.58915559432933
19648,15.58915559432933
19649,15.58915559432933
19650,15.58915559432933
19651,15.58915559432933
19652,15.58915559432933
19653,15.58915559432933
19654,15.58915559432933
19655,15.58915559432933
19656,15.58915559432933
19657,15.58915559432933
19658,15.58915559432933
19659,15.58915559432933
19660,15.58915559432933
19661,15.58915559432933
19662,15.58915559432933
19663,15.58915559432933
19664,15.58915559432933
19665,15.58915559432933
19666,15.58915559432933
19667,15.58915559432933
19668,15.58915559432933
19669,15.58915559432933
19670,15.58915559432933
19671,15.58915559432933
19672,15.58915559432933
19673,15.58915559432933
19674,15.58915559432933
19675,15.58915559432933
19676,15.58915559432933
19677,15.58915559432933
19678,15.58915559432933
19679,15.58915559432933
19680,15.58915559432933
19681,15.58915559432933
19682,15.58915559432933
19683,15.58915559432933
19684,15.58915559432933
19685,15.58915559432933
19686,15.58915559432933
19687,15.58915559432933
19688,15.58915559432933
19689,15.58915559432933
19690,15.58915559432933
19691,15.58915559432933
19692,15.58915559432933
19693,15.58915559432933
19694,15.58915559432933
19695,15.58915559432933
19696,15.58915559432933
19697,15.58915559432933
19698,15.58915559432933
19699,15.58915559432933
19700,15.58915559432933
19701,15.58915559432933
19702,15.58915559432933
19703,15.58915559432933
19704,15.58915559432933
19705,15.58915559432933
19706,15.58915559432933
19707,15.58915559432933
19708,15.58915559432933
19709,15.58915559432933
19710,15.58915559432933
19711,15.58915559432933
19712,15.58915559432933
19713,15.58915559432933
19714,15.58915559432933
19715,15.58915559432933
19716,15.58915559432933
19717,15.58915559432933
19718,15.58915559432933
19719,15.58915559432933
19720,15.58915559432933
19721,15.58915559432933
19722,15.58915559432933
19723,15.58915559432933
19724,15.58915559432933
19725,15.58915559432933
19726,15.58915559432933
19727,15.58915559432933
19728,15.58915559432933
19729,15.58915559432933
19730,15.58915559432933
19731,15.58915559432933
19732,15.58915559432933
19733,15.58915559432933
19734,15.58915559432933
19735,15.58915559432933
19736,15.58915559432933
19737,15.58915559432933
19738,15.58915559432933
19739,15.58915559432933
19740,15.58915559432933
19741,15.58915559432933
19742,15.58915559432933
19743,15.58915559432933
19744,15.58915559432933
19745,15.58915559432933
19746,15.58915559432933
19747,15.58915559432933
19748,15.58915559432933
19749,15.58915559432933
19750,15.58915559432933
19751,15.58915559432933
19752,15.58915559432933
19753,15.58915559432933
19754,15.58915559432933
19755,15.58915559432933
19756,15.58915559432933
19757,15.58915559432933
19758,15.58915559432933
19759,15.58915559432933
19760,15.58915559432933
19761,15.58915559432933
19762,15.58915559432933
19763,15.58915559432933
19764,15.58915559432933
19765,15.58915559432933
19766,15.58915559432933
19767,15.58915559432933
19768,15.58915559432933
19769,15.58915559432933
19770,15.58915559432933
19771,15.58915559432933
19772,15.58915559432933
19773,15.58915559432933
19774,15.58915559432933
19775,15.58915559432933
19776,15.58915559432933
19777,15.58915559432933
19778,15.58915559432933
19779,15.58915559432933
19780,15.58915559432933
19781,15.58915559432933
19782,15.58915559432933
19783,15.58915559432933
19784,15.58915559432933
19785,15.58915559432933
19786,15.58915559432933
19787,15.58915559432933
19788,15.58915559432933
19789,15.58915559432933
19790,15.58915559432933
19791,15.58915559432933
19792,15.58915559432933
19793,15.58915559432933
19794,15.58915559432933
19795,15.58915559432933
19796,15.58915559432933
19797,15.58915559432933
19798,15.58915559432933
19799,15.58915559432933
19800,15.58915559432933
19801,15.58915559432933
19802,15.58915559432933
19803,15.58915559432933
19804,15.58915559432933
19805,15.58915559432933
19806,15.58915559432933
19807,15.58915559432933
19808,15.58915559432933
19809,15.58915559432933
19810,15.58915559432933
19811,15.58915559432933
19812,15.58915559432933
19813,15.58915559432933
19814,15.58915559432933
19815,15.58915559432933
19816,15.58915559432933
19817,15.58915559432933
19818,15.58915559432933
19819,15.58915559432933
19820,15.58915559432933
19821,15.58915559432933
19822,15.58915559432933
19823,15.58915559432933
19824,15.58915559432933
19825,15.58915559432933
19826,15.58915559432933
19827,15.58915559432933
19828,15.58915559432933
19829,15.58915559432933
19830,15.58915559432933
19831,15.58915559432933
19832,15.58915559432933
19833,15.58915559432933
19834,15.58915559432933
19835,15.58915559432933
19836,15.58915559432933
19837,15.58915559432933
19838,15.58915559432933
19839,15.58915559432933
19840,15.58915559432933
19841,15.58915559432933
19842,15.58915559432933
19843,15.58915559432933
19844,15.58915559432933
19845,15.58915559432933
19846,15.58915559432933
19847,15.58915559432933
19848,15.58915559432933
19849,15.58915559432933
19850,15.58915559432933
19851,15.58915559432933
19852,15.58915559432933
19853,15.58915559432933
19854,15.58915559432933
19855,15.58915559432933
19856,15.58915559432933
19857,15.58915559432933
19858,15.58915559432933
19859,15.58915559432933
19860,15.58915559432933
19861,15.58915559432933
19862,15.58915559432933
19863,15.58915559432933
19864,15.58915559432933
19865,15.58915559432933
19866,15.58915559432933
19867,15.58915559432933
19868,15.58915559432933
19869,15.58915559432933
19870,15.58915559432933
19871,15.58915559432933
19872,15.58915559432933
19873,15.58915559432933
19874,15.58915559432933
19875,15.58915559432933
19876,15.58915559432933
19877,15.58915559432933
19878,15.58915559432933
19879,15.58915559432933
19880,15.58915559432933
19881,15.58915559432933
19882,15.58915559432933
19883,15.58915559432933
19884,15.58915559432933
19885,15.58915559432933
19886,15.58915559432933
19887,15.58915559432933
19888,15.58915559432933
19889,15.58915559432933
19890,15.58915559432933
19891,15.58915559432933
19892,15.58915559432933
19893,15.58915559432933
19894,15.58915559432933
19895,15.58915559432933
19896,15.58915559432933
19897,15.58915559432933
19898,15.58915559432933
19899,15.58915559432933
19900,15.58915559432933
19901,15.58915559432933
19902,15.58915559432933
19903,15.58915559432933
19904,15.58915559432933
19905,15.58915559432933
19906,15.58915559432933
19907,15.58915559432933
19908,15.58915559432933
19909,15.58915559432933
19910,15.58915559432933
19911,15.58915559432933
19912,15.58915559432933
19913,15.58915559432933
19914,15.58915559432933
19915,15.58915559432933
19916,15.58915559432933
19917,15.58915559432933
19918,15.58915559432933
19919,15.58915559432933
19920,15.58915559432933
19921,15.58915559432933
19922,15.58915559432933
19923,15.58915559432933
19924,15.58915559432933
19925,15.58915559432933
19926,15.58915559432933
19927,15.58915559432933
19928,15.58915559432933
19929,15.58915559432933
19930,15.58915559432933
19931,15.58915559432933
19932,15.58915559432933
19933,15.58915559432933
19934,15.58915559432933
19935,15.58915559432933
19936,15.58915559432933
19937,15.58915559432933
19938,15.58915559432933
19939,15.58915559432933
19940,15.58915559432933
19941,15.58915559432933
19942,15.58915559432933
19943,15.58915559432933
19944,15.58915559432933
19945,15.58915559432933
19946,15.58915559432933
19947,15.58915559432933
19948,15.58915559432933
19949,15.58915559432933
19950,15.58915559432933
19951,15.58915559432933
19952,15.58915559432933
19953,15.58915559432933
19954,15.58915559432933
19955,15.58915559432933
19956,15.58915559432933
19957,15.58915559432933
19958,15.58915559432933
19959,15.58915559432933
19960,15.58915559432933
19961,15.58915559432933
19962,15.58915559432933
19963,15.58915559432933
19964,15.58915559432933
19965,15.58915559432933
19966,15.58915559432933
19967,15.58915559432933
19968,15.58915559432933
19969,15.58915559432933
19970,15.58915559432933
19971,15.58915559432933
19972,15.58915559432933
19973,15.58915559432933
19974,15.58915559432933
19975,15.58915559432933
19976,15.58915559432933
19977,15.58915559432933
19978,15.58915559432933
19979,15.58915559432933
19980,15.58915559432933
19981,15.58915559432933
19982,15.58915559432933
19983,15.58915559432933
19984,15.58915559432933
19985,15.58915559432933
19986,15.58915559432933
19987,15.58915559432933
19988,15.58915559432933
19989,15.58915559432933
19990,15.58915559432933
19991,15.58915559432933
19992,15.58915559432933
19993,15.58915559432933
19994,15.58915559432933
19995,15.58915559432933
19996,15.58915559432933
19997,15.58915559432933
19998,15.58915559432933
19999,15.58915559432933
20000,15.58915559432933
20001,15.58915559432933
20002,15.58915559432933
20003,15.58915559432933
20004,15.58915559432933
20005,15.58915559432933
20006,15.58915559432933
20007,15.58915559432933
20008,15.58915559432933
20009,15.58915559432933
20010,15.58915559432933
20011,15.58915559432933
20012,15.58915559432933
20013,15.58915559432933
20014,15.58915559432933
20015,15.58915559432933
20016,15.58915559432933
20017,15.58915559432933
20018,15.58915559432933
20019,15.58915559432933
20020,15.58915559432933
20021,15.58915559432933
20022,15.58915559432933
20023,15.58915559432933
20024,15.58915559432933
20025,15.58915559432933
20026,15.58915559432933
20027,15.58915559432933
20028,15.58915559432933
20029,15.58915559432933
20030,15.58915559432933
20031,15.58915559432933
20032,15.58915559432933
20033,15.58915559432933
20034,15.58915559432933
20035,15.58915559432933
20036,15.58915559432933
20037,15.58915559432933
20038,15.58915559432933
20039,15.58915559432933
20040,15.58915559432933
20041,15.58915559432933
20042,15.58915559432933
20043,15.58915559432933
20044,15.58915559432933
20045,15.58915559432933
20046,15.58915559432933
20047,15.58915559432933
20048,15.58915559432933
20049,15.58915559432933
20050,15.58915559432933
20051,15.58915559432933
20052,15.58915559432933
20053,15.58915559432933
20054,15.58915559432933
20055,15.58915559432933
20056,15.58915559432933
20057,15.58915559432933
20058,15.58915559432933
20059,15.58915559432933
20060,15.58915559432933
20061,15.58915559432933
20062,15.58915559432933
20063,15.58915559432933
20064,15.58915559432933
20065,15.58915559432933
20066,15.58915559432933
20067,15.58915559432933
20068,15.58915559432933
20069,15.58915559432933
20070,15.58915559432933
20071,15.58915559432933
20072,15.58915559432933
20073,15.58915559432933
20074,15.58915559432933
20075,15.58915559432933
20076,15.58915559432933
20077,15.58915559432933
20078,15.58915559432933
20079,15.58915559432933
20080,15.58915559432933
20081,15.58915559432933
20082,15.58915559432933
20083,15.58915559432933
20084,15.58915559432933
20085,15.58915559432933
20086,15.58915559432933
20087,15.58915559432933
20088,15.58915559432933
20089,15.58915559432933
20090,15.58915559432933
20091,15.58915559432933
20092,15.58915559432933
20093,15.58915559432933
20094,15.58915559432933
20095,15.58915559432933
20096,15.58915559432933
20097,15.58915559432933
20098,15.58915559432933
20099,15.58915559432933
20100,15.58915559432933
20101,15.58915559432933
20102,15.58915559432933
20103,15.58915559432933
20104,15.58915559432933
20105,15.58915559432933
20106,15.58915559432933
20107,15.58915559432933
20108,15.58915559432933
20109,15.58915559432933
20110,15.58915559432933
20111,15.58915559432933
20112,15.58915559432933
20113,15.58915559432933
20114,15.58915559432933
20115,15.58915559432933
20116,15.58915559432933
20117,15.58915559432933
20118,15.58915559432933
20119,15.58915559432933
20120,15.58915559432933
20121,15.58915559432933
20122,15.58915559432933
20123,15.58915559432933
20124,15.58915559432933
20125,15.58915559432933
20126,15.58915559432933
20127,15.58915559432933
20128,15.58915559432933
20129,15.58915559432933
20130,15.58915559432933
20131,15.58915559432933
20132,15.58915559432933
20133,15.58915559432933
20134,15.58915559432933
20135,15.58915559432933
20136,15.58915559432933
20137,15.58915559432933
20138,15.58915559432933
20139,15.58915559432933
20140,15.58915559432933
20141,15.58915559432933
20142,15.58915559432933
20143,15.58915559432933
20144,15.58915559432933
20145,15.58915559432933
20146,15.58915559432933
20147,15.58915559432933
20148,15.58915559432933
20149,15.58915559432933
20150,15.58915559432933
20151,15.58915559432933
20152,15.58915559432933
20153,15.58915559432933
20154,15.58915559432933
20155,15.58915559432933
20156,15.58915559432933
20157,15.58915559432933
20158,15.58915559432933
20159,15.58915559432933
20160,15.58915559432933
20161,15.58915559432933
20162,15.58915559432933
20163,15.58915559432933
20164,15.58915559432933
20165,15.58915559432933
20166,15.58915559432933
20167,15.58915559432933
20168,15.58915559432933
20169,15.58915559432933
20170,15.58915559432933
20171,15.58915559432933
20172,15.58915559432933
20173,15.58915559432933
20174,15.58915559432933
20175,15.58915559432933
20176,15.58915559432933
20177,15.58915559432933
20178,15.58915559432933
20179,15.58915559432933
20180,15.58915559432933
20181,15.58915559432933
20182,15.58915559432933
20183,15.58915559432933
20184,15.58915559432933
20185,15.58915559432933
20186,15.58915559432933
20187,15.58915559432933
20188,15.58915559432933
20189,15.58915559432933
20190,15.58915559432933
20191,15.58915559432933
20192,15.58915559432933
20193,15.58915559432933
20194,15.58915559432933
20195,15.58915559432933
20196,15.58915559432933
20197,15.58915559432933
20198,15.58915559432933
20199,15.58915559432933
20200,15.58915559432933
20201,15.58915559432933
20202,15.58915559432933
20203,15.58915559432933
20204,15.58915559432933
20205,15.58915559432933
20206,15.58915559432933
20207,15.58915559432933
20208,15.58915559432933
20209,15.58915559432933
20210,15.58915559432933
20211,15.58915559432933
20212,15.58915559432933
20213,15.58915559432933
20214,15.58915559432933
20215,15.58915559432933
20216,15.58915559432933
20217,15.58915559432933
20218,15.58915559432933
20219,15.58915559432933
20220,15.58915559432933
20221,15.58915559432933
20222,15.58915559432933
20223,15.58915559432933
20224,15.58915559432933
20225,15.58915559432933
20226,15.58915559432933
20227,15.58915559432933
20228,15.58915559432933
20229,15.58915559432933
20230,15.58915559432933
20231,15.58915559432933
20232,15.58915559432933
20233,15.58915559432933
20234,15.58915559432933
20235,15.58915559432933
20236,15.58915559432933
20237,15.58915559432933
20238,15.58915559432933
20239,15.58915559432933
20240,15.58915559432933
20241,15.58915559432933
20242,15.58915559432933
20243,15.58915559432933
20244,15.58915559432933
20245,15.58915559432933
20246,15.58915559432933
20247,15.58915559432933
20248,15.58915559432933
20249,15.58915559432933
20250,15.58915559432933
20251,15.58915559432933
20252,15.58915559432933
20253,15.58915559432933
20254,15.58915559432933
20255,15.58915559432933
20256,15.58915559432933
20257,15.58915559432933
20258,15.58915559432933
20259,15.58915559432933
20260,15.58915559432933
20261,15.58915559432933
20262,15.58915559432933
20263,15.58915559432933
20264,15.58915559432933
20265,15.58915559432933
20266,15.58915559432933
20267,15.58915559432933
20268,15.58915559432933
20269,15.58915559432933
20270,15.58915559432933
20271,15.58915559432933
20272,15.58915559432933
20273,15.58915559432933
20274,15.58915559432933
20275,15.58915559432933
20276,15.58915559432933
20277,15.58915559432933
20278,15.58915559432933
20279,15.58915559432933
20280,15.58915559432933
20281,15.58915559432933
20282,15.58915559432933
20283,15.58915559432933
20284,15.58915559432933
20285,15.58915559432933
20286,15.58915559432933
20287,15.58915559432933
20288,15.58915559432933
20289,15.58915559432933
20290,15.58915559432933
20291,15.58915559432933
20292,15.58915559432933
20293,15.58915559432933
20294,15.58915559432933
20295,15.58915559432933
20296,15.58915559432933
20297,15.58915559432933
20298,15.58915559432933
20299,15.58915559432933
20300,15.58915559432933
20301,15.58915559432933
20302,15.58915559432933
20303,15.58915559432933
20304,15.58915559432933
20305,15.58915559432933
20306,15.58915559432933
20307,15.58915559432933
20308,15.58915559432933
20309,15.58915559432933
20310,15.58915559432933
20311,15.58915559432933
20312,15.58915559432933
20313,15.58915559432933
20314,15.58915559432933
20315,15.58915559432933
20316,15.58915559432933
20317,15.58915559432933
20318,15.58915559432933
20319,15.58915559432933
20320,15.58915559432933
20321,15.58915559432933
20322,15.58915559432933
20323,15.58915559432933
20324,15.58915559432933
20325,15.58915559432933
20326,15.58915559432933
20327,15.58915559432933
20328,15.58915559432933
20329,15.58915559432933
20330,15.58915559432933
20331,15.58915559432933
20332,15.58915559432933
20333,15.58915559432933
20334,15.58915559432933
20335,15.58915559432933
20336,15.58915559432933
20337,15.58915559432933
20338,15.58915559432933
20339,15.58915559432933
20340,15.58915559432933
20341,15.58915559432933
20342,15.58915559432933
20343,15.58915559432933
20344,15.58915559432933
20345,15.58915559432933
20346,15.58915559432933
20347,15.58915559432933
20348,15.58915559432933
20349,15.58915559432933
20350,15.58915559432933
20351,15.58915559432933
20352,15.58915559432933
20353,15.58915559432933
20354,15.58915559432933
20355,15.58915559432933
20356,15.58915559432933
20357,15.58915559432933
20358,15.58915559432933
20359,15.58915559432933
20360,15.58915559432933
20361,15.58915559432933
20362,15.58915559432933
20363,15.58915559432933
20364,15.58915559432933
20365,15.58915559432933
20366,15.58915559432933
20367,15.58915559432933
20368,15.58915559432933
20369,15.58915559432933
20370,15.58915559432933
20371,15.58915559432933
20372,15.58915559432933
20373,15.58915559432933
20374,15.58915559432933
20375,15.58915559432933
20376,15.58915559432933
20377,15.58915559432933
20378,15.58915559432933
20379,15.58915559432933
20380,15.58915559432933
20381,15.58915559432933
20382,15.58915559432933
20383,15.58915559432933
20384,15.58915559432933
20385,15.58915559432933
20386,15.58915559432933
20387,15.58915559432933
20388,15.58915559432933
20389,15.58915559432933
20390,15.58915559432933
20391,15.58915559432933
20392,15.58915559432933
20393,15.58915559432933
20394,15.58915559432933
20395,15.58915559432933
20396,15.58915559432933
20397,15.58915559432933
20398,15.58915559432933
20399,15.58915559432933
20400,15.58915559432933
20401,15.58915559432933
20402,15.58915559432933
20403,15.58915559432933
20404,15.58915559432933
20405,15.58915559432933
20406,15.58915559432933
20407,15.58915559432933
20408,15.58915559432933
20409,15.58915559432933
20410,15.58915559432933
20411,15.58915559432933
20412,15.58915559432933
20413,15.58915559432933
20414,15.58915559432933
20415,15.58915559432933
20416,15.58915559432933
20417,15.58915559432933
20418,15.58915559432933
20419,15.58915559432933
20420,15.58915559432933
20421,15.58915559432933
20422,15.58915559432933
20423,15.58915559432933
20424,15.58915559432933
20425,15.58915559432933
20426,15.58915559432933
20427,15.58915559432933
20428,15.58915559432933
20429,15.58915559432933
20430,15.58915559432933
20431,15.58915559432933
20432,15.58915559432933
20433,15.58915559432933
20434,15.58915559432933
20435,15.58915559432933
20436,15.58915559432933
20437,15.58915559432933
20438,15.58915559432933
20439,15.58915559432933
20440,15.58915559432933
20441,15.58915559432933
20442,15.58915559432933
20443,15.58915559432933
20444,15.58915559432933
20445,15.58915559432933
20446,15.58915559432933
20447,15.58915559432933
20448,15.58915559432933
20449,15.58915559432933
20450,15.58915559432933
20451,15.58915559432933
20452,15.58915559432933
20453,15.58915559432933
20454,15.58915559432933
20455,15.58915559432933
20456,15.58915559432933
20457,15.58915559432933
20458,15.58915559432933
20459,15.58915559432933
20460,15.58915559432933
20461,15.58915559432933
20462,15.58915559432933
20463,15.58915559432933
20464,15.58915559432933
20465,15.58915559432933
20466,15.58915559432933
20467,15.58915559432933
20468,15.58915559432933
20469,15.58915559432933
20470,15.58915559432933
20471,15.58915559432933
20472,15.58915559432933
20473,15.58915559432933
20474,15.58915559432933
20475,15.58915559432933
20476,15.58915559432933
20477,15.58915559432933
20478,15.58915559432933
20479,15.58915559432933
20480,15.58915559432933
20481,15.58915559432933
20482,15.58915559432933
20483,15.58915559432933
20484,15.58915559432933
20485,15.58915559432933
20486,15.58915559432933
20487,15.58915559432933
20488,15.58915559432933
20489,15.58915559432933
20490,15.58915559432933
20491,15.58915559432933
20492,15.58915559432933
20493,15.58915559432933
20494,15.58915559432933
20495,15.58915559432933
20496,15.58915559432933
20497,15.58915559432933
20498,15.58915559432933
20499,15.58915559432933
20500,15.58915559432933
20501,15.58915559432933
20502,15.58915559432933
20503,15.58915559432933
20504,15.58915559432933
20505,15.58915559432933
20506,15.58915559432933
20507,15.58915559432933
20508,15.58915559432933
20509,15.58915559432933
20510,15.58915559432933
20511,15.58915559432933
20512,15.58915559432933
20513,15.58915559432933
20514,15.58915559432933
20515,15.58915559432933
20516,15.58915559432933
20517,15.58915559432933
20518,15.58915559432933
20519,15.58915559432933
20520,15.58915559432933
20521,15.58915559432933
20522,15.58915559432933
20523,15.58915559432933
20524,15.58915559432933
20525,15.58915559432933
20526,15.58915559432933
20527,15.58915559432933
20528,15.58915559432933
20529,15.58915559432933
20530,15.58915559432933
20531,15.58915559432933
20532,15.58915559432933
20533,15.58915559432933
20534,15.58915559432933
20535,15.58915559432933
20536,15.58915559432933
20537,15.58915559432933
20538,15.58915559432933
20539,15.58915559432933
20540,15.58915559432933
20541,15.58915559432933
20542,15.58915559432933
20543,15.58915559432933
20544,15.58915559432933
20545,15.58915559432933
20546,15.58915559432933
20547,15.58915559432933
20548,15.58915559432933
20549,15.58915559432933
20550,15.58915559432933
20551,15.58915559432933
20552,15.58915559432933
20553,15.58915559432933
20554,15.58915559432933
20555,15.58915559432933
20556,15.58915559432933
20557,15.58915559432933
20558,15.58915559432933
20559,15.58915559432933
20560,15.58915559432933
20561,15.58915559432933
20562,15.58915559432933
20563,15.58915559432933
20564,15.58915559432933
20565,15.58915559432933
20566,15.58915559432933
20567,15.58915559432933
20568,15.58915559432933
20569,15.58915559432933
20570,15.58915559432933
20571,15.58915559432933
20572,15.58915559432933
20573,15.58915559432933
20574,15.58915559432933
20575,15.58915559432933
20576,15.58915559432933
20577,15.58915559432933
20578,15.58915559432933
20579,15.58915559432933
20580,15.58915559432933
20581,15.58915559432933
20582,15.58915559432933
20583,15.58915559432933
20584,15.58915559432933
20585,15.58915559432933
20586,15.58915559432933
20587,15.58915559432933
20588,15.58915559432933
20589,15.58915559432933
20590,15.58915559432933
20591,15.58915559432933
20592,15.58915559432933
20593,15.58915559432933
20594,15.58915559432933
20595,15.58915559432933
20596,15.58915559432933
20597,15.58915559432933
20598,15.58915559432933
20599,15.58915559432933
20600,15.58915559432933
20601,15.58915559432933
20602,15.58915559432933
20603,15.58915559432933
20604,15.58915559432933
20605,15.58915559432933
20606,15.58915559432933
20607,15.58915559432933
20608,15.58915559432933
20609,15.58915559432933
20610,15.58915559432933
20611,15.58915559432933
20612,15.58915559432933
20613,15.58915559432933
20614,15.58915559432933
20615,15.58915559432933
20616,15.58915559432933
20617,15.58915559432933
20618,15.58915559432933
20619,15.58915559432933
20620,15.58915559432933
20621,15.58915559432933
20622,15.58915559432933
20623,15.58915559432933
20624,15.58915559432933
20625,15.58915559432933
20626,15.58915559432933
20627,15.58915559432933
20628,15.58915559432933
20629,15.58915559432933
20630,15.58915559432933
20631,15.58915559432933
20632,15.58915559432933
20633,15.58915559432933
20634,15.58915559432933
20635,15.58915559432933
20636,15.58915559432933
20637,15.58915559432933
20638,15.58915559432933
20639,15.58915559432933
20640,15.58915559432933
20641,15.58915559432933
20642,15.58915559432933
20643,15.58915559432933
20644,15.58915559432933
20645,15.58915559432933
20646,15.58915559432933
20647,15.58915559432933
20648,15.58915559432933
20649,15.58915559432933
20650,15.58915559432933
20651,15.58915559432933
20652,15.58915559432933
20653,15.58915559432933
20654,15.58915559432933
20655,15.58915559432933
20656,15.58915559432933
20657,15.58915559432933
20658,15.58915559432933
20659,15.58915559432933
20660,15.58915559432933
20661,15.58915559432933
20662,15.58915559432933
20663,15.58915559432933
20664,15.58915559432933
20665,15.58915559432933
20666,15.58915559432933
20667,15.58915559432933
20668,15.58915559432933
20669,15.58915559432933
20670,15.58915559432933
20671,15.58915559432933
20672,15.58915559432933
20673,15.58915559432933
20674,15.58915559432933
20675,15.58915559432933
20676,15.58915559432933
20677,15.58915559432933
20678,15.58915559432933
20679,15.58915559432933
20680,15.58915559432933
20681,15.58915559432933
20682,15.58915559432933
20683,15.58915559432933
20684,15.58915559432933
20685,15.58915559432933
20686,15.58915559432933
20687,15.58915559432933
20688,15.58915559432933
20689,15.58915559432933
20690,15.58915559432933
20691,15.58915559432933
20692,15.58915559432933
20693,15.58915559432933
20694,15.58915559432933
20695,15.58915559432933
20696,15.58915559432933
20697,15.58915559432933
20698,15.58915559432933
20699,15.58915559432933
20700,15.58915559432933
20701,15.58915559432933
20702,15.58915559432933
20703,15.58915559432933
20704,15.58915559432933
20705,15.58915559432933
20706,15.58915559432933
20707,15.58915559432933
20708,15.58915559432933
20709,15.58915559432933
20710,15.58915559432933
20711,15.58915559432933
20712,15.58915559432933
20713,15.58915559432933
20714,15.58915559432933
20715,15.58915559432933
20716,15.58915559432933
20717,15.58915559432933
20718,15.58915559432933
20719,15.58915559432933
20720,15.58915559432933
20721,15.58915559432933
20722,15.58915559432933
20723,15.58915559432933
20724,15.58915559432933
20725,15.58915559432933
20726,15.58915559432933
20727,15.58915559432933
20728,15.58915559432933
20729,15.58915559432933
20730,15.58915559432933
20731,15.58915559432933
20732,15.58915559432933
20733,15.58915559432933
20734,15.58915559432933
20735,15.58915559432933
20736,15.58915559432933
20737,15.58915559432933
20738,15.58915559432933
20739,15.58915559432933
20740,15.58915559432933
20741,15.58915559432933
20742,15.58915559432933
20743,15.58915559432933
20744,15.58915559432933
20745,15.58915559432933
20746,15.58915559432933
20747,15.58915559432933
20748,15.58915559432933
20749,15.58915559432933
20750,15.58915559432933
20751,15.58915559432933
20752,15.58915559432933
20753,15.58915559432933
20754,15.58915559432933
20755,15.58915559432933
20756,15.58915559432933
20757,15.58915559432933
20758,15.58915559432933
20759,15.58915559432933
20760,15.58915559432933
20761,15.58915559432933
20762,15.58915559432933
20763,15.58915559432933
20764,15.58915559432933
20765,15.58915559432933
20766,15.58915559432933
20767,15.58915559432933
20768,15.58915559432933
20769,15.58915559432933
20770,15.58915559432933
20771,15.58915559432933
20772,15.58915559432933
20773,15.58915559432933
20774,15.58915559432933
20775,15.58915559432933
20776,15.58915559432933
20777,15.58915559432933
20778,15.58915559432933
20779,15.58915559432933
20780,15.58915559432933
20781,15.58915559432933
20782,15.58915559432933
20783,15.58915559432933
20784,15.58915559432933
20785,15.58915559432933
20786,15.58915559432933
20787,15.58915559432933
20788,15.58915559432933
20789,15.58915559432933
20790,15.58915559432933
20791,15.58915559432933
20792,15.58915559432933
20793,15.58915559432933
20794,15.58915559432933
20795,15.58915559432933
20796,15.58915559432933
20797,15.58915559432933
20798,15.58915559432933
20799,15.58915559432933
20800,15.58915559432933
20801,15.58915559432933
20802,15.58915559432933
20803,15.58915559432933
20804,15.58915559432933
20805,15.58915559432933
20806,15.58915559432933
20807,15.58915559432933
20808,15.58915559432933
20809,15.58915559432933
20810,15.58915559432933
20811,15.58915559432933
20812,15.58915559432933
20813,15.58915559432933
20814,15.58915559432933
20815,15.58915559432933
20816,15.58915559432933
20817,15.58915559432933
20818,15.58915559432933
20819,15.58915559432933
20820,15.58915559432933
20821,15.58915559432933
20822,15.58915559432933
20823,15.58915559432933
20824,15.58915559432933
20825,15.58915559432933
20826,15.58915559432933
20827,15.58915559432933
20828,15.58915559432933
20829,15.58915559432933
20830,15.58915559432933
20831,15.58915559432933
20832,15.58915559432933
20833,15.58915559432933
20834,15.58915559432933
20835,15.58915559432933
20836,15.58915559432933
20837,15.58915559432933
20838,15.58915559432933
20839,15.58915559432933
20840,15.58915559432933
20841,15.58915559432933
20842,15.58915559432933
20843,15.58915559432933
20844,15.58915559432933
20845,15.58915559432933
20846,15.58915559432933
20847,15.58915559432933
20848,15.58915559432933
20849,15.58915559432933
20850,15.58915559432933
20851,15.58915559432933
20852,15.58915559432933
20853,15.58915559432933
20854,15.58915559432933
20855,15.58915559432933
20856,15.58915559432933
20857,15.58915559432933
20858,15.58915559432933
20859,15.58915559432933
20860,15.58915559432933
20861,15.58915559432933
20862,15.58915559432933
20863,15.58915559432933
20864,15.58915559432933
20865,15.58915559432933
20866,15.58915559432933
20867,15.58915559432933
20868,15.58915559432933
20869,15.58915559432933
20870,15.58915559432933
20871,15.58915559432933
20872,15.58915559432933
20873,15.58915559432933
20874,15.58915559432933
20875,15.58915559432933
20876,15.58915559432933
20877,15.58915559432933
20878,15.58915559432933
20879,15.58915559432933
20880,15.58915559432933
20881,15.58915559432933
20882,15.58915559432933
20883,15.58915559432933
20884,15.58915559432933
20885,15.58915559432933
20886,15.58915559432933
20887,15.58915559432933
20888,15.58915559432933
20889,15.58915559432933
20890,15.58915559432933
20891,15.58915559432933
20892,15.58915559432933
20893,15.58915559432933
20894,15.58915559432933
20895,15.58915559432933
20896,15.58915559432933
20897,15.58915559432933
20898,15.58915559432933
20899,15.58915559432933
20900,15.58915559432933
20901,15.58915559432933
20902,15.58915559432933
20903,15.58915559432933
20904,15.58915559432933
20905,15.58915559432933
20906,15.58915559432933
20907,15.58915559432933
20908,15.58915559432933
20909,15.58915559432933
20910,15.58915559432933
20911,15.58915559432933
20912,15.58915559432933
20913,15.58915559432933
20914,15.58915559432933
20915,15.58915559432933
20916,15.58915559432933
20917,15.58915559432933
20918,15.58915559432933
20919,15.58915559432933
20920,15.58915559432933
20921,15.58915559432933
20922,15.58915559432933
20923,15.58915559432933
20924,15.58915559432933
20925,15.58915559432933
20926,15.58915559432933
20927,15.58915559432933
20928,15.58915559432933
20929,15.58915559432933
20930,15.58915559432933
20931,15.58915559432933
20932,15.58915559432933
20933,15.58915559432933
20934,15.58915559432933
20935,15.58915559432933
20936,15.58915559432933
20937,15.58915559432933
20938,15.58915559432933
20939,15.58915559432933
20940,15.58915559432933
20941,15.58915559432933
20942,15.58915559432933
20943,15.58915559432933
20944,15.58915559432933
20945,15.58915559432933
20946,15.58915559432933
20947,15.58915559432933
20948,15.58915559432933
20949,15.58915559432933
20950,15.58915559432933
20951,15.58915559432933
20952,15.58915559432933
20953,15.58915559432933
20954,15.58915559432933
20955,15.58915559432933
20956,15.58915559432933
20957,15.58915559432933
20958,15.58915559432933
20959,15.58915559432933
20960,15.58915559432933
20961,15.58915559432933
20962,15.58915559432933
20963,15.58915559432933
20964,15.58915559432933
20965,15.58915559432933
20966,15.58915559432933
20967,15.58915559432933
20968,15.58915559432933
20969,15.58915559432933
20970,15.58915559432933
20971,15.58915559432933
20972,15.58915559432933
20973,15.58915559432933
20974,15.58915559432933
20975,15.58915559432933
20976,15.58915559432933
20977,15.58915559432933
20978,15.58915559432933
20979,15.58915559432933
20980,15.58915559432933
20981,15.58915559432933
20982,15.58915559432933
20983,15.58915559432933
20984,15.58915559432933
20985,15.58915559432933
20986,15.58915559432933
20987,15.58915559432933
20988,15.58915559432933
20989,15.58915559432933
20990,15.58915559432933
20991,15.58915559432933
20992,15.58915559432933
20993,15.58915559432933
20994,15.58915559432933
20995,15.58915559432933
20996,15.58915559432933
20997,15.58915559432933
20998,15.58915559432933
20999,15.58915559432933
21000,15.58915559432933
21001,15.58915559432933
21002,15.58915559432933
21003,15.58915559432933
21004,15.58915559432933
21005,15.58915559432933
21006,15.58915559432933
21007,15.58915559432933
21008,15.58915559432933
21009,15.58915559432933
21010,15.58915559432933
21011,15.58915559432933
21012,15.58915559432933
21013,15.58915559432933
21014,15.58915559432933
21015,15.58915559432933
21016,15.58915559432933
21017,15.58915559432933
21018,15.58915559432933
21019,15.58915559432933
21020,15.58915559432933
21021,15.58915559432933
21022,15.58915559432933
21023,15.58915559432933
21024,15.58915559432933
21025,15.58915559432933
21026,15.58915559432933
21027,15.58915559432933
21028,15.58915559432933
21029,15.58915559432933
21030,15.58915559432933
21031,15.58915559432933
21032,15.58915559432933
21033,15.58915559432933
21034,15.58915559432933
21035,15.58915559432933
21036,15.58915559432933
21037,15.58915559432933
21038,15.58915559432933
21039,15.58915559432933
21040,15.58915559432933
21041,15.58915559432933
21042,15.58915559432933
21043,15.58915559432933
21044,15.58915559432933
21045,15.58915559432933
21046,15.58915559432933
21047,15.58915559432933
21048,15.58915559432933
21049,15.58915559432933
21050,15.58915559432933
21051,15.58915559432933
21052,15.58915559432933
21053,15.58915559432933
21054,15.58915559432933
21055,15.58915559432933
21056,15.58915559432933
21057,15.58915559432933
21058,15.58915559432933
21059,15.58915559432933
21060,15.58915559432933
21061,15.58915559432933
21062,15.58915559432933
21063,15.58915559432933
21064,15.58915559432933
21065,15.58915559432933
21066,15.58915559432933
21067,15.58915559432933
21068,15.58915559432933
21069,15.58915559432933
21070,15.58915559432933
21071,15.58915559432933
21072,15.58915559432933
21073,15.58915559432933
21074,15.58915559432933
21075,15.58915559432933
21076,15.58915559432933
21077,15.58915559432933
21078,15.58915559432933
21079,15.58915559432933
21080,15.58915559432933
21081,15.58915559432933
21082,15.58915559432933
21083,15.58915559432933
21084,15.58915559432933
21085,15.58915559432933
21086,15.58915559432933
21087,15.58915559432933
21088,15.58915559432933
21089,15.58915559432933
21090,15.58915559432933
21091,15.58915559432933
21092,15.58915559432933
21093,15.58915559432933
21094,15.58915559432933
21095,15.58915559432933
21096,15.58915559432933
21097,15.58915559432933
21098,15.58915559432933
21099,15.58915559432933
21100,15.58915559432933
21101,15.58915559432933
21102,15.58915559432933
21103,15.58915559432933
21104,15.58915559432933
21105,15.58915559432933
21106,15.58915559432933
21107,15.58915559432933
21108,15.58915559432933
21109,15.58915559432933
21110,15.58915559432933
21111,15.58915559432933
21112,15.58915559432933
21113,15.58915559432933
21114,15.58915559432933
21115,15.58915559432933
21116,15.58915559432933
21117,15.58915559432933
21118,15.58915559432933
21119,15.58915559432933
21120,15.58915559432933
21121,15.58915559432933
21122,15.58915559432933
21123,15.58915559432933
21124,15.58915559432933
21125,15.58915559432933
21126,15.58915559432933
21127,15.58915559432933
21128,15.58915559432933
21129,15.58915559432933
21130,15.58915559432933
21131,15.58915559432933
21132,15.58915559432933
21133,15.58915559432933
21134,15.58915559432933
21135,15.58915559432933
21136,15.58915559432933
21137,15.58915559432933
21138,15.58915559432933
21139,15.58915559432933
21140,15.58915559432933
21141,15.58915559432933
21142,15.58915559432933
21143,15.58915559432933
21144,15.58915559432933
21145,15.58915559432933
21146,15.58915559432933
21147,15.58915559432933
21148,15.58915559432933
21149,15.58915559432933
21150,15.58915559432933
21151,15.58915559432933
21152,15.58915559432933
21153,15.58915559432933
21154,15.58915559432933
21155,15.58915559432933
21156,15.58915559432933
21157,15.58915559432933
21158,15.58915559432933
21159,15.58915559432933
21160,15.58915559432933
21161,15.58915559432933
21162,15.58915559432933
21163,15.58915559432933
21164,15.58915559432933
21165,15.58915559432933
21166,15.58915559432933
21167,15.58915559432933
21168,15.58915559432933
21169,15.58915559432933
21170,15.58915559432933
21171,15.58915559432933
21172,15.58915559432933
21173,15.58915559432933
21174,15.58915559432933
21175,15.58915559432933
21176,15.58915559432933
21177,15.58915559432933
21178,15.58915559432933
21179,15.58915559432933
21180,15.58915559432933
21181,15.58915559432933
21182,15.58915559432933
21183,15.58915559432933
21184,15.58915559432933
21185,15.58915559432933
21186,15.58915559432933
21187,15.58915559432933
21188,15.58915559432933
21189,15.58915559432933
21190,15.58915559432933
21191,15.58915559432933
21192,15.58915559432933
21193,15.58915559432933
21194,15.58915559432933
21195,15.58915559432933
21196,15.58915559432933
21197,15.58915559432933
21198,15.58915559432933
21199,15.58915559432933
21200,15.58915559432933
21201,15.58915559432933
21202,15.58915559432933
21203,15.58915559432933
21204,15.58915559432933
21205,15.58915559432933
21206,15.58915559432933
21207,15.58915559432933
21208,15.58915559432933
21209,15.58915559432933
21210,15.58915559432933
21211,15.58915559432933
21212,15.58915559432933
21213,15.58915559432933
21214,15.58915559432933
21215,15.58915559432933
21216,15.58915559432933
21217,15.58915559432933
21218,15.58915559432933
21219,15.58915559432933
21220,15.58915559432933
21221,15.58915559432933
21222,15.58915559432933
21223,15.58915559432933
21224,15.58915559432933
21225,15.58915559432933
21226,15.58915559432933
21227,15.58915559432933
21228,15.58915559432933
21229,15.58915559432933
21230,15.58915559432933
21231,15.58915559432933
21232,15.58915559432933
21233,15.58915559432933
21234,15.58915559432933
21235,15.58915559432933
21236,15.58915559432933
21237,15.58915559432933
21238,15.58915559432933
21239,15.58915559432933
21240,15.58915559432933
21241,15.58915559432933
21242,15.58915559432933
21243,15.58915559432933
21244,15.58915559432933
21245,15.58915559432933
21246,15.58915559432933
21247,15.58915559432933
21248,15.58915559432933
21249,15.58915559432933
21250,15.58915559432933
21251,15.58915559432933
21252,15.58915559432933
21253,15.58915559432933
21254,15.58915559432933
21255,15.58915559432933
21256,15.58915559432933
21257,15.58915559432933
21258,15.58915559432933
21259,15.58915559432933
21260,15.58915559432933
21261,15.58915559432933
21262,15.58915559432933
21263,15.58915559432933
21264,15.58915559432933
21265,15.58915559432933
21266,15.58915559432933
21267,15.58915559432933
21268,15.58915559432933
21269,15.58915559432933
21270,15.58915559432933
21271,15.58915559432933
21272,15.58915559432933
21273,15.58915559432933
21274,15.58915559432933
21275,15.58915559432933
21276,15.58915559432933
21277,15.58915559432933
21278,15.58915559432933
21279,15.58915559432933
21280,15.58915559432933
21281,15.58915559432933
21282,15.58915559432933
21283,15.58915559432933
21284,15.58915559432933
21285,15.58915559432933
21286,15.58915559432933
21287,15.58915559432933
21288,15.58915559432933
21289,15.58915559432933
21290,15.58915559432933
21291,15.58915559432933
21292,15.58915559432933
21293,15.58915559432933
21294,15.58915559432933
21295,15.58915559432933
21296,15.58915559432933
21297,15.58915559432933
21298,15.58915559432933
21299,15.58915559432933
21300,15.58915559432933
21301,15.58915559432933
21302,15.58915559432933
21303,15.58915559432933
21304,15.58915559432933
21305,15.58915559432933
21306,15.58915559432933
21307,15.58915559432933
21308,15.58915559432933
21309,15.58915559432933
21310,15.58915559432933
21311,15.58915559432933
21312,15.58915559432933
21313,15.58915559432933
21314,15.58915559432933
21315,15.58915559432933
21316,15.58915559432933
21317,15.58915559432933
21318,15.58915559432933
21319,15.58915559432933
21320,15.58915559432933
21321,15.58915559432933
21322,15.58915559432933
21323,15.58915559432933
21324,15.58915559432933
21325,15.58915559432933
21326,15.58915559432933
21327,15.58915559432933
21328,15.58915559432933
21329,15.58915559432933
21330,15.58915559432933
21331,15.58915559432933
21332,15.58915559432933
21333,15.58915559432933
21334,15.58915559432933
21335,15.58915559432933
21336,15.58915559432933
21337,15.58915559432933
21338,15.58915559432933
21339,15.58915559432933
21340,15.58915559432933
21341,15.58915559432933
21342,15.58915559432933
21343,15.58915559432933
21344,15.58915559432933
21345,15.58915559432933
21346,15.58915559432933
21347,15.58915559432933
21348,15.58915559432933
21349,15.58915559432933
21350,15.58915559432933
21351,15.58915559432933
21352,15.58915559432933
21353,15.58915559432933
21354,15.58915559432933
21355,15.58915559432933
21356,15.58915559432933
21357,15.58915559432933
21358,15.58915559432933
21359,15.58915559432933
21360,15.58915559432933
21361,15.58915559432933
21362,15.58915559432933
21363,15.58915559432933
21364,15.58915559432933
21365,15.58915559432933
21366,15.58915559432933
21367,15.58915559432933
21368,15.58915559432933
21369,15.58915559432933
21370,15.58915559432933
21371,15.58915559432933
21372,15.58915559432933
21373,15.58915559432933
21374,15.58915559432933
21375,15.58915559432933
21376,15.58915559432933
21377,15.58915559432933
21378,15.58915559432933
21379,15.58915559432933
21380,15.58915559432933
21381,15.58915559432933
21382,15.58915559432933
21383,15.58915559432933
21384,15.58915559432933
21385,15.58915559432933
21386,15.58915559432933
21387,15.58915559432933
21388,15.58915559432933
21389,15.58915559432933
21390,15.58915559432933
21391,15.58915559432933
21392,15.58915559432933
21393,15.58915559432933
21394,15.58915559432933
21395,15.58915559432933
21396,15.58915559432933
21397,15.58915559432933
21398,15.58915559432933
21399,15.58915559432933
21400,15.58915559432933
21401,15.58915559432933
21402,15.58915559432933
21403,15.58915559432933
21404,15.58915559432933
21405,15.58915559432933
21406,15.58915559432933
21407,15.58915559432933
21408,15.58915559432933
21409,15.58915559432933
21410,15.58915559432933
21411,15.58915559432933
21412,15.58915559432933
21413,15.58915559432933
21414,15.58915559432933
21415,15.58915559432933
21416,15.58915559432933
21417,15.58915559432933
21418,15.58915559432933
21419,15.58915559432933
21420,15.58915559432933
21421,15.58915559432933
21422,15.58915559432933
21423,15.58915559432933
21424,15.58915559432933
21425,15.58915559432933
21426,15.58915559432933
21427,15.58915559432933
21428,15.58915559432933
21429,15.58915559432933
21430,15.58915559432933
21431,15.58915559432933
21432,15.58915559432933
21433,15.58915559432933
21434,15.58915559432933
21435,15.58915559432933
21436,15.58915559432933
21437,15.58915559432933
21438,15.58915559432933
21439,15.58915559432933
21440,15.58915559432933
21441,15.58915559432933
21442,15.58915559432933
21443,15.58915559432933
21444,15.58915559432933
21445,15.58915559432933
21446,15.58915559432933
21447,15.58915559432933
21448,15.58915559432933
21449,15.58915559432933
21450,15.58915559432933
21451,15.58915559432933
21452,15.58915559432933
21453,15.58915559432933
21454,15.58915559432933
21455,15.58915559432933
21456,15.58915559432933
21457,15.58915559432933
21458,15.58915559432933
21459,15.58915559432933
21460,15.58915559432933
21461,15.58915559432933
21462,15.58915559432933
21463,15.58915559432933
21464,15.58915559432933
21465,15.58915559432933
21466,15.58915559432933
21467,15.58915559432933
21468,15.58915559432933
21469,15.58915559432933
21470,15.58915559432933
21471,15.58915559432933
21472,15.58915559432933
21473,15.58915559432933
21474,15.58915559432933
21475,15.58915559432933
21476,15.58915559432933
21477,15.58915559432933
21478,15.58915559432933
21479,15.58915559432933
21480,15.58915559432933
21481,15.58915559432933
21482,15.58915559432933
21483,15.58915559432933
21484,15.58915559432933
21485,15.58915559432933
21486,15.58915559432933
21487,15.58915559432933
21488,15.58915559432933
21489,15.58915559432933
21490,15.58915559432933
21491,15.58915559432933
21492,15.58915559432933
21493,15.58915559432933
21494,15.58915559432933
21495,15.58915559432933
21496,15.58915559432933
21497,15.58915559432933
21498,15.58915559432933
21499,15.58915559432933
21500,15.58915559432933
21501,15.58915559432933
21502,15.58915559432933
21503,15.58915559432933
21504,15.58915559432933
21505,15.58915559432933
21506,15.58915559432933
21507,15.58915559432933
21508,15.58915559432933
21509,15.58915559432933
21510,15.58915559432933
21511,15.58915559432933
21512,15.58915559432933
21513,15.58915559432933
21514,15.58915559432933
21515,15.58915559432933
21516,15.58915559432933
21517,15.58915559432933
21518,15.58915559432933
21519,15.58915559432933
21520,15.58915559432933
21521,15.58915559432933
21522,15.58915559432933
21523,15.58915559432933
21524,15.58915559432933
21525,15.58915559432933
21526,15.58915559432933
21527,15.58915559432933
21528,15.58915559432933
21529,15.58915559432933
21530,15.58915559432933
21531,15.58915559432933
21532,15.58915559432933
21533,15.58915559432933
21534,15.58915559432933
21535,15.58915559432933
21536,15.58915559432933
21537,15.58915559432933
21538,15.58915559432933
21539,15.58915559432933
21540,15.58915559432933
21541,15.58915559432933
21542,15.58915559432933
21543,15.58915559432933
21544,15.58915559432933
21545,15.58915559432933
21546,15.58915559432933
21547,15.58915559432933
21548,15.58915559432933
21549,15.58915559432933
21550,15.58915559432933
21551,15.58915559432933
21552,15.58915559432933
21553,15.58915559432933
21554,15.58915559432933
21555,15.58915559432933
21556,15.58915559432933
21557,15.58915559432933
21558,15.58915559432933
21559,15.58915559432933
21560,15.58915559432933
21561,15.58915559432933
21562,15.58915559432933
21563,15.58915559432933
21564,15.58915559432933
21565,15.58915559432933
21566,15.58915559432933
21567,15.58915559432933
21568,15.58915559432933
21569,15.58915559432933
21570,15.58915559432933
21571,15.58915559432933
21572,15.58915559432933
21573,15.58915559432933
21574,15.58915559432933
21575,15.58915559432933
21576,15.58915559432933
21577,15.58915559432933
21578,15.58915559432933
21579,15.58915559432933
21580,15.58915559432933
21581,15.58915559432933
21582,15.58915559432933
21583,15.58915559432933
21584,15.58915559432933
21585,15.58915559432933
21586,15.58915559432933
21587,15.58915559432933
21588,15.58915559432933
21589,15.58915559432933
21590,15.58915559432933
21591,15.58915559432933
21592,15.58915559432933
21593,15.58915559432933
21594,15.58915559432933
21595,15.58915559432933
21596,15.58915559432933
21597,15.58915559432933
21598,15.58915559432933
21599,15.58915559432933
21600,15.58915559432933
21601,15.58915559432933
21602,15.58915559432933
21603,15.58915559432933
21604,15.58915559432933
21605,15.58915559432933
21606,15.58915559432933
21607,15.58915559432933
21608,15.58915559432933
21609,15.58915559432933
21610,15.58915559432933
21611,15.58915559432933
21612,15.58915559432933
21613,15.58915559432933
21614,15.58915559432933
21615,15.58915559432933
21616,15.58915559432933
21617,15.58915559432933
21618,15.58915559432933
21619,15.58915559432933
21620,15.58915559432933
21621,15.58915559432933
21622,15.58915559432933
21623,15.58915559432933
21624,15.58915559432933
21625,15.58915559432933
21626,15.58915559432933
21627,15.58915559432933
21628,15.58915559432933
21629,15.58915559432933
21630,15.58915559432933
21631,15.58915559432933
21632,15.58915559432933
21633,15.58915559432933
21634,15.58915559432933
21635,15.58915559432933
21636,15.58915559432933
21637,15.58915559432933
21638,15.58915559432933
21639,15.58915559432933
21640,15.58915559432933
21641,15.58915559432933
21642,15.58915559432933
21643,15.58915559432933
21644,15.58915559432933
21645,15.58915559432933
21646,15.58915559432933
21647,15.58915559432933
21648,15.58915559432933
21649,15.58915559432933
21650,15.58915559432933
21651,15.58915559432933
21652,15.58915559432933
21653,15.58915559432933
21654,15.58915559432933
21655,15.58915559432933
21656,15.58915559432933
21657,15.58915559432933
21658,15.58915559432933
21659,15.58915559432933
21660,15.58915559432933
21661,15.58915559432933
21662,15.58915559432933
21663,15.58915559432933
21664,15.58915559432933
21665,15.58915559432933
21666,15.58915559432933
21667,15.58915559432933
21668,15.58915559432933
21669,15.58915559432933
21670,15.58915559432933
21671,15.58915559432933
21672,15.58915559432933
21673,15.58915559432933
21674,15.58915559432933
21675,15.58915559432933
21676,15.58915559432933
21677,15.58915559432933
21678,15.58915559432933
21679,15.58915559432933
21680,15.58915559432933
21681,15.58915559432933
21682,15.58915559432933
21683,15.58915559432933
21684,15.58915559432933
21685,15.58915559432933
21686,15.58915559432933
21687,15.58915559432933
21688,15.58915559432933
21689,15.58915559432933
21690,15.58915559432933
21691,15.58915559432933
21692,15.58915559432933
21693,15.58915559432933
21694,15.58915559432933
21695,15.58915559432933
21696,15.58915559432933
21697,15.58915559432933
21698,15.58915559432933
21699,15.58915559432933
21700,15.58915559432933
21701,15.58915559432933
21702,15.58915559432933
21703,15.58915559432933
21704,15.58915559432933
21705,15.58915559432933
21706,15.58915559432933
21707,15.58915559432933
21708,15.58915559432933
21709,15.58915559432933
21710,15.58915559432933
21711,15.58915559432933
21712,15.58915559432933
21713,15.58915559432933
21714,15.58915559432933
21715,15.58915559432933
21716,15.58915559432933
21717,15.58915559432933
21718,15.58915559432933
21719,15.58915559432933
21720,15.58915559432933
21721,15.58915559432933
21722,15.58915559432933
21723,15.58915559432933
21724,15.58915559432933
21725,15.58915559432933
21726,15.58915559432933
21727,15.58915559432933
21728,15.58915559432933
21729,15.58915559432933
21730,15.58915559432933
21731,15.58915559432933
21732,15.58915559432933
21733,15.58915559432933
21734,15.58915559432933
21735,15.58915559432933
21736,15.58915559432933
21737,15.58915559432933
21738,15.58915559432933
21739,15.58915559432933
21740,15.58915559432933
21741,15.58915559432933
21742,15.58915559432933
21743,15.58915559432933
21744,15.58915559432933
21745,15.58915559432933
21746,15.58915559432933
21747,15.58915559432933
21748,15.58915559432933
21749,15.58915559432933
21750,15.58915559432933
21751,15.58915559432933
21752,15.58915559432933
21753,15.58915559432933
21754,15.58915559432933
21755,15.58915559432933
21756,15.58915559432933
21757,15.58915559432933
21758,15.58915559432933
21759,15.58915559432933
21760,15.58915559432933
21761,15.58915559432933
21762,15.58915559432933
21763,15.58915559432933
21764,15.58915559432933
21765,15.58915559432933
21766,15.58915559432933
21767,15.58915559432933
21768,15.58915559432933
21769,15.58915559432933
21770,15.58915559432933
21771,15.58915559432933
21772,15.58915559432933
21773,15.58915559432933
21774,15.58915559432933
21775,15.58915559432933
21776,15.58915559432933
21777,15.58915559432933
21778,15.58915559432933
21779,15.58915559432933
21780,15.58915559432933
21781,15.58915559432933
21782,15.58915559432933
21783,15.58915559432933
21784,15.58915559432933
21785,15.58915559432933
21786,15.58915559432933
21787,15.58915559432933
21788,15.58915559432933
21789,15.58915559432933
21790,15.58915559432933
21791,15.58915559432933
21792,15.58915559432933
21793,15.58915559432933
21794,15.58915559432933
21795,15.58915559432933
21796,15.58915559432933
21797,15.58915559432933
21798,15.58915559432933
21799,15.58915559432933
21800,15.58915559432933
21801,15.58915559432933
21802,15.58915559432933
21803,15.58915559432933
21804,15.58915559432933
21805,15.58915559432933
21806,15.58915559432933
21807,15.58915559432933
21808,15.58915559432933
21809,15.58915559432933
21810,15.58915559432933
21811,15.58915559432933
21812,15.58915559432933
21813,15.58915559432933
21814,15.58915559432933
21815,15.58915559432933
21816,15.58915559432933
21817,15.58915559432933
21818,15.58915559432933
21819,15.58915559432933
21820,15.58915559432933
21821,15.58915559432933
21822,15.58915559432933
21823,15.58915559432933
21824,15.58915559432933
21825,15.58915559432933
21826,15.58915559432933
21827,15.58915559432933
21828,15.58915559432933
21829,15.58915559432933
21830,15.58915559432933
21831,15.58915559432933
21832,15.58915559432933
21833,15.58915559432933
21834,15.58915559432933
21835,15.58915559432933
21836,15.58915559432933
21837,15.58915559432933
21838,15.58915559432933
21839,15.58915559432933
21840,15.58915559432933
21841,15.58915559432933
21842,15.58915559432933
21843,15.58915559432933
21844,15.58915559432933
21845,15.58915559432933
21846,15.58915559432933
21847,15.58915559432933
21848,15.58915559432933
21849,15.58915559432933
21850,15.58915559432933
21851,15.58915559432933
21852,15.58915559432933
21853,15.58915559432933
21854,15.58915559432933
21855,15.58915559432933
21856,15.58915559432933
21857,15.58915559432933
21858,15.58915559432933
21859,15.58915559432933
21860,15.58915559432933
21861,15.58915559432933
21862,15.58915559432933
21863,15.58915559432933
21864,15.58915559432933
21865,15.58915559432933
21866,15.58915559432933
21867,15.58915559432933
21868,15.58915559432933
21869,15.58915559432933
21870,15.58915559432933
21871,15.58915559432933
21872,15.58915559432933
21873,15.58915559432933
21874,15.58915559432933
21875,15.58915559432933
21876,15.58915559432933
21877,15.58915559432933
21878,15.58915559432933
21879,15.58915559432933
21880,15.58915559432933
21881,15.58915559432933
21882,15.58915559432933
21883,15.58915559432933
21884,15.58915559432933
21885,15.58915559432933
21886,15.58915559432933
21887,15.58915559432933
21888,15.58915559432933
21889,15.58915559432933
21890,15.58915559432933
21891,15.58915559432933
21892,15.58915559432933
21893,15.58915559432933
21894,15.58915559432933
21895,15.58915559432933
21896,15.58915559432933
21897,15.58915559432933
21898,15.58915559432933
21899,15.58915559432933
21900,15.58915559432933
21901,15.58915559432933
21902,15.58915559432933
21903,15.58915559432933
21904,15.58915559432933
21905,15.58915559432933
21906,15.58915559432933
21907,15.58915559432933
21908,15.58915559432933
21909,15.58915559432933
21910,15.58915559432933
21911,15.58915559432933
21912,15.58915559432933
21913,15.58915559432933
21914,15.58915559432933
21915,15.58915559432933
21916,15.58915559432933
21917,15.58915559432933
21918,15.58915559432933
21919,15.58915559432933
21920,15.58915559432933
21921,15.58915559432933
21922,15.58915559432933
21923,15.58915559432933
21924,15.58915559432933
21925,15.58915559432933
21926,15.58915559432933
21927,15.58915559432933
21928,15.58915559432933
21929,15.58915559432933
21930,15.58915559432933
21931,15.58915559432933
21932,15.58915559432933
21933,15.58915559432933
21934,15.58915559432933
21935,15.58915559432933
21936,15.58915559432933
21937,15.58915559432933
21938,15.58915559432933
21939,15.58915559432933
21940,15.58915559432933
21941,15.58915559432933
21942,15.58915559432933
21943,15.58915559432933
21944,15.58915559432933
21945,15.58915559432933
21946,15.58915559432933
21947,15.58915559432933
21948,15.58915559432933
21949,15.58915559432933
21950,15.58915559432933
21951,15.58915559432933
21952,15.58915559432933
21953,15.58915559432933
21954,15.58915559432933
21955,15.58915559432933
21956,15.58915559432933
21957,15.58915559432933
21958,15.58915559432933
21959,15.58915559432933
21960,15.58915559432933
21961,15.58915559432933
21962,15.58915559432933
21963,15.58915559432933
21964,15.58915559432933
21965,15.58915559432933
21966,15.58915559432933
21967,15.58915559432933
21968,15.58915559432933
21969,15.58915559432933
21970,15.58915559432933
21971,15.58915559432933
21972,15.58915559432933
21973,15.58915559432933
21974,15.58915559432933
21975,15.58915559432933
21976,15.58915559432933
21977,15.58915559432933
21978,15.58915559432933
21979,15.58915559432933
21980,15.58915559432933
21981,15.58915559432933
21982,15.58915559432933
21983,15.58915559432933
21984,15.58915559432933
21985,15.58915559432933
21986,15.58915559432933
21987,15.58915559432933
21988,15.58915559432933
21989,15.58915559432933
21990,15.58915559432933
21991,15.58915559432933
21992,15.58915559432933
21993,15.58915559432933
21994,15.58915559432933
21995,15.58915559432933
21996,15.58915559432933
21997,15.58915559432933
21998,15.58915559432933
21999,15.58915559432933
22000,15.58915559432933
22001,15.58915559432933
22002,15.58915559432933
22003,15.58915559432933
22004,15.58915559432933
22005,15.58915559432933
22006,15.58915559432933
22007,15.58915559432933
22008,15.58915559432933
22009,15.58915559432933
22010,15.58915559432933
22011,15.58915559432933
22012,15.58915559432933
22013,15.58915559432933
22014,15.58915559432933
22015,15.58915559432933
22016,15.58915559432933
22017,15.58915559432933
22018,15.58915559432933
22019,15.58915559432933
22020,15.58915559432933
22021,15.58915559432933
22022,15.58915559432933
22023,15.58915559432933
22024,15.58915559432933
22025,15.58915559432933
22026,15.58915559432933
22027,15.58915559432933
22028,15.58915559432933
22029,15.58915559432933
22030,15.58915559432933
22031,15.58915559432933
22032,15.58915559432933
22033,15.58915559432933
22034,15.58915559432933
22035,15.58915559432933
22036,15.58915559432933
22037,15.58915559432933
22038,15.58915559432933
22039,15.58915559432933
22040,15.58915559432933
22041,15.58915559432933
22042,15.58915559432933
22043,15.58915559432933
22044,15.58915559432933
22045,15.58915559432933
22046,15.58915559432933
22047,15.58915559432933
22048,15.58915559432933
22049,15.58915559432933
22050,15.58915559432933
22051,15.58915559432933
22052,15.58915559432933
22053,15.58915559432933
22054,15.58915559432933
22055,15.58915559432933
22056,15.58915559432933
22057,15.58915559432933
22058,15.58915559432933
22059,15.58915559432933
22060,15.58915559432933
22061,15.58915559432933
22062,15.58915559432933
22063,15.58915559432933
22064,15.58915559432933
22065,15.58915559432933
22066,15.58915559432933
22067,15.58915559432933
22068,15.58915559432933
22069,15.58915559432933
22070,15.58915559432933
22071,15.58915559432933
22072,15.58915559432933
22073,15.58915559432933
22074,15.58915559432933
22075,15.58915559432933
22076,15.58915559432933
22077,15.58915559432933
22078,15.58915559432933
22079,15.58915559432933
22080,15.58915559432933
22081,15.58915559432933
22082,15.58915559432933
22083,15.58915559432933
22084,15.58915559432933
22085,15.58915559432933
22086,15.58915559432933
22087,15.58915559432933
22088,15.58915559432933
22089,15.58915559432933
22090,15.58915559432933
22091,15.58915559432933
22092,15.58915559432933
22093,15.58915559432933
22094,15.58915559432933
22095,15.58915559432933
22096,15.58915559432933
22097,15.58915559432933
22098,15.58915559432933
22099,15.58915559432933
22100,15.58915559432933
22101,15.58915559432933
22102,15.58915559432933
22103,15.58915559432933
22104,15.58915559432933
22105,15.58915559432933
22106,15.58915559432933
22107,15.58915559432933
22108,15.58915559432933
22109,15.58915559432933
22110,15.58915559432933
22111,15.58915559432933
22112,15.58915559432933
22113,15.58915559432933
22114,15.58915559432933
22115,15.58915559432933
22116,15.58915559432933
22117,15.58915559432933
22118,15.58915559432933
22119,15.58915559432933
22120,15.58915559432933
22121,15.58915559432933
22122,15.58915559432933
22123,15.58915559432933
22124,15.58915559432933
22125,15.58915559432933
22126,15.58915559432933
22127,15.58915559432933
22128,15.58915559432933
22129,15.58915559432933
22130,15.58915559432933
22131,15.58915559432933
22132,15.58915559432933
22133,15.58915559432933
22134,15.58915559432933
22135,15.58915559432933
22136,15.58915559432933
22137,15.58915559432933
22138,15.58915559432933
22139,15.58915559432933
22140,15.58915559432933
22141,15.58915559432933
22142,15.58915559432933
22143,15.58915559432933
22144,15.58915559432933
22145,15.58915559432933
22146,15.58915559432933
22147,15.58915559432933
22148,15.58915559432933
22149,15.58915559432933
22150,15.58915559432933
22151,15.58915559432933
22152,15.58915559432933
22153,15.58915559432933
22154,15.58915559432933
22155,15.58915559432933
22156,15.58915559432933
22157,15.58915559432933
22158,15.58915559432933
22159,15.58915559432933
22160,15.58915559432933
22161,15.58915559432933
22162,15.58915559432933
22163,15.58915559432933
22164,15.58915559432933
22165,15.58915559432933
22166,15.58915559432933
22167,15.58915559432933
22168,15.58915559432933
22169,15.58915559432933
22170,15.58915559432933
22171,15.58915559432933
22172,15.58915559432933
22173,15.58915559432933
22174,15.58915559432933
22175,15.58915559432933
22176,15.58915559432933
22177,15.58915559432933
22178,15.58915559432933
22179,15.58915559432933
22180,15.58915559432933
22181,15.58915559432933
22182,15.58915559432933
22183,15.58915559432933
22184,15.58915559432933
22185,15.58915559432933
22186,15.58915559432933
22187,15.58915559432933
22188,15.58915559432933
22189,15.58915559432933
22190,15.58915559432933
22191,15.58915559432933
22192,15.58915559432933
22193,15.58915559432933
22194,15.58915559432933
22195,15.58915559432933
22196,15.58915559432933
22197,15.58915559432933
22198,15.58915559432933
22199,15.58915559432933
22200,15.58915559432933
22201,15.58915559432933
22202,15.58915559432933
22203,15.58915559432933
22204,15.58915559432933
22205,15.58915559432933
22206,15.58915559432933
22207,15.58915559432933
22208,15.58915559432933
22209,15.58915559432933
22210,15.58915559432933
22211,15.58915559432933
22212,15.58915559432933
22213,15.58915559432933
22214,15.58915559432933
22215,15.58915559432933
22216,15.58915559432933
22217,15.58915559432933
22218,15.58915559432933
22219,15.58915559432933
22220,15.58915559432933
22221,15.58915559432933
22222,15.58915559432933
22223,15.58915559432933
22224,15.58915559432933
22225,15.58915559432933
22226,15.58915559432933
22227,15.58915559432933
22228,15.58915559432933
22229,15.58915559432933
22230,15.58915559432933
22231,15.58915559432933
22232,15.58915559432933
22233,15.58915559432933
22234,15.58915559432933
22235,15.58915559432933
22236,15.58915559432933
22237,15.58915559432933
22238,15.58915559432933
22239,15.58915559432933
22240,15.58915559432933
22241,15.58915559432933
22242,15.58915559432933
22243,15.58915559432933
22244,15.58915559432933
22245,15.58915559432933
22246,15.58915559432933
22247,15.58915559432933
22248,15.58915559432933
22249,15.58915559432933
22250,15.58915559432933
22251,15.58915559432933
22252,15.58915559432933
22253,15.58915559432933
22254,15.58915559432933
22255,15.58915559432933
22256,15.58915559432933
22257,15.58915559432933
22258,15.58915559432933
22259,15.58915559432933
22260,15.58915559432933
22261,15.58915559432933
22262,15.58915559432933
22263,15.58915559432933
22264,15.58915559432933
22265,15.58915559432933
22266,15.58915559432933
22267,15.58915559432933
22268,15.58915559432933
22269,15.58915559432933
22270,15.58915559432933
22271,15.58915559432933
22272,15.58915559432933
22273,15.58915559432933
22274,15.58915559432933
22275,15.58915559432933
22276,15.58915559432933
22277,15.58915559432933
22278,15.58915559432933
22279,15.58915559432933
22280,15.58915559432933
22281,15.58915559432933
22282,15.58915559432933
22283,15.58915559432933
22284,15.58915559432933
22285,15.58915559432933
22286,15.58915559432933
22287,15.58915559432933
22288,15.58915559432933
22289,15.58915559432933
22290,15.58915559432933
22291,15.58915559432933
22292,15.58915559432933
22293,15.58915559432933
22294,15.58915559432933
22295,15.58915559432933
22296,15.58915559432933
22297,15.58915559432933
22298,15.58915559432933
22299,15.58915559432933
22300,15.58915559432933
22301,15.58915559432933
22302,15.58915559432933
22303,15.58915559432933
22304,15.58915559432933
22305,15.58915559432933
22306,15.58915559432933
22307,15.58915559432933
22308,15.58915559432933
22309,15.58915559432933
22310,15.58915559432933
22311,15.58915559432933
22312,15.58915559432933
22313,15.58915559432933
22314,15.58915559432933
22315,15.58915559432933
22316,15.58915559432933
22317,15.58915559432933
22318,15.58915559432933
22319,15.58915559432933
22320,15.58915559432933
22321,15.58915559432933
22322,15.58915559432933
22323,15.58915559432933
22324,15.58915559432933
22325,15.58915559432933
22326,15.58915559432933
22327,15.58915559432933
22328,15.58915559432933
22329,15.58915559432933
22330,15.58915559432933
22331,15.58915559432933
22332,15.58915559432933
22333,15.58915559432933
22334,15.58915559432933
22335,15.58915559432933
22336,15.58915559432933
22337,15.58915559432933
22338,15.58915559432933
22339,15.58915559432933
22340,15.58915559432933
22341,15.58915559432933
22342,15.58915559432933
22343,15.58915559432933
22344,15.58915559432933
22345,15.58915559432933
22346,15.58915559432933
22347,15.58915559432933
22348,15.58915559432933
22349,15.58915559432933
22350,15.58915559432933
22351,15.58915559432933
22352,15.58915559432933
22353,15.58915559432933
22354,15.58915559432933
22355,15.58915559432933
22356,15.58915559432933
22357,15.58915559432933
22358,15.58915559432933
22359,15.58915559432933
22360,15.58915559432933
22361,15.58915559432933
22362,15.58915559432933
22363,15.58915559432933
22364,15.58915559432933
22365,15.58915559432933
22366,15.58915559432933
22367,15.58915559432933
22368,15.58915559432933
22369,15.58915559432933
22370,15.58915559432933
22371,15.58915559432933
22372,15.58915559432933
22373,15.58915559432933
22374,15.58915559432933
22375,15.58915559432933
22376,15.58915559432933
22377,15.58915559432933
22378,15.58915559432933
22379,15.58915559432933
22380,15.58915559432933
22381,15.58915559432933
22382,15.58915559432933
22383,15.58915559432933
22384,15.58915559432933
22385,15.58915559432933
22386,15.58915559432933
22387,15.58915559432933
22388,15.58915559432933
22389,15.58915559432933
22390,15.58915559432933
22391,15.58915559432933
22392,15.58915559432933
22393,15.58915559432933
22394,15.58915559432933
22395,15.58915559432933
22396,15.58915559432933
22397,15.58915559432933
22398,15.58915559432933
22399,15.58915559432933
22400,15.58915559432933
22401,15.58915559432933
22402,15.58915559432933
22403,15.58915559432933
22404,15.58915559432933
22405,15.58915559432933
22406,15.58915559432933
22407,15.58915559432933
22408,15.58915559432933
22409,15.58915559432933
22410,15.58915559432933
22411,15.58915559432933
22412,15.58915559432933
22413,15.58915559432933
22414,15.58915559432933
22415,15.58915559432933
22416,15.58915559432933
22417,15.58915559432933
22418,15.58915559432933
22419,15.58915559432933
22420,15.58915559432933
22421,15.58915559432933
22422,15.58915559432933
22423,15.58915559432933
22424,15.58915559432933
22425,15.58915559432933
22426,15.58915559432933
22427,15.58915559432933
22428,15.58915559432933
22429,15.58915559432933
22430,15.58915559432933
22431,15.58915559432933
22432,15.58915559432933
22433,15.58915559432933
22434,15.58915559432933
22435,15.58915559432933
22436,15.58915559432933
22437,15.58915559432933
22438,15.58915559432933
22439,15.58915559432933
22440,15.58915559432933
22441,15.58915559432933
22442,15.58915559432933
22443,15.58915559432933
22444,15.58915559432933
22445,15.58915559432933
22446,15.58915559432933
22447,15.58915559432933
22448,15.58915559432933
22449,15.58915559432933
22450,15.58915559432933
22451,15.58915559432933
22452,15.58915559432933
22453,15.58915559432933
22454,15.58915559432933
22455,15.58915559432933
22456,15.58915559432933
22457,15.58915559432933
22458,15.58915559432933
22459,15.58915559432933
22460,15.58915559432933
22461,15.58915559432933
22462,15.58915559432933
22463,15.58915559432933
22464,15.58915559432933
22465,15.58915559432933
22466,15.58915559432933
22467,15.58915559432933
22468,15.58915559432933
22469,15.58915559432933
22470,15.58915559432933
22471,15.58915559432933
22472,15.58915559432933
22473,15.58915559432933
22474,15.58915559432933
22475,15.58915559432933
22476,15.58915559432933
22477,15.58915559432933
22478,15.58915559432933
22479,15.58915559432933
22480,15.58915559432933
22481,15.58915559432933
22482,15.58915559432933
22483,15.58915559432933
22484,15.58915559432933
22485,15.58915559432933
22486,15.58915559432933
22487,15.58915559432933
22488,15.58915559432933
22489,15.58915559432933
22490,15.58915559432933
22491,15.58915559432933
22492,15.58915559432933
22493,15.58915559432933
22494,15.58915559432933
22495,15.58915559432933
22496,15.58915559432933
22497,15.58915559432933
22498,15.58915559432933
22499,15.58915559432933
22500,15.58915559432933
22501,15.58915559432933
22502,15.58915559432933
22503,15.58915559432933
22504,15.58915559432933
22505,15.58915559432933
22506,15.58915559432933
22507,15.58915559432933
22508,15.58915559432933
22509,15.58915559432933
22510,15.58915559432933
22511,15.58915559432933
22512,15.58915559432933
22513,15.58915559432933
22514,15.58915559432933
22515,15.58915559432933
22516,15.58915559432933
22517,15.58915559432933
22518,15.58915559432933
22519,15.58915559432933
22520,15.58915559432933
22521,15.58915559432933
22522,15.58915559432933
22523,15.58915559432933
22524,15.58915559432933
22525,15.58915559432933
22526,15.58915559432933
22527,15.58915559432933
22528,15.58915559432933
22529,15.58915559432933
22530,15.58915559432933
22531,15.58915559432933
22532,15.58915559432933
22533,15.58915559432933
22534,15.58915559432933
22535,15.58915559432933
22536,15.58915559432933
22537,15.58915559432933
22538,15.58915559432933
22539,15.58915559432933
22540,15.58915559432933
22541,15.58915559432933
22542,15.58915559432933
22543,15.58915559432933
22544,15.58915559432933
22545,15.58915559432933
22546,15.58915559432933
22547,15.58915559432933
22548,15.58915559432933
22549,15.58915559432933
22550,15.58915559432933
22551,15.58915559432933
22552,15.58915559432933
22553,15.58915559432933
22554,15.58915559432933
22555,15.58915559432933
22556,15.58915559432933
22557,15.58915559432933
22558,15.58915559432933
22559,15.58915559432933
22560,15.58915559432933
22561,15.58915559432933
22562,15.58915559432933
22563,15.58915559432933
22564,15.58915559432933
22565,15.58915559432933
22566,15.58915559432933
22567,15.58915559432933
22568,15.58915559432933
22569,15.58915559432933
22570,15.58915559432933
22571,15.58915559432933
22572,15.58915559432933
22573,15.58915559432933
22574,15.58915559432933
22575,15.58915559432933
22576,15.58915559432933
22577,15.58915559432933
22578,15.58915559432933
22579,15.58915559432933
22580,15.58915559432933
22581,15.58915559432933
22582,15.58915559432933
22583,15.58915559432933
22584,15.58915559432933
22585,15.58915559432933
22586,15.58915559432933
22587,15.58915559432933
22588,15.58915559432933
22589,15.58915559432933
22590,15.58915559432933
22591,15.58915559432933
22592,15.58915559432933
22593,15.58915559432933
22594,15.58915559432933
22595,15.58915559432933
22596,15.58915559432933
22597,15.58915559432933
22598,15.58915559432933
22599,15.58915559432933
22600,15.58915559432933
22601,15.58915559432933
22602,15.58915559432933
22603,15.58915559432933
22604,15.58915559432933
22605,15.58915559432933
22606,15.58915559432933
22607,15.58915559432933
22608,15.58915559432933
22609,15.58915559432933
22610,15.58915559432933
22611,15.58915559432933
22612,15.58915559432933
22613,15.58915559432933
22614,15.58915559432933
22615,15.58915559432933
22616,15.58915559432933
22617,15.58915559432933
22618,15.58915559432933
22619,15.58915559432933
22620,15.58915559432933
22621,15.58915559432933
22622,15.58915559432933
22623,15.58915559432933
22624,15.58915559432933
22625,15.58915559432933
22626,15.58915559432933
22627,15.58915559432933
22628,15.58915559432933
22629,15.58915559432933
22630,15.58915559432933
22631,15.58915559432933
22632,15.58915559432933
22633,15.58915559432933
22634,15.58915559432933
22635,15.58915559432933
22636,15.58915559432933
22637,15.58915559432933
22638,15.58915559432933
22639,15.58915559432933
22640,15.58915559432933
22641,15.58915559432933
22642,15.58915559432933
22643,15.58915559432933
22644,15.58915559432933
22645,15.58915559432933
22646,15.58915559432933
22647,15.58915559432933
22648,15.58915559432933
22649,15.58915559432933
22650,15.58915559432933
22651,15.58915559432933
22652,15.58915559432933
22653,15.58915559432933
22654,15.58915559432933
22655,15.58915559432933
22656,15.58915559432933
22657,15.58915559432933
22658,15.58915559432933
22659,15.58915559432933
22660,15.58915559432933
22661,15.58915559432933
22662,15.58915559432933
22663,15.58915559432933
22664,15.58915559432933
22665,15.58915559432933
22666,15.58915559432933
22667,15.58915559432933
22668,15.58915559432933
22669,15.58915559432933
22670,15.58915559432933
22671,15.58915559432933
22672,15.58915559432933
22673,15.58915559432933
22674,15.58915559432933
22675,15.58915559432933
22676,15.58915559432933
22677,15.58915559432933
22678,15.58915559432933
22679,15.58915559432933
22680,15.58915559432933
22681,15.58915559432933
22682,15.58915559432933
22683,15.58915559432933
22684,15.58915559432933
22685,15.58915559432933
22686,15.58915559432933
22687,15.58915559432933
22688,15.58915559432933
22689,15.58915559432933
22690,15.58915559432933
22691,15.58915559432933
22692,15.58915559432933
22693,15.58915559432933
22694,15.58915559432933
22695,15.58915559432933
22696,15.58915559432933
22697,15.58915559432933
22698,15.58915559432933
22699,15.58915559432933
22700,15.58915559432933
22701,15.58915559432933
22702,15.58915559432933
22703,15.58915559432933
22704,15.58915559432933
22705,15.58915559432933
22706,15.58915559432933
22707,15.58915559432933
22708,15.58915559432933
22709,15.58915559432933
22710,15.58915559432933
22711,15.58915559432933
22712,15.58915559432933
22713,15.58915559432933
22714,15.58915559432933
22715,15.58915559432933
22716,15.58915559432933
22717,15.58915559432933
22718,15.58915559432933
22719,15.58915559432933
22720,15.58915559432933
22721,15.58915559432933
22722,15.58915559432933
22723,15.58915559432933
22724,15.58915559432933
22725,15.58915559432933
22726,15.58915559432933
22727,15.58915559432933
22728,15.58915559432933
22729,15.58915559432933
22730,15.58915559432933
22731,15.58915559432933
22732,15.58915559432933
22733,15.58915559432933
22734,15.58915559432933
22735,15.58915559432933
22736,15.58915559432933
22737,15.58915559432933
22738,15.58915559432933
22739,15.58915559432933
22740,15.58915559432933
22741,15.58915559432933
22742,15.58915559432933
22743,15.58915559432933
22744,15.58915559432933
22745,15.58915559432933
22746,15.58915559432933
22747,15.58915559432933
22748,15.58915559432933
22749,15.58915559432933
22750,15.58915559432933
22751,15.58915559432933
22752,15.58915559432933
22753,15.58915559432933
22754,15.58915559432933
22755,15.58915559432933
22756,15.58915559432933
22757,15.58915559432933
22758,15.58915559432933
22759,15.58915559432933
22760,15.58915559432933
22761,15.58915559432933
22762,15.58915559432933
22763,15.58915559432933
22764,15.58915559432933
22765,15.58915559432933
22766,15.58915559432933
22767,15.58915559432933
22768,15.58915559432933
22769,15.58915559432933
22770,15.58915559432933
22771,15.58915559432933
22772,15.58915559432933
22773,15.58915559432933
22774,15.58915559432933
22775,15.58915559432933
22776,15.58915559432933
22777,15.58915559432933
22778,15.58915559432933
22779,15.58915559432933
22780,15.58915559432933
22781,15.58915559432933
22782,15.58915559432933
22783,15.58915559432933
22784,15.58915559432933
22785,15.58915559432933
22786,15.58915559432933
22787,15.58915559432933
22788,15.58915559432933
22789,15.58915559432933
22790,15.58915559432933
22791,15.58915559432933
22792,15.58915559432933
22793,15.58915559432933
22794,15.58915559432933
22795,15.58915559432933
22796,15.58915559432933
22797,15.58915559432933
22798,15.58915559432933
22799,15.58915559432933
22800,15.58915559432933
22801,15.58915559432933
22802,15.58915559432933
22803,15.58915559432933
22804,15.58915559432933
22805,15.58915559432933
22806,15.58915559432933
22807,15.58915559432933
22808,15.58915559432933
22809,15.58915559432933
22810,15.58915559432933
22811,15.58915559432933
22812,15.58915559432933
22813,15.58915559432933
22814,15.58915559432933
22815,15.58915559432933
22816,15.58915559432933
22817,15.58915559432933
22818,15.58915559432933
22819,15.58915559432933
22820,15.58915559432933
22821,15.58915559432933
22822,15.58915559432933
22823,15.58915559432933
22824,15.58915559432933
22825,15.58915559432933
22826,15.58915559432933
22827,15.58915559432933
22828,15.58915559432933
22829,15.58915559432933
22830,15.58915559432933
22831,15.58915559432933
22832,15.58915559432933
22833,15.58915559432933
22834,15.58915559432933
22835,15.58915559432933
22836,15.58915559432933
22837,15.58915559432933
22838,15.58915559432933
22839,15.58915559432933
22840,15.58915559432933
22841,15.58915559432933
22842,15.58915559432933
22843,15.58915559432933
22844,15.58915559432933
22845,15.58915559432933
22846,15.58915559432933
22847,15.58915559432933
22848,15.58915559432933
22849,15.58915559432933
22850,15.58915559432933
22851,15.58915559432933
22852,15.58915559432933
22853,15.58915559432933
22854,15.58915559432933
22855,15.58915559432933
22856,15.58915559432933
22857,15.58915559432933
22858,15.58915559432933
22859,15.58915559432933
22860,15.58915559432933
22861,15.58915559432933
22862,15.58915559432933
22863,15.58915559432933
22864,15.58915559432933
22865,15.58915559432933
22866,15.58915559432933
22867,15.58915559432933
22868,15.58915559432933
22869,15.58915559432933
22870,15.58915559432933
22871,15.58915559432933
22872,15.58915559432933
22873,15.58915559432933
22874,15.58915559432933
22875,15.58915559432933
22876,15.58915559432933
22877,15.58915559432933
22878,15.58915559432933
22879,15.58915559432933
22880,15.58915559432933
22881,15.58915559432933
22882,15.58915559432933
22883,15.58915559432933
22884,15.58915559432933
22885,15.58915559432933
22886,15.58915559432933
22887,15.58915559432933
22888,15.58915559432933
22889,15.58915559432933
22890,15.58915559432933
22891,15.58915559432933
22892,15.58915559432933
22893,15.58915559432933
22894,15.58915559432933
22895,15.58915559432933
22896,15.58915559432933
22897,15.58915559432933
22898,15.58915559432933
22899,15.58915559432933
22900,15.58915559432933
22901,15.58915559432933
22902,15.58915559432933
22903,15.58915559432933
22904,15.58915559432933
22905,15.58915559432933
22906,15.58915559432933
22907,15.58915559432933
22908,15.58915559432933
22909,15.58915559432933
22910,15.58915559432933
22911,15.58915559432933
22912,15.58915559432933
22913,15.58915559432933
22914,15.58915559432933
22915,15.58915559432933
22916,15.58915559432933
22917,15.58915559432933
22918,15.58915559432933
22919,15.58915559432933
22920,15.58915559432933
22921,15.58915559432933
22922,15.58915559432933
22923,15.58915559432933
22924,15.58915559432933
22925,15.58915559432933
22926,15.58915559432933
22927,15.58915559432933
22928,15.58915559432933
22929,15.58915559432933
22930,15.58915559432933
22931,15.58915559432933
22932,15.58915559432933
22933,15.58915559432933
22934,15.58915559432933
22935,15.58915559432933
22936,15.58915559432933
22937,15.58915559432933
22938,15.58915559432933
22939,15.58915559432933
22940,15.58915559432933
22941,15.58915559432933
22942,15.58915559432933
22943,15.58915559432933
22944,15.58915559432933
22945,15.58915559432933
22946,15.58915559432933
22947,15.58915559432933
22948,15.58915559432933
22949,15.58915559432933
22950,15.58915559432933
22951,15.58915559432933
22952,15.58915559432933
22953,15.58915559432933
22954,15.58915559432933
22955,15.58915559432933
22956,15.58915559432933
22957,15.58915559432933
22958,15.58915559432933
22959,15.58915559432933
22960,15.58915559432933
22961,15.58915559432933
22962,15.58915559432933
22963,15.58915559432933
22964,15.58915559432933
22965,15.58915559432933
22966,15.58915559432933
22967,15.58915559432933
22968,15.58915559432933
22969,15.58915559432933
22970,15.58915559432933
22971,15.58915559432933
22972,15.58915559432933
22973,15.58915559432933
22974,15.58915559432933
22975,15.58915559432933
22976,15.58915559432933
22977,15.58915559432933
22978,15.58915559432933
22979,15.58915559432933
22980,15.58915559432933
22981,15.58915559432933
22982,15.58915559432933
22983,15.58915559432933
22984,15.58915559432933
22985,15.58915559432933
22986,15.58915559432933
22987,15.58915559432933
22988,15.58915559432933
22989,15.58915559432933
22990,15.58915559432933
22991,15.58915559432933
22992,15.58915559432933
22993,15.58915559432933
22994,15.58915559432933
22995,15.58915559432933
22996,15.58915559432933
22997,15.58915559432933
22998,15.58915559432933
22999,15.58915559432933
23000,15.58915559432933
23001,15.58915559432933
23002,15.58915559432933
23003,15.58915559432933
23004,15.58915559432933
23005,15.58915559432933
23006,15.58915559432933
23007,15.58915559432933
23008,15.58915559432933
23009,15.58915559432933
23010,15.58915559432933
23011,15.58915559432933
23012,15.58915559432933
23013,15.58915559432933
23014,15.58915559432933
23015,15.58915559432933
23016,15.58915559432933
23017,15.58915559432933
23018,15.58915559432933
23019,15.58915559432933
23020,15.58915559432933
23021,15.58915559432933
23022,15.58915559432933
23023,15.58915559432933
23024,15.58915559432933
23025,15.58915559432933
23026,15.58915559432933
23027,15.58915559432933
23028,15.58915559432933
23029,15.58915559432933
23030,15.58915559432933
23031,15.58915559432933
23032,15.58915559432933
23033,15.58915559432933
23034,15.58915559432933
23035,15.58915559432933
23036,15.58915559432933
23037,15.58915559432933
23038,15.58915559432933
23039,15.58915559432933
23040,15.58915559432933
23041,15.58915559432933
23042,15.58915559432933
23043,15.58915559432933
23044,15.58915559432933
23045,15.58915559432933
23046,15.58915559432933
23047,15.58915559432933
23048,15.58915559432933
23049,15.58915559432933
23050,15.58915559432933
23051,15.58915559432933
23052,15.58915559432933
23053,15.58915559432933
23054,15.58915559432933
23055,15.58915559432933
23056,15.58915559432933
23057,15.58915559432933
23058,15.58915559432933
23059,15.58915559432933
23060,15.58915559432933
23061,15.58915559432933
23062,15.58915559432933
23063,15.58915559432933
23064,15.58915559432933
23065,15.58915559432933
23066,15.58915559432933
23067,15.58915559432933
23068,15.58915559432933
23069,15.58915559432933
23070,15.58915559432933
23071,15.58915559432933
23072,15.58915559432933
23073,15.58915559432933
23074,15.58915559432933
23075,15.58915559432933
23076,15.58915559432933
23077,15.58915559432933
23078,15.58915559432933
23079,15.58915559432933
23080,15.58915559432933
23081,15.58915559432933
23082,15.58915559432933
23083,15.58915559432933
23084,15.58915559432933
23085,15.58915559432933
23086,15.58915559432933
23087,15.58915559432933
23088,15.58915559432933
23089,15.58915559432933
23090,15.58915559432933
23091,15.58915559432933
23092,15.58915559432933
23093,15.58915559432933
23094,15.58915559432933
23095,15.58915559432933
23096,15.58915559432933
23097,15.58915559432933
23098,15.58915559432933
23099,15.58915559432933
23100,15.58915559432933
23101,15.58915559432933
23102,15.58915559432933
23103,15.58915559432933
23104,15.58915559432933
23105,15.58915559432933
23106,15.58915559432933
23107,15.58915559432933
23108,15.58915559432933
23109,15.58915559432933
23110,15.58915559432933
23111,15.58915559432933
23112,15.58915559432933
23113,15.58915559432933
23114,15.58915559432933
23115,15.58915559432933
23116,15.58915559432933
23117,15.58915559432933
23118,15.58915559432933
23119,15.58915559432933
23120,15.58915559432933
23121,15.58915559432933
23122,15.58915559432933
23123,15.58915559432933
23124,15.58915559432933
23125,15.58915559432933
23126,15.58915559432933
23127,15.58915559432933
23128,15.58915559432933
23129,15.58915559432933
23130,15.58915559432933
23131,15.58915559432933
23132,15.58915559432933
23133,15.58915559432933
23134,15.58915559432933
23135,15.58915559432933
23136,15.58915559432933
23137,15.58915559432933
23138,15.58915559432933
23139,15.58915559432933
23140,15.58915559432933
23141,15.58915559432933
23142,15.58915559432933
23143,15.58915559432933
23144,15.58915559432933
23145,15.58915559432933
23146,15.58915559432933
23147,15.58915559432933
23148,15.58915559432933
23149,15.58915559432933
23150,15.58915559432933
23151,15.58915559432933
23152,15.58915559432933
23153,15.58915559432933
23154,15.58915559432933
23155,15.58915559432933
23156,15.58915559432933
23157,15.58915559432933
23158,15.58915559432933
23159,15.58915559432933
23160,15.58915559432933
23161,15.58915559432933
23162,15.58915559432933
23163,15.58915559432933
23164,15.58915559432933
23165,15.58915559432933
23166,15.58915559432933
23167,15.58915559432933
23168,15.58915559432933
23169,15.58915559432933
23170,15.58915559432933
23171,15.58915559432933
23172,15.58915559432933
23173,15.58915559432933
23174,15.58915559432933
23175,15.58915559432933
23176,15.58915559432933
23177,15.58915559432933
23178,15.58915559432933
23179,15.58915559432933
23180,15.58915559432933
23181,15.58915559432933
23182,15.58915559432933
23183,15.58915559432933
23184,15.58915559432933
23185,15.58915559432933
23186,15.58915559432933
23187,15.58915559432933
23188,15.58915559432933
23189,15.58915559432933
23190,15.58915559432933
23191,15.58915559432933
23192,15.58915559432933
23193,15.58915559432933
23194,15.58915559432933
23195,15.58915559432933
23196,15.58915559432933
23197,15.58915559432933
23198,15.58915559432933
23199,15.58915559432933
23200,15.58915559432933
23201,15.58915559432933
23202,15.58915559432933
23203,15.58915559432933
23204,15.58915559432933
23205,15.58915559432933
23206,15.58915559432933
23207,15.58915559432933
23208,15.58915559432933
23209,15.58915559432933
23210,15.58915559432933
23211,15.58915559432933
23212,15.58915559432933
23213,15.58915559432933
23214,15.58915559432933
23215,15.58915559432933
23216,15.58915559432933
23217,15.58915559432933
23218,15.58915559432933
23219,15.58915559432933
23220,15.58915559432933
23221,15.58915559432933
23222,15.58915559432933
23223,15.58915559432933
23224,15.58915559432933
23225,15.58915559432933
23226,15.58915559432933
23227,15.58915559432933
23228,15.58915559432933
23229,15.58915559432933
23230,15.58915559432933
23231,15.58915559432933
23232,15.58915559432933
23233,15.58915559432933
23234,15.58915559432933
23235,15.58915559432933
23236,15.58915559432933
23237,15.58915559432933
23238,15.58915559432933
23239,15.58915559432933
23240,15.58915559432933
23241,15.58915559432933
23242,15.58915559432933
23243,15.58915559432933
23244,15.58915559432933
23245,15.58915559432933
23246,15.58915559432933
23247,15.58915559432933
23248,15.58915559432933
23249,15.58915559432933
23250,15.58915559432933
23251,15.58915559432933
23252,15.58915559432933
23253,15.58915559432933
23254,15.58915559432933
23255,15.58915559432933
23256,15.58915559432933
23257,15.58915559432933
23258,15.58915559432933
23259,15.58915559432933
23260,15.58915559432933
23261,15.58915559432933
23262,15.58915559432933
23263,15.58915559432933
23264,15.58915559432933
23265,15.58915559432933
23266,15.58915559432933
23267,15.58915559432933
23268,15.58915559432933
23269,15.58915559432933
23270,15.58915559432933
23271,15.58915559432933
23272,15.58915559432933
23273,15.58915559432933
23274,15.58915559432933
23275,15.58915559432933
23276,15.58915559432933
23277,15.58915559432933
23278,15.58915559432933
23279,15.58915559432933
23280,15.58915559432933
23281,15.58915559432933
23282,15.58915559432933
23283,15.58915559432933
23284,15.58915559432933
23285,15.58915559432933
23286,15.58915559432933
23287,15.58915559432933
23288,15.58915559432933
23289,15.58915559432933
23290,15.58915559432933
23291,15.58915559432933
23292,15.58915559432933
23293,15.58915559432933
23294,15.58915559432933
23295,15.58915559432933
23296,15.58915559432933
23297,15.58915559432933
23298,15.58915559432933
23299,15.58915559432933
23300,15.58915559432933
23301,15.58915559432933
23302,15.58915559432933
23303,15.58915559432933
23304,15.58915559432933
23305,15.58915559432933
23306,15.58915559432933
23307,15.58915559432933
23308,15.58915559432933
23309,15.58915559432933
23310,15.58915559432933
23311,15.58915559432933
23312,15.58915559432933
23313,15.58915559432933
23314,15.58915559432933
23315,15.58915559432933
23316,15.58915559432933
23317,15.58915559432933
23318,15.58915559432933
23319,15.58915559432933
23320,15.58915559432933
23321,15.58915559432933
23322,15.58915559432933
23323,15.58915559432933
23324,15.58915559432933
23325,15.58915559432933
23326,15.58915559432933
23327,15.58915559432933
23328,15.58915559432933
23329,15.58915559432933
23330,15.58915559432933
23331,15.58915559432933
23332,15.58915559432933
23333,15.58915559432933
23334,15.58915559432933
23335,15.58915559432933
23336,15.58915559432933
23337,15.58915559432933
23338,15.58915559432933
23339,15.58915559432933
23340,15.58915559432933
23341,15.58915559432933
23342,15.58915559432933
23343,15.58915559432933
23344,15.58915559432933
23345,15.58915559432933
23346,15.58915559432933
23347,15.58915559432933
23348,15.58915559432933
23349,15.58915559432933
23350,15.58915559432933
23351,15.58915559432933
23352,15.58915559432933
23353,15.58915559432933
23354,15.58915559432933
23355,15.58915559432933
23356,15.58915559432933
23357,15.58915559432933
23358,15.58915559432933
23359,15.58915559432933
23360,15.58915559432933
23361,15.58915559432933
23362,15.58915559432933
23363,15.58915559432933
23364,15.58915559432933
23365,15.58915559432933
23366,15.58915559432933
23367,15.58915559432933
23368,15.58915559432933
23369,15.58915559432933
23370,15.58915559432933
23371,15.58915559432933
23372,15.58915559432933
23373,15.58915559432933
23374,15.58915559432933
23375,15.58915559432933
23376,15.58915559432933
23377,15.58915559432933
23378,15.58915559432933
23379,15.58915559432933
23380,15.58915559432933
23381,15.58915559432933
23382,15.58915559432933
23383,15.58915559432933
23384,15.58915559432933
23385,15.58915559432933
23386,15.58915559432933
23387,15.58915559432933
23388,15.58915559432933
23389,15.58915559432933
23390,15.58915559432933
23391,15.58915559432933
23392,15.58915559432933
23393,15.58915559432933
23394,15.58915559432933
23395,15.58915559432933
23396,15.58915559432933
23397,15.58915559432933
23398,15.58915559432933
23399,15.58915559432933
23400,15.58915559432933
23401,15.58915559432933
23402,15.58915559432933
23403,15.58915559432933
23404,15.58915559432933
23405,15.58915559432933
23406,15.58915559432933
23407,15.58915559432933
23408,15.58915559432933
23409,15.58915559432933
23410,15.58915559432933
23411,15.58915559432933
23412,15.58915559432933
23413,15.58915559432933
23414,15.58915559432933
23415,15.58915559432933
23416,15.58915559432933
23417,15.58915559432933
23418,15.58915559432933
23419,15.58915559432933
23420,15.58915559432933
23421,15.58915559432933
23422,15.58915559432933
23423,15.58915559432933
23424,15.58915559432933
23425,15.58915559432933
23426,15.58915559432933
23427,15.58915559432933
23428,15.58915559432933
23429,15.58915559432933
23430,15.58915559432933
23431,15.58915559432933
23432,15.58915559432933
23433,15.58915559432933
23434,15.58915559432933
23435,15.58915559432933
23436,15.58915559432933
23437,15.58915559432933
23438,15.58915559432933
23439,15.58915559432933
23440,15.58915559432933
23441,15.58915559432933
23442,15.58915559432933
23443,15.58915559432933
23444,15.58915559432933
23445,15.58915559432933
23446,15.58915559432933
23447,15.58915559432933
23448,15.58915559432933
23449,15.58915559432933
23450,15.58915559432933
23451,15.58915559432933
23452,15.58915559432933
23453,15.58915559432933
23454,15.58915559432933
23455,15.58915559432933
23456,15.58915559432933
23457,15.58915559432933
23458,15.58915559432933
23459,15.58915559432933
23460,15.58915559432933
23461,15.58915559432933
23462,15.58915559432933
23463,15.58915559432933
23464,15.58915559432933
23465,15.58915559432933
23466,15.58915559432933
23467,15.58915559432933
23468,15.58915559432933
23469,15.58915559432933
23470,15.58915559432933
23471,15.58915559432933
23472,15.58915559432933
23473,15.58915559432933
23474,15.58915559432933
23475,15.58915559432933
23476,15.58915559432933
23477,15.58915559432933
23478,15.58915559432933
23479,15.58915559432933
23480,15.58915559432933
23481,15.58915559432933
23482,15.58915559432933
23483,15.58915559432933
23484,15.58915559432933
23485,15.58915559432933
23486,15.58915559432933
23487,15.58915559432933
23488,15.58915559432933
23489,15.58915559432933
23490,15.58915559432933
23491,15.58915559432933
23492,15.58915559432933
23493,15.58915559432933
23494,15.58915559432933
23495,15.58915559432933
23496,15.58915559432933
23497,15.58915559432933
23498,15.58915559432933
23499,15.58915559432933
23500,15.58915559432933
23501,15.58915559432933
23502,15.58915559432933
23503,15.58915559432933
23504,15.58915559432933
23505,15.58915559432933
23506,15.58915559432933
23507,15.58915559432933
23508,15.58915559432933
23509,15.58915559432933
23510,15.58915559432933
23511,15.58915559432933
23512,15.58915559432933
23513,15.58915559432933
23514,15.58915559432933
23515,15.58915559432933
23516,15.58915559432933
23517,15.58915559432933
23518,15.58915559432933
23519,15.58915559432933
23520,15.58915559432933
23521,15.58915559432933
23522,15.58915559432933
23523,15.58915559432933
23524,15.58915559432933
23525,15.58915559432933
23526,15.58915559432933
23527,15.58915559432933
23528,15.58915559432933
23529,15.58915559432933
23530,15.58915559432933
23531,15.58915559432933
23532,15.58915559432933
23533,15.58915559432933
23534,15.58915559432933
23535,15.58915559432933
23536,15.58915559432933
23537,15.58915559432933
23538,15.58915559432933
23539,15.58915559432933
23540,15.58915559432933
23541,15.58915559432933
23542,15.58915559432933
23543,15.58915559432933
23544,15.58915559432933
23545,15.58915559432933
23546,15.58915559432933
23547,15.58915559432933
23548,15.58915559432933
23549,15.58915559432933
23550,15.58915559432933
23551,15.58915559432933
23552,15.58915559432933
23553,15.58915559432933
23554,15.58915559432933
23555,15.58915559432933
23556,15.58915559432933
23557,15.58915559432933
23558,15.58915559432933
23559,15.58915559432933
23560,15.58915559432933
23561,15.58915559432933
23562,15.58915559432933
23563,15.58915559432933
23564,15.58915559432933
23565,15.58915559432933
23566,15.58915559432933
23567,15.58915559432933
23568,15.58915559432933
23569,15.58915559432933
23570,15.58915559432933
23571,15.58915559432933
23572,15.58915559432933
23573,15.58915559432933
23574,15.58915559432933
23575,15.58915559432933
23576,15.58915559432933
23577,15.58915559432933
23578,15.58915559432933
23579,15.58915559432933
23580,15.58915559432933
23581,15.58915559432933
23582,15.58915559432933
23583,15.58915559432933
23584,15.58915559432933
23585,15.58915559432933
23586,15.58915559432933
23587,15.58915559432933
23588,15.58915559432933
23589,15.58915559432933
23590,15.58915559432933
23591,15.58915559432933
23592,15.58915559432933
23593,15.58915559432933
23594,15.58915559432933
23595,15.58915559432933
23596,15.58915559432933
23597,15.58915559432933
23598,15.58915559432933
23599,15.58915559432933
23600,15.58915559432933
23601,15.58915559432933
23602,15.58915559432933
23603,15.58915559432933
23604,15.58915559432933
23605,15.58915559432933
23606,15.58915559432933
23607,15.58915559432933
23608,15.58915559432933
23609,15.58915559432933
23610,15.58915559432933
23611,15.58915559432933
23612,15.58915559432933
23613,15.58915559432933
23614,15.58915559432933
23615,15.58915559432933
23616,15.58915559432933
23617,15.58915559432933
23618,15.58915559432933
23619,15.58915559432933
23620,15.58915559432933
23621,15.58915559432933
23622,15.58915559432933
23623,15.58915559432933
23624,15.58915559432933
23625,15.58915559432933
23626,15.58915559432933
23627,15.58915559432933
23628,15.58915559432933
23629,15.58915559432933
23630,15.58915559432933
23631,15.58915559432933
23632,15.58915559432933
23633,15.58915559432933
23634,15.58915559432933
23635,15.58915559432933
23636,15.58915559432933
23637,15.58915559432933
23638,15.58915559432933
23639,15.58915559432933
23640,15.58915559432933
23641,15.58915559432933
23642,15.58915559432933
23643,15.58915559432933
23644,15.58915559432933
23645,15.58915559432933
23646,15.58915559432933
23647,15.58915559432933
23648,15.58915559432933
23649,15.58915559432933
23650,15.58915559432933
23651,15.58915559432933
23652,15.58915559432933
23653,15.58915559432933
23654,15.58915559432933
23655,15.58915559432933
23656,15.58915559432933
23657,15.58915559432933
23658,15.58915559432933
23659,15.58915559432933
23660,15.58915559432933
23661,15.58915559432933
23662,15.58915559432933
23663,15.58915559432933
23664,15.58915559432933
23665,15.58915559432933
23666,15.58915559432933
23667,15.58915559432933
23668,15.58915559432933
23669,15.58915559432933
23670,15.58915559432933
23671,15.58915559432933
23672,15.58915559432933
23673,15.58915559432933
23674,15.58915559432933
23675,15.58915559432933
23676,15.58915559432933
23677,15.58915559432933
23678,15.58915559432933
23679,15.58915559432933
23680,15.58915559432933
23681,15.58915559432933
23682,15.58915559432933
23683,15.58915559432933
23684,15.58915559432933
23685,15.58915559432933
23686,15.58915559432933
23687,15.58915559432933
23688,15.58915559432933
23689,15.58915559432933
23690,15.58915559432933
23691,15.58915559432933
23692,15.58915559432933
23693,15.58915559432933
23694,15.58915559432933
23695,15.58915559432933
23696,15.58915559432933
23697,15.58915559432933
23698,15.58915559432933
23699,15.58915559432933
23700,15.58915559432933
23701,15.58915559432933
23702,15.58915559432933
23703,15.58915559432933
23704,15.58915559432933
23705,15.58915559432933
23706,15.58915559432933
23707,15.58915559432933
23708,15.58915559432933
23709,15.58915559432933
23710,15.58915559432933
23711,15.58915559432933
23712,15.58915559432933
23713,15.58915559432933
23714,15.58915559432933
23715,15.58915559432933
23716,15.58915559432933
23717,15.58915559432933
23718,15.58915559432933
23719,15.58915559432933
23720,15.58915559432933
23721,15.58915559432933
23722,15.58915559432933
23723,15.58915559432933
23724,15.58915559432933
23725,15.58915559432933
23726,15.58915559432933
23727,15.58915559432933
23728,15.58915559432933
23729,15.58915559432933
23730,15.58915559432933
23731,15.58915559432933
23732,15.58915559432933
23733,15.58915559432933
23734,15.58915559432933
23735,15.58915559432933
23736,15.58915559432933
23737,15.58915559432933
23738,15.58915559432933
23739,15.58915559432933
23740,15.58915559432933
23741,15.58915559432933
23742,15.58915559432933
23743,15.58915559432933
23744,15.58915559432933
23745,15.58915559432933
23746,15.58915559432933
23747,15.58915559432933
23748,15.58915559432933
23749,15.58915559432933
23750,15.58915559432933
23751,15.58915559432933
23752,15.58915559432933
23753,15.58915559432933
23754,15.58915559432933
23755,15.58915559432933
23756,15.58915559432933
23757,15.58915559432933
23758,15.58915559432933
23759,15.58915559432933
23760,15.58915559432933
23761,15.58915559432933
23762,15.58915559432933
23763,15.58915559432933
23764,15.58915559432933
23765,15.58915559432933
23766,15.58915559432933
23767,15.58915559432933
23768,15.58915559432933
23769,15.58915559432933
23770,15.58915559432933
23771,15.58915559432933
23772,15.58915559432933
23773,15.58915559432933
23774,15.58915559432933
23775,15.58915559432933
23776,15.58915559432933
23777,15.58915559432933
23778,15.58915559432933
23779,15.58915559432933
23780,15.58915559432933
23781,15.58915559432933
23782,15.58915559432933
23783,15.58915559432933
23784,15.58915559432933
23785,15.58915559432933
23786,15.58915559432933
23787,15.58915559432933
23788,15.58915559432933
23789,15.58915559432933
23790,15.58915559432933
23791,15.58915559432933
23792,15.58915559432933
23793,15.58915559432933
23794,15.58915559432933
23795,15.58915559432933
23796,15.58915559432933
23797,15.58915559432933
23798,15.58915559432933
23799,15.58915559432933
23800,15.58915559432933
23801,15.58915559432933
23802,15.58915559432933
23803,15.58915559432933
23804,15.58915559432933
23805,15.58915559432933
23806,15.58915559432933
23807,15.58915559432933
23808,15.58915559432933
23809,15.58915559432933
23810,15.58915559432933
23811,15.58915559432933
23812,15.58915559432933
23813,15.58915559432933
23814,15.58915559432933
23815,15.58915559432933
23816,15.58915559432933
23817,15.58915559432933
23818,15.58915559432933
23819,15.58915559432933
23820,15.58915559432933
23821,15.58915559432933
23822,15.58915559432933
23823,15.58915559432933
23824,15.58915559432933
23825,15.58915559432933
23826,15.58915559432933
23827,15.58915559432933
23828,15.58915559432933
23829,15.58915559432933
23830,15.58915559432933
23831,15.58915559432933
23832,15.58915559432933
23833,15.58915559432933
23834,15.58915559432933
23835,15.58915559432933
23836,15.58915559432933
23837,15.58915559432933
23838,15.58915559432933
23839,15.58915559432933
23840,15.58915559432933
23841,15.58915559432933
23842,15.58915559432933
23843,15.58915559432933
23844,15.58915559432933
23845,15.58915559432933
23846,15.58915559432933
23847,15.58915559432933
23848,15.58915559432933
23849,15.58915559432933
23850,15.58915559432933
23851,15.58915559432933
23852,15.58915559432933
23853,15.58915559432933
23854,15.58915559432933
23855,15.58915559432933
23856,15.58915559432933
23857,15.58915559432933
23858,15.58915559432933
23859,15.58915559432933
23860,15.58915559432933
23861,15.58915559432933
23862,15.58915559432933
23863,15.58915559432933
23864,15.58915559432933
23865,15.58915559432933
23866,15.58915559432933
23867,15.58915559432933
23868,15.58915559432933
23869,15.58915559432933
23870,15.58915559432933
23871,15.58915559432933
23872,15.58915559432933
23873,15.58915559432933
23874,15.58915559432933
23875,15.58915559432933
23876,15.58915559432933
23877,15.58915559432933
23878,15.58915559432933
23879,15.58915559432933
23880,15.58915559432933
23881,15.58915559432933
23882,15.58915559432933
23883,15.58915559432933
23884,15.58915559432933
23885,15.58915559432933
23886,15.58915559432933
23887,15.58915559432933
23888,15.58915559432933
23889,15.58915559432933
23890,15.58915559432933
23891,15.58915559432933
23892,15.58915559432933
23893,15.58915559432933
23894,15.58915559432933
23895,15.58915559432933
23896,15.58915559432933
23897,15.58915559432933
23898,15.58915559432933
23899,15.58915559432933
23900,15.58915559432933
23901,15.58915559432933
23902,15.58915559432933
23903,15.58915559432933
23904,15.58915559432933
23905,15.58915559432933
23906,15.58915559432933
23907,15.58915559432933
23908,15.58915559432933
23909,15.58915559432933
23910,15.58915559432933
23911,15.58915559432933
23912,15.58915559432933
23913,15.58915559432933
23914,15.58915559432933
23915,15.58915559432933
23916,15.58915559432933
23917,15.58915559432933
23918,15.58915559432933
23919,15.58915559432933
23920,15.58915559432933
23921,15.58915559432933
23922,15.58915559432933
23923,15.58915559432933
23924,15.58915559432933
23925,15.58915559432933
23926,15.58915559432933
23927,15.58915559432933
23928,15.58915559432933
23929,15.58915559432933
23930,15.58915559432933
23931,15.58915559432933
23932,15.58915559432933
23933,15.58915559432933
23934,15.58915559432933
23935,15.58915559432933
23936,15.58915559432933
23937,15.58915559432933
23938,15.58915559432933
23939,15.58915559432933
23940,15.58915559432933
23941,15.58915559432933
23942,15.58915559432933
23943,15.58915559432933
23944,15.58915559432933
23945,15.58915559432933
23946,15.58915559432933
23947,15.58915559432933
23948,15.58915559432933
23949,15.58915559432933
23950,15.58915559432933
23951,15.58915559432933
23952,15.58915559432933
23953,15.58915559432933
23954,15.58915559432933
23955,15.58915559432933
23956,15.58915559432933
23957,15.58915559432933
23958,15.58915559432933
23959,15.58915559432933
23960,15.58915559432933
23961,15.58915559432933
23962,15.58915559432933
23963,15.58915559432933
23964,15.58915559432933
23965,15.58915559432933
23966,15.58915559432933
23967,15.58915559432933
23968,15.58915559432933
23969,15.58915559432933
23970,15.58915559432933
23971,15.58915559432933
23972,15.58915559432933
23973,15.58915559432933
23974,15.58915559432933
23975,15.58915559432933
23976,15.58915559432933
23977,15.58915559432933
23978,15.58915559432933
23979,15.58915559432933
23980,15.58915559432933
23981,15.58915559432933
23982,15.58915559432933
23983,15.58915559432933
23984,15.58915559432933
23985,15.58915559432933
23986,15.58915559432933
23987,15.58915559432933
23988,15.58915559432933
23989,15.58915559432933
23990,15.58915559432933
23991,15.58915559432933
23992,15.58915559432933
23993,15.58915559432933
23994,15.58915559432933
23995,15.58915559432933
23996,15.58915559432933
23997,15.58915559432933
23998,15.58915559432933
23999,15.58915559432933
24000,15.58915559432933
24001,15.58915559432933
24002,15.58915559432933
24003,15.58915559432933
24004,15.58915559432933
24005,15.58915559432933
24006,15.58915559432933
24007,15.58915559432933
24008,15.58915559432933
24009,15.58915559432933
24010,15.58915559432933
24011,15.58915559432933
24012,15.58915559432933
24013,15.58915559432933
24014,15.58915559432933
24015,15.58915559432933
24016,15.58915559432933
24017,15.58915559432933
24018,15.58915559432933
24019,15.58915559432933
24020,15.58915559432933
24021,15.58915559432933
24022,15.58915559432933
24023,15.58915559432933
24024,15.58915559432933
24025,15.58915559432933
24026,15.58915559432933
24027,15.58915559432933
24028,15.58915559432933
24029,15.58915559432933
24030,15.58915559432933
24031,15.58915559432933
24032,15.58915559432933
24033,15.58915559432933
24034,15.58915559432933
24035,15.58915559432933
24036,15.58915559432933
24037,15.58915559432933
24038,15.58915559432933
24039,15.58915559432933
24040,15.58915559432933
24041,15.58915559432933
24042,15.58915559432933
24043,15.58915559432933
24044,15.58915559432933
24045,15.58915559432933
24046,15.58915559432933
24047,15.58915559432933
24048,15.58915559432933
24049,15.58915559432933
24050,15.58915559432933
24051,15.58915559432933
24052,15.58915559432933
24053,15.58915559432933
24054,15.58915559432933
24055,15.58915559432933
24056,15.58915559432933
24057,15.58915559432933
24058,15.58915559432933
24059,15.58915559432933
24060,15.58915559432933
24061,15.58915559432933
24062,15.58915559432933
24063,15.58915559432933
24064,15.58915559432933
24065,15.58915559432933
24066,15.58915559432933
24067,15.58915559432933
24068,15.58915559432933
24069,15.58915559432933
24070,15.58915559432933
24071,15.58915559432933
24072,15.58915559432933
24073,15.58915559432933
24074,15.58915559432933
24075,15.58915559432933
24076,15.58915559432933
24077,15.58915559432933
24078,15.58915559432933
24079,15.58915559432933
24080,15.58915559432933
24081,15.58915559432933
24082,15.58915559432933
24083,15.58915559432933
24084,15.58915559432933
24085,15.58915559432933
24086,15.58915559432933
24087,15.58915559432933
24088,15.58915559432933
24089,15.58915559432933
24090,15.58915559432933
24091,15.58915559432933
24092,15.58915559432933
24093,15.58915559432933
24094,15.58915559432933
24095,15.58915559432933
24096,15.58915559432933
24097,15.58915559432933
24098,15.58915559432933
24099,15.58915559432933
24100,15.58915559432933
24101,15.58915559432933
24102,15.58915559432933
24103,15.58915559432933
24104,15.58915559432933
24105,15.58915559432933
24106,15.58915559432933
24107,15.58915559432933
24108,15.58915559432933
24109,15.58915559432933
24110,15.58915559432933
24111,15.58915559432933
24112,15.58915559432933
24113,15.58915559432933
24114,15.58915559432933
24115,15.58915559432933
24116,15.58915559432933
24117,15.58915559432933
24118,15.58915559432933
24119,15.58915559432933
24120,15.58915559432933
24121,15.58915559432933
24122,15.58915559432933
24123,15.58915559432933
24124,15.58915559432933
24125,15.58915559432933
24126,15.58915559432933
24127,15.58915559432933
24128,15.58915559432933
24129,15.58915559432933
24130,15.58915559432933
24131,15.58915559432933
24132,15.58915559432933
24133,15.58915559432933
24134,15.58915559432933
24135,15.58915559432933
24136,15.58915559432933
24137,15.58915559432933
24138,15.58915559432933
24139,15.58915559432933
24140,15.58915559432933
24141,15.58915559432933
24142,15.58915559432933
24143,15.58915559432933
24144,15.58915559432933
24145,15.58915559432933
24146,15.58915559432933
24147,15.58915559432933
24148,15.58915559432933
24149,15.58915559432933
24150,15.58915559432933
24151,15.58915559432933
24152,15.58915559432933
24153,15.58915559432933
24154,15.58915559432933
24155,15.58915559432933
24156,15.58915559432933
24157,15.58915559432933
24158,15.58915559432933
24159,15.58915559432933
24160,15.58915559432933
24161,15.58915559432933
24162,15.58915559432933
24163,15.58915559432933
24164,15.58915559432933
24165,15.58915559432933
24166,15.58915559432933
24167,15.58915559432933
24168,15.58915559432933
24169,15.58915559432933
24170,15.58915559432933
24171,15.58915559432933
24172,15.58915559432933
24173,15.58915559432933
24174,15.58915559432933
24175,15.58915559432933
24176,15.58915559432933
24177,15.58915559432933
24178,15.58915559432933
24179,15.58915559432933
24180,15.58915559432933
24181,15.58915559432933
24182,15.58915559432933
24183,15.58915559432933
24184,15.58915559432933
24185,15.58915559432933
24186,15.58915559432933
24187,15.58915559432933
24188,15.58915559432933
24189,15.58915559432933
24190,15.58915559432933
24191,15.58915559432933
24192,15.58915559432933
24193,15.58915559432933
24194,15.58915559432933
24195,15.58915559432933
24196,15.58915559432933
24197,15.58915559432933
24198,15.58915559432933
24199,15.58915559432933
24200,15.58915559432933
24201,15.58915559432933
24202,15.58915559432933
24203,15.58915559432933
24204,15.58915559432933
24205,15.58915559432933
24206,15.58915559432933
24207,15.58915559432933
24208,15.58915559432933
24209,15.58915559432933
24210,15.58915559432933
24211,15.58915559432933
24212,15.58915559432933
24213,15.58915559432933
24214,15.58915559432933
24215,15.58915559432933
24216,15.58915559432933
24217,15.58915559432933
24218,15.58915559432933
24219,15.58915559432933
24220,15.58915559432933
24221,15.58915559432933
24222,15.58915559432933
24223,15.58915559432933
24224,15.58915559432933
24225,15.58915559432933
24226,15.58915559432933
24227,15.58915559432933
24228,15.58915559432933
24229,15.58915559432933
24230,15.58915559432933
24231,15.58915559432933
24232,15.58915559432933
24233,15.58915559432933
24234,15.58915559432933
24235,15.58915559432933
24236,15.58915559432933
24237,15.58915559432933
24238,15.58915559432933
24239,15.58915559432933
24240,15.58915559432933
24241,15.58915559432933
24242,15.58915559432933
24243,15.58915559432933
24244,15.58915559432933
24245,15.58915559432933
24246,15.58915559432933
24247,15.58915559432933
24248,15.58915559432933
24249,15.58915559432933
24250,15.58915559432933
24251,15.58915559432933
24252,15.58915559432933
24253,15.58915559432933
24254,15.58915559432933
24255,15.58915559432933
24256,15.58915559432933
24257,15.58915559432933
24258,15.58915559432933
24259,15.58915559432933
24260,15.58915559432933
24261,15.58915559432933
24262,15.58915559432933
24263,15.58915559432933
24264,15.58915559432933
24265,15.58915559432933
24266,15.58915559432933
24267,15.58915559432933
24268,15.58915559432933
24269,15.58915559432933
24270,15.58915559432933
24271,15.58915559432933
24272,15.58915559432933
24273,15.58915559432933
24274,15.58915559432933
24275,15.58915559432933
24276,15.58915559432933
24277,15.58915559432933
24278,15.58915559432933
24279,15.58915559432933
24280,15.58915559432933
24281,15.58915559432933
24282,15.58915559432933
24283,15.58915559432933
24284,15.58915559432933
24285,15.58915559432933
24286,15.58915559432933
24287,15.58915559432933
24288,15.58915559432933
24289,15.58915559432933
24290,15.58915559432933
24291,15.58915559432933
24292,15.58915559432933
24293,15.58915559432933
24294,15.58915559432933
24295,15.58915559432933
24296,15.58915559432933
24297,15.58915559432933
24298,15.58915559432933
24299,15.58915559432933
24300,15.58915559432933
24301,15.58915559432933
24302,15.58915559432933
24303,15.58915559432933
24304,15.58915559432933
24305,15.58915559432933
24306,15.58915559432933
24307,15.58915559432933
24308,15.58915559432933
24309,15.58915559432933
24310,15.58915559432933
24311,15.58915559432933
24312,15.58915559432933
24313,15.58915559432933
24314,15.58915559432933
24315,15.58915559432933
24316,15.58915559432933
24317,15.58915559432933
24318,15.58915559432933
24319,15.58915559432933
24320,15.58915559432933
24321,15.58915559432933
24322,15.58915559432933
24323,15.58915559432933
24324,15.58915559432933
24325,15.58915559432933
24326,15.58915559432933
24327,15.58915559432933
24328,15.58915559432933
24329,15.58915559432933
24330,15.58915559432933
24331,15.58915559432933
24332,15.58915559432933
24333,15.58915559432933
24334,15.58915559432933
24335,15.58915559432933
24336,15.58915559432933
24337,15.58915559432933
24338,15.58915559432933
24339,15.58915559432933
24340,15.58915559432933
24341,15.58915559432933
24342,15.58915559432933
24343,15.58915559432933
24344,15.58915559432933
24345,15.58915559432933
24346,15.58915559432933
24347,15.58915559432933
24348,15.58915559432933
24349,15.58915559432933
24350,15.58915559432933
24351,15.58915559432933
24352,15.58915559432933
24353,15.58915559432933
24354,15.58915559432933
24355,15.58915559432933
24356,15.58915559432933
24357,15.58915559432933
24358,15.58915559432933
24359,15.58915559432933
24360,15.58915559432933
24361,15.58915559432933
24362,15.58915559432933
24363,15.58915559432933
24364,15.58915559432933
24365,15.58915559432933
24366,15.58915559432933
24367,15.58915559432933
24368,15.58915559432933
24369,15.58915559432933
24370,15.58915559432933
24371,15.58915559432933
24372,15.58915559432933
24373,15.58915559432933
24374,15.58915559432933
24375,15.58915559432933
24376,15.58915559432933
24377,15.58915559432933
24378,15.58915559432933
24379,15.58915559432933
24380,15.58915559432933
24381,15.58915559432933
24382,15.58915559432933
24383,15.58915559432933
24384,15.58915559432933
24385,15.58915559432933
24386,15.58915559432933
24387,15.58915559432933
24388,15.58915559432933
24389,15.58915559432933
24390,15.58915559432933
24391,15.58915559432933
24392,15.58915559432933
24393,15.58915559432933
24394,15.58915559432933
24395,15.58915559432933
24396,15.58915559432933
24397,15.58915559432933
24398,15.58915559432933
24399,15.58915559432933
24400,15.58915559432933
24401,15.58915559432933
24402,15.58915559432933
24403,15.58915559432933
24404,15.58915559432933
24405,15.58915559432933
24406,15.58915559432933
24407,15.58915559432933
24408,15.58915559432933
24409,15.58915559432933
24410,15.58915559432933
24411,15.58915559432933
24412,15.58915559432933
24413,15.58915559432933
24414,15.58915559432933
24415,15.58915559432933
24416,15.58915559432933
24417,15.58915559432933
24418,15.58915559432933
24419,15.58915559432933
24420,15.58915559432933
24421,15.58915559432933
24422,15.58915559432933
24423,15.58915559432933
24424,15.58915559432933
24425,15.58915559432933
24426,15.58915559432933
24427,15.58915559432933
24428,15.58915559432933
24429,15.58915559432933
24430,15.58915559432933
24431,15.58915559432933
24432,15.58915559432933
24433,15.58915559432933
24434,15.58915559432933
24435,15.58915559432933
24436,15.58915559432933
24437,15.58915559432933
24438,15.58915559432933
24439,15.58915559432933
24440,15.58915559432933
24441,15.58915559432933
24442,15.58915559432933
24443,15.58915559432933
24444,15.58915559432933
24445,15.58915559432933
24446,15.58915559432933
24447,15.58915559432933
24448,15.58915559432933
24449,15.58915559432933
24450,15.58915559432933
24451,15.58915559432933
24452,15.58915559432933
24453,15.58915559432933
24454,15.58915559432933
24455,15.58915559432933
24456,15.58915559432933
24457,15.58915559432933
24458,15.58915559432933
24459,15.58915559432933
24460,15.58915559432933
24461,15.58915559432933
24462,15.58915559432933
24463,15.58915559432933
24464,15.58915559432933
24465,15.58915559432933
24466,15.58915559432933
24467,15.58915559432933
24468,15.58915559432933
24469,15.58915559432933
24470,15.58915559432933
24471,15.58915559432933
24472,15.58915559432933
24473,15.58915559432933
24474,15.58915559432933
24475,15.58915559432933
24476,15.58915559432933
24477,15.58915559432933
24478,15.58915559432933
24479,15.58915559432933
24480,15.58915559432933
24481,15.58915559432933
24482,15.58915559432933
24483,15.58915559432933
24484,15.58915559432933
24485,15.58915559432933
24486,15.58915559432933
24487,15.58915559432933
24488,15.58915559432933
24489,15.58915559432933
24490,15.58915559432933
24491,15.58915559432933
24492,15.58915559432933
24493,15.58915559432933
24494,15.58915559432933
24495,15.58915559432933
24496,15.58915559432933
24497,15.58915559432933
24498,15.58915559432933
24499,15.58915559432933
24500,15.58915559432933
24501,15.58915559432933
24502,15.58915559432933
24503,15.58915559432933
24504,15.58915559432933
24505,15.58915559432933
24506,15.58915559432933
24507,15.58915559432933
24508,15.58915559432933
24509,15.58915559432933
24510,15.58915559432933
24511,15.58915559432933
24512,15.58915559432933
24513,15.58915559432933
24514,15.58915559432933
24515,15.58915559432933
24516,15.58915559432933
24517,15.58915559432933
24518,15.58915559432933
24519,15.58915559432933
24520,15.58915559432933
24521,15.58915559432933
24522,15.58915559432933
24523,15.58915559432933
24524,15.58915559432933
24525,15.58915559432933
24526,15.58915559432933
24527,15.58915559432933
24528,15.58915559432933
24529,15.58915559432933
24530,15.58915559432933
24531,15.58915559432933
24532,15.58915559432933
24533,15.58915559432933
24534,15.58915559432933
24535,15.58915559432933
24536,15.58915559432933
24537,15.58915559432933
24538,15.58915559432933
24539,15.58915559432933
24540,15.58915559432933
24541,15.58915559432933
24542,15.58915559432933
24543,15.58915559432933
24544,15.58915559432933
24545,15.58915559432933
24546,15.58915559432933
24547,15.58915559432933
24548,15.58915559432933
24549,15.58915559432933
24550,15.58915559432933
24551,15.58915559432933
24552,15.58915559432933
24553,15.58915559432933
24554,15.58915559432933
24555,15.58915559432933
24556,15.58915559432933
24557,15.58915559432933
24558,15.58915559432933
24559,15.58915559432933
24560,15.58915559432933
24561,15.58915559432933
24562,15.58915559432933
24563,15.58915559432933
24564,15.58915559432933
24565,15.58915559432933
24566,15.58915559432933
24567,15.58915559432933
24568,15.58915559432933
24569,15.58915559432933
24570,15.58915559432933
24571,15.58915559432933
24572,15.58915559432933
24573,15.58915559432933
24574,15.58915559432933
24575,15.58915559432933
24576,15.58915559432933
24577,15.58915559432933
24578,15.58915559432933
24579,15.58915559432933
24580,15.58915559432933
24581,15.58915559432933
24582,15.58915559432933
24583,15.58915559432933
24584,15.58915559432933
24585,15.58915559432933
24586,15.58915559432933
24587,15.58915559432933
24588,15.58915559432933
24589,15.58915559432933
24590,15.58915559432933
24591,15.58915559432933
24592,15.58915559432933
24593,15.58915559432933
24594,15.58915559432933
24595,15.58915559432933
24596,15.58915559432933
24597,15.58915559432933
24598,15.58915559432933
24599,15.58915559432933
24600,15.58915559432933
24601,15.58915559432933
24602,15.58915559432933
24603,15.58915559432933
24604,15.58915559432933
24605,15.58915559432933
24606,15.58915559432933
24607,15.58915559432933
24608,15.58915559432933
24609,15.58915559432933
24610,15.58915559432933
24611,15.58915559432933
24612,15.58915559432933
24613,15.58915559432933
24614,15.58915559432933
24615,15.58915559432933
24616,15.58915559432933
24617,15.58915559432933
24618,15.58915559432933
24619,15.58915559432933
24620,15.58915559432933
24621,15.58915559432933
24622,15.58915559432933
24623,15.58915559432933
24624,15.58915559432933
24625,15.58915559432933
24626,15.58915559432933
24627,15.58915559432933
24628,15.58915559432933
24629,15.58915559432933
24630,15.58915559432933
24631,15.58915559432933
24632,15.58915559432933
24633,15.58915559432933
24634,15.58915559432933
24635,15.58915559432933
24636,15.58915559432933
24637,15.58915559432933
24638,15.58915559432933
24639,15.58915559432933
24640,15.58915559432933
24641,15.58915559432933
24642,15.58915559432933
24643,15.58915559432933
24644,15.58915559432933
24645,15.58915559432933
24646,15.58915559432933
24647,15.58915559432933
24648,15.58915559432933
24649,15.58915559432933
24650,15.58915559432933
24651,15.58915559432933
24652,15.58915559432933
24653,15.58915559432933
24654,15.58915559432933
24655,15.58915559432933
24656,15.58915559432933
24657,15.58915559432933
24658,15.58915559432933
24659,15.58915559432933
24660,15.58915559432933
24661,15.58915559432933
24662,15.58915559432933
24663,15.58915559432933
24664,15.58915559432933
24665,15.58915559432933
24666,15.58915559432933
24667,15.58915559432933
24668,15.58915559432933
24669,15.58915559432933
24670,15.58915559432933
24671,15.58915559432933
24672,15.58915559432933
24673,15.58915559432933
24674,15.58915559432933
24675,15.58915559432933
24676,15.58915559432933
24677,15.58915559432933
24678,15.58915559432933
24679,15.58915559432933
24680,15.58915559432933
24681,15.58915559432933
24682,15.58915559432933
24683,15.58915559432933
24684,15.58915559432933
24685,15.58915559432933
24686,15.58915559432933
24687,15.58915559432933
24688,15.58915559432933
24689,15.58915559432933
24690,15.58915559432933
24691,15.58915559432933
24692,15.58915559432933
24693,15.58915559432933
24694,15.58915559432933
24695,15.58915559432933
24696,15.58915559432933
24697,15.58915559432933
24698,15.58915559432933
24699,15.58915559432933
24700,15.58915559432933
24701,15.58915559432933
24702,15.58915559432933
24703,15.58915559432933
24704,15.58915559432933
24705,15.58915559432933
24706,15.58915559432933
24707,15.58915559432933
24708,15.58915559432933
24709,15.58915559432933
24710,15.58915559432933
24711,15.58915559432933
24712,15.58915559432933
24713,15.58915559432933
24714,15.58915559432933
24715,15.58915559432933
24716,15.58915559432933
24717,15.58915559432933
24718,15.58915559432933
24719,15.58915559432933
24720,15.58915559432933
24721,15.58915559432933
24722,15.58915559432933
24723,15.58915559432933
24724,15.58915559432933
24725,15.58915559432933
24726,15.58915559432933
24727,15.58915559432933
24728,15.58915559432933
24729,15.58915559432933
24730,15.58915559432933
24731,15.58915559432933
24732,15.58915559432933
24733,15.58915559432933
24734,15.58915559432933
24735,15.58915559432933
24736,15.58915559432933
24737,15.58915559432933
24738,15.58915559432933
24739,15.58915559432933
24740,15.58915559432933
24741,15.58915559432933
24742,15.58915559432933
24743,15.58915559432933
24744,15.58915559432933
24745,15.58915559432933
24746,15.58915559432933
24747,15.58915559432933
24748,15.58915559432933
24749,15.58915559432933
24750,15.58915559432933
24751,15.58915559432933
24752,15.58915559432933
24753,15.58915559432933
24754,15.58915559432933
24755,15.58915559432933
24756,15.58915559432933
24757,15.58915559432933
24758,15.58915559432933
24759,15.58915559432933
24760,15.58915559432933
24761,15.58915559432933
24762,15.58915559432933
24763,15.58915559432933
24764,15.58915559432933
24765,15.58915559432933
24766,15.58915559432933
24767,15.58915559432933
24768,15.58915559432933
24769,15.58915559432933
24770,15.58915559432933
24771,15.58915559432933
24772,15.58915559432933
24773,15.58915559432933
24774,15.58915559432933
24775,15.58915559432933
24776,15.58915559432933
24777,15.58915559432933
24778,15.58915559432933
24779,15.58915559432933
24780,15.58915559432933
24781,15.58915559432933
24782,15.58915559432933
24783,15.58915559432933
24784,15.58915559432933
24785,15.58915559432933
24786,15.58915559432933
24787,15.58915559432933
24788,15.58915559432933
24789,15.58915559432933
24790,15.58915559432933
24791,15.58915559432933
24792,15.58915559432933
24793,15.58915559432933
24794,15.58915559432933
24795,15.58915559432933
24796,15.58915559432933
24797,15.58915559432933
24798,15.58915559432933
24799,15.58915559432933
24800,15.58915559432933
24801,15.58915559432933
24802,15.58915559432933
24803,15.58915559432933
24804,15.58915559432933
24805,15.58915559432933
24806,15.58915559432933
24807,15.58915559432933
24808,15.58915559432933
24809,15.58915559432933
24810,15.58915559432933
24811,15.58915559432933
24812,15.58915559432933
24813,15.58915559432933
24814,15.58915559432933
24815,15.58915559432933
24816,15.58915559432933
24817,15.58915559432933
24818,15.58915559432933
24819,15.58915559432933
24820,15.58915559432933
24821,15.58915559432933
24822,15.58915559432933
24823,15.58915559432933
24824,15.58915559432933
24825,15.58915559432933
24826,15.58915559432933
24827,15.58915559432933
24828,15.58915559432933
24829,15.58915559432933
24830,15.58915559432933
24831,15.58915559432933
24832,15.58915559432933
24833,15.58915559432933
24834,15.58915559432933
24835,15.58915559432933
24836,15.58915559432933
24837,15.58915559432933
24838,15.58915559432933
24839,15.58915559432933
24840,15.58915559432933
24841,15.58915559432933
24842,15.58915559432933
24843,15.58915559432933
24844,15.58915559432933
24845,15.58915559432933
24846,15.58915559432933
24847,15.58915559432933
24848,15.58915559432933
24849,15.58915559432933
24850,15.58915559432933
24851,15.58915559432933
24852,15.58915559432933
24853,15.58915559432933
24854,15.58915559432933
24855,15.58915559432933
24856,15.58915559432933
24857,15.58915559432933
24858,15.58915559432933
24859,15.58915559432933
24860,15.58915559432933
24861,15.58915559432933
24862,15.58915559432933
24863,15.58915559432933
24864,15.58915559432933
24865,15.58915559432933
24866,15.58915559432933
24867,15.58915559432933
24868,15.58915559432933
24869,15.58915559432933
24870,15.58915559432933
24871,15.58915559432933
24872,15.58915559432933
24873,15.58915559432933
24874,15.58915559432933
24875,15.58915559432933
24876,15.58915559432933
24877,15.58915559432933
24878,15.58915559432933
24879,15.58915559432933
24880,15.58915559432933
24881,15.58915559432933
24882,15.58915559432933
24883,15.58915559432933
24884,15.58915559432933
24885,15.58915559432933
24886,15.58915559432933
24887,15.58915559432933
24888,15.58915559432933
24889,15.58915559432933
24890,15.58915559432933
24891,15.58915559432933
24892,15.58915559432933
24893,15.58915559432933
24894,15.58915559432933
24895,15.58915559432933
24896,15.58915559432933
24897,15.58915559432933
24898,15.58915559432933
24899,15.58915559432933
24900,15.58915559432933
24901,15.58915559432933
24902,15.58915559432933
24903,15.58915559432933
24904,15.58915559432933
24905,15.58915559432933
24906,15.58915559432933
24907,15.58915559432933
24908,15.58915559432933
24909,15.58915559432933
24910,15.58915559432933
24911,15.58915559432933
24912,15.58915559432933
24913,15.58915559432933
24914,15.58915559432933
24915,15.58915559432933
24916,15.58915559432933
24917,15.58915559432933
24918,15.58915559432933
24919,15.58915559432933
24920,15.58915559432933
24921,15.58915559432933
24922,15.58915559432933
24923,15.58915559432933
24924,15.58915559432933
24925,15.58915559432933
24926,15.58915559432933
24927,15.58915559432933
24928,15.58915559432933
24929,15.58915559432933
24930,15.58915559432933
24931,15.58915559432933
24932,15.58915559432933
24933,15.58915559432933
24934,15.58915559432933
24935,15.58915559432933
24936,15.58915559432933
24937,15.58915559432933
24938,15.58915559432933
24939,15.58915559432933
24940,15.58915559432933
24941,15.58915559432933
24942,15.58915559432933
24943,15.58915559432933
24944,15.58915559432933
24945,15.58915559432933
24946,15.58915559432933
24947,15.58915559432933
24948,15.58915559432933
24949,15.58915559432933
24950,15.58915559432933
24951,15.58915559432933
24952,15.58915559432933
24953,15.58915559432933
24954,15.58915559432933
24955,15.58915559432933
24956,15.58915559432933
24957,15.58915559432933
24958,15.58915559432933
24959,15.58915559432933
24960,15.58915559432933
24961,15.58915559432933
24962,15.58915559432933
24963,15.58915559432933
24964,15.58915559432933
24965,15.58915559432933
24966,15.58915559432933
24967,15.58915559432933
24968,15.58915559432933
24969,15.58915559432933
24970,15.58915559432933
24971,15.58915559432933
24972,15.58915559432933
24973,15.58915559432933
24974,15.58915559432933
24975,15.58915559432933
24976,15.58915559432933
24977,15.58915559432933
24978,15.58915559432933
24979,15.58915559432933
24980,15.58915559432933
24981,15.58915559432933
24982,15.58915559432933
24983,15.58915559432933
24984,15.58915559432933
24985,15.58915559432933
24986,15.58915559432933
24987,15.58915559432933
24988,15.58915559432933
24989,15.58915559432933
24990,15.58915559432933
24991,15.58915559432933
24992,15.58915559432933
24993,15.58915559432933
24994,15.58915559432933
24995,15.58915559432933
24996,15.58915559432933
24997,15.58915559432933
24998,15.58915559432933
24999,15.58915559432933
25000,15.58915559432933
25001,15.58915559432933
25002,15.58915559432933
25003,15.58915559432933
25004,15.58915559432933
25005,15.58915559432933
25006,15.58915559432933
25007,15.58915559432933
25008,15.58915559432933
25009,15.58915559432933
25010,15.58915559432933
25011,15.58915559432933
25012,15.58915559432933
25013,15.58915559432933
25014,15.58915559432933
25015,15.58915559432933
25016,15.58915559432933
25017,15.58915559432933
25018,15.58915559432933
25019,15.58915559432933
25020,15.58915559432933
25021,15.58915559432933
25022,15.58915559432933
25023,15.58915559432933
25024,15.58915559432933
25025,15.58915559432933
25026,15.58915559432933
25027,15.58915559432933
25028,15.58915559432933
25029,15.58915559432933
25030,15.58915559432933
25031,15.58915559432933
25032,15.58915559432933
25033,15.58915559432933
25034,15.58915559432933
25035,15.58915559432933
25036,15.58915559432933
25037,15.58915559432933
25038,15.58915559432933
25039,15.58915559432933
25040,15.58915559432933
25041,15.58915559432933
25042,15.58915559432933
25043,15.58915559432933
25044,15.58915559432933
25045,15.58915559432933
25046,15.58915559432933
25047,15.58915559432933
25048,15.58915559432933
25049,15.58915559432933
25050,15.58915559432933
25051,15.58915559432933
25052,15.58915559432933
25053,15.58915559432933
25054,15.58915559432933
25055,15.58915559432933
25056,15.58915559432933
25057,15.58915559432933
25058,15.58915559432933
25059,15.58915559432933
25060,15.58915559432933
25061,15.58915559432933
25062,15.58915559432933
25063,15.58915559432933
25064,15.58915559432933
25065,15.58915559432933
25066,15.58915559432933
25067,15.58915559432933
25068,15.58915559432933
25069,15.58915559432933
25070,15.58915559432933
25071,15.58915559432933
25072,15.58915559432933
25073,15.58915559432933
25074,15.58915559432933
25075,15.58915559432933
25076,15.58915559432933
25077,15.58915559432933
25078,15.58915559432933
25079,15.58915559432933
25080,15.58915559432933
25081,15.58915559432933
25082,15.58915559432933
25083,15.58915559432933
25084,15.58915559432933
25085,15.58915559432933
25086,15.58915559432933
25087,15.58915559432933
25088,15.58915559432933
25089,15.58915559432933
25090,15.58915559432933
25091,15.58915559432933
25092,15.58915559432933
25093,15.58915559432933
25094,15.58915559432933
25095,15.58915559432933
25096,15.58915559432933
25097,15.58915559432933
25098,15.58915559432933
25099,15.58915559432933
25100,15.58915559432933
25101,15.58915559432933
25102,15.58915559432933
25103,15.58915559432933
25104,15.58915559432933
25105,15.58915559432933
25106,15.58915559432933
25107,15.58915559432933
25108,15.58915559432933
25109,15.58915559432933
25110,15.58915559432933
25111,15.58915559432933
25112,15.58915559432933
25113,15.58915559432933
25114,15.58915559432933
25115,15.58915559432933
25116,15.58915559432933
25117,15.58915559432933
25118,15.58915559432933
25119,15.58915559432933
25120,15.58915559432933
25121,15.58915559432933
25122,15.58915559432933
25123,15.58915559432933
25124,15.58915559432933
25125,15.58915559432933
25126,15.58915559432933
25127,15.58915559432933
25128,15.58915559432933
25129,15.58915559432933
25130,15.58915559432933
25131,15.58915559432933
25132,15.58915559432933
25133,15.58915559432933
25134,15.58915559432933
25135,15.58915559432933
25136,15.58915559432933
25137,15.58915559432933
25138,15.58915559432933
25139,15.58915559432933
25140,15.58915559432933
25141,15.58915559432933
25142,15.58915559432933
25143,15.58915559432933
25144,15.58915559432933
25145,15.58915559432933
25146,15.58915559432933
25147,15.58915559432933
25148,15.58915559432933
25149,15.58915559432933
25150,15.58915559432933
25151,15.58915559432933
25152,15.58915559432933
25153,15.58915559432933
25154,15.58915559432933
25155,15.58915559432933
25156,15.58915559432933
25157,15.58915559432933
25158,15.58915559432933
25159,15.58915559432933
25160,15.58915559432933
25161,15.58915559432933
25162,15.58915559432933
25163,15.58915559432933
25164,15.58915559432933
25165,15.58915559432933
25166,15.58915559432933
25167,15.58915559432933
25168,15.58915559432933
25169,15.58915559432933
25170,15.58915559432933
25171,15.58915559432933
25172,15.58915559432933
25173,15.58915559432933
25174,15.58915559432933
25175,15.58915559432933
25176,15.58915559432933
25177,15.58915559432933
25178,15.58915559432933
25179,15.58915559432933
25180,15.58915559432933
25181,15.58915559432933
25182,15.58915559432933
25183,15.58915559432933
25184,15.58915559432933
25185,15.58915559432933
25186,15.58915559432933
25187,15.58915559432933
25188,15.58915559432933
25189,15.58915559432933
25190,15.58915559432933
25191,15.58915559432933
25192,15.58915559432933
25193,15.58915559432933
25194,15.58915559432933
25195,15.58915559432933
25196,15.58915559432933
25197,15.58915559432933
25198,15.58915559432933
25199,15.58915559432933
25200,15.58915559432933
25201,15.58915559432933
25202,15.58915559432933
25203,15.58915559432933
25204,15.58915559432933
25205,15.58915559432933
25206,15.58915559432933
25207,15.58915559432933
25208,15.58915559432933
25209,15.58915559432933
25210,15.58915559432933
25211,15.58915559432933
25212,15.58915559432933
25213,15.58915559432933
25214,15.58915559432933
25215,15.58915559432933
25216,15.58915559432933
25217,15.58915559432933
25218,15.58915559432933
25219,15.58915559432933
25220,15.58915559432933
25221,15.58915559432933
25222,15.58915559432933
25223,15.58915559432933
25224,15.58915559432933
25225,15.58915559432933
25226,15.58915559432933
25227,15.58915559432933
25228,15.58915559432933
25229,15.58915559432933
25230,15.58915559432933
25231,15.58915559432933
25232,15.58915559432933
25233,15.58915559432933
25234,15.58915559432933
25235,15.58915559432933
25236,15.58915559432933
25237,15.58915559432933
25238,15.58915559432933
25239,15.58915559432933
25240,15.58915559432933
25241,15.58915559432933
25242,15.58915559432933
25243,15.58915559432933
25244,15.58915559432933
25245,15.58915559432933
25246,15.58915559432933
25247,15.58915559432933
25248,15.58915559432933
25249,15.58915559432933
25250,15.58915559432933
25251,15.58915559432933
25252,15.58915559432933
25253,15.58915559432933
25254,15.58915559432933
25255,15.58915559432933
25256,15.58915559432933
25257,15.58915559432933
25258,15.58915559432933
25259,15.58915559432933
25260,15.58915559432933
25261,15.58915559432933
25262,15.58915559432933
25263,15.58915559432933
25264,15.58915559432933
25265,15.58915559432933
25266,15.58915559432933
25267,15.58915559432933
25268,15.58915559432933
25269,15.58915559432933
25270,15.58915559432933
25271,15.58915559432933
25272,15.58915559432933
25273,15.58915559432933
25274,15.58915559432933
25275,15.58915559432933
25276,15.58915559432933
25277,15.58915559432933
25278,15.58915559432933
25279,15.58915559432933
25280,15.58915559432933
25281,15.58915559432933
25282,15.58915559432933
25283,15.58915559432933
25284,15.58915559432933
25285,15.58915559432933
25286,15.58915559432933
25287,15.58915559432933
25288,15.58915559432933
25289,15.58915559432933
25290,15.58915559432933
25291,15.58915559432933
25292,15.58915559432933
25293,15.58915559432933
25294,15.58915559432933
25295,15.58915559432933
25296,15.58915559432933
25297,15.58915559432933
25298,15.58915559432933
25299,15.58915559432933
25300,15.58915559432933
25301,15.58915559432933
25302,15.58915559432933
25303,15.58915559432933
25304,15.58915559432933
25305,15.58915559432933
25306,15.58915559432933
25307,15.58915559432933
25308,15.58915559432933
25309,15.58915559432933
25310,15.58915559432933
25311,15.58915559432933
25312,15.58915559432933
25313,15.58915559432933
25314,15.58915559432933
25315,15.58915559432933
25316,15.58915559432933
25317,15.58915559432933
25318,15.58915559432933
25319,15.58915559432933
25320,15.58915559432933
25321,15.58915559432933
25322,15.58915559432933
25323,15.58915559432933
25324,15.58915559432933
25325,15.58915559432933
25326,15.58915559432933
25327,15.58915559432933
25328,15.58915559432933
25329,15.58915559432933
25330,15.58915559432933
25331,15.58915559432933
25332,15.58915559432933
25333,15.58915559432933
25334,15.58915559432933
25335,15.58915559432933
25336,15.58915559432933
25337,15.58915559432933
25338,15.58915559432933
25339,15.58915559432933
25340,15.58915559432933
25341,15.58915559432933
25342,15.58915559432933
25343,15.58915559432933
25344,15.58915559432933
25345,15.58915559432933
25346,15.58915559432933
25347,15.58915559432933
25348,15.58915559432933
25349,15.58915559432933
25350,15.58915559432933
25351,15.58915559432933
25352,15.58915559432933
25353,15.58915559432933
25354,15.58915559432933
25355,15.58915559432933
25356,15.58915559432933
25357,15.58915559432933
25358,15.58915559432933
25359,15.58915559432933
25360,15.58915559432933
25361,15.58915559432933
25362,15.58915559432933
25363,15.58915559432933
25364,15.58915559432933
25365,15.58915559432933
25366,15.58915559432933
25367,15.58915559432933
25368,15.58915559432933
25369,15.58915559432933
25370,15.58915559432933
25371,15.58915559432933
25372,15.58915559432933
25373,15.58915559432933
25374,15.58915559432933
25375,15.58915559432933
25376,15.58915559432933
25377,15.58915559432933
25378,15.58915559432933
25379,15.58915559432933
25380,15.58915559432933
25381,15.58915559432933
25382,15.58915559432933
25383,15.58915559432933
25384,15.58915559432933
25385,15.58915559432933
25386,15.58915559432933
25387,15.58915559432933
25388,15.58915559432933
25389,15.58915559432933
25390,15.58915559432933
25391,15.58915559432933
25392,15.58915559432933
25393,15.58915559432933
25394,15.58915559432933
25395,15.58915559432933
25396,15.58915559432933
25397,15.58915559432933
25398,15.58915559432933
25399,15.58915559432933
25400,15.58915559432933
25401,15.58915559432933
25402,15.58915559432933
25403,15.58915559432933
25404,15.58915559432933
25405,15.58915559432933
25406,15.58915559432933
25407,15.58915559432933
25408,15.58915559432933
25409,15.58915559432933
25410,15.58915559432933
25411,15.58915559432933
25412,15.58915559432933
25413,15.58915559432933
25414,15.58915559432933
25415,15.58915559432933
25416,15.58915559432933
25417,15.58915559432933
25418,15.58915559432933
25419,15.58915559432933
25420,15.58915559432933
25421,15.58915559432933
25422,15.58915559432933
25423,15.58915559432933
25424,15.58915559432933
25425,15.58915559432933
25426,15.58915559432933
25427,15.58915559432933
25428,15.58915559432933
25429,15.58915559432933
25430,15.58915559432933
25431,15.58915559432933
25432,15.58915559432933
25433,15.58915559432933
25434,15.58915559432933
25435,15.58915559432933
25436,15.58915559432933
25437,15.58915559432933
25438,15.58915559432933
25439,15.58915559432933
25440,15.58915559432933
25441,15.58915559432933
25442,15.58915559432933
25443,15.58915559432933
25444,15.58915559432933
25445,15.58915559432933
25446,15.58915559432933
25447,15.58915559432933
25448,15.58915559432933
25449,15.58915559432933
25450,15.58915559432933
25451,15.58915559432933
25452,15.58915559432933
25453,15.58915559432933
25454,15.58915559432933
25455,15.58915559432933
25456,15.58915559432933
25457,15.58915559432933
25458,15.58915559432933
25459,15.58915559432933
25460,15.58915559432933
25461,15.58915559432933
25462,15.58915559432933
25463,15.58915559432933
25464,15.58915559432933
25465,15.58915559432933
25466,15.58915559432933
25467,15.58915559432933
25468,15.58915559432933
25469,15.58915559432933
25470,15.58915559432933
25471,15.58915559432933
25472,15.58915559432933
25473,15.58915559432933
25474,15.58915559432933
25475,15.58915559432933
25476,15.58915559432933
25477,15.58915559432933
25478,15.58915559432933
25479,15.58915559432933
25480,15.58915559432933
25481,15.58915559432933
25482,15.58915559432933
25483,15.58915559432933
25484,15.58915559432933
25485,15.58915559432933
25486,15.58915559432933
25487,15.58915559432933
25488,15.58915559432933
25489,15.58915559432933
25490,15.58915559432933
25491,15.58915559432933
25492,15.58915559432933
25493,15.58915559432933
25494,15.58915559432933
25495,15.58915559432933
25496,15.58915559432933
25497,15.58915559432933
25498,15.58915559432933
25499,15.58915559432933
25500,15.58915559432933
25501,15.58915559432933
25502,15.58915559432933
25503,15.58915559432933
25504,15.58915559432933
25505,15.58915559432933
25506,15.58915559432933
25507,15.58915559432933
25508,15.58915559432933
25509,15.58915559432933
25510,15.58915559432933
25511,15.58915559432933
25512,15.58915559432933
25513,15.58915559432933
25514,15.58915559432933
25515,15.58915559432933
25516,15.58915559432933
25517,15.58915559432933
25518,15.58915559432933
25519,15.58915559432933
25520,15.58915559432933
25521,15.58915559432933
25522,15.58915559432933
25523,15.58915559432933
25524,15.58915559432933
25525,15.58915559432933
25526,15.58915559432933
25527,15.58915559432933
25528,15.58915559432933
25529,15.58915559432933
25530,15.58915559432933
25531,15.58915559432933
25532,15.58915559432933
25533,15.58915559432933
25534,15.58915559432933
25535,15.58915559432933
25536,15.58915559432933
25537,15.58915559432933
25538,15.58915559432933
25539,15.58915559432933
25540,15.58915559432933
25541,15.58915559432933
25542,15.58915559432933
25543,15.58915559432933
25544,15.58915559432933
25545,15.58915559432933
25546,15.58915559432933
25547,15.58915559432933
25548,15.58915559432933
25549,15.58915559432933
25550,15.58915559432933
25551,15.58915559432933
25552,15.58915559432933
25553,15.58915559432933
25554,15.58915559432933
25555,15.58915559432933
25556,15.58915559432933
25557,15.58915559432933
25558,15.58915559432933
25559,15.58915559432933
25560,15.58915559432933
25561,15.58915559432933
25562,15.58915559432933
25563,15.58915559432933
25564,15.58915559432933
25565,15.58915559432933
25566,15.58915559432933
25567,15.58915559432933
25568,15.58915559432933
25569,15.58915559432933
25570,15.58915559432933
25571,15.58915559432933
25572,15.58915559432933
25573,15.58915559432933
25574,15.58915559432933
25575,15.58915559432933
25576,15.58915559432933
25577,15.58915559432933
25578,15.58915559432933
25579,15.58915559432933
25580,15.58915559432933
25581,15.58915559432933
25582,15.58915559432933
25583,15.58915559432933
25584,15.58915559432933
25585,15.58915559432933
25586,15.58915559432933
25587,15.58915559432933
25588,15.58915559432933
25589,15.58915559432933
25590,15.58915559432933
25591,15.58915559432933
25592,15.58915559432933
25593,15.58915559432933
25594,15.58915559432933
25595,15.58915559432933
25596,15.58915559432933
25597,15.58915559432933
25598,15.58915559432933
25599,15.58915559432933
25600,15.58915559432933
25601,15.58915559432933
25602,15.58915559432933
25603,15.58915559432933
25604,15.58915559432933
25605,15.58915559432933
25606,15.58915559432933
25607,15.58915559432933
25608,15.58915559432933
25609,15.58915559432933
25610,15.58915559432933
25611,15.58915559432933
25612,15.58915559432933
25613,15.58915559432933
25614,15.58915559432933
25615,15.58915559432933
25616,15.58915559432933
25617,15.58915559432933
25618,15.58915559432933
25619,15.58915559432933
25620,15.58915559432933
25621,15.58915559432933
25622,15.58915559432933
25623,15.58915559432933
25624,15.58915559432933
25625,15.58915559432933
25626,15.58915559432933
25627,15.58915559432933
25628,15.58915559432933
25629,15.58915559432933
25630,15.58915559432933
25631,15.58915559432933
25632,15.58915559432933
25633,15.58915559432933
25634,15.58915559432933
25635,15.58915559432933
25636,15.58915559432933
25637,15.58915559432933
25638,15.58915559432933
25639,15.58915559432933
25640,15.58915559432933
25641,15.58915559432933
25642,15.58915559432933
25643,15.58915559432933
25644,15.58915559432933
25645,15.58915559432933
25646,15.58915559432933
25647,15.58915559432933
25648,15.58915559432933
25649,15.58915559432933
25650,15.58915559432933
25651,15.58915559432933
25652,15.58915559432933
25653,15.58915559432933
25654,15.58915559432933
25655,15.58915559432933
25656,15.58915559432933
25657,15.58915559432933
25658,15.58915559432933
25659,15.58915559432933
25660,15.58915559432933
25661,15.58915559432933
25662,15.58915559432933
25663,15.58915559432933
25664,15.58915559432933
25665,15.58915559432933
25666,15.58915559432933
25667,15.58915559432933
25668,15.58915559432933
25669,15.58915559432933
25670,15.58915559432933
25671,15.58915559432933
25672,15.58915559432933
25673,15.58915559432933
25674,15.58915559432933
25675,15.58915559432933
25676,15.58915559432933
25677,15.58915559432933
25678,15.58915559432933
25679,15.58915559432933
25680,15.58915559432933
25681,15.58915559432933
25682,15.58915559432933
25683,15.58915559432933
25684,15.58915559432933
25685,15.58915559432933
25686,15.58915559432933
25687,15.58915559432933
25688,15.58915559432933
25689,15.58915559432933
25690,15.58915559432933
25691,15.58915559432933
25692,15.58915559432933
25693,15.58915559432933
25694,15.58915559432933
25695,15.58915559432933
25696,15.58915559432933
25697,15.58915559432933
25698,15.58915559432933
25699,15.58915559432933
25700,15.58915559432933
25701,15.58915559432933
25702,15.58915559432933
25703,15.58915559432933
25704,15.58915559432933
25705,15.58915559432933
25706,15.58915559432933
25707,15.58915559432933
25708,15.58915559432933
25709,15.58915559432933
25710,15.58915559432933
25711,15.58915559432933
25712,15.58915559432933
25713,15.58915559432933
25714,15.58915559432933
25715,15.58915559432933
25716,15.58915559432933
25717,15.58915559432933
25718,15.58915559432933
25719,15.58915559432933
25720,15.58915559432933
25721,15.58915559432933
25722,15.58915559432933
25723,15.58915559432933
25724,15.58915559432933
25725,15.58915559432933
25726,15.58915559432933
25727,15.58915559432933
25728,15.58915559432933
25729,15.58915559432933
25730,15.58915559432933
25731,15.58915559432933
25732,15.58915559432933
25733,15.58915559432933
25734,15.58915559432933
25735,15.58915559432933
25736,15.58915559432933
25737,15.58915559432933
25738,15.58915559432933
25739,15.58915559432933
25740,15.58915559432933
25741,15.58915559432933
25742,15.58915559432933
25743,15.58915559432933
25744,15.58915559432933
25745,15.58915559432933
25746,15.58915559432933
25747,15.58915559432933
25748,15.58915559432933
25749,15.58915559432933
25750,15.58915559432933
25751,15.58915559432933
25752,15.58915559432933
25753,15.58915559432933
25754,15.58915559432933
25755,15.58915559432933
25756,15.58915559432933
25757,15.58915559432933
25758,15.58915559432933
25759,15.58915559432933
25760,15.58915559432933
25761,15.58915559432933
25762,15.58915559432933
25763,15.58915559432933
25764,15.58915559432933
25765,15.58915559432933
25766,15.58915559432933
25767,15.58915559432933
25768,15.58915559432933
25769,15.58915559432933
25770,15.58915559432933
25771,15.58915559432933
25772,15.58915559432933
25773,15.58915559432933
25774,15.58915559432933
25775,15.58915559432933
25776,15.58915559432933
25777,15.58915559432933
25778,15.58915559432933
25779,15.58915559432933
25780,15.58915559432933
25781,15.58915559432933
25782,15.58915559432933
25783,15.58915559432933
25784,15.58915559432933
25785,15.58915559432933
25786,15.58915559432933
25787,15.58915559432933
25788,15.58915559432933
25789,15.58915559432933
25790,15.58915559432933
25791,15.58915559432933
25792,15.58915559432933
25793,15.58915559432933
25794,15.58915559432933
25795,15.58915559432933
25796,15.58915559432933
25797,15.58915559432933
25798,15.58915559432933
25799,15.58915559432933
25800,15.58915559432933
25801,15.58915559432933
25802,15.58915559432933
25803,15.58915559432933
25804,15.58915559432933
25805,15.58915559432933
25806,15.58915559432933
25807,15.58915559432933
25808,15.58915559432933
25809,15.58915559432933
25810,15.58915559432933
25811,15.58915559432933
25812,15.58915559432933
25813,15.58915559432933
25814,15.58915559432933
25815,15.58915559432933
25816,15.58915559432933
25817,15.58915559432933
25818,15.58915559432933
25819,15.58915559432933
25820,15.58915559432933
25821,15.58915559432933
25822,15.58915559432933
25823,15.58915559432933
25824,15.58915559432933
25825,15.58915559432933
25826,15.58915559432933
25827,15.58915559432933
25828,15.58915559432933
25829,15.58915559432933
25830,15.58915559432933
25831,15.58915559432933
25832,15.58915559432933
25833,15.58915559432933
25834,15.58915559432933
25835,15.58915559432933
25836,15.58915559432933
25837,15.58915559432933
25838,15.58915559432933
25839,15.58915559432933
25840,15.58915559432933
25841,15.58915559432933
25842,15.58915559432933
25843,15.58915559432933
25844,15.58915559432933
25845,15.58915559432933
25846,15.58915559432933
25847,15.58915559432933
25848,15.58915559432933
25849,15.58915559432933
25850,15.58915559432933
25851,15.58915559432933
25852,15.58915559432933
25853,15.58915559432933
25854,15.58915559432933
25855,15.58915559432933
25856,15.58915559432933
25857,15.58915559432933
25858,15.58915559432933
25859,15.58915559432933
25860,15.58915559432933
25861,15.58915559432933
25862,15.58915559432933
25863,15.58915559432933
25864,15.58915559432933
25865,15.58915559432933
25866,15.58915559432933
25867,15.58915559432933
25868,15.58915559432933
25869,15.58915559432933
25870,15.58915559432933
25871,15.58915559432933
25872,15.58915559432933
25873,15.58915559432933
25874,15.58915559432933
25875,15.58915559432933
25876,15.58915559432933
25877,15.58915559432933
25878,15.58915559432933
25879,15.58915559432933
25880,15.58915559432933
25881,15.58915559432933
25882,15.58915559432933
25883,15.58915559432933
25884,15.58915559432933
25885,15.58915559432933
25886,15.58915559432933
25887,15.58915559432933
25888,15.58915559432933
25889,15.58915559432933
25890,15.58915559432933
25891,15.58915559432933
25892,15.58915559432933
25893,15.58915559432933
25894,15.58915559432933
25895,15.58915559432933
25896,15.58915559432933
25897,15.58915559432933
25898,15.58915559432933
25899,15.58915559432933
25900,15.58915559432933
25901,15.58915559432933
25902,15.58915559432933
25903,15.58915559432933
25904,15.58915559432933
25905,15.58915559432933
25906,15.58915559432933
25907,15.58915559432933
25908,15.58915559432933
25909,15.58915559432933
25910,15.58915559432933
25911,15.58915559432933
25912,15.58915559432933
25913,15.58915559432933
25914,15.58915559432933
25915,15.58915559432933
25916,15.58915559432933
25917,15.58915559432933
25918,15.58915559432933
25919,15.58915559432933
25920,15.58915559432933
25921,15.58915559432933
25922,15.58915559432933
25923,15.58915559432933
25924,15.58915559432933
25925,15.58915559432933
25926,15.58915559432933
25927,15.58915559432933
25928,15.58915559432933
25929,15.58915559432933
25930,15.58915559432933
25931,15.58915559432933
25932,15.58915559432933
25933,15.58915559432933
25934,15.58915559432933
25935,15.58915559432933
25936,15.58915559432933
25937,15.58915559432933
25938,15.58915559432933
25939,15.58915559432933
25940,15.58915559432933
25941,15.58915559432933
25942,15.58915559432933
25943,15.58915559432933
25944,15.58915559432933
25945,15.58915559432933
25946,15.58915559432933
25947,15.58915559432933
25948,15.58915559432933
25949,15.58915559432933
25950,15.58915559432933
25951,15.58915559432933
25952,15.58915559432933
25953,15.58915559432933
25954,15.58915559432933
25955,15.58915559432933
25956,15.58915559432933
25957,15.58915559432933
25958,15.58915559432933
25959,15.58915559432933
25960,15.58915559432933
25961,15.58915559432933
25962,15.58915559432933
25963,15.58915559432933
25964,15.58915559432933
25965,15.58915559432933
25966,15.58915559432933
25967,15.58915559432933
25968,15.58915559432933
25969,15.58915559432933
25970,15.58915559432933
25971,15.58915559432933
25972,15.58915559432933
25973,15.58915559432933
25974,15.58915559432933
25975,15.58915559432933
25976,15.58915559432933
25977,15.58915559432933
25978,15.58915559432933
25979,15.58915559432933
25980,15.58915559432933
25981,15.58915559432933
25982,15.58915559432933
25983,15.58915559432933
25984,15.58915559432933
25985,15.58915559432933
25986,15.58915559432933
25987,15.58915559432933
25988,15.58915559432933
25989,15.58915559432933
25990,15.58915559432933
25991,15.58915559432933
25992,15.58915559432933
25993,15.58915559432933
25994,15.58915559432933
25995,15.58915559432933
25996,15.58915559432933
25997,15.58915559432933
25998,15.58915559432933
25999,15.58915559432933
26000,15.58915559432933
26001,15.58915559432933
26002,15.58915559432933
26003,15.58915559432933
26004,15.58915559432933
26005,15.58915559432933
26006,15.58915559432933
26007,15.58915559432933
26008,15.58915559432933
26009,15.58915559432933
26010,15.58915559432933
26011,15.58915559432933
26012,15.58915559432933
26013,15.58915559432933
26014,15.58915559432933
26015,15.58915559432933
26016,15.58915559432933
26017,15.58915559432933
26018,15.58915559432933
26019,15.58915559432933
26020,15.58915559432933
26021,15.58915559432933
26022,15.58915559432933
26023,15.58915559432933
26024,15.58915559432933
26025,15.58915559432933
26026,15.58915559432933
26027,15.58915559432933
26028,15.58915559432933
26029,15.58915559432933
26030,15.58915559432933
26031,15.58915559432933
26032,15.58915559432933
26033,15.58915559432933
26034,15.58915559432933
26035,15.58915559432933
26036,15.58915559432933
26037,15.58915559432933
26038,15.58915559432933
26039,15.58915559432933
26040,15.58915559432933
26041,15.58915559432933
26042,15.58915559432933
26043,15.58915559432933
26044,15.58915559432933
26045,15.58915559432933
26046,15.58915559432933
26047,15.58915559432933
26048,15.58915559432933
26049,15.58915559432933
26050,15.58915559432933
26051,15.58915559432933
26052,15.58915559432933
26053,15.58915559432933
26054,15.58915559432933
26055,15.58915559432933
26056,15.58915559432933
26057,15.58915559432933
26058,15.58915559432933
26059,15.58915559432933
26060,15.58915559432933
26061,15.58915559432933
26062,15.58915559432933
26063,15.58915559432933
26064,15.58915559432933
26065,15.58915559432933
26066,15.58915559432933
26067,15.58915559432933
26068,15.58915559432933
26069,15.58915559432933
26070,15.58915559432933
26071,15.58915559432933
26072,15.58915559432933
26073,15.58915559432933
26074,15.58915559432933
26075,15.58915559432933
26076,15.58915559432933
26077,15.58915559432933
26078,15.58915559432933
26079,15.58915559432933
26080,15.58915559432933
26081,15.58915559432933
26082,15.58915559432933
26083,15.58915559432933
26084,15.58915559432933
26085,15.58915559432933
26086,15.58915559432933
26087,15.58915559432933
26088,15.58915559432933
26089,15.58915559432933
26090,15.58915559432933
26091,15.58915559432933
26092,15.58915559432933
26093,15.58915559432933
26094,15.58915559432933
26095,15.58915559432933
26096,15.58915559432933
26097,15.58915559432933
26098,15.58915559432933
26099,15.58915559432933
26100,15.58915559432933
26101,15.58915559432933
26102,15.58915559432933
26103,15.58915559432933
26104,15.58915559432933
26105,15.58915559432933
26106,15.58915559432933
26107,15.58915559432933
26108,15.58915559432933
26109,15.58915559432933
26110,15.58915559432933
26111,15.58915559432933
26112,15.58915559432933
26113,15.58915559432933
26114,15.58915559432933
26115,15.58915559432933
26116,15.58915559432933
26117,15.58915559432933
26118,15.58915559432933
26119,15.58915559432933
26120,15.58915559432933
26121,15.58915559432933
26122,15.58915559432933
26123,15.58915559432933
26124,15.58915559432933
26125,15.58915559432933
26126,15.58915559432933
26127,15.58915559432933
26128,15.58915559432933
26129,15.58915559432933
26130,15.58915559432933
26131,15.58915559432933
26132,15.58915559432933
26133,15.58915559432933
26134,15.58915559432933
26135,15.58915559432933
26136,15.58915559432933
26137,15.58915559432933
26138,15.58915559432933
26139,15.58915559432933
26140,15.58915559432933
26141,15.58915559432933
26142,15.58915559432933
26143,15.58915559432933
26144,15.58915559432933
26145,15.58915559432933
26146,15.58915559432933
26147,15.58915559432933
26148,15.58915559432933
26149,15.58915559432933
26150,15.58915559432933
26151,15.58915559432933
26152,15.58915559432933
26153,15.58915559432933
26154,15.58915559432933
26155,15.58915559432933
26156,15.58915559432933
26157,15.58915559432933
26158,15.58915559432933
26159,15.58915559432933
26160,15.58915559432933
26161,15.58915559432933
26162,15.58915559432933
26163,15.58915559432933
26164,15.58915559432933
26165,15.58915559432933
26166,15.58915559432933
26167,15.58915559432933
26168,15.58915559432933
26169,15.58915559432933
26170,15.58915559432933
26171,15.58915559432933
26172,15.58915559432933
26173,15.58915559432933
26174,15.58915559432933
26175,15.58915559432933
26176,15.58915559432933
26177,15.58915559432933
26178,15.58915559432933
26179,15.58915559432933
26180,15.58915559432933
26181,15.58915559432933
26182,15.58915559432933
26183,15.58915559432933
26184,15.58915559432933
26185,15.58915559432933
26186,15.58915559432933
26187,15.58915559432933
26188,15.58915559432933
26189,15.58915559432933
26190,15.58915559432933
26191,15.58915559432933
26192,15.58915559432933
26193,15.58915559432933
26194,15.58915559432933
26195,15.58915559432933
26196,15.58915559432933
26197,15.58915559432933
26198,15.58915559432933
26199,15.58915559432933
26200,15.58915559432933
26201,15.58915559432933
26202,15.58915559432933
26203,15.58915559432933
26204,15.58915559432933
26205,15.58915559432933
26206,15.58915559432933
26207,15.58915559432933
26208,15.58915559432933
26209,15.58915559432933
26210,15.58915559432933
26211,15.58915559432933
26212,15.58915559432933
26213,15.58915559432933
26214,15.58915559432933
26215,15.58915559432933
26216,15.58915559432933
26217,15.58915559432933
26218,15.58915559432933
26219,15.58915559432933
26220,15.58915559432933
26221,15.58915559432933
26222,15.58915559432933
26223,15.58915559432933
26224,15.58915559432933
26225,15.58915559432933
26226,15.58915559432933
26227,15.58915559432933
26228,15.58915559432933
26229,15.58915559432933
26230,15.58915559432933
26231,15.58915559432933
26232,15.58915559432933
26233,15.58915559432933
26234,15.58915559432933
26235,15.58915559432933
26236,15.58915559432933
26237,15.58915559432933
26238,15.58915559432933
26239,15.58915559432933
26240,15.58915559432933
26241,15.58915559432933
26242,15.58915559432933
26243,15.58915559432933
26244,15.58915559432933
26245,15.58915559432933
26246,15.58915559432933
26247,15.58915559432933
26248,15.58915559432933
26249,15.58915559432933
26250,15.58915559432933
26251,15.58915559432933
26252,15.58915559432933
26253,15.58915559432933
26254,15.58915559432933
26255,15.58915559432933
26256,15.58915559432933
26257,15.58915559432933
26258,15.58915559432933
26259,15.58915559432933
26260,15.58915559432933
26261,15.58915559432933
26262,15.58915559432933
26263,15.58915559432933
26264,15.58915559432933
26265,15.58915559432933
26266,15.58915559432933
26267,15.58915559432933
26268,15.58915559432933
26269,15.58915559432933
26270,15.58915559432933
26271,15.58915559432933
26272,15.58915559432933
26273,15.58915559432933
26274,15.58915559432933
26275,15.58915559432933
26276,15.58915559432933
26277,15.58915559432933
26278,15.58915559432933
26279,15.58915559432933
26280,15.58915559432933
26281,15.58915559432933
26282,15.58915559432933
26283,15.58915559432933
26284,15.58915559432933
26285,15.58915559432933
26286,15.58915559432933
26287,15.58915559432933
26288,15.58915559432933
26289,15.58915559432933
26290,15.58915559432933
26291,15.58915559432933
26292,15.58915559432933
26293,15.58915559432933
26294,15.58915559432933
26295,15.58915559432933
26296,15.58915559432933
26297,15.58915559432933
26298,15.58915559432933
26299,15.58915559432933
26300,15.58915559432933
26301,15.58915559432933
26302,15.58915559432933
26303,15.58915559432933
26304,15.58915559432933
26305,15.58915559432933
26306,15.58915559432933
26307,15.58915559432933
26308,15.58915559432933
26309,15.58915559432933
26310,15.58915559432933
26311,15.58915559432933
26312,15.58915559432933
26313,15.58915559432933
26314,15.58915559432933
26315,15.58915559432933
26316,15.58915559432933
26317,15.58915559432933
26318,15.58915559432933
26319,15.58915559432933
26320,15.58915559432933
26321,15.58915559432933
26322,15.58915559432933
26323,15.58915559432933
26324,15.58915559432933
26325,15.58915559432933
26326,15.58915559432933
26327,15.58915559432933
26328,15.58915559432933
26329,15.58915559432933
26330,15.58915559432933
26331,15.58915559432933
26332,15.58915559432933
26333,15.58915559432933
26334,15.58915559432933
26335,15.58915559432933
26336,15.58915559432933
26337,15.58915559432933
26338,15.58915559432933
26339,15.58915559432933
26340,15.58915559432933
26341,15.58915559432933
26342,15.58915559432933
26343,15.58915559432933
26344,15.58915559432933
26345,15.58915559432933
26346,15.58915559432933
26347,15.58915559432933
26348,15.58915559432933
26349,15.58915559432933
26350,15.58915559432933
26351,15.58915559432933
26352,15.58915559432933
26353,15.58915559432933
26354,15.58915559432933
26355,15.58915559432933
26356,15.58915559432933
26357,15.58915559432933
26358,15.58915559432933
26359,15.58915559432933
26360,15.58915559432933
26361,15.58915559432933
26362,15.58915559432933
26363,15.58915559432933
26364,15.58915559432933
26365,15.58915559432933
26366,15.58915559432933
26367,15.58915559432933
26368,15.58915559432933
26369,15.58915559432933
26370,15.58915559432933
26371,15.58915559432933
26372,15.58915559432933
26373,15.58915559432933
26374,15.58915559432933
26375,15.58915559432933
26376,15.58915559432933
26377,15.58915559432933
26378,15.58915559432933
26379,15.58915559432933
26380,15.58915559432933
26381,15.58915559432933
26382,15.58915559432933
26383,15.58915559432933
26384,15.58915559432933
26385,15.58915559432933
26386,15.58915559432933
26387,15.58915559432933
26388,15.58915559432933
26389,15.58915559432933
26390,15.58915559432933
26391,15.58915559432933
26392,15.58915559432933
26393,15.58915559432933
26394,15.58915559432933
26395,15.58915559432933
26396,15.58915559432933
26397,15.58915559432933
26398,15.58915559432933
26399,15.58915559432933
26400,15.58915559432933
26401,15.58915559432933
26402,15.58915559432933
26403,15.58915559432933
26404,15.58915559432933
26405,15.58915559432933
26406,15.58915559432933
26407,15.58915559432933
26408,15.58915559432933
26409,15.58915559432933
26410,15.58915559432933
26411,15.58915559432933
26412,15.58915559432933
26413,15.58915559432933
26414,15.58915559432933
26415,15.58915559432933
26416,15.58915559432933
26417,15.58915559432933
26418,15.58915559432933
26419,15.58915559432933
26420,15.58915559432933
26421,15.58915559432933
26422,15.58915559432933
26423,15.58915559432933
26424,15.58915559432933
26425,15.58915559432933
26426,15.58915559432933
26427,15.58915559432933
26428,15.58915559432933
26429,15.58915559432933
26430,15.58915559432933
26431,15.58915559432933
26432,15.58915559432933
26433,15.58915559432933
26434,15.58915559432933
26435,15.58915559432933
26436,15.58915559432933
26437,15.58915559432933
26438,15.58915559432933
26439,15.58915559432933
26440,15.58915559432933
26441,15.58915559432933
26442,15.58915559432933
26443,15.58915559432933
26444,15.58915559432933
26445,15.58915559432933
26446,15.58915559432933
26447,15.58915559432933
26448,15.58915559432933
26449,15.58915559432933
26450,15.58915559432933
26451,15.58915559432933
26452,15.58915559432933
26453,15.58915559432933
26454,15.58915559432933
26455,15.58915559432933
26456,15.58915559432933
26457,15.58915559432933
26458,15.58915559432933
26459,15.58915559432933
26460,15.58915559432933
26461,15.58915559432933
26462,15.58915559432933
26463,15.58915559432933
26464,15.58915559432933
26465,15.58915559432933
26466,15.58915559432933
26467,15.58915559432933
26468,15.58915559432933
26469,15.58915559432933
26470,15.58915559432933
26471,15.58915559432933
26472,15.58915559432933
26473,15.58915559432933
26474,15.58915559432933
26475,15.58915559432933
26476,15.58915559432933
26477,15.58915559432933
26478,15.58915559432933
26479,15.58915559432933
26480,15.58915559432933
26481,15.58915559432933
26482,15.58915559432933
26483,15.58915559432933
26484,15.58915559432933
26485,15.58915559432933
26486,15.58915559432933
26487,15.58915559432933
26488,15.58915559432933
26489,15.58915559432933
26490,15.58915559432933
26491,15.58915559432933
26492,15.58915559432933
26493,15.58915559432933
26494,15.58915559432933
26495,15.58915559432933
26496,15.58915559432933
26497,15.58915559432933
26498,15.58915559432933
26499,15.58915559432933
26500,15.58915559432933
26501,15.58915559432933
26502,15.58915559432933
26503,15.58915559432933
26504,15.58915559432933
26505,15.58915559432933
26506,15.58915559432933
26507,15.58915559432933
26508,15.58915559432933
26509,15.58915559432933
26510,15.58915559432933
26511,15.58915559432933
26512,15.58915559432933
26513,15.58915559432933
26514,15.58915559432933
26515,15.58915559432933
26516,15.58915559432933
26517,15.58915559432933
26518,15.58915559432933
26519,15.58915559432933
26520,15.58915559432933
26521,15.58915559432933
26522,15.58915559432933
26523,15.58915559432933
26524,15.58915559432933
26525,15.58915559432933
26526,15.58915559432933
26527,15.58915559432933
26528,15.58915559432933
26529,15.58915559432933
26530,15.58915559432933
26531,15.58915559432933
26532,15.58915559432933
26533,15.58915559432933
26534,15.58915559432933
26535,15.58915559432933
26536,15.58915559432933
26537,15.58915559432933
26538,15.58915559432933
26539,15.58915559432933
26540,15.58915559432933
26541,15.58915559432933
26542,15.58915559432933
26543,15.58915559432933
26544,15.58915559432933
26545,15.58915559432933
26546,15.58915559432933
26547,15.58915559432933
26548,15.58915559432933
26549,15.58915559432933
26550,15.58915559432933
26551,15.58915559432933
26552,15.58915559432933
26553,15.58915559432933
26554,15.58915559432933
26555,15.58915559432933
26556,15.58915559432933
26557,15.58915559432933
26558,15.58915559432933
26559,15.58915559432933
26560,15.58915559432933
26561,15.58915559432933
26562,15.58915559432933
26563,15.58915559432933
26564,15.58915559432933
26565,15.58915559432933
26566,15.58915559432933
26567,15.58915559432933
26568,15.58915559432933
26569,15.58915559432933
26570,15.58915559432933
26571,15.58915559432933
26572,15.58915559432933
26573,15.58915559432933
26574,15.58915559432933
26575,15.58915559432933
26576,15.58915559432933
26577,15.58915559432933
26578,15.58915559432933
26579,15.58915559432933
26580,15.58915559432933
26581,15.58915559432933
26582,15.58915559432933
26583,15.58915559432933
26584,15.58915559432933
26585,15.58915559432933
26586,15.58915559432933
26587,15.58915559432933
26588,15.58915559432933
26589,15.58915559432933
26590,15.58915559432933
26591,15.58915559432933
26592,15.58915559432933
26593,15.58915559432933
26594,15.58915559432933
26595,15.58915559432933
26596,15.58915559432933
26597,15.58915559432933
26598,15.58915559432933
26599,15.58915559432933
26600,15.58915559432933
26601,15.58915559432933
26602,15.58915559432933
26603,15.58915559432933
26604,15.58915559432933
26605,15.58915559432933
26606,15.58915559432933
26607,15.58915559432933
26608,15.58915559432933
26609,15.58915559432933
26610,15.58915559432933
26611,15.58915559432933
26612,15.58915559432933
26613,15.58915559432933
26614,15.58915559432933
26615,15.58915559432933
26616,15.58915559432933
26617,15.58915559432933
26618,15.58915559432933
26619,15.58915559432933
26620,15.58915559432933
26621,15.58915559432933
26622,15.58915559432933
26623,15.58915559432933
26624,15.58915559432933
26625,15.58915559432933
26626,15.58915559432933
26627,15.58915559432933
26628,15.58915559432933
26629,15.58915559432933
26630,15.58915559432933
26631,15.58915559432933
26632,15.58915559432933
26633,15.58915559432933
26634,15.58915559432933
26635,15.58915559432933
26636,15.58915559432933
26637,15.58915559432933
26638,15.58915559432933
26639,15.58915559432933
26640,15.58915559432933
26641,15.58915559432933
26642,15.58915559432933
26643,15.58915559432933
26644,15.58915559432933
26645,15.58915559432933
26646,15.58915559432933
26647,15.58915559432933
26648,15.58915559432933
26649,15.58915559432933
26650,15.58915559432933
26651,15.58915559432933
26652,15.58915559432933
26653,15.58915559432933
26654,15.58915559432933
26655,15.58915559432933
26656,15.58915559432933
26657,15.58915559432933
26658,15.58915559432933
26659,15.58915559432933
26660,15.58915559432933
26661,15.58915559432933
26662,15.58915559432933
26663,15.58915559432933
26664,15.58915559432933
26665,15.58915559432933
26666,15.58915559432933
26667,15.58915559432933
26668,15.58915559432933
26669,15.58915559432933
26670,15.58915559432933
26671,15.58915559432933
26672,15.58915559432933
26673,15.58915559432933
26674,15.58915559432933
26675,15.58915559432933
26676,15.58915559432933
26677,15.58915559432933
26678,15.58915559432933
26679,15.58915559432933
26680,15.58915559432933
26681,15.58915559432933
26682,15.58915559432933
26683,15.58915559432933
26684,15.58915559432933
26685,15.58915559432933
26686,15.58915559432933
26687,15.58915559432933
26688,15.58915559432933
26689,15.58915559432933
26690,15.58915559432933
26691,15.58915559432933
26692,15.58915559432933
26693,15.58915559432933
26694,15.58915559432933
26695,15.58915559432933
26696,15.58915559432933
26697,15.58915559432933
26698,15.58915559432933
26699,15.58915559432933
26700,15.58915559432933
26701,15.58915559432933
26702,15.58915559432933
26703,15.58915559432933
26704,15.58915559432933
26705,15.58915559432933
26706,15.58915559432933
26707,15.58915559432933
26708,15.58915559432933
26709,15.58915559432933
26710,15.58915559432933
26711,15.58915559432933
26712,15.58915559432933
26713,15.58915559432933
26714,15.58915559432933
26715,15.58915559432933
26716,15.58915559432933
26717,15.58915559432933
26718,15.58915559432933
26719,15.58915559432933
26720,15.58915559432933
26721,15.58915559432933
26722,15.58915559432933
26723,15.58915559432933
26724,15.58915559432933
26725,15.58915559432933
26726,15.58915559432933
26727,15.58915559432933
26728,15.58915559432933
26729,15.58915559432933
26730,15.58915559432933
26731,15.58915559432933
26732,15.58915559432933
26733,15.58915559432933
26734,15.58915559432933
26735,15.58915559432933
26736,15.58915559432933
26737,15.58915559432933
26738,15.58915559432933
26739,15.58915559432933
26740,15.58915559432933
26741,15.58915559432933
26742,15.58915559432933
26743,15.58915559432933
26744,15.58915559432933
26745,15.58915559432933
26746,15.58915559432933
26747,15.58915559432933
26748,15.58915559432933
26749,15.58915559432933
26750,15.58915559432933
26751,15.58915559432933
26752,15.58915559432933
26753,15.58915559432933
26754,15.58915559432933
26755,15.58915559432933
26756,15.58915559432933
26757,15.58915559432933
26758,15.58915559432933
26759,15.58915559432933
26760,15.58915559432933
26761,15.58915559432933
26762,15.58915559432933
26763,15.58915559432933
26764,15.58915559432933
26765,15.58915559432933
26766,15.58915559432933
26767,15.58915559432933
26768,15.58915559432933
26769,15.58915559432933
26770,15.58915559432933
26771,15.58915559432933
26772,15.58915559432933
26773,15.58915559432933
26774,15.58915559432933
26775,15.58915559432933
26776,15.58915559432933
26777,15.58915559432933
26778,15.58915559432933
26779,15.58915559432933
26780,15.58915559432933
26781,15.58915559432933
26782,15.58915559432933
26783,15.58915559432933
26784,15.58915559432933
26785,15.58915559432933
26786,15.58915559432933
26787,15.58915559432933
26788,15.58915559432933
26789,15.58915559432933
26790,15.58915559432933
26791,15.58915559432933
26792,15.58915559432933
26793,15.58915559432933
26794,15.58915559432933
26795,15.58915559432933
26796,15.58915559432933
26797,15.58915559432933
26798,15.58915559432933
26799,15.58915559432933
26800,15.58915559432933
26801,15.58915559432933
26802,15.58915559432933
26803,15.58915559432933
26804,15.58915559432933
26805,15.58915559432933
26806,15.58915559432933
26807,15.58915559432933
26808,15.58915559432933
26809,15.58915559432933
26810,15.58915559432933
26811,15.58915559432933
26812,15.58915559432933
26813,15.58915559432933
26814,15.58915559432933
26815,15.58915559432933
26816,15.58915559432933
26817,15.58915559432933
26818,15.58915559432933
26819,15.58915559432933
26820,15.58915559432933
26821,15.58915559432933
26822,15.58915559432933
26823,15.58915559432933
26824,15.58915559432933
26825,15.58915559432933
26826,15.58915559432933
26827,15.58915559432933
26828,15.58915559432933
26829,15.58915559432933
26830,15.58915559432933
26831,15.58915559432933
26832,15.58915559432933
26833,15.58915559432933
26834,15.58915559432933
26835,15.58915559432933
26836,15.58915559432933
26837,15.58915559432933
26838,15.58915559432933
26839,15.58915559432933
26840,15.58915559432933
26841,15.58915559432933
26842,15.58915559432933
26843,15.58915559432933
26844,15.58915559432933
26845,15.58915559432933
26846,15.58915559432933
26847,15.58915559432933
26848,15.58915559432933
26849,15.58915559432933
26850,15.58915559432933
26851,15.58915559432933
26852,15.58915559432933
26853,15.58915559432933
26854,15.58915559432933
26855,15.58915559432933
26856,15.58915559432933
26857,15.58915559432933
26858,15.58915559432933
26859,15.58915559432933
26860,15.58915559432933
26861,15.58915559432933
26862,15.58915559432933
26863,15.58915559432933
26864,15.58915559432933
26865,15.58915559432933
26866,15.58915559432933
26867,15.58915559432933
26868,15.58915559432933
26869,15.58915559432933
26870,15.58915559432933
26871,15.58915559432933
26872,15.58915559432933
26873,15.58915559432933
26874,15.58915559432933
26875,15.58915559432933
26876,15.58915559432933
26877,15.58915559432933
26878,15.58915559432933
26879,15.58915559432933
26880,15.58915559432933
26881,15.58915559432933
26882,15.58915559432933
26883,15.58915559432933
26884,15.58915559432933
26885,15.58915559432933
26886,15.58915559432933
26887,15.58915559432933
26888,15.58915559432933
26889,15.58915559432933
26890,15.58915559432933
26891,15.58915559432933
26892,15.58915559432933
26893,15.58915559432933
26894,15.58915559432933
26895,15.58915559432933
26896,15.58915559432933
26897,15.58915559432933
26898,15.58915559432933
26899,15.58915559432933
26900,15.58915559432933
26901,15.58915559432933
26902,15.58915559432933
26903,15.58915559432933
26904,15.58915559432933
26905,15.58915559432933
26906,15.58915559432933
26907,15.58915559432933
26908,15.58915559432933
26909,15.58915559432933
26910,15.58915559432933
26911,15.58915559432933
26912,15.58915559432933
26913,15.58915559432933
26914,15.58915559432933
26915,15.58915559432933
26916,15.58915559432933
26917,15.58915559432933
26918,15.58915559432933
26919,15.58915559432933
26920,15.58915559432933
26921,15.58915559432933
26922,15.58915559432933
26923,15.58915559432933
26924,15.58915559432933
26925,15.58915559432933
26926,15.58915559432933
26927,15.58915559432933
26928,15.58915559432933
26929,15.58915559432933
26930,15.58915559432933
26931,15.58915559432933
26932,15.58915559432933
26933,15.58915559432933
26934,15.58915559432933
26935,15.58915559432933
26936,15.58915559432933
26937,15.58915559432933
26938,15.58915559432933
26939,15.58915559432933
26940,15.58915559432933
26941,15.58915559432933
26942,15.58915559432933
26943,15.58915559432933
26944,15.58915559432933
26945,15.58915559432933
26946,15.58915559432933
26947,15.58915559432933
26948,15.58915559432933
26949,15.58915559432933
26950,15.58915559432933
26951,15.58915559432933
26952,15.58915559432933
26953,15.58915559432933
26954,15.58915559432933
26955,15.58915559432933
26956,15.58915559432933
26957,15.58915559432933
26958,15.58915559432933
26959,15.58915559432933
26960,15.58915559432933
26961,15.58915559432933
26962,15.58915559432933
26963,15.58915559432933
26964,15.58915559432933
26965,15.58915559432933
26966,15.58915559432933
26967,15.58915559432933
26968,15.58915559432933
26969,15.58915559432933
26970,15.58915559432933
26971,15.58915559432933
26972,15.58915559432933
26973,15.58915559432933
26974,15.58915559432933
26975,15.58915559432933
26976,15.58915559432933
26977,15.58915559432933
26978,15.58915559432933
26979,15.58915559432933
26980,15.58915559432933
26981,15.58915559432933
26982,15.58915559432933
26983,15.58915559432933
26984,15.58915559432933
26985,15.58915559432933
26986,15.58915559432933
26987,15.58915559432933
26988,15.58915559432933
26989,15.58915559432933
26990,15.58915559432933
26991,15.58915559432933
26992,15.58915559432933
26993,15.58915559432933
26994,15.58915559432933
26995,15.58915559432933
26996,15.58915559432933
26997,15.58915559432933
26998,15.58915559432933
26999,15.58915559432933
27000,15.58915559432933
27001,15.58915559432933
27002,15.58915559432933
27003,15.58915559432933
27004,15.58915559432933
27005,15.58915559432933
27006,15.58915559432933
27007,15.58915559432933
27008,15.58915559432933
27009,15.58915559432933
27010,15.58915559432933
27011,15.58915559432933
27012,15.58915559432933
27013,15.58915559432933
27014,15.58915559432933
27015,15.58915559432933
27016,15.58915559432933
27017,15.58915559432933
27018,15.58915559432933
27019,15.58915559432933
27020,15.58915559432933
27021,15.58915559432933
27022,15.58915559432933
27023,15.58915559432933
27024,15.58915559432933
27025,15.58915559432933
27026,15.58915559432933
27027,15.58915559432933
27028,15.58915559432933
27029,15.58915559432933
27030,15.58915559432933
27031,15.58915559432933
27032,15.58915559432933
27033,15.58915559432933
27034,15.58915559432933
27035,15.58915559432933
27036,15.58915559432933
27037,15.58915559432933
27038,15.58915559432933
27039,15.58915559432933
27040,15.58915559432933
27041,15.58915559432933
27042,15.58915559432933
27043,15.58915559432933
27044,15.58915559432933
27045,15.58915559432933
27046,15.58915559432933
27047,15.58915559432933
27048,15.58915559432933
27049,15.58915559432933
27050,15.58915559432933
27051,15.58915559432933
27052,15.58915559432933
27053,15.58915559432933
27054,15.58915559432933
27055,15.58915559432933
27056,15.58915559432933
27057,15.58915559432933
27058,15.58915559432933
27059,15.58915559432933
27060,15.58915559432933
27061,15.58915559432933
27062,15.58915559432933
27063,15.58915559432933
27064,15.58915559432933
27065,15.58915559432933
27066,15.58915559432933
27067,15.58915559432933
27068,15.58915559432933
27069,15.58915559432933
27070,15.58915559432933
27071,15.58915559432933
27072,15.58915559432933
27073,15.58915559432933
27074,15.58915559432933
27075,15.58915559432933
27076,15.58915559432933
27077,15.58915559432933
27078,15.58915559432933
27079,15.58915559432933
27080,15.58915559432933
27081,15.58915559432933
27082,15.58915559432933
27083,15.58915559432933
27084,15.58915559432933
27085,15.58915559432933
27086,15.58915559432933
27087,15.58915559432933
27088,15.58915559432933
27089,15.58915559432933
27090,15.58915559432933
27091,15.58915559432933
27092,15.58915559432933
27093,15.58915559432933
27094,15.58915559432933
27095,15.58915559432933
27096,15.58915559432933
27097,15.58915559432933
27098,15.58915559432933
27099,15.58915559432933
27100,15.58915559432933
27101,15.58915559432933
27102,15.58915559432933
27103,15.58915559432933
27104,15.58915559432933
27105,15.58915559432933
27106,15.58915559432933
27107,15.58915559432933
27108,15.58915559432933
27109,15.58915559432933
27110,15.58915559432933
27111,15.58915559432933
27112,15.58915559432933
27113,15.58915559432933
27114,15.58915559432933
27115,15.58915559432933
27116,15.58915559432933
27117,15.58915559432933
27118,15.58915559432933
27119,15.58915559432933
27120,15.58915559432933
27121,15.58915559432933
27122,15.58915559432933
27123,15.58915559432933
27124,15.58915559432933
27125,15.58915559432933
27126,15.58915559432933
27127,15.58915559432933
27128,15.58915559432933
27129,15.58915559432933
27130,15.58915559432933
27131,15.58915559432933
27132,15.58915559432933
27133,15.58915559432933
27134,15.58915559432933
27135,15.58915559432933
27136,15.58915559432933
27137,15.58915559432933
27138,15.58915559432933
27139,15.58915559432933
27140,15.58915559432933
27141,15.58915559432933
27142,15.58915559432933
27143,15.58915559432933
27144,15.58915559432933
27145,15.58915559432933
27146,15.58915559432933
27147,15.58915559432933
27148,15.58915559432933
27149,15.58915559432933
27150,15.58915559432933
27151,15.58915559432933
27152,15.58915559432933
27153,15.58915559432933
27154,15.58915559432933
27155,15.58915559432933
27156,15.58915559432933
27157,15.58915559432933
27158,15.58915559432933
27159,15.58915559432933
27160,15.58915559432933
27161,15.58915559432933
27162,15.58915559432933
27163,15.58915559432933
27164,15.58915559432933
27165,15.58915559432933
27166,15.58915559432933
27167,15.58915559432933
27168,15.58915559432933
27169,15.58915559432933
27170,15.58915559432933
27171,15.58915559432933
27172,15.58915559432933
27173,15.58915559432933
27174,15.58915559432933
27175,15.58915559432933
27176,15.58915559432933
27177,15.58915559432933
27178,15.58915559432933
27179,15.58915559432933
27180,15.58915559432933
27181,15.58915559432933
27182,15.58915559432933
27183,15.58915559432933
27184,15.58915559432933
27185,15.58915559432933
27186,15.58915559432933
27187,15.58915559432933
27188,15.58915559432933
27189,15.58915559432933
27190,15.58915559432933
27191,15.58915559432933
27192,15.58915559432933
27193,15.58915559432933
27194,15.58915559432933
27195,15.58915559432933
27196,15.58915559432933
27197,15.58915559432933
27198,15.58915559432933
27199,15.58915559432933
27200,15.58915559432933
27201,15.58915559432933
27202,15.58915559432933
27203,15.58915559432933
27204,15.58915559432933
27205,15.58915559432933
27206,15.58915559432933
27207,15.58915559432933
27208,15.58915559432933
27209,15.58915559432933
27210,15.58915559432933
27211,15.58915559432933
27212,15.58915559432933
27213,15.58915559432933
27214,15.58915559432933
27215,15.58915559432933
27216,15.58915559432933
27217,15.58915559432933
27218,15.58915559432933
27219,15.58915559432933
27220,15.58915559432933
27221,15.58915559432933
27222,15.58915559432933
27223,15.58915559432933
27224,15.58915559432933
27225,15.58915559432933
27226,15.58915559432933
27227,15.58915559432933
27228,15.58915559432933
27229,15.58915559432933
27230,15.58915559432933
27231,15.58915559432933
27232,15.58915559432933
27233,15.58915559432933
27234,15.58915559432933
27235,15.58915559432933
27236,15.58915559432933
27237,15.58915559432933
27238,15.58915559432933
27239,15.58915559432933
27240,15.58915559432933
27241,15.58915559432933
27242,15.58915559432933
27243,15.58915559432933
27244,15.58915559432933
27245,15.58915559432933
27246,15.58915559432933
27247,15.58915559432933
27248,15.58915559432933
27249,15.58915559432933
27250,15.58915559432933
27251,15.58915559432933
27252,15.58915559432933
27253,15.58915559432933
27254,15.58915559432933
27255,15.58915559432933
27256,15.58915559432933
27257,15.58915559432933
27258,15.58915559432933
27259,15.58915559432933
27260,15.58915559432933
27261,15.58915559432933
27262,15.58915559432933
27263,15.58915559432933
27264,15.58915559432933
27265,15.58915559432933
27266,15.58915559432933
27267,15.58915559432933
27268,15.58915559432933
27269,15.58915559432933
27270,15.58915559432933
27271,15.58915559432933
27272,15.58915559432933
27273,15.58915559432933
27274,15.58915559432933
27275,15.58915559432933
27276,15.58915559432933
27277,15.58915559432933
27278,15.58915559432933
27279,15.58915559432933
27280,15.58915559432933
27281,15.58915559432933
27282,15.58915559432933
27283,15.58915559432933
27284,15.58915559432933
27285,15.58915559432933
27286,15.58915559432933
27287,15.58915559432933
27288,15.58915559432933
27289,15.58915559432933
27290,15.58915559432933
27291,15.58915559432933
27292,15.58915559432933
27293,15.58915559432933
27294,15.58915559432933
27295,15.58915559432933
27296,15.58915559432933
27297,15.58915559432933
27298,15.58915559432933
27299,15.58915559432933
27300,15.58915559432933
27301,15.58915559432933
27302,15.58915559432933
27303,15.58915559432933
27304,15.58915559432933
27305,15.58915559432933
27306,15.58915559432933
27307,15.58915559432933
27308,15.58915559432933
27309,15.58915559432933
27310,15.58915559432933
27311,15.58915559432933
27312,15.58915559432933
27313,15.58915559432933
27314,15.58915559432933
27315,15.58915559432933
27316,15.58915559432933
27317,15.58915559432933
27318,15.58915559432933
27319,15.58915559432933
27320,15.58915559432933
27321,15.58915559432933
27322,15.58915559432933
27323,15.58915559432933
27324,15.58915559432933
27325,15.58915559432933
27326,15.58915559432933
27327,15.58915559432933
27328,15.58915559432933
27329,15.58915559432933
27330,15.58915559432933
27331,15.58915559432933
27332,15.58915559432933
27333,15.58915559432933
27334,15.58915559432933
27335,15.58915559432933
27336,15.58915559432933
27337,15.58915559432933
27338,15.58915559432933
27339,15.58915559432933
27340,15.58915559432933
27341,15.58915559432933
27342,15.58915559432933
27343,15.58915559432933
27344,15.58915559432933
27345,15.58915559432933
27346,15.58915559432933
27347,15.58915559432933
27348,15.58915559432933
27349,15.58915559432933
27350,15.58915559432933
27351,15.58915559432933
27352,15.58915559432933
27353,15.58915559432933
27354,15.58915559432933
27355,15.58915559432933
27356,15.58915559432933
27357,15.58915559432933
27358,15.58915559432933
27359,15.58915559432933
27360,15.58915559432933
27361,15.58915559432933
27362,15.58915559432933
27363,15.58915559432933
27364,15.58915559432933
27365,15.58915559432933
27366,15.58915559432933
27367,15.58915559432933
27368,15.58915559432933
27369,15.58915559432933
27370,15.58915559432933
27371,15.58915559432933
27372,15.58915559432933
27373,15.58915559432933
27374,15.58915559432933
27375,15.58915559432933
27376,15.58915559432933
27377,15.58915559432933
27378,15.58915559432933
27379,15.58915559432933
27380,15.58915559432933
27381,15.58915559432933
27382,15.58915559432933
27383,15.58915559432933
27384,15.58915559432933
27385,15.58915559432933
27386,15.58915559432933
27387,15.58915559432933
27388,15.58915559432933
27389,15.58915559432933
27390,15.58915559432933
27391,15.58915559432933
27392,15.58915559432933
27393,15.58915559432933
27394,15.58915559432933
27395,15.58915559432933
27396,15.58915559432933
27397,15.58915559432933
27398,15.58915559432933
27399,15.58915559432933
27400,15.58915559432933
27401,15.58915559432933
27402,15.58915559432933
27403,15.58915559432933
27404,15.58915559432933
27405,15.58915559432933
27406,15.58915559432933
27407,15.58915559432933
27408,15.58915559432933
27409,15.58915559432933
27410,15.58915559432933
27411,15.58915559432933
27412,15.58915559432933
27413,15.58915559432933
27414,15.58915559432933
27415,15.58915559432933
27416,15.58915559432933
27417,15.58915559432933
27418,15.58915559432933
27419,15.58915559432933
27420,15.58915559432933
27421,15.58915559432933
27422,15.58915559432933
27423,15.58915559432933
27424,15.58915559432933
27425,15.58915559432933
27426,15.58915559432933
27427,15.58915559432933
27428,15.58915559432933
27429,15.58915559432933
27430,15.58915559432933
27431,15.58915559432933
27432,15.58915559432933
27433,15.58915559432933
27434,15.58915559432933
27435,15.58915559432933
27436,15.58915559432933
27437,15.58915559432933
27438,15.58915559432933
27439,15.58915559432933
27440,15.58915559432933
27441,15.58915559432933
27442,15.58915559432933
27443,15.58915559432933
27444,15.58915559432933
27445,15.58915559432933
27446,15.58915559432933
27447,15.58915559432933
27448,15.58915559432933
27449,15.58915559432933
27450,15.58915559432933
27451,15.58915559432933
27452,15.58915559432933
27453,15.58915559432933
27454,15.58915559432933
27455,15.58915559432933
27456,15.58915559432933
27457,15.58915559432933
27458,15.58915559432933
27459,15.58915559432933
27460,15.58915559432933
27461,15.58915559432933
27462,15.58915559432933
27463,15.58915559432933
27464,15.58915559432933
27465,15.58915559432933
27466,15.58915559432933
27467,15.58915559432933
27468,15.58915559432933
27469,15.58915559432933
27470,15.58915559432933
27471,15.58915559432933
27472,15.58915559432933
27473,15.58915559432933
27474,15.58915559432933
27475,15.58915559432933
27476,15.58915559432933
27477,15.58915559432933
27478,15.58915559432933
27479,15.58915559432933
27480,15.58915559432933
27481,15.58915559432933
27482,15.58915559432933
27483,15.58915559432933
27484,15.58915559432933
27485,15.58915559432933
27486,15.58915559432933
27487,15.58915559432933
27488,15.58915559432933
27489,15.58915559432933
27490,15.58915559432933
27491,15.58915559432933
27492,15.58915559432933
27493,15.58915559432933
27494,15.58915559432933
27495,15.58915559432933
27496,15.58915559432933
27497,15.58915559432933
27498,15.58915559432933
27499,15.58915559432933
27500,15.58915559432933
27501,15.58915559432933
27502,15.58915559432933
27503,15.58915559432933
27504,15.58915559432933
27505,15.58915559432933
27506,15.58915559432933
27507,15.58915559432933
27508,15.58915559432933
27509,15.58915559432933
27510,15.58915559432933
27511,15.58915559432933
27512,15.58915559432933
27513,15.58915559432933
27514,15.58915559432933
27515,15.58915559432933
27516,15.58915559432933
27517,15.58915559432933
27518,15.58915559432933
27519,15.58915559432933
27520,15.58915559432933
27521,15.58915559432933
27522,15.58915559432933
27523,15.58915559432933
27524,15.58915559432933
27525,15.58915559432933
27526,15.58915559432933
27527,15.58915559432933
27528,15.58915559432933
27529,15.58915559432933
27530,15.58915559432933
27531,15.58915559432933
27532,15.58915559432933
27533,15.58915559432933
27534,15.58915559432933
27535,15.58915559432933
27536,15.58915559432933
27537,15.58915559432933
27538,15.58915559432933
27539,15.58915559432933
27540,15.58915559432933
27541,15.58915559432933
27542,15.58915559432933
27543,15.58915559432933
27544,15.58915559432933
27545,15.58915559432933
27546,15.58915559432933
27547,15.58915559432933
27548,15.58915559432933
27549,15.58915559432933
27550,15.58915559432933
27551,15.58915559432933
27552,15.58915559432933
27553,15.58915559432933
27554,15.58915559432933
27555,15.58915559432933
27556,15.58915559432933
27557,15.58915559432933
27558,15.58915559432933
27559,15.58915559432933
27560,15.58915559432933
27561,15.58915559432933
27562,15.58915559432933
27563,15.58915559432933
27564,15.58915559432933
27565,15.58915559432933
27566,15.58915559432933
27567,15.58915559432933
27568,15.58915559432933
27569,15.58915559432933
27570,15.58915559432933
27571,15.58915559432933
27572,15.58915559432933
27573,15.58915559432933
27574,15.58915559432933
27575,15.58915559432933
27576,15.58915559432933
27577,15.58915559432933
27578,15.58915559432933
27579,15.58915559432933
27580,15.58915559432933
27581,15.58915559432933
27582,15.58915559432933
27583,15.58915559432933
27584,15.58915559432933
27585,15.58915559432933
27586,15.58915559432933
27587,15.58915559432933
27588,15.58915559432933
27589,15.58915559432933
27590,15.58915559432933
27591,15.58915559432933
27592,15.58915559432933
27593,15.58915559432933
27594,15.58915559432933
27595,15.58915559432933
27596,15.58915559432933
27597,15.58915559432933
27598,15.58915559432933
27599,15.58915559432933
27600,15.58915559432933
27601,15.58915559432933
27602,15.58915559432933
27603,15.58915559432933
27604,15.58915559432933
27605,15.58915559432933
27606,15.58915559432933
27607,15.58915559432933
27608,15.58915559432933
27609,15.58915559432933
27610,15.58915559432933
27611,15.58915559432933
27612,15.58915559432933
27613,15.58915559432933
27614,15.58915559432933
27615,15.58915559432933
27616,15.58915559432933
27617,15.58915559432933
27618,15.58915559432933
27619,15.58915559432933
27620,15.58915559432933
27621,15.58915559432933
27622,15.58915559432933
27623,15.58915559432933
27624,15.58915559432933
27625,15.58915559432933
27626,15.58915559432933
27627,15.58915559432933
27628,15.58915559432933
27629,15.58915559432933
27630,15.58915559432933
27631,15.58915559432933
27632,15.58915559432933
27633,15.58915559432933
27634,15.58915559432933
27635,15.58915559432933
27636,15.58915559432933
27637,15.58915559432933
27638,15.58915559432933
27639,15.58915559432933
27640,15.58915559432933
27641,15.58915559432933
27642,15.58915559432933
27643,15.58915559432933
27644,15.58915559432933
27645,15.58915559432933
27646,15.58915559432933
27647,15.58915559432933
27648,15.58915559432933
27649,15.58915559432933
27650,15.58915559432933
27651,15.58915559432933
27652,15.58915559432933
27653,15.58915559432933
27654,15.58915559432933
27655,15.58915559432933
27656,15.58915559432933
27657,15.58915559432933
27658,15.58915559432933
27659,15.58915559432933
27660,15.58915559432933
27661,15.58915559432933
27662,15.58915559432933
27663,15.58915559432933
27664,15.58915559432933
27665,15.58915559432933
27666,15.58915559432933
27667,15.58915559432933
27668,15.58915559432933
27669,15.58915559432933
27670,15.58915559432933
27671,15.58915559432933
27672,15.58915559432933
27673,15.58915559432933
27674,15.58915559432933
27675,15.58915559432933
27676,15.58915559432933
27677,15.58915559432933
27678,15.58915559432933
27679,15.58915559432933
27680,15.58915559432933
27681,15.58915559432933
27682,15.58915559432933
27683,15.58915559432933
27684,15.58915559432933
27685,15.58915559432933
27686,15.58915559432933
27687,15.58915559432933
27688,15.58915559432933
27689,15.58915559432933
27690,15.58915559432933
27691,15.58915559432933
27692,15.58915559432933
27693,15.58915559432933
27694,15.58915559432933
27695,15.58915559432933
27696,15.58915559432933
27697,15.58915559432933
27698,15.58915559432933
27699,15.58915559432933
27700,15.58915559432933
27701,15.58915559432933
27702,15.58915559432933
27703,15.58915559432933
27704,15.58915559432933
27705,15.58915559432933
27706,15.58915559432933
27707,15.58915559432933
27708,15.58915559432933
27709,15.58915559432933
27710,15.58915559432933
27711,15.58915559432933
27712,15.58915559432933
27713,15.58915559432933
27714,15.58915559432933
27715,15.58915559432933
27716,15.58915559432933
27717,15.58915559432933
27718,15.58915559432933
27719,15.58915559432933
27720,15.58915559432933
27721,15.58915559432933
27722,15.58915559432933
27723,15.58915559432933
27724,15.58915559432933
27725,15.58915559432933
27726,15.58915559432933
27727,15.58915559432933
27728,15.58915559432933
27729,15.58915559432933
27730,15.58915559432933
27731,15.58915559432933
27732,15.58915559432933
27733,15.58915559432933
27734,15.58915559432933
27735,15.58915559432933
27736,15.58915559432933
27737,15.58915559432933
27738,15.58915559432933
27739,15.58915559432933
27740,15.58915559432933
27741,15.58915559432933
27742,15.58915559432933
27743,15.58915559432933
27744,15.58915559432933
27745,15.58915559432933
27746,15.58915559432933
27747,15.58915559432933
27748,15.58915559432933
27749,15.58915559432933
27750,15.58915559432933
27751,15.58915559432933
27752,15.58915559432933
27753,15.58915559432933
27754,15.58915559432933
27755,15.58915559432933
27756,15.58915559432933
27757,15.58915559432933
27758,15.58915559432933
27759,15.58915559432933
27760,15.58915559432933
27761,15.58915559432933
27762,15.58915559432933
27763,15.58915559432933
27764,15.58915559432933
27765,15.58915559432933
27766,15.58915559432933
27767,15.58915559432933
27768,15.58915559432933
27769,15.58915559432933
27770,15.58915559432933
27771,15.58915559432933
27772,15.58915559432933
27773,15.58915559432933
27774,15.58915559432933
27775,15.58915559432933
27776,15.58915559432933
27777,15.58915559432933
27778,15.58915559432933
27779,15.58915559432933
27780,15.58915559432933
27781,15.58915559432933
27782,15.58915559432933
27783,15.58915559432933
27784,15.58915559432933
27785,15.58915559432933
27786,15.58915559432933
27787,15.58915559432933
27788,15.58915559432933
27789,15.58915559432933
27790,15.58915559432933
27791,15.58915559432933
27792,15.58915559432933
27793,15.58915559432933
27794,15.58915559432933
27795,15.58915559432933
27796,15.58915559432933
27797,15.58915559432933
27798,15.58915559432933
27799,15.58915559432933
27800,15.58915559432933
27801,15.58915559432933
27802,15.58915559432933
27803,15.58915559432933
27804,15.58915559432933
27805,15.58915559432933
27806,15.58915559432933
27807,15.58915559432933
27808,15.58915559432933
27809,15.58915559432933
27810,15.58915559432933
27811,15.58915559432933
27812,15.58915559432933
27813,15.58915559432933
27814,15.58915559432933
27815,15.58915559432933
27816,15.58915559432933
27817,15.58915559432933
27818,15.58915559432933
27819,15.58915559432933
27820,15.58915559432933
27821,15.58915559432933
27822,15.58915559432933
27823,15.58915559432933
27824,15.58915559432933
27825,15.58915559432933
27826,15.58915559432933
27827,15.58915559432933
27828,15.58915559432933
27829,15.58915559432933
27830,15.58915559432933
27831,15.58915559432933
27832,15.58915559432933
27833,15.58915559432933
27834,15.58915559432933
27835,15.58915559432933
27836,15.58915559432933
27837,15.58915559432933
27838,15.58915559432933
27839,15.58915559432933
27840,15.58915559432933
27841,15.58915559432933
27842,15.58915559432933
27843,15.58915559432933
27844,15.58915559432933
27845,15.58915559432933
27846,15.58915559432933
27847,15.58915559432933
27848,15.58915559432933
27849,15.58915559432933
27850,15.58915559432933
27851,15.58915559432933
27852,15.58915559432933
27853,15.58915559432933
27854,15.58915559432933
27855,15.58915559432933
27856,15.58915559432933
27857,15.58915559432933
27858,15.58915559432933
27859,15.58915559432933
27860,15.58915559432933
27861,15.58915559432933
27862,15.58915559432933
27863,15.58915559432933
27864,15.58915559432933
27865,15.58915559432933
27866,15.58915559432933
27867,15.58915559432933
27868,15.58915559432933
27869,15.58915559432933
27870,15.58915559432933
27871,15.58915559432933
27872,15.58915559432933
27873,15.58915559432933
27874,15.58915559432933
27875,15.58915559432933
27876,15.58915559432933
27877,15.58915559432933
27878,15.58915559432933
27879,15.58915559432933
27880,15.58915559432933
27881,15.58915559432933
27882,15.58915559432933
27883,15.58915559432933
27884,15.58915559432933
27885,15.58915559432933
27886,15.58915559432933
27887,15.58915559432933
27888,15.58915559432933
27889,15.58915559432933
27890,15.58915559432933
27891,15.58915559432933
27892,15.58915559432933
27893,15.58915559432933
27894,15.58915559432933
27895,15.58915559432933
27896,15.58915559432933
27897,15.58915559432933
27898,15.58915559432933
27899,15.58915559432933
27900,15.58915559432933
27901,15.58915559432933
27902,15.58915559432933
27903,15.58915559432933
27904,15.58915559432933
27905,15.58915559432933
27906,15.58915559432933
27907,15.58915559432933
27908,15.58915559432933
27909,15.58915559432933
27910,15.58915559432933
27911,15.58915559432933
27912,15.58915559432933
27913,15.58915559432933
27914,15.58915559432933
27915,15.58915559432933
27916,15.58915559432933
27917,15.58915559432933
27918,15.58915559432933
27919,15.58915559432933
27920,15.58915559432933
27921,15.58915559432933
27922,15.58915559432933
27923,15.58915559432933
27924,15.58915559432933
27925,15.58915559432933
27926,15.58915559432933
27927,15.58915559432933
27928,15.58915559432933
27929,15.58915559432933
27930,15.58915559432933
27931,15.58915559432933
27932,15.58915559432933
27933,15.58915559432933
27934,15.58915559432933
27935,15.58915559432933
27936,15.58915559432933
27937,15.58915559432933
27938,15.58915559432933
27939,15.58915559432933
27940,15.58915559432933
27941,15.58915559432933
27942,15.58915559432933
27943,15.58915559432933
27944,15.58915559432933
27945,15.58915559432933
27946,15.58915559432933
27947,15.58915559432933
27948,15.58915559432933
27949,15.58915559432933
27950,15.58915559432933
27951,15.58915559432933
27952,15.58915559432933
27953,15.58915559432933
27954,15.58915559432933
27955,15.58915559432933
27956,15.58915559432933
27957,15.58915559432933
27958,15.58915559432933
27959,15.58915559432933
27960,15.58915559432933
27961,15.58915559432933
27962,15.58915559432933
27963,15.58915559432933
27964,15.58915559432933
27965,15.58915559432933
27966,15.58915559432933
27967,15.58915559432933
27968,15.58915559432933
27969,15.58915559432933
27970,15.58915559432933
27971,15.58915559432933
27972,15.58915559432933
27973,15.58915559432933
27974,15.58915559432933
27975,15.58915559432933
27976,15.58915559432933
27977,15.58915559432933
27978,15.58915559432933
27979,15.58915559432933
27980,15.58915559432933
27981,15.58915559432933
27982,15.58915559432933
27983,15.58915559432933
27984,15.58915559432933
27985,15.58915559432933
27986,15.58915559432933
27987,15.58915559432933
27988,15.58915559432933
27989,15.58915559432933
27990,15.58915559432933
27991,15.58915559432933
27992,15.58915559432933
27993,15.58915559432933
27994,15.58915559432933
27995,15.58915559432933
27996,15.58915559432933
27997,15.58915559432933
27998,15.58915559432933
27999,15.58915559432933
28000,15.58915559432933
28001,15.58915559432933
28002,15.58915559432933
28003,15.58915559432933
28004,15.58915559432933
28005,15.58915559432933
28006,15.58915559432933
28007,15.58915559432933
28008,15.58915559432933
28009,15.58915559432933
28010,15.58915559432933
28011,15.58915559432933
28012,15.58915559432933
28013,15.58915559432933
28014,15.58915559432933
28015,15.58915559432933
28016,15.58915559432933
28017,15.58915559432933
28018,15.58915559432933
28019,15.58915559432933
28020,15.58915559432933
28021,15.58915559432933
28022,15.58915559432933
28023,15.58915559432933
28024,15.58915559432933
28025,15.58915559432933
28026,15.58915559432933
28027,15.58915559432933
28028,15.58915559432933
28029,15.58915559432933
28030,15.58915559432933
28031,15.58915559432933
28032,15.58915559432933
28033,15.58915559432933
28034,15.58915559432933
28035,15.58915559432933
28036,15.58915559432933
28037,15.58915559432933
28038,15.58915559432933
28039,15.58915559432933
28040,15.58915559432933
28041,15.58915559432933
28042,15.58915559432933
28043,15.58915559432933
28044,15.58915559432933
28045,15.58915559432933
28046,15.58915559432933
28047,15.58915559432933
28048,15.58915559432933
28049,15.58915559432933
28050,15.58915559432933
28051,15.58915559432933
28052,15.58915559432933
28053,15.58915559432933
28054,15.58915559432933
28055,15.58915559432933
28056,15.58915559432933
28057,15.58915559432933
28058,15.58915559432933
28059,15.58915559432933
28060,15.58915559432933
28061,15.58915559432933
28062,15.58915559432933
28063,15.58915559432933
28064,15.58915559432933
28065,15.58915559432933
28066,15.58915559432933
28067,15.58915559432933
28068,15.58915559432933
28069,15.58915559432933
28070,15.58915559432933
28071,15.58915559432933
28072,15.58915559432933
28073,15.58915559432933
28074,15.58915559432933
28075,15.58915559432933
28076,15.58915559432933
28077,15.58915559432933
28078,15.58915559432933
28079,15.58915559432933
28080,15.58915559432933
28081,15.58915559432933
28082,15.58915559432933
28083,15.58915559432933
28084,15.58915559432933
28085,15.58915559432933
28086,15.58915559432933
28087,15.58915559432933
28088,15.58915559432933
28089,15.58915559432933
28090,15.58915559432933
28091,15.58915559432933
28092,15.58915559432933
28093,15.58915559432933
28094,15.58915559432933
28095,15.58915559432933
28096,15.58915559432933
28097,15.58915559432933
28098,15.58915559432933
28099,15.58915559432933
28100,15.58915559432933
28101,15.58915559432933
28102,15.58915559432933
28103,15.58915559432933
28104,15.58915559432933
28105,15.58915559432933
28106,15.58915559432933
28107,15.58915559432933
28108,15.58915559432933
28109,15.58915559432933
28110,15.58915559432933
28111,15.58915559432933
28112,15.58915559432933
28113,15.58915559432933
28114,15.58915559432933
28115,15.58915559432933
28116,15.58915559432933
28117,15.58915559432933
28118,15.58915559432933
28119,15.58915559432933
28120,15.58915559432933
28121,15.58915559432933
28122,15.58915559432933
28123,15.58915559432933
28124,15.58915559432933
28125,15.58915559432933
28126,15.58915559432933
28127,15.58915559432933
28128,15.58915559432933
28129,15.58915559432933
28130,15.58915559432933
28131,15.58915559432933
28132,15.58915559432933
28133,15.58915559432933
28134,15.58915559432933
28135,15.58915559432933
28136,15.58915559432933
28137,15.58915559432933
28138,15.58915559432933
28139,15.58915559432933
28140,15.58915559432933
28141,15.58915559432933
28142,15.58915559432933
28143,15.58915559432933
28144,15.58915559432933
28145,15.58915559432933
28146,15.58915559432933
28147,15.58915559432933
28148,15.58915559432933
28149,15.58915559432933
28150,15.58915559432933
28151,15.58915559432933
28152,15.58915559432933
28153,15.58915559432933
28154,15.58915559432933
28155,15.58915559432933
28156,15.58915559432933
28157,15.58915559432933
28158,15.58915559432933
28159,15.58915559432933
28160,15.58915559432933
28161,15.58915559432933
28162,15.58915559432933
28163,15.58915559432933
28164,15.58915559432933
28165,15.58915559432933
28166,15.58915559432933
28167,15.58915559432933
28168,15.58915559432933
28169,15.58915559432933
28170,15.58915559432933
28171,15.58915559432933
28172,15.58915559432933
28173,15.58915559432933
28174,15.58915559432933
28175,15.58915559432933
28176,15.58915559432933
28177,15.58915559432933
28178,15.58915559432933
28179,15.58915559432933
28180,15.58915559432933
28181,15.58915559432933
28182,15.58915559432933
28183,15.58915559432933
28184,15.58915559432933
28185,15.58915559432933
28186,15.58915559432933
28187,15.58915559432933
28188,15.58915559432933
28189,15.58915559432933
28190,15.58915559432933
28191,15.58915559432933
28192,15.58915559432933
28193,15.58915559432933
28194,15.58915559432933
28195,15.58915559432933
28196,15.58915559432933
28197,15.58915559432933
28198,15.58915559432933
28199,15.58915559432933
28200,15.58915559432933
28201,15.58915559432933
28202,15.58915559432933
28203,15.58915559432933
28204,15.58915559432933
28205,15.58915559432933
28206,15.58915559432933
28207,15.58915559432933
28208,15.58915559432933
28209,15.58915559432933
28210,15.58915559432933
28211,15.58915559432933
28212,15.58915559432933
28213,15.58915559432933
28214,15.58915559432933
28215,15.58915559432933
28216,15.58915559432933
28217,15.58915559432933
28218,15.58915559432933
28219,15.58915559432933
28220,15.58915559432933
28221,15.58915559432933
28222,15.58915559432933
28223,15.58915559432933
28224,15.58915559432933
28225,15.58915559432933
28226,15.58915559432933
28227,15.58915559432933
28228,15.58915559432933
28229,15.58915559432933
28230,15.58915559432933
28231,15.58915559432933
28232,15.58915559432933
28233,15.58915559432933
28234,15.58915559432933
28235,15.58915559432933
28236,15.58915559432933
28237,15.58915559432933
28238,15.58915559432933
28239,15.58915559432933
28240,15.58915559432933
28241,15.58915559432933
28242,15.58915559432933
28243,15.58915559432933
28244,15.58915559432933
28245,15.58915559432933
28246,15.58915559432933
28247,15.58915559432933
28248,15.58915559432933
28249,15.58915559432933
28250,15.58915559432933
28251,15.58915559432933
28252,15.58915559432933
28253,15.58915559432933
28254,15.58915559432933
28255,15.58915559432933
28256,15.58915559432933
28257,15.58915559432933
28258,15.58915559432933
28259,15.58915559432933
28260,15.58915559432933
28261,15.58915559432933
28262,15.58915559432933
28263,15.58915559432933
28264,15.58915559432933
28265,15.58915559432933
28266,15.58915559432933
28267,15.58915559432933
28268,15.58915559432933
28269,15.58915559432933
28270,15.58915559432933
28271,15.58915559432933
28272,15.58915559432933
28273,15.58915559432933
28274,15.58915559432933
28275,15.58915559432933
28276,15.58915559432933
28277,15.58915559432933
28278,15.58915559432933
28279,15.58915559432933
28280,15.58915559432933
28281,15.58915559432933
28282,15.58915559432933
28283,15.58915559432933
28284,15.58915559432933
28285,15.58915559432933
28286,15.58915559432933
28287,15.58915559432933
28288,15.58915559432933
28289,15.58915559432933
28290,15.58915559432933
28291,15.58915559432933
28292,15.58915559432933
28293,15.58915559432933
28294,15.58915559432933
28295,15.58915559432933
28296,15.58915559432933
28297,15.58915559432933
28298,15.58915559432933
28299,15.58915559432933
28300,15.58915559432933
28301,15.58915559432933
28302,15.58915559432933
28303,15.58915559432933
28304,15.58915559432933
28305,15.58915559432933
28306,15.58915559432933
28307,15.58915559432933
28308,15.58915559432933
28309,15.58915559432933
28310,15.58915559432933
28311,15.58915559432933
28312,15.58915559432933
28313,15.58915559432933
28314,15.58915559432933
28315,15.58915559432933
28316,15.58915559432933
28317,15.58915559432933
28318,15.58915559432933
28319,15.58915559432933
28320,15.58915559432933
28321,15.58915559432933
28322,15.58915559432933
28323,15.58915559432933
28324,15.58915559432933
28325,15.58915559432933
28326,15.58915559432933
28327,15.58915559432933
28328,15.58915559432933
28329,15.58915559432933
28330,15.58915559432933
28331,15.58915559432933
28332,15.58915559432933
28333,15.58915559432933
28334,15.58915559432933
28335,15.58915559432933
28336,15.58915559432933
28337,15.58915559432933
28338,15.58915559432933
28339,15.58915559432933
28340,15.58915559432933
28341,15.58915559432933
28342,15.58915559432933
28343,15.58915559432933
28344,15.58915559432933
28345,15.58915559432933
28346,15.58915559432933
28347,15.58915559432933
28348,15.58915559432933
28349,15.58915559432933
28350,15.58915559432933
28351,15.58915559432933
28352,15.58915559432933
28353,15.58915559432933
28354,15.58915559432933
28355,15.58915559432933
28356,15.58915559432933
28357,15.58915559432933
28358,15.58915559432933
28359,15.58915559432933
28360,15.58915559432933
28361,15.58915559432933
28362,15.58915559432933
28363,15.58915559432933
28364,15.58915559432933
28365,15.58915559432933
28366,15.58915559432933
28367,15.58915559432933
28368,15.58915559432933
28369,15.58915559432933
28370,15.58915559432933
28371,15.58915559432933
28372,15.58915559432933
28373,15.58915559432933
28374,15.58915559432933
28375,15.58915559432933
28376,15.58915559432933
28377,15.58915559432933
28378,15.58915559432933
28379,15.58915559432933
28380,15.58915559432933
28381,15.58915559432933
28382,15.58915559432933
28383,15.58915559432933
28384,15.58915559432933
28385,15.58915559432933
28386,15.58915559432933
28387,15.58915559432933
28388,15.58915559432933
28389,15.58915559432933
28390,15.58915559432933
28391,15.58915559432933
28392,15.58915559432933
28393,15.58915559432933
28394,15.58915559432933
28395,15.58915559432933
28396,15.58915559432933
28397,15.58915559432933
28398,15.58915559432933
28399,15.58915559432933
28400,15.58915559432933
28401,15.58915559432933
28402,15.58915559432933
28403,15.58915559432933
28404,15.58915559432933
28405,15.58915559432933
28406,15.58915559432933
28407,15.58915559432933
28408,15.58915559432933
28409,15.58915559432933
28410,15.58915559432933
28411,15.58915559432933
28412,15.58915559432933
28413,15.58915559432933
28414,15.58915559432933
28415,15.58915559432933
28416,15.58915559432933
28417,15.58915559432933
28418,15.58915559432933
28419,15.58915559432933
28420,15.58915559432933
28421,15.58915559432933
28422,15.58915559432933
28423,15.58915559432933
28424,15.58915559432933
28425,15.58915559432933
28426,15.58915559432933
28427,15.58915559432933
28428,15.58915559432933
28429,15.58915559432933
28430,15.58915559432933
28431,15.58915559432933
28432,15.58915559432933
28433,15.58915559432933
28434,15.58915559432933
28435,15.58915559432933
28436,15.58915559432933
28437,15.58915559432933
28438,15.58915559432933
28439,15.58915559432933
28440,15.58915559432933
28441,15.58915559432933
28442,15.58915559432933
28443,15.58915559432933
28444,15.58915559432933
28445,15.58915559432933
28446,15.58915559432933
28447,15.58915559432933
28448,15.58915559432933
28449,15.58915559432933
28450,15.58915559432933
28451,15.58915559432933
28452,15.58915559432933
28453,15.58915559432933
28454,15.58915559432933
28455,15.58915559432933
28456,15.58915559432933
28457,15.58915559432933
28458,15.58915559432933
28459,15.58915559432933
28460,15.58915559432933
28461,15.58915559432933
28462,15.58915559432933
28463,15.58915559432933
28464,15.58915559432933
28465,15.58915559432933
28466,15.58915559432933
28467,15.58915559432933
28468,15.58915559432933
28469,15.58915559432933
28470,15.58915559432933
28471,15.58915559432933
28472,15.58915559432933
28473,15.58915559432933
28474,15.58915559432933
28475,15.58915559432933
28476,15.58915559432933
28477,15.58915559432933
28478,15.58915559432933
28479,15.58915559432933
28480,15.58915559432933
28481,15.58915559432933
28482,15.58915559432933
28483,15.58915559432933
28484,15.58915559432933
28485,15.58915559432933
28486,15.58915559432933
28487,15.58915559432933
28488,15.58915559432933
28489,15.58915559432933
28490,15.58915559432933
28491,15.58915559432933
28492,15.58915559432933
28493,15.58915559432933
28494,15.58915559432933
28495,15.58915559432933
28496,15.58915559432933
28497,15.58915559432933
28498,15.58915559432933
28499,15.58915559432933
28500,15.58915559432933
28501,15.58915559432933
28502,15.58915559432933
28503,15.58915559432933
28504,15.58915559432933
28505,15.58915559432933
28506,15.58915559432933
28507,15.58915559432933
28508,15.58915559432933
28509,15.58915559432933
28510,15.58915559432933
28511,15.58915559432933
28512,15.58915559432933
28513,15.58915559432933
28514,15.58915559432933
28515,15.58915559432933
28516,15.58915559432933
28517,15.58915559432933
28518,15.58915559432933
28519,15.58915559432933
28520,15.58915559432933
28521,15.58915559432933
28522,15.58915559432933
28523,15.58915559432933
28524,15.58915559432933
28525,15.58915559432933
28526,15.58915559432933
28527,15.58915559432933
28528,15.58915559432933
28529,15.58915559432933
28530,15.58915559432933
28531,15.58915559432933
28532,15.58915559432933
28533,15.58915559432933
28534,15.58915559432933
28535,15.58915559432933
28536,15.58915559432933
28537,15.58915559432933
28538,15.58915559432933
28539,15.58915559432933
28540,15.58915559432933
28541,15.58915559432933
28542,15.58915559432933
28543,15.58915559432933
28544,15.58915559432933
28545,15.58915559432933
28546,15.58915559432933
28547,15.58915559432933
28548,15.58915559432933
28549,15.58915559432933
28550,15.58915559432933
28551,15.58915559432933
28552,15.58915559432933
28553,15.58915559432933
28554,15.58915559432933
28555,15.58915559432933
28556,15.58915559432933
28557,15.58915559432933
28558,15.58915559432933
28559,15.58915559432933
28560,15.58915559432933
28561,15.58915559432933
28562,15.58915559432933
28563,15.58915559432933
28564,15.58915559432933
28565,15.58915559432933
28566,15.58915559432933
28567,15.58915559432933
28568,15.58915559432933
28569,15.58915559432933
28570,15.58915559432933
28571,15.58915559432933
28572,15.58915559432933
28573,15.58915559432933
28574,15.58915559432933
28575,15.58915559432933
28576,15.58915559432933
28577,15.58915559432933
28578,15.58915559432933
28579,15.58915559432933
28580,15.58915559432933
28581,15.58915559432933
28582,15.58915559432933
28583,15.58915559432933
28584,15.58915559432933
28585,15.58915559432933
28586,15.58915559432933
28587,15.58915559432933
28588,15.58915559432933
28589,15.58915559432933
28590,15.58915559432933
28591,15.58915559432933
28592,15.58915559432933
28593,15.58915559432933
28594,15.58915559432933
28595,15.58915559432933
28596,15.58915559432933
28597,15.58915559432933
28598,15.58915559432933
28599,15.58915559432933
28600,15.58915559432933
28601,15.58915559432933
28602,15.58915559432933
28603,15.58915559432933
28604,15.58915559432933
28605,15.58915559432933
28606,15.58915559432933
28607,15.58915559432933
28608,15.58915559432933
28609,15.58915559432933
28610,15.58915559432933
28611,15.58915559432933
28612,15.58915559432933
28613,15.58915559432933
28614,15.58915559432933
28615,15.58915559432933
28616,15.58915559432933
28617,15.58915559432933
28618,15.58915559432933
28619,15.58915559432933
28620,15.58915559432933
28621,15.58915559432933
28622,15.58915559432933
28623,15.58915559432933
28624,15.58915559432933
28625,15.58915559432933
28626,15.58915559432933
28627,15.58915559432933
28628,15.58915559432933
28629,15.58915559432933
28630,15.58915559432933
28631,15.58915559432933
28632,15.58915559432933
28633,15.58915559432933
28634,15.58915559432933
28635,15.58915559432933
28636,15.58915559432933
28637,15.58915559432933
28638,15.58915559432933
28639,15.58915559432933
28640,15.58915559432933
28641,15.58915559432933
28642,15.58915559432933
28643,15.58915559432933
28644,15.58915559432933
28645,15.58915559432933
28646,15.58915559432933
28647,15.58915559432933
28648,15.58915559432933
28649,15.58915559432933
28650,15.58915559432933
28651,15.58915559432933
28652,15.58915559432933
28653,15.58915559432933
28654,15.58915559432933
28655,15.58915559432933
28656,15.58915559432933
28657,15.58915559432933
28658,15.58915559432933
28659,15.58915559432933
28660,15.58915559432933
28661,15.58915559432933
28662,15.58915559432933
28663,15.58915559432933
28664,15.58915559432933
28665,15.58915559432933
28666,15.58915559432933
28667,15.58915559432933
28668,15.58915559432933
28669,15.58915559432933
28670,15.58915559432933
28671,15.58915559432933
28672,15.58915559432933
28673,15.58915559432933
28674,15.58915559432933
28675,15.58915559432933
28676,15.58915559432933
28677,15.58915559432933
28678,15.58915559432933
28679,15.58915559432933
28680,15.58915559432933
28681,15.58915559432933
28682,15.58915559432933
28683,15.58915559432933
28684,15.58915559432933
28685,15.58915559432933
28686,15.58915559432933
28687,15.58915559432933
28688,15.58915559432933
28689,15.58915559432933
28690,15.58915559432933
28691,15.58915559432933
28692,15.58915559432933
28693,15.58915559432933
28694,15.58915559432933
28695,15.58915559432933
28696,15.58915559432933
28697,15.58915559432933
28698,15.58915559432933
28699,15.58915559432933
28700,15.58915559432933
28701,15.58915559432933
28702,15.58915559432933
28703,15.58915559432933
28704,15.58915559432933
28705,15.58915559432933
28706,15.58915559432933
28707,15.58915559432933
28708,15.58915559432933
28709,15.58915559432933
28710,15.58915559432933
28711,15.58915559432933
28712,15.58915559432933
28713,15.58915559432933
28714,15.58915559432933
28715,15.58915559432933
28716,15.58915559432933
28717,15.58915559432933
28718,15.58915559432933
28719,15.58915559432933
28720,15.58915559432933
28721,15.58915559432933
28722,15.58915559432933
28723,15.58915559432933
28724,15.58915559432933
28725,15.58915559432933
28726,15.58915559432933
28727,15.58915559432933
28728,15.58915559432933
28729,15.58915559432933
28730,15.58915559432933
28731,15.58915559432933
28732,15.58915559432933
28733,15.58915559432933
28734,15.58915559432933
28735,15.58915559432933
28736,15.58915559432933
28737,15.58915559432933
28738,15.58915559432933
28739,15.58915559432933
28740,15.58915559432933
28741,15.58915559432933
28742,15.58915559432933
28743,15.58915559432933
28744,15.58915559432933
28745,15.58915559432933
28746,15.58915559432933
28747,15.58915559432933
28748,15.58915559432933
28749,15.58915559432933
28750,15.58915559432933
28751,15.58915559432933
28752,15.58915559432933
28753,15.58915559432933
28754,15.58915559432933
28755,15.58915559432933
28756,15.58915559432933
28757,15.58915559432933
28758,15.58915559432933
28759,15.58915559432933
28760,15.58915559432933
28761,15.58915559432933
28762,15.58915559432933
28763,15.58915559432933
28764,15.58915559432933
28765,15.58915559432933
28766,15.58915559432933
28767,15.58915559432933
28768,15.58915559432933
28769,15.58915559432933
28770,15.58915559432933
28771,15.58915559432933
28772,15.58915559432933
28773,15.58915559432933
28774,15.58915559432933
28775,15.58915559432933
28776,15.58915559432933
28777,15.58915559432933
28778,15.58915559432933
28779,15.58915559432933
28780,15.58915559432933
28781,15.58915559432933
28782,15.58915559432933
28783,15.58915559432933
28784,15.58915559432933
28785,15.58915559432933
28786,15.58915559432933
28787,15.58915559432933
28788,15.58915559432933
28789,15.58915559432933
28790,15.58915559432933
28791,15.58915559432933
28792,15.58915559432933
28793,15.58915559432933
28794,15.58915559432933
28795,15.58915559432933
28796,15.58915559432933
28797,15.58915559432933
28798,15.58915559432933
28799,15.58915559432933
28800,15.58915559432933
28801,15.58915559432933
28802,15.58915559432933
28803,15.58915559432933
28804,15.58915559432933
28805,15.58915559432933
28806,15.58915559432933
28807,15.58915559432933
28808,15.58915559432933
28809,15.58915559432933
28810,15.58915559432933
28811,15.58915559432933
28812,15.58915559432933
28813,15.58915559432933
28814,15.58915559432933
28815,15.58915559432933
28816,15.58915559432933
28817,15.58915559432933
28818,15.58915559432933
28819,15.58915559432933
28820,15.58915559432933
28821,15.58915559432933
28822,15.58915559432933
28823,15.58915559432933
28824,15.58915559432933
28825,15.58915559432933
28826,15.58915559432933
28827,15.58915559432933
28828,15.58915559432933
28829,15.58915559432933
28830,15.58915559432933
28831,15.58915559432933
28832,15.58915559432933
28833,15.58915559432933
28834,15.58915559432933
28835,15.58915559432933
28836,15.58915559432933
28837,15.58915559432933
28838,15.58915559432933
28839,15.58915559432933
28840,15.58915559432933
28841,15.58915559432933
28842,15.58915559432933
28843,15.58915559432933
28844,15.58915559432933
28845,15.58915559432933
28846,15.58915559432933
28847,15.58915559432933
28848,15.58915559432933
28849,15.58915559432933
28850,15.58915559432933
28851,15.58915559432933
28852,15.58915559432933
28853,15.58915559432933
28854,15.58915559432933
28855,15.58915559432933
28856,15.58915559432933
28857,15.58915559432933
28858,15.58915559432933
28859,15.58915559432933
28860,15.58915559432933
28861,15.58915559432933
28862,15.58915559432933
28863,15.58915559432933
28864,15.58915559432933
28865,15.58915559432933
28866,15.58915559432933
28867,15.58915559432933
28868,15.58915559432933
28869,15.58915559432933
28870,15.58915559432933
28871,15.58915559432933
28872,15.58915559432933
28873,15.58915559432933
28874,15.58915559432933
28875,15.58915559432933
28876,15.58915559432933
28877,15.58915559432933
28878,15.58915559432933
28879,15.58915559432933
28880,15.58915559432933
28881,15.58915559432933
28882,15.58915559432933
28883,15.58915559432933
28884,15.58915559432933
28885,15.58915559432933
28886,15.58915559432933
28887,15.58915559432933
28888,15.58915559432933
28889,15.58915559432933
28890,15.58915559432933
28891,15.58915559432933
28892,15.58915559432933
28893,15.58915559432933
28894,15.58915559432933
28895,15.58915559432933
28896,15.58915559432933
28897,15.58915559432933
28898,15.58915559432933
28899,15.58915559432933
28900,15.58915559432933
28901,15.58915559432933
28902,15.58915559432933
28903,15.58915559432933
28904,15.58915559432933
28905,15.58915559432933
28906,15.58915559432933
28907,15.58915559432933
28908,15.58915559432933
28909,15.58915559432933
28910,15.58915559432933
28911,15.58915559432933
28912,15.58915559432933
28913,15.58915559432933
28914,15.58915559432933
28915,15.58915559432933
28916,15.58915559432933
28917,15.58915559432933
28918,15.58915559432933
28919,15.58915559432933
28920,15.58915559432933
28921,15.58915559432933
28922,15.58915559432933
28923,15.58915559432933
28924,15.58915559432933
28925,15.58915559432933
28926,15.58915559432933
28927,15.58915559432933
28928,15.58915559432933
28929,15.58915559432933
28930,15.58915559432933
28931,15.58915559432933
28932,15.58915559432933
28933,15.58915559432933
28934,15.58915559432933
28935,15.58915559432933
28936,15.58915559432933
28937,15.58915559432933
28938,15.58915559432933
28939,15.58915559432933
28940,15.58915559432933
28941,15.58915559432933
28942,15.58915559432933
28943,15.58915559432933
28944,15.58915559432933
28945,15.58915559432933
28946,15.58915559432933
28947,15.58915559432933
28948,15.58915559432933
28949,15.58915559432933
28950,15.58915559432933
28951,15.58915559432933
28952,15.58915559432933
28953,15.58915559432933
28954,15.58915559432933
28955,15.58915559432933
28956,15.58915559432933
28957,15.58915559432933
28958,15.58915559432933
28959,15.58915559432933
28960,15.58915559432933
28961,15.58915559432933
28962,15.58915559432933
28963,15.58915559432933
28964,15.58915559432933
28965,15.58915559432933
28966,15.58915559432933
28967,15.58915559432933
28968,15.58915559432933
28969,15.58915559432933
28970,15.58915559432933
28971,15.58915559432933
28972,15.58915559432933
28973,15.58915559432933
28974,15.58915559432933
28975,15.58915559432933
28976,15.58915559432933
28977,15.58915559432933
28978,15.58915559432933
28979,15.58915559432933
28980,15.58915559432933
28981,15.58915559432933
28982,15.58915559432933
28983,15.58915559432933
28984,15.58915559432933
28985,15.58915559432933
28986,15.58915559432933
28987,15.58915559432933
28988,15.58915559432933
28989,15.58915559432933
28990,15.58915559432933
28991,15.58915559432933
28992,15.58915559432933
28993,15.58915559432933
28994,15.58915559432933
28995,15.58915559432933
28996,15.58915559432933
28997,15.58915559432933
28998,15.58915559432933
28999,15.58915559432933
29000,15.58915559432933
29001,15.58915559432933
29002,15.58915559432933
29003,15.58915559432933
29004,15.58915559432933
29005,15.58915559432933
29006,15.58915559432933
29007,15.58915559432933
29008,15.58915559432933
29009,15.58915559432933
29010,15.58915559432933
29011,15.58915559432933
29012,15.58915559432933
29013,15.58915559432933
29014,15.58915559432933
29015,15.58915559432933
29016,15.58915559432933
29017,15.58915559432933
29018,15.58915559432933
29019,15.58915559432933
29020,15.58915559432933
29021,15.58915559432933
29022,15.58915559432933
29023,15.58915559432933
29024,15.58915559432933
29025,15.58915559432933
29026,15.58915559432933
29027,15.58915559432933
29028,15.58915559432933
29029,15.58915559432933
29030,15.58915559432933
29031,15.58915559432933
29032,15.58915559432933
29033,15.58915559432933
29034,15.58915559432933
29035,15.58915559432933
29036,15.58915559432933
29037,15.58915559432933
29038,15.58915559432933
29039,15.58915559432933
29040,15.58915559432933
29041,15.58915559432933
29042,15.58915559432933
29043,15.58915559432933
29044,15.58915559432933
29045,15.58915559432933
29046,15.58915559432933
29047,15.58915559432933
29048,15.58915559432933
29049,15.58915559432933
29050,15.58915559432933
29051,15.58915559432933
29052,15.58915559432933
29053,15.58915559432933
29054,15.58915559432933
29055,15.58915559432933
29056,15.58915559432933
29057,15.58915559432933
29058,15.58915559432933
29059,15.58915559432933
29060,15.58915559432933
29061,15.58915559432933
29062,15.58915559432933
29063,15.58915559432933
29064,15.58915559432933
29065,15.58915559432933
29066,15.58915559432933
29067,15.58915559432933
29068,15.58915559432933
29069,15.58915559432933
29070,15.58915559432933
29071,15.58915559432933
29072,15.58915559432933
29073,15.58915559432933
29074,15.58915559432933
29075,15.58915559432933
29076,15.58915559432933
29077,15.58915559432933
29078,15.58915559432933
29079,15.58915559432933
29080,15.58915559432933
29081,15.58915559432933
29082,15.58915559432933
29083,15.58915559432933
29084,15.58915559432933
29085,15.58915559432933
29086,15.58915559432933
29087,15.58915559432933
29088,15.58915559432933
29089,15.58915559432933
29090,15.58915559432933
29091,15.58915559432933
29092,15.58915559432933
29093,15.58915559432933
29094,15.58915559432933
29095,15.58915559432933
29096,15.58915559432933
29097,15.58915559432933
29098,15.58915559432933
29099,15.58915559432933
29100,15.58915559432933
29101,15.58915559432933
29102,15.58915559432933
29103,15.58915559432933
29104,15.58915559432933
29105,15.58915559432933
29106,15.58915559432933
29107,15.58915559432933
29108,15.58915559432933
29109,15.58915559432933
29110,15.58915559432933
29111,15.58915559432933
29112,15.58915559432933
29113,15.58915559432933
29114,15.58915559432933
29115,15.58915559432933
29116,15.58915559432933
29117,15.58915559432933
29118,15.58915559432933
29119,15.58915559432933
29120,15.58915559432933
29121,15.58915559432933
29122,15.58915559432933
29123,15.58915559432933
29124,15.58915559432933
29125,15.58915559432933
29126,15.58915559432933
29127,15.58915559432933
29128,15.58915559432933
29129,15.58915559432933
29130,15.58915559432933
29131,15.58915559432933
29132,15.58915559432933
29133,15.58915559432933
29134,15.58915559432933
29135,15.58915559432933
29136,15.58915559432933
29137,15.58915559432933
29138,15.58915559432933
29139,15.58915559432933
29140,15.58915559432933
29141,15.58915559432933
29142,15.58915559432933
29143,15.58915559432933
29144,15.58915559432933
29145,15.58915559432933
29146,15.58915559432933
29147,15.58915559432933
29148,15.58915559432933
29149,15.58915559432933
29150,15.58915559432933
29151,15.58915559432933
29152,15.58915559432933
29153,15.58915559432933
29154,15.58915559432933
29155,15.58915559432933
29156,15.58915559432933
29157,15.58915559432933
29158,15.58915559432933
29159,15.58915559432933
29160,15.58915559432933
29161,15.58915559432933
29162,15.58915559432933
29163,15.58915559432933
29164,15.58915559432933
29165,15.58915559432933
29166,15.58915559432933
29167,15.58915559432933
29168,15.58915559432933
29169,15.58915559432933
29170,15.58915559432933
29171,15.58915559432933
29172,15.58915559432933
29173,15.58915559432933
29174,15.58915559432933
29175,15.58915559432933
29176,15.58915559432933
29177,15.58915559432933
29178,15.58915559432933
29179,15.58915559432933
29180,15.58915559432933
29181,15.58915559432933
29182,15.58915559432933
29183,15.58915559432933
29184,15.58915559432933
29185,15.58915559432933
29186,15.58915559432933
29187,15.58915559432933
29188,15.58915559432933
29189,15.58915559432933
29190,15.58915559432933
29191,15.58915559432933
29192,15.58915559432933
29193,15.58915559432933
29194,15.58915559432933
29195,15.58915559432933
29196,15.58915559432933
29197,15.58915559432933
29198,15.58915559432933
29199,15.58915559432933
29200,15.58915559432933
29201,15.58915559432933
29202,15.58915559432933
29203,15.58915559432933
29204,15.58915559432933
29205,15.58915559432933
29206,15.58915559432933
29207,15.58915559432933
29208,15.58915559432933
29209,15.58915559432933
29210,15.58915559432933
29211,15.58915559432933
29212,15.58915559432933
29213,15.58915559432933
29214,15.58915559432933
29215,15.58915559432933
29216,15.58915559432933
29217,15.58915559432933
29218,15.58915559432933
29219,15.58915559432933
29220,15.58915559432933
29221,15.58915559432933
29222,15.58915559432933
29223,15.58915559432933
29224,15.58915559432933
29225,15.58915559432933
29226,15.58915559432933
29227,15.58915559432933
29228,15.58915559432933
29229,15.58915559432933
29230,15.58915559432933
29231,15.58915559432933
29232,15.58915559432933
29233,15.58915559432933
29234,15.58915559432933
29235,15.58915559432933
29236,15.58915559432933
29237,15.58915559432933
29238,15.58915559432933
29239,15.58915559432933
29240,15.58915559432933
29241,15.58915559432933
29242,15.58915559432933
29243,15.58915559432933
29244,15.58915559432933
29245,15.58915559432933
29246,15.58915559432933
29247,15.58915559432933
29248,15.58915559432933
29249,15.58915559432933
29250,15.58915559432933
29251,15.58915559432933
29252,15.58915559432933
29253,15.58915559432933
29254,15.58915559432933
29255,15.58915559432933
29256,15.58915559432933
29257,15.58915559432933
29258,15.58915559432933
29259,15.58915559432933
29260,15.58915559432933
29261,15.58915559432933
29262,15.58915559432933
29263,15.58915559432933
29264,15.58915559432933
29265,15.58915559432933
29266,15.58915559432933
29267,15.58915559432933
29268,15.58915559432933
29269,15.58915559432933
29270,15.58915559432933
29271,15.58915559432933
29272,15.58915559432933
29273,15.58915559432933
29274,15.58915559432933
29275,15.58915559432933
29276,15.58915559432933
29277,15.58915559432933
29278,15.58915559432933
29279,15.58915559432933
29280,15.58915559432933
29281,15.58915559432933
29282,15.58915559432933
29283,15.58915559432933
29284,15.58915559432933
29285,15.58915559432933
29286,15.58915559432933
29287,15.58915559432933
29288,15.58915559432933
29289,15.58915559432933
29290,15.58915559432933
29291,15.58915559432933
29292,15.58915559432933
29293,15.58915559432933
29294,15.58915559432933
29295,15.58915559432933
29296,15.58915559432933
29297,15.58915559432933
29298,15.58915559432933
29299,15.58915559432933
29300,15.58915559432933
29301,15.58915559432933
29302,15.58915559432933
29303,15.58915559432933
29304,15.58915559432933
29305,15.58915559432933
29306,15.58915559432933
29307,15.58915559432933
29308,15.58915559432933
29309,15.58915559432933
29310,15.58915559432933
29311,15.58915559432933
29312,15.58915559432933
29313,15.58915559432933
29314,15.58915559432933
29315,15.58915559432933
29316,15.58915559432933
29317,15.58915559432933
29318,15.58915559432933
29319,15.58915559432933
29320,15.58915559432933
29321,15.58915559432933
29322,15.58915559432933
29323,15.58915559432933
29324,15.58915559432933
29325,15.58915559432933
29326,15.58915559432933
29327,15.58915559432933
29328,15.58915559432933
29329,15.58915559432933
29330,15.58915559432933
29331,15.58915559432933
29332,15.58915559432933
29333,15.58915559432933
29334,15.58915559432933
29335,15.58915559432933
29336,15.58915559432933
29337,15.58915559432933
29338,15.58915559432933
29339,15.58915559432933
29340,15.58915559432933
29341,15.58915559432933
29342,15.58915559432933
29343,15.58915559432933
29344,15.58915559432933
29345,15.58915559432933
29346,15.58915559432933
29347,15.58915559432933
29348,15.58915559432933
29349,15.58915559432933
29350,15.58915559432933
29351,15.58915559432933
29352,15.58915559432933
29353,15.58915559432933
29354,15.58915559432933
29355,15.58915559432933
29356,15.58915559432933
29357,15.58915559432933
29358,15.58915559432933
29359,15.58915559432933
29360,15.58915559432933
29361,15.58915559432933
29362,15.58915559432933
29363,15.58915559432933
29364,15.58915559432933
29365,15.58915559432933
29366,15.58915559432933
29367,15.58915559432933
29368,15.58915559432933
29369,15.58915559432933
29370,15.58915559432933
29371,15.58915559432933
29372,15.58915559432933
29373,15.58915559432933
29374,15.58915559432933
29375,15.58915559432933
29376,15.58915559432933
29377,15.58915559432933
29378,15.58915559432933
29379,15.58915559432933
29380,15.58915559432933
29381,15.58915559432933
29382,15.58915559432933
29383,15.58915559432933
29384,15.58915559432933
29385,15.58915559432933
29386,15.58915559432933
29387,15.58915559432933
29388,15.58915559432933
29389,15.58915559432933
29390,15.58915559432933
29391,15.58915559432933
29392,15.58915559432933
29393,15.58915559432933
29394,15.58915559432933
29395,15.58915559432933
29396,15.58915559432933
29397,15.58915559432933
29398,15.58915559432933
29399,15.58915559432933
29400,15.58915559432933
29401,15.58915559432933
29402,15.58915559432933
29403,15.58915559432933
29404,15.58915559432933
29405,15.58915559432933
29406,15.58915559432933
29407,15.58915559432933
29408,15.58915559432933
29409,15.58915559432933
29410,15.58915559432933
29411,15.58915559432933
29412,15.58915559432933
29413,15.58915559432933
29414,15.58915559432933
29415,15.58915559432933
29416,15.58915559432933
29417,15.58915559432933
29418,15.58915559432933
29419,15.58915559432933
29420,15.58915559432933
29421,15.58915559432933
29422,15.58915559432933
29423,15.58915559432933
29424,15.58915559432933
29425,15.58915559432933
29426,15.58915559432933
29427,15.58915559432933
29428,15.58915559432933
29429,15.58915559432933
29430,15.58915559432933
29431,15.58915559432933
29432,15.58915559432933
29433,15.58915559432933
29434,15.58915559432933
29435,15.58915559432933
29436,15.58915559432933
29437,15.58915559432933
29438,15.58915559432933
29439,15.58915559432933
29440,15.58915559432933
29441,15.58915559432933
29442,15.58915559432933
29443,15.58915559432933
29444,15.58915559432933
29445,15.58915559432933
29446,15.58915559432933
29447,15.58915559432933
29448,15.58915559432933
29449,15.58915559432933
29450,15.58915559432933
29451,15.58915559432933
29452,15.58915559432933
29453,15.58915559432933
29454,15.58915559432933
29455,15.58915559432933
29456,15.58915559432933
29457,15.58915559432933
29458,15.58915559432933
29459,15.58915559432933
29460,15.58915559432933
29461,15.58915559432933
29462,15.58915559432933
29463,15.58915559432933
29464,15.58915559432933
29465,15.58915559432933
29466,15.58915559432933
29467,15.58915559432933
29468,15.58915559432933
29469,15.58915559432933
29470,15.58915559432933
29471,15.58915559432933
29472,15.58915559432933
29473,15.58915559432933
29474,15.58915559432933
29475,15.58915559432933
29476,15.58915559432933
29477,15.58915559432933
29478,15.58915559432933
29479,15.58915559432933
29480,15.58915559432933
29481,15.58915559432933
29482,15.58915559432933
29483,15.58915559432933
29484,15.58915559432933
29485,15.58915559432933
29486,15.58915559432933
29487,15.58915559432933
29488,15.58915559432933
29489,15.58915559432933
29490,15.58915559432933
29491,15.58915559432933
29492,15.58915559432933
29493,15.58915559432933
29494,15.58915559432933
29495,15.58915559432933
29496,15.58915559432933
29497,15.58915559432933
29498,15.58915559432933
29499,15.58915559432933
29500,15.58915559432933
29501,15.58915559432933
29502,15.58915559432933
29503,15.58915559432933
29504,15.58915559432933
29505,15.58915559432933
29506,15.58915559432933
29507,15.58915559432933
29508,15.58915559432933
29509,15.58915559432933
29510,15.58915559432933
29511,15.58915559432933
29512,15.58915559432933
29513,15.58915559432933
29514,15.58915559432933
29515,15.58915559432933
29516,15.58915559432933
29517,15.58915559432933
29518,15.58915559432933
29519,15.58915559432933
29520,15.58915559432933
29521,15.58915559432933
29522,15.58915559432933
29523,15.58915559432933
29524,15.58915559432933
29525,15.58915559432933
29526,15.58915559432933
29527,15.58915559432933
29528,15.58915559432933
29529,15.58915559432933
29530,15.58915559432933
29531,15.58915559432933
29532,15.58915559432933
29533,15.58915559432933
29534,15.58915559432933
29535,15.58915559432933
29536,15.58915559432933
29537,15.58915559432933
29538,15.58915559432933
29539,15.58915559432933
29540,15.58915559432933
29541,15.58915559432933
29542,15.58915559432933
29543,15.58915559432933
29544,15.58915559432933
29545,15.58915559432933
29546,15.58915559432933
29547,15.58915559432933
29548,15.58915559432933
29549,15.58915559432933
29550,15.58915559432933
29551,15.58915559432933
29552,15.58915559432933
29553,15.58915559432933
29554,15.58915559432933
29555,15.58915559432933
29556,15.58915559432933
29557,15.58915559432933
29558,15.58915559432933
29559,15.58915559432933
29560,15.58915559432933
29561,15.58915559432933
29562,15.58915559432933
29563,15.58915559432933
29564,15.58915559432933
29565,15.58915559432933
29566,15.58915559432933
29567,15.58915559432933
29568,15.58915559432933
29569,15.58915559432933
29570,15.58915559432933
29571,15.58915559432933
29572,15.58915559432933
29573,15.58915559432933
29574,15.58915559432933
29575,15.58915559432933
29576,15.58915559432933
29577,15.58915559432933
29578,15.58915559432933
29579,15.58915559432933
29580,15.58915559432933
29581,15.58915559432933
29582,15.58915559432933
29583,15.58915559432933
29584,15.58915559432933
29585,15.58915559432933
29586,15.58915559432933
29587,15.58915559432933
29588,15.58915559432933
29589,15.58915559432933
29590,15.58915559432933
29591,15.58915559432933
29592,15.58915559432933
29593,15.58915559432933
29594,15.58915559432933
29595,15.58915559432933
29596,15.58915559432933
29597,15.58915559432933
29598,15.58915559432933
29599,15.58915559432933
29600,15.58915559432933
29601,15.58915559432933
29602,15.58915559432933
29603,15.58915559432933
29604,15.58915559432933
29605,15.58915559432933
29606,15.58915559432933
29607,15.58915559432933
29608,15.58915559432933
29609,15.58915559432933
29610,15.58915559432933
29611,15.58915559432933
29612,15.58915559432933
29613,15.58915559432933
29614,15.58915559432933
29615,15.58915559432933
29616,15.58915559432933
29617,15.58915559432933
29618,15.58915559432933
29619,15.58915559432933
29620,15.58915559432933
29621,15.58915559432933
29622,15.58915559432933
29623,15.58915559432933
29624,15.58915559432933
29625,15.58915559432933
29626,15.58915559432933
29627,15.58915559432933
29628,15.58915559432933
29629,15.58915559432933
29630,15.58915559432933
29631,15.58915559432933
29632,15.58915559432933
29633,15.58915559432933
29634,15.58915559432933
29635,15.58915559432933
29636,15.58915559432933
29637,15.58915559432933
29638,15.58915559432933
29639,15.58915559432933
29640,15.58915559432933
29641,15.58915559432933
29642,15.58915559432933
29643,15.58915559432933
29644,15.58915559432933
29645,15.58915559432933
29646,15.58915559432933
29647,15.58915559432933
29648,15.58915559432933
29649,15.58915559432933
29650,15.58915559432933
29651,15.58915559432933
29652,15.58915559432933
29653,15.58915559432933
29654,15.58915559432933
29655,15.58915559432933
29656,15.58915559432933
29657,15.58915559432933
29658,15.58915559432933
29659,15.58915559432933
29660,15.58915559432933
29661,15.58915559432933
29662,15.58915559432933
29663,15.58915559432933
29664,15.58915559432933
29665,15.58915559432933
29666,15.58915559432933
29667,15.58915559432933
29668,15.58915559432933
29669,15.58915559432933
29670,15.58915559432933
29671,15.58915559432933
29672,15.58915559432933
29673,15.58915559432933
29674,15.58915559432933
29675,15.58915559432933
29676,15.58915559432933
29677,15.58915559432933
29678,15.58915559432933
29679,15.58915559432933
29680,15.58915559432933
29681,15.58915559432933
29682,15.58915559432933
29683,15.58915559432933
29684,15.58915559432933
29685,15.58915559432933
29686,15.58915559432933
29687,15.58915559432933
29688,15.58915559432933
29689,15.58915559432933
29690,15.58915559432933
29691,15.58915559432933
29692,15.58915559432933
29693,15.58915559432933
29694,15.58915559432933
29695,15.58915559432933
29696,15.58915559432933
29697,15.58915559432933
29698,15.58915559432933
29699,15.58915559432933
29700,15.58915559432933
29701,15.58915559432933
29702,15.58915559432933
29703,15.58915559432933
29704,15.58915559432933
29705,15.58915559432933
29706,15.58915559432933
29707,15.58915559432933
29708,15.58915559432933
29709,15.58915559432933
29710,15.58915559432933
29711,15.58915559432933
29712,15.58915559432933
29713,15.58915559432933
29714,15.58915559432933
29715,15.58915559432933
29716,15.58915559432933
29717,15.58915559432933
29718,15.58915559432933
29719,15.58915559432933
29720,15.58915559432933
29721,15.58915559432933
29722,15.58915559432933
29723,15.58915559432933
29724,15.58915559432933
29725,15.58915559432933
29726,15.58915559432933
29727,15.58915559432933
29728,15.58915559432933
29729,15.58915559432933
29730,15.58915559432933
29731,15.58915559432933
29732,15.58915559432933
29733,15.58915559432933
29734,15.58915559432933
29735,15.58915559432933
29736,15.58915559432933
29737,15.58915559432933
29738,15.58915559432933
29739,15.58915559432933
29740,15.58915559432933
29741,15.58915559432933
29742,15.58915559432933
29743,15.58915559432933
29744,15.58915559432933
29745,15.58915559432933
29746,15.58915559432933
29747,15.58915559432933
29748,15.58915559432933
29749,15.58915559432933
29750,15.58915559432933
29751,15.58915559432933
29752,15.58915559432933
29753,15.58915559432933
29754,15.58915559432933
29755,15.58915559432933
29756,15.58915559432933
29757,15.58915559432933
29758,15.58915559432933
29759,15.58915559432933
29760,15.58915559432933
29761,15.58915559432933
29762,15.58915559432933
29763,15.58915559432933
29764,15.58915559432933
29765,15.58915559432933
29766,15.58915559432933
29767,15.58915559432933
29768,15.58915559432933
29769,15.58915559432933
29770,15.58915559432933
29771,15.58915559432933
29772,15.58915559432933
29773,15.58915559432933
29774,15.58915559432933
29775,15.58915559432933
29776,15.58915559432933
29777,15.58915559432933
29778,15.58915559432933
29779,15.58915559432933
29780,15.58915559432933
29781,15.58915559432933
29782,15.58915559432933
29783,15.58915559432933
29784,15.58915559432933
29785,15.58915559432933
29786,15.58915559432933
29787,15.58915559432933
29788,15.58915559432933
29789,15.58915559432933
29790,15.58915559432933
29791,15.58915559432933
29792,15.58915559432933
29793,15.58915559432933
29794,15.58915559432933
29795,15.58915559432933
29796,15.58915559432933
29797,15.58915559432933
29798,15.58915559432933
29799,15.58915559432933
29800,15.58915559432933
29801,15.58915559432933
29802,15.58915559432933
29803,15.58915559432933
29804,15.58915559432933
29805,15.58915559432933
29806,15.58915559432933
29807,15.58915559432933
29808,15.58915559432933
29809,15.58915559432933
29810,15.58915559432933
29811,15.58915559432933
29812,15.58915559432933
29813,15.58915559432933
29814,15.58915559432933
29815,15.58915559432933
29816,15.58915559432933
29817,15.58915559432933
29818,15.58915559432933
29819,15.58915559432933
29820,15.58915559432933
29821,15.58915559432933
29822,15.58915559432933
29823,15.58915559432933
29824,15.58915559432933
29825,15.58915559432933
29826,15.58915559432933
29827,15.58915559432933
29828,15.58915559432933
29829,15.58915559432933
29830,15.58915559432933
29831,15.58915559432933
29832,15.58915559432933
29833,15.58915559432933
29834,15.58915559432933
29835,15.58915559432933
29836,15.58915559432933
29837,15.58915559432933
29838,15.58915559432933
29839,15.58915559432933
29840,15.58915559432933
29841,15.58915559432933
29842,15.58915559432933
29843,15.58915559432933
29844,15.58915559432933
29845,15.58915559432933
29846,15.58915559432933
29847,15.58915559432933
29848,15.58915559432933
29849,15.58915559432933
29850,15.58915559432933
29851,15.58915559432933
29852,15.58915559432933
29853,15.58915559432933
29854,15.58915559432933
29855,15.58915559432933
29856,15.58915559432933
29857,15.58915559432933
29858,15.58915559432933
29859,15.58915559432933
29860,15.58915559432933
29861,15.58915559432933
29862,15.58915559432933
29863,15.58915559432933
29864,15.58915559432933
29865,15.58915559432933
29866,15.58915559432933
29867,15.58915559432933
29868,15.58915559432933
29869,15.58915559432933
29870,15.58915559432933
29871,15.58915559432933
29872,15.58915559432933
29873,15.58915559432933
29874,15.58915559432933
29875,15.58915559432933
29876,15.58915559432933
29877,15.58915559432933
29878,15.58915559432933
29879,15.58915559432933
29880,15.58915559432933
29881,15.58915559432933
29882,15.58915559432933
29883,15.58915559432933
29884,15.58915559432933
29885,15.58915559432933
29886,15.58915559432933
29887,15.58915559432933
29888,15.58915559432933
29889,15.58915559432933
29890,15.58915559432933
29891,15.58915559432933
29892,15.58915559432933
29893,15.58915559432933
29894,15.58915559432933
29895,15.58915559432933
29896,15.58915559432933
29897,15.58915559432933
29898,15.58915559432933
29899,15.58915559432933
29900,15.58915559432933
29901,15.58915559432933
29902,15.58915559432933
29903,15.58915559432933
29904,15.58915559432933
29905,15.58915559432933
29906,15.58915559432933
29907,15.58915559432933
29908,15.58915559432933
29909,15.58915559432933
29910,15.58915559432933
29911,15.58915559432933
29912,15.58915559432933
29913,15.58915559432933
29914,15.58915559432933
29915,15.58915559432933
29916,15.58915559432933
29917,15.58915559432933
29918,15.58915559432933
29919,15.58915559432933
29920,15.58915559432933
29921,15.58915559432933
29922,15.58915559432933
29923,15.58915559432933
29924,15.58915559432933
29925,15.58915559432933
29926,15.58915559432933
29927,15.58915559432933
29928,15.58915559432933
29929,15.58915559432933
29930,15.58915559432933
29931,15.58915559432933
29932,15.58915559432933
29933,15.58915559432933
29934,15.58915559432933
29935,15.58915559432933
29936,15.58915559432933
29937,15.58915559432933
29938,15.58915559432933
29939,15.58915559432933
29940,15.58915559432933
29941,15.58915559432933
29942,15.58915559432933
29943,15.58915559432933
29944,15.58915559432933
29945,15.58915559432933
29946,15.58915559432933
29947,15.58915559432933
29948,15.58915559432933
29949,15.58915559432933
29950,15.58915559432933
29951,15.58915559432933
29952,15.58915559432933
29953,15.58915559432933
29954,15.58915559432933
29955,15.58915559432933
29956,15.58915559432933
29957,15.58915559432933
29958,15.58915559432933
29959,15.58915559432933
29960,15.58915559432933
29961,15.58915559432933
29962,15.58915559432933
29963,15.58915559432933
29964,15.58915559432933
29965,15.58915559432933
29966,15.58915559432933
29967,15.58915559432933
29968,15.58915559432933
29969,15.58915559432933
29970,15.58915559432933
29971,15.58915559432933
29972,15.58915559432933
29973,15.58915559432933
29974,15.58915559432933
29975,15.58915559432933
29976,15.58915559432933
29977,15.58915559432933
29978,15.58915559432933
29979,15.58915559432933
29980,15.58915559432933
29981,15.58915559432933
29982,15.58915559432933
29983,15.58915559432933
29984,15.58915559432933
29985,15.58915559432933
29986,15.58915559432933
29987,15.58915559432933
29988,15.58915559432933
29989,15.58915559432933
29990,15.58915559432933
29991,15.58915559432933
29992,15.58915559432933
29993,15.58915559432933
29994,15.58915559432933
29995,15.58915559432933
29996,15.58915559432933
29997,15.58915559432933
29998,15.58915559432933
29999,15.58915559432933
30000,15.58915559432933
30001,15.58915559432933
30002,15.58915559432933
30003,15.58915559432933
30004,15.58915559432933
30005,15.58915559432933
30006,15.58915559432933
30007,15.58915559432933
30008,15.58915559432933
30009,15.58915559432933
30010,15.58915559432933
30011,15.58915559432933
30012,15.58915559432933
30013,15.58915559432933
30014,15.58915559432933
30015,15.58915559432933
30016,15.58915559432933
30017,15.58915559432933
30018,15.58915559432933
30019,15.58915559432933
30020,15.58915559432933
30021,15.58915559432933
30022,15.58915559432933
30023,15.58915559432933
30024,15.58915559432933
30025,15.58915559432933
30026,15.58915559432933
30027,15.58915559432933
30028,15.58915559432933
30029,15.58915559432933
30030,15.58915559432933
30031,15.58915559432933
30032,15.58915559432933
30033,15.58915559432933
30034,15.58915559432933
30035,15.58915559432933
30036,15.58915559432933
30037,15.58915559432933
30038,15.58915559432933
30039,15.58915559432933
30040,15.58915559432933
30041,15.58915559432933
30042,15.58915559432933
30043,15.58915559432933
30044,15.58915559432933
30045,15.58915559432933
30046,15.58915559432933
30047,15.58915559432933
30048,15.58915559432933
30049,15.58915559432933
30050,15.58915559432933
30051,15.58915559432933
30052,15.58915559432933
30053,15.58915559432933
30054,15.58915559432933
30055,15.58915559432933
30056,15.58915559432933
30057,15.58915559432933
30058,15.58915559432933
30059,15.58915559432933
30060,15.58915559432933
30061,15.58915559432933
30062,15.58915559432933
30063,15.58915559432933
30064,15.58915559432933
30065,15.58915559432933
30066,15.58915559432933
30067,15.58915559432933
30068,15.58915559432933
30069,15.58915559432933
30070,15.58915559432933
30071,15.58915559432933
30072,15.58915559432933
30073,15.58915559432933
30074,15.58915559432933
30075,15.58915559432933
30076,15.58915559432933
30077,15.58915559432933
30078,15.58915559432933
30079,15.58915559432933
30080,15.58915559432933
30081,15.58915559432933
30082,15.58915559432933
30083,15.58915559432933
30084,15.58915559432933
30085,15.58915559432933
30086,15.58915559432933
30087,15.58915559432933
30088,15.58915559432933
30089,15.58915559432933
30090,15.58915559432933
30091,15.58915559432933
30092,15.58915559432933
30093,15.58915559432933
30094,15.58915559432933
30095,15.58915559432933
30096,15.58915559432933
30097,15.58915559432933
30098,15.58915559432933
30099,15.58915559432933
30100,15.58915559432933
30101,15.58915559432933
30102,15.58915559432933
30103,15.58915559432933
30104,15.58915559432933
30105,15.58915559432933
30106,15.58915559432933
30107,15.58915559432933
30108,15.58915559432933
30109,15.58915559432933
30110,15.58915559432933
30111,15.58915559432933
30112,15.58915559432933
30113,15.58915559432933
30114,15.58915559432933
30115,15.58915559432933
30116,15.58915559432933
30117,15.58915559432933
30118,15.58915559432933
30119,15.58915559432933
30120,15.58915559432933
30121,15.58915559432933
30122,15.58915559432933
30123,15.58915559432933
30124,15.58915559432933
30125,15.58915559432933
30126,15.58915559432933
30127,15.58915559432933
30128,15.58915559432933
30129,15.58915559432933
30130,15.58915559432933
30131,15.58915559432933
30132,15.58915559432933
30133,15.58915559432933
30134,15.58915559432933
30135,15.58915559432933
30136,15.58915559432933
30137,15.58915559432933
30138,15.58915559432933
30139,15.58915559432933
30140,15.58915559432933
30141,15.58915559432933
30142,15.58915559432933
30143,15.58915559432933
30144,15.58915559432933
30145,15.58915559432933
30146,15.58915559432933
30147,15.58915559432933
30148,15.58915559432933
30149,15.58915559432933
30150,15.58915559432933
30151,15.58915559432933
30152,15.58915559432933
30153,15.58915559432933
30154,15.58915559432933
30155,15.58915559432933
30156,15.58915559432933
30157,15.58915559432933
30158,15.58915559432933
30159,15.58915559432933
30160,15.58915559432933
30161,15.58915559432933
30162,15.58915559432933
30163,15.58915559432933
30164,15.58915559432933
30165,15.58915559432933
30166,15.58915559432933
30167,15.58915559432933
30168,15.58915559432933
30169,15.58915559432933
30170,15.58915559432933
30171,15.58915559432933
30172,15.58915559432933
30173,15.58915559432933
30174,15.58915559432933
30175,15.58915559432933
30176,15.58915559432933
30177,15.58915559432933
30178,15.58915559432933
30179,15.58915559432933
30180,15.58915559432933
30181,15.58915559432933
30182,15.58915559432933
30183,15.58915559432933
30184,15.58915559432933
30185,15.58915559432933
30186,15.58915559432933
30187,15.58915559432933
30188,15.58915559432933
30189,15.58915559432933
30190,15.58915559432933
30191,15.58915559432933
30192,15.58915559432933
30193,15.58915559432933
30194,15.58915559432933
30195,15.58915559432933
30196,15.58915559432933
30197,15.58915559432933
30198,15.58915559432933
30199,15.58915559432933
30200,15.58915559432933
30201,15.58915559432933
30202,15.58915559432933
30203,15.58915559432933
30204,15.58915559432933
30205,15.58915559432933
30206,15.58915559432933
30207,15.58915559432933
30208,15.58915559432933
30209,15.58915559432933
30210,15.58915559432933
30211,15.58915559432933
30212,15.58915559432933
30213,15.58915559432933
30214,15.58915559432933
30215,15.58915559432933
30216,15.58915559432933
30217,15.58915559432933
30218,15.58915559432933
30219,15.58915559432933
30220,15.58915559432933
30221,15.58915559432933
30222,15.58915559432933
30223,15.58915559432933
30224,15.58915559432933
30225,15.58915559432933
30226,15.58915559432933
30227,15.58915559432933
30228,15.58915559432933
30229,15.58915559432933
30230,15.58915559432933
30231,15.58915559432933
30232,15.58915559432933
30233,15.58915559432933
30234,15.58915559432933
30235,15.58915559432933
30236,15.58915559432933
30237,15.58915559432933
30238,15.58915559432933
30239,15.58915559432933
30240,15.58915559432933
30241,15.58915559432933
30242,15.58915559432933
30243,15.58915559432933
30244,15.58915559432933
30245,15.58915559432933
30246,15.58915559432933
30247,15.58915559432933
30248,15.58915559432933
30249,15.58915559432933
30250,15.58915559432933
30251,15.58915559432933
30252,15.58915559432933
30253,15.58915559432933
30254,15.58915559432933
30255,15.58915559432933
30256,15.58915559432933
30257,15.58915559432933
30258,15.58915559432933
30259,15.58915559432933
30260,15.58915559432933
30261,15.58915559432933
30262,15.58915559432933
30263,15.58915559432933
30264,15.58915559432933
30265,15.58915559432933
30266,15.58915559432933
30267,15.58915559432933
30268,15.58915559432933
30269,15.58915559432933
30270,15.58915559432933
30271,15.58915559432933
30272,15.58915559432933
30273,15.58915559432933
30274,15.58915559432933
30275,15.58915559432933
30276,15.58915559432933
30277,15.58915559432933
30278,15.58915559432933
30279,15.58915559432933
30280,15.58915559432933
30281,15.58915559432933
30282,15.58915559432933
30283,15.58915559432933
30284,15.58915559432933
30285,15.58915559432933
30286,15.58915559432933
30287,15.58915559432933
30288,15.58915559432933
30289,15.58915559432933
30290,15.58915559432933
30291,15.58915559432933
30292,15.58915559432933
30293,15.58915559432933
30294,15.58915559432933
30295,15.58915559432933
30296,15.58915559432933
30297,15.58915559432933
30298,15.58915559432933
30299,15.58915559432933
30300,15.58915559432933
30301,15.58915559432933
30302,15.58915559432933
30303,15.58915559432933
30304,15.58915559432933
30305,15.58915559432933
30306,15.58915559432933
30307,15.58915559432933
30308,15.58915559432933
30309,15.58915559432933
30310,15.58915559432933
30311,15.58915559432933
30312,15.58915559432933
30313,15.58915559432933
30314,15.58915559432933
30315,15.58915559432933
30316,15.58915559432933
30317,15.58915559432933
30318,15.58915559432933
30319,15.58915559432933
30320,15.58915559432933
30321,15.58915559432933
30322,15.58915559432933
30323,15.58915559432933
30324,15.58915559432933
30325,15.58915559432933
30326,15.58915559432933
30327,15.58915559432933
30328,15.58915559432933
30329,15.58915559432933
30330,15.58915559432933
30331,15.58915559432933
30332,15.58915559432933
30333,15.58915559432933
30334,15.58915559432933
30335,15.58915559432933
30336,15.58915559432933
30337,15.58915559432933
30338,15.58915559432933
30339,15.58915559432933
30340,15.58915559432933
30341,15.58915559432933
30342,15.58915559432933
30343,15.58915559432933
30344,15.58915559432933
30345,15.58915559432933
30346,15.58915559432933
30347,15.58915559432933
30348,15.58915559432933
30349,15.58915559432933
30350,15.58915559432933
30351,15.58915559432933
30352,15.58915559432933
30353,15.58915559432933
30354,15.58915559432933
30355,15.58915559432933
30356,15.58915559432933
30357,15.58915559432933
30358,15.58915559432933
30359,15.58915559432933
30360,15.58915559432933
30361,15.58915559432933
30362,15.58915559432933
30363,15.58915559432933
30364,15.58915559432933
30365,15.58915559432933
30366,15.58915559432933
30367,15.58915559432933
30368,15.58915559432933
30369,15.58915559432933
30370,15.58915559432933
30371,15.58915559432933
30372,15.58915559432933
30373,15.58915559432933
30374,15.58915559432933
30375,15.58915559432933
30376,15.58915559432933
30377,15.58915559432933
30378,15.58915559432933
30379,15.58915559432933
30380,15.58915559432933
30381,15.58915559432933
30382,15.58915559432933
30383,15.58915559432933
30384,15.58915559432933
30385,15.58915559432933
30386,15.58915559432933
30387,15.58915559432933
30388,15.58915559432933
30389,15.58915559432933
30390,15.58915559432933
30391,15.58915559432933
30392,15.58915559432933
30393,15.58915559432933
30394,15.58915559432933
30395,15.58915559432933
30396,15.58915559432933
30397,15.58915559432933
30398,15.58915559432933
30399,15.58915559432933
30400,15.58915559432933
30401,15.58915559432933
30402,15.58915559432933
30403,15.58915559432933
30404,15.58915559432933
30405,15.58915559432933
30406,15.58915559432933
30407,15.58915559432933
30408,15.58915559432933
30409,15.58915559432933
30410,15.58915559432933
30411,15.58915559432933
30412,15.58915559432933
30413,15.58915559432933
30414,15.58915559432933
30415,15.58915559432933
30416,15.58915559432933
30417,15.58915559432933
30418,15.58915559432933
30419,15.58915559432933
30420,15.58915559432933
30421,15.58915559432933
30422,15.58915559432933
30423,15.58915559432933
30424,15.58915559432933
30425,15.58915559432933
30426,15.58915559432933
30427,15.58915559432933
30428,15.58915559432933
30429,15.58915559432933
30430,15.58915559432933
30431,15.58915559432933
30432,15.58915559432933
30433,15.58915559432933
30434,15.58915559432933
30435,15.58915559432933
30436,15.58915559432933
30437,15.58915559432933
30438,15.58915559432933
30439,15.58915559432933
30440,15.58915559432933
30441,15.58915559432933
30442,15.58915559432933
30443,15.58915559432933
30444,15.58915559432933
30445,15.58915559432933
30446,15.58915559432933
30447,15.58915559432933
30448,15.58915559432933
30449,15.58915559432933
30450,15.58915559432933
30451,15.58915559432933
30452,15.58915559432933
30453,15.58915559432933
30454,15.58915559432933
30455,15.58915559432933
30456,15.58915559432933
30457,15.58915559432933
30458,15.58915559432933
30459,15.58915559432933
30460,15.58915559432933
30461,15.58915559432933
30462,15.58915559432933
30463,15.58915559432933
30464,15.58915559432933
30465,15.58915559432933
30466,15.58915559432933
30467,15.58915559432933
30468,15.58915559432933
30469,15.58915559432933
30470,15.58915559432933
30471,15.58915559432933
30472,15.58915559432933
30473,15.58915559432933
30474,15.58915559432933
30475,15.58915559432933
30476,15.58915559432933
30477,15.58915559432933
30478,15.58915559432933
30479,15.58915559432933
30480,15.58915559432933
30481,15.58915559432933
30482,15.58915559432933
30483,15.58915559432933
30484,15.58915559432933
30485,15.58915559432933
30486,15.58915559432933
30487,15.58915559432933
30488,15.58915559432933
30489,15.58915559432933
30490,15.58915559432933
30491,15.58915559432933
30492,15.58915559432933
30493,15.58915559432933
30494,15.58915559432933
30495,15.58915559432933
30496,15.58915559432933
30497,15.58915559432933
30498,15.58915559432933
30499,15.58915559432933
30500,15.58915559432933
30501,15.58915559432933
30502,15.58915559432933
30503,15.58915559432933
30504,15.58915559432933
30505,15.58915559432933
30506,15.58915559432933
30507,15.58915559432933
30508,15.58915559432933
30509,15.58915559432933
30510,15.58915559432933
30511,15.58915559432933
30512,15.58915559432933
30513,15.58915559432933
30514,15.58915559432933
30515,15.58915559432933
30516,15.58915559432933
30517,15.58915559432933
30518,15.58915559432933
30519,15.58915559432933
30520,15.58915559432933
30521,15.58915559432933
30522,15.58915559432933
30523,15.58915559432933
30524,15.58915559432933
30525,15.58915559432933
30526,15.58915559432933
30527,15.58915559432933
30528,15.58915559432933
30529,15.58915559432933
30530,15.58915559432933
30531,15.58915559432933
30532,15.58915559432933
30533,15.58915559432933
30534,15.58915559432933
30535,15.58915559432933
30536,15.58915559432933
30537,15.58915559432933
30538,15.58915559432933
30539,15.58915559432933
30540,15.58915559432933
30541,15.58915559432933
30542,15.58915559432933
30543,15.58915559432933
30544,15.58915559432933
30545,15.58915559432933
30546,15.58915559432933
30547,15.58915559432933
30548,15.58915559432933
30549,15.58915559432933
30550,15.58915559432933
30551,15.58915559432933
30552,15.58915559432933
30553,15.58915559432933
30554,15.58915559432933
30555,15.58915559432933
30556,15.58915559432933
30557,15.58915559432933
30558,15.58915559432933
30559,15.58915559432933
30560,15.58915559432933
30561,15.58915559432933
30562,15.58915559432933
30563,15.58915559432933
30564,15.58915559432933
30565,15.58915559432933
30566,15.58915559432933
30567,15.58915559432933
30568,15.58915559432933
30569,15.58915559432933
30570,15.58915559432933
30571,15.58915559432933
30572,15.58915559432933
30573,15.58915559432933
30574,15.58915559432933
30575,15.58915559432933
30576,15.58915559432933
30577,15.58915559432933
30578,15.58915559432933
30579,15.58915559432933
30580,15.58915559432933
30581,15.58915559432933
30582,15.58915559432933
30583,15.58915559432933
30584,15.58915559432933
30585,15.58915559432933
30586,15.58915559432933
30587,15.58915559432933
30588,15.58915559432933
30589,15.58915559432933
30590,15.58915559432933
30591,15.58915559432933
30592,15.58915559432933
30593,15.58915559432933
30594,15.58915559432933
30595,15.58915559432933
30596,15.58915559432933
30597,15.58915559432933
30598,15.58915559432933
30599,15.58915559432933
30600,15.58915559432933
30601,15.58915559432933
30602,15.58915559432933
30603,15.58915559432933
30604,15.58915559432933
30605,15.58915559432933
30606,15.58915559432933
30607,15.58915559432933
30608,15.58915559432933
30609,15.58915559432933
30610,15.58915559432933
30611,15.58915559432933
30612,15.58915559432933
30613,15.58915559432933
30614,15.58915559432933
30615,15.58915559432933
30616,15.58915559432933
30617,15.58915559432933
30618,15.58915559432933
30619,15.58915559432933
30620,15.58915559432933
30621,15.58915559432933
30622,15.58915559432933
30623,15.58915559432933
30624,15.58915559432933
30625,15.58915559432933
30626,15.58915559432933
30627,15.58915559432933
30628,15.58915559432933
30629,15.58915559432933
30630,15.58915559432933
30631,15.58915559432933
30632,15.58915559432933
30633,15.58915559432933
30634,15.58915559432933
30635,15.58915559432933
30636,15.58915559432933
30637,15.58915559432933
30638,15.58915559432933
30639,15.58915559432933
30640,15.58915559432933
30641,15.58915559432933
30642,15.58915559432933
30643,15.58915559432933
30644,15.58915559432933
30645,15.58915559432933
30646,15.58915559432933
30647,15.58915559432933
30648,15.58915559432933
30649,15.58915559432933
30650,15.58915559432933
30651,15.58915559432933
30652,15.58915559432933
30653,15.58915559432933
30654,15.58915559432933
30655,15.58915559432933
30656,15.58915559432933
30657,15.58915559432933
30658,15.58915559432933
30659,15.58915559432933
30660,15.58915559432933
30661,15.58915559432933
30662,15.58915559432933
30663,15.58915559432933
30664,15.58915559432933
30665,15.58915559432933
30666,15.58915559432933
30667,15.58915559432933
30668,15.58915559432933
30669,15.58915559432933
30670,15.58915559432933
30671,15.58915559432933
30672,15.58915559432933
30673,15.58915559432933
30674,15.58915559432933
30675,15.58915559432933
30676,15.58915559432933
30677,15.58915559432933
30678,15.58915559432933
30679,15.58915559432933
30680,15.58915559432933
30681,15.58915559432933
30682,15.58915559432933
30683,15.58915559432933
30684,15.58915559432933
30685,15.58915559432933
30686,15.58915559432933
30687,15.58915559432933
30688,15.58915559432933
30689,15.58915559432933
30690,15.58915559432933
30691,15.58915559432933
30692,15.58915559432933
30693,15.58915559432933
30694,15.58915559432933
30695,15.58915559432933
30696,15.58915559432933
30697,15.58915559432933
30698,15.58915559432933
30699,15.58915559432933
30700,15.58915559432933
30701,15.58915559432933
30702,15.58915559432933
30703,15.58915559432933
30704,15.58915559432933
30705,15.58915559432933
30706,15.58915559432933
30707,15.58915559432933
30708,15.58915559432933
30709,15.58915559432933
30710,15.58915559432933
30711,15.58915559432933
30712,15.58915559432933
30713,15.58915559432933
30714,15.58915559432933
30715,15.58915559432933
30716,15.58915559432933
30717,15.58915559432933
30718,15.58915559432933
30719,15.58915559432933
30720,15.58915559432933
30721,15.58915559432933
30722,15.58915559432933
30723,15.58915559432933
30724,15.58915559432933
30725,15.58915559432933
30726,15.58915559432933
30727,15.58915559432933
30728,15.58915559432933
30729,15.58915559432933
30730,15.58915559432933
30731,15.58915559432933
30732,15.58915559432933
30733,15.58915559432933
30734,15.58915559432933
30735,15.58915559432933
30736,15.58915559432933
30737,15.58915559432933
30738,15.58915559432933
30739,15.58915559432933
30740,15.58915559432933
30741,15.58915559432933
30742,15.58915559432933
30743,15.58915559432933
30744,15.58915559432933
30745,15.58915559432933
30746,15.58915559432933
30747,15.58915559432933
30748,15.58915559432933
30749,15.58915559432933
30750,15.58915559432933
30751,15.58915559432933
30752,15.58915559432933
30753,15.58915559432933
30754,15.58915559432933
30755,15.58915559432933
30756,15.58915559432933
30757,15.58915559432933
30758,15.58915559432933
30759,15.58915559432933
30760,15.58915559432933
30761,15.58915559432933
30762,15.58915559432933
30763,15.58915559432933
30764,15.58915559432933
30765,15.58915559432933
30766,15.58915559432933
30767,15.58915559432933
30768,15.58915559432933
30769,15.58915559432933
30770,15.58915559432933
30771,15.58915559432933
30772,15.58915559432933
30773,15.58915559432933
30774,15.58915559432933
30775,15.58915559432933
30776,15.58915559432933
30777,15.58915559432933
30778,15.58915559432933
30779,15.58915559432933
30780,15.58915559432933
30781,15.58915559432933
30782,15.58915559432933
30783,15.58915559432933
30784,15.58915559432933
30785,15.58915559432933
30786,15.58915559432933
30787,15.58915559432933
30788,15.58915559432933
30789,15.58915559432933
30790,15.58915559432933
30791,15.58915559432933
30792,15.58915559432933
30793,15.58915559432933
30794,15.58915559432933
30795,15.58915559432933
30796,15.58915559432933
30797,15.58915559432933
30798,15.58915559432933
30799,15.58915559432933
30800,15.58915559432933
30801,15.58915559432933
30802,15.58915559432933
30803,15.58915559432933
30804,15.58915559432933
30805,15.58915559432933
30806,15.58915559432933
30807,15.58915559432933
30808,15.58915559432933
30809,15.58915559432933
30810,15.58915559432933
30811,15.58915559432933
30812,15.58915559432933
30813,15.58915559432933
30814,15.58915559432933
30815,15.58915559432933
30816,15.58915559432933
30817,15.58915559432933
30818,15.58915559432933
30819,15.58915559432933
30820,15.58915559432933
30821,15.58915559432933
30822,15.58915559432933
30823,15.58915559432933
30824,15.58915559432933
30825,15.58915559432933
30826,15.58915559432933
30827,15.58915559432933
30828,15.58915559432933
30829,15.58915559432933
30830,15.58915559432933
30831,15.58915559432933
30832,15.58915559432933
30833,15.58915559432933
30834,15.58915559432933
30835,15.58915559432933
30836,15.58915559432933
30837,15.58915559432933
30838,15.58915559432933
30839,15.58915559432933
30840,15.58915559432933
30841,15.58915559432933
30842,15.58915559432933
30843,15.58915559432933
30844,15.58915559432933
30845,15.58915559432933
30846,15.58915559432933
30847,15.58915559432933
30848,15.58915559432933
30849,15.58915559432933
30850,15.58915559432933
30851,15.58915559432933
30852,15.58915559432933
30853,15.58915559432933
30854,15.58915559432933
30855,15.58915559432933
30856,15.58915559432933
30857,15.58915559432933
30858,15.58915559432933
30859,15.58915559432933
30860,15.58915559432933
30861,15.58915559432933
30862,15.58915559432933
30863,15.58915559432933
30864,15.58915559432933
30865,15.58915559432933
30866,15.58915559432933
30867,15.58915559432933
30868,15.58915559432933
30869,15.58915559432933
30870,15.58915559432933
30871,15.58915559432933
30872,15.58915559432933
30873,15.58915559432933
30874,15.58915559432933
30875,15.58915559432933
30876,15.58915559432933
30877,15.58915559432933
30878,15.58915559432933
30879,15.58915559432933
30880,15.58915559432933
30881,15.58915559432933
30882,15.58915559432933
30883,15.58915559432933
30884,15.58915559432933
30885,15.58915559432933
30886,15.58915559432933
30887,15.58915559432933
30888,15.58915559432933
30889,15.58915559432933
30890,15.58915559432933
30891,15.58915559432933
30892,15.58915559432933
30893,15.58915559432933
30894,15.58915559432933
30895,15.58915559432933
30896,15.58915559432933
30897,15.58915559432933
30898,15.58915559432933
30899,15.58915559432933
30900,15.58915559432933
30901,15.58915559432933
30902,15.58915559432933
30903,15.58915559432933
30904,15.58915559432933
30905,15.58915559432933
30906,15.58915559432933
30907,15.58915559432933
30908,15.58915559432933
30909,15.58915559432933
30910,15.58915559432933
30911,15.58915559432933
30912,15.58915559432933
30913,15.58915559432933
30914,15.58915559432933
30915,15.58915559432933
30916,15.58915559432933
30917,15.58915559432933
30918,15.58915559432933
30919,15.58915559432933
30920,15.58915559432933
30921,15.58915559432933
30922,15.58915559432933
30923,15.58915559432933
30924,15.58915559432933
30925,15.58915559432933
30926,15.58915559432933
30927,15.58915559432933
30928,15.58915559432933
30929,15.58915559432933
30930,15.58915559432933
30931,15.58915559432933
30932,15.58915559432933
30933,15.58915559432933
30934,15.58915559432933
30935,15.58915559432933
30936,15.58915559432933
30937,15.58915559432933
30938,15.58915559432933
30939,15.58915559432933
30940,15.58915559432933
30941,15.58915559432933
30942,15.58915559432933
30943,15.58915559432933
30944,15.58915559432933
30945,15.58915559432933
30946,15.58915559432933
30947,15.58915559432933
30948,15.58915559432933
30949,15.58915559432933
30950,15.58915559432933
30951,15.58915559432933
30952,15.58915559432933
30953,15.58915559432933
30954,15.58915559432933
30955,15.58915559432933
30956,15.58915559432933
30957,15.58915559432933
30958,15.58915559432933
30959,15.58915559432933
30960,15.58915559432933
30961,15.58915559432933
30962,15.58915559432933
30963,15.58915559432933
30964,15.58915559432933
30965,15.58915559432933
30966,15.58915559432933
30967,15.58915559432933
30968,15.58915559432933
30969,15.58915559432933
30970,15.58915559432933
30971,15.58915559432933
30972,15.58915559432933
30973,15.58915559432933
30974,15.58915559432933
30975,15.58915559432933
30976,15.58915559432933
30977,15.58915559432933
30978,15.58915559432933
30979,15.58915559432933
30980,15.58915559432933
30981,15.58915559432933
30982,15.58915559432933
30983,15.58915559432933
30984,15.58915559432933
30985,15.58915559432933
30986,15.58915559432933
30987,15.58915559432933
30988,15.58915559432933
30989,15.58915559432933
30990,15.58915559432933
30991,15.58915559432933
30992,15.58915559432933
30993,15.58915559432933
30994,15.58915559432933
30995,15.58915559432933
30996,15.58915559432933
30997,15.58915559432933
30998,15.58915559432933
30999,15.58915559432933
31000,15.58915559432933
31001,15.58915559432933
31002,15.58915559432933
31003,15.58915559432933
31004,15.58915559432933
31005,15.58915559432933
31006,15.58915559432933
31007,15.58915559432933
31008,15.58915559432933
31009,15.58915559432933
31010,15.58915559432933
31011,15.58915559432933
31012,15.58915559432933
31013,15.58915559432933
31014,15.58915559432933
31015,15.58915559432933
31016,15.58915559432933
31017,15.58915559432933
31018,15.58915559432933
31019,15.58915559432933
31020,15.58915559432933
31021,15.58915559432933
31022,15.58915559432933
31023,15.58915559432933
31024,15.58915559432933
31025,15.58915559432933
31026,15.58915559432933
31027,15.58915559432933
31028,15.58915559432933
31029,15.58915559432933
31030,15.58915559432933
31031,15.58915559432933
31032,15.58915559432933
31033,15.58915559432933
31034,15.58915559432933
31035,15.58915559432933
31036,15.58915559432933
31037,15.58915559432933
31038,15.58915559432933
31039,15.58915559432933
31040,15.58915559432933
31041,15.58915559432933
31042,15.58915559432933
31043,15.58915559432933
31044,15.58915559432933
31045,15.58915559432933
31046,15.58915559432933
31047,15.58915559432933
31048,15.58915559432933
31049,15.58915559432933
31050,15.58915559432933
31051,15.58915559432933
31052,15.58915559432933
31053,15.58915559432933
31054,15.58915559432933
31055,15.58915559432933
31056,15.58915559432933
31057,15.58915559432933
31058,15.58915559432933
31059,15.58915559432933
31060,15.58915559432933
31061,15.58915559432933
31062,15.58915559432933
31063,15.58915559432933
31064,15.58915559432933
31065,15.58915559432933
31066,15.58915559432933
31067,15.58915559432933
31068,15.58915559432933
31069,15.58915559432933
31070,15.58915559432933
31071,15.58915559432933
31072,15.58915559432933
31073,15.58915559432933
31074,15.58915559432933
31075,15.58915559432933
31076,15.58915559432933
31077,15.58915559432933
31078,15.58915559432933
31079,15.58915559432933
31080,15.58915559432933
31081,15.58915559432933
31082,15.58915559432933
31083,15.58915559432933
31084,15.58915559432933
31085,15.58915559432933
31086,15.58915559432933
31087,15.58915559432933
31088,15.58915559432933
31089,15.58915559432933
31090,15.58915559432933
31091,15.58915559432933
31092,15.58915559432933
31093,15.58915559432933
31094,15.58915559432933
31095,15.58915559432933
31096,15.58915559432933
31097,15.58915559432933
31098,15.58915559432933
31099,15.58915559432933
31100,15.58915559432933
31101,15.58915559432933
31102,15.58915559432933
31103,15.58915559432933
31104,15.58915559432933
31105,15.58915559432933
31106,15.58915559432933
31107,15.58915559432933
31108,15.58915559432933
31109,15.58915559432933
31110,15.58915559432933
31111,15.58915559432933
31112,15.58915559432933
31113,15.58915559432933
31114,15.58915559432933
31115,15.58915559432933
31116,15.58915559432933
31117,15.58915559432933
31118,15.58915559432933
31119,15.58915559432933
31120,15.58915559432933
31121,15.58915559432933
31122,15.58915559432933
31123,15.58915559432933
31124,15.58915559432933
31125,15.58915559432933
31126,15.58915559432933
31127,15.58915559432933
31128,15.58915559432933
31129,15.58915559432933
31130,15.58915559432933
31131,15.58915559432933
31132,15.58915559432933
31133,15.58915559432933
31134,15.58915559432933
31135,15.58915559432933
31136,15.58915559432933
31137,15.58915559432933
31138,15.58915559432933
31139,15.58915559432933
31140,15.58915559432933
31141,15.58915559432933
31142,15.58915559432933
31143,15.58915559432933
31144,15.58915559432933
31145,15.58915559432933
31146,15.58915559432933
31147,15.58915559432933
31148,15.58915559432933
31149,15.58915559432933
31150,15.58915559432933
31151,15.58915559432933
31152,15.58915559432933
31153,15.58915559432933
31154,15.58915559432933
31155,15.58915559432933
31156,15.58915559432933
31157,15.58915559432933
31158,15.58915559432933
31159,15.58915559432933
31160,15.58915559432933
31161,15.58915559432933
31162,15.58915559432933
31163,15.58915559432933
31164,15.58915559432933
31165,15.58915559432933
31166,15.58915559432933
31167,15.58915559432933
31168,15.58915559432933
31169,15.58915559432933
31170,15.58915559432933
31171,15.58915559432933
31172,15.58915559432933
31173,15.58915559432933
31174,15.58915559432933
31175,15.58915559432933
31176,15.58915559432933
31177,15.58915559432933
31178,15.58915559432933
31179,15.58915559432933
31180,15.58915559432933
31181,15.58915559432933
31182,15.58915559432933
31183,15.58915559432933
31184,15.58915559432933
31185,15.58915559432933
31186,15.58915559432933
31187,15.58915559432933
31188,15.58915559432933
31189,15.58915559432933
31190,15.58915559432933
31191,15.58915559432933
31192,15.58915559432933
31193,15.58915559432933
31194,15.58915559432933
31195,15.58915559432933
31196,15.58915559432933
31197,15.58915559432933
31198,15.58915559432933
31199,15.58915559432933
31200,15.58915559432933
31201,15.58915559432933
31202,15.58915559432933
31203,15.58915559432933
31204,15.58915559432933
31205,15.58915559432933
31206,15.58915559432933
31207,15.58915559432933
31208,15.58915559432933
31209,15.58915559432933
31210,15.58915559432933
31211,15.58915559432933
31212,15.58915559432933
31213,15.58915559432933
31214,15.58915559432933
31215,15.58915559432933
31216,15.58915559432933
31217,15.58915559432933
31218,15.58915559432933
31219,15.58915559432933
31220,15.58915559432933
31221,15.58915559432933
31222,15.58915559432933
31223,15.58915559432933
31224,15.58915559432933
31225,15.58915559432933
31226,15.58915559432933
31227,15.58915559432933
31228,15.58915559432933
31229,15.58915559432933
31230,15.58915559432933
31231,15.58915559432933
31232,15.58915559432933
31233,15.58915559432933
31234,15.58915559432933
31235,15.58915559432933
31236,15.58915559432933
31237,15.58915559432933
31238,15.58915559432933
31239,15.58915559432933
31240,15.58915559432933
31241,15.58915559432933
31242,15.58915559432933
31243,15.58915559432933
31244,15.58915559432933
31245,15.58915559432933
31246,15.58915559432933
31247,15.58915559432933
31248,15.58915559432933
31249,15.58915559432933
31250,15.58915559432933
31251,15.58915559432933
31252,15.58915559432933
31253,15.58915559432933
31254,15.58915559432933
31255,15.58915559432933
31256,15.58915559432933
31257,15.58915559432933
31258,15.58915559432933
31259,15.58915559432933
31260,15.58915559432933
31261,15.58915559432933
31262,15.58915559432933
31263,15.58915559432933
31264,15.58915559432933
31265,15.58915559432933
31266,15.58915559432933
31267,15.58915559432933
31268,15.58915559432933
31269,15.58915559432933
31270,15.58915559432933
31271,15.58915559432933
31272,15.58915559432933
31273,15.58915559432933
31274,15.58915559432933
31275,15.58915559432933
31276,15.58915559432933
31277,15.58915559432933
31278,15.58915559432933
31279,15.58915559432933
31280,15.58915559432933
31281,15.58915559432933
31282,15.58915559432933
31283,15.58915559432933
31284,15.58915559432933
31285,15.58915559432933
31286,15.58915559432933
31287,15.58915559432933
31288,15.58915559432933
31289,15.58915559432933
31290,15.58915559432933
31291,15.58915559432933
31292,15.58915559432933
31293,15.58915559432933
31294,15.58915559432933
31295,15.58915559432933
31296,15.58915559432933
31297,15.58915559432933
31298,15.58915559432933
31299,15.58915559432933
31300,15.58915559432933
31301,15.58915559432933
31302,15.58915559432933
31303,15.58915559432933
31304,15.58915559432933
31305,15.58915559432933
31306,15.58915559432933
31307,15.58915559432933
31308,15.58915559432933
31309,15.58915559432933
31310,15.58915559432933
31311,15.58915559432933
31312,15.58915559432933
31313,15.58915559432933
31314,15.58915559432933
31315,15.58915559432933
31316,15.58915559432933
31317,15.58915559432933
31318,15.58915559432933
31319,15.58915559432933
31320,15.58915559432933
31321,15.58915559432933
31322,15.58915559432933
31323,15.58915559432933
31324,15.58915559432933
31325,15.58915559432933
31326,15.58915559432933
31327,15.58915559432933
31328,15.58915559432933
31329,15.58915559432933
31330,15.58915559432933
31331,15.58915559432933
31332,15.58915559432933
31333,15.58915559432933
31334,15.58915559432933
31335,15.58915559432933
31336,15.58915559432933
31337,15.58915559432933
31338,15.58915559432933
31339,15.58915559432933
31340,15.58915559432933
31341,15.58915559432933
31342,15.58915559432933
31343,15.58915559432933
31344,15.58915559432933
31345,15.58915559432933
31346,15.58915559432933
31347,15.58915559432933
31348,15.58915559432933
31349,15.58915559432933
31350,15.58915559432933
31351,15.58915559432933
31352,15.58915559432933
31353,15.58915559432933
31354,15.58915559432933
31355,15.58915559432933
31356,15.58915559432933
31357,15.58915559432933
31358,15.58915559432933
31359,15.58915559432933
31360,15.58915559432933
31361,15.58915559432933
31362,15.58915559432933
31363,15.58915559432933
31364,15.58915559432933
31365,15.58915559432933
31366,15.58915559432933
31367,15.58915559432933
31368,15.58915559432933
31369,15.58915559432933
31370,15.58915559432933
31371,15.58915559432933
31372,15.58915559432933
31373,15.58915559432933
31374,15.58915559432933
31375,15.58915559432933
31376,15.58915559432933
31377,15.58915559432933
31378,15.58915559432933
31379,15.58915559432933
31380,15.58915559432933
31381,15.58915559432933
31382,15.58915559432933
31383,15.58915559432933
31384,15.58915559432933
31385,15.58915559432933
31386,15.58915559432933
31387,15.58915559432933
31388,15.58915559432933
31389,15.58915559432933
31390,15.58915559432933
31391,15.58915559432933
31392,15.58915559432933
31393,15.58915559432933
31394,15.58915559432933
31395,15.58915559432933
31396,15.58915559432933
31397,15.58915559432933
31398,15.58915559432933
31399,15.58915559432933
31400,15.58915559432933
31401,15.58915559432933
31402,15.58915559432933
31403,15.58915559432933
31404,15.58915559432933
31405,15.58915559432933
31406,15.58915559432933
31407,15.58915559432933
31408,15.58915559432933
31409,15.58915559432933
31410,15.58915559432933
31411,15.58915559432933
31412,15.58915559432933
31413,15.58915559432933
31414,15.58915559432933
31415,15.58915559432933
31416,15.58915559432933
31417,15.58915559432933
31418,15.58915559432933
31419,15.58915559432933
31420,15.58915559432933
31421,15.58915559432933
31422,15.58915559432933
31423,15.58915559432933
31424,15.58915559432933
31425,15.58915559432933
31426,15.58915559432933
31427,15.58915559432933
31428,15.58915559432933
31429,15.58915559432933
31430,15.58915559432933
31431,15.58915559432933
31432,15.58915559432933
31433,15.58915559432933
31434,15.58915559432933
31435,15.58915559432933
31436,15.58915559432933
31437,15.58915559432933
31438,15.58915559432933
31439,15.58915559432933
31440,15.58915559432933
31441,15.58915559432933
31442,15.58915559432933
31443,15.58915559432933
31444,15.58915559432933
31445,15.58915559432933
31446,15.58915559432933
31447,15.58915559432933
31448,15.58915559432933
31449,15.58915559432933
31450,15.58915559432933
31451,15.58915559432933
31452,15.58915559432933
31453,15.58915559432933
31454,15.58915559432933
31455,15.58915559432933
31456,15.58915559432933
31457,15.58915559432933
31458,15.58915559432933
31459,15.58915559432933
31460,15.58915559432933
31461,15.58915559432933
31462,15.58915559432933
31463,15.58915559432933
31464,15.58915559432933
31465,15.58915559432933
31466,15.58915559432933
31467,15.58915559432933
31468,15.58915559432933
31469,15.58915559432933
31470,15.58915559432933
31471,15.58915559432933
31472,15.58915559432933
31473,15.58915559432933
31474,15.58915559432933
31475,15.58915559432933
31476,15.58915559432933
31477,15.58915559432933
31478,15.58915559432933
31479,15.58915559432933
31480,15.58915559432933
31481,15.58915559432933
31482,15.58915559432933
31483,15.58915559432933
31484,15.58915559432933
31485,15.58915559432933
31486,15.58915559432933
31487,15.58915559432933
31488,15.58915559432933
31489,15.58915559432933
31490,15.58915559432933
31491,15.58915559432933
31492,15.58915559432933
31493,15.58915559432933
31494,15.58915559432933
31495,15.58915559432933
31496,15.58915559432933
31497,15.58915559432933
31498,15.58915559432933
31499,15.58915559432933
31500,15.58915559432933
31501,15.58915559432933
31502,15.58915559432933
31503,15.58915559432933
31504,15.58915559432933
31505,15.58915559432933
31506,15.58915559432933
31507,15.58915559432933
31508,15.58915559432933
31509,15.58915559432933
31510,15.58915559432933
31511,15.58915559432933
31512,15.58915559432933
31513,15.58915559432933
31514,15.58915559432933
31515,15.58915559432933
31516,15.58915559432933
31517,15.58915559432933
31518,15.58915559432933
31519,15.58915559432933
31520,15.58915559432933
31521,15.58915559432933
31522,15.58915559432933
31523,15.58915559432933
31524,15.58915559432933
31525,15.58915559432933
31526,15.58915559432933
31527,15.58915559432933
31528,15.58915559432933
31529,15.58915559432933
31530,15.58915559432933
31531,15.58915559432933
31532,15.58915559432933
31533,15.58915559432933
31534,15.58915559432933
31535,15.58915559432933
31536,15.58915559432933
31537,15.58915559432933
31538,15.58915559432933
31539,15.58915559432933
31540,15.58915559432933
31541,15.58915559432933
31542,15.58915559432933
31543,15.58915559432933
31544,15.58915559432933
31545,15.58915559432933
31546,15.58915559432933
31547,15.58915559432933
31548,15.58915559432933
31549,15.58915559432933
31550,15.58915559432933
31551,15.58915559432933
31552,15.58915559432933
31553,15.58915559432933
31554,15.58915559432933
31555,15.58915559432933
31556,15.58915559432933
31557,15.58915559432933
31558,15.58915559432933
31559,15.58915559432933
31560,15.58915559432933
31561,15.58915559432933
31562,15.58915559432933
31563,15.58915559432933
31564,15.58915559432933
31565,15.58915559432933
31566,15.58915559432933
31567,15.58915559432933
31568,15.58915559432933
31569,15.58915559432933
31570,15.58915559432933
31571,15.58915559432933
31572,15.58915559432933
31573,15.58915559432933
31574,15.58915559432933
31575,15.58915559432933
31576,15.58915559432933
31577,15.58915559432933
31578,15.58915559432933
31579,15.58915559432933
31580,15.58915559432933
31581,15.58915559432933
31582,15.58915559432933
31583,15.58915559432933
31584,15.58915559432933
31585,15.58915559432933
31586,15.58915559432933
31587,15.58915559432933
31588,15.58915559432933
31589,15.58915559432933
31590,15.58915559432933
31591,15.58915559432933
31592,15.58915559432933
31593,15.58915559432933
31594,15.58915559432933
31595,15.58915559432933
31596,15.58915559432933
31597,15.58915559432933
31598,15.58915559432933
31599,15.58915559432933
31600,15.58915559432933
31601,15.58915559432933
31602,15.58915559432933
31603,15.58915559432933
31604,15.58915559432933
31605,15.58915559432933
31606,15.58915559432933
31607,15.58915559432933
31608,15.58915559432933
31609,15.58915559432933
31610,15.58915559432933
31611,15.58915559432933
31612,15.58915559432933
31613,15.58915559432933
31614,15.58915559432933
31615,15.58915559432933
31616,15.58915559432933
31617,15.58915559432933
31618,15.58915559432933
31619,15.58915559432933
31620,15.58915559432933
31621,15.58915559432933
31622,15.58915559432933
31623,15.58915559432933
31624,15.58915559432933
31625,15.58915559432933
31626,15.58915559432933
31627,15.58915559432933
31628,15.58915559432933
31629,15.58915559432933
31630,15.58915559432933
31631,15.58915559432933
31632,15.58915559432933
31633,15.58915559432933
31634,15.58915559432933
31635,15.58915559432933
31636,15.58915559432933
31637,15.58915559432933
31638,15.58915559432933
31639,15.58915559432933
31640,15.58915559432933
31641,15.58915559432933
31642,15.58915559432933
31643,15.58915559432933
31644,15.58915559432933
31645,15.58915559432933
31646,15.58915559432933
31647,15.58915559432933
31648,15.58915559432933
31649,15.58915559432933
31650,15.58915559432933
31651,15.58915559432933
31652,15.58915559432933
31653,15.58915559432933
31654,15.58915559432933
31655,15.58915559432933
31656,15.58915559432933
31657,15.58915559432933
31658,15.58915559432933
31659,15.58915559432933
31660,15.58915559432933
31661,15.58915559432933
31662,15.58915559432933
31663,15.58915559432933
31664,15.58915559432933
31665,15.58915559432933
31666,15.58915559432933
31667,15.58915559432933
31668,15.58915559432933
31669,15.58915559432933
31670,15.58915559432933
31671,15.58915559432933
31672,15.58915559432933
31673,15.58915559432933
31674,15.58915559432933
31675,15.58915559432933
31676,15.58915559432933
31677,15.58915559432933
31678,15.58915559432933
31679,15.58915559432933
31680,15.58915559432933
31681,15.58915559432933
31682,15.58915559432933
31683,15.58915559432933
31684,15.58915559432933
31685,15.58915559432933
31686,15.58915559432933
31687,15.58915559432933
31688,15.58915559432933
31689,15.58915559432933
31690,15.58915559432933
31691,15.58915559432933
31692,15.58915559432933
31693,15.58915559432933
31694,15.58915559432933
31695,15.58915559432933
31696,15.58915559432933
31697,15.58915559432933
31698,15.58915559432933
31699,15.58915559432933
31700,15.58915559432933
31701,15.58915559432933
31702,15.58915559432933
31703,15.58915559432933
31704,15.58915559432933
31705,15.58915559432933
31706,15.58915559432933
31707,15.58915559432933
31708,15.58915559432933
31709,15.58915559432933
31710,15.58915559432933
31711,15.58915559432933
31712,15.58915559432933
31713,15.58915559432933
31714,15.58915559432933
31715,15.58915559432933
31716,15.58915559432933
31717,15.58915559432933
31718,15.58915559432933
31719,15.58915559432933
31720,15.58915559432933
31721,15.58915559432933
31722,15.58915559432933
31723,15.58915559432933
31724,15.58915559432933
31725,15.58915559432933
31726,15.58915559432933
31727,15.58915559432933
31728,15.58915559432933
31729,15.58915559432933
31730,15.58915559432933
31731,15.58915559432933
31732,15.58915559432933
31733,15.58915559432933
31734,15.58915559432933
31735,15.58915559432933
31736,15.58915559432933
31737,15.58915559432933
31738,15.58915559432933
31739,15.58915559432933
31740,15.58915559432933
31741,15.58915559432933
31742,15.58915559432933
31743,15.58915559432933
31744,15.58915559432933
31745,15.58915559432933
31746,15.58915559432933
31747,15.58915559432933
31748,15.58915559432933
31749,15.58915559432933
31750,15.58915559432933
31751,15.58915559432933
31752,15.58915559432933
31753,15.58915559432933
31754,15.58915559432933
31755,15.58915559432933
31756,15.58915559432933
31757,15.58915559432933
31758,15.58915559432933
31759,15.58915559432933
31760,15.58915559432933
31761,15.58915559432933
31762,15.58915559432933
31763,15.58915559432933
31764,15.58915559432933
31765,15.58915559432933
31766,15.58915559432933
31767,15.58915559432933
31768,15.58915559432933
31769,15.58915559432933
31770,15.58915559432933
31771,15.58915559432933
31772,15.58915559432933
31773,15.58915559432933
31774,15.58915559432933
31775,15.58915559432933
31776,15.58915559432933
31777,15.58915559432933
31778,15.58915559432933
31779,15.58915559432933
31780,15.58915559432933
31781,15.58915559432933
31782,15.58915559432933
31783,15.58915559432933
31784,15.58915559432933
31785,15.58915559432933
31786,15.58915559432933
31787,15.58915559432933
31788,15.58915559432933
31789,15.58915559432933
31790,15.58915559432933
31791,15.58915559432933
31792,15.58915559432933
31793,15.58915559432933
31794,15.58915559432933
31795,15.58915559432933
31796,15.58915559432933
31797,15.58915559432933
31798,15.58915559432933
31799,15.58915559432933
31800,15.58915559432933
31801,15.58915559432933
31802,15.58915559432933
31803,15.58915559432933
31804,15.58915559432933
31805,15.58915559432933
31806,15.58915559432933
31807,15.58915559432933
31808,15.58915559432933
31809,15.58915559432933
31810,15.58915559432933
31811,15.58915559432933
31812,15.58915559432933
31813,15.58915559432933
31814,15.58915559432933
31815,15.58915559432933
31816,15.58915559432933
31817,15.58915559432933
31818,15.58915559432933
31819,15.58915559432933
31820,15.58915559432933
31821,15.58915559432933
31822,15.58915559432933
31823,15.58915559432933
31824,15.58915559432933
31825,15.58915559432933
31826,15.58915559432933
31827,15.58915559432933
31828,15.58915559432933
31829,15.58915559432933
31830,15.58915559432933
31831,15.58915559432933
31832,15.58915559432933
31833,15.58915559432933
31834,15.58915559432933
31835,15.58915559432933
31836,15.58915559432933
31837,15.58915559432933
31838,15.58915559432933
31839,15.58915559432933
31840,15.58915559432933
31841,15.58915559432933
31842,15.58915559432933
31843,15.58915559432933
31844,15.58915559432933
31845,15.58915559432933
31846,15.58915559432933
31847,15.58915559432933
31848,15.58915559432933
31849,15.58915559432933
31850,15.58915559432933
31851,15.58915559432933
31852,15.58915559432933
31853,15.58915559432933
31854,15.58915559432933
31855,15.58915559432933
31856,15.58915559432933
31857,15.58915559432933
31858,15.58915559432933
31859,15.58915559432933
31860,15.58915559432933
31861,15.58915559432933
31862,15.58915559432933
31863,15.58915559432933
31864,15.58915559432933
31865,15.58915559432933
31866,15.58915559432933
31867,15.58915559432933
31868,15.58915559432933
31869,15.58915559432933
31870,15.58915559432933
31871,15.58915559432933
31872,15.58915559432933
31873,15.58915559432933
31874,15.58915559432933
31875,15.58915559432933
31876,15.58915559432933
31877,15.58915559432933
31878,15.58915559432933
31879,15.58915559432933
31880,15.58915559432933
31881,15.58915559432933
31882,15.58915559432933
31883,15.58915559432933
31884,15.58915559432933
31885,15.58915559432933
31886,15.58915559432933
31887,15.58915559432933
31888,15.58915559432933
31889,15.58915559432933
31890,15.58915559432933
31891,15.58915559432933
31892,15.58915559432933
31893,15.58915559432933
31894,15.58915559432933
31895,15.58915559432933
31896,15.58915559432933
31897,15.58915559432933
31898,15.58915559432933
31899,15.58915559432933
31900,15.58915559432933
31901,15.58915559432933
31902,15.58915559432933
31903,15.58915559432933
31904,15.58915559432933
31905,15.58915559432933
31906,15.58915559432933
31907,15.58915559432933
31908,15.58915559432933
31909,15.58915559432933
31910,15.58915559432933
31911,15.58915559432933
31912,15.58915559432933
31913,15.58915559432933
31914,15.58915559432933
31915,15.58915559432933
31916,15.58915559432933
31917,15.58915559432933
31918,15.58915559432933
31919,15.58915559432933
31920,15.58915559432933
31921,15.58915559432933
31922,15.58915559432933
31923,15.58915559432933
31924,15.58915559432933
31925,15.58915559432933
31926,15.58915559432933
31927,15.58915559432933
31928,15.58915559432933
31929,15.58915559432933
31930,15.58915559432933
31931,15.58915559432933
31932,15.58915559432933
31933,15.58915559432933
31934,15.58915559432933
31935,15.58915559432933
31936,15.58915559432933
31937,15.58915559432933
31938,15.58915559432933
31939,15.58915559432933
31940,15.58915559432933
31941,15.58915559432933
31942,15.58915559432933
31943,15.58915559432933
31944,15.58915559432933
31945,15.58915559432933
31946,15.58915559432933
31947,15.58915559432933
31948,15.58915559432933
31949,15.58915559432933
31950,15.58915559432933
31951,15.58915559432933
31952,15.58915559432933
31953,15.58915559432933
31954,15.58915559432933
31955,15.58915559432933
31956,15.58915559432933
31957,15.58915559432933
31958,15.58915559432933
31959,15.58915559432933
31960,15.58915559432933
31961,15.58915559432933
31962,15.58915559432933
31963,15.58915559432933
31964,15.58915559432933
31965,15.58915559432933
31966,15.58915559432933
31967,15.58915559432933
31968,15.58915559432933
31969,15.58915559432933
31970,15.58915559432933
31971,15.58915559432933
31972,15.58915559432933
31973,15.58915559432933
31974,15.58915559432933
31975,15.58915559432933
31976,15.58915559432933
31977,15.58915559432933
31978,15.58915559432933
31979,15.58915559432933
31980,15.58915559432933
31981,15.58915559432933
31982,15.58915559432933
31983,15.58915559432933
31984,15.58915559432933
31985,15.58915559432933
31986,15.58915559432933
31987,15.58915559432933
31988,15.58915559432933
31989,15.58915559432933
31990,15.58915559432933
31991,15.58915559432933
31992,15.58915559432933
31993,15.58915559432933
31994,15.58915559432933
31995,15.58915559432933
31996,15.58915559432933
31997,15.58915559432933
31998,15.58915559432933
31999,15.58915559432933
32000,15.58915559432933
32001,15.58915559432933
32002,15.58915559432933
32003,15.58915559432933
32004,15.58915559432933
32005,15.58915559432933
32006,15.58915559432933
32007,15.58915559432933
32008,15.58915559432933
32009,15.58915559432933
32010,15.58915559432933
32011,15.58915559432933
32012,15.58915559432933
32013,15.58915559432933
32014,15.58915559432933
32015,15.58915559432933
32016,15.58915559432933
32017,15.58915559432933
32018,15.58915559432933
32019,15.58915559432933
32020,15.58915559432933
32021,15.58915559432933
32022,15.58915559432933
32023,15.58915559432933
32024,15.58915559432933
32025,15.58915559432933
32026,15.58915559432933
32027,15.58915559432933
32028,15.58915559432933
32029,15.58915559432933
32030,15.58915559432933
32031,15.58915559432933
32032,15.58915559432933
32033,15.58915559432933
32034,15.58915559432933
32035,15.58915559432933
32036,15.58915559432933
32037,15.58915559432933
32038,15.58915559432933
32039,15.58915559432933
32040,15.58915559432933
32041,15.58915559432933
32042,15.58915559432933
32043,15.58915559432933
32044,15.58915559432933
32045,15.58915559432933
32046,15.58915559432933
32047,15.58915559432933
32048,15.58915559432933
32049,15.58915559432933
32050,15.58915559432933
32051,15.58915559432933
32052,15.58915559432933
32053,15.58915559432933
32054,15.58915559432933
32055,15.58915559432933
32056,15.58915559432933
32057,15.58915559432933
32058,15.58915559432933
32059,15.58915559432933
32060,15.58915559432933
32061,15.58915559432933
32062,15.58915559432933
32063,15.58915559432933
32064,15.58915559432933
32065,15.58915559432933
32066,15.58915559432933
32067,15.58915559432933
32068,15.58915559432933
32069,15.58915559432933
32070,15.58915559432933
32071,15.58915559432933
32072,15.58915559432933
32073,15.58915559432933
32074,15.58915559432933
32075,15.58915559432933
32076,15.58915559432933
32077,15.58915559432933
32078,15.58915559432933
32079,15.58915559432933
32080,15.58915559432933
32081,15.58915559432933
32082,15.58915559432933
32083,15.58915559432933
32084,15.58915559432933
32085,15.58915559432933
32086,15.58915559432933
32087,15.58915559432933
32088,15.58915559432933
32089,15.58915559432933
32090,15.58915559432933
32091,15.58915559432933
32092,15.58915559432933
32093,15.58915559432933
32094,15.58915559432933
32095,15.58915559432933
32096,15.58915559432933
32097,15.58915559432933
32098,15.58915559432933
32099,15.58915559432933
32100,15.58915559432933
32101,15.58915559432933
32102,15.58915559432933
32103,15.58915559432933
32104,15.58915559432933
32105,15.58915559432933
32106,15.58915559432933
32107,15.58915559432933
32108,15.58915559432933
32109,15.58915559432933
32110,15.58915559432933
32111,15.58915559432933
32112,15.58915559432933
32113,15.58915559432933
32114,15.58915559432933
32115,15.58915559432933
32116,15.58915559432933
32117,15.58915559432933
32118,15.58915559432933
32119,15.58915559432933
32120,15.58915559432933
32121,15.58915559432933
32122,15.58915559432933
32123,15.58915559432933
32124,15.58915559432933
32125,15.58915559432933
32126,15.58915559432933
32127,15.58915559432933
32128,15.58915559432933
32129,15.58915559432933
32130,15.58915559432933
32131,15.58915559432933
32132,15.58915559432933
32133,15.58915559432933
32134,15.58915559432933
32135,15.58915559432933
32136,15.58915559432933
32137,15.58915559432933
32138,15.58915559432933
32139,15.58915559432933
32140,15.58915559432933
32141,15.58915559432933
32142,15.58915559432933
32143,15.58915559432933
32144,15.58915559432933
32145,15.58915559432933
32146,15.58915559432933
32147,15.58915559432933
32148,15.58915559432933
32149,15.58915559432933
32150,15.58915559432933
32151,15.58915559432933
32152,15.58915559432933
32153,15.58915559432933
32154,15.58915559432933
32155,15.58915559432933
32156,15.58915559432933
32157,15.58915559432933
32158,15.58915559432933
32159,15.58915559432933
32160,15.58915559432933
32161,15.58915559432933
32162,15.58915559432933
32163,15.58915559432933
32164,15.58915559432933
32165,15.58915559432933
32166,15.58915559432933
32167,15.58915559432933
32168,15.58915559432933
32169,15.58915559432933
32170,15.58915559432933
32171,15.58915559432933
32172,15.58915559432933
32173,15.58915559432933
32174,15.58915559432933
32175,15.58915559432933
32176,15.58915559432933
32177,15.58915559432933
32178,15.58915559432933
32179,15.58915559432933
32180,15.58915559432933
32181,15.58915559432933
32182,15.58915559432933
32183,15.58915559432933
32184,15.58915559432933
32185,15.58915559432933
32186,15.58915559432933
32187,15.58915559432933
32188,15.58915559432933
32189,15.58915559432933
32190,15.58915559432933
32191,15.58915559432933
32192,15.58915559432933
32193,15.58915559432933
32194,15.58915559432933
32195,15.58915559432933
32196,15.58915559432933
32197,15.58915559432933
32198,15.58915559432933
32199,15.58915559432933
32200,15.58915559432933
32201,15.58915559432933
32202,15.58915559432933
32203,15.58915559432933
32204,15.58915559432933
32205,15.58915559432933
32206,15.58915559432933
32207,15.58915559432933
32208,15.58915559432933
32209,15.58915559432933
32210,15.58915559432933
32211,15.58915559432933
32212,15.58915559432933
32213,15.58915559432933
32214,15.58915559432933
32215,15.58915559432933
32216,15.58915559432933
32217,15.58915559432933
32218,15.58915559432933
32219,15.58915559432933
32220,15.58915559432933
32221,15.58915559432933
32222,15.58915559432933
32223,15.58915559432933
32224,15.58915559432933
32225,15.58915559432933
32226,15.58915559432933
32227,15.58915559432933
32228,15.58915559432933
32229,15.58915559432933
32230,15.58915559432933
32231,15.58915559432933
32232,15.58915559432933
32233,15.58915559432933
32234,15.58915559432933
32235,15.58915559432933
32236,15.58915559432933
32237,15.58915559432933
32238,15.58915559432933
32239,15.58915559432933
32240,15.58915559432933
32241,15.58915559432933
32242,15.58915559432933
32243,15.58915559432933
32244,15.58915559432933
32245,15.58915559432933
32246,15.58915559432933
32247,15.58915559432933
32248,15.58915559432933
32249,15.58915559432933
32250,15.58915559432933
32251,15.58915559432933
32252,15.58915559432933
32253,15.58915559432933
32254,15.58915559432933
32255,15.58915559432933
32256,15.58915559432933
32257,15.58915559432933
32258,15.58915559432933
32259,15.58915559432933
32260,15.58915559432933
32261,15.58915559432933
32262,15.58915559432933
32263,15.58915559432933
32264,15.58915559432933
32265,15.58915559432933
32266,15.58915559432933
32267,15.58915559432933
32268,15.58915559432933
32269,15.58915559432933
32270,15.58915559432933
32271,15.58915559432933
32272,15.58915559432933
32273,15.58915559432933
32274,15.58915559432933
32275,15.58915559432933
32276,15.58915559432933
32277,15.58915559432933
32278,15.58915559432933
32279,15.58915559432933
32280,15.58915559432933
32281,15.58915559432933
32282,15.58915559432933
32283,15.58915559432933
32284,15.58915559432933
32285,15.58915559432933
32286,15.58915559432933
32287,15.58915559432933
32288,15.58915559432933
32289,15.58915559432933
32290,15.58915559432933
32291,15.58915559432933
32292,15.58915559432933
32293,15.58915559432933
32294,15.58915559432933
32295,15.58915559432933
32296,15.58915559432933
32297,15.58915559432933
32298,15.58915559432933
32299,15.58915559432933
32300,15.58915559432933
32301,15.58915559432933
32302,15.58915559432933
32303,15.58915559432933
32304,15.58915559432933
32305,15.58915559432933
32306,15.58915559432933
32307,15.58915559432933
32308,15.58915559432933
32309,15.58915559432933
32310,15.58915559432933
32311,15.58915559432933
32312,15.58915559432933
32313,15.58915559432933
32314,15.58915559432933
32315,15.58915559432933
32316,15.58915559432933
32317,15.58915559432933
32318,15.58915559432933
32319,15.58915559432933
32320,15.58915559432933
32321,15.58915559432933
32322,15.58915559432933
32323,15.58915559432933
32324,15.58915559432933
32325,15.58915559432933
32326,15.58915559432933
32327,15.58915559432933
32328,15.58915559432933
32329,15.58915559432933
32330,15.58915559432933
32331,15.58915559432933
32332,15.58915559432933
32333,15.58915559432933
32334,15.58915559432933
32335,15.58915559432933
32336,15.58915559432933
32337,15.58915559432933
32338,15.58915559432933
32339,15.58915559432933
32340,15.58915559432933
32341,15.58915559432933
32342,15.58915559432933
32343,15.58915559432933
32344,15.58915559432933
32345,15.58915559432933
32346,15.58915559432933
32347,15.58915559432933
32348,15.58915559432933
32349,15.58915559432933
32350,15.58915559432933
32351,15.58915559432933
32352,15.58915559432933
32353,15.58915559432933
32354,15.58915559432933
32355,15.58915559432933
32356,15.58915559432933
32357,15.58915559432933
32358,15.58915559432933
32359,15.58915559432933
32360,15.58915559432933
32361,15.58915559432933
32362,15.58915559432933
32363,15.58915559432933
32364,15.58915559432933
32365,15.58915559432933
32366,15.58915559432933
32367,15.58915559432933
32368,15.58915559432933
32369,15.58915559432933
32370,15.58915559432933
32371,15.58915559432933
32372,15.58915559432933
32373,15.58915559432933
32374,15.58915559432933
32375,15.58915559432933
32376,15.58915559432933
32377,15.58915559432933
32378,15.58915559432933
32379,15.58915559432933
32380,15.58915559432933
32381,15.58915559432933
32382,15.58915559432933
32383,15.58915559432933
32384,15.58915559432933
32385,15.58915559432933
32386,15.58915559432933
32387,15.58915559432933
32388,15.58915559432933
32389,15.58915559432933
32390,15.58915559432933
32391,15.58915559432933
32392,15.58915559432933
32393,15.58915559432933
32394,15.58915559432933
32395,15.58915559432933
32396,15.58915559432933
32397,15.58915559432933
32398,15.58915559432933
32399,15.58915559432933
32400,15.58915559432933
32401,15.58915559432933
32402,15.58915559432933
32403,15.58915559432933
32404,15.58915559432933
32405,15.58915559432933
32406,15.58915559432933
32407,15.58915559432933
32408,15.58915559432933
32409,15.58915559432933
32410,15.58915559432933
32411,15.58915559432933
32412,15.58915559432933
32413,15.58915559432933
32414,15.58915559432933
32415,15.58915559432933
32416,15.58915559432933
32417,15.58915559432933
32418,15.58915559432933
32419,15.58915559432933
32420,15.58915559432933
32421,15.58915559432933
32422,15.58915559432933
32423,15.58915559432933
32424,15.58915559432933
32425,15.58915559432933
32426,15.58915559432933
32427,15.58915559432933
32428,15.58915559432933
32429,15.58915559432933
32430,15.58915559432933
32431,15.58915559432933
32432,15.58915559432933
32433,15.58915559432933
32434,15.58915559432933
32435,15.58915559432933
32436,15.58915559432933
32437,15.58915559432933
32438,15.58915559432933
32439,15.58915559432933
32440,15.58915559432933
32441,15.58915559432933
32442,15.58915559432933
32443,15.58915559432933
32444,15.58915559432933
32445,15.58915559432933
32446,15.58915559432933
32447,15.58915559432933
32448,15.58915559432933
32449,15.58915559432933
32450,15.58915559432933
32451,15.58915559432933
32452,15.58915559432933
32453,15.58915559432933
32454,15.58915559432933
32455,15.58915559432933
32456,15.58915559432933
32457,15.58915559432933
32458,15.58915559432933
32459,15.58915559432933
32460,15.58915559432933
32461,15.58915559432933
32462,15.58915559432933
32463,15.58915559432933
32464,15.58915559432933
32465,15.58915559432933
32466,15.58915559432933
32467,15.58915559432933
32468,15.58915559432933
32469,15.58915559432933
32470,15.58915559432933
32471,15.58915559432933
32472,15.58915559432933
32473,15.58915559432933
32474,15.58915559432933
32475,15.58915559432933
32476,15.58915559432933
32477,15.58915559432933
32478,15.58915559432933
32479,15.58915559432933
32480,15.58915559432933
32481,15.58915559432933
32482,15.58915559432933
32483,15.58915559432933
32484,15.58915559432933
32485,15.58915559432933
32486,15.58915559432933
32487,15.58915559432933
32488,15.58915559432933
32489,15.58915559432933
32490,15.58915559432933
32491,15.58915559432933
32492,15.58915559432933
32493,15.58915559432933
32494,15.58915559432933
32495,15.58915559432933
32496,15.58915559432933
32497,15.58915559432933
32498,15.58915559432933
32499,15.58915559432933
32500,15.58915559432933
32501,15.58915559432933
32502,15.58915559432933
32503,15.58915559432933
32504,15.58915559432933
32505,15.58915559432933
32506,15.58915559432933
32507,15.58915559432933
32508,15.58915559432933
32509,15.58915559432933
32510,15.58915559432933
32511,15.58915559432933
32512,15.58915559432933
32513,15.58915559432933
32514,15.58915559432933
32515,15.58915559432933
32516,15.58915559432933
32517,15.58915559432933
32518,15.58915559432933
32519,15.58915559432933
32520,15.58915559432933
32521,15.58915559432933
32522,15.58915559432933
32523,15.58915559432933
32524,15.58915559432933
32525,15.58915559432933
32526,15.58915559432933
32527,15.58915559432933
32528,15.58915559432933
32529,15.58915559432933
32530,15.58915559432933
32531,15.58915559432933
32532,15.58915559432933
32533,15.58915559432933
32534,15.58915559432933
32535,15.58915559432933
32536,15.58915559432933
32537,15.58915559432933
32538,15.58915559432933
32539,15.58915559432933
32540,15.58915559432933
32541,15.58915559432933
32542,15.58915559432933
32543,15.58915559432933
32544,15.58915559432933
32545,15.58915559432933
32546,15.58915559432933
32547,15.58915559432933
32548,15.58915559432933
32549,15.58915559432933
32550,15.58915559432933
32551,15.58915559432933
32552,15.58915559432933
32553,15.58915559432933
32554,15.58915559432933
32555,15.58915559432933
32556,15.58915559432933
32557,15.58915559432933
32558,15.58915559432933
32559,15.58915559432933
32560,15.58915559432933
32561,15.58915559432933
32562,15.58915559432933
32563,15.58915559432933
32564,15.58915559432933
32565,15.58915559432933
32566,15.58915559432933
32567,15.58915559432933
32568,15.58915559432933
32569,15.58915559432933
32570,15.58915559432933
32571,15.58915559432933
32572,15.58915559432933
32573,15.58915559432933
32574,15.58915559432933
32575,15.58915559432933
32576,15.58915559432933
32577,15.58915559432933
32578,15.58915559432933
32579,15.58915559432933
32580,15.58915559432933
32581,15.58915559432933
32582,15.58915559432933
32583,15.58915559432933
32584,15.58915559432933
32585,15.58915559432933
32586,15.58915559432933
32587,15.58915559432933
32588,15.58915559432933
32589,15.58915559432933
32590,15.58915559432933
32591,15.58915559432933
32592,15.58915559432933
32593,15.58915559432933
32594,15.58915559432933
32595,15.58915559432933
32596,15.58915559432933
32597,15.58915559432933
32598,15.58915559432933
32599,15.58915559432933
32600,15.58915559432933
32601,15.58915559432933
32602,15.58915559432933
32603,15.58915559432933
32604,15.58915559432933
32605,15.58915559432933
32606,15.58915559432933
32607,15.58915559432933
32608,15.58915559432933
32609,15.58915559432933
32610,15.58915559432933
32611,15.58915559432933
32612,15.58915559432933
32613,15.58915559432933
32614,15.58915559432933
32615,15.58915559432933
32616,15.58915559432933
32617,15.58915559432933
32618,15.58915559432933
32619,15.58915559432933
32620,15.58915559432933
32621,15.58915559432933
32622,15.58915559432933
32623,15.58915559432933
32624,15.58915559432933
32625,15.58915559432933
32626,15.58915559432933
32627,15.58915559432933
32628,15.58915559432933
32629,15.58915559432933
32630,15.58915559432933
32631,15.58915559432933
32632,15.58915559432933
32633,15.58915559432933
32634,15.58915559432933
32635,15.58915559432933
32636,15.58915559432933
32637,15.58915559432933
32638,15.58915559432933
32639,15.58915559432933
32640,15.58915559432933
32641,15.58915559432933
32642,15.58915559432933
32643,15.58915559432933
32644,15.58915559432933
32645,15.58915559432933
32646,15.58915559432933
32647,15.58915559432933
32648,15.58915559432933
32649,15.58915559432933
32650,15.58915559432933
32651,15.58915559432933
32652,15.58915559432933
32653,15.58915559432933
32654,15.58915559432933
32655,15.58915559432933
32656,15.58915559432933
32657,15.58915559432933
32658,15.58915559432933
32659,15.58915559432933
32660,15.58915559432933
32661,15.58915559432933
32662,15.58915559432933
32663,15.58915559432933
32664,15.58915559432933
32665,15.58915559432933
32666,15.58915559432933
32667,15.58915559432933
32668,15.58915559432933
32669,15.58915559432933
32670,15.58915559432933
32671,15.58915559432933
32672,15.58915559432933
32673,15.58915559432933
32674,15.58915559432933
32675,15.58915559432933
32676,15.58915559432933
32677,15.58915559432933
32678,15.58915559432933
32679,15.58915559432933
32680,15.58915559432933
32681,15.58915559432933
32682,15.58915559432933
32683,15.58915559432933
32684,15.58915559432933
32685,15.58915559432933
32686,15.58915559432933
32687,15.58915559432933
32688,15.58915559432933
32689,15.58915559432933
32690,15.58915559432933
32691,15.58915559432933
32692,15.58915559432933
32693,15.58915559432933
32694,15.58915559432933
32695,15.58915559432933
32696,15.58915559432933
32697,15.58915559432933
32698,15.58915559432933
32699,15.58915559432933
32700,15.58915559432933
32701,15.58915559432933
32702,15.58915559432933
32703,15.58915559432933
32704,15.58915559432933
32705,15.58915559432933
32706,15.58915559432933
32707,15.58915559432933
32708,15.58915559432933
32709,15.58915559432933
32710,15.58915559432933
32711,15.58915559432933
32712,15.58915559432933
32713,15.58915559432933
32714,15.58915559432933
32715,15.58915559432933
32716,15.58915559432933
32717,15.58915559432933
32718,15.58915559432933
32719,15.58915559432933
32720,15.58915559432933
32721,15.58915559432933
32722,15.58915559432933
32723,15.58915559432933
32724,15.58915559432933
32725,15.58915559432933
32726,15.58915559432933
32727,15.58915559432933
32728,15.58915559432933
32729,15.58915559432933
32730,15.58915559432933
32731,15.58915559432933
32732,15.58915559432933
32733,15.58915559432933
32734,15.58915559432933
32735,15.58915559432933
32736,15.58915559432933
32737,15.58915559432933
32738,15.58915559432933
32739,15.58915559432933
32740,15.58915559432933
32741,15.58915559432933
32742,15.58915559432933
32743,15.58915559432933
32744,15.58915559432933
32745,15.58915559432933
32746,15.58915559432933
32747,15.58915559432933
32748,15.58915559432933
32749,15.58915559432933
32750,15.58915559432933
32751,15.58915559432933
32752,15.58915559432933
32753,15.58915559432933
32754,15.58915559432933
32755,15.58915559432933
32756,15.58915559432933
32757,15.58915559432933
32758,15.58915559432933
32759,15.58915559432933
32760,15.58915559432933
32761,15.58915559432933
32762,15.58915559432933
32763,15.58915559432933
32764,15.58915559432933
32765,15.58915559432933
32766,15.58915559432933
32767,15.58915559432933
32768,15.58915559432933
32769,15.58915559432933
32770,15.58915559432933
32771,15.58915559432933
32772,15.58915559432933
32773,15.58915559432933
32774,15.58915559432933
32775,15.58915559432933
32776,15.58915559432933
32777,15.58915559432933
32778,15.58915559432933
32779,15.58915559432933
32780,15.58915559432933
32781,15.58915559432933
32782,15.58915559432933
32783,15.58915559432933
32784,15.58915559432933
32785,15.58915559432933
32786,15.58915559432933
32787,15.58915559432933
32788,15.58915559432933
32789,15.58915559432933
32790,15.58915559432933
32791,15.58915559432933
32792,15.58915559432933
32793,15.58915559432933
32794,15.58915559432933
32795,15.58915559432933
32796,15.58915559432933
32797,15.58915559432933
32798,15.58915559432933
32799,15.58915559432933
32800,15.58915559432933
32801,15.58915559432933
32802,15.58915559432933
32803,15.58915559432933
32804,15.58915559432933
32805,15.58915559432933
32806,15.58915559432933
32807,15.58915559432933
32808,15.58915559432933
32809,15.58915559432933
32810,15.58915559432933
32811,15.58915559432933
32812,15.58915559432933
32813,15.58915559432933
32814,15.58915559432933
32815,15.58915559432933
32816,15.58915559432933
32817,15.58915559432933
32818,15.58915559432933
32819,15.58915559432933
32820,15.58915559432933
32821,15.58915559432933
32822,15.58915559432933
32823,15.58915559432933
32824,15.58915559432933
32825,15.58915559432933
32826,15.58915559432933
32827,15.58915559432933
32828,15.58915559432933
32829,15.58915559432933
32830,15.58915559432933
32831,15.58915559432933
32832,15.58915559432933
32833,15.58915559432933
32834,15.58915559432933
32835,15.58915559432933
32836,15.58915559432933
32837,15.58915559432933
32838,15.58915559432933
32839,15.58915559432933
32840,15.58915559432933
32841,15.58915559432933
32842,15.58915559432933
32843,15.58915559432933
32844,15.58915559432933
32845,15.58915559432933
32846,15.58915559432933
32847,15.58915559432933
32848,15.58915559432933
32849,15.58915559432933
32850,15.58915559432933
32851,15.58915559432933
32852,15.58915559432933
32853,15.58915559432933
32854,15.58915559432933
32855,15.58915559432933
32856,15.58915559432933
32857,15.58915559432933
32858,15.58915559432933
32859,15.58915559432933
32860,15.58915559432933
32861,15.58915559432933
32862,15.58915559432933
32863,15.58915559432933
32864,15.58915559432933
32865,15.58915559432933
32866,15.58915559432933
32867,15.58915559432933
32868,15.58915559432933
32869,15.58915559432933
32870,15.58915559432933
32871,15.58915559432933
32872,15.58915559432933
32873,15.58915559432933
32874,15.58915559432933
32875,15.58915559432933
32876,15.58915559432933
32877,15.58915559432933
32878,15.58915559432933
32879,15.58915559432933
32880,15.58915559432933
32881,15.58915559432933
32882,15.58915559432933
32883,15.58915559432933
32884,15.58915559432933
32885,15.58915559432933
32886,15.58915559432933
32887,15.58915559432933
32888,15.58915559432933
32889,15.58915559432933
32890,15.58915559432933
32891,15.58915559432933
32892,15.58915559432933
32893,15.58915559432933
32894,15.58915559432933
32895,15.58915559432933
32896,15.58915559432933
32897,15.58915559432933
32898,15.58915559432933
32899,15.58915559432933
32900,15.58915559432933
32901,15.58915559432933
32902,15.58915559432933
32903,15.58915559432933
32904,15.58915559432933
32905,15.58915559432933
32906,15.58915559432933
32907,15.58915559432933
32908,15.58915559432933
32909,15.58915559432933
32910,15.58915559432933
32911,15.58915559432933
32912,15.58915559432933
32913,15.58915559432933
32914,15.58915559432933
32915,15.58915559432933
32916,15.58915559432933
32917,15.58915559432933
32918,15.58915559432933
32919,15.58915559432933
32920,15.58915559432933
32921,15.58915559432933
32922,15.58915559432933
32923,15.58915559432933
32924,15.58915559432933
32925,15.58915559432933
32926,15.58915559432933
32927,15.58915559432933
32928,15.58915559432933
32929,15.58915559432933
32930,15.58915559432933
32931,15.58915559432933
32932,15.58915559432933
32933,15.58915559432933
32934,15.58915559432933
32935,15.58915559432933
32936,15.58915559432933
32937,15.58915559432933
32938,15.58915559432933
32939,15.58915559432933
32940,15.58915559432933
32941,15.58915559432933
32942,15.58915559432933
32943,15.58915559432933
32944,15.58915559432933
32945,15.58915559432933
32946,15.58915559432933
32947,15.58915559432933
32948,15.58915559432933
32949,15.58915559432933
32950,15.58915559432933
32951,15.58915559432933
32952,15.58915559432933
32953,15.58915559432933
32954,15.58915559432933
32955,15.58915559432933
32956,15.58915559432933
32957,15.58915559432933
32958,15.58915559432933
32959,15.58915559432933
32960,15.58915559432933
32961,15.58915559432933
32962,15.58915559432933
32963,15.58915559432933
32964,15.58915559432933
32965,15.58915559432933
32966,15.58915559432933
32967,15.58915559432933
32968,15.58915559432933
32969,15.58915559432933
32970,15.58915559432933
32971,15.58915559432933
32972,15.58915559432933
32973,15.58915559432933
32974,15.58915559432933
32975,15.58915559432933
32976,15.58915559432933
32977,15.58915559432933
32978,15.58915559432933
32979,15.58915559432933
32980,15.58915559432933
32981,15.58915559432933
32982,15.58915559432933
32983,15.58915559432933
32984,15.58915559432933
32985,15.58915559432933
32986,15.58915559432933
32987,15.58915559432933
32988,15.58915559432933
32989,15.58915559432933
32990,15.58915559432933
32991,15.58915559432933
32992,15.58915559432933
32993,15.58915559432933
32994,15.58915559432933
32995,15.58915559432933
32996,15.58915559432933
32997,15.58915559432933
32998,15.58915559432933
32999,15.58915559432933
33000,15.58915559432933
33001,15.58915559432933
33002,15.58915559432933
33003,15.58915559432933
33004,15.58915559432933
33005,15.58915559432933
33006,15.58915559432933
33007,15.58915559432933
33008,15.58915559432933
33009,15.58915559432933
33010,15.58915559432933
33011,15.58915559432933
33012,15.58915559432933
33013,15.58915559432933
33014,15.58915559432933
33015,15.58915559432933
33016,15.58915559432933
33017,15.58915559432933
33018,15.58915559432933
33019,15.58915559432933
33020,15.58915559432933
33021,15.58915559432933
33022,15.58915559432933
33023,15.58915559432933
33024,15.58915559432933
33025,15.58915559432933
33026,15.58915559432933
33027,15.58915559432933
33028,15.58915559432933
33029,15.58915559432933
33030,15.58915559432933
33031,15.58915559432933
33032,15.58915559432933
33033,15.58915559432933
33034,15.58915559432933
33035,15.58915559432933
33036,15.58915559432933
33037,15.58915559432933
33038,15.58915559432933
33039,15.58915559432933
33040,15.58915559432933
33041,15.58915559432933
33042,15.58915559432933
33043,15.58915559432933
33044,15.58915559432933
33045,15.58915559432933
33046,15.58915559432933
33047,15.58915559432933
33048,15.58915559432933
33049,15.58915559432933
33050,15.58915559432933
33051,15.58915559432933
33052,15.58915559432933
33053,15.58915559432933
33054,15.58915559432933
33055,15.58915559432933
33056,15.58915559432933
33057,15.58915559432933
33058,15.58915559432933
33059,15.58915559432933
33060,15.58915559432933
33061,15.58915559432933
33062,15.58915559432933
33063,15.58915559432933
33064,15.58915559432933
33065,15.58915559432933
33066,15.58915559432933
33067,15.58915559432933
33068,15.58915559432933
33069,15.58915559432933
33070,15.58915559432933
33071,15.58915559432933
33072,15.58915559432933
33073,15.58915559432933
33074,15.58915559432933
33075,15.58915559432933
33076,15.58915559432933
33077,15.58915559432933
33078,15.58915559432933
33079,15.58915559432933
33080,15.58915559432933
33081,15.58915559432933
33082,15.58915559432933
33083,15.58915559432933
33084,15.58915559432933
33085,15.58915559432933
33086,15.58915559432933
33087,15.58915559432933
33088,15.58915559432933
33089,15.58915559432933
33090,15.58915559432933
33091,15.58915559432933
33092,15.58915559432933
33093,15.58915559432933
33094,15.58915559432933
33095,15.58915559432933
33096,15.58915559432933
33097,15.58915559432933
33098,15.58915559432933
33099,15.58915559432933
33100,15.58915559432933
33101,15.58915559432933
33102,15.58915559432933
33103,15.58915559432933
33104,15.58915559432933
33105,15.58915559432933
33106,15.58915559432933
33107,15.58915559432933
33108,15.58915559432933
33109,15.58915559432933
33110,15.58915559432933
33111,15.58915559432933
33112,15.58915559432933
33113,15.58915559432933
33114,15.58915559432933
33115,15.58915559432933
33116,15.58915559432933
33117,15.58915559432933
33118,15.58915559432933
33119,15.58915559432933
33120,15.58915559432933
33121,15.58915559432933
33122,15.58915559432933
33123,15.58915559432933
33124,15.58915559432933
33125,15.58915559432933
33126,15.58915559432933
33127,15.58915559432933
33128,15.58915559432933
33129,15.58915559432933
33130,15.58915559432933
33131,15.58915559432933
33132,15.58915559432933
33133,15.58915559432933
33134,15.58915559432933
33135,15.58915559432933
33136,15.58915559432933
33137,15.58915559432933
33138,15.58915559432933
33139,15.58915559432933
33140,15.58915559432933
33141,15.58915559432933
33142,15.58915559432933
33143,15.58915559432933
33144,15.58915559432933
33145,15.58915559432933
33146,15.58915559432933
33147,15.58915559432933
33148,15.58915559432933
33149,15.58915559432933
33150,15.58915559432933
33151,15.58915559432933
33152,15.58915559432933
33153,15.58915559432933
33154,15.58915559432933
33155,15.58915559432933
33156,15.58915559432933
33157,15.58915559432933
33158,15.58915559432933
33159,15.58915559432933
33160,15.58915559432933
33161,15.58915559432933
33162,15.58915559432933
33163,15.58915559432933
33164,15.58915559432933
33165,15.58915559432933
33166,15.58915559432933
33167,15.58915559432933
33168,15.58915559432933
33169,15.58915559432933
33170,15.58915559432933
33171,15.58915559432933
33172,15.58915559432933
33173,15.58915559432933
33174,15.58915559432933
33175,15.58915559432933
33176,15.58915559432933
33177,15.58915559432933
33178,15.58915559432933
33179,15.58915559432933
33180,15.58915559432933
33181,15.58915559432933
33182,15.58915559432933
33183,15.58915559432933
33184,15.58915559432933
33185,15.58915559432933
33186,15.58915559432933
33187,15.58915559432933
33188,15.58915559432933
33189,15.58915559432933
33190,15.58915559432933
33191,15.58915559432933
33192,15.58915559432933
33193,15.58915559432933
33194,15.58915559432933
33195,15.58915559432933
33196,15.58915559432933
33197,15.58915559432933
33198,15.58915559432933
33199,15.58915559432933
33200,15.58915559432933
33201,15.58915559432933
33202,15.58915559432933
33203,15.58915559432933
33204,15.58915559432933
33205,15.58915559432933
33206,15.58915559432933
33207,15.58915559432933
33208,15.58915559432933
33209,15.58915559432933
33210,15.58915559432933
33211,15.58915559432933
33212,15.58915559432933
33213,15.58915559432933
33214,15.58915559432933
33215,15.58915559432933
33216,15.58915559432933
33217,15.58915559432933
33218,15.58915559432933
33219,15.58915559432933
33220,15.58915559432933
33221,15.58915559432933
33222,15.58915559432933
33223,15.58915559432933
33224,15.58915559432933
33225,15.58915559432933
33226,15.58915559432933
33227,15.58915559432933
33228,15.58915559432933
33229,15.58915559432933
33230,15.58915559432933
33231,15.58915559432933
33232,15.58915559432933
33233,15.58915559432933
33234,15.58915559432933
33235,15.58915559432933
33236,15.58915559432933
33237,15.58915559432933
33238,15.58915559432933
33239,15.58915559432933
33240,15.58915559432933
33241,15.58915559432933
33242,15.58915559432933
33243,15.58915559432933
33244,15.58915559432933
33245,15.58915559432933
33246,15.58915559432933
33247,15.58915559432933
33248,15.58915559432933
33249,15.58915559432933
33250,15.58915559432933
33251,15.58915559432933
33252,15.58915559432933
33253,15.58915559432933
33254,15.58915559432933
33255,15.58915559432933
33256,15.58915559432933
33257,15.58915559432933
33258,15.58915559432933
33259,15.58915559432933
33260,15.58915559432933
33261,15.58915559432933
33262,15.58915559432933
33263,15.58915559432933
33264,15.58915559432933
33265,15.58915559432933
33266,15.58915559432933
33267,15.58915559432933
33268,15.58915559432933
33269,15.58915559432933
33270,15.58915559432933
33271,15.58915559432933
33272,15.58915559432933
33273,15.58915559432933
33274,15.58915559432933
33275,15.58915559432933
33276,15.58915559432933
33277,15.58915559432933
33278,15.58915559432933
33279,15.58915559432933
33280,15.58915559432933
33281,15.58915559432933
33282,15.58915559432933
33283,15.58915559432933
33284,15.58915559432933
33285,15.58915559432933
33286,15.58915559432933
33287,15.58915559432933
33288,15.58915559432933
33289,15.58915559432933
33290,15.58915559432933
33291,15.58915559432933
33292,15.58915559432933
33293,15.58915559432933
33294,15.58915559432933
33295,15.58915559432933
33296,15.58915559432933
33297,15.58915559432933
33298,15.58915559432933
33299,15.58915559432933
33300,15.58915559432933
33301,15.58915559432933
33302,15.58915559432933
33303,15.58915559432933
33304,15.58915559432933
33305,15.58915559432933
33306,15.58915559432933
33307,15.58915559432933
33308,15.58915559432933
33309,15.58915559432933
33310,15.58915559432933
33311,15.58915559432933
33312,15.58915559432933
33313,15.58915559432933
33314,15.58915559432933
33315,15.58915559432933
33316,15.58915559432933
33317,15.58915559432933
33318,15.58915559432933
33319,15.58915559432933
33320,15.58915559432933
33321,15.58915559432933
33322,15.58915559432933
33323,15.58915559432933
33324,15.58915559432933
33325,15.58915559432933
33326,15.58915559432933
33327,15.58915559432933
33328,15.58915559432933
33329,15.58915559432933
33330,15.58915559432933
33331,15.58915559432933
33332,15.58915559432933
33333,15.58915559432933
33334,15.58915559432933
33335,15.58915559432933
33336,15.58915559432933
33337,15.58915559432933
33338,15.58915559432933
33339,15.58915559432933
33340,15.58915559432933
33341,15.58915559432933
33342,15.58915559432933
33343,15.58915559432933
33344,15.58915559432933
33345,15.58915559432933
33346,15.58915559432933
33347,15.58915559432933
33348,15.58915559432933
33349,15.58915559432933
33350,15.58915559432933
33351,15.58915559432933
33352,15.58915559432933
33353,15.58915559432933
33354,15.58915559432933
33355,15.58915559432933
33356,15.58915559432933
33357,15.58915559432933
33358,15.58915559432933
33359,15.58915559432933
33360,15.58915559432933
33361,15.58915559432933
33362,15.58915559432933
33363,15.58915559432933
33364,15.58915559432933
33365,15.58915559432933
33366,15.58915559432933
33367,15.58915559432933
33368,15.58915559432933
33369,15.58915559432933
33370,15.58915559432933
33371,15.58915559432933
33372,15.58915559432933
33373,15.58915559432933
33374,15.58915559432933
33375,15.58915559432933
33376,15.58915559432933
33377,15.58915559432933
33378,15.58915559432933
33379,15.58915559432933
33380,15.58915559432933
33381,15.58915559432933
33382,15.58915559432933
33383,15.58915559432933
33384,15.58915559432933
33385,15.58915559432933
33386,15.58915559432933
33387,15.58915559432933
33388,15.58915559432933
33389,15.58915559432933
33390,15.58915559432933
33391,15.58915559432933
33392,15.58915559432933
33393,15.58915559432933
33394,15.58915559432933
33395,15.58915559432933
33396,15.58915559432933
33397,15.58915559432933
33398,15.58915559432933
33399,15.58915559432933
33400,15.58915559432933
33401,15.58915559432933
33402,15.58915559432933
33403,15.58915559432933
33404,15.58915559432933
33405,15.58915559432933
33406,15.58915559432933
33407,15.58915559432933
33408,15.58915559432933
33409,15.58915559432933
33410,15.58915559432933
33411,15.58915559432933
33412,15.58915559432933
33413,15.58915559432933
33414,15.58915559432933
33415,15.58915559432933
33416,15.58915559432933
33417,15.58915559432933
33418,15.58915559432933
33419,15.58915559432933
33420,15.58915559432933
33421,15.58915559432933
33422,15.58915559432933
33423,15.58915559432933
33424,15.58915559432933
33425,15.58915559432933
33426,15.58915559432933
33427,15.58915559432933
33428,15.58915559432933
33429,15.58915559432933
33430,15.58915559432933
33431,15.58915559432933
33432,15.58915559432933
33433,15.58915559432933
33434,15.58915559432933
33435,15.58915559432933
33436,15.58915559432933
33437,15.58915559432933
33438,15.58915559432933
33439,15.58915559432933
33440,15.58915559432933
33441,15.58915559432933
33442,15.58915559432933
33443,15.58915559432933
33444,15.58915559432933
33445,15.58915559432933
33446,15.58915559432933
33447,15.58915559432933
33448,15.58915559432933
33449,15.58915559432933
33450,15.58915559432933
33451,15.58915559432933
33452,15.58915559432933
33453,15.58915559432933
33454,15.58915559432933
33455,15.58915559432933
33456,15.58915559432933
33457,15.58915559432933
33458,15.58915559432933
33459,15.58915559432933
33460,15.58915559432933
33461,15.58915559432933
33462,15.58915559432933
33463,15.58915559432933
33464,15.58915559432933
33465,15.58915559432933
33466,15.58915559432933
33467,15.58915559432933
33468,15.58915559432933
33469,15.58915559432933
33470,15.58915559432933
33471,15.58915559432933
33472,15.58915559432933
33473,15.58915559432933
33474,15.58915559432933
33475,15.58915559432933
33476,15.58915559432933
33477,15.58915559432933
33478,15.58915559432933
33479,15.58915559432933
33480,15.58915559432933
33481,15.58915559432933
33482,15.58915559432933
33483,15.58915559432933
33484,15.58915559432933
33485,15.58915559432933
33486,15.58915559432933
33487,15.58915559432933
33488,15.58915559432933
33489,15.58915559432933
33490,15.58915559432933
33491,15.58915559432933
33492,15.58915559432933
33493,15.58915559432933
33494,15.58915559432933
33495,15.58915559432933
33496,15.58915559432933
33497,15.58915559432933
33498,15.58915559432933
33499,15.58915559432933
33500,15.58915559432933
33501,15.58915559432933
33502,15.58915559432933
33503,15.58915559432933
33504,15.58915559432933
33505,15.58915559432933
33506,15.58915559432933
33507,15.58915559432933
33508,15.58915559432933
33509,15.58915559432933
33510,15.58915559432933
33511,15.58915559432933
33512,15.58915559432933
33513,15.58915559432933
33514,15.58915559432933
33515,15.58915559432933
33516,15.58915559432933
33517,15.58915559432933
33518,15.58915559432933
33519,15.58915559432933
33520,15.58915559432933
33521,15.58915559432933
33522,15.58915559432933
33523,15.58915559432933
33524,15.58915559432933
33525,15.58915559432933
33526,15.58915559432933
33527,15.58915559432933
33528,15.58915559432933
33529,15.58915559432933
33530,15.58915559432933
33531,15.58915559432933
33532,15.58915559432933
33533,15.58915559432933
33534,15.58915559432933
33535,15.58915559432933
33536,15.58915559432933
33537,15.58915559432933
33538,15.58915559432933
33539,15.58915559432933
33540,15.58915559432933
33541,15.58915559432933
33542,15.58915559432933
33543,15.58915559432933
33544,15.58915559432933
33545,15.58915559432933
33546,15.58915559432933
33547,15.58915559432933
33548,15.58915559432933
33549,15.58915559432933
33550,15.58915559432933
33551,15.58915559432933
33552,15.58915559432933
33553,15.58915559432933
33554,15.58915559432933
33555,15.58915559432933
33556,15.58915559432933
33557,15.58915559432933
33558,15.58915559432933
33559,15.58915559432933
33560,15.58915559432933
33561,15.58915559432933
33562,15.58915559432933
33563,15.58915559432933
33564,15.58915559432933
33565,15.58915559432933
33566,15.58915559432933
33567,15.58915559432933
33568,15.58915559432933
33569,15.58915559432933
33570,15.58915559432933
33571,15.58915559432933
33572,15.58915559432933
33573,15.58915559432933
33574,15.58915559432933
33575,15.58915559432933
33576,15.58915559432933
33577,15.58915559432933
33578,15.58915559432933
33579,15.58915559432933
33580,15.58915559432933
33581,15.58915559432933
33582,15.58915559432933
33583,15.58915559432933
33584,15.58915559432933
33585,15.58915559432933
33586,15.58915559432933
33587,15.58915559432933
33588,15.58915559432933
33589,15.58915559432933
33590,15.58915559432933
33591,15.58915559432933
33592,15.58915559432933
33593,15.58915559432933
33594,15.58915559432933
33595,15.58915559432933
33596,15.58915559432933
33597,15.58915559432933
33598,15.58915559432933
33599,15.58915559432933
33600,15.58915559432933
33601,15.58915559432933
33602,15.58915559432933
33603,15.58915559432933
33604,15.58915559432933
33605,15.58915559432933
33606,15.58915559432933
33607,15.58915559432933
33608,15.58915559432933
33609,15.58915559432933
33610,15.58915559432933
33611,15.58915559432933
33612,15.58915559432933
33613,15.58915559432933
33614,15.58915559432933
33615,15.58915559432933
33616,15.58915559432933
33617,15.58915559432933
33618,15.58915559432933
33619,15.58915559432933
33620,15.58915559432933
33621,15.58915559432933
33622,15.58915559432933
33623,15.58915559432933
33624,15.58915559432933
33625,15.58915559432933
33626,15.58915559432933
33627,15.58915559432933
33628,15.58915559432933
33629,15.58915559432933
33630,15.58915559432933
33631,15.58915559432933
33632,15.58915559432933
33633,15.58915559432933
33634,15.58915559432933
33635,15.58915559432933
33636,15.58915559432933
33637,15.58915559432933
33638,15.58915559432933
33639,15.58915559432933
33640,15.58915559432933
33641,15.58915559432933
33642,15.58915559432933
33643,15.58915559432933
33644,15.58915559432933
33645,15.58915559432933
33646,15.58915559432933
33647,15.58915559432933
33648,15.58915559432933
33649,15.58915559432933
33650,15.58915559432933
33651,15.58915559432933
33652,15.58915559432933
33653,15.58915559432933
33654,15.58915559432933
33655,15.58915559432933
33656,15.58915559432933
33657,15.58915559432933
33658,15.58915559432933
33659,15.58915559432933
33660,15.58915559432933
33661,15.58915559432933
33662,15.58915559432933
33663,15.58915559432933
33664,15.58915559432933
33665,15.58915559432933
33666,15.58915559432933
33667,15.58915559432933
33668,15.58915559432933
33669,15.58915559432933
33670,15.58915559432933
33671,15.58915559432933
33672,15.58915559432933
33673,15.58915559432933
33674,15.58915559432933
33675,15.58915559432933
33676,15.58915559432933
33677,15.58915559432933
33678,15.58915559432933
33679,15.58915559432933
33680,15.58915559432933
33681,15.58915559432933
33682,15.58915559432933
33683,15.58915559432933
33684,15.58915559432933
33685,15.58915559432933
33686,15.58915559432933
33687,15.58915559432933
33688,15.58915559432933
33689,15.58915559432933
33690,15.58915559432933
33691,15.58915559432933
33692,15.58915559432933
33693,15.58915559432933
33694,15.58915559432933
33695,15.58915559432933
33696,15.58915559432933
33697,15.58915559432933
33698,15.58915559432933
33699,15.58915559432933
33700,15.58915559432933
33701,15.58915559432933
33702,15.58915559432933
33703,15.58915559432933
33704,15.58915559432933
33705,15.58915559432933
33706,15.58915559432933
33707,15.58915559432933
33708,15.58915559432933
33709,15.58915559432933
33710,15.58915559432933
33711,15.58915559432933
33712,15.58915559432933
33713,15.58915559432933
33714,15.58915559432933
33715,15.58915559432933
33716,15.58915559432933
33717,15.58915559432933
33718,15.58915559432933
33719,15.58915559432933
33720,15.58915559432933
33721,15.58915559432933
33722,15.58915559432933
33723,15.58915559432933
33724,15.58915559432933
33725,15.58915559432933
33726,15.58915559432933
33727,15.58915559432933
33728,15.58915559432933
33729,15.58915559432933
33730,15.58915559432933
33731,15.58915559432933
33732,15.58915559432933
33733,15.58915559432933
33734,15.58915559432933
33735,15.58915559432933
33736,15.58915559432933
33737,15.58915559432933
33738,15.58915559432933
33739,15.58915559432933
33740,15.58915559432933
33741,15.58915559432933
33742,15.58915559432933
33743,15.58915559432933
33744,15.58915559432933
33745,15.58915559432933
33746,15.58915559432933
33747,15.58915559432933
33748,15.58915559432933
33749,15.58915559432933
33750,15.58915559432933
33751,15.58915559432933
33752,15.58915559432933
33753,15.58915559432933
33754,15.58915559432933
33755,15.58915559432933
33756,15.58915559432933
33757,15.58915559432933
33758,15.58915559432933
33759,15.58915559432933
33760,15.58915559432933
33761,15.58915559432933
33762,15.58915559432933
33763,15.58915559432933
33764,15.58915559432933
33765,15.58915559432933
33766,15.58915559432933
33767,15.58915559432933
33768,15.58915559432933
33769,15.58915559432933
33770,15.58915559432933
33771,15.58915559432933
33772,15.58915559432933
33773,15.58915559432933
33774,15.58915559432933
33775,15.58915559432933
33776,15.58915559432933
33777,15.58915559432933
33778,15.58915559432933
33779,15.58915559432933
33780,15.58915559432933
33781,15.58915559432933
33782,15.58915559432933
33783,15.58915559432933
33784,15.58915559432933
33785,15.58915559432933
33786,15.58915559432933
33787,15.58915559432933
33788,15.58915559432933
33789,15.58915559432933
33790,15.58915559432933
33791,15.58915559432933
33792,15.58915559432933
33793,15.58915559432933
33794,15.58915559432933
33795,15.58915559432933
33796,15.58915559432933
33797,15.58915559432933
33798,15.58915559432933
33799,15.58915559432933
33800,15.58915559432933
33801,15.58915559432933
33802,15.58915559432933
33803,15.58915559432933
33804,15.58915559432933
33805,15.58915559432933
33806,15.58915559432933
33807,15.58915559432933
33808,15.58915559432933
33809,15.58915559432933
33810,15.58915559432933
33811,15.58915559432933
33812,15.58915559432933
33813,15.58915559432933
33814,15.58915559432933
33815,15.58915559432933
33816,15.58915559432933
33817,15.58915559432933
33818,15.58915559432933
33819,15.58915559432933
33820,15.58915559432933
33821,15.58915559432933
33822,15.58915559432933
33823,15.58915559432933
33824,15.58915559432933
33825,15.58915559432933
33826,15.58915559432933
33827,15.58915559432933
33828,15.58915559432933
33829,15.58915559432933
33830,15.58915559432933
33831,15.58915559432933
33832,15.58915559432933
33833,15.58915559432933
33834,15.58915559432933
33835,15.58915559432933
33836,15.58915559432933
33837,15.58915559432933
33838,15.58915559432933
33839,15.58915559432933
33840,15.58915559432933
33841,15.58915559432933
33842,15.58915559432933
33843,15.58915559432933
33844,15.58915559432933
33845,15.58915559432933
33846,15.58915559432933
33847,15.58915559432933
33848,15.58915559432933
33849,15.58915559432933
33850,15.58915559432933
33851,15.58915559432933
33852,15.58915559432933
33853,15.58915559432933
33854,15.58915559432933
33855,15.58915559432933
33856,15.58915559432933
33857,15.58915559432933
33858,15.58915559432933
33859,15.58915559432933
33860,15.58915559432933
33861,15.58915559432933
33862,15.58915559432933
33863,15.58915559432933
33864,15.58915559432933
33865,15.58915559432933
33866,15.58915559432933
33867,15.58915559432933
33868,15.58915559432933
33869,15.58915559432933
33870,15.58915559432933
33871,15.58915559432933
33872,15.58915559432933
33873,15.58915559432933
33874,15.58915559432933
33875,15.58915559432933
33876,15.58915559432933
33877,15.58915559432933
33878,15.58915559432933
33879,15.58915559432933
33880,15.58915559432933
33881,15.58915559432933
33882,15.58915559432933
33883,15.58915559432933
33884,15.58915559432933
33885,15.58915559432933
33886,15.58915559432933
33887,15.58915559432933
33888,15.58915559432933
33889,15.58915559432933
33890,15.58915559432933
33891,15.58915559432933
33892,15.58915559432933
33893,15.58915559432933
33894,15.58915559432933
33895,15.58915559432933
33896,15.58915559432933
33897,15.58915559432933
33898,15.58915559432933
33899,15.58915559432933
33900,15.58915559432933
33901,15.58915559432933
33902,15.58915559432933
33903,15.58915559432933
33904,15.58915559432933
33905,15.58915559432933
33906,15.58915559432933
33907,15.58915559432933
33908,15.58915559432933
33909,15.58915559432933
33910,15.58915559432933
33911,15.58915559432933
33912,15.58915559432933
33913,15.58915559432933
33914,15.58915559432933
33915,15.58915559432933
33916,15.58915559432933
33917,15.58915559432933
33918,15.58915559432933
33919,15.58915559432933
33920,15.58915559432933
33921,15.58915559432933
33922,15.58915559432933
33923,15.58915559432933
33924,15.58915559432933
33925,15.58915559432933
33926,15.58915559432933
33927,15.58915559432933
33928,15.58915559432933
33929,15.58915559432933
33930,15.58915559432933
33931,15.58915559432933
33932,15.58915559432933
33933,15.58915559432933
33934,15.58915559432933
33935,15.58915559432933
33936,15.58915559432933
33937,15.58915559432933
33938,15.58915559432933
33939,15.58915559432933
33940,15.58915559432933
33941,15.58915559432933
33942,15.58915559432933
33943,15.58915559432933
33944,15.58915559432933
33945,15.58915559432933
33946,15.58915559432933
33947,15.58915559432933
33948,15.58915559432933
33949,15.58915559432933
33950,15.58915559432933
33951,15.58915559432933
33952,15.58915559432933
33953,15.58915559432933
33954,15.58915559432933
33955,15.58915559432933
33956,15.58915559432933
33957,15.58915559432933
33958,15.58915559432933
33959,15.58915559432933
33960,15.58915559432933
33961,15.58915559432933
33962,15.58915559432933
33963,15.58915559432933
33964,15.58915559432933
33965,15.58915559432933
33966,15.58915559432933
33967,15.58915559432933
33968,15.58915559432933
33969,15.58915559432933
33970,15.58915559432933
33971,15.58915559432933
33972,15.58915559432933
33973,15.58915559432933
33974,15.58915559432933
33975,15.58915559432933
33976,15.58915559432933
33977,15.58915559432933
33978,15.58915559432933
33979,15.58915559432933
33980,15.58915559432933
33981,15.58915559432933
33982,15.58915559432933
33983,15.58915559432933
33984,15.58915559432933
33985,15.58915559432933
33986,15.58915559432933
33987,15.58915559432933
33988,15.58915559432933
33989,15.58915559432933
33990,15.58915559432933
33991,15.58915559432933
33992,15.58915559432933
33993,15.58915559432933
33994,15.58915559432933
33995,15.58915559432933
33996,15.58915559432933
33997,15.58915559432933
33998,15.58915559432933
33999,15.58915559432933
34000,15.58915559432933
34001,15.58915559432933
34002,15.58915559432933
34003,15.58915559432933
34004,15.58915559432933
34005,15.58915559432933
34006,15.58915559432933
34007,15.58915559432933
34008,15.58915559432933
34009,15.58915559432933
34010,15.58915559432933
34011,15.58915559432933
34012,15.58915559432933
34013,15.58915559432933
34014,15.58915559432933
34015,15.58915559432933
34016,15.58915559432933
34017,15.58915559432933
34018,15.58915559432933
34019,15.58915559432933
34020,15.58915559432933
34021,15.58915559432933
34022,15.58915559432933
34023,15.58915559432933
34024,15.58915559432933
34025,15.58915559432933
34026,15.58915559432933
34027,15.58915559432933
34028,15.58915559432933
34029,15.58915559432933
34030,15.58915559432933
34031,15.58915559432933
34032,15.58915559432933
34033,15.58915559432933
34034,15.58915559432933
34035,15.58915559432933
34036,15.58915559432933
34037,15.58915559432933
34038,15.58915559432933
34039,15.58915559432933
34040,15.58915559432933
34041,15.58915559432933
34042,15.58915559432933
34043,15.58915559432933
34044,15.58915559432933
34045,15.58915559432933
34046,15.58915559432933
34047,15.58915559432933
34048,15.58915559432933
34049,15.58915559432933
34050,15.58915559432933
34051,15.58915559432933
34052,15.58915559432933
34053,15.58915559432933
34054,15.58915559432933
34055,15.58915559432933
34056,15.58915559432933
34057,15.58915559432933
34058,15.58915559432933
34059,15.58915559432933
34060,15.58915559432933
34061,15.58915559432933
34062,15.58915559432933
34063,15.58915559432933
34064,15.58915559432933
34065,15.58915559432933
34066,15.58915559432933
34067,15.58915559432933
34068,15.58915559432933
34069,15.58915559432933
34070,15.58915559432933
34071,15.58915559432933
34072,15.58915559432933
34073,15.58915559432933
34074,15.58915559432933
34075,15.58915559432933
34076,15.58915559432933
34077,15.58915559432933
34078,15.58915559432933
34079,15.58915559432933
34080,15.58915559432933
34081,15.58915559432933
34082,15.58915559432933
34083,15.58915559432933
34084,15.58915559432933
34085,15.58915559432933
34086,15.58915559432933
34087,15.58915559432933
34088,15.58915559432933
34089,15.58915559432933
34090,15.58915559432933
34091,15.58915559432933
34092,15.58915559432933
34093,15.58915559432933
34094,15.58915559432933
34095,15.58915559432933
34096,15.58915559432933
34097,15.58915559432933
34098,15.58915559432933
34099,15.58915559432933
34100,15.58915559432933
34101,15.58915559432933
34102,15.58915559432933
34103,15.58915559432933
34104,15.58915559432933
34105,15.58915559432933
34106,15.58915559432933
34107,15.58915559432933
34108,15.58915559432933
34109,15.58915559432933
34110,15.58915559432933
34111,15.58915559432933
34112,15.58915559432933
34113,15.58915559432933
34114,15.58915559432933
34115,15.58915559432933
34116,15.58915559432933
34117,15.58915559432933
34118,15.58915559432933
34119,15.58915559432933
34120,15.58915559432933
34121,15.58915559432933
34122,15.58915559432933
34123,15.58915559432933
34124,15.58915559432933
34125,15.58915559432933
34126,15.58915559432933
34127,15.58915559432933
34128,15.58915559432933
34129,15.58915559432933
34130,15.58915559432933
34131,15.58915559432933
34132,15.58915559432933
34133,15.58915559432933
34134,15.58915559432933
34135,15.58915559432933
34136,15.58915559432933
34137,15.58915559432933
34138,15.58915559432933
34139,15.58915559432933
34140,15.58915559432933
34141,15.58915559432933
34142,15.58915559432933
34143,15.58915559432933
34144,15.58915559432933
34145,15.58915559432933
34146,15.58915559432933
34147,15.58915559432933
34148,15.58915559432933
34149,15.58915559432933
34150,15.58915559432933
34151,15.58915559432933
34152,15.58915559432933
34153,15.58915559432933
34154,15.58915559432933
34155,15.58915559432933
34156,15.58915559432933
34157,15.58915559432933
34158,15.58915559432933
34159,15.58915559432933
34160,15.58915559432933
34161,15.58915559432933
34162,15.58915559432933
34163,15.58915559432933
34164,15.58915559432933
34165,15.58915559432933
34166,15.58915559432933
34167,15.58915559432933
34168,15.58915559432933
34169,15.58915559432933
34170,15.58915559432933
34171,15.58915559432933
34172,15.58915559432933
34173,15.58915559432933
34174,15.58915559432933
34175,15.58915559432933
34176,15.58915559432933
34177,15.58915559432933
34178,15.58915559432933
34179,15.58915559432933
34180,15.58915559432933
34181,15.58915559432933
34182,15.58915559432933
34183,15.58915559432933
34184,15.58915559432933
34185,15.58915559432933
34186,15.58915559432933
34187,15.58915559432933
34188,15.58915559432933
34189,15.58915559432933
34190,15.58915559432933
34191,15.58915559432933
34192,15.58915559432933
34193,15.58915559432933
34194,15.58915559432933
34195,15.58915559432933
34196,15.58915559432933
34197,15.58915559432933
34198,15.58915559432933
34199,15.58915559432933
34200,15.58915559432933
34201,15.58915559432933
34202,15.58915559432933
34203,15.58915559432933
34204,15.58915559432933
34205,15.58915559432933
34206,15.58915559432933
34207,15.58915559432933
34208,15.58915559432933
34209,15.58915559432933
34210,15.58915559432933
34211,15.58915559432933
34212,15.58915559432933
34213,15.58915559432933
34214,15.58915559432933
34215,15.58915559432933
34216,15.58915559432933
34217,15.58915559432933
34218,15.58915559432933
34219,15.58915559432933
34220,15.58915559432933
34221,15.58915559432933
34222,15.58915559432933
34223,15.58915559432933
34224,15.58915559432933
34225,15.58915559432933
34226,15.58915559432933
34227,15.58915559432933
34228,15.58915559432933
34229,15.58915559432933
34230,15.58915559432933
34231,15.58915559432933
34232,15.58915559432933
34233,15.58915559432933
34234,15.58915559432933
34235,15.58915559432933
34236,15.58915559432933
34237,15.58915559432933
34238,15.58915559432933
34239,15.58915559432933
34240,15.58915559432933
34241,15.58915559432933
34242,15.58915559432933
34243,15.58915559432933
34244,15.58915559432933
34245,15.58915559432933
34246,15.58915559432933
34247,15.58915559432933
34248,15.58915559432933
34249,15.58915559432933
34250,15.58915559432933
34251,15.58915559432933
34252,15.58915559432933
34253,15.58915559432933
34254,15.58915559432933
34255,15.58915559432933
34256,15.58915559432933
34257,15.58915559432933
34258,15.58915559432933
34259,15.58915559432933
34260,15.58915559432933
34261,15.58915559432933
34262,15.58915559432933
34263,15.58915559432933
34264,15.58915559432933
34265,15.58915559432933
34266,15.58915559432933
34267,15.58915559432933
34268,15.58915559432933
34269,15.58915559432933
34270,15.58915559432933
34271,15.58915559432933
34272,15.58915559432933
34273,15.58915559432933
34274,15.58915559432933
34275,15.58915559432933
34276,15.58915559432933
34277,15.58915559432933
34278,15.58915559432933
34279,15.58915559432933
34280,15.58915559432933
34281,15.58915559432933
34282,15.58915559432933
34283,15.58915559432933
34284,15.58915559432933
34285,15.58915559432933
34286,15.58915559432933
34287,15.58915559432933
34288,15.58915559432933
34289,15.58915559432933
34290,15.58915559432933
34291,15.58915559432933
34292,15.58915559432933
34293,15.58915559432933
34294,15.58915559432933
34295,15.58915559432933
34296,15.58915559432933
34297,15.58915559432933
34298,15.58915559432933
34299,15.58915559432933
34300,15.58915559432933
34301,15.58915559432933
34302,15.58915559432933
34303,15.58915559432933
34304,15.58915559432933
34305,15.58915559432933
34306,15.58915559432933
34307,15.58915559432933
34308,15.58915559432933
34309,15.58915559432933
34310,15.58915559432933
34311,15.58915559432933
34312,15.58915559432933
34313,15.58915559432933
34314,15.58915559432933
34315,15.58915559432933
34316,15.58915559432933
34317,15.58915559432933
34318,15.58915559432933
34319,15.58915559432933
34320,15.58915559432933
34321,15.58915559432933
34322,15.58915559432933
34323,15.58915559432933
34324,15.58915559432933
34325,15.58915559432933
34326,15.58915559432933
34327,15.58915559432933
34328,15.58915559432933
34329,15.58915559432933
34330,15.58915559432933
34331,15.58915559432933
34332,15.58915559432933
34333,15.58915559432933
34334,15.58915559432933
34335,15.58915559432933
34336,15.58915559432933
34337,15.58915559432933
34338,15.58915559432933
34339,15.58915559432933
34340,15.58915559432933
34341,15.58915559432933
34342,15.58915559432933
34343,15.58915559432933
34344,15.58915559432933
34345,15.58915559432933
34346,15.58915559432933
34347,15.58915559432933
34348,15.58915559432933
34349,15.58915559432933
34350,15.58915559432933
34351,15.58915559432933
34352,15.58915559432933
34353,15.58915559432933
34354,15.58915559432933
34355,15.58915559432933
34356,15.58915559432933
34357,15.58915559432933
34358,15.58915559432933
34359,15.58915559432933
34360,15.58915559432933
34361,15.58915559432933
34362,15.58915559432933
34363,15.58915559432933
34364,15.58915559432933
34365,15.58915559432933
34366,15.58915559432933
34367,15.58915559432933
34368,15.58915559432933
34369,15.58915559432933
34370,15.58915559432933
34371,15.58915559432933
34372,15.58915559432933
34373,15.58915559432933
34374,15.58915559432933
34375,15.58915559432933
34376,15.58915559432933
34377,15.58915559432933
34378,15.58915559432933
34379,15.58915559432933
34380,15.58915559432933
34381,15.58915559432933
34382,15.58915559432933
34383,15.58915559432933
34384,15.58915559432933
34385,15.58915559432933
34386,15.58915559432933
34387,15.58915559432933
34388,15.58915559432933
34389,15.58915559432933
34390,15.58915559432933
34391,15.58915559432933
34392,15.58915559432933
34393,15.58915559432933
34394,15.58915559432933
34395,15.58915559432933
34396,15.58915559432933
34397,15.58915559432933
34398,15.58915559432933
34399,15.58915559432933
34400,15.58915559432933
34401,15.58915559432933
34402,15.58915559432933
34403,15.58915559432933
34404,15.58915559432933
34405,15.58915559432933
34406,15.58915559432933
34407,15.58915559432933
34408,15.58915559432933
34409,15.58915559432933
34410,15.58915559432933
34411,15.58915559432933
34412,15.58915559432933
34413,15.58915559432933
34414,15.58915559432933
34415,15.58915559432933
34416,15.58915559432933
34417,15.58915559432933
34418,15.58915559432933
34419,15.58915559432933
34420,15.58915559432933
34421,15.58915559432933
34422,15.58915559432933
34423,15.58915559432933
34424,15.58915559432933
34425,15.58915559432933
34426,15.58915559432933
34427,15.58915559432933
34428,15.58915559432933
34429,15.58915559432933
34430,15.58915559432933
34431,15.58915559432933
34432,15.58915559432933
34433,15.58915559432933
34434,15.58915559432933
34435,15.58915559432933
34436,15.58915559432933
34437,15.58915559432933
34438,15.58915559432933
34439,15.58915559432933
34440,15.58915559432933
34441,15.58915559432933
34442,15.58915559432933
34443,15.58915559432933
34444,15.58915559432933
34445,15.58915559432933
34446,15.58915559432933
34447,15.58915559432933
34448,15.58915559432933
34449,15.58915559432933
34450,15.58915559432933
34451,15.58915559432933
34452,15.58915559432933
34453,15.58915559432933
34454,15.58915559432933
34455,15.58915559432933
34456,15.58915559432933
34457,15.58915559432933
34458,15.58915559432933
34459,15.58915559432933
34460,15.58915559432933
34461,15.58915559432933
34462,15.58915559432933
34463,15.58915559432933
34464,15.58915559432933
34465,15.58915559432933
34466,15.58915559432933
34467,15.58915559432933
34468,15.58915559432933
34469,15.58915559432933
34470,15.58915559432933
34471,15.58915559432933
34472,15.58915559432933
34473,15.58915559432933
34474,15.58915559432933
34475,15.58915559432933
34476,15.58915559432933
34477,15.58915559432933
34478,15.58915559432933
34479,15.58915559432933
34480,15.58915559432933
34481,15.58915559432933
34482,15.58915559432933
34483,15.58915559432933
34484,15.58915559432933
34485,15.58915559432933
34486,15.58915559432933
34487,15.58915559432933
34488,15.58915559432933
34489,15.58915559432933
34490,15.58915559432933
34491,15.58915559432933
34492,15.58915559432933
34493,15.58915559432933
34494,15.58915559432933
34495,15.58915559432933
34496,15.58915559432933
34497,15.58915559432933
34498,15.58915559432933
34499,15.58915559432933
34500,15.58915559432933
34501,15.58915559432933
34502,15.58915559432933
34503,15.58915559432933
34504,15.58915559432933
34505,15.58915559432933
34506,15.58915559432933
34507,15.58915559432933
34508,15.58915559432933
34509,15.58915559432933
34510,15.58915559432933
34511,15.58915559432933
34512,15.58915559432933
34513,15.58915559432933
34514,15.58915559432933
34515,15.58915559432933
34516,15.58915559432933
34517,15.58915559432933
34518,15.58915559432933
34519,15.58915559432933
34520,15.58915559432933
34521,15.58915559432933
34522,15.58915559432933
34523,15.58915559432933
34524,15.58915559432933
34525,15.58915559432933
34526,15.58915559432933
34527,15.58915559432933
34528,15.58915559432933
34529,15.58915559432933
34530,15.58915559432933
34531,15.58915559432933
34532,15.58915559432933
34533,15.58915559432933
34534,15.58915559432933
34535,15.58915559432933
34536,15.58915559432933
34537,15.58915559432933
34538,15.58915559432933
34539,15.58915559432933
34540,15.58915559432933
34541,15.58915559432933
34542,15.58915559432933
34543,15.58915559432933
34544,15.58915559432933
34545,15.58915559432933
34546,15.58915559432933
34547,15.58915559432933
34548,15.58915559432933
34549,15.58915559432933
34550,15.58915559432933
34551,15.58915559432933
34552,15.58915559432933
34553,15.58915559432933
34554,15.58915559432933
34555,15.58915559432933
34556,15.58915559432933
34557,15.58915559432933
34558,15.58915559432933
34559,15.58915559432933
34560,15.58915559432933
34561,15.58915559432933
34562,15.58915559432933
34563,15.58915559432933
34564,15.58915559432933
34565,15.58915559432933
34566,15.58915559432933
34567,15.58915559432933
34568,15.58915559432933
34569,15.58915559432933
34570,15.58915559432933
34571,15.58915559432933
34572,15.58915559432933
34573,15.58915559432933
34574,15.58915559432933
34575,15.58915559432933
34576,15.58915559432933
34577,15.58915559432933
34578,15.58915559432933
34579,15.58915559432933
34580,15.58915559432933
34581,15.58915559432933
34582,15.58915559432933
34583,15.58915559432933
34584,15.58915559432933
34585,15.58915559432933
34586,15.58915559432933
34587,15.58915559432933
34588,15.58915559432933
34589,15.58915559432933
34590,15.58915559432933
34591,15.58915559432933
34592,15.58915559432933
34593,15.58915559432933
34594,15.58915559432933
34595,15.58915559432933
34596,15.58915559432933
34597,15.58915559432933
34598,15.58915559432933
34599,15.58915559432933
34600,15.58915559432933
34601,15.58915559432933
34602,15.58915559432933
34603,15.58915559432933
34604,15.58915559432933
34605,15.58915559432933
34606,15.58915559432933
34607,15.58915559432933
34608,15.58915559432933
34609,15.58915559432933
34610,15.58915559432933
34611,15.58915559432933
34612,15.58915559432933
34613,15.58915559432933
34614,15.58915559432933
34615,15.58915559432933
34616,15.58915559432933
34617,15.58915559432933
34618,15.58915559432933
34619,15.58915559432933
34620,15.58915559432933
34621,15.58915559432933
34622,15.58915559432933
34623,15.58915559432933
34624,15.58915559432933
34625,15.58915559432933
34626,15.58915559432933
34627,15.58915559432933
34628,15.58915559432933
34629,15.58915559432933
34630,15.58915559432933
34631,15.58915559432933
34632,15.58915559432933
34633,15.58915559432933
34634,15.58915559432933
34635,15.58915559432933
34636,15.58915559432933
34637,15.58915559432933
34638,15.58915559432933
34639,15.58915559432933
34640,15.58915559432933
34641,15.58915559432933
34642,15.58915559432933
34643,15.58915559432933
34644,15.58915559432933
34645,15.58915559432933
34646,15.58915559432933
34647,15.58915559432933
34648,15.58915559432933
34649,15.58915559432933
34650,15.58915559432933
34651,15.58915559432933
34652,15.58915559432933
34653,15.58915559432933
34654,15.58915559432933
34655,15.58915559432933
34656,15.58915559432933
34657,15.58915559432933
34658,15.58915559432933
34659,15.58915559432933
34660,15.58915559432933
34661,15.58915559432933
34662,15.58915559432933
34663,15.58915559432933
34664,15.58915559432933
34665,15.58915559432933
34666,15.58915559432933
34667,15.58915559432933
34668,15.58915559432933
34669,15.58915559432933
34670,15.58915559432933
34671,15.58915559432933
34672,15.58915559432933
34673,15.58915559432933
34674,15.58915559432933
34675,15.58915559432933
34676,15.58915559432933
34677,15.58915559432933
34678,15.58915559432933
34679,15.58915559432933
34680,15.58915559432933
34681,15.58915559432933
34682,15.58915559432933
34683,15.58915559432933
34684,15.58915559432933
34685,15.58915559432933
34686,15.58915559432933
34687,15.58915559432933
34688,15.58915559432933
34689,15.58915559432933
34690,15.58915559432933
34691,15.58915559432933
34692,15.58915559432933
34693,15.58915559432933
34694,15.58915559432933
34695,15.58915559432933
34696,15.58915559432933
34697,15.58915559432933
34698,15.58915559432933
34699,15.58915559432933
34700,15.58915559432933
34701,15.58915559432933
34702,15.58915559432933
34703,15.58915559432933
34704,15.58915559432933
34705,15.58915559432933
34706,15.58915559432933
34707,15.58915559432933
34708,15.58915559432933
34709,15.58915559432933
34710,15.58915559432933
34711,15.58915559432933
34712,15.58915559432933
34713,15.58915559432933
34714,15.58915559432933
34715,15.58915559432933
34716,15.58915559432933
34717,15.58915559432933
34718,15.58915559432933
34719,15.58915559432933
34720,15.58915559432933
34721,15.58915559432933
34722,15.58915559432933
34723,15.58915559432933
34724,15.58915559432933
34725,15.58915559432933
34726,15.58915559432933
34727,15.58915559432933
34728,15.58915559432933
34729,15.58915559432933
34730,15.58915559432933
34731,15.58915559432933
34732,15.58915559432933
34733,15.58915559432933
34734,15.58915559432933
34735,15.58915559432933
34736,15.58915559432933
34737,15.58915559432933
34738,15.58915559432933
34739,15.58915559432933
34740,15.58915559432933
34741,15.58915559432933
34742,15.58915559432933
34743,15.58915559432933
34744,15.58915559432933
34745,15.58915559432933
34746,15.58915559432933
34747,15.58915559432933
34748,15.58915559432933
34749,15.58915559432933
34750,15.58915559432933
34751,15.58915559432933
34752,15.58915559432933
34753,15.58915559432933
34754,15.58915559432933
34755,15.58915559432933
34756,15.58915559432933
34757,15.58915559432933
34758,15.58915559432933
34759,15.58915559432933
34760,15.58915559432933
34761,15.58915559432933
34762,15.58915559432933
34763,15.58915559432933
34764,15.58915559432933
34765,15.58915559432933
34766,15.58915559432933
34767,15.58915559432933
34768,15.58915559432933
34769,15.58915559432933
34770,15.58915559432933
34771,15.58915559432933
34772,15.58915559432933
34773,15.58915559432933
34774,15.58915559432933
34775,15.58915559432933
34776,15.58915559432933
34777,15.58915559432933
34778,15.58915559432933
34779,15.58915559432933
34780,15.58915559432933
34781,15.58915559432933
34782,15.58915559432933
34783,15.58915559432933
34784,15.58915559432933
34785,15.58915559432933
34786,15.58915559432933
34787,15.58915559432933
34788,15.58915559432933
34789,15.58915559432933
34790,15.58915559432933
34791,15.58915559432933
34792,15.58915559432933
34793,15.58915559432933
34794,15.58915559432933
34795,15.58915559432933
34796,15.58915559432933
34797,15.58915559432933
34798,15.58915559432933
34799,15.58915559432933
34800,15.58915559432933
34801,15.58915559432933
34802,15.58915559432933
34803,15.58915559432933
34804,15.58915559432933
34805,15.58915559432933
34806,15.58915559432933
34807,15.58915559432933
34808,15.58915559432933
34809,15.58915559432933
34810,15.58915559432933
34811,15.58915559432933
34812,15.58915559432933
34813,15.58915559432933
34814,15.58915559432933
34815,15.58915559432933
34816,15.58915559432933
34817,15.58915559432933
34818,15.58915559432933
34819,15.58915559432933
34820,15.58915559432933
34821,15.58915559432933
34822,15.58915559432933
34823,15.58915559432933
34824,15.58915559432933
34825,15.58915559432933
34826,15.58915559432933
34827,15.58915559432933
34828,15.58915559432933
34829,15.58915559432933
34830,15.58915559432933
34831,15.58915559432933
34832,15.58915559432933
34833,15.58915559432933
34834,15.58915559432933
34835,15.58915559432933
34836,15.58915559432933
34837,15.58915559432933
34838,15.58915559432933
34839,15.58915559432933
34840,15.58915559432933
34841,15.58915559432933
34842,15.58915559432933
34843,15.58915559432933
34844,15.58915559432933
34845,15.58915559432933
34846,15.58915559432933
34847,15.58915559432933
34848,15.58915559432933
34849,15.58915559432933
34850,15.58915559432933
34851,15.58915559432933
34852,15.58915559432933
34853,15.58915559432933
34854,15.58915559432933
34855,15.58915559432933
34856,15.58915559432933
34857,15.58915559432933
34858,15.58915559432933
34859,15.58915559432933
34860,15.58915559432933
34861,15.58915559432933
34862,15.58915559432933
34863,15.58915559432933
34864,15.58915559432933
34865,15.58915559432933
34866,15.58915559432933
34867,15.58915559432933
34868,15.58915559432933
34869,15.58915559432933
34870,15.58915559432933
34871,15.58915559432933
34872,15.58915559432933
34873,15.58915559432933
34874,15.58915559432933
34875,15.58915559432933
34876,15.58915559432933
34877,15.58915559432933
34878,15.58915559432933
34879,15.58915559432933
34880,15.58915559432933
34881,15.58915559432933
34882,15.58915559432933
34883,15.58915559432933
34884,15.58915559432933
34885,15.58915559432933
34886,15.58915559432933
34887,15.58915559432933
34888,15.58915559432933
34889,15.58915559432933
34890,15.58915559432933
34891,15.58915559432933
34892,15.58915559432933
34893,15.58915559432933
34894,15.58915559432933
34895,15.58915559432933
34896,15.58915559432933
34897,15.58915559432933
34898,15.58915559432933
34899,15.58915559432933
34900,15.58915559432933
34901,15.58915559432933
34902,15.58915559432933
34903,15.58915559432933
34904,15.58915559432933
34905,15.58915559432933
34906,15.58915559432933
34907,15.58915559432933
34908,15.58915559432933
34909,15.58915559432933
34910,15.58915559432933
34911,15.58915559432933
34912,15.58915559432933
34913,15.58915559432933
34914,15.58915559432933
34915,15.58915559432933
34916,15.58915559432933
34917,15.58915559432933
34918,15.58915559432933
34919,15.58915559432933
34920,15.58915559432933
34921,15.58915559432933
34922,15.58915559432933
34923,15.58915559432933
34924,15.58915559432933
34925,15.58915559432933
34926,15.58915559432933
34927,15.58915559432933
34928,15.58915559432933
34929,15.58915559432933
34930,15.58915559432933
34931,15.58915559432933
34932,15.58915559432933
34933,15.58915559432933
34934,15.58915559432933
34935,15.58915559432933
34936,15.58915559432933
34937,15.58915559432933
34938,15.58915559432933
34939,15.58915559432933
34940,15.58915559432933
34941,15.58915559432933
34942,15.58915559432933
34943,15.58915559432933
34944,15.58915559432933
34945,15.58915559432933
34946,15.58915559432933
34947,15.58915559432933
34948,15.58915559432933
34949,15.58915559432933
34950,15.58915559432933
34951,15.58915559432933
34952,15.58915559432933
34953,15.58915559432933
34954,15.58915559432933
34955,15.58915559432933
34956,15.58915559432933
34957,15.58915559432933
34958,15.58915559432933
34959,15.58915559432933
34960,15.58915559432933
34961,15.58915559432933
34962,15.58915559432933
34963,15.58915559432933
34964,15.58915559432933
34965,15.58915559432933
34966,15.58915559432933
34967,15.58915559432933
34968,15.58915559432933
34969,15.58915559432933
34970,15.58915559432933
34971,15.58915559432933
34972,15.58915559432933
34973,15.58915559432933
34974,15.58915559432933
34975,15.58915559432933
34976,15.58915559432933
34977,15.58915559432933
34978,15.58915559432933
34979,15.58915559432933
34980,15.58915559432933
34981,15.58915559432933
34982,15.58915559432933
34983,15.58915559432933
34984,15.58915559432933
34985,15.58915559432933
34986,15.58915559432933
34987,15.58915559432933
34988,15.58915559432933
34989,15.58915559432933
34990,15.58915559432933
34991,15.58915559432933
34992,15.58915559432933
34993,15.58915559432933
34994,15.58915559432933
34995,15.58915559432933
34996,15.58915559432933
34997,15.58915559432933
34998,15.58915559432933
34999,15.58915559432933
35000,15.58915559432933
35001,15.58915559432933
35002,15.58915559432933
35003,15.58915559432933
35004,15.58915559432933
35005,15.58915559432933
35006,15.58915559432933
35007,15.58915559432933
35008,15.58915559432933
35009,15.58915559432933
35010,15.58915559432933
35011,15.58915559432933
35012,15.58915559432933
35013,15.58915559432933
35014,15.58915559432933
35015,15.58915559432933
35016,15.58915559432933
35017,15.58915559432933
35018,15.58915559432933
35019,15.58915559432933
35020,15.58915559432933
35021,15.58915559432933
35022,15.58915559432933
35023,15.58915559432933
35024,15.58915559432933
35025,15.58915559432933
35026,15.58915559432933
35027,15.58915559432933
35028,15.58915559432933
35029,15.58915559432933
35030,15.58915559432933
35031,15.58915559432933
35032,15.58915559432933
35033,15.58915559432933
35034,15.58915559432933
35035,15.58915559432933
35036,15.58915559432933
35037,15.58915559432933
35038,15.58915559432933
35039,15.58915559432933
35040,15.58915559432933
35041,15.58915559432933
35042,15.58915559432933
35043,15.58915559432933
35044,15.58915559432933
35045,15.58915559432933
35046,15.58915559432933
35047,15.58915559432933
35048,15.58915559432933
35049,15.58915559432933
35050,15.58915559432933
35051,15.58915559432933
35052,15.58915559432933
35053,15.58915559432933
35054,15.58915559432933
35055,15.58915559432933
35056,15.58915559432933
35057,15.58915559432933
35058,15.58915559432933
35059,15.58915559432933
35060,15.58915559432933
35061,15.58915559432933
35062,15.58915559432933
35063,15.58915559432933
35064,15.58915559432933
35065,15.58915559432933
35066,15.58915559432933
35067,15.58915559432933
35068,15.58915559432933
35069,15.58915559432933
35070,15.58915559432933
35071,15.58915559432933
35072,15.58915559432933
35073,15.58915559432933
35074,15.58915559432933
35075,15.58915559432933
35076,15.58915559432933
35077,15.58915559432933
35078,15.58915559432933
35079,15.58915559432933
35080,15.58915559432933
35081,15.58915559432933
35082,15.58915559432933
35083,15.58915559432933
35084,15.58915559432933
35085,15.58915559432933
35086,15.58915559432933
35087,15.58915559432933
35088,15.58915559432933
35089,15.58915559432933
35090,15.58915559432933
35091,15.58915559432933
35092,15.58915559432933
35093,15.58915559432933
35094,15.58915559432933
35095,15.58915559432933
35096,15.58915559432933
35097,15.58915559432933
35098,15.58915559432933
35099,15.58915559432933
35100,15.58915559432933
35101,15.58915559432933
35102,15.58915559432933
35103,15.58915559432933
35104,15.58915559432933
35105,15.58915559432933
35106,15.58915559432933
35107,15.58915559432933
35108,15.58915559432933
35109,15.58915559432933
35110,15.58915559432933
35111,15.58915559432933
35112,15.58915559432933
35113,15.58915559432933
35114,15.58915559432933
35115,15.58915559432933
35116,15.58915559432933
35117,15.58915559432933
35118,15.58915559432933
35119,15.58915559432933
35120,15.58915559432933
35121,15.58915559432933
35122,15.58915559432933
35123,15.58915559432933
35124,15.58915559432933
35125,15.58915559432933
35126,15.58915559432933
35127,15.58915559432933
35128,15.58915559432933
35129,15.58915559432933
35130,15.58915559432933
35131,15.58915559432933
35132,15.58915559432933
35133,15.58915559432933
35134,15.58915559432933
35135,15.58915559432933
35136,15.58915559432933
35137,15.58915559432933
35138,15.58915559432933
35139,15.58915559432933
35140,15.58915559432933
35141,15.58915559432933
35142,15.58915559432933
35143,15.58915559432933
35144,15.58915559432933
35145,15.58915559432933
35146,15.58915559432933
35147,15.58915559432933
35148,15.58915559432933
35149,15.58915559432933
35150,15.58915559432933
35151,15.58915559432933
35152,15.58915559432933
35153,15.58915559432933
35154,15.58915559432933
35155,15.58915559432933
35156,15.58915559432933
35157,15.58915559432933
35158,15.58915559432933
35159,15.58915559432933
35160,15.58915559432933
35161,15.58915559432933
35162,15.58915559432933
35163,15.58915559432933
35164,15.58915559432933
35165,15.58915559432933
35166,15.58915559432933
35167,15.58915559432933
35168,15.58915559432933
35169,15.58915559432933
35170,15.58915559432933
35171,15.58915559432933
35172,15.58915559432933
35173,15.58915559432933
35174,15.58915559432933
35175,15.58915559432933
35176,15.58915559432933
35177,15.58915559432933
35178,15.58915559432933
35179,15.58915559432933
35180,15.58915559432933
35181,15.58915559432933
35182,15.58915559432933
35183,15.58915559432933
35184,15.58915559432933
35185,15.58915559432933
35186,15.58915559432933
35187,15.58915559432933
35188,15.58915559432933
35189,15.58915559432933
35190,15.58915559432933
35191,15.58915559432933
35192,15.58915559432933
35193,15.58915559432933
35194,15.58915559432933
35195,15.58915559432933
35196,15.58915559432933
35197,15.58915559432933
35198,15.58915559432933
35199,15.58915559432933
35200,15.58915559432933
35201,15.58915559432933
35202,15.58915559432933
35203,15.58915559432933
35204,15.58915559432933
35205,15.58915559432933
35206,15.58915559432933
35207,15.58915559432933
35208,15.58915559432933
35209,15.58915559432933
35210,15.58915559432933
35211,15.58915559432933
35212,15.58915559432933
35213,15.58915559432933
35214,15.58915559432933
35215,15.58915559432933
35216,15.58915559432933
35217,15.58915559432933
35218,15.58915559432933
35219,15.58915559432933
35220,15.58915559432933
35221,15.58915559432933
35222,15.58915559432933
35223,15.58915559432933
35224,15.58915559432933
35225,15.58915559432933
35226,15.58915559432933
35227,15.58915559432933
35228,15.58915559432933
35229,15.58915559432933
35230,15.58915559432933
35231,15.58915559432933
35232,15.58915559432933
35233,15.58915559432933
35234,15.58915559432933
35235,15.58915559432933
35236,15.58915559432933
35237,15.58915559432933
35238,15.58915559432933
35239,15.58915559432933
35240,15.58915559432933
35241,15.58915559432933
35242,15.58915559432933
35243,15.58915559432933
35244,15.58915559432933
35245,15.58915559432933
35246,15.58915559432933
35247,15.58915559432933
35248,15.58915559432933
35249,15.58915559432933
35250,15.58915559432933
35251,15.58915559432933
35252,15.58915559432933
35253,15.58915559432933
35254,15.58915559432933
35255,15.58915559432933
35256,15.58915559432933
35257,15.58915559432933
35258,15.58915559432933
35259,15.58915559432933
35260,15.58915559432933
35261,15.58915559432933
35262,15.58915559432933
35263,15.58915559432933
35264,15.58915559432933
35265,15.58915559432933
35266,15.58915559432933
35267,15.58915559432933
35268,15.58915559432933
35269,15.58915559432933
35270,15.58915559432933
35271,15.58915559432933
35272,15.58915559432933
35273,15.58915559432933
35274,15.58915559432933
35275,15.58915559432933
35276,15.58915559432933
35277,15.58915559432933
35278,15.58915559432933
35279,15.58915559432933
35280,15.58915559432933
35281,15.58915559432933
35282,15.58915559432933
35283,15.58915559432933
35284,15.58915559432933
35285,15.58915559432933
35286,15.58915559432933
35287,15.58915559432933
35288,15.58915559432933
35289,15.58915559432933
35290,15.58915559432933
35291,15.58915559432933
35292,15.58915559432933
35293,15.58915559432933
35294,15.58915559432933
35295,15.58915559432933
35296,15.58915559432933
35297,15.58915559432933
35298,15.58915559432933
35299,15.58915559432933
35300,15.58915559432933
35301,15.58915559432933
35302,15.58915559432933
35303,15.58915559432933
35304,15.58915559432933
35305,15.58915559432933
35306,15.58915559432933
35307,15.58915559432933
35308,15.58915559432933
35309,15.58915559432933
35310,15.58915559432933
35311,15.58915559432933
35312,15.58915559432933
35313,15.58915559432933
35314,15.58915559432933
35315,15.58915559432933
35316,15.58915559432933
35317,15.58915559432933
35318,15.58915559432933
35319,15.58915559432933
35320,15.58915559432933
35321,15.58915559432933
35322,15.58915559432933
35323,15.58915559432933
35324,15.58915559432933
35325,15.58915559432933
35326,15.58915559432933
35327,15.58915559432933
35328,15.58915559432933
35329,15.58915559432933
35330,15.58915559432933
35331,15.58915559432933
35332,15.58915559432933
35333,15.58915559432933
35334,15.58915559432933
35335,15.58915559432933
35336,15.58915559432933
35337,15.58915559432933
35338,15.58915559432933
35339,15.58915559432933
35340,15.58915559432933
35341,15.58915559432933
35342,15.58915559432933
35343,15.58915559432933
35344,15.58915559432933
35345,15.58915559432933
35346,15.58915559432933
35347,15.58915559432933
35348,15.58915559432933
35349,15.58915559432933
35350,15.58915559432933
35351,15.58915559432933
35352,15.58915559432933
35353,15.58915559432933
35354,15.58915559432933
35355,15.58915559432933
35356,15.58915559432933
35357,15.58915559432933
35358,15.58915559432933
35359,15.58915559432933
35360,15.58915559432933
35361,15.58915559432933
35362,15.58915559432933
35363,15.58915559432933
35364,15.58915559432933
35365,15.58915559432933
35366,15.58915559432933
35367,15.58915559432933
35368,15.58915559432933
35369,15.58915559432933
35370,15.58915559432933
35371,15.58915559432933
35372,15.58915559432933
35373,15.58915559432933
35374,15.58915559432933
35375,15.58915559432933
35376,15.58915559432933
35377,15.58915559432933
35378,15.58915559432933
35379,15.58915559432933
35380,15.58915559432933
35381,15.58915559432933
35382,15.58915559432933
35383,15.58915559432933
35384,15.58915559432933
35385,15.58915559432933
35386,15.58915559432933
35387,15.58915559432933
35388,15.58915559432933
35389,15.58915559432933
35390,15.58915559432933
35391,15.58915559432933
35392,15.58915559432933
35393,15.58915559432933
35394,15.58915559432933
35395,15.58915559432933
35396,15.58915559432933
35397,15.58915559432933
35398,15.58915559432933
35399,15.58915559432933
35400,15.58915559432933
35401,15.58915559432933
35402,15.58915559432933
35403,15.58915559432933
35404,15.58915559432933
35405,15.58915559432933
35406,15.58915559432933
35407,15.58915559432933
35408,15.58915559432933
35409,15.58915559432933
35410,15.58915559432933
35411,15.58915559432933
35412,15.58915559432933
35413,15.58915559432933
35414,15.58915559432933
35415,15.58915559432933
35416,15.58915559432933
35417,15.58915559432933
35418,15.58915559432933
35419,15.58915559432933
35420,15.58915559432933
35421,15.58915559432933
35422,15.58915559432933
35423,15.58915559432933
35424,15.58915559432933
35425,15.58915559432933
35426,15.58915559432933
35427,15.58915559432933
35428,15.58915559432933
35429,15.58915559432933
35430,15.58915559432933
35431,15.58915559432933
35432,15.58915559432933
35433,15.58915559432933
35434,15.58915559432933
35435,15.58915559432933
35436,15.58915559432933
35437,15.58915559432933
35438,15.58915559432933
35439,15.58915559432933
35440,15.58915559432933
35441,15.58915559432933
35442,15.58915559432933
35443,15.58915559432933
35444,15.58915559432933
35445,15.58915559432933
35446,15.58915559432933
35447,15.58915559432933
35448,15.58915559432933
35449,15.58915559432933
35450,15.58915559432933
35451,15.58915559432933
35452,15.58915559432933
35453,15.58915559432933
35454,15.58915559432933
35455,15.58915559432933
35456,15.58915559432933
35457,15.58915559432933
35458,15.58915559432933
35459,15.58915559432933
35460,15.58915559432933
35461,15.58915559432933
35462,15.58915559432933
35463,15.58915559432933
35464,15.58915559432933
35465,15.58915559432933
35466,15.58915559432933
35467,15.58915559432933
35468,15.58915559432933
35469,15.58915559432933
35470,15.58915559432933
35471,15.58915559432933
35472,15.58915559432933
35473,15.58915559432933
35474,15.58915559432933
35475,15.58915559432933
35476,15.58915559432933
35477,15.58915559432933
35478,15.58915559432933
35479,15.58915559432933
35480,15.58915559432933
35481,15.58915559432933
35482,15.58915559432933
35483,15.58915559432933
35484,15.58915559432933
35485,15.58915559432933
35486,15.58915559432933
35487,15.58915559432933
35488,15.58915559432933
35489,15.58915559432933
35490,15.58915559432933
35491,15.58915559432933
35492,15.58915559432933
35493,15.58915559432933
35494,15.58915559432933
35495,15.58915559432933
35496,15.58915559432933
35497,15.58915559432933
35498,15.58915559432933
35499,15.58915559432933
35500,15.58915559432933
35501,15.58915559432933
35502,15.58915559432933
35503,15.58915559432933
35504,15.58915559432933
35505,15.58915559432933
35506,15.58915559432933
35507,15.58915559432933
35508,15.58915559432933
35509,15.58915559432933
35510,15.58915559432933
35511,15.58915559432933
35512,15.58915559432933
35513,15.58915559432933
35514,15.58915559432933
35515,15.58915559432933
35516,15.58915559432933
35517,15.58915559432933
35518,15.58915559432933
35519,15.58915559432933
35520,15.58915559432933
35521,15.58915559432933
35522,15.58915559432933
35523,15.58915559432933
35524,15.58915559432933
35525,15.58915559432933
35526,15.58915559432933
35527,15.58915559432933
35528,15.58915559432933
35529,15.58915559432933
35530,15.58915559432933
35531,15.58915559432933
35532,15.58915559432933
35533,15.58915559432933
35534,15.58915559432933
35535,15.58915559432933
35536,15.58915559432933
35537,15.58915559432933
35538,15.58915559432933
35539,15.58915559432933
35540,15.58915559432933
35541,15.58915559432933
35542,15.58915559432933
35543,15.58915559432933
35544,15.58915559432933
35545,15.58915559432933
35546,15.58915559432933
35547,15.58915559432933
35548,15.58915559432933
35549,15.58915559432933
35550,15.58915559432933
35551,15.58915559432933
35552,15.58915559432933
35553,15.58915559432933
35554,15.58915559432933
35555,15.58915559432933
35556,15.58915559432933
35557,15.58915559432933
35558,15.58915559432933
35559,15.58915559432933
35560,15.58915559432933
35561,15.58915559432933
35562,15.58915559432933
35563,15.58915559432933
35564,15.58915559432933
35565,15.58915559432933
35566,15.58915559432933
35567,15.58915559432933
35568,15.58915559432933
35569,15.58915559432933
35570,15.58915559432933
35571,15.58915559432933
35572,15.58915559432933
35573,15.58915559432933
35574,15.58915559432933
35575,15.58915559432933
35576,15.58915559432933
35577,15.58915559432933
35578,15.58915559432933
35579,15.58915559432933
35580,15.58915559432933
35581,15.58915559432933
35582,15.58915559432933
35583,15.58915559432933
35584,15.58915559432933
35585,15.58915559432933
35586,15.58915559432933
35587,15.58915559432933
35588,15.58915559432933
35589,15.58915559432933
35590,15.58915559432933
35591,15.58915559432933
35592,15.58915559432933
35593,15.58915559432933
35594,15.58915559432933
35595,15.58915559432933
35596,15.58915559432933
35597,15.58915559432933
35598,15.58915559432933
35599,15.58915559432933
35600,15.58915559432933
35601,15.58915559432933
35602,15.58915559432933
35603,15.58915559432933
35604,15.58915559432933
35605,15.58915559432933
35606,15.58915559432933
35607,15.58915559432933
35608,15.58915559432933
35609,15.58915559432933
35610,15.58915559432933
35611,15.58915559432933
35612,15.58915559432933
35613,15.58915559432933
35614,15.58915559432933
35615,15.58915559432933
35616,15.58915559432933
35617,15.58915559432933
35618,15.58915559432933
35619,15.58915559432933
35620,15.58915559432933
35621,15.58915559432933
35622,15.58915559432933
35623,15.58915559432933
35624,15.58915559432933
35625,15.58915559432933
35626,15.58915559432933
35627,15.58915559432933
35628,15.58915559432933
35629,15.58915559432933
35630,15.58915559432933
35631,15.58915559432933
35632,15.58915559432933
35633,15.58915559432933
35634,15.58915559432933
35635,15.58915559432933
35636,15.58915559432933
35637,15.58915559432933
35638,15.58915559432933
35639,15.58915559432933
35640,15.58915559432933
35641,15.58915559432933
35642,15.58915559432933
35643,15.58915559432933
35644,15.58915559432933
35645,15.58915559432933
35646,15.58915559432933
35647,15.58915559432933
35648,15.58915559432933
35649,15.58915559432933
35650,15.58915559432933
35651,15.58915559432933
35652,15.58915559432933
35653,15.58915559432933
35654,15.58915559432933
35655,15.58915559432933
35656,15.58915559432933
35657,15.58915559432933
35658,15.58915559432933
35659,15.58915559432933
35660,15.58915559432933
35661,15.58915559432933
35662,15.58915559432933
35663,15.58915559432933
35664,15.58915559432933
35665,15.58915559432933
35666,15.58915559432933
35667,15.58915559432933
35668,15.58915559432933
35669,15.58915559432933
35670,15.58915559432933
35671,15.58915559432933
35672,15.58915559432933
35673,15.58915559432933
35674,15.58915559432933
35675,15.58915559432933
35676,15.58915559432933
35677,15.58915559432933
35678,15.58915559432933
35679,15.58915559432933
35680,15.58915559432933
35681,15.58915559432933
35682,15.58915559432933
35683,15.58915559432933
35684,15.58915559432933
35685,15.58915559432933
35686,15.58915559432933
35687,15.58915559432933
35688,15.58915559432933
35689,15.58915559432933
35690,15.58915559432933
35691,15.58915559432933
35692,15.58915559432933
35693,15.58915559432933
35694,15.58915559432933
35695,15.58915559432933
35696,15.58915559432933
35697,15.58915559432933
35698,15.58915559432933
35699,15.58915559432933
35700,15.58915559432933
35701,15.58915559432933
35702,15.58915559432933
35703,15.58915559432933
35704,15.58915559432933
35705,15.58915559432933
35706,15.58915559432933
35707,15.58915559432933
35708,15.58915559432933
35709,15.58915559432933
35710,15.58915559432933
35711,15.58915559432933
35712,15.58915559432933
35713,15.58915559432933
35714,15.58915559432933
35715,15.58915559432933
35716,15.58915559432933
35717,15.58915559432933
35718,15.58915559432933
35719,15.58915559432933
35720,15.58915559432933
35721,15.58915559432933
35722,15.58915559432933
35723,15.58915559432933
35724,15.58915559432933
35725,15.58915559432933
35726,15.58915559432933
35727,15.58915559432933
35728,15.58915559432933
35729,15.58915559432933
35730,15.58915559432933
35731,15.58915559432933
35732,15.58915559432933
35733,15.58915559432933
35734,15.58915559432933
35735,15.58915559432933
35736,15.58915559432933
35737,15.58915559432933
35738,15.58915559432933
35739,15.58915559432933
35740,15.58915559432933
35741,15.58915559432933
35742,15.58915559432933
35743,15.58915559432933
35744,15.58915559432933
35745,15.58915559432933
35746,15.58915559432933
35747,15.58915559432933
35748,15.58915559432933
35749,15.58915559432933
35750,15.58915559432933
35751,15.58915559432933
35752,15.58915559432933
35753,15.58915559432933
35754,15.58915559432933
35755,15.58915559432933
35756,15.58915559432933
35757,15.58915559432933
35758,15.58915559432933
35759,15.58915559432933
35760,15.58915559432933
35761,15.58915559432933
35762,15.58915559432933
35763,15.58915559432933
35764,15.58915559432933
35765,15.58915559432933
35766,15.58915559432933
35767,15.58915559432933
35768,15.58915559432933
35769,15.58915559432933
35770,15.58915559432933
35771,15.58915559432933
35772,15.58915559432933
35773,15.58915559432933
35774,15.58915559432933
35775,15.58915559432933
35776,15.58915559432933
35777,15.58915559432933
35778,15.58915559432933
35779,15.58915559432933
35780,15.58915559432933
35781,15.58915559432933
35782,15.58915559432933
35783,15.58915559432933
35784,15.58915559432933
35785,15.58915559432933
35786,15.58915559432933
35787,15.58915559432933
35788,15.58915559432933
35789,15.58915559432933
35790,15.58915559432933
35791,15.58915559432933
35792,15.58915559432933
35793,15.58915559432933
35794,15.58915559432933
35795,15.58915559432933
35796,15.58915559432933
35797,15.58915559432933
35798,15.58915559432933
35799,15.58915559432933
35800,15.58915559432933
35801,15.58915559432933
35802,15.58915559432933
35803,15.58915559432933
35804,15.58915559432933
35805,15.58915559432933
35806,15.58915559432933
35807,15.58915559432933
35808,15.58915559432933
35809,15.58915559432933
35810,15.58915559432933
35811,15.58915559432933
35812,15.58915559432933
35813,15.58915559432933
35814,15.58915559432933
35815,15.58915559432933
35816,15.58915559432933
35817,15.58915559432933
35818,15.58915559432933
35819,15.58915559432933
35820,15.58915559432933
35821,15.58915559432933
35822,15.58915559432933
35823,15.58915559432933
35824,15.58915559432933
35825,15.58915559432933
35826,15.58915559432933
35827,15.58915559432933
35828,15.58915559432933
35829,15.58915559432933
35830,15.58915559432933
35831,15.58915559432933
35832,15.58915559432933
35833,15.58915559432933
35834,15.58915559432933
35835,15.58915559432933
35836,15.58915559432933
35837,15.58915559432933
35838,15.58915559432933
35839,15.58915559432933
35840,15.58915559432933
35841,15.58915559432933
35842,15.58915559432933
35843,15.58915559432933
35844,15.58915559432933
35845,15.58915559432933
35846,15.58915559432933
35847,15.58915559432933
35848,15.58915559432933
35849,15.58915559432933
35850,15.58915559432933
35851,15.58915559432933
35852,15.58915559432933
35853,15.58915559432933
35854,15.58915559432933
35855,15.58915559432933
35856,15.58915559432933
35857,15.58915559432933
35858,15.58915559432933
35859,15.58915559432933
35860,15.58915559432933
35861,15.58915559432933
35862,15.58915559432933
35863,15.58915559432933
35864,15.58915559432933
35865,15.58915559432933
35866,15.58915559432933
35867,15.58915559432933
35868,15.58915559432933
35869,15.58915559432933
35870,15.58915559432933
35871,15.58915559432933
35872,15.58915559432933
35873,15.58915559432933
35874,15.58915559432933
35875,15.58915559432933
35876,15.58915559432933
35877,15.58915559432933
35878,15.58915559432933
35879,15.58915559432933
35880,15.58915559432933
35881,15.58915559432933
35882,15.58915559432933
35883,15.58915559432933
35884,15.58915559432933
35885,15.58915559432933
35886,15.58915559432933
35887,15.58915559432933
35888,15.58915559432933
35889,15.58915559432933
35890,15.58915559432933
35891,15.58915559432933
35892,15.58915559432933
35893,15.58915559432933
35894,15.58915559432933
35895,15.58915559432933
35896,15.58915559432933
35897,15.58915559432933
35898,15.58915559432933
35899,15.58915559432933
35900,15.58915559432933
35901,15.58915559432933
35902,15.58915559432933
35903,15.58915559432933
35904,15.58915559432933
35905,15.58915559432933
35906,15.58915559432933
35907,15.58915559432933
35908,15.58915559432933
35909,15.58915559432933
35910,15.58915559432933
35911,15.58915559432933
35912,15.58915559432933
35913,15.58915559432933
35914,15.58915559432933
35915,15.58915559432933
35916,15.58915559432933
35917,15.58915559432933
35918,15.58915559432933
35919,15.58915559432933
35920,15.58915559432933
35921,15.58915559432933
35922,15.58915559432933
35923,15.58915559432933
35924,15.58915559432933
35925,15.58915559432933
35926,15.58915559432933
35927,15.58915559432933
35928,15.58915559432933
35929,15.58915559432933
35930,15.58915559432933
35931,15.58915559432933
35932,15.58915559432933
35933,15.58915559432933
35934,15.58915559432933
35935,15.58915559432933
35936,15.58915559432933
35937,15.58915559432933
35938,15.58915559432933
35939,15.58915559432933
35940,15.58915559432933
35941,15.58915559432933
35942,15.58915559432933
35943,15.58915559432933
35944,15.58915559432933
35945,15.58915559432933
35946,15.58915559432933
35947,15.58915559432933
35948,15.58915559432933
35949,15.58915559432933
35950,15.58915559432933
35951,15.58915559432933
35952,15.58915559432933
35953,15.58915559432933
35954,15.58915559432933
35955,15.58915559432933
35956,15.58915559432933
35957,15.58915559432933
35958,15.58915559432933
35959,15.58915559432933
35960,15.58915559432933
35961,15.58915559432933
35962,15.58915559432933
35963,15.58915559432933
35964,15.58915559432933
35965,15.58915559432933
35966,15.58915559432933
35967,15.58915559432933
35968,15.58915559432933
35969,15.58915559432933
35970,15.58915559432933
35971,15.58915559432933
35972,15.58915559432933
35973,15.58915559432933
35974,15.58915559432933
35975,15.58915559432933
35976,15.58915559432933
35977,15.58915559432933
35978,15.58915559432933
35979,15.58915559432933
35980,15.58915559432933
35981,15.58915559432933
35982,15.58915559432933
35983,15.58915559432933
35984,15.58915559432933
35985,15.58915559432933
35986,15.58915559432933
35987,15.58915559432933
35988,15.58915559432933
35989,15.58915559432933
35990,15.58915559432933
35991,15.58915559432933
35992,15.58915559432933
35993,15.58915559432933
35994,15.58915559432933
35995,15.58915559432933
35996,15.58915559432933
35997,15.58915559432933
35998,15.58915559432933
35999,15.58915559432933
36000,15.58915559432933
36001,15.58915559432933
36002,15.58915559432933
36003,15.58915559432933
36004,15.58915559432933
36005,15.58915559432933
36006,15.58915559432933
36007,15.58915559432933
36008,15.58915559432933
36009,15.58915559432933
36010,15.58915559432933
36011,15.58915559432933
36012,15.58915559432933
36013,15.58915559432933
36014,15.58915559432933
36015,15.58915559432933
36016,15.58915559432933
36017,15.58915559432933
36018,15.58915559432933
36019,15.58915559432933
36020,15.58915559432933
36021,15.58915559432933
36022,15.58915559432933
36023,15.58915559432933
36024,15.58915559432933
36025,15.58915559432933
36026,15.58915559432933
36027,15.58915559432933
36028,15.58915559432933
36029,15.58915559432933
36030,15.58915559432933
36031,15.58915559432933
36032,15.58915559432933
36033,15.58915559432933
36034,15.58915559432933
36035,15.58915559432933
36036,15.58915559432933
36037,15.58915559432933
36038,15.58915559432933
36039,15.58915559432933
36040,15.58915559432933
36041,15.58915559432933
36042,15.58915559432933
36043,15.58915559432933
36044,15.58915559432933
36045,15.58915559432933
36046,15.58915559432933
36047,15.58915559432933
36048,15.58915559432933
36049,15.58915559432933
36050,15.58915559432933
36051,15.58915559432933
36052,15.58915559432933
36053,15.58915559432933
36054,15.58915559432933
36055,15.58915559432933
36056,15.58915559432933
36057,15.58915559432933
36058,15.58915559432933
36059,15.58915559432933
36060,15.58915559432933
36061,15.58915559432933
36062,15.58915559432933
36063,15.58915559432933
36064,15.58915559432933
36065,15.58915559432933
36066,15.58915559432933
36067,15.58915559432933
36068,15.58915559432933
36069,15.58915559432933
36070,15.58915559432933
36071,15.58915559432933
36072,15.58915559432933
36073,15.58915559432933
36074,15.58915559432933
36075,15.58915559432933
36076,15.58915559432933
36077,15.58915559432933
36078,15.58915559432933
36079,15.58915559432933
36080,15.58915559432933
36081,15.58915559432933
36082,15.58915559432933
36083,15.58915559432933
36084,15.58915559432933
36085,15.58915559432933
36086,15.58915559432933
36087,15.58915559432933
36088,15.58915559432933
36089,15.58915559432933
36090,15.58915559432933
36091,15.58915559432933
36092,15.58915559432933
36093,15.58915559432933
36094,15.58915559432933
36095,15.58915559432933
36096,15.58915559432933
36097,15.58915559432933
36098,15.58915559432933
36099,15.58915559432933
36100,15.58915559432933
36101,15.58915559432933
36102,15.58915559432933
36103,15.58915559432933
36104,15.58915559432933
36105,15.58915559432933
36106,15.58915559432933
36107,15.58915559432933
36108,15.58915559432933
36109,15.58915559432933
36110,15.58915559432933
36111,15.58915559432933
36112,15.58915559432933
36113,15.58915559432933
36114,15.58915559432933
36115,15.58915559432933
36116,15.58915559432933
36117,15.58915559432933
36118,15.58915559432933
36119,15.58915559432933
36120,15.58915559432933
36121,15.58915559432933
36122,15.58915559432933
36123,15.58915559432933
36124,15.58915559432933
36125,15.58915559432933
36126,15.58915559432933
36127,15.58915559432933
36128,15.58915559432933
36129,15.58915559432933
36130,15.58915559432933
36131,15.58915559432933
36132,15.58915559432933
36133,15.58915559432933
36134,15.58915559432933
36135,15.58915559432933
36136,15.58915559432933
36137,15.58915559432933
36138,15.58915559432933
36139,15.58915559432933
36140,15.58915559432933
36141,15.58915559432933
36142,15.58915559432933
36143,15.58915559432933
36144,15.58915559432933
36145,15.58915559432933
36146,15.58915559432933
36147,15.58915559432933
36148,15.58915559432933
36149,15.58915559432933
36150,15.58915559432933
36151,15.58915559432933
36152,15.58915559432933
36153,15.58915559432933
36154,15.58915559432933
36155,15.58915559432933
36156,15.58915559432933
36157,15.58915559432933
36158,15.58915559432933
36159,15.58915559432933
36160,15.58915559432933
36161,15.58915559432933
36162,15.58915559432933
36163,15.58915559432933
36164,15.58915559432933
36165,15.58915559432933
36166,15.58915559432933
36167,15.58915559432933
36168,15.58915559432933
36169,15.58915559432933
36170,15.58915559432933
36171,15.58915559432933
36172,15.58915559432933
36173,15.58915559432933
36174,15.58915559432933
36175,15.58915559432933
36176,15.58915559432933
36177,15.58915559432933
36178,15.58915559432933
36179,15.58915559432933
36180,15.58915559432933
36181,15.58915559432933
36182,15.58915559432933
36183,15.58915559432933
36184,15.58915559432933
36185,15.58915559432933
36186,15.58915559432933
36187,15.58915559432933
36188,15.58915559432933
36189,15.58915559432933
36190,15.58915559432933
36191,15.58915559432933
36192,15.58915559432933
36193,15.58915559432933
36194,15.58915559432933
36195,15.58915559432933
36196,15.58915559432933
36197,15.58915559432933
36198,15.58915559432933
36199,15.58915559432933
36200,15.58915559432933
36201,15.58915559432933
36202,15.58915559432933
36203,15.58915559432933
36204,15.58915559432933
36205,15.58915559432933
36206,15.58915559432933
36207,15.58915559432933
36208,15.58915559432933
36209,15.58915559432933
36210,15.58915559432933
36211,15.58915559432933
36212,15.58915559432933
36213,15.58915559432933
36214,15.58915559432933
36215,15.58915559432933
36216,15.58915559432933
36217,15.58915559432933
36218,15.58915559432933
36219,15.58915559432933
36220,15.58915559432933
36221,15.58915559432933
36222,15.58915559432933
36223,15.58915559432933
36224,15.58915559432933
36225,15.58915559432933
36226,15.58915559432933
36227,15.58915559432933
36228,15.58915559432933
36229,15.58915559432933
36230,15.58915559432933
36231,15.58915559432933
36232,15.58915559432933
36233,15.58915559432933
36234,15.58915559432933
36235,15.58915559432933
36236,15.58915559432933
36237,15.58915559432933
36238,15.58915559432933
36239,15.58915559432933
36240,15.58915559432933
36241,15.58915559432933
36242,15.58915559432933
36243,15.58915559432933
36244,15.58915559432933
36245,15.58915559432933
36246,15.58915559432933
36247,15.58915559432933
36248,15.58915559432933
36249,15.58915559432933
36250,15.58915559432933
36251,15.58915559432933
36252,15.58915559432933
36253,15.58915559432933
36254,15.58915559432933
36255,15.58915559432933
36256,15.58915559432933
36257,15.58915559432933
36258,15.58915559432933
36259,15.58915559432933
36260,15.58915559432933
36261,15.58915559432933
36262,15.58915559432933
36263,15.58915559432933
36264,15.58915559432933
36265,15.58915559432933
36266,15.58915559432933
36267,15.58915559432933
36268,15.58915559432933
36269,15.58915559432933
36270,15.58915559432933
36271,15.58915559432933
36272,15.58915559432933
36273,15.58915559432933
36274,15.58915559432933
36275,15.58915559432933
36276,15.58915559432933
36277,15.58915559432933
36278,15.58915559432933
36279,15.58915559432933
36280,15.58915559432933
36281,15.58915559432933
36282,15.58915559432933
36283,15.58915559432933
36284,15.58915559432933
36285,15.58915559432933
36286,15.58915559432933
36287,15.58915559432933
36288,15.58915559432933
36289,15.58915559432933
36290,15.58915559432933
36291,15.58915559432933
36292,15.58915559432933
36293,15.58915559432933
36294,15.58915559432933
36295,15.58915559432933
36296,15.58915559432933
36297,15.58915559432933
36298,15.58915559432933
36299,15.58915559432933
36300,15.58915559432933
36301,15.58915559432933
36302,15.58915559432933
36303,15.58915559432933
36304,15.58915559432933
36305,15.58915559432933
36306,15.58915559432933
36307,15.58915559432933
36308,15.58915559432933
36309,15.58915559432933
36310,15.58915559432933
36311,15.58915559432933
36312,15.58915559432933
36313,15.58915559432933
36314,15.58915559432933
36315,15.58915559432933
36316,15.58915559432933
36317,15.58915559432933
36318,15.58915559432933
36319,15.58915559432933
36320,15.58915559432933
36321,15.58915559432933
36322,15.58915559432933
36323,15.58915559432933
36324,15.58915559432933
36325,15.58915559432933
36326,15.58915559432933
36327,15.58915559432933
36328,15.58915559432933
36329,15.58915559432933
36330,15.58915559432933
36331,15.58915559432933
36332,15.58915559432933
36333,15.58915559432933
36334,15.58915559432933
36335,15.58915559432933
36336,15.58915559432933
36337,15.58915559432933
36338,15.58915559432933
36339,15.58915559432933
36340,15.58915559432933
36341,15.58915559432933
36342,15.58915559432933
36343,15.58915559432933
36344,15.58915559432933
36345,15.58915559432933
36346,15.58915559432933
36347,15.58915559432933
36348,15.58915559432933
36349,15.58915559432933
36350,15.58915559432933
36351,15.58915559432933
36352,15.58915559432933
36353,15.58915559432933
36354,15.58915559432933
36355,15.58915559432933
36356,15.58915559432933
36357,15.58915559432933
36358,15.58915559432933
36359,15.58915559432933
36360,15.58915559432933
36361,15.58915559432933
36362,15.58915559432933
36363,15.58915559432933
36364,15.58915559432933
36365,15.58915559432933
36366,15.58915559432933
36367,15.58915559432933
36368,15.58915559432933
36369,15.58915559432933
36370,15.58915559432933
36371,15.58915559432933
36372,15.58915559432933
36373,15.58915559432933
36374,15.58915559432933
36375,15.58915559432933
36376,15.58915559432933
36377,15.58915559432933
36378,15.58915559432933
36379,15.58915559432933
36380,15.58915559432933
36381,15.58915559432933
36382,15.58915559432933
36383,15.58915559432933
36384,15.58915559432933
36385,15.58915559432933
36386,15.58915559432933
36387,15.58915559432933
36388,15.58915559432933
36389,15.58915559432933
36390,15.58915559432933
36391,15.58915559432933
36392,15.58915559432933
36393,15.58915559432933
36394,15.58915559432933
36395,15.58915559432933
36396,15.58915559432933
36397,15.58915559432933
36398,15.58915559432933
36399,15.58915559432933
36400,15.58915559432933
36401,15.58915559432933
36402,15.58915559432933
36403,15.58915559432933
36404,15.58915559432933
36405,15.58915559432933
36406,15.58915559432933
36407,15.58915559432933
36408,15.58915559432933
36409,15.58915559432933
36410,15.58915559432933
36411,15.58915559432933
36412,15.58915559432933
36413,15.58915559432933
36414,15.58915559432933
36415,15.58915559432933
36416,15.58915559432933
36417,15.58915559432933
36418,15.58915559432933
36419,15.58915559432933
36420,15.58915559432933
36421,15.58915559432933
36422,15.58915559432933
36423,15.58915559432933
36424,15.58915559432933
36425,15.58915559432933
36426,15.58915559432933
36427,15.58915559432933
36428,15.58915559432933
36429,15.58915559432933
36430,15.58915559432933
36431,15.58915559432933
36432,15.58915559432933
36433,15.58915559432933
36434,15.58915559432933
36435,15.58915559432933
36436,15.58915559432933
36437,15.58915559432933
36438,15.58915559432933
36439,15.58915559432933
36440,15.58915559432933
36441,15.58915559432933
36442,15.58915559432933
36443,15.58915559432933
36444,15.58915559432933
36445,15.58915559432933
36446,15.58915559432933
36447,15.58915559432933
36448,15.58915559432933
36449,15.58915559432933
36450,15.58915559432933
36451,15.58915559432933
36452,15.58915559432933
36453,15.58915559432933
36454,15.58915559432933
36455,15.58915559432933
36456,15.58915559432933
36457,15.58915559432933
36458,15.58915559432933
36459,15.58915559432933
36460,15.58915559432933
36461,15.58915559432933
36462,15.58915559432933
36463,15.58915559432933
36464,15.58915559432933
36465,15.58915559432933
36466,15.58915559432933
36467,15.58915559432933
36468,15.58915559432933
36469,15.58915559432933
36470,15.58915559432933
36471,15.58915559432933
36472,15.58915559432933
36473,15.58915559432933
36474,15.58915559432933
36475,15.58915559432933
36476,15.58915559432933
36477,15.58915559432933
36478,15.58915559432933
36479,15.58915559432933
36480,15.58915559432933
36481,15.58915559432933
36482,15.58915559432933
36483,15.58915559432933
36484,15.58915559432933
36485,15.58915559432933
36486,15.58915559432933
36487,15.58915559432933
36488,15.58915559432933
36489,15.58915559432933
36490,15.58915559432933
36491,15.58915559432933
36492,15.58915559432933
36493,15.58915559432933
36494,15.58915559432933
36495,15.58915559432933
36496,15.58915559432933
36497,15.58915559432933
36498,15.58915559432933
36499,15.58915559432933
36500,15.58915559432933
36501,15.58915559432933
36502,15.58915559432933
36503,15.58915559432933
36504,15.58915559432933
36505,15.58915559432933
36506,15.58915559432933
36507,15.58915559432933
36508,15.58915559432933
36509,15.58915559432933
36510,15.58915559432933
36511,15.58915559432933
36512,15.58915559432933
36513,15.58915559432933
36514,15.58915559432933
36515,15.58915559432933
36516,15.58915559432933
36517,15.58915559432933
36518,15.58915559432933
36519,15.58915559432933
36520,15.58915559432933
36521,15.58915559432933
36522,15.58915559432933
36523,15.58915559432933
36524,15.58915559432933
36525,15.58915559432933
36526,15.58915559432933
36527,15.58915559432933
36528,15.58915559432933
36529,15.58915559432933
36530,15.58915559432933
36531,15.58915559432933
36532,15.58915559432933
36533,15.58915559432933
36534,15.58915559432933
36535,15.58915559432933
36536,15.58915559432933
36537,15.58915559432933
36538,15.58915559432933
36539,15.58915559432933
36540,15.58915559432933
36541,15.58915559432933
36542,15.58915559432933
36543,15.58915559432933
36544,15.58915559432933
36545,15.58915559432933
36546,15.58915559432933
36547,15.58915559432933
36548,15.58915559432933
36549,15.58915559432933
36550,15.58915559432933
36551,15.58915559432933
36552,15.58915559432933
36553,15.58915559432933
36554,15.58915559432933
36555,15.58915559432933
36556,15.58915559432933
36557,15.58915559432933
36558,15.58915559432933
36559,15.58915559432933
36560,15.58915559432933
36561,15.58915559432933
36562,15.58915559432933
36563,15.58915559432933
36564,15.58915559432933
36565,15.58915559432933
36566,15.58915559432933
36567,15.58915559432933
36568,15.58915559432933
36569,15.58915559432933
36570,15.58915559432933
36571,15.58915559432933
36572,15.58915559432933
36573,15.58915559432933
36574,15.58915559432933
36575,15.58915559432933
36576,15.58915559432933
36577,15.58915559432933
36578,15.58915559432933
36579,15.58915559432933
36580,15.58915559432933
36581,15.58915559432933
36582,15.58915559432933
36583,15.58915559432933
36584,15.58915559432933
36585,15.58915559432933
36586,15.58915559432933
36587,15.58915559432933
36588,15.58915559432933
36589,15.58915559432933
36590,15.58915559432933
36591,15.58915559432933
36592,15.58915559432933
36593,15.58915559432933
36594,15.58915559432933
36595,15.58915559432933
36596,15.58915559432933
36597,15.58915559432933
36598,15.58915559432933
36599,15.58915559432933
36600,15.58915559432933
36601,15.58915559432933
36602,15.58915559432933
36603,15.58915559432933
36604,15.58915559432933
36605,15.58915559432933
36606,15.58915559432933
36607,15.58915559432933
36608,15.58915559432933
36609,15.58915559432933
36610,15.58915559432933
36611,15.58915559432933
36612,15.58915559432933
36613,15.58915559432933
36614,15.58915559432933
36615,15.58915559432933
36616,15.58915559432933
36617,15.58915559432933
36618,15.58915559432933
36619,15.58915559432933
36620,15.58915559432933
36621,15.58915559432933
36622,15.58915559432933
36623,15.58915559432933
36624,15.58915559432933
36625,15.58915559432933
36626,15.58915559432933
36627,15.58915559432933
36628,15.58915559432933
36629,15.58915559432933
36630,15.58915559432933
36631,15.58915559432933
36632,15.58915559432933
36633,15.58915559432933
36634,15.58915559432933
36635,15.58915559432933
36636,15.58915559432933
36637,15.58915559432933
36638,15.58915559432933
36639,15.58915559432933
36640,15.58915559432933
36641,15.58915559432933
36642,15.58915559432933
36643,15.58915559432933
36644,15.58915559432933
36645,15.58915559432933
36646,15.58915559432933
36647,15.58915559432933
36648,15.58915559432933
36649,15.58915559432933
36650,15.58915559432933
36651,15.58915559432933
36652,15.58915559432933
36653,15.58915559432933
36654,15.58915559432933
36655,15.58915559432933
36656,15.58915559432933
36657,15.58915559432933
36658,15.58915559432933
36659,15.58915559432933
36660,15.58915559432933
36661,15.58915559432933
36662,15.58915559432933
36663,15.58915559432933
36664,15.58915559432933
36665,15.58915559432933
36666,15.58915559432933
36667,15.58915559432933
36668,15.58915559432933
36669,15.58915559432933
36670,15.58915559432933
36671,15.58915559432933
36672,15.58915559432933
36673,15.58915559432933
36674,15.58915559432933
36675,15.58915559432933
36676,15.58915559432933
36677,15.58915559432933
36678,15.58915559432933
36679,15.58915559432933
36680,15.58915559432933
36681,15.58915559432933
36682,15.58915559432933
36683,15.58915559432933
36684,15.58915559432933
36685,15.58915559432933
36686,15.58915559432933
36687,15.58915559432933
36688,15.58915559432933
36689,15.58915559432933
36690,15.58915559432933
36691,15.58915559432933
36692,15.58915559432933
36693,15.58915559432933
36694,15.58915559432933
36695,15.58915559432933
36696,15.58915559432933
36697,15.58915559432933
36698,15.58915559432933
36699,15.58915559432933
36700,15.58915559432933
36701,15.58915559432933
36702,15.58915559432933
36703,15.58915559432933
36704,15.58915559432933
36705,15.58915559432933
36706,15.58915559432933
36707,15.58915559432933
36708,15.58915559432933
36709,15.58915559432933
36710,15.58915559432933
36711,15.58915559432933
36712,15.58915559432933
36713,15.58915559432933
36714,15.58915559432933
36715,15.58915559432933
36716,15.58915559432933
36717,15.58915559432933
36718,15.58915559432933
36719,15.58915559432933
36720,15.58915559432933
36721,15.58915559432933
36722,15.58915559432933
36723,15.58915559432933
36724,15.58915559432933
36725,15.58915559432933
36726,15.58915559432933
36727,15.58915559432933
36728,15.58915559432933
36729,15.58915559432933
36730,15.58915559432933
36731,15.58915559432933
36732,15.58915559432933
36733,15.58915559432933
36734,15.58915559432933
36735,15.58915559432933
36736,15.58915559432933
36737,15.58915559432933
36738,15.58915559432933
36739,15.58915559432933
36740,15.58915559432933
36741,15.58915559432933
36742,15.58915559432933
36743,15.58915559432933
36744,15.58915559432933
36745,15.58915559432933
36746,15.58915559432933
36747,15.58915559432933
36748,15.58915559432933
36749,15.58915559432933
36750,15.58915559432933
36751,15.58915559432933
36752,15.58915559432933
36753,15.58915559432933
36754,15.58915559432933
36755,15.58915559432933
36756,15.58915559432933
36757,15.58915559432933
36758,15.58915559432933
36759,15.58915559432933
36760,15.58915559432933
36761,15.58915559432933
36762,15.58915559432933
36763,15.58915559432933
36764,15.58915559432933
36765,15.58915559432933
36766,15.58915559432933
36767,15.58915559432933
36768,15.58915559432933
36769,15.58915559432933
36770,15.58915559432933
36771,15.58915559432933
36772,15.58915559432933
36773,15.58915559432933
36774,15.58915559432933
36775,15.58915559432933
36776,15.58915559432933
36777,15.58915559432933
36778,15.58915559432933
36779,15.58915559432933
36780,15.58915559432933
36781,15.58915559432933
36782,15.58915559432933
36783,15.58915559432933
36784,15.58915559432933
36785,15.58915559432933
36786,15.58915559432933
36787,15.58915559432933
36788,15.58915559432933
36789,15.58915559432933
36790,15.58915559432933
36791,15.58915559432933
36792,15.58915559432933
36793,15.58915559432933
36794,15.58915559432933
36795,15.58915559432933
36796,15.58915559432933
36797,15.58915559432933
36798,15.58915559432933
36799,15.58915559432933
36800,15.58915559432933
36801,15.58915559432933
36802,15.58915559432933
36803,15.58915559432933
36804,15.58915559432933
36805,15.58915559432933
36806,15.58915559432933
36807,15.58915559432933
36808,15.58915559432933
36809,15.58915559432933
36810,15.58915559432933
36811,15.58915559432933
36812,15.58915559432933
36813,15.58915559432933
36814,15.58915559432933
36815,15.58915559432933
36816,15.58915559432933
36817,15.58915559432933
36818,15.58915559432933
36819,15.58915559432933
36820,15.58915559432933
36821,15.58915559432933
36822,15.58915559432933
36823,15.58915559432933
36824,15.58915559432933
36825,15.58915559432933
36826,15.58915559432933
36827,15.58915559432933
36828,15.58915559432933
36829,15.58915559432933
36830,15.58915559432933
36831,15.58915559432933
36832,15.58915559432933
36833,15.58915559432933
36834,15.58915559432933
36835,15.58915559432933
36836,15.58915559432933
36837,15.58915559432933
36838,15.58915559432933
36839,15.58915559432933
36840,15.58915559432933
36841,15.58915559432933
36842,15.58915559432933
36843,15.58915559432933
36844,15.58915559432933
36845,15.58915559432933
36846,15.58915559432933
36847,15.58915559432933
36848,15.58915559432933
36849,15.58915559432933
36850,15.58915559432933
36851,15.58915559432933
36852,15.58915559432933
36853,15.58915559432933
36854,15.58915559432933
36855,15.58915559432933
36856,15.58915559432933
36857,15.58915559432933
36858,15.58915559432933
36859,15.58915559432933
36860,15.58915559432933
36861,15.58915559432933
36862,15.58915559432933
36863,15.58915559432933
36864,15.58915559432933
36865,15.58915559432933
36866,15.58915559432933
36867,15.58915559432933
36868,15.58915559432933
36869,15.58915559432933
36870,15.58915559432933
36871,15.58915559432933
36872,15.58915559432933
36873,15.58915559432933
36874,15.58915559432933
36875,15.58915559432933
36876,15.58915559432933
36877,15.58915559432933
36878,15.58915559432933
36879,15.58915559432933
36880,15.58915559432933
36881,15.58915559432933
36882,15.58915559432933
36883,15.58915559432933
36884,15.58915559432933
36885,15.58915559432933
36886,15.58915559432933
36887,15.58915559432933
36888,15.58915559432933
36889,15.58915559432933
36890,15.58915559432933
36891,15.58915559432933
36892,15.58915559432933
36893,15.58915559432933
36894,15.58915559432933
36895,15.58915559432933
36896,15.58915559432933
36897,15.58915559432933
36898,15.58915559432933
36899,15.58915559432933
36900,15.58915559432933
36901,15.58915559432933
36902,15.58915559432933
36903,15.58915559432933
36904,15.58915559432933
36905,15.58915559432933
36906,15.58915559432933
36907,15.58915559432933
36908,15.58915559432933
36909,15.58915559432933
36910,15.58915559432933
36911,15.58915559432933
36912,15.58915559432933
36913,15.58915559432933
36914,15.58915559432933
36915,15.58915559432933
36916,15.58915559432933
36917,15.58915559432933
36918,15.58915559432933
36919,15.58915559432933
36920,15.58915559432933
36921,15.58915559432933
36922,15.58915559432933
36923,15.58915559432933
36924,15.58915559432933
36925,15.58915559432933
36926,15.58915559432933
36927,15.58915559432933
36928,15.58915559432933
36929,15.58915559432933
36930,15.58915559432933
36931,15.58915559432933
36932,15.58915559432933
36933,15.58915559432933
36934,15.58915559432933
36935,15.58915559432933
36936,15.58915559432933
36937,15.58915559432933
36938,15.58915559432933
36939,15.58915559432933
36940,15.58915559432933
36941,15.58915559432933
36942,15.58915559432933
36943,15.58915559432933
36944,15.58915559432933
36945,15.58915559432933
36946,15.58915559432933
36947,15.58915559432933
36948,15.58915559432933
36949,15.58915559432933
36950,15.58915559432933
36951,15.58915559432933
36952,15.58915559432933
36953,15.58915559432933
36954,15.58915559432933
36955,15.58915559432933
36956,15.58915559432933
36957,15.58915559432933
36958,15.58915559432933
36959,15.58915559432933
36960,15.58915559432933
36961,15.58915559432933
36962,15.58915559432933
36963,15.58915559432933
36964,15.58915559432933
36965,15.58915559432933
36966,15.58915559432933
36967,15.58915559432933
36968,15.58915559432933
36969,15.58915559432933
36970,15.58915559432933
36971,15.58915559432933
36972,15.58915559432933
36973,15.58915559432933
36974,15.58915559432933
36975,15.58915559432933
36976,15.58915559432933
36977,15.58915559432933
36978,15.58915559432933
36979,15.58915559432933
36980,15.58915559432933
36981,15.58915559432933
36982,15.58915559432933
36983,15.58915559432933
36984,15.58915559432933
36985,15.58915559432933
36986,15.58915559432933
36987,15.58915559432933
36988,15.58915559432933
36989,15.58915559432933
36990,15.58915559432933
36991,15.58915559432933
36992,15.58915559432933
36993,15.58915559432933
36994,15.58915559432933
36995,15.58915559432933
36996,15.58915559432933
36997,15.58915559432933
36998,15.58915559432933
36999,15.58915559432933
37000,15.58915559432933
37001,15.58915559432933
37002,15.58915559432933
37003,15.58915559432933
37004,15.58915559432933
37005,15.58915559432933
37006,15.58915559432933
37007,15.58915559432933
37008,15.58915559432933
37009,15.58915559432933
37010,15.58915559432933
37011,15.58915559432933
37012,15.58915559432933
37013,15.58915559432933
37014,15.58915559432933
37015,15.58915559432933
37016,15.58915559432933
37017,15.58915559432933
37018,15.58915559432933
37019,15.58915559432933
37020,15.58915559432933
37021,15.58915559432933
37022,15.58915559432933
37023,15.58915559432933
37024,15.58915559432933
37025,15.58915559432933
37026,15.58915559432933
37027,15.58915559432933
37028,15.58915559432933
37029,15.58915559432933
37030,15.58915559432933
37031,15.58915559432933
37032,15.58915559432933
37033,15.58915559432933
37034,15.58915559432933
37035,15.58915559432933
37036,15.58915559432933
37037,15.58915559432933
37038,15.58915559432933
37039,15.58915559432933
37040,15.58915559432933
37041,15.58915559432933
37042,15.58915559432933
37043,15.58915559432933
37044,15.58915559432933
37045,15.58915559432933
37046,15.58915559432933
37047,15.58915559432933
37048,15.58915559432933
37049,15.58915559432933
37050,15.58915559432933
37051,15.58915559432933
37052,15.58915559432933
37053,15.58915559432933
37054,15.58915559432933
37055,15.58915559432933
37056,15.58915559432933
37057,15.58915559432933
37058,15.58915559432933
37059,15.58915559432933
37060,15.58915559432933
37061,15.58915559432933
37062,15.58915559432933
37063,15.58915559432933
37064,15.58915559432933
37065,15.58915559432933
37066,15.58915559432933
37067,15.58915559432933
37068,15.58915559432933
37069,15.58915559432933
37070,15.58915559432933
37071,15.58915559432933
37072,15.58915559432933
37073,15.58915559432933
37074,15.58915559432933
37075,15.58915559432933
37076,15.58915559432933
37077,15.58915559432933
37078,15.58915559432933
37079,15.58915559432933
37080,15.58915559432933
37081,15.58915559432933
37082,15.58915559432933
37083,15.58915559432933
37084,15.58915559432933
37085,15.58915559432933
37086,15.58915559432933
37087,15.58915559432933
37088,15.58915559432933
37089,15.58915559432933
37090,15.58915559432933
37091,15.58915559432933
37092,15.58915559432933
37093,15.58915559432933
37094,15.58915559432933
37095,15.58915559432933
37096,15.58915559432933
37097,15.58915559432933
37098,15.58915559432933
37099,15.58915559432933
37100,15.58915559432933
37101,15.58915559432933
37102,15.58915559432933
37103,15.58915559432933
37104,15.58915559432933
37105,15.58915559432933
37106,15.58915559432933
37107,15.58915559432933
37108,15.58915559432933
37109,15.58915559432933
37110,15.58915559432933
37111,15.58915559432933
37112,15.58915559432933
37113,15.58915559432933
37114,15.58915559432933
37115,15.58915559432933
37116,15.58915559432933
37117,15.58915559432933
37118,15.58915559432933
37119,15.58915559432933
37120,15.58915559432933
37121,15.58915559432933
37122,15.58915559432933
37123,15.58915559432933
37124,15.58915559432933
37125,15.58915559432933
37126,15.58915559432933
37127,15.58915559432933
37128,15.58915559432933
37129,15.58915559432933
37130,15.58915559432933
37131,15.58915559432933
37132,15.58915559432933
37133,15.58915559432933
37134,15.58915559432933
37135,15.58915559432933
37136,15.58915559432933
37137,15.58915559432933
37138,15.58915559432933
37139,15.58915559432933
37140,15.58915559432933
37141,15.58915559432933
37142,15.58915559432933
37143,15.58915559432933
37144,15.58915559432933
37145,15.58915559432933
37146,15.58915559432933
37147,15.58915559432933
37148,15.58915559432933
37149,15.58915559432933
37150,15.58915559432933
37151,15.58915559432933
37152,15.58915559432933
37153,15.58915559432933
37154,15.58915559432933
37155,15.58915559432933
37156,15.58915559432933
37157,15.58915559432933
37158,15.58915559432933
37159,15.58915559432933
37160,15.58915559432933
37161,15.58915559432933
37162,15.58915559432933
37163,15.58915559432933
37164,15.58915559432933
37165,15.58915559432933
37166,15.58915559432933
37167,15.58915559432933
37168,15.58915559432933
37169,15.58915559432933
37170,15.58915559432933
37171,15.58915559432933
37172,15.58915559432933
37173,15.58915559432933
37174,15.58915559432933
37175,15.58915559432933
37176,15.58915559432933
37177,15.58915559432933
37178,15.58915559432933
37179,15.58915559432933
37180,15.58915559432933
37181,15.58915559432933
37182,15.58915559432933
37183,15.58915559432933
37184,15.58915559432933
37185,15.58915559432933
37186,15.58915559432933
37187,15.58915559432933
37188,15.58915559432933
37189,15.58915559432933
37190,15.58915559432933
37191,15.58915559432933
37192,15.58915559432933
37193,15.58915559432933
37194,15.58915559432933
37195,15.58915559432933
37196,15.58915559432933
37197,15.58915559432933
37198,15.58915559432933
37199,15.58915559432933
37200,15.58915559432933
37201,15.58915559432933
37202,15.58915559432933
37203,15.58915559432933
37204,15.58915559432933
37205,15.58915559432933
37206,15.58915559432933
37207,15.58915559432933
37208,15.58915559432933
37209,15.58915559432933
37210,15.58915559432933
37211,15.58915559432933
37212,15.58915559432933
37213,15.58915559432933
37214,15.58915559432933
37215,15.58915559432933
37216,15.58915559432933
37217,15.58915559432933
37218,15.58915559432933
37219,15.58915559432933
37220,15.58915559432933
37221,15.58915559432933
37222,15.58915559432933
37223,15.58915559432933
37224,15.58915559432933
37225,15.58915559432933
37226,15.58915559432933
37227,15.58915559432933
37228,15.58915559432933
37229,15.58915559432933
37230,15.58915559432933
37231,15.58915559432933
37232,15.58915559432933
37233,15.58915559432933
37234,15.58915559432933
37235,15.58915559432933
37236,15.58915559432933
37237,15.58915559432933
37238,15.58915559432933
37239,15.58915559432933
37240,15.58915559432933
37241,15.58915559432933
37242,15.58915559432933
37243,15.58915559432933
37244,15.58915559432933
37245,15.58915559432933
37246,15.58915559432933
37247,15.58915559432933
37248,15.58915559432933
37249,15.58915559432933
37250,15.58915559432933
37251,15.58915559432933
37252,15.58915559432933
37253,15.58915559432933
37254,15.58915559432933
37255,15.58915559432933
37256,15.58915559432933
37257,15.58915559432933
37258,15.58915559432933
37259,15.58915559432933
37260,15.58915559432933
37261,15.58915559432933
37262,15.58915559432933
37263,15.58915559432933
37264,15.58915559432933
37265,15.58915559432933
37266,15.58915559432933
37267,15.58915559432933
37268,15.58915559432933
37269,15.58915559432933
37270,15.58915559432933
37271,15.58915559432933
37272,15.58915559432933
37273,15.58915559432933
37274,15.58915559432933
37275,15.58915559432933
37276,15.58915559432933
37277,15.58915559432933
37278,15.58915559432933
37279,15.58915559432933
37280,15.58915559432933
37281,15.58915559432933
37282,15.58915559432933
37283,15.58915559432933
37284,15.58915559432933
37285,15.58915559432933
37286,15.58915559432933
37287,15.58915559432933
37288,15.58915559432933
37289,15.58915559432933
37290,15.58915559432933
37291,15.58915559432933
37292,15.58915559432933
37293,15.58915559432933
37294,15.58915559432933
37295,15.58915559432933
37296,15.58915559432933
37297,15.58915559432933
37298,15.58915559432933
37299,15.58915559432933
37300,15.58915559432933
37301,15.58915559432933
37302,15.58915559432933
37303,15.58915559432933
37304,15.58915559432933
37305,15.58915559432933
37306,15.58915559432933
37307,15.58915559432933
37308,15.58915559432933
37309,15.58915559432933
37310,15.58915559432933
37311,15.58915559432933
37312,15.58915559432933
37313,15.58915559432933
37314,15.58915559432933
37315,15.58915559432933
37316,15.58915559432933
37317,15.58915559432933
37318,15.58915559432933
37319,15.58915559432933
37320,15.58915559432933
37321,15.58915559432933
37322,15.58915559432933
37323,15.58915559432933
37324,15.58915559432933
37325,15.58915559432933
37326,15.58915559432933
37327,15.58915559432933
37328,15.58915559432933
37329,15.58915559432933
37330,15.58915559432933
37331,15.58915559432933
37332,15.58915559432933
37333,15.58915559432933
37334,15.58915559432933
37335,15.58915559432933
37336,15.58915559432933
37337,15.58915559432933
37338,15.58915559432933
37339,15.58915559432933
37340,15.58915559432933
37341,15.58915559432933
37342,15.58915559432933
37343,15.58915559432933
37344,15.58915559432933
37345,15.58915559432933
37346,15.58915559432933
37347,15.58915559432933
37348,15.58915559432933
37349,15.58915559432933
37350,15.58915559432933
37351,15.58915559432933
37352,15.58915559432933
37353,15.58915559432933
37354,15.58915559432933
37355,15.58915559432933
37356,15.58915559432933
37357,15.58915559432933
37358,15.58915559432933
37359,15.58915559432933
37360,15.58915559432933
37361,15.58915559432933
37362,15.58915559432933
37363,15.58915559432933
37364,15.58915559432933
37365,15.58915559432933
37366,15.58915559432933
37367,15.58915559432933
37368,15.58915559432933
37369,15.58915559432933
37370,15.58915559432933
37371,15.58915559432933
37372,15.58915559432933
37373,15.58915559432933
37374,15.58915559432933
37375,15.58915559432933
37376,15.58915559432933
37377,15.58915559432933
37378,15.58915559432933
37379,15.58915559432933
37380,15.58915559432933
37381,15.58915559432933
37382,15.58915559432933
37383,15.58915559432933
37384,15.58915559432933
37385,15.58915559432933
37386,15.58915559432933
37387,15.58915559432933
37388,15.58915559432933
37389,15.58915559432933
37390,15.58915559432933
37391,15.58915559432933
37392,15.58915559432933
37393,15.58915559432933
37394,15.58915559432933
37395,15.58915559432933
37396,15.58915559432933
37397,15.58915559432933
37398,15.58915559432933
37399,15.58915559432933
37400,15.58915559432933
37401,15.58915559432933
37402,15.58915559432933
37403,15.58915559432933
37404,15.58915559432933
37405,15.58915559432933
37406,15.58915559432933
37407,15.58915559432933
37408,15.58915559432933
37409,15.58915559432933
37410,15.58915559432933
37411,15.58915559432933
37412,15.58915559432933
37413,15.58915559432933
37414,15.58915559432933
37415,15.58915559432933
37416,15.58915559432933
37417,15.58915559432933
37418,15.58915559432933
37419,15.58915559432933
37420,15.58915559432933
37421,15.58915559432933
37422,15.58915559432933
37423,15.58915559432933
37424,15.58915559432933
37425,15.58915559432933
37426,15.58915559432933
37427,15.58915559432933
37428,15.58915559432933
37429,15.58915559432933
37430,15.58915559432933
37431,15.58915559432933
37432,15.58915559432933
37433,15.58915559432933
37434,15.58915559432933
37435,15.58915559432933
37436,15.58915559432933
37437,15.58915559432933
37438,15.58915559432933
37439,15.58915559432933
37440,15.58915559432933
37441,15.58915559432933
37442,15.58915559432933
37443,15.58915559432933
37444,15.58915559432933
37445,15.58915559432933
37446,15.58915559432933
37447,15.58915559432933
37448,15.58915559432933
37449,15.58915559432933
37450,15.58915559432933
37451,15.58915559432933
37452,15.58915559432933
37453,15.58915559432933
37454,15.58915559432933
37455,15.58915559432933
37456,15.58915559432933
37457,15.58915559432933
37458,15.58915559432933
37459,15.58915559432933
37460,15.58915559432933
37461,15.58915559432933
37462,15.58915559432933
37463,15.58915559432933
37464,15.58915559432933
37465,15.58915559432933
37466,15.58915559432933
37467,15.58915559432933
37468,15.58915559432933
37469,15.58915559432933
37470,15.58915559432933
37471,15.58915559432933
37472,15.58915559432933
37473,15.58915559432933
37474,15.58915559432933
37475,15.58915559432933
37476,15.58915559432933
37477,15.58915559432933
37478,15.58915559432933
37479,15.58915559432933
37480,15.58915559432933
37481,15.58915559432933
37482,15.58915559432933
37483,15.58915559432933
37484,15.58915559432933
37485,15.58915559432933
37486,15.58915559432933
37487,15.58915559432933
37488,15.58915559432933
37489,15.58915559432933
37490,15.58915559432933
37491,15.58915559432933
37492,15.58915559432933
37493,15.58915559432933
37494,15.58915559432933
37495,15.58915559432933
37496,15.58915559432933
37497,15.58915559432933
37498,15.58915559432933
37499,15.58915559432933
37500,15.58915559432933
37501,15.58915559432933
37502,15.58915559432933
37503,15.58915559432933
37504,15.58915559432933
37505,15.58915559432933
37506,15.58915559432933
37507,15.58915559432933
37508,15.58915559432933
37509,15.58915559432933
37510,15.58915559432933
37511,15.58915559432933
37512,15.58915559432933
37513,15.58915559432933
37514,15.58915559432933
37515,15.58915559432933
37516,15.58915559432933
37517,15.58915559432933
37518,15.58915559432933
37519,15.58915559432933
37520,15.58915559432933
37521,15.58915559432933
37522,15.58915559432933
37523,15.58915559432933
37524,15.58915559432933
37525,15.58915559432933
37526,15.58915559432933
37527,15.58915559432933
37528,15.58915559432933
37529,15.58915559432933
37530,15.58915559432933
37531,15.58915559432933
37532,15.58915559432933
37533,15.58915559432933
37534,15.58915559432933
37535,15.58915559432933
37536,15.58915559432933
37537,15.58915559432933
37538,15.58915559432933
37539,15.58915559432933
37540,15.58915559432933
37541,15.58915559432933
37542,15.58915559432933
37543,15.58915559432933
37544,15.58915559432933
37545,15.58915559432933
37546,15.58915559432933
37547,15.58915559432933
37548,15.58915559432933
37549,15.58915559432933
37550,15.58915559432933
37551,15.58915559432933
37552,15.58915559432933
37553,15.58915559432933
37554,15.58915559432933
37555,15.58915559432933
37556,15.58915559432933
37557,15.58915559432933
37558,15.58915559432933
37559,15.58915559432933
37560,15.58915559432933
37561,15.58915559432933
37562,15.58915559432933
37563,15.58915559432933
37564,15.58915559432933
37565,15.58915559432933
37566,15.58915559432933
37567,15.58915559432933
37568,15.58915559432933
37569,15.58915559432933
37570,15.58915559432933
37571,15.58915559432933
37572,15.58915559432933
37573,15.58915559432933
37574,15.58915559432933
37575,15.58915559432933
37576,15.58915559432933
37577,15.58915559432933
37578,15.58915559432933
37579,15.58915559432933
37580,15.58915559432933
37581,15.58915559432933
37582,15.58915559432933
37583,15.58915559432933
37584,15.58915559432933
37585,15.58915559432933
37586,15.58915559432933
37587,15.58915559432933
37588,15.58915559432933
37589,15.58915559432933
37590,15.58915559432933
37591,15.58915559432933
37592,15.58915559432933
37593,15.58915559432933
37594,15.58915559432933
37595,15.58915559432933
37596,15.58915559432933
37597,15.58915559432933
37598,15.58915559432933
37599,15.58915559432933
37600,15.58915559432933
37601,15.58915559432933
37602,15.58915559432933
37603,15.58915559432933
37604,15.58915559432933
37605,15.58915559432933
37606,15.58915559432933
37607,15.58915559432933
37608,15.58915559432933
37609,15.58915559432933
37610,15.58915559432933
37611,15.58915559432933
37612,15.58915559432933
37613,15.58915559432933
37614,15.58915559432933
37615,15.58915559432933
37616,15.58915559432933
37617,15.58915559432933
37618,15.58915559432933
37619,15.58915559432933
37620,15.58915559432933
37621,15.58915559432933
37622,15.58915559432933
37623,15.58915559432933
37624,15.58915559432933
37625,15.58915559432933
37626,15.58915559432933
37627,15.58915559432933
37628,15.58915559432933
37629,15.58915559432933
37630,15.58915559432933
37631,15.58915559432933
37632,15.58915559432933
37633,15.58915559432933
37634,15.58915559432933
37635,15.58915559432933
37636,15.58915559432933
37637,15.58915559432933
37638,15.58915559432933
37639,15.58915559432933
37640,15.58915559432933
37641,15.58915559432933
37642,15.58915559432933
37643,15.58915559432933
37644,15.58915559432933
37645,15.58915559432933
37646,15.58915559432933
37647,15.58915559432933
37648,15.58915559432933
37649,15.58915559432933
37650,15.58915559432933
37651,15.58915559432933
37652,15.58915559432933
37653,15.58915559432933
37654,15.58915559432933
37655,15.58915559432933
37656,15.58915559432933
37657,15.58915559432933
37658,15.58915559432933
37659,15.58915559432933
37660,15.58915559432933
37661,15.58915559432933
37662,15.58915559432933
37663,15.58915559432933
37664,15.58915559432933
37665,15.58915559432933
37666,15.58915559432933
37667,15.58915559432933
37668,15.58915559432933
37669,15.58915559432933
37670,15.58915559432933
37671,15.58915559432933
37672,15.58915559432933
37673,15.58915559432933
37674,15.58915559432933
37675,15.58915559432933
37676,15.58915559432933
37677,15.58915559432933
37678,15.58915559432933
37679,15.58915559432933
37680,15.58915559432933
37681,15.58915559432933
37682,15.58915559432933
37683,15.58915559432933
37684,15.58915559432933
37685,15.58915559432933
37686,15.58915559432933
37687,15.58915559432933
37688,15.58915559432933
37689,15.58915559432933
37690,15.58915559432933
37691,15.58915559432933
37692,15.58915559432933
37693,15.58915559432933
37694,15.58915559432933
37695,15.58915559432933
37696,15.58915559432933
37697,15.58915559432933
37698,15.58915559432933
37699,15.58915559432933
37700,15.58915559432933
37701,15.58915559432933
37702,15.58915559432933
37703,15.58915559432933
37704,15.58915559432933
37705,15.58915559432933
37706,15.58915559432933
37707,15.58915559432933
37708,15.58915559432933
37709,15.58915559432933
37710,15.58915559432933
37711,15.58915559432933
37712,15.58915559432933
37713,15.58915559432933
37714,15.58915559432933
37715,15.58915559432933
37716,15.58915559432933
37717,15.58915559432933
37718,15.58915559432933
37719,15.58915559432933
37720,15.58915559432933
37721,15.58915559432933
37722,15.58915559432933
37723,15.58915559432933
37724,15.58915559432933
37725,15.58915559432933
37726,15.58915559432933
37727,15.58915559432933
37728,15.58915559432933
37729,15.58915559432933
37730,15.58915559432933
37731,15.58915559432933
37732,15.58915559432933
37733,15.58915559432933
37734,15.58915559432933
37735,15.58915559432933
37736,15.58915559432933
37737,15.58915559432933
37738,15.58915559432933
37739,15.58915559432933
37740,15.58915559432933
37741,15.58915559432933
37742,15.58915559432933
37743,15.58915559432933
37744,15.58915559432933
37745,15.58915559432933
37746,15.58915559432933
37747,15.58915559432933
37748,15.58915559432933
37749,15.58915559432933
37750,15.58915559432933
37751,15.58915559432933
37752,15.58915559432933
37753,15.58915559432933
37754,15.58915559432933
37755,15.58915559432933
37756,15.58915559432933
37757,15.58915559432933
37758,15.58915559432933
37759,15.58915559432933
37760,15.58915559432933
37761,15.58915559432933
37762,15.58915559432933
37763,15.58915559432933
37764,15.58915559432933
37765,15.58915559432933
37766,15.58915559432933
37767,15.58915559432933
37768,15.58915559432933
37769,15.58915559432933
37770,15.58915559432933
37771,15.58915559432933
37772,15.58915559432933
37773,15.58915559432933
37774,15.58915559432933
37775,15.58915559432933
37776,15.58915559432933
37777,15.58915559432933
37778,15.58915559432933
37779,15.58915559432933
37780,15.58915559432933
37781,15.58915559432933
37782,15.58915559432933
37783,15.58915559432933
37784,15.58915559432933
37785,15.58915559432933
37786,15.58915559432933
37787,15.58915559432933
37788,15.58915559432933
37789,15.58915559432933
37790,15.58915559432933
37791,15.58915559432933
37792,15.58915559432933
37793,15.58915559432933
37794,15.58915559432933
37795,15.58915559432933
37796,15.58915559432933
37797,15.58915559432933
37798,15.58915559432933
37799,15.58915559432933
37800,15.58915559432933
37801,15.58915559432933
37802,15.58915559432933
37803,15.58915559432933
37804,15.58915559432933
37805,15.58915559432933
37806,15.58915559432933
37807,15.58915559432933
37808,15.58915559432933
37809,15.58915559432933
37810,15.58915559432933
37811,15.58915559432933
37812,15.58915559432933
37813,15.58915559432933
37814,15.58915559432933
37815,15.58915559432933
37816,15.58915559432933
37817,15.58915559432933
37818,15.58915559432933
37819,15.58915559432933
37820,15.58915559432933
37821,15.58915559432933
37822,15.58915559432933
37823,15.58915559432933
37824,15.58915559432933
37825,15.58915559432933
37826,15.58915559432933
37827,15.58915559432933
37828,15.58915559432933
37829,15.58915559432933
37830,15.58915559432933
37831,15.58915559432933
37832,15.58915559432933
37833,15.58915559432933
37834,15.58915559432933
37835,15.58915559432933
37836,15.58915559432933
37837,15.58915559432933
37838,15.58915559432933
37839,15.58915559432933
37840,15.58915559432933
37841,15.58915559432933
37842,15.58915559432933
37843,15.58915559432933
37844,15.58915559432933
37845,15.58915559432933
37846,15.58915559432933
37847,15.58915559432933
37848,15.58915559432933
37849,15.58915559432933
37850,15.58915559432933
37851,15.58915559432933
37852,15.58915559432933
37853,15.58915559432933
37854,15.58915559432933
37855,15.58915559432933
37856,15.58915559432933
37857,15.58915559432933
37858,15.58915559432933
37859,15.58915559432933
37860,15.58915559432933
37861,15.58915559432933
37862,15.58915559432933
37863,15.58915559432933
37864,15.58915559432933
37865,15.58915559432933
37866,15.58915559432933
37867,15.58915559432933
37868,15.58915559432933
37869,15.58915559432933
37870,15.58915559432933
37871,15.58915559432933
37872,15.58915559432933
37873,15.58915559432933
37874,15.58915559432933
37875,15.58915559432933
37876,15.58915559432933
37877,15.58915559432933
37878,15.58915559432933
37879,15.58915559432933
37880,15.58915559432933
37881,15.58915559432933
37882,15.58915559432933
37883,15.58915559432933
37884,15.58915559432933
37885,15.58915559432933
37886,15.58915559432933
37887,15.58915559432933
37888,15.58915559432933
37889,15.58915559432933
37890,15.58915559432933
37891,15.58915559432933
37892,15.58915559432933
37893,15.58915559432933
37894,15.58915559432933
37895,15.58915559432933
37896,15.58915559432933
37897,15.58915559432933
37898,15.58915559432933
37899,15.58915559432933
37900,15.58915559432933
37901,15.58915559432933
37902,15.58915559432933
37903,15.58915559432933
37904,15.58915559432933
37905,15.58915559432933
37906,15.58915559432933
37907,15.58915559432933
37908,15.58915559432933
37909,15.58915559432933
37910,15.58915559432933
37911,15.58915559432933
37912,15.58915559432933
37913,15.58915559432933
37914,15.58915559432933
37915,15.58915559432933
37916,15.58915559432933
37917,15.58915559432933
37918,15.58915559432933
37919,15.58915559432933
37920,15.58915559432933
37921,15.58915559432933
37922,15.58915559432933
37923,15.58915559432933
37924,15.58915559432933
37925,15.58915559432933
37926,15.58915559432933
37927,15.58915559432933
37928,15.58915559432933
37929,15.58915559432933
37930,15.58915559432933
37931,15.58915559432933
37932,15.58915559432933
37933,15.58915559432933
37934,15.58915559432933
37935,15.58915559432933
37936,15.58915559432933
37937,15.58915559432933
37938,15.58915559432933
37939,15.58915559432933
37940,15.58915559432933
37941,15.58915559432933
37942,15.58915559432933
37943,15.58915559432933
37944,15.58915559432933
37945,15.58915559432933
37946,15.58915559432933
37947,15.58915559432933
37948,15.58915559432933
37949,15.58915559432933
37950,15.58915559432933
37951,15.58915559432933
37952,15.58915559432933
37953,15.58915559432933
37954,15.58915559432933
37955,15.58915559432933
37956,15.58915559432933
37957,15.58915559432933
37958,15.58915559432933
37959,15.58915559432933
37960,15.58915559432933
37961,15.58915559432933
37962,15.58915559432933
37963,15.58915559432933
37964,15.58915559432933
37965,15.58915559432933
37966,15.58915559432933
37967,15.58915559432933
37968,15.58915559432933
37969,15.58915559432933
37970,15.58915559432933
37971,15.58915559432933
37972,15.58915559432933
37973,15.58915559432933
37974,15.58915559432933
37975,15.58915559432933
37976,15.58915559432933
37977,15.58915559432933
37978,15.58915559432933
37979,15.58915559432933
37980,15.58915559432933
37981,15.58915559432933
37982,15.58915559432933
37983,15.58915559432933
37984,15.58915559432933
37985,15.58915559432933
37986,15.58915559432933
37987,15.58915559432933
37988,15.58915559432933
37989,15.58915559432933
37990,15.58915559432933
37991,15.58915559432933
37992,15.58915559432933
37993,15.58915559432933
37994,15.58915559432933
37995,15.58915559432933
37996,15.58915559432933
37997,15.58915559432933
37998,15.58915559432933
37999,15.58915559432933
38000,15.58915559432933
38001,15.58915559432933
38002,15.58915559432933
38003,15.58915559432933
38004,15.58915559432933
38005,15.58915559432933
38006,15.58915559432933
38007,15.58915559432933
38008,15.58915559432933
38009,15.58915559432933
38010,15.58915559432933
38011,15.58915559432933
38012,15.58915559432933
38013,15.58915559432933
38014,15.58915559432933
38015,15.58915559432933
38016,15.58915559432933
38017,15.58915559432933
38018,15.58915559432933
38019,15.58915559432933
38020,15.58915559432933
38021,15.58915559432933
38022,15.58915559432933
38023,15.58915559432933
38024,15.58915559432933
38025,15.58915559432933
38026,15.58915559432933
38027,15.58915559432933
38028,15.58915559432933
38029,15.58915559432933
38030,15.58915559432933
38031,15.58915559432933
38032,15.58915559432933
38033,15.58915559432933
38034,15.58915559432933
38035,15.58915559432933
38036,15.58915559432933
38037,15.58915559432933
38038,15.58915559432933
38039,15.58915559432933
38040,15.58915559432933
38041,15.58915559432933
38042,15.58915559432933
38043,15.58915559432933
38044,15.58915559432933
38045,15.58915559432933
38046,15.58915559432933
38047,15.58915559432933
38048,15.58915559432933
38049,15.58915559432933
38050,15.58915559432933
38051,15.58915559432933
38052,15.58915559432933
38053,15.58915559432933
38054,15.58915559432933
38055,15.58915559432933
38056,15.58915559432933
38057,15.58915559432933
38058,15.58915559432933
38059,15.58915559432933
38060,15.58915559432933
38061,15.58915559432933
38062,15.58915559432933
38063,15.58915559432933
38064,15.58915559432933
38065,15.58915559432933
38066,15.58915559432933
38067,15.58915559432933
38068,15.58915559432933
38069,15.58915559432933
38070,15.58915559432933
38071,15.58915559432933
38072,15.58915559432933
38073,15.58915559432933
38074,15.58915559432933
38075,15.58915559432933
38076,15.58915559432933
38077,15.58915559432933
38078,15.58915559432933
38079,15.58915559432933
38080,15.58915559432933
38081,15.58915559432933
38082,15.58915559432933
38083,15.58915559432933
38084,15.58915559432933
38085,15.58915559432933
38086,15.58915559432933
38087,15.58915559432933
38088,15.58915559432933
38089,15.58915559432933
38090,15.58915559432933
38091,15.58915559432933
38092,15.58915559432933
38093,15.58915559432933
38094,15.58915559432933
38095,15.58915559432933
38096,15.58915559432933
38097,15.58915559432933
38098,15.58915559432933
38099,15.58915559432933
38100,15.58915559432933
38101,15.58915559432933
38102,15.58915559432933
38103,15.58915559432933
38104,15.58915559432933
38105,15.58915559432933
38106,15.58915559432933
38107,15.58915559432933
38108,15.58915559432933
38109,15.58915559432933
38110,15.58915559432933
38111,15.58915559432933
38112,15.58915559432933
38113,15.58915559432933
38114,15.58915559432933
38115,15.58915559432933
38116,15.58915559432933
38117,15.58915559432933
38118,15.58915559432933
38119,15.58915559432933
38120,15.58915559432933
38121,15.58915559432933
38122,15.58915559432933
38123,15.58915559432933
38124,15.58915559432933
38125,15.58915559432933
38126,15.58915559432933
38127,15.58915559432933
38128,15.58915559432933
38129,15.58915559432933
38130,15.58915559432933
38131,15.58915559432933
38132,15.58915559432933
38133,15.58915559432933
38134,15.58915559432933
38135,15.58915559432933
38136,15.58915559432933
38137,15.58915559432933
38138,15.58915559432933
38139,15.58915559432933
38140,15.58915559432933
38141,15.58915559432933
38142,15.58915559432933
38143,15.58915559432933
38144,15.58915559432933
38145,15.58915559432933
38146,15.58915559432933
38147,15.58915559432933
38148,15.58915559432933
38149,15.58915559432933
38150,15.58915559432933
38151,15.58915559432933
38152,15.58915559432933
38153,15.58915559432933
38154,15.58915559432933
38155,15.58915559432933
38156,15.58915559432933
38157,15.58915559432933
38158,15.58915559432933
38159,15.58915559432933
38160,15.58915559432933
38161,15.58915559432933
38162,15.58915559432933
38163,15.58915559432933
38164,15.58915559432933
38165,15.58915559432933
38166,15.58915559432933
38167,15.58915559432933
38168,15.58915559432933
38169,15.58915559432933
38170,15.58915559432933
38171,15.58915559432933
38172,15.58915559432933
38173,15.58915559432933
38174,15.58915559432933
38175,15.58915559432933
38176,15.58915559432933
38177,15.58915559432933
38178,15.58915559432933
38179,15.58915559432933
38180,15.58915559432933
38181,15.58915559432933
38182,15.58915559432933
38183,15.58915559432933
38184,15.58915559432933
38185,15.58915559432933
38186,15.58915559432933
38187,15.58915559432933
38188,15.58915559432933
38189,15.58915559432933
38190,15.58915559432933
38191,15.58915559432933
38192,15.58915559432933
38193,15.58915559432933
38194,15.58915559432933
38195,15.58915559432933
38196,15.58915559432933
38197,15.58915559432933
38198,15.58915559432933
38199,15.58915559432933
38200,15.58915559432933
38201,15.58915559432933
38202,15.58915559432933
38203,15.58915559432933
38204,15.58915559432933
38205,15.58915559432933
38206,15.58915559432933
38207,15.58915559432933
38208,15.58915559432933
38209,15.58915559432933
38210,15.58915559432933
38211,15.58915559432933
38212,15.58915559432933
38213,15.58915559432933
38214,15.58915559432933
38215,15.58915559432933
38216,15.58915559432933
38217,15.58915559432933
38218,15.58915559432933
38219,15.58915559432933
38220,15.58915559432933
38221,15.58915559432933
38222,15.58915559432933
38223,15.58915559432933
38224,15.58915559432933
38225,15.58915559432933
38226,15.58915559432933
38227,15.58915559432933
38228,15.58915559432933
38229,15.58915559432933
38230,15.58915559432933
38231,15.58915559432933
38232,15.58915559432933
38233,15.58915559432933
38234,15.58915559432933
38235,15.58915559432933
38236,15.58915559432933
38237,15.58915559432933
38238,15.58915559432933
38239,15.58915559432933
38240,15.58915559432933
38241,15.58915559432933
38242,15.58915559432933
38243,15.58915559432933
38244,15.58915559432933
38245,15.58915559432933
38246,15.58915559432933
38247,15.58915559432933
38248,15.58915559432933
38249,15.58915559432933
38250,15.58915559432933
38251,15.58915559432933
38252,15.58915559432933
38253,15.58915559432933
38254,15.58915559432933
38255,15.58915559432933
38256,15.58915559432933
38257,15.58915559432933
38258,15.58915559432933
38259,15.58915559432933
38260,15.58915559432933
38261,15.58915559432933
38262,15.58915559432933
38263,15.58915559432933
38264,15.58915559432933
38265,15.58915559432933
38266,15.58915559432933
38267,15.58915559432933
38268,15.58915559432933
38269,15.58915559432933
38270,15.58915559432933
38271,15.58915559432933
38272,15.58915559432933
38273,15.58915559432933
38274,15.58915559432933
38275,15.58915559432933
38276,15.58915559432933
38277,15.58915559432933
38278,15.58915559432933
38279,15.58915559432933
38280,15.58915559432933
38281,15.58915559432933
38282,15.58915559432933
38283,15.58915559432933
38284,15.58915559432933
38285,15.58915559432933
38286,15.58915559432933
38287,15.58915559432933
38288,15.58915559432933
38289,15.58915559432933
38290,15.58915559432933
38291,15.58915559432933
38292,15.58915559432933
38293,15.58915559432933
38294,15.58915559432933
38295,15.58915559432933
38296,15.58915559432933
38297,15.58915559432933
38298,15.58915559432933
38299,15.58915559432933
38300,15.58915559432933
38301,15.58915559432933
38302,15.58915559432933
38303,15.58915559432933
38304,15.58915559432933
38305,15.58915559432933
38306,15.58915559432933
38307,15.58915559432933
38308,15.58915559432933
38309,15.58915559432933
38310,15.58915559432933
38311,15.58915559432933
38312,15.58915559432933
38313,15.58915559432933
38314,15.58915559432933
38315,15.58915559432933
38316,15.58915559432933
38317,15.58915559432933
38318,15.58915559432933
38319,15.58915559432933
38320,15.58915559432933
38321,15.58915559432933
38322,15.58915559432933
38323,15.58915559432933
38324,15.58915559432933
38325,15.58915559432933
38326,15.58915559432933
38327,15.58915559432933
38328,15.58915559432933
38329,15.58915559432933
38330,15.58915559432933
38331,15.58915559432933
38332,15.58915559432933
38333,15.58915559432933
38334,15.58915559432933
38335,15.58915559432933
38336,15.58915559432933
38337,15.58915559432933
38338,15.58915559432933
38339,15.58915559432933
38340,15.58915559432933
38341,15.58915559432933
38342,15.58915559432933
38343,15.58915559432933
38344,15.58915559432933
38345,15.58915559432933
38346,15.58915559432933
38347,15.58915559432933
38348,15.58915559432933
38349,15.58915559432933
38350,15.58915559432933
38351,15.58915559432933
38352,15.58915559432933
38353,15.58915559432933
38354,15.58915559432933
38355,15.58915559432933
38356,15.58915559432933
38357,15.58915559432933
38358,15.58915559432933
38359,15.58915559432933
38360,15.58915559432933
38361,15.58915559432933
38362,15.58915559432933
38363,15.58915559432933
38364,15.58915559432933
38365,15.58915559432933
38366,15.58915559432933
38367,15.58915559432933
38368,15.58915559432933
38369,15.58915559432933
38370,15.58915559432933
38371,15.58915559432933
38372,15.58915559432933
38373,15.58915559432933
38374,15.58915559432933
38375,15.58915559432933
38376,15.58915559432933
38377,15.58915559432933
38378,15.58915559432933
38379,15.58915559432933
38380,15.58915559432933
38381,15.58915559432933
38382,15.58915559432933
38383,15.58915559432933
38384,15.58915559432933
38385,15.58915559432933
38386,15.58915559432933
38387,15.58915559432933
38388,15.58915559432933
38389,15.58915559432933
38390,15.58915559432933
38391,15.58915559432933
38392,15.58915559432933
38393,15.58915559432933
38394,15.58915559432933
38395,15.58915559432933
38396,15.58915559432933
38397,15.58915559432933
38398,15.58915559432933
38399,15.58915559432933
38400,15.58915559432933
38401,15.58915559432933
38402,15.58915559432933
38403,15.58915559432933
38404,15.58915559432933
38405,15.58915559432933
38406,15.58915559432933
38407,15.58915559432933
38408,15.58915559432933
38409,15.58915559432933
38410,15.58915559432933
38411,15.58915559432933
38412,15.58915559432933
38413,15.58915559432933
38414,15.58915559432933
38415,15.58915559432933
38416,15.58915559432933
38417,15.58915559432933
38418,15.58915559432933
38419,15.58915559432933
38420,15.58915559432933
38421,15.58915559432933
38422,15.58915559432933
38423,15.58915559432933
38424,15.58915559432933
38425,15.58915559432933
38426,15.58915559432933
38427,15.58915559432933
38428,15.58915559432933
38429,15.58915559432933
38430,15.58915559432933
38431,15.58915559432933
38432,15.58915559432933
38433,15.58915559432933
38434,15.58915559432933
38435,15.58915559432933
38436,15.58915559432933
38437,15.58915559432933
38438,15.58915559432933
38439,15.58915559432933
38440,15.58915559432933
38441,15.58915559432933
38442,15.58915559432933
38443,15.58915559432933
38444,15.58915559432933
38445,15.58915559432933
38446,15.58915559432933
38447,15.58915559432933
38448,15.58915559432933
38449,15.58915559432933
38450,15.58915559432933
38451,15.58915559432933
38452,15.58915559432933
38453,15.58915559432933
38454,15.58915559432933
38455,15.58915559432933
38456,15.58915559432933
38457,15.58915559432933
38458,15.58915559432933
38459,15.58915559432933
38460,15.58915559432933
38461,15.58915559432933
38462,15.58915559432933
38463,15.58915559432933
38464,15.58915559432933
38465,15.58915559432933
38466,15.58915559432933
38467,15.58915559432933
38468,15.58915559432933
38469,15.58915559432933
38470,15.58915559432933
38471,15.58915559432933
38472,15.58915559432933
38473,15.58915559432933
38474,15.58915559432933
38475,15.58915559432933
38476,15.58915559432933
38477,15.58915559432933
38478,15.58915559432933
38479,15.58915559432933
38480,15.58915559432933
38481,15.58915559432933
38482,15.58915559432933
38483,15.58915559432933
38484,15.58915559432933
38485,15.58915559432933
38486,15.58915559432933
38487,15.58915559432933
38488,15.58915559432933
38489,15.58915559432933
38490,15.58915559432933
38491,15.58915559432933
38492,15.58915559432933
38493,15.58915559432933
38494,15.58915559432933
38495,15.58915559432933
38496,15.58915559432933
38497,15.58915559432933
38498,15.58915559432933
38499,15.58915559432933
38500,15.58915559432933
38501,15.58915559432933
38502,15.58915559432933
38503,15.58915559432933
38504,15.58915559432933
38505,15.58915559432933
38506,15.58915559432933
38507,15.58915559432933
38508,15.58915559432933
38509,15.58915559432933
38510,15.58915559432933
38511,15.58915559432933
38512,15.58915559432933
38513,15.58915559432933
38514,15.58915559432933
38515,15.58915559432933
38516,15.58915559432933
38517,15.58915559432933
38518,15.58915559432933
38519,15.58915559432933
38520,15.58915559432933
38521,15.58915559432933
38522,15.58915559432933
38523,15.58915559432933
38524,15.58915559432933
38525,15.58915559432933
38526,15.58915559432933
38527,15.58915559432933
38528,15.58915559432933
38529,15.58915559432933
38530,15.58915559432933
38531,15.58915559432933
38532,15.58915559432933
38533,15.58915559432933
38534,15.58915559432933
38535,15.58915559432933
38536,15.58915559432933
38537,15.58915559432933
38538,15.58915559432933
38539,15.58915559432933
38540,15.58915559432933
38541,15.58915559432933
38542,15.58915559432933
38543,15.58915559432933
38544,15.58915559432933
38545,15.58915559432933
38546,15.58915559432933
38547,15.58915559432933
38548,15.58915559432933
38549,15.58915559432933
38550,15.58915559432933
38551,15.58915559432933
38552,15.58915559432933
38553,15.58915559432933
38554,15.58915559432933
38555,15.58915559432933
38556,15.58915559432933
38557,15.58915559432933
38558,15.58915559432933
38559,15.58915559432933
38560,15.58915559432933
38561,15.58915559432933
38562,15.58915559432933
38563,15.58915559432933
38564,15.58915559432933
38565,15.58915559432933
38566,15.58915559432933
38567,15.58915559432933
38568,15.58915559432933
38569,15.58915559432933
38570,15.58915559432933
38571,15.58915559432933
38572,15.58915559432933
38573,15.58915559432933
38574,15.58915559432933
38575,15.58915559432933
38576,15.58915559432933
38577,15.58915559432933
38578,15.58915559432933
38579,15.58915559432933
38580,15.58915559432933
38581,15.58915559432933
38582,15.58915559432933
38583,15.58915559432933
38584,15.58915559432933
38585,15.58915559432933
38586,15.58915559432933
38587,15.58915559432933
38588,15.58915559432933
38589,15.58915559432933
38590,15.58915559432933
38591,15.58915559432933
38592,15.58915559432933
38593,15.58915559432933
38594,15.58915559432933
38595,15.58915559432933
38596,15.58915559432933
38597,15.58915559432933
38598,15.58915559432933
38599,15.58915559432933
38600,15.58915559432933
38601,15.58915559432933
38602,15.58915559432933
38603,15.58915559432933
38604,15.58915559432933
38605,15.58915559432933
38606,15.58915559432933
38607,15.58915559432933
38608,15.58915559432933
38609,15.58915559432933
38610,15.58915559432933
38611,15.58915559432933
38612,15.58915559432933
38613,15.58915559432933
38614,15.58915559432933
38615,15.58915559432933
38616,15.58915559432933
38617,15.58915559432933
38618,15.58915559432933
38619,15.58915559432933
38620,15.58915559432933
38621,15.58915559432933
38622,15.58915559432933
38623,15.58915559432933
38624,15.58915559432933
38625,15.58915559432933
38626,15.58915559432933
38627,15.58915559432933
38628,15.58915559432933
38629,15.58915559432933
38630,15.58915559432933
38631,15.58915559432933
38632,15.58915559432933
38633,15.58915559432933
38634,15.58915559432933
38635,15.58915559432933
38636,15.58915559432933
38637,15.58915559432933
38638,15.58915559432933
38639,15.58915559432933
38640,15.58915559432933
38641,15.58915559432933
38642,15.58915559432933
38643,15.58915559432933
38644,15.58915559432933
38645,15.58915559432933
38646,15.58915559432933
38647,15.58915559432933
38648,15.58915559432933
38649,15.58915559432933
38650,15.58915559432933
38651,15.58915559432933
38652,15.58915559432933
38653,15.58915559432933
38654,15.58915559432933
38655,15.58915559432933
38656,15.58915559432933
38657,15.58915559432933
38658,15.58915559432933
38659,15.58915559432933
38660,15.58915559432933
38661,15.58915559432933
38662,15.58915559432933
38663,15.58915559432933
38664,15.58915559432933
38665,15.58915559432933
38666,15.58915559432933
38667,15.58915559432933
38668,15.58915559432933
38669,15.58915559432933
38670,15.58915559432933
38671,15.58915559432933
38672,15.58915559432933
38673,15.58915559432933
38674,15.58915559432933
38675,15.58915559432933
38676,15.58915559432933
38677,15.58915559432933
38678,15.58915559432933
38679,15.58915559432933
38680,15.58915559432933
38681,15.58915559432933
38682,15.58915559432933
38683,15.58915559432933
38684,15.58915559432933
38685,15.58915559432933
38686,15.58915559432933
38687,15.58915559432933
38688,15.58915559432933
38689,15.58915559432933
38690,15.58915559432933
38691,15.58915559432933
38692,15.58915559432933
38693,15.58915559432933
38694,15.58915559432933
38695,15.58915559432933
38696,15.58915559432933
38697,15.58915559432933
38698,15.58915559432933
38699,15.58915559432933
38700,15.58915559432933
38701,15.58915559432933
38702,15.58915559432933
38703,15.58915559432933
38704,15.58915559432933
38705,15.58915559432933
38706,15.58915559432933
38707,15.58915559432933
38708,15.58915559432933
38709,15.58915559432933
38710,15.58915559432933
38711,15.58915559432933
38712,15.58915559432933
38713,15.58915559432933
38714,15.58915559432933
38715,15.58915559432933
38716,15.58915559432933
38717,15.58915559432933
38718,15.58915559432933
38719,15.58915559432933
38720,15.58915559432933
38721,15.58915559432933
38722,15.58915559432933
38723,15.58915559432933
38724,15.58915559432933
38725,15.58915559432933
38726,15.58915559432933
38727,15.58915559432933
38728,15.58915559432933
38729,15.58915559432933
38730,15.58915559432933
38731,15.58915559432933
38732,15.58915559432933
38733,15.58915559432933
38734,15.58915559432933
38735,15.58915559432933
38736,15.58915559432933
38737,15.58915559432933
38738,15.58915559432933
38739,15.58915559432933
38740,15.58915559432933
38741,15.58915559432933
38742,15.58915559432933
38743,15.58915559432933
38744,15.58915559432933
38745,15.58915559432933
38746,15.58915559432933
38747,15.58915559432933
38748,15.58915559432933
38749,15.58915559432933
38750,15.58915559432933
38751,15.58915559432933
38752,15.58915559432933
38753,15.58915559432933
38754,15.58915559432933
38755,15.58915559432933
38756,15.58915559432933
38757,15.58915559432933
38758,15.58915559432933
38759,15.58915559432933
38760,15.58915559432933
38761,15.58915559432933
38762,15.58915559432933
38763,15.58915559432933
38764,15.58915559432933
38765,15.58915559432933
38766,15.58915559432933
38767,15.58915559432933
38768,15.58915559432933
38769,15.58915559432933
38770,15.58915559432933
38771,15.58915559432933
38772,15.58915559432933
38773,15.58915559432933
38774,15.58915559432933
38775,15.58915559432933
38776,15.58915559432933
38777,15.58915559432933
38778,15.58915559432933
38779,15.58915559432933
38780,15.58915559432933
38781,15.58915559432933
38782,15.58915559432933
38783,15.58915559432933
38784,15.58915559432933
38785,15.58915559432933
38786,15.58915559432933
38787,15.58915559432933
38788,15.58915559432933
38789,15.58915559432933
38790,15.58915559432933
38791,15.58915559432933
38792,15.58915559432933
38793,15.58915559432933
38794,15.58915559432933
38795,15.58915559432933
38796,15.58915559432933
38797,15.58915559432933
38798,15.58915559432933
38799,15.58915559432933
38800,15.58915559432933
38801,15.58915559432933
38802,15.58915559432933
38803,15.58915559432933
38804,15.58915559432933
38805,15.58915559432933
38806,15.58915559432933
38807,15.58915559432933
38808,15.58915559432933
38809,15.58915559432933
38810,15.58915559432933
38811,15.58915559432933
38812,15.58915559432933
38813,15.58915559432933
38814,15.58915559432933
38815,15.58915559432933
38816,15.58915559432933
38817,15.58915559432933
38818,15.58915559432933
38819,15.58915559432933
38820,15.58915559432933
38821,15.58915559432933
38822,15.58915559432933
38823,15.58915559432933
38824,15.58915559432933
38825,15.58915559432933
38826,15.58915559432933
38827,15.58915559432933
38828,15.58915559432933
38829,15.58915559432933
38830,15.58915559432933
38831,15.58915559432933
38832,15.58915559432933
38833,15.58915559432933
38834,15.58915559432933
38835,15.58915559432933
38836,15.58915559432933
38837,15.58915559432933
38838,15.58915559432933
38839,15.58915559432933
38840,15.58915559432933
38841,15.58915559432933
38842,15.58915559432933
38843,15.58915559432933
38844,15.58915559432933
38845,15.58915559432933
38846,15.58915559432933
38847,15.58915559432933
38848,15.58915559432933
38849,15.58915559432933
38850,15.58915559432933
38851,15.58915559432933
38852,15.58915559432933
38853,15.58915559432933
38854,15.58915559432933
38855,15.58915559432933
38856,15.58915559432933
38857,15.58915559432933
38858,15.58915559432933
38859,15.58915559432933
38860,15.58915559432933
38861,15.58915559432933
38862,15.58915559432933
38863,15.58915559432933
38864,15.58915559432933
38865,15.58915559432933
38866,15.58915559432933
38867,15.58915559432933
38868,15.58915559432933
38869,15.58915559432933
38870,15.58915559432933
38871,15.58915559432933
38872,15.58915559432933
38873,15.58915559432933
38874,15.58915559432933
38875,15.58915559432933
38876,15.58915559432933
38877,15.58915559432933
38878,15.58915559432933
38879,15.58915559432933
38880,15.58915559432933
38881,15.58915559432933
38882,15.58915559432933
38883,15.58915559432933
38884,15.58915559432933
38885,15.58915559432933
38886,15.58915559432933
38887,15.58915559432933
38888,15.58915559432933
38889,15.58915559432933
38890,15.58915559432933
38891,15.58915559432933
38892,15.58915559432933
38893,15.58915559432933
38894,15.58915559432933
38895,15.58915559432933
38896,15.58915559432933
38897,15.58915559432933
38898,15.58915559432933
38899,15.58915559432933
38900,15.58915559432933
38901,15.58915559432933
38902,15.58915559432933
38903,15.58915559432933
38904,15.58915559432933
38905,15.58915559432933
38906,15.58915559432933
38907,15.58915559432933
38908,15.58915559432933
38909,15.58915559432933
38910,15.58915559432933
38911,15.58915559432933
38912,15.58915559432933
38913,15.58915559432933
38914,15.58915559432933
38915,15.58915559432933
38916,15.58915559432933
38917,15.58915559432933
38918,15.58915559432933
38919,15.58915559432933
38920,15.58915559432933
38921,15.58915559432933
38922,15.58915559432933
38923,15.58915559432933
38924,15.58915559432933
38925,15.58915559432933
38926,15.58915559432933
38927,15.58915559432933
38928,15.58915559432933
38929,15.58915559432933
38930,15.58915559432933
38931,15.58915559432933
38932,15.58915559432933
38933,15.58915559432933
38934,15.58915559432933
38935,15.58915559432933
38936,15.58915559432933
38937,15.58915559432933
38938,15.58915559432933
38939,15.58915559432933
38940,15.58915559432933
38941,15.58915559432933
38942,15.58915559432933
38943,15.58915559432933
38944,15.58915559432933
38945,15.58915559432933
38946,15.58915559432933
38947,15.58915559432933
38948,15.58915559432933
38949,15.58915559432933
38950,15.58915559432933
38951,15.58915559432933
38952,15.58915559432933
38953,15.58915559432933
38954,15.58915559432933
38955,15.58915559432933
38956,15.58915559432933
38957,15.58915559432933
38958,15.58915559432933
38959,15.58915559432933
38960,15.58915559432933
38961,15.58915559432933
38962,15.58915559432933
38963,15.58915559432933
38964,15.58915559432933
38965,15.58915559432933
38966,15.58915559432933
38967,15.58915559432933
38968,15.58915559432933
38969,15.58915559432933
38970,15.58915559432933
38971,15.58915559432933
38972,15.58915559432933
38973,15.58915559432933
38974,15.58915559432933
38975,15.58915559432933
38976,15.58915559432933
38977,15.58915559432933
38978,15.58915559432933
38979,15.58915559432933
38980,15.58915559432933
38981,15.58915559432933
38982,15.58915559432933
38983,15.58915559432933
38984,15.58915559432933
38985,15.58915559432933
38986,15.58915559432933
38987,15.58915559432933
38988,15.58915559432933
38989,15.58915559432933
38990,15.58915559432933
38991,15.58915559432933
38992,15.58915559432933
38993,15.58915559432933
38994,15.58915559432933
38995,15.58915559432933
38996,15.58915559432933
38997,15.58915559432933
38998,15.58915559432933
38999,15.58915559432933
39000,15.58915559432933
39001,15.58915559432933
39002,15.58915559432933
39003,15.58915559432933
39004,15.58915559432933
39005,15.58915559432933
39006,15.58915559432933
39007,15.58915559432933
39008,15.58915559432933
39009,15.58915559432933
39010,15.58915559432933
39011,15.58915559432933
39012,15.58915559432933
39013,15.58915559432933
39014,15.58915559432933
39015,15.58915559432933
39016,15.58915559432933
39017,15.58915559432933
39018,15.58915559432933
39019,15.58915559432933
39020,15.58915559432933
39021,15.58915559432933
39022,15.58915559432933
39023,15.58915559432933
39024,15.58915559432933
39025,15.58915559432933
39026,15.58915559432933
39027,15.58915559432933
39028,15.58915559432933
39029,15.58915559432933
39030,15.58915559432933
39031,15.58915559432933
39032,15.58915559432933
39033,15.58915559432933
39034,15.58915559432933
39035,15.58915559432933
39036,15.58915559432933
39037,15.58915559432933
39038,15.58915559432933
39039,15.58915559432933
39040,15.58915559432933
39041,15.58915559432933
39042,15.58915559432933
39043,15.58915559432933
39044,15.58915559432933
39045,15.58915559432933
39046,15.58915559432933
39047,15.58915559432933
39048,15.58915559432933
39049,15.58915559432933
39050,15.58915559432933
39051,15.58915559432933
39052,15.58915559432933
39053,15.58915559432933
39054,15.58915559432933
39055,15.58915559432933
39056,15.58915559432933
39057,15.58915559432933
39058,15.58915559432933
39059,15.58915559432933
39060,15.58915559432933
39061,15.58915559432933
39062,15.58915559432933
39063,15.58915559432933
39064,15.58915559432933
39065,15.58915559432933
39066,15.58915559432933
39067,15.58915559432933
39068,15.58915559432933
39069,15.58915559432933
39070,15.58915559432933
39071,15.58915559432933
39072,15.58915559432933
39073,15.58915559432933
39074,15.58915559432933
39075,15.58915559432933
39076,15.58915559432933
39077,15.58915559432933
39078,15.58915559432933
39079,15.58915559432933
39080,15.58915559432933
39081,15.58915559432933
39082,15.58915559432933
39083,15.58915559432933
39084,15.58915559432933
39085,15.58915559432933
39086,15.58915559432933
39087,15.58915559432933
39088,15.58915559432933
39089,15.58915559432933
39090,15.58915559432933
39091,15.58915559432933
39092,15.58915559432933
39093,15.58915559432933
39094,15.58915559432933
39095,15.58915559432933
39096,15.58915559432933
39097,15.58915559432933
39098,15.58915559432933
39099,15.58915559432933
39100,15.58915559432933
39101,15.58915559432933
39102,15.58915559432933
39103,15.58915559432933
39104,15.58915559432933
39105,15.58915559432933
39106,15.58915559432933
39107,15.58915559432933
39108,15.58915559432933
39109,15.58915559432933
39110,15.58915559432933
39111,15.58915559432933
39112,15.58915559432933
39113,15.58915559432933
39114,15.58915559432933
39115,15.58915559432933
39116,15.58915559432933
39117,15.58915559432933
39118,15.58915559432933
39119,15.58915559432933
39120,15.58915559432933
39121,15.58915559432933
39122,15.58915559432933
39123,15.58915559432933
39124,15.58915559432933
39125,15.58915559432933
39126,15.58915559432933
39127,15.58915559432933
39128,15.58915559432933
39129,15.58915559432933
39130,15.58915559432933
39131,15.58915559432933
39132,15.58915559432933
39133,15.58915559432933
39134,15.58915559432933
39135,15.58915559432933
39136,15.58915559432933
39137,15.58915559432933
39138,15.58915559432933
39139,15.58915559432933
39140,15.58915559432933
39141,15.58915559432933
39142,15.58915559432933
39143,15.58915559432933
39144,15.58915559432933
39145,15.58915559432933
39146,15.58915559432933
39147,15.58915559432933
39148,15.58915559432933
39149,15.58915559432933
39150,15.58915559432933
39151,15.58915559432933
39152,15.58915559432933
39153,15.58915559432933
39154,15.58915559432933
39155,15.58915559432933
39156,15.58915559432933
39157,15.58915559432933
39158,15.58915559432933
39159,15.58915559432933
39160,15.58915559432933
39161,15.58915559432933
39162,15.58915559432933
39163,15.58915559432933
39164,15.58915559432933
39165,15.58915559432933
39166,15.58915559432933
39167,15.58915559432933
39168,15.58915559432933
39169,15.58915559432933
39170,15.58915559432933
39171,15.58915559432933
39172,15.58915559432933
39173,15.58915559432933
39174,15.58915559432933
39175,15.58915559432933
39176,15.58915559432933
39177,15.58915559432933
39178,15.58915559432933
39179,15.58915559432933
39180,15.58915559432933
39181,15.58915559432933
39182,15.58915559432933
39183,15.58915559432933
39184,15.58915559432933
39185,15.58915559432933
39186,15.58915559432933
39187,15.58915559432933
39188,15.58915559432933
39189,15.58915559432933
39190,15.58915559432933
39191,15.58915559432933
39192,15.58915559432933
39193,15.58915559432933
39194,15.58915559432933
39195,15.58915559432933
39196,15.58915559432933
39197,15.58915559432933
39198,15.58915559432933
39199,15.58915559432933
39200,15.58915559432933
39201,15.58915559432933
39202,15.58915559432933
39203,15.58915559432933
39204,15.58915559432933
39205,15.58915559432933
39206,15.58915559432933
39207,15.58915559432933
39208,15.58915559432933
39209,15.58915559432933
39210,15.58915559432933
39211,15.58915559432933
39212,15.58915559432933
39213,15.58915559432933
39214,15.58915559432933
39215,15.58915559432933
39216,15.58915559432933
39217,15.58915559432933
39218,15.58915559432933
39219,15.58915559432933
39220,15.58915559432933
39221,15.58915559432933
39222,15.58915559432933
39223,15.58915559432933
39224,15.58915559432933
39225,15.58915559432933
39226,15.58915559432933
39227,15.58915559432933
39228,15.58915559432933
39229,15.58915559432933
39230,15.58915559432933
39231,15.58915559432933
39232,15.58915559432933
39233,15.58915559432933
39234,15.58915559432933
39235,15.58915559432933
39236,15.58915559432933
39237,15.58915559432933
39238,15.58915559432933
39239,15.58915559432933
39240,15.58915559432933
39241,15.58915559432933
39242,15.58915559432933
39243,15.58915559432933
39244,15.58915559432933
39245,15.58915559432933
39246,15.58915559432933
39247,15.58915559432933
39248,15.58915559432933
39249,15.58915559432933
39250,15.58915559432933
39251,15.58915559432933
39252,15.58915559432933
39253,15.58915559432933
39254,15.58915559432933
39255,15.58915559432933
39256,15.58915559432933
39257,15.58915559432933
39258,15.58915559432933
39259,15.58915559432933
39260,15.58915559432933
39261,15.58915559432933
39262,15.58915559432933
39263,15.58915559432933
39264,15.58915559432933
39265,15.58915559432933
39266,15.58915559432933
39267,15.58915559432933
39268,15.58915559432933
39269,15.58915559432933
39270,15.58915559432933
39271,15.58915559432933
39272,15.58915559432933
39273,15.58915559432933
39274,15.58915559432933
39275,15.58915559432933
39276,15.58915559432933
39277,15.58915559432933
39278,15.58915559432933
39279,15.58915559432933
39280,15.58915559432933
39281,15.58915559432933
39282,15.58915559432933
39283,15.58915559432933
39284,15.58915559432933
39285,15.58915559432933
39286,15.58915559432933
39287,15.58915559432933
39288,15.58915559432933
39289,15.58915559432933
39290,15.58915559432933
39291,15.58915559432933
39292,15.58915559432933
39293,15.58915559432933
39294,15.58915559432933
39295,15.58915559432933
39296,15.58915559432933
39297,15.58915559432933
39298,15.58915559432933
39299,15.58915559432933
39300,15.58915559432933
39301,15.58915559432933
39302,15.58915559432933
39303,15.58915559432933
39304,15.58915559432933
39305,15.58915559432933
39306,15.58915559432933
39307,15.58915559432933
39308,15.58915559432933
39309,15.58915559432933
39310,15.58915559432933
39311,15.58915559432933
39312,15.58915559432933
39313,15.58915559432933
39314,15.58915559432933
39315,15.58915559432933
39316,15.58915559432933
39317,15.58915559432933
39318,15.58915559432933
39319,15.58915559432933
39320,15.58915559432933
39321,15.58915559432933
39322,15.58915559432933
39323,15.58915559432933
39324,15.58915559432933
39325,15.58915559432933
39326,15.58915559432933
39327,15.58915559432933
39328,15.58915559432933
39329,15.58915559432933
39330,15.58915559432933
39331,15.58915559432933
39332,15.58915559432933
39333,15.58915559432933
39334,15.58915559432933
39335,15.58915559432933
39336,15.58915559432933
39337,15.58915559432933
39338,15.58915559432933
39339,15.58915559432933
39340,15.58915559432933
39341,15.58915559432933
39342,15.58915559432933
39343,15.58915559432933
39344,15.58915559432933
39345,15.58915559432933
39346,15.58915559432933
39347,15.58915559432933
39348,15.58915559432933
39349,15.58915559432933
39350,15.58915559432933
39351,15.58915559432933
39352,15.58915559432933
39353,15.58915559432933
39354,15.58915559432933
39355,15.58915559432933
39356,15.58915559432933
39357,15.58915559432933
39358,15.58915559432933
39359,15.58915559432933
39360,15.58915559432933
39361,15.58915559432933
39362,15.58915559432933
39363,15.58915559432933
39364,15.58915559432933
39365,15.58915559432933
39366,15.58915559432933
39367,15.58915559432933
39368,15.58915559432933
39369,15.58915559432933
39370,15.58915559432933
39371,15.58915559432933
39372,15.58915559432933
39373,15.58915559432933
39374,15.58915559432933
39375,15.58915559432933
39376,15.58915559432933
39377,15.58915559432933
39378,15.58915559432933
39379,15.58915559432933
39380,15.58915559432933
39381,15.58915559432933
39382,15.58915559432933
39383,15.58915559432933
39384,15.58915559432933
39385,15.58915559432933
39386,15.58915559432933
39387,15.58915559432933
39388,15.58915559432933
39389,15.58915559432933
39390,15.58915559432933
39391,15.58915559432933
39392,15.58915559432933
39393,15.58915559432933
39394,15.58915559432933
39395,15.58915559432933
39396,15.58915559432933
39397,15.58915559432933
39398,15.58915559432933
39399,15.58915559432933
39400,15.58915559432933
39401,15.58915559432933
39402,15.58915559432933
39403,15.58915559432933
39404,15.58915559432933
39405,15.58915559432933
39406,15.58915559432933
39407,15.58915559432933
39408,15.58915559432933
39409,15.58915559432933
39410,15.58915559432933
39411,15.58915559432933
39412,15.58915559432933
39413,15.58915559432933
39414,15.58915559432933
39415,15.58915559432933
39416,15.58915559432933
39417,15.58915559432933
39418,15.58915559432933
39419,15.58915559432933
39420,15.58915559432933
39421,15.58915559432933
39422,15.58915559432933
39423,15.58915559432933
39424,15.58915559432933
39425,15.58915559432933
39426,15.58915559432933
39427,15.58915559432933
39428,15.58915559432933
39429,15.58915559432933
39430,15.58915559432933
39431,15.58915559432933
39432,15.58915559432933
39433,15.58915559432933
39434,15.58915559432933
39435,15.58915559432933
39436,15.58915559432933
39437,15.58915559432933
39438,15.58915559432933
39439,15.58915559432933
39440,15.58915559432933
39441,15.58915559432933
39442,15.58915559432933
39443,15.58915559432933
39444,15.58915559432933
39445,15.58915559432933
39446,15.58915559432933
39447,15.58915559432933
39448,15.58915559432933
39449,15.58915559432933
39450,15.58915559432933
39451,15.58915559432933
39452,15.58915559432933
39453,15.58915559432933
39454,15.58915559432933
39455,15.58915559432933
39456,15.58915559432933
39457,15.58915559432933
39458,15.58915559432933
39459,15.58915559432933
39460,15.58915559432933
39461,15.58915559432933
39462,15.58915559432933
39463,15.58915559432933
39464,15.58915559432933
39465,15.58915559432933
39466,15.58915559432933
39467,15.58915559432933
39468,15.58915559432933
39469,15.58915559432933
39470,15.58915559432933
39471,15.58915559432933
39472,15.58915559432933
39473,15.58915559432933
39474,15.58915559432933
39475,15.58915559432933
39476,15.58915559432933
39477,15.58915559432933
39478,15.58915559432933
39479,15.58915559432933
39480,15.58915559432933
39481,15.58915559432933
39482,15.58915559432933
39483,15.58915559432933
39484,15.58915559432933
39485,15.58915559432933
39486,15.58915559432933
39487,15.58915559432933
39488,15.58915559432933
39489,15.58915559432933
39490,15.58915559432933
39491,15.58915559432933
39492,15.58915559432933
39493,15.58915559432933
39494,15.58915559432933
39495,15.58915559432933
39496,15.58915559432933
39497,15.58915559432933
39498,15.58915559432933
39499,15.58915559432933
39500,15.58915559432933
39501,15.58915559432933
39502,15.58915559432933
39503,15.58915559432933
39504,15.58915559432933
39505,15.58915559432933
39506,15.58915559432933
39507,15.58915559432933
39508,15.58915559432933
39509,15.58915559432933
39510,15.58915559432933
39511,15.58915559432933
39512,15.58915559432933
39513,15.58915559432933
39514,15.58915559432933
39515,15.58915559432933
39516,15.58915559432933
39517,15.58915559432933
39518,15.58915559432933
39519,15.58915559432933
39520,15.58915559432933
39521,15.58915559432933
39522,15.58915559432933
39523,15.58915559432933
39524,15.58915559432933
39525,15.58915559432933
39526,15.58915559432933
39527,15.58915559432933
39528,15.58915559432933
39529,15.58915559432933
39530,15.58915559432933
39531,15.58915559432933
39532,15.58915559432933
39533,15.58915559432933
39534,15.58915559432933
39535,15.58915559432933
39536,15.58915559432933
39537,15.58915559432933
39538,15.58915559432933
39539,15.58915559432933
39540,15.58915559432933
39541,15.58915559432933
39542,15.58915559432933
39543,15.58915559432933
39544,15.58915559432933
39545,15.58915559432933
39546,15.58915559432933
39547,15.58915559432933
39548,15.58915559432933
39549,15.58915559432933
39550,15.58915559432933
39551,15.58915559432933
39552,15.58915559432933
39553,15.58915559432933
39554,15.58915559432933
39555,15.58915559432933
39556,15.58915559432933
39557,15.58915559432933
39558,15.58915559432933
39559,15.58915559432933
39560,15.58915559432933
39561,15.58915559432933
39562,15.58915559432933
39563,15.58915559432933
39564,15.58915559432933
39565,15.58915559432933
39566,15.58915559432933
39567,15.58915559432933
39568,15.58915559432933
39569,15.58915559432933
39570,15.58915559432933
39571,15.58915559432933
39572,15.58915559432933
39573,15.58915559432933
39574,15.58915559432933
39575,15.58915559432933
39576,15.58915559432933
39577,15.58915559432933
39578,15.58915559432933
39579,15.58915559432933
39580,15.58915559432933
39581,15.58915559432933
39582,15.58915559432933
39583,15.58915559432933
39584,15.58915559432933
39585,15.58915559432933
39586,15.58915559432933
39587,15.58915559432933
39588,15.58915559432933
39589,15.58915559432933
39590,15.58915559432933
39591,15.58915559432933
39592,15.58915559432933
39593,15.58915559432933
39594,15.58915559432933
39595,15.58915559432933
39596,15.58915559432933
39597,15.58915559432933
39598,15.58915559432933
39599,15.58915559432933
39600,15.58915559432933
39601,15.58915559432933
39602,15.58915559432933
39603,15.58915559432933
39604,15.58915559432933
39605,15.58915559432933
39606,15.58915559432933
39607,15.58915559432933
39608,15.58915559432933
39609,15.58915559432933
39610,15.58915559432933
39611,15.58915559432933
39612,15.58915559432933
39613,15.58915559432933
39614,15.58915559432933
39615,15.58915559432933
39616,15.58915559432933
39617,15.58915559432933
39618,15.58915559432933
39619,15.58915559432933
39620,15.58915559432933
39621,15.58915559432933
39622,15.58915559432933
39623,15.58915559432933
39624,15.58915559432933
39625,15.58915559432933
39626,15.58915559432933
39627,15.58915559432933
39628,15.58915559432933
39629,15.58915559432933
39630,15.58915559432933
39631,15.58915559432933
39632,15.58915559432933
39633,15.58915559432933
39634,15.58915559432933
39635,15.58915559432933
39636,15.58915559432933
39637,15.58915559432933
39638,15.58915559432933
39639,15.58915559432933
39640,15.58915559432933
39641,15.58915559432933
39642,15.58915559432933
39643,15.58915559432933
39644,15.58915559432933
39645,15.58915559432933
39646,15.58915559432933
39647,15.58915559432933
39648,15.58915559432933
39649,15.58915559432933
39650,15.58915559432933
39651,15.58915559432933
39652,15.58915559432933
39653,15.58915559432933
39654,15.58915559432933
39655,15.58915559432933
39656,15.58915559432933
39657,15.58915559432933
39658,15.58915559432933
39659,15.58915559432933
39660,15.58915559432933
39661,15.58915559432933
39662,15.58915559432933
39663,15.58915559432933
39664,15.58915559432933
39665,15.58915559432933
39666,15.58915559432933
39667,15.58915559432933
39668,15.58915559432933
39669,15.58915559432933
39670,15.58915559432933
39671,15.58915559432933
39672,15.58915559432933
39673,15.58915559432933
39674,15.58915559432933
39675,15.58915559432933
39676,15.58915559432933
39677,15.58915559432933
39678,15.58915559432933
39679,15.58915559432933
39680,15.58915559432933
39681,15.58915559432933
39682,15.58915559432933
39683,15.58915559432933
39684,15.58915559432933
39685,15.58915559432933
39686,15.58915559432933
39687,15.58915559432933
39688,15.58915559432933
39689,15.58915559432933
39690,15.58915559432933
39691,15.58915559432933
39692,15.58915559432933
39693,15.58915559432933
39694,15.58915559432933
39695,15.58915559432933
39696,15.58915559432933
39697,15.58915559432933
39698,15.58915559432933
39699,15.58915559432933
39700,15.58915559432933
39701,15.58915559432933
39702,15.58915559432933
39703,15.58915559432933
39704,15.58915559432933
39705,15.58915559432933
39706,15.58915559432933
39707,15.58915559432933
39708,15.58915559432933
39709,15.58915559432933
39710,15.58915559432933
39711,15.58915559432933
39712,15.58915559432933
39713,15.58915559432933
39714,15.58915559432933
39715,15.58915559432933
39716,15.58915559432933
39717,15.58915559432933
39718,15.58915559432933
39719,15.58915559432933
39720,15.58915559432933
39721,15.58915559432933
39722,15.58915559432933
39723,15.58915559432933
39724,15.58915559432933
39725,15.58915559432933
39726,15.58915559432933
39727,15.58915559432933
39728,15.58915559432933
39729,15.58915559432933
39730,15.58915559432933
39731,15.58915559432933
39732,15.58915559432933
39733,15.58915559432933
39734,15.58915559432933
39735,15.58915559432933
39736,15.58915559432933
39737,15.58915559432933
39738,15.58915559432933
39739,15.58915559432933
39740,15.58915559432933
39741,15.58915559432933
39742,15.58915559432933
39743,15.58915559432933
39744,15.58915559432933
39745,15.58915559432933
39746,15.58915559432933
39747,15.58915559432933
39748,15.58915559432933
39749,15.58915559432933
39750,15.58915559432933
39751,15.58915559432933
39752,15.58915559432933
39753,15.58915559432933
39754,15.58915559432933
39755,15.58915559432933
39756,15.58915559432933
39757,15.58915559432933
39758,15.58915559432933
39759,15.58915559432933
39760,15.58915559432933
39761,15.58915559432933
39762,15.58915559432933
39763,15.58915559432933
39764,15.58915559432933
39765,15.58915559432933
39766,15.58915559432933
39767,15.58915559432933
39768,15.58915559432933
39769,15.58915559432933
39770,15.58915559432933
39771,15.58915559432933
39772,15.58915559432933
39773,15.58915559432933
39774,15.58915559432933
39775,15.58915559432933
39776,15.58915559432933
39777,15.58915559432933
39778,15.58915559432933
39779,15.58915559432933
39780,15.58915559432933
39781,15.58915559432933
39782,15.58915559432933
39783,15.58915559432933
39784,15.58915559432933
39785,15.58915559432933
39786,15.58915559432933
39787,15.58915559432933
39788,15.58915559432933
39789,15.58915559432933
39790,15.58915559432933
39791,15.58915559432933
39792,15.58915559432933
39793,15.58915559432933
39794,15.58915559432933
39795,15.58915559432933
39796,15.58915559432933
39797,15.58915559432933
39798,15.58915559432933
39799,15.58915559432933
39800,15.58915559432933
39801,15.58915559432933
39802,15.58915559432933
39803,15.58915559432933
39804,15.58915559432933
39805,15.58915559432933
39806,15.58915559432933
39807,15.58915559432933
39808,15.58915559432933
39809,15.58915559432933
39810,15.58915559432933
39811,15.58915559432933
39812,15.58915559432933
39813,15.58915559432933
39814,15.58915559432933
39815,15.58915559432933
39816,15.58915559432933
39817,15.58915559432933
39818,15.58915559432933
39819,15.58915559432933
39820,15.58915559432933
39821,15.58915559432933
39822,15.58915559432933
39823,15.58915559432933
39824,15.58915559432933
39825,15.58915559432933
39826,15.58915559432933
39827,15.58915559432933
39828,15.58915559432933
39829,15.58915559432933
39830,15.58915559432933
39831,15.58915559432933
39832,15.58915559432933
39833,15.58915559432933
39834,15.58915559432933
39835,15.58915559432933
39836,15.58915559432933
39837,15.58915559432933
39838,15.58915559432933
39839,15.58915559432933
39840,15.58915559432933
39841,15.58915559432933
39842,15.58915559432933
39843,15.58915559432933
39844,15.58915559432933
39845,15.58915559432933
39846,15.58915559432933
39847,15.58915559432933
39848,15.58915559432933
39849,15.58915559432933
39850,15.58915559432933
39851,15.58915559432933
39852,15.58915559432933
39853,15.58915559432933
39854,15.58915559432933
39855,15.58915559432933
39856,15.58915559432933
39857,15.58915559432933
39858,15.58915559432933
39859,15.58915559432933
39860,15.58915559432933
39861,15.58915559432933
39862,15.58915559432933
39863,15.58915559432933
39864,15.58915559432933
39865,15.58915559432933
39866,15.58915559432933
39867,15.58915559432933
39868,15.58915559432933
39869,15.58915559432933
39870,15.58915559432933
39871,15.58915559432933
39872,15.58915559432933
39873,15.58915559432933
39874,15.58915559432933
39875,15.58915559432933
39876,15.58915559432933
39877,15.58915559432933
39878,15.58915559432933
39879,15.58915559432933
39880,15.58915559432933
39881,15.58915559432933
39882,15.58915559432933
39883,15.58915559432933
39884,15.58915559432933
39885,15.58915559432933
39886,15.58915559432933
39887,15.58915559432933
39888,15.58915559432933
39889,15.58915559432933
39890,15.58915559432933
39891,15.58915559432933
39892,15.58915559432933
39893,15.58915559432933
39894,15.58915559432933
39895,15.58915559432933
39896,15.58915559432933
39897,15.58915559432933
39898,15.58915559432933
39899,15.58915559432933
39900,15.58915559432933
39901,15.58915559432933
39902,15.58915559432933
39903,15.58915559432933
39904,15.58915559432933
39905,15.58915559432933
39906,15.58915559432933
39907,15.58915559432933
39908,15.58915559432933
39909,15.58915559432933
39910,15.58915559432933
39911,15.58915559432933
39912,15.58915559432933
39913,15.58915559432933
39914,15.58915559432933
39915,15.58915559432933
39916,15.58915559432933
39917,15.58915559432933
39918,15.58915559432933
39919,15.58915559432933
39920,15.58915559432933
39921,15.58915559432933
39922,15.58915559432933
39923,15.58915559432933
39924,15.58915559432933
39925,15.58915559432933
39926,15.58915559432933
39927,15.58915559432933
39928,15.58915559432933
39929,15.58915559432933
39930,15.58915559432933
39931,15.58915559432933
39932,15.58915559432933
39933,15.58915559432933
39934,15.58915559432933
39935,15.58915559432933
39936,15.58915559432933
39937,15.58915559432933
39938,15.58915559432933
39939,15.58915559432933
39940,15.58915559432933
39941,15.58915559432933
39942,15.58915559432933
39943,15.58915559432933
39944,15.58915559432933
39945,15.58915559432933
39946,15.58915559432933
39947,15.58915559432933
39948,15.58915559432933
39949,15.58915559432933
39950,15.58915559432933
39951,15.58915559432933
39952,15.58915559432933
39953,15.58915559432933
39954,15.58915559432933
39955,15.58915559432933
39956,15.58915559432933
39957,15.58915559432933
39958,15.58915559432933
39959,15.58915559432933
39960,15.58915559432933
39961,15.58915559432933
39962,15.58915559432933
39963,15.58915559432933
39964,15.58915559432933
39965,15.58915559432933
39966,15.58915559432933
39967,15.58915559432933
39968,15.58915559432933
39969,15.58915559432933
39970,15.58915559432933
39971,15.58915559432933
39972,15.58915559432933
39973,15.58915559432933
39974,15.58915559432933
39975,15.58915559432933
39976,15.58915559432933
39977,15.58915559432933
39978,15.58915559432933
39979,15.58915559432933
39980,15.58915559432933
39981,15.58915559432933
39982,15.58915559432933
39983,15.58915559432933
39984,15.58915559432933
39985,15.58915559432933
39986,15.58915559432933
39987,15.58915559432933
39988,15.58915559432933
39989,15.58915559432933
39990,15.58915559432933
39991,15.58915559432933
39992,15.58915559432933
39993,15.58915559432933
39994,15.58915559432933
39995,15.58915559432933
39996,15.58915559432933
39997,15.58915559432933
39998,15.58915559432933
39999,15.58915559432933
40000,15.58915559432933
