Cattle_ID,Milk_Yield_L
1,19.912259630154594
2,10.215251747196985
3,24.550057698345483
4,15.438417618266246
5,18.91975204812367
6,20.161067284072992
7,15.321021403953123
8,18.252552996932405
9,21.114294691991354
10,14.365281871191545
11,12.776905092910154
12,15.737804730613872
13,18.703630701907592
14,11.964677483828307
15,16.931541263086736
16,13.639105677890385
17,13.478907220074845
18,15.279537387923558
19,16.532598573308732
20,10.927127242578177
21,12.03780769703737
22,19.033834021923656
23,16.1705112398605
24,11.137981500237505
25,20.338583490589592
26,14.805457448559306
27,19.71566648267938
28,12.554471669723494
29,13.874743314953026
30,15.988178053357718
31,12.42471288434026
32,18.44239227212565
33,13.622867328525135
34,14.563310163334458
35,10.138139400439556
36,12.105396886957793
37,16.468586730825304
38,10.791146358380445
39,13.363870268296441
40,13.783012847925514
41,17.083866563874462
42,15.831132774278277
43,13.820906705911067
44,16.7524606523927
45,9.490465394659573
46,14.809952806933197
47,19.13506346722883
48,19.44514684572128
49,14.823789386193344
50,8.399222047134854
51,12.8972523141896
52,12.575550652201901
53,19.738019100792933
54,17.479834444530706
55,14.677441142603463
56,17.138551983554514
57,16.717252999296267
58,14.261538407636934
59,11.902691382596526
60,15.126141064509431
61,16.59600562998823
62,17.900706528485443
63,26.617140134342193
64,13.885802467887117
65,17.05620843444703
66,15.906075572090757
67,16.216948212220558
68,21.083084301450896
69,16.63061632537256
70,12.695987549981265
71,14.593507507427443
72,22.604824304044833
73,14.840142297066821
74,13.525796122467117
75,13.044118274259986
76,10.427724966889354
77,11.311199044708918
78,19.25923183617319
79,14.504361022657148
80,13.707436016718255
81,16.058537293612478
82,15.136253251779099
83,18.453752025107896
84,18.557463307529837
85,11.966070007133734
86,16.44888365510482
87,16.153424692409555
88,14.632571631573477
89,15.904396438873462
90,17.49683780865009
91,15.018754596547886
92,14.710781965811808
93,15.086952914411956
94,16.53115272985656
95,19.627158465455885
96,9.655875553404776
97,12.176943967785052
98,16.848291199792282
99,20.02131764359498
100,19.55456498226622
101,11.447663568034617
102,21.35959885782335
103,10.416051286083116
104,16.582954069806053
105,12.138384145314157
106,18.837584769436184
107,15.06391893104466
108,19.259985414313494
109,13.61400727434345
110,21.058849036644833
111,18.36853916293997
112,18.275765228642175
113,7.109545748726991
114,14.581708509519114
115,21.386979455487264
116,15.886026275371881
117,10.58484694016525
118,18.336136167313075
119,13.882148992872763
120,13.201041983385704
121,13.176082993502073
122,10.183136870238492
123,12.74975084081317
124,17.98142105676227
125,16.89373797244708
126,18.601142939508037
127,20.01849274036989
128,24.25378036364169
129,12.718175966928035
130,13.387063670949386
131,12.259395878391107
132,14.169505077432728
133,17.46959886844064
134,17.918213443004657
135,14.285088033473347
136,19.420157400129085
137,15.019419012725248
138,11.967717230796346
139,15.52136086385888
140,21.42381147883233
141,16.298287784164945
142,19.056553943128165
143,12.144534445706281
144,13.682381791041806
145,11.271053942345628
146,11.485397035917305
147,19.642761888651073
148,10.345613426621586
149,12.51548439070677
150,14.790817968144667
151,19.189640876089612
152,12.571858418427635
153,16.63916972051268
154,13.292843091730447
155,18.18931688820586
156,13.940657627246027
157,12.630565592674127
158,20.323699125530016
159,12.444371217705747
160,19.648370060901712
161,19.200627061221326
162,16.470231426397653
163,14.58240054832153
164,11.163507970051993
165,16.766714331602934
166,16.965734877897276
167,18.026518651267956
168,17.509852870972818
169,20.310611848325223
170,19.0000474522798
171,17.72336551792966
172,13.1980128267158
173,11.723089962909627
174,19.70734421507515
175,10.098721941993038
176,11.571239775843242
177,16.79385915128191
178,13.362534300918199
179,13.66810950479164
180,18.969594653944682
181,19.04904261720366
182,11.566139398103903
183,11.914431822962982
184,14.916295001847264
185,19.453720372307664
186,12.849476295822278
187,11.811529958767906
188,20.617149467796537
189,21.17039180660518
190,11.820146667243108
191,12.360639810772227
192,23.20230019699702
193,11.222784273193774
194,22.204312238676884
195,13.671577661834398
196,9.277453382218404
197,18.983397967419027
198,23.71000002616608
199,23.487925704659276
200,17.4207687096377
201,11.753178113203962
202,13.126023258446068
203,20.802402134041515
204,14.171225521122196
205,14.261086389946913
206,18.897709647922063
207,22.898726124755918
208,11.141037410716201
209,10.276220120579431
210,15.971423371485653
211,16.523823595435896
212,16.33965882485584
213,20.88151339715276
214,13.919324530983623
215,11.155822234193039
216,15.58446977995792
217,14.798627904739599
218,14.562815621448177
219,15.010301335763051
220,13.565777089104008
221,17.290721413893046
222,15.46923735114768
223,15.551654889386697
224,17.39033521741274
225,17.916410386960763
226,14.59651676344314
227,18.097657226054885
228,20.531140708395704
229,18.351245345987284
230,19.450581701026813
231,12.53069225364733
232,14.79434006447444
233,20.18175389978211
234,16.979386941781748
235,16.686716164603684
236,16.074251476292094
237,19.036082738085895
238,12.850092767514314
239,15.84877108532514
240,20.955708043564847
241,19.343379536480356
242,21.643264694654476
243,11.278570472034023
244,14.985460895831189
245,13.611299030635017
246,14.436654797189721
247,18.452294072705214
248,14.80049141676702
249,17.1848263099704
250,20.60373131149936
251,16.43152373811228
252,15.777335744160188
253,15.864108942665435
254,14.697681800468345
255,14.13746650056579
256,15.733012192086196
257,18.200370836950164
258,17.75361749728467
259,20.06960401173815
260,19.86126720189503
261,18.793549368330176
262,15.585733202260787
263,12.174117515939065
264,16.893448865927112
265,16.209784793608254
266,11.080100185579404
267,19.838479928170802
268,10.57468973398194
269,21.595718610632154
270,21.141718747791725
271,16.006260710758557
272,12.403411961297628
273,13.716796628617686
274,16.088493416734472
275,18.02780096188573
276,17.164243437227302
277,23.883584106238068
278,10.094504495875533
279,12.7876672482465
280,11.57885352250981
281,22.09750231571864
282,15.060242279929325
283,14.066739747439186
284,14.673694744935332
285,11.194843441949772
286,15.720038159802504
287,9.985777771725052
288,17.593224588093637
289,18.49688919106058
290,21.6452720345953
291,15.175096662629663
292,15.809914016854247
293,17.9811263162607
294,15.105639129698384
295,15.681508022567417
296,19.9598636861869
297,13.144271142187716
298,12.204680458046237
299,13.712760076988737
300,23.75756066117188
301,13.401906418530292
302,16.558476252471216
303,12.819477265103156
304,20.94690343978486
305,19.23881435501383
306,14.663152603067266
307,19.26949218914779
308,18.93420247776471
309,14.936171787137935
310,17.716443606243967
311,12.23675191518956
312,13.986293168597964
313,24.40556974514201
314,13.645546235473276
315,16.465598573607792
316,18.861236463255096
317,12.79319554229501
318,12.471748503750756
319,12.07980476198389
320,10.188432281203122
321,19.950985939091538
322,14.017910101632907
323,10.316335239196588
324,14.352902538889989
325,19.476112272542032
326,13.413565220378263
327,19.77488115503122
328,15.104066792365916
329,11.947969618076232
330,16.45131612319347
331,23.958711509811607
332,19.8778710793336
333,24.806572108256795
334,11.82201214233518
335,17.44458910485986
336,19.737605246409906
337,20.252284389368587
338,15.816263342142458
339,15.251226027250201
340,12.606358399200541
341,24.85999704568208
342,9.233993875658122
343,19.77200390628122
344,12.296873388222963
345,11.1660868445741
346,22.446147069666498
347,12.738784717645824
348,17.01376724045808
349,22.742179613768904
350,10.826898112554831
351,20.08562750164657
352,15.80100986415453
353,18.33539147336338
354,19.594582847126652
355,14.73906383050799
356,19.633333935743636
357,15.012768390787972
358,18.306950660994104
359,11.392410532062103
360,11.755590730523796
361,16.749144936390138
362,16.376021296235287
363,17.142848837611744
364,13.716319589156189
365,13.670125018060611
366,15.086518886910108
367,16.475511304799827
368,14.419739763937015
369,18.083638938459128
370,16.71680638730349
371,22.731534944111285
372,11.985148262206959
373,10.656814133479438
374,17.10035483208795
375,15.003589231518394
376,17.311458851898834
377,14.239912555938425
378,15.69511501795074
379,20.343442077839264
380,19.805700804758363
381,12.2676926123994
382,17.33186420294222
383,18.24482336976498
384,13.236423076193708
385,15.620580516321516
386,16.667746784980334
387,17.48168267452518
388,20.055635715750046
389,12.843576413239749
390,21.791530121083007
391,13.388531463767285
392,13.353673108492789
393,13.927728451751541
394,9.176040131679706
395,20.05539700840059
396,13.976496821180147
397,14.339548587124234
398,18.297765389123114
399,12.690408237012091
400,13.343016032603174
401,13.638887758803167
402,15.686862572607609
403,14.200820138504127
404,19.23410210705825
405,15.329387838257436
406,18.252130699001874
407,14.662539859618418
408,18.717249985971755
409,19.89432445891955
410,15.658096612458804
411,16.18929837671515
412,14.140319458818556
413,19.4648894258651
414,7.914038532064962
415,14.661401046040664
416,18.70909056022137
417,13.118133428543123
418,17.016213205423654
419,19.17161355681507
420,16.013566170777256
421,14.66458352664135
422,14.900850811468832
423,20.46186802272397
424,15.419037440536977
425,12.887115399439514
426,13.775207753153087
427,22.9670017902624
428,11.71798303185918
429,20.112056395333198
430,17.57652742540411
431,15.247627397624004
432,17.68090735640644
433,8.251712420637368
434,17.15158300515113
435,15.035023198115557
436,17.163247349076006
437,14.277757809068595
438,11.315933166075279
439,18.54925566929363
440,14.22985085493446
441,12.01441996311464
442,18.174233139017282
443,18.351329587359494
444,15.96294490309228
445,20.24617499477837
446,15.964140459464803
447,17.23092330379276
448,8.881826958531416
449,13.72621268466612
450,13.43371784616001
451,18.490039506061347
452,24.584508000855376
453,9.851057538088071
454,12.589174328369925
455,10.895953165083062
456,21.487048266453733
457,16.069042965854855
458,15.917381301651332
459,15.993154369749996
460,10.67226902462513
461,14.123116137452637
462,13.067656261265556
463,14.677722579314688
464,19.53167515087916
465,16.27595471905122
466,10.395292587989676
467,13.850961609778292
468,12.220942573148148
469,23.679469285394994
470,12.906719094143966
471,17.02057334233944
472,11.701613873407378
473,16.8021868768707
474,14.952915020038656
475,15.982321473892828
476,17.831321174390766
477,15.316822749685073
478,15.02368379579017
479,13.072765100421151
480,10.801883926187292
481,16.35105292975434
482,15.35638657746768
483,13.317463142565996
484,12.834386689888396
485,16.104063312818788
486,16.850261307332666
487,16.693884195859695
488,19.38061816745911
489,18.25245106588656
490,12.803029997128466
491,17.075095287072237
492,11.982979895800412
493,17.167806841363173
494,10.213773330806548
495,14.124601967385052
496,18.158082224168787
497,11.60547071347166
498,10.622048478810903
499,18.671079777746353
500,20.64410127200766
501,19.66565252198309
502,12.530362230191987
503,11.364762895043798
504,10.202071846143031
505,19.64603042220841
506,16.455201811632485
507,14.193790178254813
508,11.065858263039486
509,15.27615408326129
510,15.488822227847422
511,21.243389306686865
512,15.936018790817549
513,10.537006549565614
514,16.257357573786404
515,19.128025581345998
516,13.399401775925675
517,7.831029525001607
518,19.517556171077192
519,11.956290256255262
520,16.52874386384941
521,9.9561240713562
522,15.561784450081454
523,12.063734085937554
524,15.731229226837272
525,11.6871944666017
526,22.2938952295994
527,22.645404622765025
528,14.175923271332522
529,17.113159327823002
530,15.853086485129499
531,15.61280466836839
532,15.738966900700522
533,14.684677587720463
534,13.811450162586425
535,14.347698614272199
536,15.4472988405898
537,14.746498620285067
538,22.561088933118846
539,11.733564607216673
540,12.663341335039362
541,14.926951717004586
542,17.560830599440152
543,17.450309614429226
544,13.430248731974544
545,17.640999440882602
546,11.409253449644373
547,15.073717513024578
548,20.500662755700997
549,19.217705957592536
550,13.40503275608773
551,13.08804632987984
552,15.732443355979111
553,8.356413814715085
554,11.851652252023236
555,18.98657608465514
556,13.93848843802916
557,14.713349839506648
558,16.235548859039124
559,14.370314528532766
560,19.379093292505928
561,13.867188625072083
562,11.435153299241115
563,18.993025527076764
564,17.254635990105474
565,7.111370380514451
566,12.888839245107874
567,12.862254140228043
568,15.18645689298162
569,14.446594336431552
570,15.893313501726357
571,15.171676723930915
572,19.44257274179091
573,14.138946097608798
574,12.935362178953646
575,11.508580964997979
576,15.835365287554511
577,15.308817136223675
578,16.140180896587204
579,13.100805343054398
580,12.377234333501566
581,14.47690430165207
582,12.381547510046762
583,11.600816991861835
584,21.874324240921585
585,17.72329227230146
586,13.73280179745549
587,17.43627188677951
588,16.189335723425405
589,19.451343133726866
590,14.908875327124276
591,21.97295198870757
592,16.438651520240022
593,17.066394332511457
594,13.25513897228765
595,14.242416096554408
596,19.06595440572878
597,15.59340939989712
598,16.146581872632584
599,14.143694888064108
600,12.394992254716804
601,14.396965905386063
602,11.50970116523956
603,16.185705726307933
604,12.042196260646199
605,17.037118874275595
606,15.507005739449877
607,19.371472561271425
608,18.434804824900596
609,13.086642291598071
610,14.278992063521352
611,20.21021241329014
612,18.686773677217985
613,12.59150406165083
614,15.244713790776649
615,19.387877999479645
616,17.741651441995792
617,12.222123962666156
618,15.631256580633238
619,11.224205149102659
620,18.955521792706527
621,11.929462330058453
622,12.178604067385189
623,16.49226855933385
624,17.19277131835996
625,17.01516193505537
626,15.222572577685554
627,15.460242622234194
628,18.154557023497183
629,15.788030951415049
630,13.205437051700798
631,13.024550406170569
632,11.172976085442746
633,13.664967256890925
634,12.328079213158492
635,19.579914831027125
636,19.285287329277594
637,15.695189880324117
638,17.932382820992068
639,19.072575245821394
640,6.388106377697232
641,11.209818576304915
642,20.249198354522214
643,19.34255474245659
644,22.233263433411917
645,14.335878370806718
646,17.51156019831545
647,17.67138716652085
648,12.644203003164403
649,12.188018019402818
650,11.554737270081622
651,21.14495734808222
652,16.17569499786236
653,17.316797692087
654,23.195926884863724
655,16.365839941821847
656,14.923910715629152
657,13.475083275285396
658,20.71797781874519
659,15.126925373210193
660,10.731183013829325
661,10.273361240681982
662,18.115877503147786
663,19.353372083340176
664,13.081494650259717
665,19.265099331089445
666,12.950727926859702
667,18.185002165530175
668,14.819337961102814
669,13.30159908692948
670,11.021530632836644
671,13.018685018142042
672,16.33372807348038
673,15.430565869069088
674,13.768870219067253
675,23.088062372391672
676,16.79374891962771
677,11.303682683711354
678,16.131849717835244
679,12.759126854348027
680,16.731246720299218
681,16.82137659399747
682,10.937386125534236
683,10.554001523284466
684,16.173446358142304
685,12.131720334159093
686,18.97713296295839
687,21.296552715667673
688,18.32152375780443
689,9.197283192287031
690,13.834026324489688
691,12.176674170338883
692,21.024815706199185
693,10.724854074662822
694,11.524780632300082
695,12.015368927364044
696,21.702515303922567
697,13.514466648479658
698,11.569791716434015
699,13.58820354561158
700,15.1393095771646
701,15.410068049050846
702,9.327503698402417
703,15.956520036694139
704,13.639361585729993
705,15.64711553272294
706,21.56260397747915
707,15.07452330614983
708,18.549772729420745
709,12.07820249120201
710,17.825244315863173
711,13.476374905833797
712,8.645230374865314
713,12.475236114778326
714,14.736094425253548
715,18.590233050929175
716,16.238679665173002
717,13.470505979882912
718,18.660689762374332
719,18.066415968479706
720,15.56387990881969
721,16.5627610618197
722,11.838257014955254
723,21.44479907234985
724,10.047621649774484
725,14.692833139047707
726,11.286595193241778
727,17.683503117438104
728,17.34049724479267
729,10.873734125747694
730,15.418888137373699
731,22.71430541549462
732,10.329413238862188
733,16.598588670509148
734,18.70032135892249
735,15.172660504522426
736,14.983429534748042
737,21.411693615656123
738,13.487789030500123
739,17.718012206081333
740,17.615748292477804
741,20.232956766834295
742,16.866884030366997
743,14.189071756142821
744,13.412479309580425
745,15.654022724599558
746,16.827151749829625
747,14.704857915124833
748,18.778219629007026
749,18.875245964242197
750,8.025158960791494
751,11.07716562452983
752,17.246494938040104
753,12.419914115494587
754,19.28300293962336
755,22.512243785261298
756,21.29329326798775
757,18.38572676411404
758,12.783070285064866
759,19.763691477784178
760,13.977473335326772
761,21.149073033711797
762,21.836619121280194
763,16.85180190173407
764,12.384257882821966
765,13.324121531816132
766,12.23796302393772
767,10.37408779254201
768,12.701512114829452
769,14.474272885939058
770,17.490960985685206
771,11.70853717490104
772,13.974781668493572
773,12.633357859683363
774,19.090763475553835
775,17.299536515968757
776,11.928065743402328
777,11.99887081792129
778,9.575003177991086
779,12.02252319702963
780,8.085415511823003
781,13.84161169396712
782,14.682537313856152
783,17.301542240433058
784,14.41839180101796
785,10.203579386863227
786,22.89723095808972
787,18.056193143641615
788,13.89556034533236
789,15.05578745108711
790,17.138547612251422
791,11.637798298457845
792,16.979034780864282
793,8.869632069471372
794,16.9082175307731
795,15.457339141476506
796,18.982696078407336
797,10.468697021949426
798,18.62486100741589
799,17.010673282010757
800,20.096537862440975
801,15.096417162855529
802,17.656344497332025
803,18.10212961319329
804,18.19108319037278
805,13.122512229525817
806,17.600810912655533
807,15.812855299359295
808,13.216478915568342
809,10.398308635596935
810,13.028296268921991
811,18.198116525441364
812,17.622380728465657
813,11.889051219936611
814,8.232061292485504
815,15.792169254458539
816,18.21663003700037
817,17.74090850737162
818,17.811099920657682
819,22.785736159263863
820,21.499942915546253
821,7.225833820229325
822,12.523217357313587
823,14.167665379776153
824,18.569182776054802
825,18.019480873995896
826,14.222092247517667
827,13.30402669916342
828,16.973377835498866
829,12.537566777623903
830,14.723716511259608
831,12.538112787706996
832,14.197392423741617
833,13.427380788033435
834,20.297051139756995
835,13.09209833540147
836,15.642809542679482
837,17.27901266510194
838,14.774936846195722
839,15.725997108221462
840,19.35228483361369
841,13.324006161492427
842,9.534197650529524
843,16.306187483666594
844,16.82988043416132
845,20.063089003786807
846,16.11592693849008
847,10.79753664204222
848,16.53593355076643
849,14.41410418277642
850,13.388485090302247
851,12.741140747174644
852,18.251149970824216
853,16.948965415930004
854,11.34780889927342
855,7.263347781677406
856,18.189706597012687
857,20.753129859617687
858,14.233799253938095
859,13.459830895128652
860,12.23642262246499
861,24.46351225176248
862,16.647833479117363
863,16.878591733253966
864,11.821279313081966
865,17.21471787075981
866,12.87455789420589
867,13.607831866652546
868,17.005007582433933
869,10.092199539235349
870,9.934204940506554
871,12.681336277524439
872,18.839325746204217
873,19.29267766630269
874,15.517189101566775
875,18.41188331931358
876,22.320199121776923
877,13.45831371860183
878,19.33396922028153
879,18.25618926600395
880,19.780848863681243
881,20.62854620417277
882,11.28866376481331
883,15.428261411135008
884,17.431434704443333
885,18.818774528925022
886,17.02281058554381
887,10.95825464058559
888,11.60211977763558
889,12.941770094737976
890,16.025541571403245
891,19.485835287973323
892,15.74355107797782
893,11.184375630761872
894,12.763328399280665
895,11.767823213186713
896,17.299540047179086
897,10.900946872784685
898,15.086062923462888
899,18.4303906269898
900,24.26902910852948
901,9.712131573045843
902,9.801483195770395
903,14.493259117870664
904,15.001527391588809
905,15.05629382537327
906,11.461164609129524
907,16.34821921491157
908,17.119287082647936
909,18.44584458192106
910,10.116711356930281
911,14.911618721961384
912,18.887964601776115
913,12.3407842243631
914,22.83212220997455
915,21.462912990431647
916,16.38769606821521
917,14.07142568209779
918,12.492342725735483
919,14.255993971818663
920,13.976939143759676
921,13.144285103688386
922,13.274730104338925
923,19.45166306298308
924,17.407855266593565
925,15.817883679435091
926,16.74650114881019
927,13.900898378954972
928,16.69612575533238
929,16.075692862851366
930,19.15613249802776
931,21.71496462212307
932,17.139581196030946
933,15.47335429666555
934,18.212818636936998
935,13.104648752613027
936,14.893279658013306
937,15.844074137065677
938,13.50547713125324
939,14.620035088702801
940,14.475440154764776
941,17.823660063277394
942,23.720324127046585
943,13.166028610816596
944,18.455343428759793
945,17.094518289854058
946,13.795001699858881
947,15.83918128720621
948,12.958929186995952
949,19.13701668346272
950,22.01763870367143
951,8.707885598301747
952,15.382370471514133
953,16.581552114713197
954,24.60632199456223
955,10.402218247494908
956,12.606535094148683
957,16.47417766619043
958,16.217545972590937
959,15.239754483409554
960,19.3223454140046
961,18.300763235235998
962,14.55490422097415
963,13.43823143213819
964,16.8387043462681
965,18.155911043996497
966,17.452082565811978
967,13.782322891029693
968,13.297895449551675
969,10.798801949883106
970,16.727696785102054
971,13.939750554441938
972,10.763238085276065
973,12.827503260904
974,11.746479284190583
975,14.78450287764139
976,11.658526865061454
977,14.018876164774856
978,18.83206785592791
979,20.06358383528329
980,19.417383216031673
981,16.64514923797801
982,15.357353383258143
983,14.850872557299402
984,13.807054218058935
985,22.74869583049715
986,22.477202454284267
987,13.970811977775915
988,12.660798624745961
989,16.37940613417068
990,15.604797697956897
991,14.853194764759955
992,9.096340555762838
993,17.754871008888955
994,13.82035106511687
995,15.28185863412958
996,18.873259142579666
997,15.287012296452268
998,18.82074014623652
999,9.938180406720969
1000,14.943039950125549
1001,12.973708540718063
1002,17.102752575291753
1003,11.771191111460306
1004,10.85943721355634
1005,17.882418355696228
1006,10.16966263312861
1007,14.79590559668077
1008,18.035072540509937
1009,18.036249718345758
1010,16.61389074261235
1011,17.87722926915107
1012,8.075358508381518
1013,15.318746226141789
1014,14.422859025671052
1015,16.080967273579255
1016,16.02572913795111
1017,14.890408147157824
1018,19.395631673864933
1019,10.129695148714257
1020,14.970196631028639
1021,17.027266165975472
1022,17.92571734906419
1023,14.990797070178168
1024,19.55887129817536
1025,17.531270595447598
1026,12.788194204385913
1027,13.110495570253583
1028,18.774793274862592
1029,17.979829806448905
1030,15.426323512547862
1031,15.479995239628323
1032,16.89435902544066
1033,19.09400635203282
1034,14.873316124658169
1035,16.746335169853957
1036,16.855308673647794
1037,16.808662761181445
1038,17.260889397882742
1039,18.43592317808865
1040,13.336788397927062
1041,11.76043672059854
1042,15.804513912219573
1043,25.22705130077366
1044,11.442204707386251
1045,21.186149589310943
1046,12.760607157464166
1047,13.45153610579759
1048,12.278597613435375
1049,11.197556358097847
1050,15.137367873477947
1051,14.931871549903171
1052,18.554617164507903
1053,21.389424078119625
1054,15.914713405922978
1055,17.691482135804875
1056,15.087959395910406
1057,13.929466161568604
1058,14.585030300496364
1059,20.786854556103588
1060,19.508527928839868
1061,18.469434820442807
1062,15.830346183671892
1063,14.629647072814816
1064,20.379919250068575
1065,15.548383719244072
1066,17.650517987314835
1067,12.907828475297812
1068,16.299589115152802
1069,18.62086863461942
1070,14.141451662774116
1071,14.761042242797753
1072,11.942082209640532
1073,11.807355178145452
1074,16.955919147282515
1075,13.665896480593254
1076,17.33459648046869
1077,19.582024704240894
1078,15.438757646958354
1079,14.945780031293978
1080,17.801452739861656
1081,10.754116858235294
1082,14.12306142057372
1083,16.356821723692462
1084,17.782719161859866
1085,18.007564140435026
1086,10.21860855896443
1087,16.9340087078957
1088,15.277997295454838
1089,9.59242327735576
1090,15.616913626907571
1091,20.112973472681077
1092,15.707781908900309
1093,23.803795309353752
1094,14.433129528066022
1095,10.288306154962806
1096,13.593324279106842
1097,12.643031982284683
1098,12.102871582924141
1099,15.528753839153673
1100,10.30445818391631
1101,17.170986240461865
1102,18.01403428591133
1103,8.63697479475931
1104,13.019977678049269
1105,16.585544452581182
1106,17.799507514704267
1107,19.326820729306366
1108,15.733047507842464
1109,14.730842480886498
1110,12.459410965359792
1111,8.158553280926597
1112,25.094904047976527
1113,13.14751520544193
1114,12.991047086961707
1115,11.466328084323575
1116,17.15923678414173
1117,23.741392371394323
1118,10.364250649879521
1119,18.617016829377256
1120,12.80098094847427
1121,14.964676283379507
1122,19.456713230198883
1123,17.522274873056983
1124,18.565593879074797
1125,13.94168793464793
1126,11.14378636433821
1127,18.151597155759234
1128,16.55425139028324
1129,18.585940270862665
1130,13.375474219012034
1131,12.691888054397108
1132,10.533775531443343
1133,11.895678503825717
1134,16.664415539885752
1135,15.849524235069499
1136,13.664766545186776
1137,18.14771328228372
1138,12.854506751709284
1139,8.721718448793217
1140,23.075072868740225
1141,9.164665144498318
1142,19.86973737567327
1143,14.91874610081927
1144,14.509098326455934
1145,16.313993278753603
1146,17.13860916784857
1147,13.95764911804886
1148,17.092326300037946
1149,13.104884434461885
1150,15.4318860801637
1151,9.01998946786068
1152,18.18454229794875
1153,18.518160535010757
1154,11.177079812433444
1155,14.205805721253839
1156,16.47150211926553
1157,16.232525062791733
1158,15.183105274943166
1159,15.215467831491098
1160,13.300947260921362
1161,17.820258058385782
1162,12.923562665340635
1163,16.5905988090716
1164,17.921161713800835
1165,15.342157325809875
1166,14.193707030689344
1167,16.01108493384472
1168,13.401379088448394
1169,17.564287626054345
1170,17.336744465582765
1171,18.027404890915648
1172,15.818344507088188
1173,13.64316757254788
1174,23.720586642795155
1175,17.241479618800504
1176,18.2802123647635
1177,20.04520338208384
1178,18.81453371829661
1179,14.696808827679567
1180,15.907155721591153
1181,14.237938432970703
1182,16.61247618459175
1183,14.869324009691368
1184,15.792597347136152
1185,21.870969912896584
1186,14.413143784647259
1187,14.03960184705733
1188,15.003033520174352
1189,17.22008432717728
1190,22.601425687102143
1191,18.463693021947556
1192,14.94639249715482
1193,16.28761267259344
1194,14.777702070933291
1195,13.88621486174506
1196,18.062045824070033
1197,15.806833238181198
1198,13.000645900826683
1199,19.188572028325716
1200,14.74510570719859
1201,13.818047084632669
1202,14.965567975901845
1203,25.182298188718697
1204,14.85152959343842
1205,16.461403409616096
1206,16.48922486650007
1207,17.066905446043158
1208,17.4930306102222
1209,13.766143526121173
1210,12.741073728381906
1211,12.014252155043057
1212,17.593387928901524
1213,16.027276030959847
1214,16.771779201932734
1215,12.287933039714217
1216,10.164323512727965
1217,11.964536131144863
1218,14.365338501138964
1219,15.422583765819951
1220,12.060717508262503
1221,16.20238821159313
1222,23.38639599643603
1223,13.767786974685354
1224,14.175694784518974
1225,12.139277249260228
1226,10.71422495185351
1227,14.516978438356933
1228,9.74323057453498
1229,14.105182724146832
1230,15.891237991703445
1231,16.31688555748429
1232,12.658518871199076
1233,16.22333662335025
1234,15.31151225272168
1235,12.594248859449243
1236,19.39430118640734
1237,16.55892289931689
1238,22.742957238216697
1239,10.86606712289996
1240,15.156267837444814
1241,15.79752855553797
1242,17.357111819700613
1243,9.005402270313141
1244,15.832133078498176
1245,16.974636741061936
1246,15.682837103017764
1247,9.556998155034194
1248,14.645066180402877
1249,11.151263048174384
1250,12.447133872399933
1251,17.16368432212593
1252,21.79935249755895
1253,16.74423804748781
1254,17.99180717168582
1255,13.19047537558884
1256,22.337201363916186
1257,16.316262992581002
1258,17.481675308076483
1259,15.064536630371839
1260,9.557616163170925
1261,15.879371625783898
1262,12.269385085240735
1263,11.069630887518265
1264,15.215870051541938
1265,14.577551233074118
1266,12.526060875180935
1267,14.116968838095522
1268,17.75137560397061
1269,21.29478243153472
1270,19.095594159017146
1271,18.776221917224053
1272,14.5439977447557
1273,13.736477955886864
1274,17.633301026398783
1275,14.277254443777835
1276,13.196682210489683
1277,17.72586852150568
1278,13.19068939929208
1279,17.859677934928946
1280,11.143331762249591
1281,14.377237474870476
1282,17.211907570537008
1283,17.09568946785476
1284,19.232083237562904
1285,16.276931508236757
1286,13.005259823949068
1287,16.930398998588092
1288,21.79199749580306
1289,13.726433607059933
1290,13.91624448400809
1291,20.463297789580082
1292,14.201099896379613
1293,11.988515529504859
1294,17.405377380922044
1295,18.093724332273794
1296,13.819683661695745
1297,20.329810682452212
1298,14.923641168224524
1299,23.353747710574048
1300,19.539798763782187
1301,16.8861837641337
1302,14.14971581877167
1303,8.974143915428296
1304,16.039634823516472
1305,18.667604715463668
1306,15.330795292089075
1307,12.924777759445679
1308,10.361435527016896
1309,17.073953978895382
1310,18.449529126823624
1311,14.791732258454665
1312,15.507746833445154
1313,12.821204997454824
1314,12.204224998380404
1315,23.875858657893104
1316,15.882007991496245
1317,14.425501479512405
1318,11.273005542025675
1319,15.821900859480317
1320,14.00065929944251
1321,11.040307527216939
1322,13.141491268035196
1323,20.113009045594584
1324,15.295395673423384
1325,11.461210615921807
1326,14.94621782444389
1327,15.523181233260562
1328,22.1242618293073
1329,20.77059287558164
1330,13.533643416329152
1331,13.790771166139145
1332,15.987850514596923
1333,15.91888747615604
1334,12.05760099840681
1335,12.037145242757166
1336,17.250808875140187
1337,23.630405764825525
1338,11.886316057254302
1339,18.215621929050407
1340,17.449845199811968
1341,17.702059643688216
1342,15.295970461477753
1343,22.462288137789017
1344,13.23126436645289
1345,11.347656038940524
1346,21.54902942812357
1347,17.414772971560105
1348,13.761428369820557
1349,19.113563795309545
1350,17.19560776588764
1351,17.758404978646524
1352,10.771415487472797
1353,12.624819893059847
1354,17.386905650396702
1355,15.796785468476521
1356,16.336398970504433
1357,10.94491658555884
1358,16.79710682247694
1359,19.60192978143054
1360,11.075651265252255
1361,18.203582616669028
1362,14.668495638390755
1363,13.510109403589738
1364,19.343320639104704
1365,18.529799133478427
1366,18.333204146768022
1367,24.0253131921405
1368,15.113231749315082
1369,12.330975809245386
1370,14.248340404959709
1371,23.123364125426207
1372,19.339635021334445
1373,15.22952681329791
1374,13.341646683238167
1375,9.845135875545092
1376,16.47029796703424
1377,17.697138061592238
1378,16.062483873391578
1379,13.467798964376055
1380,11.004851681360515
1381,16.75387716898651
1382,19.420391749266557
1383,13.385797797097842
1384,14.075788787505608
1385,16.52817888043384
1386,9.30702627790112
1387,15.417760473470977
1388,12.822658204197142
1389,9.249746076516601
1390,10.394384039597465
1391,14.776228911676604
1392,19.36328274684884
1393,14.292098400541786
1394,21.49872299932886
1395,19.51898967914766
1396,18.091626852487934
1397,18.43408256966829
1398,14.74101356126613
1399,12.415237151570611
1400,8.676119857731317
1401,14.680927626164841
1402,18.264155594354392
1403,19.099101488251364
1404,17.601328617165343
1405,17.98471079279717
1406,19.293417162468383
1407,15.052257933358357
1408,12.535610019345999
1409,18.619187113505248
1410,9.567902349902932
1411,13.284399188156375
1412,14.200208629134067
1413,16.200209230623962
1414,15.903505021010758
1415,16.213129671255516
1416,15.373182484303868
1417,13.534774577947214
1418,15.209780910558777
1419,20.648784721923434
1420,11.939984462622398
1421,21.66840965931787
1422,18.971925324422422
1423,14.798046568417483
1424,23.4213197239225
1425,21.63222445166977
1426,16.25781119033137
1427,11.1770598846777
1428,18.661673950639134
1429,16.75493213735443
1430,15.407749895395934
1431,10.919221248403527
1432,10.726790487515812
1433,10.141957731279312
1434,19.254812426577356
1435,15.062058725727177
1436,12.072940524532243
1437,16.261078212470434
1438,14.130555248931962
1439,15.364899506637766
1440,13.430924349337632
1441,21.54665863298352
1442,13.395072861388392
1443,14.604671544742676
1444,13.233465115777474
1445,18.008982722015425
1446,16.63460160587986
1447,12.699343563352674
1448,8.84425593587494
1449,14.196070918564537
1450,11.857690449185592
1451,11.397644714872012
1452,14.206342907799494
1453,17.80076790248065
1454,14.188845689825495
1455,19.136953346900867
1456,13.150251953880424
1457,17.578825168871113
1458,18.209939164521757
1459,15.536081603371365
1460,13.804531648996939
1461,12.140854439325429
1462,13.78669161565552
1463,11.881974508390314
1464,17.519577641424295
1465,12.390610489651007
1466,15.141438959402638
1467,12.677531035147574
1468,19.05758828626546
1469,17.603215074901154
1470,19.855071060526583
1471,13.758973510328373
1472,14.078370721586278
1473,8.778773186383914
1474,17.21418264884367
1475,12.495659897188563
1476,9.506978643942407
1477,18.558180479548575
1478,16.89302899698724
1479,18.977776531559222
1480,14.531783373992658
1481,11.041919412478428
1482,12.332529779752726
1483,18.709489922766693
1484,14.108565397376298
1485,23.157476879315134
1486,9.60229348089792
1487,14.451955878824423
1488,16.02931131330574
1489,21.265377439523007
1490,20.5301896293665
1491,12.824523194828018
1492,12.400736147976142
1493,20.609427376172377
1494,17.958387001495822
1495,15.026136229277014
1496,18.11058077003695
1497,17.867982641855136
1498,10.562689493090787
1499,16.74201359170305
1500,17.254400368292536
1501,17.85692393290401
1502,14.749716097366106
1503,11.383454814585026
1504,17.322468240862612
1505,23.521717839593784
1506,16.863787998854676
1507,15.389089647283937
1508,7.9709847601967985
1509,12.843969396000688
1510,12.147296013787688
1511,11.53195808723676
1512,12.090785357041476
1513,11.8237007849711
1514,17.334573569243954
1515,13.79378307275234
1516,13.017331071469343
1517,17.40838948569657
1518,16.812464869861024
1519,18.770879320378153
1520,19.326980016299835
1521,14.085718756885079
1522,20.356509401883244
1523,10.916468336824806
1524,10.792013829760608
1525,16.209537168758878
1526,16.4327469556331
1527,15.318525604865414
1528,16.87416064425094
1529,13.546546045837939
1530,14.721154565059084
1531,21.32114749118653
1532,10.229555435436527
1533,15.798845977437336
1534,12.025851914209207
1535,15.116584119814025
1536,17.340553062759398
1537,14.111221987772687
1538,15.926807320117
1539,6.241141942406352
1540,22.015390723750137
1541,11.65561765064273
1542,16.120387337866248
1543,16.35656598209102
1544,12.2654410764912
1545,17.564473437003933
1546,15.164439681641541
1547,17.827812011913394
1548,16.10733485348598
1549,13.334566311964181
1550,21.881089324285718
1551,16.543089338631788
1552,19.794465295996226
1553,19.70690809025268
1554,19.02583125443102
1555,12.54628310020167
1556,17.486071754164854
1557,15.829773955493751
1558,12.835766348743169
1559,18.559176414809798
1560,16.943720573236302
1561,12.794358057036897
1562,16.75756306186427
1563,16.27140180362721
1564,18.22685225193489
1565,12.932896374286898
1566,14.4931759917779
1567,18.237204905509127
1568,12.338122063884779
1569,18.15676598513095
1570,21.016780503000696
1571,15.767272502192132
1572,15.976401521504679
1573,17.297916183335474
1574,14.906851582725764
1575,12.7819569216727
1576,10.557699109978618
1577,15.35773018817723
1578,16.5421303646352
1579,15.610690537641263
1580,13.72839514986962
1581,16.348090386447634
1582,15.388340638627364
1583,18.25736827005111
1584,10.785020946847679
1585,10.288907243805337
1586,18.911843566383947
1587,17.7898215762279
1588,11.720450803976881
1589,19.6688577245015
1590,14.174233595083493
1591,12.985147022255344
1592,14.813307657321864
1593,18.416230858762518
1594,12.745240213541258
1595,12.129807233048831
1596,15.067377412989552
1597,16.423234736822444
1598,14.201244368020177
1599,10.45326520038316
1600,20.75591541517358
1601,13.22879239979543
1602,16.42473918792165
1603,11.497680424326344
1604,15.682818746918041
1605,11.212121987607112
1606,13.3670410370031
1607,21.93301473711739
1608,13.84648611556809
1609,12.59212398266988
1610,16.48584111804552
1611,17.993072177087576
1612,20.605790398080135
1613,14.596449599408796
1614,13.429362916664147
1615,15.559971565524997
1616,19.018780906478675
1617,8.678922580491417
1618,12.371708529362387
1619,18.083768603176882
1620,12.638862628134227
1621,12.005128584611873
1622,15.519277831166796
1623,15.695614701959418
1624,24.157837267293424
1625,15.921302780650526
1626,21.237398650873885
1627,23.048909416023417
1628,15.262081299316888
1629,19.965871420169698
1630,21.615266636124865
1631,16.903016990358715
1632,16.346636898442405
1633,15.734099753130433
1634,17.632919420241123
1635,19.358335922107912
1636,11.976449601494696
1637,16.448807846736436
1638,13.986793542361172
1639,20.57043255909889
1640,14.087294399420525
1641,15.941428417476523
1642,23.20343816003843
1643,22.184366713328593
1644,12.027910510672493
1645,14.213416076718651
1646,17.238908900226903
1647,14.389820058988597
1648,15.54791431707839
1649,13.26081274789125
1650,16.38255942044197
1651,13.864433613668893
1652,20.942757239771502
1653,14.189288622227956
1654,10.536725053936282
1655,17.005306730623193
1656,14.40322917775337
1657,20.76896562483896
1658,18.136340529128084
1659,11.403325393361904
1660,17.703373087893233
1661,17.072219430899473
1662,15.318214522995152
1663,12.50749564505762
1664,7.756480926614771
1665,12.73128087551017
1666,14.494005099264257
1667,14.27166424584386
1668,22.47437041036038
1669,15.1899941955781
1670,10.420881275904499
1671,16.35372446905279
1672,19.40746380397195
1673,13.345858143759724
1674,16.953471745736046
1675,13.813618626345452
1676,17.360173211236166
1677,16.26686926852449
1678,12.761504958140561
1679,9.720440190193697
1680,12.619586759441974
1681,11.666590923131377
1682,18.264957943428243
1683,13.57063117393865
1684,14.394138247869815
1685,21.150805983332173
1686,15.765918975145551
1687,12.615409031159446
1688,11.404630762321311
1689,14.954813828220832
1690,14.284091123426016
1691,17.16592016806338
1692,14.190478056925098
1693,12.007310683974811
1694,18.93007929644724
1695,15.07203355236804
1696,13.916033054614985
1697,19.60833879903346
1698,19.03227373648483
1699,15.84311490820824
1700,21.286691667845073
1701,16.33901784340195
1702,13.064507287645586
1703,15.327639479412563
1704,14.478711818156496
1705,15.97710146144901
1706,16.864470197099884
1707,8.945107162963087
1708,12.872208775261836
1709,19.198449983053585
1710,15.292611461886821
1711,14.398675574958716
1712,10.126485593905155
1713,12.447968831990183
1714,25.31576912549242
1715,15.770522332020168
1716,13.744405993082385
1717,12.944619036877537
1718,10.458906828065503
1719,13.389197367729867
1720,11.151287212493237
1721,12.086645616794904
1722,18.72550134816676
1723,9.934292061809487
1724,13.995903659731347
1725,11.925204163643052
1726,10.915841002169929
1727,14.82680537419794
1728,10.770836746548953
1729,16.08445287506662
1730,15.702226716384509
1731,15.041697546327372
1732,13.89363619392866
1733,15.207675188692338
1734,12.493678225747985
1735,19.48597040529218
1736,12.942855391032037
1737,17.634783751490062
1738,15.930241157426282
1739,16.922890256445722
1740,8.112556036788849
1741,19.27991245582964
1742,19.44155454683772
1743,14.8493276217805
1744,23.392370571729405
1745,22.129620598911394
1746,10.136140411772278
1747,11.18236318658738
1748,11.043435089031796
1749,13.952044679274145
1750,19.89489225684089
1751,10.789115382026646
1752,12.724916169178083
1753,17.21147016312792
1754,14.478297653953955
1755,14.116447165246518
1756,17.454778826626452
1757,9.164006013641519
1758,12.749559766109087
1759,13.842969531922979
1760,12.410837550825796
1761,15.270485596806227
1762,17.14249530746471
1763,15.800210406143812
1764,19.591860414100857
1765,15.662479621832347
1766,15.886127223772112
1767,11.816068376968971
1768,9.959923222442022
1769,11.304867654896581
1770,11.88109797635004
1771,19.24761225758033
1772,13.454177628111065
1773,13.304879663362208
1774,10.360691168630646
1775,7.659619569851139
1776,19.480790173459557
1777,12.222492327213342
1778,17.872201368144406
1779,16.00024756466299
1780,15.58983225744401
1781,14.56047004419743
1782,9.386183704065479
1783,21.43782956306717
1784,21.609650132711742
1785,18.430339532162698
1786,17.751060049485236
1787,14.60282766676265
1788,17.609770621922735
1789,15.903183465133353
1790,8.999744202538944
1791,13.341294982531362
1792,15.074344506581856
1793,13.967904329712695
1794,17.60238010172098
1795,13.494815506001771
1796,19.651673136073995
1797,17.18903312456403
1798,9.657017653014368
1799,16.469500354632174
1800,16.630256865897834
1801,20.118582049415686
1802,19.149491059397455
1803,13.943457440940518
1804,19.40559986379605
1805,16.348699362947002
1806,17.97732288623148
1807,18.362943005980533
1808,15.420374141656605
1809,23.52930790593829
1810,11.016501369228568
1811,11.423223593394304
1812,11.915516934922927
1813,12.166170904693438
1814,8.84108316666988
1815,10.19604804702723
1816,12.959404139403269
1817,10.731943081690343
1818,19.60613518983254
1819,14.170687672564725
1820,17.140030788684705
1821,15.221532011942731
1822,13.074769198724514
1823,22.62895877173921
1824,15.953248214868239
1825,18.41838435879957
1826,14.918312061141528
1827,12.099955034213993
1828,15.14137898749618
1829,19.010711169626354
1830,10.461433302819787
1831,13.26879698616379
1832,14.076717877972868
1833,13.334713714341
1834,24.108592351795316
1835,23.608523806448034
1836,15.706369827592447
1837,21.2727770937142
1838,15.076471530101422
1839,16.638284159667
1840,19.198591651947517
1841,12.125141916351067
1842,21.90429552419097
1843,20.242256148381536
1844,11.960079900027573
1845,15.982359298240791
1846,13.81561160817548
1847,12.997368624157248
1848,20.538434352864375
1849,14.848058345288186
1850,11.034069090515933
1851,17.388103650989365
1852,22.720800792502338
1853,23.367030265089603
1854,12.014510855217246
1855,16.858332712861618
1856,12.51195690803833
1857,17.99904904337066
1858,11.787696180594075
1859,15.74741650724828
1860,16.38168968535861
1861,14.719679982797468
1862,20.556056305059997
1863,12.703835320125659
1864,16.515021048322097
1865,19.140728944112627
1866,17.539007891962285
1867,15.822170035068304
1868,18.72432819373376
1869,12.498322078755752
1870,11.943547332996388
1871,18.127494531488175
1872,18.574166924955858
1873,12.2882249169786
1874,20.957202885504568
1875,13.138861231509384
1876,18.851512165304115
1877,13.266691615737301
1878,15.063528895937765
1879,15.021669790195123
1880,8.472956119338928
1881,18.86675882806116
1882,13.282017313542104
1883,14.143667868650759
1884,15.719750854277338
1885,17.11807144931519
1886,11.24990555529461
1887,11.333184266560465
1888,19.295314900429428
1889,16.36706852919236
1890,13.216419777849756
1891,13.627396614559846
1892,13.296852862592814
1893,18.97002971837789
1894,12.594116770796923
1895,11.93848282388435
1896,16.4462814008793
1897,19.470526144583722
1898,21.354467673528514
1899,13.196877539746467
1900,10.025229559038934
1901,19.627100373616813
1902,24.40429164722538
1903,12.752363911166729
1904,13.484327935236728
1905,19.492933439209786
1906,19.74679640473832
1907,13.29459722202591
1908,20.259777810440262
1909,14.242527947752686
1910,15.3250717113033
1911,16.98035006619586
1912,18.29510115668604
1913,16.06666703774322
1914,15.416130113802947
1915,21.124090170595892
1916,17.216664910526212
1917,11.370914582230185
1918,18.48145518878171
1919,15.145749365441134
1920,15.536829996261101
1921,13.560429060496473
1922,24.435763108313985
1923,9.4438401303136
1924,10.389721460091785
1925,21.678643395481252
1926,21.605771004580486
1927,12.182580066084098
1928,13.261647918392592
1929,15.8123284236144
1930,16.18102851896593
1931,16.3414906622024
1932,13.448981878388018
1933,17.598832544793954
1934,24.458845710180356
1935,11.03430971825333
1936,11.560068599287504
1937,16.90905410766776
1938,16.95301836747403
1939,13.272219920288448
1940,15.077148144699112
1941,18.583981050136906
1942,13.223400897176944
1943,12.341312413901495
1944,23.381443538654203
1945,18.683360532695495
1946,17.004632959852685
1947,15.6047982036423
1948,11.811467344197732
1949,17.183331345765897
1950,16.066798507716623
1951,24.913585843975138
1952,16.69188441944307
1953,14.86120787974031
1954,18.61221886940379
1955,15.065766231506167
1956,12.478408709651688
1957,11.865517213420526
1958,15.352177841899755
1959,19.063658228294557
1960,16.07514836142257
1961,18.46623572564412
1962,11.336515920066809
1963,9.933577807254101
1964,14.988382396947753
1965,10.112815068528587
1966,15.52093163750862
1967,18.726973181558833
1968,20.53382151051562
1969,17.401712450070814
1970,7.405756709227707
1971,12.266999003885974
1972,12.75300269501844
1973,12.767422742196658
1974,15.872450914978435
1975,15.502389206134374
1976,16.887012821353313
1977,25.097143060611476
1978,10.116151283618198
1979,15.90529594061183
1980,10.469030288055471
1981,13.160152965809827
1982,11.470619424484477
1983,12.25943456055602
1984,12.60025309322862
1985,10.721802897237765
1986,13.675143777890415
1987,12.775740387509922
1988,10.763751048077538
1989,15.87723100877043
1990,11.58155560590419
1991,13.433380836773946
1992,13.582891176960413
1993,11.980135087226587
1994,19.36285177270495
1995,15.69947331864121
1996,15.542024478507946
1997,17.135472047223768
1998,14.570907595056278
1999,11.326948024557824
2000,12.425940328150089
2001,20.420300887834095
2002,17.16733468611215
2003,17.47214857888499
2004,12.03809688987975
2005,15.417102331314895
2006,11.132841704386873
2007,9.347412006391643
2008,15.047335018934227
2009,14.132995611230733
2010,19.75654917480349
2011,17.771281509478065
2012,13.98744190676874
2013,16.898312464000632
2014,19.143593265720984
2015,17.21092355981986
2016,14.411416062059658
2017,14.743286204131545
2018,11.792836829780573
2019,11.98581300622072
2020,12.891306108353373
2021,16.199883581559302
2022,20.56181070150028
2023,14.179324748038596
2024,13.514359396962735
2025,14.856383633050608
2026,16.417411525212678
2027,12.704389381054925
2028,13.106216616450059
2029,21.592536162489033
2030,14.353127945592739
2031,17.313691613663302
2032,18.258720343566708
2033,13.535409780737929
2034,12.324179179364737
2035,16.409090475374292
2036,16.334308022994815
2037,14.770867805306516
2038,11.621596787951603
2039,14.914149669852343
2040,18.517789018603132
2041,13.540658774028703
2042,16.66831647113465
2043,21.40735027904412
2044,16.12307908709208
2045,11.275195577093953
2046,11.905770066305188
2047,13.232533381511903
2048,14.467765259192937
2049,15.709039192694298
2050,9.26797764232469
2051,15.28643719320668
2052,16.996309181705918
2053,19.341077987574106
2054,15.493875257174047
2055,16.030405983031525
2056,15.357911057668383
2057,15.294378855296157
2058,11.72293483067891
2059,15.445734934653522
2060,18.897163588728688
2061,10.395833273914311
2062,13.170809558969411
2063,15.229731652176728
2064,19.064524084644127
2065,13.355367904368489
2066,11.081028027711358
2067,11.489597579671646
2068,10.974638494465871
2069,10.927809572864732
2070,10.566121547202666
2071,15.963159289062563
2072,18.90714226727447
2073,14.35684438343653
2074,18.482309506883794
2075,18.610129662799974
2076,17.70734979434333
2077,17.178693966319173
2078,14.411130676419262
2079,17.74866579110291
2080,20.96687274532528
2081,18.153018440036885
2082,15.945789487132913
2083,14.795068660950722
2084,13.066454583779986
2085,24.968437728888816
2086,15.829109026889226
2087,16.69361692813444
2088,17.17401847901374
2089,11.61170373805663
2090,12.375255251257851
2091,14.489540610337436
2092,10.357451421863097
2093,16.57284087175748
2094,17.8416375514835
2095,13.825749973041354
2096,18.10449962066337
2097,14.760504311506583
2098,19.02232595136184
2099,16.762766919895313
2100,14.120780817639952
2101,16.871345265668534
2102,16.280250019808967
2103,15.697646128284923
2104,18.7085621594265
2105,12.41472560425405
2106,14.750216658106924
2107,11.819001769693577
2108,8.780933978856792
2109,17.67899745578133
2110,12.847065780466627
2111,16.940059246370527
2112,12.731254291544417
2113,14.681482973829677
2114,12.17842645031638
2115,16.768728979279757
2116,20.04711995548733
2117,17.888322580026802
2118,14.71628647006273
2119,16.384473190103716
2120,17.06130690811409
2121,10.834461061526593
2122,12.146687907825196
2123,19.5535413847174
2124,11.048855045497152
2125,10.924477259170189
2126,14.462424168209203
2127,14.965239504865423
2128,14.543917319930632
2129,11.283845962164403
2130,21.842862265448588
2131,15.76714293729032
2132,13.332783751912865
2133,19.858215114200835
2134,13.30386546085894
2135,16.769648047985108
2136,14.664516356846978
2137,18.31717691287998
2138,11.372059101626448
2139,14.926949127207731
2140,16.340495498776967
2141,12.86734720711099
2142,12.041350452076912
2143,23.784607633332662
2144,12.550477445931078
2145,16.372986134408198
2146,19.523806952151077
2147,22.176968753386596
2148,13.427898216438955
2149,16.69091016766911
2150,14.829469933387657
2151,15.46490786770451
2152,14.588029076548697
2153,20.318973371495478
2154,23.203670624156818
2155,17.613749281513286
2156,18.305403226702513
2157,12.752300114075918
2158,22.401853623520367
2159,16.933296882478487
2160,23.4029755861237
2161,15.664459056724425
2162,15.22423071374274
2163,13.421498615809352
2164,8.836440102162992
2165,12.36110666566275
2166,13.02946746408858
2167,13.229420189285015
2168,15.044601192125075
2169,8.908574393750257
2170,18.7162305467759
2171,13.663164376020601
2172,17.467715268989547
2173,16.407418178559375
2174,22.94683920282413
2175,13.962881890176249
2176,19.333249288468032
2177,10.824496827763326
2178,10.749306576594192
2179,19.350544654559126
2180,15.989022245951379
2181,15.89000007036216
2182,19.040797714330978
2183,9.26451768078593
2184,12.701789793682746
2185,18.212312834230286
2186,14.315957273508156
2187,13.283019036009716
2188,20.026231325310672
2189,12.96503141412558
2190,16.313892076745155
2191,12.85972150826947
2192,20.588030164958177
2193,17.769420318618288
2194,12.681769446137618
2195,10.298039742885633
2196,12.626924933892582
2197,14.642821093858663
2198,12.822234384011079
2199,15.088526111314387
2200,16.028383492703412
2201,14.261258624473
2202,16.99425677712294
2203,16.957444459567245
2204,13.649347371500898
2205,17.56872698534863
2206,22.231623973644307
2207,18.120974559796515
2208,20.841584557073237
2209,14.084189640989084
2210,15.780145706602001
2211,16.352181949641807
2212,13.750967875757727
2213,16.09307799950018
2214,15.012974592581216
2215,16.039306480484456
2216,17.961918318413034
2217,15.25578906434081
2218,10.62079390827665
2219,15.187970889441697
2220,12.909453366752244
2221,22.626170877277822
2222,11.882579321181895
2223,14.303416796269481
2224,16.034585551754915
2225,19.520035183629744
2226,17.408164756095154
2227,13.356845009920878
2228,14.289188149295196
2229,17.335839543174963
2230,14.234810217606944
2231,13.568220562795581
2232,17.709574946562483
2233,16.807834080109522
2234,11.360262859585774
2235,10.033628849503486
2236,11.6445739405415
2237,8.593584842187134
2238,11.638738612011817
2239,15.420574813052918
2240,20.700970066286946
2241,13.661242985441502
2242,22.24070938887158
2243,13.147567019412897
2244,13.233274246970009
2245,14.930466803687295
2246,16.91574450797394
2247,17.959906014292542
2248,14.399352701311487
2249,10.437229212644702
2250,18.027706060586944
2251,22.377317472571864
2252,18.138168359818607
2253,10.815002452605563
2254,19.560278690679983
2255,15.175616415229804
2256,15.06907909108214
2257,14.630271359647066
2258,14.138739896551188
2259,13.169447845709389
2260,10.781005052666943
2261,24.182557897978953
2262,18.378068443843706
2263,14.580599653511479
2264,17.005244647476726
2265,6.953488649573082
2266,22.553966289217808
2267,13.701538074880482
2268,13.550723453273333
2269,16.314499384873933
2270,21.503603930941964
2271,16.639172648654984
2272,11.714584509425322
2273,9.95156034492196
2274,15.179936874631167
2275,23.63694064994071
2276,16.295649889083855
2277,18.23830261407757
2278,12.983926183333494
2279,17.47388307490875
2280,15.938579857224246
2281,16.218115592806537
2282,15.619890347149619
2283,13.486849100358679
2284,23.69508693607753
2285,13.154138732488683
2286,16.4626743943264
2287,12.691497371814425
2288,13.908485038415925
2289,19.559417962214624
2290,13.677845360042928
2291,11.089446918436119
2292,16.945719355425375
2293,18.23581777742737
2294,15.749621729868965
2295,9.358420311646292
2296,13.956244116372542
2297,9.787965018973338
2298,13.737141500197627
2299,15.844188912942675
2300,10.398602212583349
2301,23.748169531488056
2302,16.73929613679946
2303,11.204520304569893
2304,14.222130150680897
2305,11.588670457346373
2306,12.471006435723956
2307,16.037788510683534
2308,14.360099375126243
2309,18.553881824166176
2310,13.791178775406738
2311,10.094487476512866
2312,16.694820472613735
2313,14.34948154704891
2314,16.953806356453658
2315,16.122701101937988
2316,12.448296396033898
2317,15.822662131651246
2318,19.141435755724252
2319,13.963101222495943
2320,10.384917039343772
2321,18.41599094855678
2322,22.366233571606614
2323,12.294042301868101
2324,17.117701753339222
2325,12.588019094041178
2326,8.783238251813938
2327,19.889795598978026
2328,11.820518396277485
2329,20.098318367585634
2330,14.467566197989184
2331,13.898724619399623
2332,18.79834189719937
2333,15.886612124425305
2334,11.656171820189009
2335,17.506413031351645
2336,7.959944038191066
2337,17.161110390869947
2338,9.160843600669024
2339,19.96527329997936
2340,12.257541972519611
2341,14.077004186126313
2342,24.599413032874562
2343,11.0476712689101
2344,9.49372352839523
2345,12.318063706494017
2346,9.850978464714323
2347,18.766473485182754
2348,19.95222193733354
2349,17.917556047812162
2350,21.024174584655647
2351,16.05659995183682
2352,14.187299509839729
2353,15.056083340522362
2354,17.910635039846216
2355,15.075025341028013
2356,17.659457523837503
2357,23.02492304054188
2358,11.208753541726434
2359,17.10521098112894
2360,12.415492176365529
2361,17.131648580926097
2362,14.970232213479692
2363,16.286364301007705
2364,14.40863690675518
2365,17.369116804004133
2366,15.082798134069773
2367,22.38108457798015
2368,17.618179419517936
2369,10.788482360962101
2370,15.589154813206518
2371,19.127827146739317
2372,20.902641531687188
2373,12.82265363277154
2374,20.521095498194185
2375,13.992439385136752
2376,16.723691663502215
2377,12.615908728751378
2378,17.841140046561605
2379,18.654754013656333
2380,13.236800214764877
2381,22.05829205535709
2382,19.404896813809195
2383,14.73981840785023
2384,16.868066764396602
2385,14.50099964136785
2386,14.913708299634383
2387,19.664305045641882
2388,18.128964907390195
2389,17.211112797993678
2390,13.442380225133583
2391,14.230846125308673
2392,14.575620986348301
2393,20.825232587690447
2394,17.118167284816096
2395,20.858453466594696
2396,19.268552528431485
2397,23.283878250074903
2398,21.27476350405569
2399,13.211308194769764
2400,18.386587340372095
2401,13.322917872634719
2402,14.888620027556438
2403,7.970471224030225
2404,21.161321176276676
2405,12.768663390255117
2406,20.64790872315527
2407,12.047841919647626
2408,20.02818554507057
2409,16.29153822437994
2410,17.93334589541473
2411,19.61526567288698
2412,15.240039717945766
2413,19.147377887784806
2414,20.064636405987763
2415,14.883713049413812
2416,18.371031114426323
2417,20.0445880273873
2418,18.841771506337068
2419,13.924442560700337
2420,12.261649389180103
2421,10.2984515692776
2422,7.32235271588731
2423,16.44056788740782
2424,14.695985148057567
2425,18.4071336248791
2426,12.653891601527857
2427,20.44659640024873
2428,11.896838616542606
2429,18.330088674407797
2430,14.370562794896394
2431,14.212555208339827
2432,19.005478001627623
2433,18.34038093276471
2434,18.555802965502927
2435,16.874066712738788
2436,19.564533498336335
2437,17.327876687681204
2438,20.76693044836997
2439,16.52428963735334
2440,15.237361899033072
2441,14.968884027569775
2442,17.730498887853265
2443,14.02329516274852
2444,9.543875314322367
2445,14.201299795850417
2446,19.500557397944075
2447,12.262133853753596
2448,14.729816707889256
2449,9.033962817654567
2450,13.292756202859506
2451,15.492864151618488
2452,16.200231312333695
2453,15.485548874437107
2454,15.749701586859974
2455,15.72614530915152
2456,14.941202126954309
2457,15.95905430510524
2458,22.24924560349414
2459,12.811203758016031
2460,12.578193969368614
2461,17.536046366107783
2462,13.12100178581229
2463,13.651464559896628
2464,20.501888633053845
2465,10.042956172270518
2466,14.295520665347741
2467,12.487408626786925
2468,17.069132986204018
2469,16.57253056235427
2470,24.683215577667283
2471,10.07164314806751
2472,15.958530570423545
2473,8.718002051824527
2474,14.866444949018227
2475,16.203718730395533
2476,16.31249760818371
2477,17.290976918167328
2478,15.26372872667363
2479,16.40232186189551
2480,21.216239002859766
2481,16.25239287473522
2482,16.180721062231108
2483,16.298111805331377
2484,16.98205264448925
2485,14.60224706007147
2486,13.772905435132445
2487,18.0328633840613
2488,12.879705976642377
2489,22.378362160631646
2490,8.66312472139617
2491,16.34045806648635
2492,16.642908687903542
2493,18.083582971836403
2494,13.493607018452813
2495,12.8791807701762
2496,19.046280716531193
2497,16.07407443481657
2498,14.953183440910223
2499,16.596014768965144
2500,15.943712437055755
2501,13.025151942542095
2502,13.791371408753804
2503,12.689330757846506
2504,11.816962251603092
2505,18.39223128453302
2506,14.877870772791953
2507,12.367146766754418
2508,12.971383534416983
2509,18.92481814261874
2510,15.386568672441328
2511,12.122112834625614
2512,20.241593453726765
2513,17.441512004569432
2514,12.962823724575719
2515,18.268411634910503
2516,15.71614189888578
2517,16.9024026121341
2518,14.467753736201285
2519,17.958343956570964
2520,13.29548000015343
2521,14.369953209767681
2522,11.027381694798649
2523,19.024662290149287
2524,22.878000208456847
2525,18.97765985634779
2526,16.701698631657827
2527,14.60309117693638
2528,14.804914869078225
2529,14.320885847966327
2530,16.678860980900627
2531,18.263139758155752
2532,13.12124622320384
2533,17.759901235837063
2534,15.270869976047187
2535,12.358581963215624
2536,20.733657920018192
2537,14.93117902132797
2538,12.00690424905834
2539,18.653085322451535
2540,19.104125994013703
2541,16.848714858296447
2542,13.055475098703305
2543,18.13860980469441
2544,16.202283957746257
2545,25.90945166953066
2546,15.037934848275963
2547,9.292497404034972
2548,15.731880534759181
2549,18.621579077515005
2550,17.557960002048706
2551,9.39156072855781
2552,11.607021278989215
2553,19.26334027722887
2554,24.999012271549468
2555,18.47025561596699
2556,16.357882478520494
2557,12.85196816389563
2558,18.871037007099808
2559,12.629475139556586
2560,21.3597806800004
2561,18.592363658550774
2562,14.227722857963848
2563,11.231235709136186
2564,15.597131628744933
2565,14.438897241229467
2566,13.104719733857731
2567,18.725188422774462
2568,12.180529961510846
2569,13.21380311866356
2570,15.966077140886156
2571,11.133318339169264
2572,14.658904606095279
2573,18.027374296750594
2574,16.082406487868365
2575,19.957040802696
2576,24.25616812830156
2577,21.14896351824032
2578,15.624211569718767
2579,22.77829672632704
2580,13.61526528778958
2581,16.88413455063249
2582,18.797142951796474
2583,8.30912508443565
2584,15.380118078313771
2585,20.28207683490159
2586,15.072147032945436
2587,21.53682421253587
2588,14.728219173636344
2589,7.782113978357551
2590,14.11321631188375
2591,14.384232388742733
2592,17.6959520659764
2593,19.666341056597478
2594,21.341950953471905
2595,12.96864051402778
2596,23.044522406162876
2597,14.762430640527882
2598,20.92434258817951
2599,16.504891545247737
2600,12.180863314659309
2601,17.389523574702867
2602,16.35978073338172
2603,14.811377013614656
2604,15.184811883813346
2605,17.87049469218491
2606,16.32990007911251
2607,13.025954335728752
2608,14.768839645670257
2609,15.047314319592827
2610,12.416097992585813
2611,14.939715700514094
2612,9.470721893609145
2613,11.416990777380377
2614,9.824484723294274
2615,15.434640789976267
2616,19.87921829722907
2617,12.442450379933264
2618,16.480778701792254
2619,17.21984780993673
2620,9.450557403217204
2621,15.488799644464837
2622,16.987158790675263
2623,13.052206389528653
2624,12.853550070202692
2625,18.843256291800166
2626,18.057258307990537
2627,13.981034279519212
2628,14.986599617028395
2629,16.288784827714252
2630,15.875987917293735
2631,18.107623394982745
2632,14.93168349772401
2633,15.277884861871875
2634,7.368384561580781
2635,24.491760873040768
2636,16.498975402916674
2637,16.39046427576224
2638,18.283447210477156
2639,13.755655748954144
2640,17.596438082063706
2641,12.58636990729773
2642,18.14796337448592
2643,9.82395484607133
2644,16.04532568014191
2645,19.124504199486715
2646,15.491549791524236
2647,20.17296466051543
2648,13.718097923964322
2649,16.847013495943948
2650,16.572539279671403
2651,13.900480011275198
2652,15.380079620209722
2653,11.514437827148289
2654,11.9341387458093
2655,19.03678302952641
2656,12.605611120867065
2657,18.298808633281574
2658,12.533211349697535
2659,20.444033261116363
2660,12.105011665221621
2661,9.985486253320774
2662,21.54246154651628
2663,13.163001393599671
2664,16.959383487807425
2665,19.874731943369433
2666,17.112040672150716
2667,17.314563886924905
2668,12.909301217792741
2669,18.24191086806912
2670,17.872823730063715
2671,10.907953926385044
2672,12.953764288482766
2673,11.660904334014326
2674,21.963066757082803
2675,19.770355883385516
2676,21.05291830118599
2677,16.26758230922269
2678,18.186195230773343
2679,15.062070957021222
2680,14.206699706132543
2681,18.259832832970403
2682,15.612139433959499
2683,16.180975679647222
2684,14.415099903068263
2685,10.823210118465182
2686,17.066677360417494
2687,12.499964424730843
2688,11.569572122163411
2689,10.951327656552381
2690,14.461429480681595
2691,18.044301670769954
2692,15.466367571189775
2693,19.61146664265155
2694,15.416469865695309
2695,25.630828729079006
2696,20.090414359378943
2697,11.504565550685795
2698,19.566740042210238
2699,16.917831267471247
2700,9.352456040165114
2701,22.89073791366214
2702,15.770887661463483
2703,11.997992333433121
2704,16.261516085652126
2705,14.718319291797036
2706,18.352009090056633
2707,7.0640351830167925
2708,19.23614945203046
2709,18.53519139772252
2710,13.181076201613333
2711,14.382634111724006
2712,17.57276968527332
2713,20.922770327704292
2714,23.028933837041038
2715,14.98496152496959
2716,19.189673554709266
2717,17.293610339066447
2718,18.039712601707897
2719,17.94607713542233
2720,15.84608360501195
2721,14.036142779149287
2722,15.013905234427957
2723,13.601736374829729
2724,10.316172334461124
2725,19.67537335846371
2726,12.207715555161812
2727,13.382160653795331
2728,20.726990396634857
2729,21.370763011864383
2730,13.346864535228555
2731,18.554278982260634
2732,14.507946128979045
2733,11.596812888258842
2734,19.925889644818692
2735,14.606293853171422
2736,12.78394785863964
2737,12.854861681378988
2738,18.17771508533798
2739,15.242650770717757
2740,13.899988978269235
2741,20.82888207947005
2742,20.101794689072207
2743,17.29663594576223
2744,21.300181648196272
2745,15.850292223813904
2746,14.402812439323785
2747,20.419640940724967
2748,9.824149097014303
2749,12.660998795064685
2750,15.09507148270978
2751,13.862488604793661
2752,11.922356630800586
2753,11.678004061859234
2754,16.80410478564103
2755,15.520747733533852
2756,16.170909205925447
2757,16.366800634693462
2758,18.982644618327516
2759,23.276200217033292
2760,12.244791901360985
2761,17.26234446508533
2762,18.97959288847993
2763,12.477302170630583
2764,12.430987087348361
2765,13.111401039163688
2766,20.080660922615632
2767,19.050334089720078
2768,17.365858108733008
2769,13.720113920417347
2770,14.298025777504261
2771,14.49182644948515
2772,12.787772229288706
2773,15.07174491769318
2774,17.386355546986522
2775,16.358911025482303
2776,18.3418381363975
2777,13.755329279094077
2778,20.535280197976057
2779,12.533133410452493
2780,13.839578775502238
2781,14.30821672753611
2782,21.83289002250086
2783,14.956202468420743
2784,16.291346132792608
2785,22.738432531710743
2786,19.41935184925383
2787,16.063497694198496
2788,13.771462437102782
2789,10.320013233146497
2790,16.386714477778145
2791,20.885841487035623
2792,17.459366949563176
2793,14.41097482996355
2794,12.481843782042047
2795,13.787151364976868
2796,17.086729309496604
2797,14.566398313818869
2798,15.401513590017192
2799,12.567558077528455
2800,12.915266114747748
2801,13.014445946493126
2802,21.690740665285446
2803,11.495073694001508
2804,15.974503386713
2805,19.067186897837917
2806,17.42574719641253
2807,17.5655807191455
2808,14.613544513718619
2809,12.460861425665671
2810,13.82135144483215
2811,16.51087628370614
2812,16.441156236053196
2813,12.097190968740835
2814,24.47532109799774
2815,21.74782567730273
2816,19.96332810402145
2817,17.233685823495982
2818,8.78356057731759
2819,11.418438375164186
2820,17.3584854970601
2821,12.026272635518168
2822,18.340498472263306
2823,17.20987018014399
2824,17.528553346548907
2825,19.062415541544595
2826,12.077710671049424
2827,17.80851319569443
2828,10.603397536630258
2829,10.894046100236213
2830,14.648497502268835
2831,19.37598234682261
2832,13.911590815815668
2833,16.15859971163056
2834,18.00894730352692
2835,17.165948925807605
2836,20.299695512942158
2837,11.796935308201029
2838,10.042745872851848
2839,15.672686741965816
2840,11.543994058740669
2841,14.404643492112186
2842,15.019443085488735
2843,17.33762222082929
2844,16.423543439671693
2845,16.389427825507536
2846,12.132343664673371
2847,17.399874680989008
2848,19.1921162603392
2849,20.792161260308184
2850,23.493988252075198
2851,9.164162566420524
2852,15.136065310764996
2853,17.973328912541866
2854,20.18906448342057
2855,20.05892132670639
2856,9.59090402152511
2857,23.054536857319697
2858,18.449361832989993
2859,19.18656342878026
2860,16.561487514917673
2861,9.690079252574717
2862,11.643517287782796
2863,15.40471527227787
2864,14.615908543442306
2865,16.134737200136467
2866,15.600652336780714
2867,14.564239982344326
2868,14.885531997014438
2869,17.336927097649866
2870,17.37240625433551
2871,13.622266817827692
2872,13.841867116557054
2873,12.389632352412463
2874,22.900424439415545
2875,14.38338727803534
2876,14.953040302914179
2877,13.443535113106897
2878,16.954900365459945
2879,13.097382001616598
2880,15.840466661825854
2881,11.538468464193228
2882,16.03060638213609
2883,15.448216286064145
2884,8.635871340305812
2885,12.250390048084267
2886,14.330977545170684
2887,19.37427477962658
2888,12.611191461255721
2889,13.721786777501602
2890,20.17279248836324
2891,13.529032794832316
2892,16.565703417915284
2893,15.159791299293776
2894,11.144458872010397
2895,17.89146610896753
2896,10.124721611630251
2897,13.705576841254246
2898,19.19857817019514
2899,14.679544187192349
2900,11.450934122754596
2901,14.134274791346428
2902,12.020685044788479
2903,13.90486943697595
2904,22.17484133073734
2905,15.256768622368792
2906,20.43229078560831
2907,24.430062069265485
2908,16.253819907261715
2909,15.301276716367816
2910,13.033129336870001
2911,16.332575460796836
2912,16.33387489652045
2913,16.126989738446543
2914,12.467387083374158
2915,14.626518685939484
2916,21.092084946761275
2917,15.728198073953742
2918,22.982109948595905
2919,18.390563633664634
2920,11.206113524543092
2921,17.269621103349404
2922,12.412636234523344
2923,13.501694750810511
2924,17.035776071074466
2925,12.165252457751778
2926,21.50036180918317
2927,18.428428338320877
2928,9.6045021260927
2929,16.203718084664875
2930,17.488878363978685
2931,13.259259083032738
2932,13.147575137343694
2933,14.73478957673332
2934,13.804349067657476
2935,21.67655409079
2936,11.588559670353876
2937,14.259943828538084
2938,22.121510326970924
2939,15.01955576954661
2940,13.01516487115451
2941,15.105330238104706
2942,16.002652064669313
2943,14.706710732708586
2944,18.797783185820975
2945,14.804791788219466
2946,22.146516453019487
2947,11.076455388874496
2948,18.566496355836026
2949,15.3715116199727
2950,14.046430161506617
2951,18.04332747909183
2952,18.874561366475028
2953,14.795805963640015
2954,14.913245003329882
2955,16.64310491895883
2956,14.703983147591241
2957,13.892441182686506
2958,15.373450929863248
2959,10.709045229075706
2960,13.227655972958946
2961,8.490728327610483
2962,13.599398179405515
2963,16.913927004373228
2964,12.978109984839058
2965,19.97445288556785
2966,16.88489781340398
2967,19.345913203757977
2968,16.230493073031198
2969,13.398611877992003
2970,12.602367166046825
2971,19.801862144382635
2972,15.991781268601322
2973,18.922137774961552
2974,12.442313345048419
2975,16.05528265436384
2976,11.68329876306238
2977,16.1921002908244
2978,20.113604579842683
2979,16.15250780810136
2980,16.50814332317757
2981,14.171235982706808
2982,14.872487758525539
2983,12.797276913221364
2984,18.899820749923286
2985,23.48757855659236
2986,10.720820694751287
2987,17.875309030553392
2988,18.89021204970704
2989,21.10070720946303
2990,16.819429228492673
2991,16.265959651320752
2992,18.56141460140261
2993,20.175760059467386
2994,17.993340634829202
2995,15.286793024277863
2996,13.796325623934285
2997,21.114156140909554
2998,23.76635665201858
2999,15.551623230109177
3000,19.90150164115177
3001,15.961291202493792
3002,11.614689601888477
3003,18.338570481690493
3004,18.29122870405988
3005,17.32616755141663
3006,11.316829347499445
3007,11.28721050823875
3008,15.838390899528587
3009,13.783549448297919
3010,9.032464134122414
3011,15.393599318301183
3012,17.494739840928546
3013,13.669743024301072
3014,18.984365203366877
3015,14.104773289283882
3016,12.581175000299163
3017,17.706992229290805
3018,20.576493846810216
3019,19.412052776851322
3020,14.624443276169483
3021,13.744436024760944
3022,16.28652567788907
3023,13.362410604770144
3024,16.50551141346095
3025,10.587898112343947
3026,18.384556507953814
3027,14.143249509250696
3028,22.649601573460295
3029,16.518741267928807
3030,13.972088547335495
3031,12.30152955447144
3032,16.381474354108473
3033,16.90844844617179
3034,25.735486030981093
3035,15.987328724715393
3036,13.894791371134579
3037,18.446251229143613
3038,16.93383503657471
3039,17.50576152179967
3040,16.700878023437305
3041,15.23547218319256
3042,12.922507545979446
3043,11.922160614048671
3044,13.940800883841034
3045,15.671919343106653
3046,19.02469290539371
3047,13.732690659796791
3048,10.44878697185042
3049,16.75320905707471
3050,16.12044384125904
3051,17.00230026336895
3052,14.604317821715044
3053,15.261754519334009
3054,20.680619914173235
3055,15.213755053201877
3056,20.095744087336247
3057,14.70107818939588
3058,11.021479765518869
3059,21.272460064347868
3060,11.210184665152296
3061,24.3366908751579
3062,20.24914957477995
3063,16.626939291873263
3064,8.48705080430831
3065,14.059776881733406
3066,26.23786784400822
3067,16.19250857905806
3068,20.20383046311193
3069,21.390251978193852
3070,14.773958223530382
3071,15.704591383898421
3072,15.733882276344666
3073,14.898115362565932
3074,13.574346155150899
3075,12.404744503992934
3076,11.23197711844929
3077,19.10553936044361
3078,14.757102362570878
3079,11.801714126574783
3080,17.417637081776192
3081,19.397007805472292
3082,19.454031496845868
3083,15.28877349470083
3084,15.911588584973776
3085,13.246888407445224
3086,20.282307446218756
3087,17.23157046227334
3088,18.907679053512066
3089,18.183638360671978
3090,18.3306468763121
3091,14.65443639565937
3092,12.972700691178233
3093,15.093347708825602
3094,17.854268612892678
3095,18.130192052207704
3096,12.035406629875572
3097,16.887454342001853
3098,15.21681856900416
3099,18.785157544112515
3100,9.983940372526527
3101,12.96421909068031
3102,13.25318344941862
3103,15.387428611552712
3104,13.810499278391479
3105,18.721837489972074
3106,19.80821765589853
3107,19.109533585719433
3108,11.473407933209078
3109,14.787325932823316
3110,14.464903438168582
3111,12.172550642038441
3112,21.099179157166567
3113,20.320980801649895
3114,19.473298378509625
3115,12.65094222552441
3116,22.43721962005224
3117,20.749521144790677
3118,22.708693297707484
3119,13.940891665041748
3120,17.329714722983326
3121,19.006675432694564
3122,12.120631594256793
3123,17.424827647709748
3124,16.368286759558234
3125,16.365653583859334
3126,18.08441553393631
3127,9.879828813347157
3128,12.154599488697482
3129,13.448878430626362
3130,13.078624293027978
3131,15.936800918390938
3132,12.380718261452277
3133,19.389570268161926
3134,15.934923102650322
3135,17.794717849283206
3136,12.080347927757826
3137,14.574939059577675
3138,13.726210685300838
3139,22.28053159688835
3140,10.530903953764838
3141,11.811362597038432
3142,17.855812521104387
3143,15.569925131177225
3144,12.88307267483395
3145,15.253616530041763
3146,15.913320396000112
3147,10.157848379728595
3148,11.139575948011732
3149,16.386079113712565
3150,11.576046543869818
3151,17.635924939438922
3152,15.675632183732626
3153,19.088334601188436
3154,15.997573605617736
3155,22.93593884163626
3156,12.768750469878368
3157,15.805092048533094
3158,12.015599187549629
3159,15.20491363813962
3160,14.797673941854335
3161,16.343192880975135
3162,15.752055889582143
3163,14.828180537348363
3164,10.724462968823381
3165,12.68502980284432
3166,12.133227919757285
3167,12.566046830037132
3168,17.20591502971634
3169,20.703611998433026
3170,12.366817260461193
3171,18.316383652357544
3172,10.895708704844559
3173,18.523192279836458
3174,20.54202486361904
3175,19.473670579535188
3176,16.740083324831676
3177,20.35616301191106
3178,17.722783302762885
3179,10.18103900319256
3180,13.702498617302865
3181,14.835133708120594
3182,17.98309566218887
3183,12.474049161963144
3184,16.068529043373008
3185,19.266324913694568
3186,12.01237674032292
3187,17.231347084993388
3188,15.834846620707497
3189,12.324283196785494
3190,21.185431469271926
3191,14.646125859435031
3192,21.04444777393071
3193,15.337678735213814
3194,20.07256010899302
3195,17.054840933628242
3196,17.24486962577729
3197,17.09191336379778
3198,17.124683500074063
3199,16.611482573298055
3200,15.78793311310249
3201,9.524555616595617
3202,17.33428338624423
3203,13.124735349700458
3204,18.893804092535873
3205,15.401116895402527
3206,14.317964241326615
3207,14.397222246256947
3208,12.948422819618953
3209,13.13944028805508
3210,22.8950903875651
3211,21.851665135281287
3212,22.50494511675471
3213,16.067551727821957
3214,19.966371590266
3215,13.143619810451932
3216,7.710718657037425
3217,15.980527950930272
3218,16.440866156086923
3219,15.353447213698848
3220,11.20219687746086
3221,15.577806844602723
3222,14.681521126495106
3223,11.98345097391942
3224,8.64491897875087
3225,13.618778893813626
3226,10.821761505299415
3227,16.828966513886716
3228,16.11925961221745
3229,16.384095458587375
3230,13.786889598846688
3231,17.64360641967475
3232,15.766143856771304
3233,16.903164195796702
3234,16.7778414292176
3235,13.113206942338817
3236,24.471387811319307
3237,17.393884714005697
3238,9.309532804708692
3239,18.97711205745747
3240,14.583815902728704
3241,12.259941969674877
3242,13.904535549005848
3243,19.9094451593079
3244,15.261376545189233
3245,14.046076763293883
3246,13.676288609248125
3247,16.674725339100117
3248,22.388548630019784
3249,12.553944612975327
3250,11.423175671664563
3251,20.120632501575038
3252,15.793579821061751
3253,15.731558068646006
3254,16.117674756928736
3255,16.34902181103328
3256,11.698710060934829
3257,16.950114065308558
3258,18.08219150798909
3259,14.56370904727767
3260,11.5201866054696
3261,11.163300158019858
3262,14.140622437259157
3263,19.95129738165408
3264,13.59869476607218
3265,15.75757890109141
3266,9.595543496675857
3267,13.715318460635956
3268,19.93714702724052
3269,17.461633069189727
3270,21.15020509097039
3271,19.162587364135522
3272,20.093524832016403
3273,14.649860715964971
3274,15.678341480869879
3275,17.43461236330125
3276,16.156745414552994
3277,16.5264746406443
3278,14.766558271032029
3279,17.028583488095837
3280,14.337087783904305
3281,17.384324065865528
3282,18.690345692201465
3283,18.623200631009894
3284,19.552298505314788
3285,15.71748053626102
3286,19.67607774249528
3287,14.419272431752606
3288,14.741299208204277
3289,13.745402390766834
3290,10.319948466909251
3291,15.989830038471869
3292,12.574370866043033
3293,18.418380715068114
3294,15.566354455524772
3295,13.792610323698543
3296,13.943943930455916
3297,13.348284326395676
3298,20.691403909111
3299,15.257494095459197
3300,11.993427157019958
3301,9.080978728993575
3302,19.109806559923292
3303,25.01159680268242
3304,19.168304058291614
3305,20.551532185478266
3306,25.86194510860419
3307,11.627299939297732
3308,14.780572633033504
3309,18.02924754277575
3310,12.1432403113187
3311,15.561943148332762
3312,20.3337558174118
3313,15.669104500356704
3314,17.151940334660353
3315,20.40335666413756
3316,18.991616697703094
3317,11.927875441968883
3318,19.67328335779714
3319,14.612006069473082
3320,16.777459445036158
3321,16.394346726041686
3322,18.94856244197115
3323,10.988580577423765
3324,21.271736308231908
3325,11.182679181409199
3326,11.161384393536764
3327,24.290670275096126
3328,16.962621489792408
3329,20.387848390381553
3330,11.934998231004009
3331,11.201524579399434
3332,15.762708714632819
3333,14.776666562664445
3334,16.386049762567026
3335,11.962718382199345
3336,21.383714533278116
3337,13.474066640964152
3338,15.813554468510564
3339,15.254219995252816
3340,9.085313343131087
3341,11.508953985734138
3342,20.97325517688314
3343,11.286931519804522
3344,10.273537909739403
3345,13.97170903110768
3346,13.797094185253858
3347,10.30293870965837
3348,16.035995724764106
3349,16.224530080414887
3350,13.987094327976742
3351,11.709268110751683
3352,18.051589064462412
3353,14.477372703112211
3354,20.283535492271728
3355,17.964185697112338
3356,10.258668848356603
3357,13.624108781480938
3358,10.652842251657122
3359,11.544519917251415
3360,18.50026458848062
3361,16.853174282374034
3362,17.865190396339575
3363,14.382819068310638
3364,12.843457636597321
3365,15.772901737446857
3366,16.820302175985567
3367,19.353518313793614
3368,14.056941382226633
3369,10.044136630264738
3370,19.28907346071798
3371,9.755264578342846
3372,16.771897337928664
3373,19.66041672817368
3374,12.271196538363885
3375,14.222721185750611
3376,15.831533382069003
3377,12.538113547291882
3378,12.902803514994996
3379,12.631871534898263
3380,13.098158989075925
3381,14.560467443210499
3382,20.829673125486078
3383,14.24558020740778
3384,14.162213228555197
3385,10.82170324809679
3386,10.624817736824301
3387,15.512635863624507
3388,20.66401545760328
3389,13.470693729815828
3390,20.884809195769137
3391,11.342110227174064
3392,19.891110145236617
3393,17.85407497816116
3394,18.623416573246395
3395,19.87106807825687
3396,18.296474254170967
3397,12.091576082162742
3398,18.43588072021913
3399,12.184702006393554
3400,12.974469504996508
3401,12.91342649180783
3402,15.31951199904487
3403,12.908198143884967
3404,15.209938302128931
3405,18.17218622470069
3406,10.2499259049874
3407,14.64528012315262
3408,11.516948311440093
3409,12.615026297097426
3410,14.420975380496644
3411,19.125337485219852
3412,13.20791171656062
3413,17.08493963129855
3414,17.62156917315398
3415,12.983315158282629
3416,16.83328555890087
3417,21.980614890274055
3418,13.097002989805196
3419,16.892783169550903
3420,14.65800178451205
3421,14.952316074615345
3422,17.59272312611033
3423,11.834324961339096
3424,17.656089992286915
3425,10.329282247381414
3426,15.19255012963353
3427,12.734371481319489
3428,9.836467192291256
3429,14.155349863634493
3430,18.022091300794184
3431,15.663226136450653
3432,16.713386464784538
3433,23.39473119612853
3434,13.232266601449792
3435,7.927531562689857
3436,14.054641875460671
3437,22.455523238690127
3438,11.59070128115829
3439,11.415228656457497
3440,15.398406755989027
3441,14.016327751568582
3442,20.7820815039153
3443,18.63049949651908
3444,19.032335816263174
3445,19.27233849795443
3446,11.213307041469434
3447,11.690588556938236
3448,18.61276583908723
3449,14.341276126868996
3450,16.9501965790257
3451,12.894610849995825
3452,20.73360180950835
3453,11.495079835807076
3454,11.597982535320424
3455,15.43841371248086
3456,17.248355491399103
3457,11.114662877990085
3458,12.334503388656952
3459,12.778991372266457
3460,13.801752487044784
3461,21.507559894944812
3462,15.756264867412021
3463,17.025181718805143
3464,9.311404850097814
3465,16.476202842967606
3466,22.860023719333814
3467,11.30690972942669
3468,16.339481951424162
3469,14.713457807279863
3470,16.620815709902658
3471,20.530474765266945
3472,19.644550819802586
3473,16.160018527900668
3474,15.999018059948305
3475,16.50569836992172
3476,25.67619505849569
3477,17.266216683361144
3478,17.129408369752422
3479,22.483727414180652
3480,12.149297043013604
3481,18.40395801928794
3482,11.799622253769007
3483,14.122350616990657
3484,11.963664463814688
3485,14.276294285875554
3486,10.832978013345231
3487,13.632093821675477
3488,16.399444565599655
3489,17.14936742556919
3490,9.012133079103148
3491,19.721525769041907
3492,19.08200829001219
3493,13.824690108088259
3494,11.584512257939224
3495,9.837177387805621
3496,14.298345238486732
3497,16.103854231488054
3498,19.14239526495489
3499,18.00556441903606
3500,14.718403748348472
3501,17.432224700606675
3502,14.16487931276956
3503,17.964529573077577
3504,13.8585235233689
3505,18.279989220332794
3506,18.16219217716965
3507,12.537913313734613
3508,15.90986698004476
3509,13.267496902046467
3510,11.16375911173258
3511,10.337110148733334
3512,13.047168578315862
3513,12.24827084558347
3514,17.46322615841169
3515,22.679003081459154
3516,15.231300943480916
3517,13.134170247733838
3518,17.330145946477174
3519,16.855637156053852
3520,10.686160892626054
3521,14.10569827545291
3522,17.233435720966717
3523,14.843871168302368
3524,15.331007814860161
3525,17.35849741943909
3526,10.885444754318126
3527,17.690493581145823
3528,12.873872964074792
3529,16.320406670520967
3530,21.0828715192309
3531,16.081017145586415
3532,15.79266932987197
3533,15.12230361271227
3534,12.063904092616923
3535,13.82794939631285
3536,17.2770356714488
3537,13.274205692670613
3538,17.715828531472695
3539,16.203161407006746
3540,13.030423642718244
3541,14.038099346356702
3542,12.08509840183562
3543,15.375759466774054
3544,11.143859275961862
3545,17.889149097689735
3546,18.271190908569427
3547,14.429420678307249
3548,15.890158107319468
3549,17.71113726546524
3550,14.161413840999126
3551,22.593674764982293
3552,20.414031712364096
3553,14.963937638121005
3554,20.73406476369175
3555,17.612020846991015
3556,16.71802049005054
3557,24.18311249198146
3558,18.19467359939038
3559,11.47354608178071
3560,15.712729058335242
3561,17.735693146579266
3562,13.501594515884289
3563,13.39459434290981
3564,15.601997033739808
3565,16.326544054106726
3566,16.791045420137856
3567,8.042984238567081
3568,14.62654058296654
3569,13.60539040988532
3570,16.08922545079897
3571,16.711983156340942
3572,15.581480472592059
3573,13.940797609747941
3574,13.231933539426237
3575,15.978147389957716
3576,14.250159094025284
3577,15.58396930253501
3578,13.014402702801025
3579,15.737740229506386
3580,7.607929462820162
3581,9.955162022996719
3582,13.126022622124768
3583,11.384367283297742
3584,12.48626670659471
3585,11.276609017708777
3586,14.120901377634013
3587,12.561923140444787
3588,13.815825363505716
3589,15.76526634643396
3590,18.977288446579145
3591,12.09136651218682
3592,17.50075744163725
3593,18.408509485860925
3594,15.905359957767153
3595,11.668042589615016
3596,16.691081503088974
3597,12.149107637671891
3598,25.927261364864048
3599,14.101772571797877
3600,16.48813131336523
3601,19.219712197823142
3602,15.194558252437714
3603,15.64294413788311
3604,21.479369728526628
3605,16.176435237904013
3606,15.002174420571063
3607,17.60272319508354
3608,24.33105418725028
3609,12.593428857411267
3610,11.861050462958069
3611,11.826035963602413
3612,12.217459046880698
3613,14.243308469302232
3614,14.100197908753271
3615,11.483595416015621
3616,15.016623935870125
3617,17.30133475191872
3618,11.052785742043316
3619,18.40798918100613
3620,9.795004658369267
3621,12.430702518615483
3622,19.916418677931336
3623,18.4128418121479
3624,9.847524469423782
3625,13.070521137283027
3626,14.754167367917686
3627,16.317073353939396
3628,15.109600379116406
3629,23.261756084817996
3630,10.168597506016155
3631,17.6685283068483
3632,15.603449563856323
3633,13.242921110522378
3634,15.243837228010403
3635,15.877278514330957
3636,19.590760482998082
3637,11.818244805603392
3638,21.130152496642566
3639,14.117093226071258
3640,10.632879199089206
3641,11.965490921978457
3642,17.726176831914387
3643,14.58170349178517
3644,19.82407593059903
3645,11.626399657552849
3646,8.989948941818342
3647,16.5326690369537
3648,15.71041935257513
3649,13.936934416778469
3650,10.356996360889562
3651,19.236085210822214
3652,17.570471003213413
3653,14.588658239942148
3654,16.29351568769583
3655,16.92056395279567
3656,16.45044467522492
3657,16.92495952571948
3658,14.064148770911055
3659,18.659132127259333
3660,10.409358248856861
3661,15.192054081195279
3662,15.737301625764502
3663,16.32821055239923
3664,19.90192338147127
3665,10.061432287107866
3666,19.696317995358974
3667,12.966128214971887
3668,11.370120357428778
3669,20.57287659001599
3670,21.801289429708138
3671,14.108693341222601
3672,17.716785642417832
3673,18.73156483106696
3674,14.231800104466046
3675,13.984461038479157
3676,14.145432476299614
3677,16.247390354583914
3678,14.255304789282828
3679,17.229158607144463
3680,17.082799090645086
3681,18.20394923831393
3682,20.045518751170157
3683,15.464910421246325
3684,14.460636868624974
3685,13.977066413007158
3686,19.6932357067922
3687,12.343108276935293
3688,12.079382507229798
3689,11.78836474618171
3690,12.802881138313492
3691,17.160572424634953
3692,16.67831658188896
3693,18.300396636229188
3694,18.616225983693198
3695,24.85961497109254
3696,20.269572487765736
3697,18.90772586478109
3698,13.23265829023317
3699,11.193871603360627
3700,9.941090039270922
3701,11.559853699037026
3702,16.921423780529487
3703,13.82818602398357
3704,17.29245179837538
3705,13.904624588100432
3706,21.84006154041039
3707,14.95767983259995
3708,17.109633602568294
3709,11.458304467896532
3710,12.587905659326356
3711,18.440062555702355
3712,18.741036060258644
3713,14.859706216051368
3714,14.136919037231216
3715,11.029595993739367
3716,25.655436307649566
3717,10.763681460363035
3718,19.94763782556094
3719,21.44290276592865
3720,14.687514838211248
3721,15.723750978373731
3722,17.611235031487066
3723,21.453929565740697
3724,18.165655781671095
3725,15.962346654549588
3726,21.313614356222864
3727,18.926916492449116
3728,19.999224906625365
3729,18.390914659127994
3730,15.422500052852856
3731,17.296673294856948
3732,20.77208324083567
3733,15.327032188243063
3734,17.852391499751832
3735,17.79627595050144
3736,13.928118874888222
3737,15.430252790758626
3738,13.568578613615355
3739,15.00807040034663
3740,12.45968068646512
3741,12.003314738295586
3742,22.263884907214937
3743,13.590916834080609
3744,12.490860507264431
3745,15.579051348862725
3746,15.958139688968334
3747,15.51513320394968
3748,12.536653246456723
3749,10.881786539590879
3750,11.06348582642639
3751,13.979687558223766
3752,12.556796331294997
3753,17.06857363911999
3754,15.139362590616441
3755,9.908282133383109
3756,17.911236084593348
3757,17.311460943060855
3758,22.903527400498554
3759,22.832466265143218
3760,23.302363754975687
3761,16.312094911651045
3762,11.062775059608093
3763,14.290603451227065
3764,12.896137449483449
3765,12.217935502955102
3766,14.217701739412817
3767,18.251486633758024
3768,16.929883707134305
3769,15.964095526803455
3770,23.101435719774273
3771,13.381501624647376
3772,11.748758289314386
3773,9.969473744280354
3774,18.51502417593766
3775,13.096823311750175
3776,17.58230602254786
3777,9.15036441208239
3778,14.148188463491088
3779,9.646986508758628
3780,12.84179929449275
3781,10.326516170381126
3782,21.238945674185338
3783,16.860058077010052
3784,18.001834393854836
3785,15.790148790192248
3786,22.09650001575534
3787,18.540043608903247
3788,12.36725182239184
3789,23.790686366746304
3790,19.295926329047532
3791,13.841916320758513
3792,11.574514269020856
3793,13.774541974334301
3794,11.043615342645175
3795,17.761787467498657
3796,15.289714353262298
3797,19.56996994480165
3798,16.821397813562022
3799,14.007345888895262
3800,11.832217193817597
3801,15.471078287456528
3802,14.064388443218629
3803,18.455903256200465
3804,9.480464075831177
3805,15.674930586050134
3806,10.44277412523244
3807,14.622755909889387
3808,10.542578849556957
3809,16.894438940939132
3810,14.35224200252686
3811,11.230918662485434
3812,12.920110102732066
3813,19.677542125899986
3814,13.944188976682454
3815,20.79090946856868
3816,19.519720665641344
3817,17.364271431358077
3818,18.268746008677063
3819,14.764263273904593
3820,18.23254368014433
3821,12.675600705087714
3822,17.08926471636361
3823,19.879382139148092
3824,17.46311465150531
3825,19.510640240952622
3826,13.225048999770786
3827,9.715050436311056
3828,18.495318706722955
3829,19.1192641010958
3830,10.117364465898213
3831,15.2418070177977
3832,16.37568173972347
3833,17.725940235278294
3834,17.68243587305636
3835,16.372141639680365
3836,16.005668454740793
3837,20.613838945098728
3838,20.715762944475713
3839,17.64929691935994
3840,17.934046999021742
3841,12.139218919128044
3842,16.33405529194127
3843,12.668022402671376
3844,15.08260988664951
3845,19.522596837480144
3846,15.880324918744392
3847,13.959781701669089
3848,17.253897249626583
3849,18.30449604767674
3850,12.8191086956687
3851,14.869060658208078
3852,11.339434995412393
3853,14.515752581800887
3854,21.312733976082235
3855,16.989629343672398
3856,13.58072035702987
3857,11.589237976740364
3858,11.971130929373679
3859,14.620264180014384
3860,13.442493942020285
3861,10.330734941014741
3862,11.95104293650287
3863,23.153395145697594
3864,21.67503483504282
3865,8.639318114094175
3866,13.679075262205611
3867,21.823826901408125
3868,16.676343866052093
3869,17.627903699708995
3870,16.573295301902174
3871,11.747007461189156
3872,12.943472413646392
3873,14.027791859086182
3874,16.201893634017182
3875,15.090233964064758
3876,16.639250710464587
3877,13.52228068835348
3878,20.92618331707633
3879,19.921993620708633
3880,9.560943576757834
3881,14.593859614508254
3882,10.605482744791038
3883,21.012279695043205
3884,19.51906340984806
3885,17.234147135294485
3886,14.063607685342554
3887,17.754880868829282
3888,16.630147953866494
3889,17.030710697921883
3890,16.14714152803916
3891,12.712888475046643
3892,19.29292931700727
3893,12.202445672463089
3894,18.947433887854217
3895,17.40989165323744
3896,14.810559462547765
3897,19.309072658036442
3898,17.721052607353492
3899,23.12991515179274
3900,11.457206042799228
3901,22.5326246612642
3902,12.779344076879113
3903,8.805254842701022
3904,17.6235562114549
3905,12.144097457023198
3906,17.325151554854056
3907,17.513128488673722
3908,15.403828987465157
3909,10.936730824192576
3910,10.525864114275414
3911,12.71761973111974
3912,18.215037849799913
3913,14.128790367781406
3914,19.73521618544362
3915,13.616561072006034
3916,18.47508030682458
3917,11.105929794505865
3918,12.279926721558105
3919,16.71894008398145
3920,18.48617746229876
3921,16.04973003073817
3922,17.79652003955324
3923,20.66632119452733
3924,12.570871916752415
3925,19.30385205314103
3926,15.113852798417495
3927,18.567836645916408
3928,21.47172696448859
3929,18.569141414630018
3930,15.129210941059707
3931,8.993434287392773
3932,15.063201781782531
3933,18.696312746856364
3934,11.04694316986934
3935,16.394443008522984
3936,17.946625152389295
3937,11.840017575833613
3938,13.33274129665129
3939,12.059281583465548
3940,14.877331378089004
3941,16.945030654881236
3942,12.435215922959951
3943,18.950775778420297
3944,10.286342385438637
3945,16.262954911318356
3946,19.273305839694576
3947,16.911472494276275
3948,16.31790442160697
3949,18.84098886022234
3950,14.213396971364588
3951,12.975843209570519
3952,13.568097971115119
3953,14.462638325153542
3954,10.908926778622117
3955,19.965286501622003
3956,20.444807719336517
3957,14.902751917884574
3958,18.73481024926862
3959,14.878789430007583
3960,23.125101310470495
3961,19.1469056031397
3962,11.99733624871741
3963,18.280814121936267
3964,14.665052311788873
3965,19.32610775709127
3966,10.67163016479454
3967,11.222016120456487
3968,20.00981156578434
3969,12.81078506666383
3970,11.926244061898192
3971,17.58680088448135
3972,12.848119086893075
3973,13.054104234471641
3974,13.072247794454885
3975,17.048282782072036
3976,19.124162124741975
3977,20.86400526520915
3978,16.021139982979427
3979,17.4801596621054
3980,18.85605608829071
3981,18.127944396739252
3982,11.140542187121849
3983,16.867389456628935
3984,13.295657512050429
3985,11.313036543995013
3986,13.574956802687355
3987,21.33295058713403
3988,18.850944413599876
3989,13.170463139452547
3990,20.779957617246595
3991,13.14841826136448
3992,23.473212912608226
3993,17.022801778093392
3994,15.737757002517943
3995,13.404570887476755
3996,19.22270069845543
3997,12.471969643667165
3998,15.505354113938541
3999,16.34898086175285
4000,18.407048713889047
4001,17.930253643488577
4002,10.556171084007397
4003,11.160420058544315
4004,19.986630185181497
4005,15.85942946525806
4006,18.665482160832028
4007,14.736844423645739
4008,21.062292110806684
4009,15.005471143538598
4010,21.977220192384117
4011,18.931777035248075
4012,16.281237180302384
4013,14.29694219381512
4014,18.286984840881495
4015,9.524439011622345
4016,18.54598473895265
4017,11.19868960814414
4018,15.525420407616176
4019,18.598568534073223
4020,24.76528397886213
4021,16.05951683796565
4022,15.495466323869376
4023,15.905354144708532
4024,13.1269849534269
4025,16.35866751844039
4026,15.6603012672826
4027,11.400037074047846
4028,19.967675847060242
4029,14.194848552942684
4030,17.131812393200715
4031,12.572438452766523
4032,12.958323634140255
4033,13.274433834519261
4034,14.572182640066984
4035,16.87420592040888
4036,23.14226645053951
4037,20.617521231197962
4038,15.581790893722324
4039,15.727294999860973
4040,18.91436031493641
4041,19.849497049955055
4042,14.890943453162592
4043,17.9422835692421
4044,17.71441016491557
4045,23.744118682097493
4046,16.670175847435733
4047,12.264488394474146
4048,10.907808966912647
4049,11.93021058737103
4050,14.328828042525355
4051,13.935050009611402
4052,17.434009416933737
4053,14.349839501785967
4054,12.41045877359568
4055,22.3611508052948
4056,18.957590623874196
4057,13.166339896512886
4058,19.956901357142417
4059,14.58299491307611
4060,25.104673733704168
4061,23.283007219841465
4062,12.776284678776971
4063,13.831321100584319
4064,12.107387991822327
4065,19.39550512603047
4066,17.091482768594744
4067,22.828973755820197
4068,14.617019280244325
4069,15.788341138022274
4070,14.687328646472762
4071,18.823614144772783
4072,16.432836377016024
4073,13.64461728350658
4074,16.3047594545134
4075,14.10156084646489
4076,13.575358559976719
4077,12.447493901986876
4078,19.49828357215695
4079,12.348343958870677
4080,16.387541021012503
4081,16.892203983598975
4082,15.64449370602505
4083,17.742296889597313
4084,14.219849595643723
4085,7.2409006715484985
4086,15.94826443021241
4087,11.510493131298084
4088,16.485062984474336
4089,14.696349845171572
4090,9.856076268481143
4091,20.19741162607051
4092,13.814090931510512
4093,18.58698877283996
4094,20.368923783153832
4095,16.483683403155737
4096,18.593627413684903
4097,17.33592623107172
4098,16.146541294565328
4099,15.376111772754939
4100,8.680456917514636
4101,15.201051988499454
4102,15.492858897195664
4103,13.870608248011708
4104,16.374634339217526
4105,15.054145629746593
4106,18.65560162314404
4107,19.99121194622492
4108,13.339209918294788
4109,18.63143919197271
4110,21.718180243268193
4111,13.038375960256687
4112,26.473785917698276
4113,16.874674146974137
4114,7.461931979576439
4115,9.213516049116155
4116,12.45990453946883
4117,14.875689794096779
4118,10.920151593455719
4119,11.911920407011122
4120,15.009094700577558
4121,12.175281947128974
4122,11.2506630787028
4123,17.435225423162645
4124,15.63839262336558
4125,9.957404920626788
4126,20.288251577544088
4127,18.12387163832501
4128,18.279355096756937
4129,14.948382731672494
4130,15.36609822912145
4131,15.619835132912403
4132,13.219509376278484
4133,14.916305371187255
4134,18.772179517858493
4135,17.66751959500985
4136,13.880490174466587
4137,12.421405244951025
4138,15.809580446766052
4139,12.057581079722656
4140,10.667218130510342
4141,15.414671692774974
4142,16.955734370685505
4143,22.144069234489393
4144,12.82097128181928
4145,16.476870292416212
4146,17.691844587726266
4147,17.662657709010634
4148,15.09981660549137
4149,20.99717547443072
4150,11.785520499175078
4151,14.338113349532344
4152,13.579831507302107
4153,20.057965725448177
4154,17.903100842203912
4155,12.551828432092183
4156,12.178838374773278
4157,18.045827462935144
4158,13.165576550925387
4159,9.517776863598543
4160,9.403331553083456
4161,12.834369294020547
4162,11.993765242796094
4163,11.138679375971812
4164,13.965056386627168
4165,14.623686551363066
4166,20.291266264078068
4167,8.976637662752516
4168,12.440161739239208
4169,17.333705872682074
4170,16.196278216132082
4171,13.5097975450379
4172,15.921404730700138
4173,12.606910603947558
4174,11.258718573289261
4175,13.16659672835246
4176,11.498115465110077
4177,19.154479393317068
4178,19.26526274296981
4179,12.88836749036476
4180,14.484929850490214
4181,16.878659015718462
4182,17.905062931756255
4183,14.494110622570407
4184,18.760891222575708
4185,10.369708261941355
4186,23.90231724503788
4187,15.09496275717213
4188,9.998164649767954
4189,15.761926319003038
4190,18.399562577972215
4191,21.128379717615772
4192,9.258600434795273
4193,13.550985856132282
4194,20.384550216737225
4195,13.706630234426262
4196,15.397100714808023
4197,15.125536001790419
4198,11.615262706949371
4199,11.746093797210424
4200,18.782400034226164
4201,15.358445788060305
4202,14.525318438206597
4203,21.040246508256118
4204,15.781715317635273
4205,13.542072572110413
4206,15.606702128951463
4207,14.024583733003857
4208,12.923862924153788
4209,11.422288036165162
4210,21.42345211492922
4211,20.162459107000462
4212,17.387925680642688
4213,10.443274368221537
4214,12.002381926839842
4215,14.155645385857481
4216,17.013966690883603
4217,20.87696092000996
4218,16.865844339783578
4219,14.959174676140005
4220,14.889767216600625
4221,19.08809310554116
4222,10.017971498954829
4223,16.2748824201963
4224,20.470821510105853
4225,15.094745521620732
4226,19.264566572577966
4227,14.879256326353875
4228,14.20465469185878
4229,16.320283652528293
4230,19.353721180382117
4231,13.678274343944121
4232,16.90716302876387
4233,17.290600660668098
4234,13.227735268255827
4235,17.81038204173577
4236,11.204518834121595
4237,15.409729968169554
4238,23.521553265466117
4239,14.062479326485416
4240,13.034014437977536
4241,14.095462900640586
4242,13.14165006438433
4243,16.483500568764764
4244,15.230739970772504
4245,15.615211022666085
4246,18.94458427585676
4247,12.904876282989838
4248,16.28157814543288
4249,12.855604377077142
4250,21.847570920868243
4251,15.7152879069761
4252,15.729137663052873
4253,12.405961550290083
4254,18.769252257041767
4255,15.307536208616753
4256,11.916417519427174
4257,21.601770485612477
4258,13.411611962601956
4259,13.02714328935113
4260,14.933098894264294
4261,14.445863272974925
4262,14.820810650907607
4263,17.354880398222434
4264,13.56149429472698
4265,9.537206070749644
4266,17.266076804535295
4267,14.294189077036812
4268,13.0206301460804
4269,20.014212753593977
4270,18.341481403380335
4271,17.5142274093193
4272,21.93112358523586
4273,17.073572227725556
4274,19.553423913344798
4275,13.25922558732374
4276,13.480091159825236
4277,14.643565250652845
4278,14.988949660709114
4279,12.64080344281639
4280,13.506264572856155
4281,14.675145353717486
4282,14.067988640728808
4283,19.199818887191196
4284,15.125126358674205
4285,13.8393885010838
4286,10.465437332529056
4287,11.923045623934403
4288,11.132210737978347
4289,15.407237944057957
4290,16.966015782841875
4291,16.55305201162176
4292,17.535251253483473
4293,15.050004517486196
4294,13.631118825119865
4295,13.282049447286292
4296,20.986747007816398
4297,23.253472822615358
4298,14.200824180619083
4299,19.977302587080864
4300,25.334532262791438
4301,13.766431982857862
4302,11.324737709682317
4303,16.824331121548816
4304,17.37325233180865
4305,14.030520261394757
4306,18.26913876162015
4307,18.592456140388855
4308,14.982320258554784
4309,22.330787662448
4310,15.134913089561467
4311,15.694880379986648
4312,18.620994551406888
4313,18.609596384704584
4314,17.275927362087227
4315,21.98426393888726
4316,20.406251807460876
4317,12.478278354728651
4318,17.76616813972668
4319,14.163174302806633
4320,14.963873038771187
4321,14.724359212071253
4322,15.008004038796399
4323,21.072378995786462
4324,9.012900421507156
4325,13.738836706296805
4326,13.344130968900583
4327,15.419054339517213
4328,17.335181329532666
4329,16.958692028397813
4330,18.951934267216046
4331,9.380277999695178
4332,17.479447046716572
4333,16.119146544146318
4334,11.046411331237472
4335,18.320517692466733
4336,16.87758761921254
4337,17.63593639764626
4338,20.89431331232811
4339,19.126547956530104
4340,16.05460649960662
4341,12.576979681253883
4342,15.091987489477992
4343,13.61710922563509
4344,13.79543620164635
4345,13.38282849570647
4346,19.408415933136965
4347,16.527781323158955
4348,19.574975880948884
4349,16.479595643092146
4350,15.59857022727136
4351,14.941680308475854
4352,16.369501221509548
4353,13.3459048427931
4354,13.133117892122518
4355,13.68455596183749
4356,12.369567712671522
4357,10.203998460858504
4358,11.754460106760128
4359,15.202152048640933
4360,14.631552421239038
4361,13.904446003640409
4362,21.27983071697062
4363,12.51986691910166
4364,11.257545148275437
4365,18.383928515769732
4366,19.20874864218036
4367,15.280920922904514
4368,16.457406086327577
4369,18.231033624400506
4370,24.316229952741857
4371,16.139305670045864
4372,20.94032781447921
4373,9.4547210000345
4374,14.70898524884667
4375,13.739729097928667
4376,16.36949881472541
4377,23.186429357839074
4378,21.83935676411379
4379,13.874493165755698
4380,12.227691808312326
4381,11.405872146190147
4382,12.202626039348539
4383,18.288991700110095
4384,14.901406036564616
4385,11.749447347577274
4386,10.097556392627093
4387,17.907061490941143
4388,11.622000364462693
4389,18.341238678266468
4390,19.096740036764768
4391,8.459877438099138
4392,15.997237004082614
4393,19.088501971532246
4394,16.375958232776593
4395,20.43352153284177
4396,13.213830127077173
4397,15.169240507041096
4398,12.625714192720297
4399,17.22484711044727
4400,14.362911139654795
4401,22.100939630206422
4402,14.058357914411276
4403,12.164745405529203
4404,16.52387943092845
4405,17.509712216088303
4406,15.21638973372739
4407,17.41642033543672
4408,20.232254764186173
4409,15.823105022869257
4410,25.7414682562894
4411,12.971744463623928
4412,17.075206436949557
4413,18.726097624931526
4414,11.98321619227644
4415,14.53743543870525
4416,11.333432370937908
4417,18.303238434224326
4418,14.769376891737897
4419,10.131217466508136
4420,14.78254003206711
4421,15.110562362659246
4422,11.31641224423853
4423,20.620667500411983
4424,8.670576966368516
4425,22.164636747332978
4426,11.373592138640007
4427,18.438389724744084
4428,14.446308406091877
4429,18.01302058633635
4430,13.365563022755147
4431,15.197843162257787
4432,18.314137308340108
4433,19.797844687745254
4434,18.295090518426033
4435,13.43221477013395
4436,14.385753609800716
4437,22.248396636049794
4438,21.160342190134408
4439,11.896585295073873
4440,15.165883166527347
4441,21.586365877276464
4442,13.517162309453088
4443,13.367589374834981
4444,15.961542133962622
4445,16.75437438667881
4446,13.87244691575344
4447,17.075529774516582
4448,17.618844879250844
4449,17.038315478161678
4450,11.177578956745705
4451,17.459900326277666
4452,12.473164789509928
4453,14.195323896406315
4454,13.215163141436973
4455,14.677282788330128
4456,21.769706941293578
4457,16.682282764965898
4458,13.382727351942906
4459,13.74355409359337
4460,9.531671356566493
4461,13.262875126047179
4462,8.356152238164002
4463,15.654738233143334
4464,13.47911868079937
4465,18.413616627335088
4466,19.026218089862464
4467,21.370918101986128
4468,17.929387853397554
4469,21.083032290157753
4470,15.69774305909495
4471,18.359320364656224
4472,13.638638411253153
4473,18.131354435683658
4474,12.043588893588264
4475,12.729498075400471
4476,15.57398502393194
4477,20.80979172241385
4478,11.341891087051144
4479,8.038281651887058
4480,18.773098415433267
4481,12.453952346946995
4482,13.925992120990701
4483,13.838292457501469
4484,12.325662876690636
4485,11.19709594149396
4486,13.963750697354541
4487,16.0548805785514
4488,17.41433540308637
4489,15.252648876995863
4490,19.29951427201457
4491,21.954179520627005
4492,17.144022107553212
4493,18.95281181277563
4494,15.367122883542432
4495,12.071373365010027
4496,14.605942289923718
4497,13.246467814081075
4498,15.097070132913998
4499,18.99240215454106
4500,13.875616276928344
4501,12.030995134040644
4502,12.362443051580769
4503,10.991881825187974
4504,16.06963812320634
4505,18.86759359401193
4506,19.957701988721794
4507,11.968807604515723
4508,18.66120770678286
4509,17.267744812874362
4510,20.00433571132056
4511,13.099092986814448
4512,18.36518005833726
4513,22.770756079205384
4514,16.600122519107664
4515,10.713822232110658
4516,12.621780374533248
4517,17.34548078464089
4518,17.932345410002746
4519,15.597122729982246
4520,17.577244130313616
4521,14.96131097508793
4522,14.7483175545097
4523,17.1106123583924
4524,18.059434250338285
4525,19.87192515306608
4526,12.778680153708269
4527,23.928863683867377
4528,21.8837553145802
4529,16.265566486347
4530,14.531591369699296
4531,14.07431101138527
4532,12.568719552684097
4533,22.35707737708824
4534,17.253352907501245
4535,16.841640007370934
4536,10.535563221245294
4537,10.045184191560162
4538,15.074743077330687
4539,23.406983768495714
4540,12.537058367730037
4541,16.246275927896825
4542,20.314524498494215
4543,10.790233364695567
4544,15.333724468466885
4545,14.672160872216175
4546,10.470799233839346
4547,13.470899388121971
4548,16.644942074806288
4549,15.567816256027314
4550,19.48354971224338
4551,17.02598326151187
4552,11.156042517213766
4553,18.734865296381003
4554,17.09336212776473
4555,17.73003039814494
4556,9.304821600136592
4557,12.530824942447309
4558,12.436109008106683
4559,11.538371793454244
4560,21.437165374944406
4561,8.305508566421727
4562,11.10443301964364
4563,16.733440690781233
4564,16.139904596342657
4565,15.631954397150457
4566,19.579828921360082
4567,15.834283236611576
4568,10.42537825456365
4569,13.353269396878702
4570,19.20669349854255
4571,13.76956184058117
4572,15.533956504479146
4573,17.951354866127474
4574,15.80159493340828
4575,13.065282331296679
4576,23.117102662288083
4577,12.875310843225963
4578,12.552567849080994
4579,17.965539120671732
4580,14.602096217610399
4581,17.268560371661913
4582,22.922236209065332
4583,15.354411659777366
4584,10.165380135097832
4585,10.02372120808359
4586,11.400466731656874
4587,8.953783922496271
4588,14.5861622888407
4589,10.598529574996473
4590,10.551308667418173
4591,16.614617658389086
4592,15.694479754337184
4593,19.249686819086307
4594,19.883536132100737
4595,15.907471902235445
4596,14.059086011806503
4597,15.795480025525164
4598,18.034944094020666
4599,19.02192590430083
4600,12.679161057345993
4601,17.953243575771353
4602,14.072542940223464
4603,13.261269473359004
4604,11.42194641370346
4605,14.486907677402037
4606,18.10790734949687
4607,17.85024627259908
4608,18.442040947734718
4609,18.22639964229821
4610,8.602925265604162
4611,13.761868187541687
4612,11.813918227994906
4613,19.51638378715179
4614,10.94401689330207
4615,16.419642543914946
4616,17.707421969625123
4617,12.915886213831946
4618,25.005023015740996
4619,16.414790153787628
4620,22.851669419377238
4621,10.342110001918028
4622,17.076835701691557
4623,14.942659650950187
4624,19.440556388783946
4625,12.956374955677596
4626,18.067771724930395
4627,14.189859809057765
4628,19.624035894956002
4629,15.332832781927367
4630,19.15294714807735
4631,15.938007737996273
4632,18.40452124423404
4633,10.114046954291496
4634,18.504396071552208
4635,19.031645813198285
4636,16.434414382861995
4637,10.76347455865907
4638,12.358122366793145
4639,14.624326523735476
4640,16.33060702904917
4641,10.81501811863491
4642,18.361280689812048
4643,14.393912108337272
4644,9.851119760573653
4645,14.609798409082245
4646,7.371733115187404
4647,18.25981760269329
4648,18.736444870278717
4649,15.267610060430341
4650,14.833986265264251
4651,8.750909493637756
4652,11.3137698768871
4653,11.43204397773118
4654,13.046954327558355
4655,16.70456617894144
4656,19.922763846852792
4657,16.840043767360452
4658,10.2425682500092
4659,20.46620246558065
4660,12.148389846603843
4661,13.208511624979199
4662,12.3782509754984
4663,13.919309589022841
4664,14.450699818181818
4665,11.72411930712371
4666,14.327882569996076
4667,13.60376932255086
4668,20.40989876610234
4669,20.591694535246496
4670,11.557512468551991
4671,18.28075720749829
4672,22.215644248835645
4673,13.442241509974735
4674,19.918960301855225
4675,17.809847800623423
4676,16.345766878340967
4677,18.5906243535109
4678,16.521487527246418
4679,8.484243685143287
4680,16.67521976875762
4681,16.242689861587607
4682,18.77746974992966
4683,14.756695637569909
4684,13.466267165957056
4685,14.1647199781326
4686,16.371361991197322
4687,17.857890447636986
4688,17.312308684072313
4689,19.63434647473951
4690,20.84632539682965
4691,9.681890108381724
4692,11.026837929484188
4693,11.17061794788442
4694,13.081223852136375
4695,18.749796382094857
4696,16.784019422779906
4697,16.43820019685931
4698,19.400997061706487
4699,13.334746450855576
4700,11.187027978077982
4701,16.320443068979248
4702,19.857821701609126
4703,13.342144019583838
4704,17.034808437789525
4705,13.835511011861428
4706,8.342224914564943
4707,18.065009868363333
4708,18.37142560673024
4709,13.170969380754297
4710,18.831333546844782
4711,14.523807761531017
4712,15.562907298382042
4713,16.71433470180134
4714,21.953472154237854
4715,11.401071471997593
4716,18.634917753801307
4717,13.842301655473275
4718,16.037181141648063
4719,13.825865328042672
4720,11.739911805452309
4721,13.88469257573379
4722,18.765997199741854
4723,13.001574192539053
4724,17.278385601461956
4725,12.76662440173757
4726,10.166211450259368
4727,15.187273139107376
4728,13.252230493076901
4729,13.987714618942576
4730,15.556849112002922
4731,13.195036119617026
4732,16.660793864741706
4733,21.531155578714227
4734,11.004016658866515
4735,11.998345136646972
4736,17.826793510271255
4737,14.401832325808531
4738,17.624668171971926
4739,22.824550630828117
4740,16.28533888345428
4741,21.557831502281154
4742,17.345732166072878
4743,20.70133919507271
4744,13.722013144441291
4745,21.540120692704562
4746,14.46035462903373
4747,10.49092693569306
4748,13.307508965918368
4749,20.62113298393779
4750,20.16524899469773
4751,11.754322563286909
4752,16.139509987763248
4753,14.977996478495543
4754,13.901429107220764
4755,12.803618987559982
4756,17.75751549700144
4757,18.840559769456277
4758,15.20172054934953
4759,11.900525843191483
4760,12.215081880440053
4761,16.659694548271627
4762,16.262817928399418
4763,17.00138289341084
4764,17.176235564266864
4765,17.0331587405091
4766,16.575938461543036
4767,18.42294515265518
4768,15.705680220320003
4769,12.569770530998724
4770,14.78468751373622
4771,16.392145513165868
4772,13.670819493210988
4773,22.326780205919263
4774,12.447356868870386
4775,22.366219013595522
4776,17.593846036490834
4777,15.47188615565698
4778,14.885159697339649
4779,18.924732246021286
4780,21.004017272572405
4781,14.71047291989666
4782,12.768621378072467
4783,8.910391990301601
4784,13.012053191449029
4785,18.35354924850833
4786,16.714814086089483
4787,14.433200872696974
4788,15.740057715453073
4789,21.36823167127143
4790,8.158027979939714
4791,9.854714367750935
4792,21.350774484120613
4793,14.817962550701475
4794,16.530179938823675
4795,14.465664616723235
4796,13.343006807268058
4797,18.734041027403723
4798,15.997129937236881
4799,16.666140069261797
4800,15.33427562556987
4801,10.644103767420965
4802,15.18102286224593
4803,15.700477400526903
4804,14.777769898869598
4805,21.531864315439833
4806,13.910942427991746
4807,18.82015865876162
4808,17.71990040201774
4809,20.659042800813726
4810,16.36219006342183
4811,12.781082207606666
4812,25.645954717654657
4813,13.458211772012085
4814,24.179957163997813
4815,18.862243535667762
4816,14.797935725786683
4817,14.116965166580435
4818,9.689282882269968
4819,14.28247565722219
4820,17.08618430650452
4821,14.627098101172184
4822,18.00183566837429
4823,14.966531731843673
4824,17.23086408241889
4825,20.146304012603117
4826,10.194093309891779
4827,15.687933319704928
4828,18.48355182931264
4829,18.51945743605811
4830,17.21265413142673
4831,17.52602051741683
4832,15.285341691637512
4833,13.04896382949312
4834,17.050861387867158
4835,20.7967686922526
4836,16.03585637929162
4837,12.49269163831718
4838,9.971864595668835
4839,22.95918029401783
4840,10.216121123236904
4841,19.380092279719015
4842,17.69955439978583
4843,20.473397540210772
4844,13.100407568145041
4845,23.18323279269591
4846,15.728667078721575
4847,13.602468085950667
4848,9.693490430330261
4849,19.11693288177883
4850,20.42746275600112
4851,15.0212271883112
4852,25.06826066871243
4853,17.551906735425604
4854,11.431933931258687
4855,12.14583653812748
4856,11.378236883313573
4857,13.157892530757927
4858,18.181520258285126
4859,17.92169220272424
4860,10.628055769797735
4861,13.201537789428594
4862,17.998219240421637
4863,15.218728827673717
4864,13.45997193441014
4865,15.02765884933327
4866,9.692166886224133
4867,13.465396224850124
4868,13.427320730695952
4869,15.378764279602006
4870,14.187695175390063
4871,23.854712988366785
4872,14.832124104279693
4873,14.38893924241972
4874,16.688882333612355
4875,10.530143176237052
4876,17.3249840126048
4877,11.74566214787863
4878,19.88706702118791
4879,16.80501941942138
4880,19.8639698970559
4881,18.581222718659077
4882,12.795078778684527
4883,14.365946370487539
4884,13.933327851630802
4885,15.641599110723282
4886,18.8262938247872
4887,19.54497112759379
4888,23.177731218404432
4889,11.797432716203406
4890,18.016741938056615
4891,12.241475633981883
4892,16.35711255579898
4893,16.756745673234356
4894,14.180561270543127
4895,14.560029324443033
4896,17.382595572913893
4897,13.531634440736672
4898,13.18670625779211
4899,15.503917780283768
4900,20.833456364303206
4901,20.264253503049403
4902,15.443056645813646
4903,17.154330158527372
4904,11.967901074823388
4905,16.57104328909911
4906,12.695609581560518
4907,15.28785509941221
4908,12.091676132695314
4909,17.312510596380765
4910,18.431860234496458
4911,13.656127462877029
4912,12.76589479510995
4913,11.711576907257573
4914,9.817186248656022
4915,14.573796993344837
4916,15.44887206281743
4917,17.106677017950105
4918,14.431753085134488
4919,16.823640772299715
4920,14.102043238476138
4921,22.08190886415217
4922,16.981517983630056
4923,14.89046409243408
4924,15.367155941776293
4925,15.312835268892364
4926,16.523905007093276
4927,18.92798457405545
4928,15.284252708922091
4929,16.986321411217972
4930,19.294773054852236
4931,17.327123664873874
4932,10.960790974598003
4933,10.05663565029264
4934,16.150106263709016
4935,11.161727019652911
4936,16.05738282479069
4937,14.3806828545703
4938,18.63263548604909
4939,23.24781257081455
4940,25.640859819005094
4941,12.64777156144191
4942,13.82280471606881
4943,16.105133765566592
4944,19.345845970366625
4945,12.87733473221044
4946,12.537938302871723
4947,13.726278474475334
4948,19.13093133320194
4949,11.246810182512274
4950,16.31647723364523
4951,21.453204350236973
4952,16.426761385545014
4953,26.44654247418881
4954,16.769017364397317
4955,15.189113661263491
4956,11.198637278827993
4957,16.64532734149611
4958,19.655509114901978
4959,12.848379239994049
4960,18.417362794392165
4961,19.298406009985307
4962,17.733371200941143
4963,20.271595725642438
4964,13.025389915325285
4965,14.86357954357303
4966,16.04542997636756
4967,19.783758223472475
4968,22.613985680409584
4969,16.31253636039016
4970,17.957871619708904
4971,11.333290289641944
4972,20.45804654549066
4973,11.718929265303315
4974,12.68745201759727
4975,15.728230021239057
4976,17.841485028901573
4977,10.379371730464658
4978,17.74967362563796
4979,17.976994406664573
4980,16.55449082922339
4981,20.393519868422857
4982,22.421827422663494
4983,18.212951331366202
4984,17.365866488668228
4985,13.229319450787004
4986,16.470970474520378
4987,10.42362392201304
4988,17.641839599125
4989,10.682065723089892
4990,13.520139558673709
4991,12.666594708968649
4992,11.698437939214552
4993,22.796286867386527
4994,17.155348173848015
4995,19.026104132221658
4996,16.18337001936645
4997,14.172653894599808
4998,10.149636505471797
4999,14.660256252289665
5000,22.785473298719392
5001,17.785341399498073
5002,13.025011150315848
5003,9.8652955980514
5004,20.000628461379407
5005,14.97748170443341
5006,22.100525478524652
5007,18.691134064312784
5008,13.553618281087058
5009,11.652049992278913
5010,11.708669851403307
5011,19.02747193218003
5012,14.343419414765323
5013,21.853269823748064
5014,17.19618788301291
5015,18.227814762906405
5016,19.58415655051255
5017,14.471189238987733
5018,14.95378448831916
5019,16.139388525329338
5020,15.627383559401462
5021,15.70501698800879
5022,17.779459247914836
5023,16.210035073032962
5024,16.065483183191425
5025,13.591777120469777
5026,16.272711121147477
5027,23.53719050941055
5028,13.404460383269367
5029,16.62405733554741
5030,10.615590254325863
5031,15.83358023954985
5032,11.378842787228162
5033,16.37645544408455
5034,9.727460153125797
5035,19.840230736883264
5036,19.96894039076202
5037,13.609762885235263
5038,13.362878025829733
5039,9.517234913221019
5040,15.244109813044284
5041,24.251449044311013
5042,11.073915547092376
5043,10.364412231853938
5044,16.195120815773958
5045,11.292695592700248
5046,12.257482832201408
5047,18.58498265059959
5048,12.811384004296013
5049,19.861599163169686
5050,9.978811981691784
5051,16.09894392359094
5052,15.414201895434623
5053,15.083724693962427
5054,17.825313119738794
5055,20.59926557425953
5056,14.80344371020465
5057,14.515335834423595
5058,13.72846132864936
5059,16.11020226062546
5060,14.397744529924278
5061,16.09674344186597
5062,13.70352818308816
5063,14.758823988357605
5064,10.801323316564064
5065,16.170967926769656
5066,16.923100673223523
5067,18.851810774885816
5068,12.105959111401688
5069,17.065453594877184
5070,18.93190049650441
5071,17.457276147145947
5072,19.654346993118935
5073,18.14535403380401
5074,11.178366341122924
5075,10.410169527614816
5076,18.967031150026248
5077,11.64337811691469
5078,12.617117657857385
5079,15.600605152281483
5080,11.857333271599526
5081,11.656585642957877
5082,12.761463823338904
5083,17.181585598898472
5084,12.282171545534148
5085,18.622537848950287
5086,13.884793143987945
5087,18.35504125853352
5088,18.029213362187324
5089,14.364812273677405
5090,11.264038258544543
5091,21.502934306149307
5092,12.869409702051438
5093,17.242427099945747
5094,12.655705322405698
5095,14.862514579846874
5096,13.561198974152026
5097,21.72832521357383
5098,13.620972257871149
5099,11.85886298054819
5100,18.931349878677075
5101,19.167006278849612
5102,16.342285294481457
5103,15.226573266723507
5104,15.081089808399671
5105,12.406303199609642
5106,15.492636581548055
5107,18.733785030264553
5108,7.822824373912274
5109,12.915748086537542
5110,22.11667571104141
5111,20.445511558389768
5112,14.419861816398566
5113,11.380468411693645
5114,13.40036954411213
5115,19.778699766580303
5116,12.22684439396167
5117,22.32438648848555
5118,19.484018052106983
5119,10.821946379453244
5120,20.694483283818172
5121,13.300000498049322
5122,15.599297806839017
5123,16.037594491352532
5124,23.73467998758668
5125,21.75329125817934
5126,15.239933442597534
5127,13.507661682009864
5128,15.527078442126452
5129,23.50665204602766
5130,16.583356187995754
5131,15.576193069031056
5132,20.973548434549116
5133,14.251822010456081
5134,10.29617083937025
5135,18.20822289164667
5136,17.239408683783495
5137,18.738673085906715
5138,14.301505683085566
5139,22.111311016379027
5140,14.056355794566759
5141,14.373705735068173
5142,7.35626034621653
5143,17.548035876767607
5144,14.221960458378764
5145,11.386255325994673
5146,19.187882700241296
5147,15.23484713266253
5148,13.88301341909915
5149,18.732569602948452
5150,19.210154430360088
5151,14.970790525099707
5152,14.922375215760393
5153,15.54496256113231
5154,11.831032914777424
5155,15.439611454371793
5156,15.381221098421435
5157,13.377936726304842
5158,20.140538715113085
5159,21.463075989297018
5160,11.350115834713534
5161,15.662823162758407
5162,24.83543369157784
5163,16.705205552151547
5164,10.860909665010823
5165,16.7515903301383
5166,21.935319024302576
5167,11.225880272545153
5168,11.975716288413517
5169,18.022266691021514
5170,18.00003346303513
5171,13.010781860742888
5172,13.840662488483053
5173,11.480028554659409
5174,11.37444718926726
5175,13.984255457436854
5176,18.74220258123323
5177,17.576283201841896
5178,14.005468435380166
5179,20.572075996318667
5180,11.930114878475433
5181,10.483460249297252
5182,18.272192573184356
5183,14.288277816627222
5184,18.312383040557435
5185,17.45333434344881
5186,14.0588881721694
5187,14.140774284657375
5188,20.163681304626657
5189,16.031092400532685
5190,19.068736396382434
5191,17.219850599368684
5192,13.191830456736684
5193,14.211338014691641
5194,13.32263369303068
5195,17.910429939512778
5196,18.70761487749398
5197,14.868490680719901
5198,13.891078082212996
5199,13.251969077681705
5200,13.841088180377056
5201,17.051627750341897
5202,16.822204058993176
5203,17.874458425670163
5204,10.566120416447603
5205,21.632133138524047
5206,13.85508757096199
5207,16.006949407603305
5208,12.386596045020525
5209,11.527846041146859
5210,10.19698190335581
5211,21.17557372905933
5212,16.79856606831938
5213,15.512008013098919
5214,14.087298340206676
5215,17.17419787096007
5216,10.60357833715397
5217,19.64343643368336
5218,14.825018152467896
5219,17.515044347460815
5220,13.34482219798749
5221,21.409655411008146
5222,22.564957248148914
5223,24.396596130387017
5224,20.80288814340735
5225,19.20253294505634
5226,13.463684467668767
5227,15.411472286467328
5228,14.340399913117489
5229,14.94523210834532
5230,10.839693490764063
5231,16.91739545575456
5232,24.98127174377169
5233,20.388432135642848
5234,9.482088469611302
5235,21.119632772100296
5236,17.413826318556467
5237,21.137240759514427
5238,10.674093988279058
5239,20.00213400169268
5240,8.746924704702009
5241,18.75587073769053
5242,12.612620045670461
5243,14.660937421401158
5244,15.081889948980931
5245,13.847595021177886
5246,14.494711009096577
5247,13.647043733478235
5248,23.80137941710204
5249,14.289760207744212
5250,18.85878005140001
5251,15.284360872716286
5252,18.154445818677452
5253,7.879138280478141
5254,13.186526372221888
5255,14.3517381707739
5256,13.732326276266708
5257,16.54358674725833
5258,14.12669108790723
5259,14.193084922971657
5260,15.246577338200979
5261,20.76624584263051
5262,10.072753572434959
5263,19.09931442406873
5264,16.11080821127797
5265,22.278742681776414
5266,15.408434223279594
5267,11.278946223687472
5268,16.779829756848432
5269,13.353901661133389
5270,10.892230886625573
5271,15.61732982514157
5272,16.460400652562406
5273,17.887275347612558
5274,13.335544223115672
5275,13.977865249092144
5276,16.739645531921475
5277,10.570666196242383
5278,10.352540208242061
5279,10.982183778580666
5280,12.765660918669308
5281,13.1229801053441
5282,12.382641578376507
5283,10.507610982413734
5284,15.212774174322211
5285,8.899167225650558
5286,14.303926037700858
5287,13.935292966474497
5288,12.27773664290179
5289,14.984050403154278
5290,20.503102153892605
5291,22.894213513484857
5292,10.71155466450782
5293,13.198413581210596
5294,15.4064172013952
5295,18.91136522908841
5296,11.857721824848102
5297,9.632738420352819
5298,15.894485606231097
5299,15.353163394702872
5300,13.970223278146417
5301,14.6496847219314
5302,9.886419442063287
5303,14.460577244405643
5304,18.626569091149886
5305,11.188060929267667
5306,17.564662758204264
5307,15.636721150279046
5308,20.244481722154326
5309,15.450412581296606
5310,14.59378998564933
5311,19.050563561419715
5312,14.093301721946986
5313,12.806439573435128
5314,12.905203283723262
5315,18.14400987153902
5316,15.63116575320177
5317,14.058335425441168
5318,14.739694807623858
5319,17.62186155289637
5320,10.825924950118788
5321,17.1336876118493
5322,11.332909608068793
5323,17.14923522244127
5324,12.247309026801023
5325,16.89965640574193
5326,22.130496814640235
5327,17.77508989160564
5328,18.404451842971177
5329,14.89183243136591
5330,18.145573736222246
5331,19.178165546098388
5332,20.78586159024448
5333,17.512990371488847
5334,14.867523253169596
5335,15.973130824903453
5336,16.518058381271924
5337,8.310254482283527
5338,15.762434493405506
5339,11.363259276776663
5340,15.206980478200894
5341,10.981984165061132
5342,14.658900012495208
5343,17.758102252804157
5344,19.242389840595983
5345,18.317364414205002
5346,12.575738568888417
5347,16.323061116197422
5348,20.440052526870243
5349,13.221813873379741
5350,16.12390741064817
5351,19.655585773036464
5352,13.764718666864713
5353,19.903248567602382
5354,14.024780631039702
5355,13.621480118245154
5356,14.278272060138656
5357,21.5858223930403
5358,9.730172144872142
5359,11.618043248750919
5360,16.48662318171273
5361,16.277564529915832
5362,14.07827918868638
5363,13.141223529083934
5364,16.39603476704843
5365,11.954242441501984
5366,17.790165700144673
5367,13.261393319622204
5368,17.704746080756422
5369,12.720518366296847
5370,17.29858405219129
5371,13.43333830006555
5372,17.97582980743308
5373,16.4630337306021
5374,16.877225878729703
5375,16.71247199512397
5376,17.03368324404913
5377,14.56025981721276
5378,12.190766695201358
5379,24.713303851580445
5380,12.319190918434021
5381,13.003740196813538
5382,16.439696097107976
5383,23.82330175325291
5384,19.72228369972339
5385,16.51687310997901
5386,9.776827516069947
5387,23.98990904108809
5388,19.639635558376092
5389,12.697329565432998
5390,23.96210571273989
5391,17.64387318750758
5392,14.187174365092371
5393,16.030545564932893
5394,10.817769009854873
5395,23.41948410357326
5396,12.90043701914751
5397,17.233870297493425
5398,13.92866215693881
5399,19.662196057949807
5400,13.191030325558163
5401,19.022104669275667
5402,15.813032834671917
5403,15.423826795629651
5404,17.71702481706061
5405,20.546470080714258
5406,14.894968689179775
5407,14.564077473087059
5408,17.13614873230623
5409,15.916834064486576
5410,12.689820126777153
5411,16.56203701900047
5412,15.739322072811994
5413,11.447488233449825
5414,14.397141329677428
5415,23.35618411447979
5416,22.139983958485963
5417,18.018392355883606
5418,13.763721141615896
5419,9.044795688364447
5420,19.221233026149513
5421,13.104462202719237
5422,15.969610113683316
5423,23.82989836840942
5424,12.872046195988364
5425,20.145011274762574
5426,14.74163451105062
5427,17.789783853742122
5428,14.110606257064958
5429,15.232956284858112
5430,18.948383440246417
5431,23.506729223822692
5432,13.695812486502067
5433,16.24246073975911
5434,15.971906998660138
5435,13.419111404510758
5436,14.657351238481144
5437,14.22104827441958
5438,19.8354755150415
5439,10.079065768682685
5440,18.79021064353546
5441,16.610049387841517
5442,17.49058230524335
5443,14.026328900377447
5444,10.253773511250605
5445,16.60992773756837
5446,14.270410219840784
5447,15.724419178425498
5448,16.84851796319061
5449,14.589394723498641
5450,20.994880441873875
5451,17.288592056806976
5452,17.941738814272032
5453,18.019135418634853
5454,16.50594795070198
5455,17.910206633399255
5456,19.936237216272026
5457,17.29618427331058
5458,13.014277484919667
5459,15.781808759417684
5460,15.539422825786884
5461,14.59919942274011
5462,10.665090878696148
5463,18.952842565055438
5464,20.9573250529349
5465,22.914185252199918
5466,11.910314066354339
5467,11.130212342722537
5468,16.0600443461013
5469,15.077603004056105
5470,19.16836671234898
5471,14.078018124129851
5472,17.023775280137993
5473,13.732309823180364
5474,15.566716600242003
5475,19.274926156364607
5476,16.396319328720054
5477,15.455887077345048
5478,19.55751075035373
5479,20.40913402082765
5480,16.708574588834317
5481,18.831103343142
5482,20.561000857086526
5483,11.668899190601866
5484,11.637370315821892
5485,17.409181500868343
5486,11.451563698063431
5487,11.972747276615324
5488,21.23355919480019
5489,14.769095310723305
5490,18.703163013461143
5491,11.943712535798065
5492,18.47085623419406
5493,16.734274399698435
5494,17.067261784328608
5495,9.698528777844029
5496,16.76254408224573
5497,21.5592688867726
5498,9.849892076757087
5499,11.14864946523248
5500,23.28099555871147
5501,17.465326662148065
5502,14.062624300617854
5503,11.595282753175109
5504,15.151537306434207
5505,13.500084765186395
5506,17.405971480476612
5507,17.00231728855127
5508,13.281227692824281
5509,19.023004453492018
5510,17.154924272894707
5511,19.359374588755383
5512,17.241462238123823
5513,14.355293784617732
5514,11.461337975574889
5515,16.89882537007473
5516,18.084952517045572
5517,22.399670971886206
5518,13.60172958132533
5519,10.532870266829534
5520,18.601288371982257
5521,15.320310866793466
5522,19.813486509685383
5523,15.845613997851544
5524,11.854176800958877
5525,21.266266903370955
5526,12.950745670905917
5527,17.870151987896715
5528,15.211957766476733
5529,20.600186998356534
5530,12.22163175574897
5531,18.0928804665988
5532,23.300447282180112
5533,19.234983911204523
5534,19.812368464509913
5535,19.995794894287393
5536,17.36768997812019
5537,17.21141632731799
5538,16.74194421611768
5539,14.480071556187232
5540,12.002512001432255
5541,13.04892802596482
5542,19.68125078707083
5543,10.37773646906103
5544,16.250867757494184
5545,14.549967496862145
5546,16.548802358626904
5547,14.274599895410123
5548,14.480616067969633
5549,10.080255844281538
5550,22.214552136483384
5551,11.537114121893456
5552,17.46682123744668
5553,14.194147059482008
5554,16.270032795080315
5555,14.043043938386418
5556,14.60541450595204
5557,11.667097307037036
5558,16.218719629814057
5559,20.305434794241016
5560,11.990934214827563
5561,10.277006216742674
5562,16.64033059021167
5563,19.839952120790816
5564,16.0976505693764
5565,14.773629878892738
5566,14.903843791937893
5567,13.000479332949766
5568,14.095393267795764
5569,16.57240760270635
5570,9.7182910574991
5571,14.95561084202501
5572,11.603295816874237
5573,20.42320695320947
5574,19.052785177133536
5575,22.990979541950647
5576,17.492797022557394
5577,17.82569637930333
5578,19.945009136871537
5579,15.908358834915235
5580,15.922217293469245
5581,18.015802624476642
5582,17.700809114267898
5583,12.70668262702802
5584,16.818459606518886
5585,14.00080221457953
5586,17.60079425314381
5587,19.447134982037312
5588,14.649903730776595
5589,16.32788602467064
5590,15.016385550845545
5591,14.370784825283838
5592,18.260921454275945
5593,12.690806631164513
5594,12.36294895687123
5595,15.222708535361466
5596,10.712124519113589
5597,11.083288080704703
5598,17.70793264815375
5599,17.308877618431893
5600,17.385783887842415
5601,16.30407715125572
5602,13.333322460230914
5603,15.783544651893402
5604,20.986388077317713
5605,16.057952925078165
5606,15.966370213986078
5607,18.27350005651818
5608,21.952731596320668
5609,15.502336911653794
5610,17.865825471089696
5611,20.578367894587913
5612,15.7471377774712
5613,15.07844443335652
5614,9.5400313683652
5615,14.338670149342834
5616,21.12131698418937
5617,13.096590874463425
5618,15.792177168967577
5619,10.136738799461215
5620,10.07203680732782
5621,17.139168730126165
5622,23.596135702171058
5623,14.843722428957694
5624,15.915256840336824
5625,12.88132162577603
5626,17.237766260460567
5627,15.719331814203818
5628,12.662974234201727
5629,17.378563820658446
5630,13.182141028323485
5631,12.715433317892181
5632,12.842801220110374
5633,12.61427105624102
5634,15.420444319802959
5635,18.331990067296147
5636,10.823641992788662
5637,17.336581442457902
5638,11.926235543491163
5639,10.345543493965963
5640,18.216244971591095
5641,9.145359194502579
5642,19.336755070540498
5643,19.901621235119624
5644,14.412244751164646
5645,20.0331991682595
5646,14.739604701113235
5647,11.078223684605458
5648,23.93008864175458
5649,16.976251586999282
5650,14.599220292031458
5651,12.57235196666865
5652,11.42882083247174
5653,17.57072005785407
5654,8.899735959548083
5655,15.60738423229202
5656,9.512370098507224
5657,14.929734082184375
5658,18.261065000403647
5659,25.145845593461345
5660,19.47124018988081
5661,16.967111064649988
5662,15.779406405489874
5663,15.727189062737603
5664,15.21269279058562
5665,22.655992050214667
5666,21.820476693713644
5667,11.879687033699776
5668,13.483855154359873
5669,16.6754961584516
5670,17.771949274386667
5671,19.062891214834025
5672,16.49064227175434
5673,17.71926045222733
5674,12.96984552510046
5675,10.587305222334649
5676,13.787694272424597
5677,21.44811591608486
5678,14.046841571136046
5679,14.626836607261025
5680,16.763643763848386
5681,15.57255973034084
5682,12.773626504907678
5683,14.902065996830208
5684,18.699874219734536
5685,9.98160475734473
5686,15.016821342090322
5687,17.512726964673142
5688,15.427330792363207
5689,24.910114819342823
5690,14.030641396622686
5691,19.042484446046103
5692,15.74599346720186
5693,12.75229527541945
5694,17.636074523205394
5695,17.82821966834098
5696,17.008671069353674
5697,15.925345398217999
5698,20.047581570455222
5699,12.222434691865468
5700,15.960763519745136
5701,17.080559912495815
5702,11.645832913867078
5703,16.347954049188676
5704,20.816950428531662
5705,11.425188309682335
5706,15.805046937967962
5707,8.735526230817253
5708,17.557808751835424
5709,17.120868135304278
5710,15.447580656392784
5711,19.4781842120565
5712,16.34441606851892
5713,14.931005092958685
5714,14.354204851841502
5715,18.842293316867462
5716,14.624992772309708
5717,13.01005767544679
5718,21.39939235400614
5719,11.522261787021183
5720,17.044930938692445
5721,15.179121029433807
5722,23.19992907134197
5723,14.675069486352978
5724,16.155328427931668
5725,12.902087266233103
5726,13.920100132245981
5727,14.550744299456095
5728,11.144559726391124
5729,16.539905481593674
5730,12.657029620635686
5731,11.968534243784578
5732,16.788378896711425
5733,15.92489861247542
5734,9.726374599386325
5735,19.28105279459634
5736,16.587430948093285
5737,12.507214996820181
5738,17.138880445449715
5739,15.41855107897755
5740,16.312584653775957
5741,11.419863246436929
5742,14.701236835200168
5743,21.687785074060663
5744,11.043145590703045
5745,21.399799687673806
5746,13.22364327117469
5747,15.887642668147887
5748,19.496036230578554
5749,10.646736323987842
5750,14.09349110876477
5751,19.363650168817507
5752,14.509479837829197
5753,15.55444559897813
5754,13.858775071623995
5755,16.761547225626643
5756,14.042810186144099
5757,16.755933843629112
5758,14.631292008625204
5759,17.249010970888236
5760,12.936651943299681
5761,15.314830832697059
5762,16.751653761099654
5763,10.174925516969285
5764,13.892793784447257
5765,18.80367694867263
5766,12.379212880982628
5767,15.764944352781107
5768,18.987367199534567
5769,17.327579983742233
5770,13.857203434692313
5771,18.218215729276515
5772,21.96443270660096
5773,18.77035133003545
5774,15.46463810737909
5775,16.39712306770497
5776,16.843289800112537
5777,9.40682956267354
5778,12.042343114054189
5779,18.43350579015026
5780,15.805217667994107
5781,11.473587770653458
5782,19.696250395777174
5783,14.27081872083297
5784,13.742283586909458
5785,13.486907726722869
5786,21.48054932246683
5787,19.083240699028856
5788,16.011689423218947
5789,9.440116606483874
5790,15.678459625461034
5791,11.70675593569623
5792,15.491258855940707
5793,14.64324625506374
5794,10.760061968524283
5795,11.3544840086826
5796,14.68803608963611
5797,19.19648603657797
5798,13.286065330319754
5799,18.33641306078352
5800,16.341950090813675
5801,12.056740718550792
5802,20.323717726398996
5803,16.604039894392272
5804,15.812893256222907
5805,17.954038660235213
5806,10.376994832573404
5807,15.457491167605557
5808,19.515326628312387
5809,14.31029110672179
5810,11.93858674735902
5811,10.32849545572376
5812,10.96390713602316
5813,17.11311355407236
5814,18.30470270149982
5815,16.015877307248843
5816,23.390617524249443
5817,18.5673942146845
5818,14.495538750398616
5819,17.270447639043297
5820,15.416984528882754
5821,23.154082284248155
5822,14.119097951892002
5823,19.988727206932293
5824,12.957805390924912
5825,12.789638671379102
5826,8.657265633431209
5827,14.879118917925744
5828,18.60894449001108
5829,11.04430695416572
5830,19.57009890087845
5831,13.26509631166239
5832,12.292831047316717
5833,11.323133166216111
5834,15.274201708007649
5835,20.02061385610973
5836,10.6553163069843
5837,12.195614767104573
5838,15.162719242527814
5839,14.660377828787702
5840,12.545286990156535
5841,11.911846423375037
5842,12.300420302863365
5843,11.933120730252792
5844,12.52650836392759
5845,13.160961899246221
5846,14.4109449079237
5847,17.459826289507923
5848,14.729890550605147
5849,9.287244790597684
5850,19.912092132628743
5851,18.861818307340485
5852,22.727642612534403
5853,18.694700040033574
5854,21.142747416150883
5855,11.952486422358161
5856,13.370415300214766
5857,18.515683567591108
5858,20.364805422324896
5859,23.128370943802594
5860,21.632415183996425
5861,14.7040686343389
5862,24.16071872817649
5863,13.348634337953426
5864,20.189417585424724
5865,15.715173823609874
5866,11.159105111724307
5867,12.577261113703289
5868,13.006082368926977
5869,12.65317550423757
5870,10.193075819518858
5871,15.794974558156314
5872,14.375590986072671
5873,15.049821498320828
5874,19.272872951243514
5875,12.588563236230897
5876,9.954769665433982
5877,14.252250883916188
5878,18.036578878626884
5879,20.89497529651516
5880,15.108188386274895
5881,18.689965853880064
5882,13.612381904928927
5883,12.385298886355132
5884,17.752047547265366
5885,8.37257973792095
5886,20.349262129666375
5887,11.667986383172522
5888,18.5575410393843
5889,13.54190391472716
5890,12.124693098952436
5891,13.86398438682112
5892,17.971365364892783
5893,16.098937955911637
5894,16.776958094636285
5895,9.525209957428839
5896,12.469079889128167
5897,14.635042547723568
5898,17.08318873377377
5899,15.742860180749625
5900,17.89596422238681
5901,16.41301749066839
5902,20.625190315719315
5903,21.87137292293825
5904,20.11213395566288
5905,11.387328826338422
5906,15.813246344160763
5907,14.23044586603601
5908,18.58435196713289
5909,15.137658418068407
5910,12.96939930680065
5911,15.701401560632002
5912,13.690991933175226
5913,10.997263539494035
5914,12.982617136053797
5915,22.44815488909207
5916,15.798071392316794
5917,17.983407649080533
5918,11.52521137544942
5919,16.105558057217873
5920,14.233280309120266
5921,13.395725579204733
5922,16.894634721128057
5923,17.97548096099289
5924,16.46779617502728
5925,15.790990729069634
5926,16.650355045167768
5927,15.583056871086999
5928,10.32034365517211
5929,12.630945028364287
5930,14.06809924923492
5931,17.156358110642973
5932,13.753609990532206
5933,18.419838433249282
5934,16.510884593215437
5935,16.66332379631204
5936,20.483669863348105
5937,17.559509738644557
5938,16.153668528332968
5939,19.295483084962417
5940,21.41351094741495
5941,21.491471610034857
5942,20.199018572525684
5943,17.43081637565346
5944,12.264438389390916
5945,18.984108224487933
5946,15.120804034367513
5947,19.753751587787633
5948,16.492591468662447
5949,18.09985807246118
5950,10.312351908013682
5951,17.41228108413089
5952,20.102726640106454
5953,12.88912894994819
5954,14.931071815187797
5955,17.97685438755385
5956,20.788640371844572
5957,13.93973055541868
5958,12.853806970226131
5959,17.14627870294935
5960,11.33593647696999
5961,16.099195040756527
5962,15.192413121832656
5963,11.454123242601424
5964,13.277187264842958
5965,20.551526153849274
5966,11.056547938535655
5967,22.505750656680213
5968,8.186555795226116
5969,16.437970970575456
5970,14.559027655070672
5971,19.80946958197057
5972,19.83959968616261
5973,13.804865090335376
5974,21.32988619761843
5975,13.903775870069236
5976,15.118010185734372
5977,14.570697631881007
5978,11.450920266159025
5979,11.731241187901597
5980,16.158002632890998
5981,13.466752486518637
5982,16.818303908144635
5983,16.689023262161726
5984,13.463429841784048
5985,22.728386432951254
5986,10.342984863292488
5987,8.66753397974131
5988,10.815240147389353
5989,16.62820814597237
5990,12.11325042498024
5991,18.917317317250877
5992,8.676599375366095
5993,17.27785507561012
5994,18.207817919444707
5995,15.548816625474007
5996,20.382894949426788
5997,15.49625730003388
5998,8.364063588067825
5999,21.37928474880883
6000,20.381727608369776
6001,18.302245291682837
6002,17.08159724246378
6003,21.274328675029857
6004,14.821859995765934
6005,17.83471374605243
6006,21.91755905975352
6007,17.79641268693993
6008,18.18985556192131
6009,21.981726290861744
6010,15.14452622899745
6011,12.495750999070218
6012,10.211314937535604
6013,11.600259358883985
6014,12.855481927651995
6015,15.153599746555951
6016,13.515066107321593
6017,10.313999003719868
6018,15.523939748256991
6019,16.20810608861812
6020,12.003466190301456
6021,20.248869547725306
6022,10.00463906973748
6023,15.319069160556783
6024,13.612795116631986
6025,16.041433862989233
6026,11.468651968372997
6027,13.1567257449261
6028,14.152801971945703
6029,11.349251694760293
6030,14.404808649991349
6031,18.827301651811922
6032,16.430487048657955
6033,14.074000115483063
6034,8.957801073124195
6035,21.939692060951245
6036,15.431440253987535
6037,13.563960706985265
6038,14.13145849174667
6039,17.258422716184118
6040,14.275723497235969
6041,22.310573661139152
6042,19.79827356527913
6043,20.01343550767866
6044,8.789919969723401
6045,18.579864350008666
6046,15.174531112276412
6047,11.11598885217476
6048,14.623180364090345
6049,15.862466966378289
6050,17.13061405551563
6051,15.231877794044726
6052,17.41830077870764
6053,14.872889599467358
6054,11.684459297276565
6055,10.366121776113829
6056,18.231680168590795
6057,12.019238435225581
6058,16.74918721712568
6059,15.641984186011893
6060,23.19790204156189
6061,16.023973818556936
6062,10.562427328171914
6063,16.820337872775248
6064,15.731580373946539
6065,12.564136551396924
6066,15.693641812968085
6067,14.226746246256376
6068,17.115208144060617
6069,17.517104858622922
6070,9.866259775401097
6071,16.010072525659258
6072,17.941044007408998
6073,19.18812245035405
6074,19.852392563825422
6075,19.297211666966824
6076,17.2384914671059
6077,18.3806011800538
6078,13.611016681667984
6079,17.784550415669255
6080,18.456160800819333
6081,16.28737153977049
6082,17.677370524590213
6083,19.190715535598414
6084,18.044343823227408
6085,17.486786878537316
6086,16.551783418226726
6087,9.845399062756286
6088,17.00652739630391
6089,18.233108217786494
6090,11.51469100286365
6091,18.6091592975799
6092,15.416898827520512
6093,11.09997088703216
6094,13.493043408743581
6095,18.495290514538937
6096,13.461671295572373
6097,15.44084361323786
6098,16.288311434446086
6099,10.553245219737782
6100,15.36978211322176
6101,12.159605823615513
6102,15.874589396045973
6103,18.446235834416
6104,14.305616075670589
6105,14.96320918503952
6106,15.75797618364653
6107,8.694537167198892
6108,19.03224975799958
6109,17.739252634426705
6110,18.727463889693496
6111,19.782482728179772
6112,14.239403873755172
6113,18.584373546207182
6114,11.793926909503874
6115,20.737653128666338
6116,9.098235026834576
6117,21.0971651049777
6118,13.464301894475426
6119,18.004709858245977
6120,20.40290603589062
6121,20.147786439595485
6122,17.672144892318535
6123,13.777541232156619
6124,17.067475485902676
6125,8.944891693939951
6126,13.725960029752954
6127,12.647202192759558
6128,22.499455379280782
6129,14.547802336774293
6130,19.667005188482328
6131,13.500840417719875
6132,11.027675911250508
6133,12.578521754210936
6134,18.833656693389276
6135,14.095455032841647
6136,16.549718248462703
6137,10.58362046552529
6138,12.784337309066464
6139,14.474202954664765
6140,16.972656162556074
6141,11.733154889022812
6142,16.58400309069054
6143,15.310672394883754
6144,19.062839906214514
6145,11.914575186703596
6146,9.100112020424433
6147,14.133262975971157
6148,15.218511082733327
6149,15.601262233212651
6150,18.640369877671674
6151,22.81177583760155
6152,20.30238325818236
6153,13.973051926236646
6154,14.841630624225727
6155,16.66148758577491
6156,14.893265904517975
6157,9.887675282700947
6158,15.814477570440449
6159,13.101457329108818
6160,17.538774146942018
6161,13.797378339978103
6162,14.196912556629211
6163,13.426724968319286
6164,16.979277418960955
6165,16.747481381399087
6166,21.814100937252483
6167,15.195287564230284
6168,11.478196236939379
6169,17.569228430181948
6170,14.919801552848046
6171,18.219527849865912
6172,16.69029642658053
6173,19.176380080816674
6174,17.952365353589762
6175,24.390007895112085
6176,18.940995354814515
6177,10.169145329556647
6178,18.61579792228831
6179,10.305540466970733
6180,18.294695463111157
6181,16.602261398822538
6182,13.060315868855021
6183,16.57533564663794
6184,15.517740815067254
6185,15.892329124816014
6186,13.73125939792921
6187,20.969720975350945
6188,12.152734501308116
6189,10.634800678662128
6190,18.01042241869429
6191,14.306339099055958
6192,11.940616201330485
6193,12.689787886182991
6194,23.489883990749952
6195,22.15519768965978
6196,14.88367631664012
6197,20.3185166369179
6198,13.66947164680925
6199,16.533104461415412
6200,19.4362777836044
6201,20.127312989890633
6202,20.75890724906192
6203,15.84656327874635
6204,15.25440721986657
6205,21.664895841605656
6206,14.50473370634057
6207,15.47691106341478
6208,14.898437594316897
6209,13.124836511868878
6210,12.514774067895784
6211,14.482578825534357
6212,16.346128476820965
6213,9.960650125841838
6214,15.39058369393631
6215,12.861746743713113
6216,19.600883720869405
6217,16.796718172513643
6218,18.16644101164008
6219,15.622246246569048
6220,21.626532114207
6221,19.982550453161743
6222,19.09554636260369
6223,15.659618790564174
6224,12.982835979832089
6225,20.914455939999158
6226,14.95174804641816
6227,13.82139274151096
6228,19.57449386650232
6229,15.554857479019791
6230,17.949816547908103
6231,17.258578832635838
6232,19.85399744242073
6233,13.165498246984296
6234,11.946683827024614
6235,12.576070017668307
6236,24.69301282231354
6237,21.07945034846125
6238,19.15353996142433
6239,14.886414145632013
6240,14.268564259289533
6241,12.12370090891863
6242,18.73126268046797
6243,13.76917344163968
6244,17.04391966055109
6245,14.516553679160037
6246,14.361264717946067
6247,21.6620186207459
6248,23.191059152641422
6249,15.92229972814744
6250,18.667209039523847
6251,14.128645441674397
6252,16.020015828358257
6253,12.855617544172167
6254,8.343101584344254
6255,13.819996601928992
6256,14.992881010080051
6257,15.425163194997943
6258,17.39445472954355
6259,10.638853318442758
6260,14.847161855135283
6261,13.054789738429632
6262,13.506967644093884
6263,15.377459625438433
6264,18.589413181181005
6265,16.39148211805905
6266,18.11793566670584
6267,11.22546007389547
6268,20.436196722204713
6269,17.23268191232238
6270,22.567274510423257
6271,14.638316357205225
6272,21.59857182013625
6273,13.060868463372422
6274,13.779270784757434
6275,18.920356794724785
6276,20.928180266669457
6277,16.230228438436875
6278,20.066230495664
6279,15.392654741749666
6280,15.04348648675812
6281,16.43407900098095
6282,13.923208217821637
6283,16.07669456809144
6284,11.701136794932196
6285,10.583343762775034
6286,20.07453338448912
6287,13.192151603947984
6288,17.79344181035293
6289,11.074304277837019
6290,13.672748048221372
6291,20.581216203312643
6292,17.312447213288806
6293,18.81570470038361
6294,20.328420093574582
6295,20.32661488067339
6296,15.863773641815257
6297,10.393300744967082
6298,13.746915570445355
6299,17.460237609702347
6300,15.238809267909467
6301,17.069924519378397
6302,12.156842886797858
6303,12.502982221125286
6304,11.422148592954269
6305,10.902996185079797
6306,19.68393735108335
6307,22.453554968670637
6308,12.3347011234103
6309,13.1178118303481
6310,22.867652695290797
6311,24.102376580280666
6312,14.36298454097843
6313,16.329382224192894
6314,15.32072645620633
6315,16.358584265658195
6316,21.071800667709738
6317,18.36790670679136
6318,12.785198719178176
6319,18.21017784533299
6320,15.9041926508334
6321,9.930427152177364
6322,13.875581889643554
6323,9.71380136105902
6324,8.369900926383181
6325,22.51399177672146
6326,23.781625408745402
6327,18.168231795833883
6328,12.916567737125973
6329,19.17944056612943
6330,17.832390480843713
6331,17.570450128323202
6332,15.79186812853682
6333,12.457672281756139
6334,11.207530026426252
6335,11.943966506559796
6336,15.236743580421424
6337,14.65745021026941
6338,10.479231690469287
6339,18.993549718461715
6340,19.708279561485927
6341,16.949969169414
6342,16.180328207158183
6343,10.43011443885821
6344,14.685024185123714
6345,14.707225660572856
6346,15.564113487764423
6347,15.962070439313328
6348,16.2617506058661
6349,13.330518517628423
6350,14.77116458971096
6351,15.964111966201466
6352,13.324568589053756
6353,16.466908191256604
6354,12.05208107121867
6355,18.456194102683313
6356,14.786136376421197
6357,16.316643960116373
6358,14.434702733025375
6359,11.408421129028909
6360,16.63740187654568
6361,16.783143423796417
6362,14.842263916151873
6363,18.389172646549017
6364,19.849657376160053
6365,9.917626585862651
6366,14.581224492506964
6367,10.246805056926496
6368,13.214852757940992
6369,17.352152102506064
6370,19.920887287274947
6371,11.10043682299519
6372,18.988532607376296
6373,17.14778031926598
6374,14.437567518053728
6375,12.916267568047731
6376,15.870471372515569
6377,17.55748830922306
6378,14.35930365599766
6379,17.412437385380827
6380,17.242239170364517
6381,14.438295087367983
6382,14.981718340705843
6383,15.502191604809553
6384,11.180633167533212
6385,20.216393726369745
6386,16.728785572561485
6387,13.273186551275423
6388,11.721963561266277
6389,15.854581023164068
6390,10.488249942373729
6391,13.1579813824086
6392,14.573438904125762
6393,12.366528521108195
6394,10.135965273936193
6395,15.278719291204283
6396,12.981282160550933
6397,10.084848624438951
6398,15.05605052510257
6399,17.743881040377623
6400,15.873392227271882
6401,19.63253133273075
6402,11.479483201480782
6403,14.75154755682158
6404,14.303087813167979
6405,15.700279609416992
6406,21.566721031556717
6407,18.947140152132057
6408,20.87339477314834
6409,14.792598563920524
6410,19.45567227738028
6411,19.873249376454794
6412,14.994250680314886
6413,11.266122299160077
6414,19.097346371163997
6415,11.712758210368033
6416,11.100077339990282
6417,15.515957714738882
6418,11.993971147473431
6419,14.344399610236678
6420,17.091985360759878
6421,15.8495237067431
6422,15.183628375993042
6423,10.679300955714348
6424,13.370376986229903
6425,17.89507209862862
6426,19.548221325888825
6427,18.342140043869417
6428,16.896811343692644
6429,14.243360295766992
6430,15.462623206497911
6431,24.575792477549
6432,18.864207136309634
6433,19.191133774104586
6434,14.484346305596263
6435,18.92465620427915
6436,13.088010892946478
6437,18.402466145621347
6438,16.094854182056505
6439,18.027645272854482
6440,13.377557606058332
6441,18.779539025334113
6442,16.25929138325899
6443,19.40058742812736
6444,19.735014356517194
6445,11.778685888986217
6446,16.65301626431894
6447,12.295517534682253
6448,21.0004689931257
6449,23.349641569910137
6450,14.609712980334795
6451,10.423149841115588
6452,22.1555077064774
6453,19.958384323814457
6454,12.401277335742648
6455,15.132965487920318
6456,15.18528937627954
6457,14.220201755467299
6458,20.086937591174788
6459,22.87667878364025
6460,11.83708909989518
6461,13.08953313375945
6462,10.523515292286222
6463,20.0467168797679
6464,14.707023766143326
6465,16.373519858770425
6466,16.439888962052486
6467,19.17311824545592
6468,18.787396529000254
6469,23.916702878010554
6470,17.084340306802318
6471,15.877244853218336
6472,17.79278934523999
6473,13.51308159407461
6474,13.412144489165913
6475,18.314342553069455
6476,13.228127894542673
6477,10.832571319385464
6478,13.877929652413464
6479,15.445791293683595
6480,13.140252584700518
6481,15.656076239569671
6482,13.75552038021187
6483,10.424537161268166
6484,20.24142059232155
6485,18.538622909375917
6486,8.769712945744399
6487,19.199152986301247
6488,13.60948912241506
6489,17.640649189927224
6490,15.709723715394112
6491,15.98224533878528
6492,12.605057157507794
6493,11.048913420674626
6494,13.940152843350614
6495,20.88716463332692
6496,19.927085399741294
6497,16.941852985292826
6498,18.96162294497108
6499,13.240319833161038
6500,18.846141068292205
6501,15.478711777698951
6502,15.805051695623511
6503,12.524924476550098
6504,11.378681717382786
6505,12.372827556868883
6506,9.209668562806833
6507,21.713858243497285
6508,14.085267231151224
6509,19.06503794353053
6510,21.707235002170357
6511,13.01698578726615
6512,13.68015370488185
6513,17.9138130714772
6514,14.214709578050904
6515,13.525149817466184
6516,20.990236029777744
6517,13.643818256682593
6518,17.707257536029378
6519,19.512401311846965
6520,19.157423097756688
6521,13.310947735763344
6522,16.64637221346669
6523,17.07216324211113
6524,14.361245240563655
6525,10.881329781261666
6526,13.67012750982644
6527,16.271807190009213
6528,15.134425517800448
6529,13.823927847043155
6530,10.65895322188996
6531,15.637953039207039
6532,14.066081882248849
6533,19.682455815551208
6534,13.206723403285306
6535,17.61256160961688
6536,20.71150751197851
6537,11.743282560170414
6538,12.421582264266098
6539,15.435470872863345
6540,11.203725900267287
6541,17.29218628872134
6542,14.04309648911335
6543,12.397957186930775
6544,17.17430965461739
6545,15.819817611363806
6546,24.347177527185586
6547,16.798379660285594
6548,19.695350401380377
6549,18.5223952667251
6550,24.88419801180268
6551,14.100310138545534
6552,15.65028748321047
6553,12.089272115045732
6554,18.868309243995064
6555,14.92660584954192
6556,24.533512173470513
6557,13.661269357080526
6558,16.832768768463414
6559,16.276117033019197
6560,12.743271949337576
6561,20.23615044912146
6562,14.81529057186868
6563,16.522015424362827
6564,13.455952904898647
6565,15.545717043284487
6566,15.106073809833166
6567,10.220790948313159
6568,16.600678895795298
6569,11.201221026492538
6570,15.11127746884671
6571,12.312981075708317
6572,15.363430345903542
6573,21.57787594898505
6574,14.055383705534965
6575,13.402369770502903
6576,10.766557778868583
6577,12.013780498056072
6578,14.51875932208578
6579,23.528718158141245
6580,18.831907892835634
6581,17.924245769772554
6582,19.780412129993568
6583,15.54327533938487
6584,16.09603619880195
6585,12.990856887169041
6586,10.253557004726805
6587,16.348979284356616
6588,14.10505160044081
6589,11.277788114085155
6590,14.387705241896612
6591,12.95085305657885
6592,13.28647441529565
6593,14.217388694691117
6594,14.557930905642722
6595,20.138149208296007
6596,17.49148877314382
6597,11.72545393124292
6598,15.202253526766064
6599,12.576349913775964
6600,10.70724510599608
6601,23.373325904549574
6602,15.747456893190996
6603,14.711285567964199
6604,17.33692391849469
6605,12.469363230543152
6606,21.257889927502248
6607,16.68186124049451
6608,21.14576385014299
6609,14.178003452781219
6610,14.500314209901342
6611,19.299744466001705
6612,19.35387098312138
6613,12.849874647895566
6614,15.052941236010643
6615,12.514125464107124
6616,17.17888490821639
6617,11.858629817497988
6618,20.56500237628854
6619,16.027340119781808
6620,9.859718362754371
6621,14.638304797780108
6622,8.243616550264385
6623,15.263970349776557
6624,12.434272468901828
6625,15.85058349015804
6626,18.528552675139874
6627,12.512493145582539
6628,15.78537957583336
6629,13.164878160446051
6630,15.09212945919902
6631,19.997731353569655
6632,12.514090011186445
6633,15.595063770037118
6634,23.9219390344428
6635,20.642038138394547
6636,21.697297284238957
6637,16.005533500334664
6638,12.376703004378955
6639,17.71441366404276
6640,12.200024879563838
6641,17.853892379437433
6642,16.489282283751322
6643,15.952638080560547
6644,9.142020952685384
6645,20.250645298639874
6646,12.279999732506816
6647,10.314392277902275
6648,17.941955340798525
6649,16.54773708928885
6650,9.722246448252307
6651,18.379854670802622
6652,10.445341173610496
6653,17.28704766788315
6654,11.823982460521844
6655,12.11901963640087
6656,11.81317596626052
6657,18.33289856602456
6658,19.126475131867764
6659,18.033186091612578
6660,9.193659488723773
6661,12.317307009473364
6662,14.191737102155194
6663,11.701581760918288
6664,20.843566681049495
6665,12.090238113210084
6666,10.210400277318522
6667,16.8942934757872
6668,15.317987279054847
6669,10.241160937855021
6670,14.168093616271264
6671,14.045040444879083
6672,13.819711435189731
6673,16.59161536827176
6674,9.375114150480684
6675,17.80524431628777
6676,13.525920333689605
6677,20.401990560937172
6678,14.295291536528383
6679,20.08644916815469
6680,19.895059764218242
6681,18.270672924335553
6682,15.500390582696305
6683,17.831676877461618
6684,16.805389727305396
6685,18.26664102453565
6686,10.501343640015559
6687,13.247173313430473
6688,18.924249234041863
6689,12.958520590999365
6690,19.643748814253627
6691,16.332397123581764
6692,14.887206196818672
6693,15.794027638562767
6694,14.28448281277592
6695,9.947488700436605
6696,14.761563680344278
6697,14.781357575383161
6698,12.63881941807671
6699,18.601982030349422
6700,7.459714335892857
6701,20.355295926350397
6702,11.767471727143928
6703,19.70315717209352
6704,16.980195504316562
6705,16.57369051841104
6706,15.95467810491783
6707,16.94561966052695
6708,12.513200328673612
6709,19.492946842844923
6710,15.856399528864177
6711,15.672357097756834
6712,18.296873452377763
6713,18.63971484738729
6714,17.662850546728087
6715,15.02601131990641
6716,12.690952646963805
6717,13.79775023146266
6718,18.6634718563983
6719,19.43199126174328
6720,23.700350716844827
6721,21.775611716306074
6722,19.137269390573728
6723,19.17825465842415
6724,16.371929377473407
6725,17.27801717188687
6726,18.15060510524146
6727,19.844572220764086
6728,18.904641180189167
6729,20.822681095897543
6730,17.220242191458375
6731,20.534779487660394
6732,13.533284044916101
6733,17.375526019009634
6734,12.76537505154645
6735,14.852074823936153
6736,16.547369175742823
6737,21.63685015330474
6738,18.02547636097083
6739,14.847600016390405
6740,15.529046101668223
6741,20.968526468765326
6742,15.781029562342514
6743,16.4939393932467
6744,17.87917552540779
6745,19.515331539160254
6746,9.019906027664918
6747,19.361023438056733
6748,13.166540425948247
6749,12.844435406500647
6750,17.096541658818538
6751,17.010851888031226
6752,20.35962993611028
6753,13.549246983559666
6754,13.880555017996658
6755,17.139811440887545
6756,17.523358074167348
6757,18.486084496294716
6758,23.676047249939568
6759,19.073269613564992
6760,13.68392099813087
6761,14.1548358979409
6762,20.145376848639398
6763,23.197750490341306
6764,19.917452102652717
6765,22.92868508959848
6766,14.199813964316744
6767,13.553643358288115
6768,14.134540334038096
6769,15.507682310058597
6770,15.513723299708243
6771,12.981740619736854
6772,16.353799685873312
6773,10.377756456068465
6774,18.942063855587648
6775,21.52181017721135
6776,12.743008359084845
6777,9.894878014973383
6778,9.905458553813903
6779,21.962515451970347
6780,15.125382619418321
6781,14.630665160100406
6782,11.787723747405625
6783,14.022018408956326
6784,11.76724330537569
6785,16.0252121609029
6786,14.302248159733274
6787,15.548823084785276
6788,14.920010918261159
6789,14.287633407911603
6790,16.60792870072045
6791,17.306149091927935
6792,16.561843313196636
6793,10.840736549840967
6794,19.51217093321186
6795,15.494442692733948
6796,14.058315759694967
6797,19.327199567104355
6798,16.670575866178616
6799,17.83568853692055
6800,14.985907587586834
6801,12.274727051451178
6802,19.301699235100433
6803,11.248385058950454
6804,22.737936628206484
6805,11.527106727908318
6806,11.734887497673729
6807,20.35472616112808
6808,14.657069414489335
6809,20.789469929711537
6810,10.714514132694358
6811,19.54769012744071
6812,17.34248844396735
6813,22.27888512289795
6814,15.55139441606012
6815,15.523928619065202
6816,16.98291832705785
6817,17.4257548383239
6818,9.396525280413965
6819,13.233378001175844
6820,18.37302900810384
6821,9.822533693130314
6822,17.33455622628013
6823,14.161540452867904
6824,17.37389078671729
6825,19.243265657418064
6826,14.637274959255972
6827,21.056574914036165
6828,18.759642869013057
6829,10.462615351130832
6830,17.963601902844147
6831,17.749725381340113
6832,20.454286688812434
6833,13.082711870235164
6834,11.944639053502188
6835,21.40414079676498
6836,13.487063740591893
6837,21.134588749133226
6838,22.885617451300867
6839,19.365052732485363
6840,12.411039520444671
6841,13.098971285558207
6842,7.915556346944135
6843,12.81878322558719
6844,11.12628577898456
6845,13.060421391939766
6846,13.855057311099927
6847,22.819258972528097
6848,16.140709495112286
6849,12.885465241927019
6850,16.646769422806663
6851,20.390762387810696
6852,16.420881565170777
6853,12.321055272652242
6854,11.569115714123452
6855,13.663108787059258
6856,12.870980430160362
6857,14.399604422480541
6858,16.33367744675715
6859,18.4974055633354
6860,17.646761460120594
6861,14.695823690490768
6862,19.843537888128402
6863,15.187022407717903
6864,11.583812309877237
6865,15.40710433822773
6866,14.37477533506439
6867,19.439644711910077
6868,17.48963787409656
6869,16.785228984590933
6870,15.873862882757159
6871,11.878392055307444
6872,11.96533863671955
6873,12.108156042085774
6874,22.047475357168857
6875,17.922392968796746
6876,11.24297400899964
6877,14.574039629933216
6878,13.075914923275214
6879,16.143171364359425
6880,11.974148995293737
6881,15.60652703393643
6882,17.442712542459066
6883,13.596931434729516
6884,10.59909582002535
6885,14.779648559765572
6886,11.277128951314005
6887,20.62538496664966
6888,18.790127150296275
6889,21.91416032696018
6890,20.074751047131773
6891,18.374016451042294
6892,14.784923120582995
6893,13.952027298054665
6894,9.525913303838518
6895,16.569314660402743
6896,17.215571263816713
6897,18.29750657324331
6898,14.045907183409678
6899,11.952992438727193
6900,9.244621362429854
6901,18.97128614546496
6902,16.39025988154556
6903,12.077620518035534
6904,19.60910300400418
6905,16.95355063337081
6906,12.779242770116134
6907,18.80190268670845
6908,15.288758533491333
6909,16.589140157665184
6910,16.168871462634403
6911,10.31828369475022
6912,15.915783826445121
6913,16.495687588418498
6914,15.716239346140433
6915,16.858415571329452
6916,13.579147308725544
6917,12.591042821129712
6918,22.844692289450673
6919,15.886378944383964
6920,15.824576884598194
6921,12.526431820391682
6922,16.929482708023286
6923,17.638975162559582
6924,13.349949076576399
6925,17.495087249851586
6926,17.650091420322713
6927,16.968639005055724
6928,14.626948317373738
6929,16.672953122201005
6930,20.07678079796592
6931,11.37729607020733
6932,11.299713803656722
6933,16.057205356648755
6934,20.40119177744331
6935,21.23815290391895
6936,18.1667565646133
6937,17.603342082440424
6938,15.449787270354584
6939,13.282407541293399
6940,21.161929742502696
6941,17.217259259810056
6942,17.866588468606587
6943,14.617467732628075
6944,20.239244517099614
6945,18.698771464983906
6946,18.959693948415634
6947,14.703615264652885
6948,9.127112407526997
6949,18.142378892758856
6950,18.4410454662462
6951,14.281459410185125
6952,17.135688107093884
6953,18.41096934950459
6954,11.67152068858209
6955,17.423163288407782
6956,15.930881290111646
6957,16.757427989081158
6958,13.84155626350067
6959,15.552533373620147
6960,12.688935955947652
6961,19.810143972069696
6962,13.009070704530387
6963,14.540750730917466
6964,17.244792555552053
6965,17.551650371007927
6966,15.019346412077462
6967,13.480157204398875
6968,14.937265581015307
6969,13.93429338213637
6970,16.227641292164847
6971,16.0756485571421
6972,19.17978821935879
6973,12.956047917466776
6974,17.720427192202386
6975,17.963494990567657
6976,10.426314613196235
6977,13.876090726848899
6978,14.603765934776256
6979,10.354596749691371
6980,12.716809497729768
6981,19.438977100046046
6982,14.933521456333152
6983,12.071088420960528
6984,11.681879726902952
6985,15.758884856659611
6986,9.337235882626196
6987,20.50342536913937
6988,7.595626946711235
6989,10.760267354328928
6990,17.174427743799644
6991,11.845633485733817
6992,16.558168644440435
6993,22.60914172559356
6994,12.703174545136505
6995,19.85422552858335
6996,14.692839470235791
6997,17.03470000322706
6998,20.39199319490814
6999,13.139549898115012
7000,14.259635077286617
7001,17.182535797012957
7002,9.896314108223448
7003,11.045123632370203
7004,20.126167578178837
7005,13.693686380833867
7006,20.43892514974177
7007,14.647565820796146
7008,15.13004596361348
7009,22.272262123938866
7010,19.911268514690697
7011,13.528653964788283
7012,18.621048477994815
7013,22.634294168270422
7014,15.207361583542296
7015,14.512064222381378
7016,16.029042433419697
7017,17.983099112820057
7018,17.833102885031337
7019,15.672097826773012
7020,17.062014527407136
7021,16.292330558804426
7022,21.93722813138446
7023,17.024334441386426
7024,12.677213981001909
7025,17.415307497046648
7026,19.5004102211613
7027,12.330155960457887
7028,17.778708277731017
7029,17.889850565384002
7030,16.70469218571496
7031,14.988219561900742
7032,10.48214450585854
7033,16.590108833009083
7034,15.606998225708432
7035,17.51922516491044
7036,14.672078992114244
7037,10.473554065665692
7038,22.646146008377837
7039,15.82518148320085
7040,10.576871452359363
7041,22.489896932215
7042,14.633493908958911
7043,13.99934086848745
7044,18.523833297567435
7045,12.636261474984757
7046,14.874426155764812
7047,16.912859698149088
7048,15.584955112792697
7049,10.916769867318026
7050,11.845840364824735
7051,9.922114221000516
7052,13.797334266690514
7053,11.11270786796971
7054,15.127492358156488
7055,23.210218912151024
7056,20.678398732825283
7057,19.123308375658972
7058,12.677041227033179
7059,11.980359877819541
7060,16.699502246158268
7061,16.84624805191966
7062,12.186851885790965
7063,10.52614731357668
7064,15.870509021867056
7065,13.607150671408835
7066,12.950023964372221
7067,12.91165908578079
7068,16.866677490306387
7069,9.943509358267434
7070,19.820916881582082
7071,13.982563702235892
7072,13.097328754735901
7073,14.255495803885374
7074,10.066207582915176
7075,11.01798722914899
7076,10.058677145457889
7077,21.896969352790702
7078,19.509609254582404
7079,14.595771907643993
7080,17.54220377129512
7081,20.301127152548226
7082,21.957501763850956
7083,12.242265168232606
7084,11.953592233365054
7085,20.177962476106824
7086,21.501964973366924
7087,17.554368734601695
7088,18.107706355376543
7089,17.794344860875903
7090,17.024270606092152
7091,24.34559266239929
7092,17.339644161989668
7093,18.64550013055699
7094,7.874476483362907
7095,11.54234940167022
7096,17.996777380576724
7097,9.970695903362763
7098,15.909055281367504
7099,18.731954855480694
7100,15.925323725509855
7101,16.5705563213691
7102,18.581558378432526
7103,8.947552110989651
7104,14.078736293077206
7105,14.961273893573718
7106,24.64101529816196
7107,25.308779736686002
7108,6.546876903697524
7109,12.098851561500924
7110,8.346369899331787
7111,16.12512771350251
7112,20.978291094276805
7113,14.612313683966367
7114,13.959515364826622
7115,15.084141622572002
7116,11.24139859501587
7117,8.903882264370436
7118,19.23745751082962
7119,22.20004036485861
7120,10.587693339495683
7121,13.332646312437975
7122,14.75042207276801
7123,13.164396373496691
7124,15.755525204595983
7125,17.331866823648795
7126,20.273943182741306
7127,13.889965369778874
7128,12.267567371946342
7129,13.356811417654715
7130,19.49028733375834
7131,12.483623303166974
7132,15.874902308427426
7133,13.462038680857715
7134,9.61444254350825
7135,11.249417283427206
7136,13.276393884808616
7137,18.571386039399492
7138,14.187892538760472
7139,21.643901947164466
7140,19.98397125661981
7141,21.64937360472375
7142,12.404399188919532
7143,16.43346078134353
7144,19.064736038284956
7145,9.943506468959978
7146,13.14847499993508
7147,12.079843994258688
7148,14.212434788037793
7149,10.072900743383746
7150,8.542387381170446
7151,18.208778475646994
7152,17.587475533411364
7153,12.318090748886679
7154,21.444336546502754
7155,7.730896155101425
7156,18.509802680684537
7157,14.338006958709075
7158,20.121782579361295
7159,14.431617518001815
7160,11.937867200571695
7161,10.081063522637782
7162,12.561554003056584
7163,16.678914782086622
7164,16.178378841006865
7165,15.629536541413485
7166,13.869925328625516
7167,14.905623982477854
7168,12.461352120086833
7169,17.50534043654411
7170,22.77767076230346
7171,11.51389864059314
7172,17.179144327667867
7173,18.390948475306615
7174,12.169544632858683
7175,19.234336805469958
7176,16.296696919265777
7177,13.606490321746177
7178,13.489127789098216
7179,22.09925012228371
7180,11.589966016052497
7181,11.330292909269794
7182,18.90202504992829
7183,16.275177154532308
7184,13.047585950680897
7185,16.83924753641086
7186,16.950308516976982
7187,13.349975989751568
7188,10.858572882198985
7189,17.336371512445496
7190,13.059303896548366
7191,16.239493418053687
7192,19.543478886314663
7193,11.770038724337844
7194,10.855777206711071
7195,11.761440343666616
7196,14.404234594751225
7197,23.83649369516166
7198,11.35092719877197
7199,18.24348963078064
7200,19.881424985141354
7201,14.841775348762626
7202,16.15964024095165
7203,17.81424080455599
7204,11.90442879031031
7205,21.945654435502487
7206,12.890205553996584
7207,11.47781503558761
7208,10.770562043717092
7209,24.265820940755077
7210,14.768267249146216
7211,14.594812363210194
7212,19.41531828703898
7213,13.880860019498488
7214,10.18609969034842
7215,14.055507596534639
7216,18.14114505051755
7217,12.962468363178427
7218,16.038528946191906
7219,14.897270439731589
7220,20.31729427440214
7221,14.05137145866831
7222,11.439966224564728
7223,11.545455337835605
7224,8.924005042509988
7225,14.25911993452939
7226,16.359088931162038
7227,13.305642169996755
7228,10.222918313266963
7229,18.555027025779502
7230,17.125667412682606
7231,18.155831048441016
7232,17.80563109465725
7233,14.035576829278384
7234,13.101085820148862
7235,20.65531389686199
7236,14.640487838999974
7237,19.08345325820346
7238,13.77051521013593
7239,16.45951581024474
7240,16.31149837660464
7241,10.869819392538513
7242,12.380458067499518
7243,9.859373889276483
7244,15.059354047267936
7245,15.735759445559292
7246,12.451734728831608
7247,14.743739463557258
7248,16.589422955260986
7249,16.523065868503306
7250,13.55728667975612
7251,25.179962057447668
7252,16.056232537413027
7253,15.716683034124708
7254,17.86167075894499
7255,15.848963653324818
7256,18.59447119312138
7257,15.93486572023896
7258,17.018212119377843
7259,17.114937148786385
7260,20.86245730425886
7261,11.270803971185043
7262,14.53149333681456
7263,17.98012477417264
7264,11.064131889028184
7265,14.556593864603684
7266,17.421299650605548
7267,17.696785913845968
7268,12.642944472847045
7269,16.31159653104466
7270,13.137959234474572
7271,16.623821697209728
7272,12.407948757968875
7273,11.261609305285292
7274,14.337169108475472
7275,13.704764220957443
7276,16.71993680997867
7277,13.964601475107507
7278,17.899478587718022
7279,21.940275519935415
7280,15.169253419958508
7281,15.189629547331897
7282,12.260103972780437
7283,11.160654993397946
7284,15.307479445027305
7285,17.115335788928526
7286,11.784944314762871
7287,12.91761376204963
7288,17.112267688606067
7289,14.450644569408766
7290,17.030617154148658
7291,17.310430432229104
7292,17.68769431177686
7293,14.439685264957262
7294,16.870680132436426
7295,13.14375167727982
7296,17.184974806325705
7297,16.92063550090824
7298,14.210047476343329
7299,21.107069724969108
7300,14.76188644062249
7301,20.05502051275521
7302,22.060335272139852
7303,11.425438418123424
7304,15.855183915229501
7305,13.719533409047257
7306,14.441722119484716
7307,18.553666986955353
7308,12.949854534790438
7309,14.721697995903881
7310,15.664676830397473
7311,17.001070465318225
7312,17.065930393368326
7313,18.007935775064254
7314,15.269456156051115
7315,14.200684646079043
7316,16.82987708159293
7317,17.560696816079705
7318,17.958968391873334
7319,16.922141530023502
7320,16.15574271852119
7321,17.945509673359798
7322,11.289871030750838
7323,15.308045165013647
7324,18.380519223390337
7325,19.929827338485218
7326,18.565136994751825
7327,21.62652874407343
7328,13.528579619075732
7329,13.113167993133434
7330,14.535721516173254
7331,13.748249744930133
7332,14.68645402341917
7333,16.253897024387463
7334,12.617147073328683
7335,15.707399730923303
7336,16.701244891393944
7337,13.428161044838145
7338,14.582961594920706
7339,22.61311967896516
7340,15.963295094239143
7341,19.17418164933742
7342,14.475370838061036
7343,11.802696181377634
7344,19.89468646885102
7345,12.011749280739785
7346,18.84328155530155
7347,17.48864889378796
7348,23.500039044839525
7349,16.826937901884754
7350,14.352492499046884
7351,8.974953606688667
7352,15.066468099864197
7353,11.897300747365898
7354,15.672791317883966
7355,15.630982409334706
7356,17.111721549535865
7357,15.944325459263084
7358,14.587823920919188
7359,19.392966951583773
7360,9.866246113827277
7361,9.164569721549
7362,17.756842909909086
7363,19.10282095673155
7364,10.371525462983007
7365,12.890197212053891
7366,22.759563204512737
7367,18.925761882433196
7368,16.979354171369167
7369,14.956616597811777
7370,13.048528953445253
7371,15.592255078010648
7372,17.200346366790885
7373,11.267386107730186
7374,16.19654916803822
7375,10.253202360749075
7376,11.944021747567255
7377,16.106215804776934
7378,12.308331246704526
7379,17.309767178619442
7380,16.930630206954923
7381,14.69990721030498
7382,24.111229425027375
7383,17.88491367462583
7384,22.247072151948622
7385,17.600084139237335
7386,13.963934003626445
7387,16.03909283426268
7388,12.131504848262928
7389,14.80519112025365
7390,15.99447318730963
7391,21.655071629983734
7392,11.699146863704787
7393,17.214236579202588
7394,15.942524887550455
7395,19.737285383051205
7396,13.878522334796296
7397,17.161714806731112
7398,15.66501850756245
7399,13.65694981344281
7400,14.84167568437507
7401,13.610286393355418
7402,14.523865381580242
7403,26.136178952118016
7404,13.918294722195842
7405,12.063287567594285
7406,12.41459127511298
7407,8.433272446507445
7408,11.41540270741142
7409,13.944377415437188
7410,17.035703574274102
7411,15.343618605472471
7412,17.347163427214767
7413,16.0693083971242
7414,18.479386778006763
7415,10.623322890962875
7416,17.7149961204907
7417,14.449594986267856
7418,12.35433539240561
7419,18.26551794161248
7420,12.466513924635313
7421,9.869435842502064
7422,13.761439333868914
7423,13.186520881702439
7424,14.25027618070082
7425,22.224396219815898
7426,16.48872502866088
7427,19.26215214633732
7428,12.797381581818764
7429,14.47972537582157
7430,17.27714029863218
7431,18.233247967074597
7432,14.685470492396584
7433,20.55517188919476
7434,14.373530140103188
7435,15.382418423248874
7436,13.264568939290406
7437,17.24971916363615
7438,17.321821553945647
7439,14.885758441818929
7440,15.080594398813467
7441,14.494149445729818
7442,21.566089852599955
7443,19.79654136985034
7444,17.510505387890987
7445,10.605601669722105
7446,17.304173711689444
7447,12.757001144884004
7448,16.511405185313713
7449,14.38551201469512
7450,14.745703181138811
7451,16.71717668162692
7452,11.945439481544138
7453,9.56299091812792
7454,12.698809605068341
7455,16.502880821197405
7456,14.66042951075522
7457,18.694332600289528
7458,12.128439993321106
7459,21.756416148183227
7460,14.960021871113321
7461,14.314465666698936
7462,17.804624834936448
7463,10.63652892603691
7464,14.889841334386851
7465,12.178709575585675
7466,19.834502958140277
7467,18.104499177319422
7468,9.81670233646785
7469,15.449564501503952
7470,18.706211386496246
7471,21.844671063987
7472,10.744634115836739
7473,13.060960876663914
7474,24.20310786361636
7475,15.694080443266618
7476,11.633327493720333
7477,14.628479083179357
7478,12.712283079875263
7479,13.742309665059802
7480,13.16342630138865
7481,22.50701405946439
7482,16.52204027106317
7483,11.476444271875106
7484,11.855890825353958
7485,10.349004308470334
7486,16.43001908793681
7487,12.361681797205982
7488,14.543469611947387
7489,12.207162793939236
7490,12.735964945350755
7491,17.225156068642978
7492,11.906318979209349
7493,23.490070191906888
7494,17.482074849218925
7495,16.544989883525613
7496,14.552431001173865
7497,21.83126460173488
7498,15.294787210184602
7499,14.825226329498184
7500,18.237328946012447
7501,13.706572108016095
7502,13.240549645258426
7503,23.87401299775704
7504,8.837406773500856
7505,14.242082290186193
7506,12.677828117726255
7507,8.340769105325448
7508,22.048119814136477
7509,20.51739269990784
7510,13.232052482265756
7511,16.97680917426304
7512,17.349471937589655
7513,15.521713424936053
7514,17.613186249952324
7515,11.273772731404055
7516,16.15831821223312
7517,17.108007591816932
7518,13.450424015834274
7519,12.097880156700466
7520,13.001283352399962
7521,13.092501796024532
7522,9.099232638187727
7523,16.398021835611303
7524,12.32300643864527
7525,14.558211941475381
7526,16.633131339953337
7527,11.668361429634622
7528,10.797468717978784
7529,12.509929430141762
7530,12.92872100621747
7531,16.742462059291675
7532,16.855738958172516
7533,13.344093233008918
7534,10.453864646365435
7535,12.564839595479539
7536,10.607175206600015
7537,18.56090189021944
7538,13.715190871209277
7539,14.982685642772596
7540,12.688907381219922
7541,12.675625149425812
7542,16.959765821003984
7543,16.73533298784625
7544,14.911584218148326
7545,9.885867237075397
7546,12.096070034258467
7547,14.797210929538467
7548,16.708389780215505
7549,18.949516261754702
7550,21.947181718665732
7551,13.30073631340117
7552,11.83816469915024
7553,15.643417285549809
7554,14.255486994693342
7555,17.43600066205798
7556,12.007924479097108
7557,12.719395347666367
7558,14.807912889285788
7559,18.14381088460781
7560,13.111359032757035
7561,17.687511251702077
7562,19.25669671120235
7563,9.871425624684768
7564,15.684206604525615
7565,14.08968376611448
7566,14.443106530120188
7567,12.81808609993134
7568,11.397208375181819
7569,12.441376382994305
7570,16.959832880947587
7571,14.395799012632484
7572,13.079213364067877
7573,14.477082701730826
7574,10.586145646013037
7575,18.343536542248042
7576,21.368934981670023
7577,14.102040123831305
7578,19.09975158862038
7579,14.156629381529715
7580,17.49378266377116
7581,18.812395493418713
7582,16.964587513496614
7583,17.362015890821876
7584,17.4718241237699
7585,13.794614219322003
7586,13.025265081524722
7587,12.19516539446883
7588,17.75976653197942
7589,22.54456717742268
7590,12.30391795827572
7591,21.17543329879465
7592,19.57256558184899
7593,18.724829040853248
7594,10.546909233478129
7595,18.483171713924243
7596,19.733804216123907
7597,19.485403542890417
7598,11.690940711891148
7599,17.167098446568147
7600,10.497330968843098
7601,17.83707518407703
7602,15.243878435005477
7603,13.087795059000705
7604,15.142229531723453
7605,10.457342658862943
7606,14.393291754876408
7607,11.244740692049461
7608,14.676066264703032
7609,11.880515272773062
7610,12.428633781036224
7611,15.748185975366425
7612,19.939199112063015
7613,15.16478407278808
7614,25.294943900231168
7615,19.355395166147627
7616,14.21354913059167
7617,17.316629091214843
7618,13.021474928915474
7619,18.926474955287915
7620,14.734082767064418
7621,15.679056360999489
7622,12.79425933639062
7623,18.44611932472746
7624,14.323878141245842
7625,14.701028109194212
7626,15.269705734271161
7627,15.531645971909851
7628,10.736076775939353
7629,12.092407109290821
7630,20.68690073139446
7631,20.31622410186297
7632,16.76793039170751
7633,19.194990891680348
7634,18.101889063332607
7635,13.706819537589022
7636,14.45944117368158
7637,17.49442901445545
7638,15.161330043766716
7639,15.24669616612209
7640,16.197325691378943
7641,15.575332162387124
7642,16.689730387885923
7643,16.87157122046334
7644,10.888872539006869
7645,10.595842988329654
7646,6.448210891465076
7647,19.012576352564118
7648,11.827760142495535
7649,19.66989136655743
7650,20.804820199493697
7651,14.849285274635285
7652,17.26387390202396
7653,21.58273948837059
7654,9.948448527496355
7655,13.829527145763986
7656,13.540262240370847
7657,8.017413892627644
7658,25.149779007870812
7659,20.245009655341704
7660,19.76331779078857
7661,20.64419480882034
7662,16.913634948666655
7663,18.660307429356095
7664,14.934923162038327
7665,19.14955080070005
7666,22.71092611023539
7667,22.109694763805592
7668,15.414660868802855
7669,10.823861470186465
7670,14.095146271809119
7671,18.966338824314562
7672,13.201944640336919
7673,12.633634501669846
7674,12.902967954081042
7675,10.813281419811144
7676,11.823568800163457
7677,19.050021807067264
7678,11.628673875966165
7679,14.749948361240765
7680,15.428747660865419
7681,16.289148605434193
7682,16.583689389371948
7683,13.500180601106575
7684,19.661289217144645
7685,15.546496367532276
7686,13.242773148423769
7687,18.477165845113156
7688,19.970400721539523
7689,15.71786840343744
7690,22.784930442189896
7691,14.922556191833465
7692,13.251273712895632
7693,16.891276122794892
7694,19.855290274512797
7695,15.644944873017664
7696,9.283051403219314
7697,16.028964613715754
7698,14.602350766064752
7699,19.857968792870842
7700,16.602053682470647
7701,14.347273097394721
7702,16.560510025439378
7703,17.469151121775642
7704,15.328584147167417
7705,16.120005524330683
7706,14.51323866722678
7707,11.974964506277763
7708,14.296916473416212
7709,17.468061892565846
7710,20.77186842783285
7711,17.84063155642468
7712,14.152528214788891
7713,13.326464373136368
7714,11.764072464724066
7715,9.42230359394564
7716,11.61889721540016
7717,13.404453084936065
7718,15.584575954024428
7719,15.775310473315283
7720,15.786280919216903
7721,15.965399503112431
7722,17.52891736709752
7723,17.647117392735144
7724,12.910167763866086
7725,17.589026698190324
7726,17.080736116611803
7727,13.461901200867803
7728,14.4741317336177
7729,17.33596171683602
7730,16.171885805580143
7731,16.817050053992922
7732,24.437846284959114
7733,15.400176424909443
7734,16.57187931116673
7735,10.438179604286525
7736,20.27254944180104
7737,20.027249265542455
7738,11.666795742624249
7739,17.34592790429958
7740,17.875924106431512
7741,15.082649196544331
7742,17.23119931370539
7743,15.978188550838972
7744,11.844812743305795
7745,15.105881740024142
7746,14.484379143819465
7747,15.832455712158302
7748,19.408209893081867
7749,8.984087986841235
7750,15.981210140510608
7751,9.793802069534154
7752,23.211330773759755
7753,16.432436405534926
7754,14.67663940089299
7755,19.350146259118247
7756,10.738877950757502
7757,14.224899485133683
7758,12.230916102658176
7759,19.372125800016136
7760,24.088268187301942
7761,13.35065180117088
7762,12.953168602083755
7763,15.513678400545503
7764,18.669252570217708
7765,11.0305558756148
7766,15.080410533298451
7767,12.229934936100795
7768,16.401515749343776
7769,22.366146726564114
7770,13.10662029513932
7771,19.55005096100319
7772,14.24274242640533
7773,8.576587401729936
7774,12.019614110921594
7775,18.777967213982322
7776,16.72996705316758
7777,14.444410271950893
7778,17.01664776200518
7779,9.52883362143928
7780,13.03504616217157
7781,16.859405952567997
7782,14.221277009262018
7783,11.744799283700843
7784,11.92280786653259
7785,22.987134452747263
7786,17.185213141415765
7787,15.272674701725567
7788,13.29421350135108
7789,19.069069246443203
7790,19.829184039088254
7791,7.9517946316214125
7792,21.387711285016803
7793,14.219002032818393
7794,21.74522928275057
7795,12.17624923326283
7796,13.464334229480826
7797,12.617257425795012
7798,19.994914856036832
7799,20.491008173542948
7800,13.843949364824395
7801,16.82199376915293
7802,15.30243499028566
7803,15.75103116206244
7804,18.09829971269189
7805,15.183531260016888
7806,16.262833636370868
7807,14.084314969907137
7808,20.98510495489188
7809,17.585784740340102
7810,15.416213227830742
7811,20.557444907500845
7812,19.42102475662085
7813,12.619111495524834
7814,8.257505809785172
7815,17.071364512996396
7816,18.035349209396202
7817,12.82293299202624
7818,15.882347899704301
7819,18.377699954235162
7820,15.52033378720134
7821,11.50531111281964
7822,20.614071174001324
7823,18.64708462514669
7824,15.156197369490727
7825,12.020738185363758
7826,12.843681923572898
7827,16.296638774577715
7828,18.625770187313993
7829,20.11479830353597
7830,15.545760316401163
7831,9.998251895780687
7832,15.116511214803392
7833,10.895255220869878
7834,19.8249989515983
7835,20.199317471891586
7836,15.172689325621768
7837,22.277848552894433
7838,14.863243919142487
7839,15.801716256421578
7840,19.537168891010673
7841,15.206517169306272
7842,17.318964901785286
7843,11.384943147170837
7844,11.89416650852425
7845,17.62641641170346
7846,15.022584676730403
7847,17.215969569584175
7848,12.39094453136885
7849,18.253670854687613
7850,14.000333676544766
7851,16.093907062373162
7852,18.77829928316102
7853,21.87623388499616
7854,8.768144900726625
7855,20.869864888919444
7856,15.096080577884292
7857,11.936439875663034
7858,17.290892341604504
7859,14.131816069137273
7860,17.151939745395815
7861,17.566671608496467
7862,14.465394454720117
7863,16.317873667635794
7864,19.098858892635945
7865,16.74317743138723
7866,21.530167788253742
7867,16.090854854967667
7868,14.109263740125034
7869,17.708016554434952
7870,13.967723157901009
7871,16.16528148878681
7872,25.61989045620245
7873,16.4332718292319
7874,12.6905152137522
7875,17.240159186684785
7876,23.015973201122513
7877,13.412853237859162
7878,16.54131604773177
7879,11.619310945683393
7880,13.221583281305467
7881,12.747281241859197
7882,13.048357676697949
7883,22.688699599378836
7884,17.129911698066397
7885,17.399414475059622
7886,15.126211825786338
7887,16.858174086891403
7888,16.728459586236117
7889,13.963225553028547
7890,15.379011950480045
7891,22.903452137606052
7892,15.102928427097044
7893,12.99543388103508
7894,12.478185153344004
7895,12.21263793229371
7896,15.975348853539643
7897,16.629113974548634
7898,13.336683776205927
7899,14.461860861624372
7900,11.296840998020253
7901,16.1570859863217
7902,12.065163892284396
7903,13.756558515802439
7904,14.489754180159792
7905,15.639606210634518
7906,10.82283505316913
7907,12.086139710479358
7908,19.511617976788063
7909,10.646257951888693
7910,13.624191215915653
7911,19.88657096369097
7912,8.791443590722903
7913,17.560529524203123
7914,11.614862108910181
7915,17.13827926864071
7916,21.07505098272216
7917,17.083435461290023
7918,17.89160582999603
7919,12.07390440189987
7920,17.547375447677773
7921,16.05159068607535
7922,14.133026773179076
7923,11.810500058680809
7924,23.469999181627408
7925,14.714751839621293
7926,8.967699407211184
7927,14.436694177676161
7928,15.224052430020794
7929,15.350436995277915
7930,16.268569884370585
7931,12.408077391026447
7932,17.123851122661584
7933,15.19656308527862
7934,18.214636419048283
7935,16.075814986529565
7936,8.933651417726114
7937,10.452564725879842
7938,17.34696842482489
7939,17.312270556828047
7940,14.891036270356032
7941,15.371125267681641
7942,21.351141810631802
7943,16.1880013934387
7944,15.346219808481443
7945,17.905165670195483
7946,14.707830403421454
7947,18.51848760012352
7948,12.224603853485938
7949,15.773639145735654
7950,12.741654742643469
7951,15.489787360458973
7952,15.601562906830033
7953,14.570164118001127
7954,18.498165972855624
7955,14.74842963221387
7956,15.848445111337409
7957,16.27717353403403
7958,18.692916396348842
7959,18.661555992650445
7960,16.877749261296906
7961,12.05690384390184
7962,19.97561411911122
7963,18.27414739540933
7964,14.433520045052104
7965,15.462658376308541
7966,20.899620062193073
7967,21.879812554897818
7968,14.16681908310948
7969,18.37276016558382
7970,14.20990393785242
7971,13.40457202224816
7972,13.714312778601691
7973,25.246603419993388
7974,19.52612058948181
7975,11.838886841377931
7976,17.77174029498103
7977,9.138755825818176
7978,23.106097542362484
7979,15.873183019219306
7980,20.65720417365654
7981,19.034246738658176
7982,21.29541649493334
7983,16.201563896858143
7984,11.609006406308277
7985,12.781908514593763
7986,13.49808308801118
7987,20.907226365486935
7988,20.273040026061057
7989,24.919884223528236
7990,16.131021564214684
7991,18.185182720759684
7992,8.643212415616558
7993,11.173891414350498
7994,12.824662203961644
7995,16.362287627348234
7996,20.3313873223465
7997,13.868649522215874
7998,14.294896701857791
7999,25.469751887663783
8000,11.737182816334748
8001,14.118857713324479
8002,18.028720299145647
8003,8.46634574865487
8004,17.928077631421843
8005,16.74270286243066
8006,15.13005854623006
8007,14.25722038138241
8008,17.796907538430546
8009,18.930382096561612
8010,16.927229010466284
8011,11.817997524802273
8012,14.032507429414046
8013,10.378971071923104
8014,9.021787009029099
8015,17.41599869845745
8016,18.071781825317167
8017,14.138044034707065
8018,15.967312758144988
8019,11.147176364740728
8020,20.884488701347543
8021,15.68950163194707
8022,14.48924668740776
8023,13.205326079857706
8024,16.57062747748906
8025,10.195631555932104
8026,16.431905217980955
8027,15.092289394738934
8028,17.33135450793273
8029,12.689117119295727
8030,19.694227292249106
8031,21.54502137599828
8032,20.28715783236939
8033,12.188230608885549
8034,10.988848230313657
8035,18.436933038617
8036,15.273855107548282
8037,16.018017133765902
8038,13.845637797796586
8039,13.144250715629108
8040,12.350970638347953
8041,9.233723492303543
8042,14.181879040916051
8043,16.78322572303504
8044,14.635679161326138
8045,15.461841217197067
8046,9.323994631683934
8047,13.728384779570908
8048,13.678952400580151
8049,20.32631869652907
8050,11.480070036838692
8051,19.86102907007985
8052,10.919460513201141
8053,23.349186446145623
8054,13.3798652496701
8055,10.505386662842477
8056,15.560554608307115
8057,10.51671071393229
8058,16.568890106650343
8059,25.408246391550897
8060,14.898561735918488
8061,14.004399771294239
8062,12.112287923277808
8063,18.849413371363088
8064,9.03522956072068
8065,15.369631821427408
8066,20.329289092821405
8067,13.209860665616304
8068,17.412986354658106
8069,17.04453226405944
8070,17.4968330410367
8071,17.775816418189983
8072,12.054482630389252
8073,17.694336203722308
8074,11.715922366569774
8075,13.453097893502235
8076,12.463536273970591
8077,18.213392339133133
8078,16.524217678043236
8079,25.241526602621185
8080,16.104808023029452
8081,14.853556534646165
8082,15.482861342098293
8083,18.567176363721188
8084,14.721951652986531
8085,15.85044367061121
8086,19.03564334554856
8087,9.294899572643788
8088,14.876512887350852
8089,11.576960821257853
8090,14.958346776571553
8091,15.568559692058503
8092,14.059952654659865
8093,17.612469547693593
8094,15.871267855539264
8095,14.70355796472625
8096,14.46452994582988
8097,14.453935156107464
8098,16.118309969323363
8099,16.169291481791905
8100,13.130373635286876
8101,20.2722863998449
8102,14.658657058705094
8103,23.947104906772093
8104,14.753297720756914
8105,11.798128884870597
8106,12.072784672911343
8107,16.12377261232571
8108,16.06389583639134
8109,14.190472641047009
8110,16.45611253653659
8111,18.671141330536937
8112,13.653509680578644
8113,13.86992173325643
8114,16.45868150475803
8115,13.92046682944158
8116,19.504600265880427
8117,14.560126331653697
8118,14.755603947311203
8119,21.185763584674124
8120,20.069945824359188
8121,14.241256741776768
8122,18.243017931686676
8123,15.078606484944011
8124,20.539991647059573
8125,13.379768503714068
8126,9.9664729921578
8127,13.771219303959388
8128,13.616127567788372
8129,14.395837056580294
8130,19.85107593691055
8131,16.82978146957
8132,11.435230024218994
8133,21.99621395448848
8134,18.244011975676713
8135,16.941815591609164
8136,12.5920099121312
8137,19.45275135798899
8138,16.517927010238772
8139,18.041859186695483
8140,12.258714056780288
8141,14.474860080999797
8142,16.347022560790016
8143,10.083416530178967
8144,14.1966907159881
8145,19.00864995917371
8146,11.671371193676391
8147,15.94130412785522
8148,17.51478590716013
8149,11.69072114248553
8150,18.817592175115195
8151,17.827789569796543
8152,14.185045404043787
8153,18.335560218977726
8154,18.605171262034702
8155,16.03491730940235
8156,13.5615509345821
8157,21.003702880490415
8158,12.604381257719918
8159,12.279930068839194
8160,9.81558737783493
8161,15.755053552643105
8162,17.857286739666126
8163,15.535465870239143
8164,11.178799453312656
8165,10.79524877580878
8166,11.925860630747493
8167,11.794045727989268
8168,18.399430451252805
8169,15.307970427421553
8170,15.742766363767464
8171,11.250933295506886
8172,19.185271131482764
8173,13.398857391830761
8174,14.92941869360736
8175,17.750592966744794
8176,8.221135670203152
8177,8.651593789375335
8178,12.43372156517481
8179,18.0014472468754
8180,9.60807039027355
8181,17.522815345262437
8182,15.212928431368871
8183,16.422661105711526
8184,18.431950150165754
8185,11.253660307804578
8186,15.019703506180543
8187,16.547322380213195
8188,16.77161400092204
8189,13.726046606174442
8190,25.738935906303688
8191,13.141945750803941
8192,17.616565442564344
8193,12.132341812911312
8194,15.5620161985551
8195,16.03005176738738
8196,8.269585467026785
8197,18.90396592669592
8198,16.4197762898034
8199,18.591633858709216
8200,23.51688424125249
8201,13.305467996578798
8202,13.71036217368408
8203,15.406704450438703
8204,17.7834092267291
8205,20.126217264866305
8206,11.549426097109372
8207,12.900906971032924
8208,11.754897442244479
8209,14.076692325605933
8210,21.328710589464116
8211,18.35168629088111
8212,20.43211239802686
8213,13.737743315242717
8214,15.760121527211272
8215,17.003641070345086
8216,17.462924135151226
8217,15.537390329327494
8218,8.384162005316412
8219,16.544987587283956
8220,20.192650292012875
8221,14.300013512166728
8222,15.288344827621643
8223,15.748195636439549
8224,21.544070005944278
8225,19.31859974204254
8226,16.35558850246511
8227,11.08219573839783
8228,10.20750662101212
8229,17.46532249433301
8230,18.11540630861408
8231,21.168847371279128
8232,12.951159380014854
8233,17.25399929078431
8234,22.408576785552068
8235,13.38174077703184
8236,12.243229574653204
8237,17.495321747183922
8238,15.05974347223834
8239,22.488799518235513
8240,14.537874027979615
8241,14.861686305508451
8242,17.459162026957582
8243,18.52551968787687
8244,8.523106696717468
8245,16.76949154742521
8246,17.121026181997493
8247,17.501128056651442
8248,7.935580453248751
8249,15.51688882522739
8250,18.173370250132205
8251,15.423436790280064
8252,16.73690855216079
8253,12.362553975264458
8254,15.370161643576782
8255,20.568892695953302
8256,15.812278432165797
8257,16.213758380427475
8258,16.23809547106135
8259,7.095477694385186
8260,20.671674979030584
8261,11.07967538200722
8262,20.848587208077774
8263,18.991446940038777
8264,16.17183728139481
8265,21.902744551137474
8266,17.784785132209656
8267,20.683469967132496
8268,13.901681109855879
8269,11.210062370393427
8270,18.954846979926895
8271,24.81284694364026
8272,16.7789225682229
8273,11.060642585771243
8274,17.789915845863526
8275,10.612467278074995
8276,12.160280680614733
8277,13.051199318693676
8278,16.82602845225965
8279,17.545225140436457
8280,17.372496223292107
8281,14.759774711517647
8282,14.35920613640703
8283,12.580669331483175
8284,15.422352927297528
8285,21.97945942236293
8286,12.042429270491926
8287,12.609087139159822
8288,19.20726705382853
8289,21.35822725358559
8290,16.787581521662503
8291,15.23459925318609
8292,13.3852029408584
8293,18.62556255014378
8294,17.696979258889655
8295,14.642463731803637
8296,18.810676448451172
8297,18.863719719288152
8298,15.009113265606194
8299,16.315999120691316
8300,15.96532286873833
8301,15.2348850717331
8302,10.794223625388103
8303,19.056415374747395
8304,19.527084591061346
8305,12.788082472192231
8306,15.610558759003437
8307,16.534634685929912
8308,17.381389156581264
8309,17.102010598648484
8310,15.659676730326591
8311,11.442799230277588
8312,11.765220904004254
8313,13.691307129648505
8314,16.021852955571067
8315,20.320143243782866
8316,18.6051260595755
8317,16.764255453751492
8318,18.179323504870617
8319,18.958302545006443
8320,17.398096861307653
8321,17.405271811758894
8322,17.266538137103943
8323,15.982497572172628
8324,17.4132101264822
8325,18.095972793466522
8326,22.612416584095975
8327,17.146723818228196
8328,18.65118979849973
8329,14.225335967555754
8330,15.785671978107395
8331,17.15216800789675
8332,17.659223272550708
8333,15.08862014686659
8334,15.960277285647896
8335,16.93648054415625
8336,13.666879134394957
8337,11.31553236534363
8338,16.9262630956672
8339,9.13134359784577
8340,14.13999909245316
8341,20.985468906433447
8342,18.806554091592446
8343,12.44730334695965
8344,18.409815616633058
8345,12.691800914788724
8346,13.562182548101944
8347,11.872980414136283
8348,21.368867307231184
8349,13.856196914824425
8350,13.466182769734637
8351,18.59208929008176
8352,13.489016607134662
8353,18.879567972269346
8354,15.53983973031234
8355,17.180037203020383
8356,16.89212657506542
8357,23.594600718445122
8358,14.254159224090323
8359,18.91247941049751
8360,14.872058617805923
8361,15.381249190503626
8362,13.56032543928617
8363,20.293379967770033
8364,19.624745373789928
8365,12.733098771480076
8366,13.073358588423128
8367,19.48013380050116
8368,17.682045552710502
8369,22.677378080506514
8370,13.528577472058132
8371,17.746051949898508
8372,13.840559333487889
8373,18.95412239146973
8374,21.327349872682618
8375,15.76311145001928
8376,18.96192302464084
8377,10.348356844396276
8378,22.84429000183904
8379,16.519109194845484
8380,12.30256083353457
8381,15.260766287983978
8382,13.716143216107103
8383,20.749971911258076
8384,15.057004919579631
8385,17.730661636089472
8386,10.09206759439568
8387,19.213823366236724
8388,20.702952452535808
8389,10.302369221846718
8390,15.918185312291227
8391,14.591622154874965
8392,14.865955232115212
8393,16.253168671940614
8394,14.583739897922422
8395,10.581736095273415
8396,12.891354581215678
8397,15.805122224169848
8398,17.879636349864377
8399,18.16732740086642
8400,11.44091358007939
8401,16.164643687466857
8402,14.86549526145015
8403,16.495030980881165
8404,16.66131616019416
8405,17.219853213872934
8406,14.812231188517902
8407,13.38754796007754
8408,16.874948604420645
8409,15.42229386347478
8410,14.938211622206257
8411,16.400813948396458
8412,16.548329278349165
8413,5.8497244558044725
8414,14.649517689864824
8415,18.86475191972491
8416,12.292911380919964
8417,15.629258251334125
8418,19.125983518967
8419,11.698087378564235
8420,15.425518805809443
8421,9.11586899759223
8422,14.282290181836784
8423,21.668238597955167
8424,7.09519095554916
8425,13.971907169130374
8426,12.641159279542881
8427,12.060846081420262
8428,12.85214308172664
8429,15.038404067799945
8430,21.77951957879889
8431,13.720816596370316
8432,13.57747050495668
8433,13.206019921696372
8434,10.287645482321714
8435,21.592448467098954
8436,16.164969806763217
8437,14.416197936714399
8438,13.741712430116225
8439,19.735591754342224
8440,14.361281859018199
8441,15.897351910632294
8442,11.860363859661746
8443,13.80779209256406
8444,21.36474168323605
8445,15.57539617143181
8446,9.950539177343547
8447,22.152609326127937
8448,19.399736783723235
8449,14.196688033396468
8450,18.04352484073616
8451,14.67146947975307
8452,15.50365857123083
8453,12.750190994654595
8454,17.863686225401985
8455,11.770058468546008
8456,20.920030204668194
8457,15.3543827560907
8458,20.759898083669952
8459,15.745879585202253
8460,13.56717949595885
8461,14.074067530532627
8462,8.491395924697194
8463,9.652150162604055
8464,18.42287546168604
8465,13.947954717587693
8466,10.779321970850262
8467,14.92198723793639
8468,18.8901961483742
8469,13.717839094202978
8470,19.052084667744545
8471,11.661159099839661
8472,9.8659532066779
8473,16.273841172523195
8474,18.18897450975704
8475,15.363057909303079
8476,16.875020936455726
8477,15.622331054635879
8478,19.31721475817551
8479,13.794124088480775
8480,14.761220651272545
8481,19.718818903744022
8482,12.284583729305734
8483,11.882799519104871
8484,11.296327414108148
8485,16.259632032935162
8486,17.477055408244986
8487,15.315384114469087
8488,18.29735404183719
8489,12.590005133986523
8490,18.356835956780742
8491,12.892494719123649
8492,14.53774836225468
8493,22.223175160085578
8494,19.56218192280783
8495,21.12417566499803
8496,23.765584045984966
8497,15.797061655388607
8498,22.17600053924498
8499,6.4837361708294035
8500,12.6354225201656
8501,18.58959364842383
8502,17.64713945268148
8503,15.946460278895028
8504,15.240788152022956
8505,9.058233736232108
8506,13.912573940008032
8507,17.72270555908935
8508,12.67657355959545
8509,16.130668825671133
8510,15.774497669261226
8511,13.693565244136757
8512,17.90627404906782
8513,14.320566023049393
8514,13.830972858807588
8515,21.301456270321893
8516,10.97755236225377
8517,19.433411436186404
8518,21.740213553843752
8519,15.426431596973813
8520,18.535232874583052
8521,14.102203842165117
8522,21.869428577521457
8523,13.802568652891008
8524,19.498031203289727
8525,19.501674460850847
8526,12.888209454436586
8527,14.055074755051397
8528,12.887106245466736
8529,15.410686377268005
8530,18.447661003572065
8531,12.101831812442725
8532,13.070526001098358
8533,16.26059908147145
8534,15.502784240740764
8535,12.222915422133815
8536,11.78398389281972
8537,16.229299406494082
8538,16.73910419877077
8539,17.330676407350687
8540,16.965200223326427
8541,12.630412746371682
8542,13.067495579430533
8543,16.757484334686204
8544,9.984863510816716
8545,12.836201232544102
8546,10.515317679494984
8547,18.702040699585503
8548,16.891784729957397
8549,17.83197711513657
8550,14.881855167610581
8551,18.225416766645758
8552,12.230283063314577
8553,13.014943012721734
8554,16.3906314811294
8555,19.833275685227274
8556,13.217440165479438
8557,19.108950180011448
8558,16.34840265482693
8559,17.187870136521497
8560,11.721950840314852
8561,17.54826145790106
8562,10.424572377696705
8563,9.838787756415629
8564,15.48942066078706
8565,17.454992911300792
8566,9.948162381428315
8567,18.713358488312103
8568,22.411725197200703
8569,12.488619588790701
8570,17.406903135810893
8571,13.779682138400887
8572,12.126288486302986
8573,10.265526424889817
8574,23.740026053640296
8575,23.81972454710055
8576,16.02971560107496
8577,20.426571596239015
8578,9.707419741150215
8579,12.536572210598354
8580,14.545198924187687
8581,13.553920788518601
8582,22.72611534494703
8583,20.43312662276906
8584,14.640048216583782
8585,13.3455820540869
8586,14.876078868118029
8587,17.202424867953056
8588,9.28473545687207
8589,11.814423201299629
8590,10.557292350415194
8591,9.650835119234987
8592,10.880162398330196
8593,14.668986466610697
8594,17.00231872620094
8595,15.380058456520137
8596,17.573826996805018
8597,21.04834740392961
8598,15.1887825328931
8599,13.911741875466761
8600,23.296482386505886
8601,12.71903029764183
8602,13.171272038620067
8603,14.366885547952394
8604,13.960439728488366
8605,18.971987765055736
8606,10.57240130676938
8607,11.64299131647811
8608,15.090560622998908
8609,15.931182771218301
8610,17.53774340926143
8611,16.263997175877034
8612,11.491061217552582
8613,11.25455460862375
8614,17.714548191412554
8615,14.261405821716941
8616,11.170973677926284
8617,16.944496746458306
8618,19.568757721270043
8619,12.242259009005444
8620,11.272643851271141
8621,17.559430495702674
8622,15.699052609001372
8623,17.621360576584436
8624,20.235488658878396
8625,14.447314669310725
8626,7.568816485548818
8627,17.235955045557063
8628,12.596435599205783
8629,18.01111329769776
8630,23.477954096759348
8631,23.96417057661005
8632,13.82188242801041
8633,21.4488366620414
8634,14.551862229237662
8635,21.78643768349451
8636,15.333655818288797
8637,19.754340765360837
8638,17.10120232125743
8639,11.421998158266074
8640,12.064736024075762
8641,19.301209519854133
8642,13.859630755040168
8643,20.236639045813554
8644,20.340500500771682
8645,15.764612363575045
8646,14.882768596186784
8647,14.030319270561641
8648,15.281047542402842
8649,24.639982641536438
8650,17.81512287213712
8651,10.007432337792693
8652,13.619084690806764
8653,10.236632990180041
8654,18.25445112432112
8655,18.958987139665144
8656,11.25765264863766
8657,20.5205295593856
8658,10.758067598862903
8659,13.16179431302876
8660,18.615835100637227
8661,20.002578012214013
8662,15.195083531863634
8663,21.758845470825364
8664,16.68333711575898
8665,14.749556799268541
8666,15.158591540508272
8667,15.261952979898577
8668,21.28861034455219
8669,18.27186945594555
8670,18.761810442842723
8671,11.0904896763833
8672,18.6130342938093
8673,11.720908869237338
8674,19.44975120516925
8675,19.413288148755633
8676,14.458274976254234
8677,8.14737109315347
8678,18.909838349940152
8679,19.32665543159382
8680,13.81060211110628
8681,18.937613763507926
8682,21.352672002556933
8683,15.763476058088894
8684,17.981377819060285
8685,19.047850639857238
8686,19.345324612009065
8687,10.653572515754743
8688,17.195813058781333
8689,17.97139603083491
8690,20.27647879414498
8691,16.569281268171167
8692,14.46319927911118
8693,14.854618278593495
8694,24.827780323722976
8695,11.176315964316112
8696,16.14352841398155
8697,17.999185901057725
8698,17.78899224610327
8699,11.051154999822872
8700,18.074982054251773
8701,19.20707189885665
8702,14.20273158972596
8703,14.187090586362842
8704,19.6164460649361
8705,15.48771815871513
8706,17.70511702593351
8707,13.253879943021925
8708,17.30658951118249
8709,12.119196236449618
8710,19.804766367063024
8711,12.909837611410465
8712,16.527759405447746
8713,12.921713644002029
8714,17.01807626810337
8715,13.306866872083972
8716,16.561825782593022
8717,16.131204083136964
8718,18.704185782335365
8719,21.068277412582283
8720,14.43095702771576
8721,11.117593028042663
8722,13.938253329015106
8723,12.964177976940158
8724,12.380805168536188
8725,16.221983479935833
8726,17.817540520189013
8727,10.97432264716314
8728,15.935412296071929
8729,14.180038043393946
8730,19.113449407825918
8731,10.28686155308296
8732,11.918144970762606
8733,18.862889998330395
8734,16.80116657305919
8735,13.211232684082542
8736,20.382876223512373
8737,12.649847211864408
8738,11.762457011919004
8739,15.647701398513984
8740,19.425302632220436
8741,16.127345433686198
8742,17.614394304302664
8743,13.332937663702024
8744,22.265059256149694
8745,25.520382871135283
8746,14.004358878874841
8747,12.739814603689442
8748,14.722533389673316
8749,12.305282464388606
8750,13.35694140380064
8751,10.434295987708111
8752,13.86087343767012
8753,11.367767447877762
8754,15.166704576161937
8755,9.579386854129691
8756,17.471750278786658
8757,17.32307652284677
8758,12.672623417967905
8759,21.4736749542948
8760,13.084036862212042
8761,13.780806484407034
8762,14.620965513057765
8763,9.765973420132047
8764,11.237219057511362
8765,10.821422988811246
8766,10.811124990679247
8767,15.208277478792349
8768,16.650593305083255
8769,13.881212726515368
8770,15.90068286179498
8771,12.618432056802838
8772,20.185921612730596
8773,24.20772087280795
8774,18.958819014418857
8775,12.002486711862927
8776,12.052430194031356
8777,8.384000141807594
8778,16.16651848347076
8779,11.215417080017739
8780,12.55918706214587
8781,19.219687645689188
8782,22.363209613255123
8783,20.670093969550354
8784,23.21743166629357
8785,10.425309412828387
8786,15.196785436226678
8787,24.766992053590243
8788,13.587952360605975
8789,12.055243005187545
8790,14.44046556614512
8791,17.751839600120206
8792,17.48563539367229
8793,13.191148074119344
8794,13.458036583197277
8795,17.09958938162345
8796,10.041871794799977
8797,23.7153320089484
8798,20.19586972666284
8799,15.67834068457461
8800,11.537552276789263
8801,19.119571097698916
8802,7.65206391280319
8803,14.664063572372669
8804,17.330395962036988
8805,20.53904872942927
8806,13.083946780185247
8807,14.573227182035867
8808,11.08381812037885
8809,15.412574076276258
8810,14.558588181343573
8811,14.286463715509583
8812,15.912818728852182
8813,14.210357621007837
8814,16.50802773762743
8815,19.629289569568375
8816,17.695876541416627
8817,14.02658531702822
8818,13.425491572832174
8819,18.942194262672775
8820,8.096159052234986
8821,15.469844477743356
8822,10.554245043654193
8823,17.213702603410088
8824,19.374084600501163
8825,21.049330372323908
8826,23.172639712783702
8827,18.933354724975512
8828,15.971715532330345
8829,10.16959979149455
8830,18.40564097147717
8831,11.070170584009139
8832,16.850500711154204
8833,19.227542539030722
8834,15.252715956821728
8835,16.37515117043516
8836,8.596805424814107
8837,14.174208624810554
8838,16.40824160871692
8839,19.296574481501732
8840,17.950672462001137
8841,17.659947040990836
8842,16.16130163039799
8843,19.697584526398963
8844,15.666936156378938
8845,16.923511466038708
8846,18.774490352993347
8847,16.34409776101407
8848,19.875553265817366
8849,17.353971657609772
8850,16.66573821986968
8851,13.496553574895753
8852,15.247858022988673
8853,15.918878449373523
8854,10.988543124805464
8855,8.235387993719613
8856,21.529561790993483
8857,22.85990863448928
8858,12.693839760397756
8859,15.620951743576976
8860,24.106206792642745
8861,16.242400443038512
8862,15.619999091981214
8863,14.907564642129465
8864,21.406728595801262
8865,12.891009250825064
8866,19.105129298888087
8867,14.969410014238996
8868,18.603821347168257
8869,21.025327548153392
8870,18.946517839060625
8871,10.263986066639326
8872,12.456199296308476
8873,12.732222361011658
8874,10.843003975957497
8875,16.667225329701488
8876,16.214812815055936
8877,16.585300789457833
8878,8.621866306072931
8879,13.003683412509314
8880,16.707801852654356
8881,15.214007365839358
8882,11.864919997669254
8883,15.074287431388504
8884,10.591652173984333
8885,15.202113527576238
8886,15.49191906683564
8887,13.854683027851982
8888,18.552513707579486
8889,13.191578262111793
8890,22.7298153972052
8891,16.276604285395525
8892,19.581001629289894
8893,18.621065139317626
8894,19.496999065393226
8895,16.84776409119484
8896,8.903034009507987
8897,15.868085534269238
8898,11.121463717073862
8899,18.581533642654612
8900,17.90787621980152
8901,12.699895874514377
8902,19.400603290788894
8903,23.96853014214657
8904,18.675109263247702
8905,14.707425603827536
8906,14.91528045284882
8907,15.533664128394003
8908,11.060418487691415
8909,10.855885011066935
8910,16.018471931768847
8911,17.408336535833346
8912,19.673871768349887
8913,23.18293316658594
8914,13.763784889214904
8915,15.776986741610818
8916,20.535446641724043
8917,21.63176611872193
8918,12.877133019913886
8919,19.390043828478678
8920,12.772490063142452
8921,21.17325724401122
8922,12.969720608932281
8923,17.012151550310783
8924,10.957576173536815
8925,15.844714628991218
8926,15.128257214972182
8927,19.715983684828807
8928,14.187066340991471
8929,17.36326919368211
8930,10.862494093914433
8931,11.80234164669452
8932,15.245208735282182
8933,19.56320704798646
8934,16.17109786369721
8935,10.779251471899967
8936,18.744265073242378
8937,14.358995769503194
8938,19.74256788473117
8939,17.131024305056787
8940,18.783706424342935
8941,18.898187749721544
8942,13.724407399076595
8943,13.969612019323588
8944,16.246873859115514
8945,19.04384569114329
8946,11.878280809746476
8947,19.752703612489125
8948,18.567847476544813
8949,10.68480183177617
8950,15.587878872177692
8951,24.02655396921905
8952,17.34893057175544
8953,12.025544904305107
8954,18.38702902579537
8955,22.638299203709146
8956,10.914371698997197
8957,13.595263314626099
8958,21.16178035716453
8959,12.503832654583071
8960,18.279924541598554
8961,14.096521104145907
8962,10.381180501303463
8963,19.602601241948584
8964,11.719325579479026
8965,17.561116596226746
8966,19.043932968402274
8967,25.62470813499752
8968,12.221836806853783
8969,11.991369634464927
8970,20.69772998843302
8971,15.822603490864081
8972,17.04079445999041
8973,17.479228547317966
8974,15.15654117283205
8975,16.717471587165214
8976,17.197762199564764
8977,13.27776455289393
8978,15.742880538400422
8979,15.81826684193641
8980,18.477625939718934
8981,14.411531995933213
8982,18.155857139704036
8983,13.4354985841662
8984,17.11876842801683
8985,13.065934554279298
8986,18.68276595194343
8987,12.614633783571183
8988,11.077485130889471
8989,13.587463436806331
8990,12.765226899287214
8991,10.88151341220992
8992,17.419031142701378
8993,15.032248115813434
8994,8.850449615354039
8995,10.8286048957502
8996,16.28467720468387
8997,22.702652436016574
8998,12.425048127795332
8999,13.220845822030993
9000,20.72965530390252
9001,16.84563876453064
9002,19.034170463844195
9003,13.479681574137077
9004,11.285065471496807
9005,12.810778645355482
9006,16.004002395767987
9007,18.69714358865869
9008,17.62749314892335
9009,17.209890747708453
9010,14.311157187155104
9011,8.923458116515636
9012,13.40931399582055
9013,21.312183304028878
9014,22.965696142050856
9015,15.261401585687853
9016,13.8618055953493
9017,16.581577222523027
9018,13.441592450981563
9019,18.011256356269378
9020,16.806753593738186
9021,10.222762977015606
9022,16.412835846698922
9023,10.959661657222318
9024,13.434350488778824
9025,17.291277933571127
9026,13.532173866228526
9027,18.893063093808642
9028,14.701390243251577
9029,13.924875052638804
9030,14.629650839208105
9031,10.318127828407741
9032,17.39773739785621
9033,18.88624304405996
9034,15.0896264841134
9035,12.928293886805427
9036,15.963244075589834
9037,15.806638838454083
9038,11.16017395419523
9039,11.648716348020795
9040,21.4859316512392
9041,13.826678320972412
9042,15.570149918724308
9043,16.59767549881066
9044,20.810143730619274
9045,16.835526304706462
9046,15.6574521359864
9047,12.632095583718305
9048,13.248152339438032
9049,17.23946169043448
9050,18.65560858844632
9051,17.14099368491124
9052,14.073728929588576
9053,17.75993458453678
9054,13.036078281649253
9055,19.135526019456762
9056,10.568940407924135
9057,13.440286298631658
9058,14.094585149106281
9059,12.755379844237586
9060,14.869817327183991
9061,14.608787581977335
9062,17.376332593357766
9063,20.03506437537277
9064,17.276718910736022
9065,14.293171172760495
9066,15.404925845795113
9067,13.278825160779608
9068,16.156901092905592
9069,21.66347428325941
9070,13.975634740756584
9071,15.439780456218903
9072,12.99180724496137
9073,16.54734722303332
9074,10.446164405462056
9075,17.22279434807858
9076,16.5546058915925
9077,13.72975848021543
9078,11.712074693722407
9079,16.26140291977618
9080,14.964782535535036
9081,17.588671007828836
9082,16.220350862202395
9083,16.359703064592654
9084,20.076117671185
9085,15.310386328573909
9086,14.08910505299199
9087,21.605307494324563
9088,14.411245492725463
9089,22.05905646943009
9090,13.086125347488881
9091,17.085332382550604
9092,14.518253026277229
9093,15.829463092995784
9094,10.218954169390454
9095,12.219887745178822
9096,12.707949012529443
9097,11.306783103698542
9098,16.313754294938906
9099,19.304574384237224
9100,16.300159720158952
9101,9.706476342575797
9102,21.530673492698988
9103,11.083172122113364
9104,10.99460866061137
9105,15.462429885072503
9106,10.669764082953524
9107,13.79568911992957
9108,16.824738263249902
9109,14.021152953499614
9110,13.5921109784674
9111,11.201377800121378
9112,14.584551627542748
9113,20.20392788237993
9114,12.737211621758473
9115,23.483252652722847
9116,11.75625723348108
9117,23.46460004456916
9118,14.416552611121292
9119,11.942633812608047
9120,12.14430615846085
9121,11.995394030889127
9122,20.61130197721011
9123,12.779694273400914
9124,14.003632789156285
9125,12.396106886681357
9126,19.974392172959345
9127,11.59098924104098
9128,14.258178102007975
9129,17.961601480682614
9130,22.21265061667426
9131,11.794650042955565
9132,15.89004259746343
9133,14.810006135047995
9134,15.357921390656351
9135,14.187345540025115
9136,19.140585213430427
9137,19.66711054852027
9138,13.916773658154511
9139,13.577500927089273
9140,14.995645319004847
9141,14.882523091585615
9142,16.575431853610056
9143,10.67045356580715
9144,14.819199972177984
9145,13.198380248018385
9146,13.725811325985735
9147,18.426880469901434
9148,21.038771469642988
9149,13.040296957915904
9150,18.640845813741876
9151,19.53060306931576
9152,15.638210554064848
9153,13.655737049428417
9154,13.52638064800953
9155,18.699378742764296
9156,13.998214288364888
9157,18.51666099353512
9158,18.884503060616197
9159,17.89425037150771
9160,19.9062044094598
9161,10.790867395230043
9162,18.912010099362192
9163,12.560642974622708
9164,16.200032113709014
9165,9.441439270192411
9166,13.527766524691394
9167,19.89827288343443
9168,18.89700423041574
9169,16.83761037891314
9170,21.16738666049578
9171,18.273168239918338
9172,13.211437426307729
9173,11.073794589140363
9174,11.962411456829301
9175,15.567413856456776
9176,15.895489640939477
9177,17.27899058555603
9178,18.541378648794215
9179,12.73546016359819
9180,14.52319748085004
9181,13.42739872876674
9182,13.196451340059845
9183,21.59245286846424
9184,17.888146607425703
9185,17.90066955309515
9186,18.572471440020358
9187,17.919309163771764
9188,20.854239842976376
9189,19.071686282810973
9190,18.83809956559467
9191,21.210015401495376
9192,8.481260661438334
9193,13.276912899207925
9194,12.70668296850124
9195,16.351180842904565
9196,16.539422032727508
9197,15.498698261194107
9198,14.254602182433384
9199,17.45804715502743
9200,21.433994538792277
9201,11.107115418883682
9202,19.24970941444845
9203,15.338752289251197
9204,13.165187806273568
9205,18.405825404619257
9206,11.976200558116027
9207,20.867714029334564
9208,18.7376001869412
9209,13.917278651233357
9210,12.135753737751253
9211,16.102687276592704
9212,16.547888208379952
9213,21.278127233372317
9214,10.446184590677557
9215,13.242467177997142
9216,11.964382707507255
9217,10.659716564194598
9218,17.976082874480525
9219,12.399968033584292
9220,14.013425501753126
9221,11.732167389958096
9222,18.497209139312766
9223,14.365984453208565
9224,11.15704538318796
9225,15.38206063420995
9226,13.974309746341577
9227,10.16562150713528
9228,13.35176836020699
9229,15.37546772683906
9230,17.1950753050143
9231,11.077771803750132
9232,18.383613505213532
9233,21.946587677874426
9234,16.7452032505856
9235,18.56064412203197
9236,18.166998030501215
9237,8.28429967617402
9238,19.46441103601279
9239,11.229620262276836
9240,15.506962994852643
9241,12.562328056966393
9242,19.112334521605668
9243,15.085944113416568
9244,13.026659648665817
9245,12.614586065436653
9246,16.85171427488205
9247,15.070853142877557
9248,15.759410707676246
9249,10.584938052111804
9250,10.557046620028512
9251,11.64269431738012
9252,13.09893027251319
9253,11.405020380273193
9254,15.519617206056378
9255,7.551910234152392
9256,10.819467225775316
9257,17.91565690670774
9258,14.930987141701664
9259,20.558352779204323
9260,14.274788355715218
9261,17.706467277364762
9262,17.26508921812343
9263,14.052032324119317
9264,17.82786458612241
9265,17.69606081843235
9266,17.962343201848327
9267,14.851480893610713
9268,23.172373241575368
9269,14.909459379760902
9270,11.440080340070303
9271,14.204836704808226
9272,14.644066819074151
9273,16.453067607786398
9274,11.155985282464282
9275,13.312435098728228
9276,14.981275772369592
9277,18.493373883999972
9278,14.969167725585002
9279,14.587018370079868
9280,21.709208996717226
9281,19.40858343025389
9282,21.91579526597151
9283,18.642034662101292
9284,13.703560757648777
9285,13.47881850109144
9286,20.58859081989083
9287,16.233667297351865
9288,22.47365834997954
9289,20.36464392721872
9290,18.33194510749226
9291,16.341161327650042
9292,12.528955605179934
9293,9.451645608160382
9294,16.553768232508958
9295,9.920973720074443
9296,22.862597649106885
9297,9.040485705202016
9298,7.188637495719325
9299,16.60179372704738
9300,15.056919953864435
9301,12.698880427366378
9302,16.489491542951555
9303,12.456353559692403
9304,17.825262689544534
9305,17.60290038465142
9306,13.198658675863312
9307,19.05204122008247
9308,13.560104050264718
9309,11.781092468846168
9310,14.128661022470219
9311,13.16294945928558
9312,12.152207184688095
9313,17.89837803454421
9314,15.117985949825307
9315,21.375598276905407
9316,18.29749095846979
9317,12.35834663101676
9318,18.437393984628393
9319,17.858117139729842
9320,16.05004357331341
9321,19.56842376927863
9322,12.427992583854781
9323,13.855597056591236
9324,14.336530249072757
9325,15.927208874475637
9326,16.903376766528837
9327,19.229531234495816
9328,14.579546905869902
9329,17.789476380770317
9330,14.588225346416518
9331,11.767486023145484
9332,23.21410985389364
9333,19.581126162182404
9334,11.584602943173643
9335,19.430996822548174
9336,14.899387616779336
9337,12.432098008622393
9338,17.618524812199908
9339,8.228880181947705
9340,11.531137095470019
9341,21.23481565442311
9342,14.692590665899605
9343,20.15273499436681
9344,16.999642115838796
9345,13.994753258757441
9346,14.979242107281877
9347,13.150061299664912
9348,12.792090203212094
9349,15.843044148864351
9350,19.366342683818438
9351,16.292119823567965
9352,15.223073384375454
9353,14.241210217189867
9354,15.003216695425003
9355,19.559737544364506
9356,16.377956870489214
9357,15.060866181786782
9358,12.01085774393227
9359,17.705041343901094
9360,16.665094281063908
9361,18.15122697794747
9362,9.601387606870883
9363,13.667304526273796
9364,16.724144569391967
9365,16.83544211447807
9366,11.878297074045381
9367,17.401557840206976
9368,20.862133246012576
9369,14.613348762920022
9370,15.506968802898118
9371,16.07007094389087
9372,15.108423966504755
9373,15.288750295720117
9374,9.152333490908418
9375,16.266765428345874
9376,18.677123575344183
9377,15.208084600577418
9378,11.737501686160186
9379,15.377952114609256
9380,13.742558937329868
9381,18.46446673403036
9382,12.122627204538635
9383,19.438842189241388
9384,21.414456085633226
9385,13.51035572497484
9386,15.853131447495189
9387,23.38889834184046
9388,19.1497982322322
9389,13.876504790013009
9390,18.70018888099115
9391,13.401918412186198
9392,11.665953662864986
9393,17.564959079327537
9394,16.989982290319016
9395,13.84835654244266
9396,10.866413658788174
9397,8.68511800322225
9398,15.293009279946755
9399,8.731640952658537
9400,11.68732281731047
9401,12.705904306512174
9402,16.36802182070576
9403,20.94182800406829
9404,12.52445700096185
9405,17.348482158478078
9406,13.795217891890527
9407,14.130340624424928
9408,17.94066453595309
9409,13.314762540742668
9410,18.717736984625244
9411,18.39910544022272
9412,18.795256179035107
9413,12.828402819455548
9414,17.15759011256732
9415,15.520420676453112
9416,18.436755726294898
9417,14.009729978970924
9418,15.719341529102596
9419,18.056047072443448
9420,11.353622585511303
9421,22.03202644634748
9422,9.945115102157061
9423,18.51098110492608
9424,13.526964849648293
9425,11.071875515253888
9426,11.504968922812346
9427,11.326808285533147
9428,13.799651192377436
9429,13.573494451368603
9430,12.496037500015579
9431,9.025332724573834
9432,14.9807052776004
9433,15.64943010113378
9434,15.382770814176196
9435,11.688086151360746
9436,16.669409450907246
9437,16.478677454429576
9438,15.219740207996033
9439,22.74740816514061
9440,12.995268547128038
9441,17.64104156328451
9442,16.064999051298674
9443,11.403220133715202
9444,17.05507334639668
9445,17.09077376997406
9446,16.032078277869548
9447,14.695953973463432
9448,19.511405126978012
9449,15.86514062419175
9450,13.468832230523375
9451,17.053258049938798
9452,19.106303754771297
9453,16.46117493402874
9454,13.433344068135213
9455,15.89924901350913
9456,14.024937854718395
9457,14.407242982278222
9458,13.990436593929807
9459,13.780459782411679
9460,16.711668081717107
9461,19.754138886926462
9462,18.237574248000147
9463,19.554617180818497
9464,13.972301807687236
9465,19.237754771066513
9466,20.706080076083374
9467,15.456645358758943
9468,15.896988751335165
9469,8.158505233509409
9470,20.49521626016757
9471,15.682866535588154
9472,15.293203401094175
9473,18.71195670257802
9474,15.670740113814915
9475,12.210129846002342
9476,18.901887385790612
9477,15.360971122154508
9478,16.79728879701778
9479,18.119516940096382
9480,13.7557680378073
9481,14.04855981431194
9482,11.587801643753137
9483,14.472911800453035
9484,5.993904020691253
9485,18.87872057702287
9486,15.780527840510203
9487,11.682014005258257
9488,10.422932869648506
9489,13.871814932008075
9490,15.1869385329155
9491,24.418735453351022
9492,10.678782043967349
9493,15.66300562223452
9494,11.546269834563017
9495,16.625102553267425
9496,13.781579922720184
9497,13.304737327577326
9498,16.54701555379653
9499,14.900043508829771
9500,18.85577493201518
9501,15.509895513339895
9502,15.616786169931366
9503,13.851262693787483
9504,13.814376610789342
9505,14.05612332738751
9506,19.155045563400964
9507,14.924861322543437
9508,17.11252989350811
9509,15.524875177479739
9510,14.120628660389624
9511,12.929471096801095
9512,15.63717223274356
9513,20.59540401573547
9514,20.919420583554412
9515,11.845386660806543
9516,13.47067242276358
9517,13.975589532125952
9518,17.64982696496913
9519,17.98308344337996
9520,14.84014672454091
9521,14.152450621979717
9522,23.39167633675661
9523,25.937596423238453
9524,22.852318789995927
9525,10.718588253413293
9526,13.149468212909337
9527,10.263413797320286
9528,16.81058234415244
9529,16.139884779681736
9530,15.001778581294573
9531,16.21349799943288
9532,17.46157826114861
9533,11.789228292256002
9534,16.51303712561451
9535,24.347934417779435
9536,18.89474518154227
9537,18.30270518407352
9538,15.818260192322631
9539,22.09130227548479
9540,17.90692305813981
9541,16.770606727670277
9542,16.671421810956783
9543,10.601105493261208
9544,17.65040729375199
9545,18.298364506207633
9546,21.39158633563983
9547,16.204158833048872
9548,9.310860980333594
9549,10.15850134931263
9550,17.84719176811368
9551,18.15306075120555
9552,13.738807798594813
9553,10.72890205938561
9554,19.0152637451609
9555,16.412526273411277
9556,20.415032302996924
9557,14.780839880895973
9558,13.430935131705272
9559,18.27404440024844
9560,14.164946354614688
9561,16.66491463124705
9562,23.58268079226032
9563,15.351979606358505
9564,13.366805740349339
9565,14.843731085785508
9566,16.209434975120956
9567,13.5254544572121
9568,16.841976983780132
9569,12.573353411252517
9570,13.412673854221431
9571,15.416082749268037
9572,18.678045737345123
9573,18.336925493797857
9574,12.951975624737875
9575,18.317347544382248
9576,9.229646792304706
9577,15.775771341143217
9578,17.7352448860593
9579,13.602406940101936
9580,17.63072881447311
9581,13.573896045981293
9582,20.397378101153762
9583,18.169112954052096
9584,23.62658752584695
9585,11.313298967362263
9586,15.210009709339214
9587,18.65858088050129
9588,20.42048107309781
9589,10.075649704600348
9590,13.892629486396064
9591,25.340919887558385
9592,12.078871716844699
9593,15.148821124173203
9594,17.104615782179927
9595,16.109069993206404
9596,15.720961554431689
9597,22.56917549684944
9598,20.64889785982319
9599,11.953315003827306
9600,24.91978347387476
9601,24.128246429571135
9602,12.538640288526988
9603,7.8448749961294
9604,16.446085923248987
9605,16.27292885003714
9606,12.221108864029247
9607,18.01048999451955
9608,18.203530822023247
9609,12.841205303709895
9610,17.847264174252235
9611,15.18336635617987
9612,14.221667717070577
9613,9.460087262398151
9614,12.365008599239095
9615,12.550965564954776
9616,13.479627440692209
9617,14.604240329886375
9618,17.020761165504567
9619,13.586772218425946
9620,17.691546565837488
9621,11.26400474717967
9622,17.53530700931367
9623,12.456480721524954
9624,26.39917478768774
9625,14.999881012114535
9626,11.424809658079818
9627,11.096832926403259
9628,17.439371340503634
9629,10.679834608848974
9630,18.139256155631756
9631,19.153065380003667
9632,12.653068297642445
9633,16.131210046783995
9634,17.296409345084644
9635,10.839509913306461
9636,16.22602330127736
9637,11.161776499844013
9638,16.76933115284552
9639,12.779661161247024
9640,15.141472654556344
9641,19.80610402619171
9642,11.324027284881804
9643,11.954623818515257
9644,15.051641333576093
9645,11.897744278551187
9646,15.637087769622447
9647,15.33883136291999
9648,11.145355620162338
9649,18.021352532528624
9650,16.832773226804655
9651,12.388655322628171
9652,23.82092562361677
9653,9.954158811498694
9654,15.669740468794387
9655,11.649102126724202
9656,15.397194218136473
9657,9.805792990401764
9658,16.940768011658594
9659,13.40970581573653
9660,18.539606124350897
9661,9.34933524868768
9662,20.407380689137465
9663,7.457507352095761
9664,17.271695726227197
9665,12.345203969424581
9666,11.113404786448541
9667,12.831095512497026
9668,17.049899063599113
9669,20.752540771933482
9670,14.064324737248874
9671,17.614881847519353
9672,10.266741937197663
9673,12.392982364336188
9674,14.382591253948881
9675,11.84815397783298
9676,24.337751189837675
9677,16.929076068488705
9678,14.997479746589296
9679,25.364489836562335
9680,14.670216608784685
9681,16.40264050383935
9682,16.580127148981475
9683,21.62374924521902
9684,20.50940576124173
9685,12.544671237222017
9686,14.490732201933458
9687,10.11944556642558
9688,13.923491544654626
9689,13.968893910681105
9690,9.61588570010599
9691,11.89272159635647
9692,19.43136046450048
9693,14.908019206747976
9694,14.846247093397427
9695,17.88686380485491
9696,13.74022879948921
9697,8.567029751311871
9698,11.871263579683557
9699,16.683771724697397
9700,10.141472497185514
9701,15.312488538022716
9702,14.222609671643163
9703,15.45284072965318
9704,16.557633988573492
9705,16.10023132948649
9706,13.738178563992332
9707,17.07395427445189
9708,16.19887178432264
9709,12.297575760661113
9710,11.878519216461848
9711,15.532458956194272
9712,11.79076734668729
9713,11.561006236194963
9714,21.360617490252068
9715,11.802105048077628
9716,16.706161588855835
9717,10.479924834604024
9718,17.818341070600702
9719,19.487857462671528
9720,17.859896608217547
9721,14.171887970036035
9722,20.283904208545017
9723,19.43116946144899
9724,14.497522330569014
9725,17.66586238007746
9726,15.974682784021061
9727,12.680915787937796
9728,13.543150402827113
9729,19.892936437035218
9730,16.133371922246038
9731,14.73770110766413
9732,20.63506981554789
9733,14.961404245355642
9734,14.183234974567124
9735,21.62663027407631
9736,18.455638614905936
9737,14.420175095478257
9738,13.611598152776605
9739,15.607864464085177
9740,17.922647460584567
9741,11.638536661291571
9742,12.946152447102547
9743,11.401127840575668
9744,16.547548498916775
9745,14.728964215477053
9746,12.315044149950754
9747,13.190753166819917
9748,11.211003118510508
9749,14.086066618910184
9750,18.792661098983963
9751,14.601398209896121
9752,18.883061034699434
9753,10.596196689893617
9754,14.809987255115608
9755,11.533675640217677
9756,16.210948450574083
9757,10.948660200474826
9758,17.894571680229216
9759,15.666326649596252
9760,18.19202864969879
9761,14.670002604650529
9762,12.726353952743537
9763,14.593193326504341
9764,19.850525279856537
9765,11.708486305316427
9766,10.762916414397324
9767,15.514613744771895
9768,21.576876824731954
9769,18.841453474166343
9770,16.875664243275267
9771,17.784571275175466
9772,13.429215767182086
9773,19.2703034657091
9774,13.903678140638663
9775,11.664780659968955
9776,17.086393026284107
9777,12.803664930735074
9778,16.618119464970487
9779,18.633400194774737
9780,22.43390021778893
9781,16.659651236962944
9782,18.746665132088104
9783,15.1391365178
9784,16.733940155808128
9785,18.02491582577904
9786,17.68898848054988
9787,18.637883856145955
9788,19.017122114884376
9789,12.394300191568544
9790,20.79038580812172
9791,16.287734287583007
9792,19.88239946871952
9793,19.019063672293118
9794,15.070450699585427
9795,19.706411720364336
9796,13.522261167625
9797,16.750373494140966
9798,11.90824333777742
9799,20.065438548066155
9800,20.273928150184943
9801,17.638229908573074
9802,17.433884154924215
9803,9.273846908490789
9804,13.985371681348624
9805,15.77849422494316
9806,11.880442485674923
9807,13.509955601146565
9808,16.27648834320667
9809,13.486181256701123
9810,12.862927221931265
9811,16.841689725256302
9812,19.375753615723603
9813,21.883458892638387
9814,17.168389203971316
9815,21.058911737255535
9816,18.321556911107557
9817,13.350415618510631
9818,15.183220207887063
9819,16.31911448573951
9820,18.082880196589226
9821,13.369079140461576
9822,13.921721369443633
9823,17.336536204139918
9824,17.494334171156353
9825,15.438941201625367
9826,14.694403283103963
9827,14.056656326730561
9828,19.504524318521913
9829,21.251580058108836
9830,9.696057995412929
9831,19.03883967318629
9832,16.332197584371574
9833,12.572739901061562
9834,16.614983585892112
9835,10.787857619875002
9836,18.41748768038785
9837,20.791131439348327
9838,14.799973732353365
9839,22.99631504990465
9840,10.304321667367795
9841,19.009078608868297
9842,17.04924541769035
9843,21.349949743758362
9844,15.405037844705086
9845,17.19324632505744
9846,13.292063961872184
9847,18.82318620377864
9848,14.486554862149784
9849,14.928566738200939
9850,25.710213947191818
9851,11.89656738149856
9852,21.43772204966357
9853,21.38896792946172
9854,11.404157677155485
9855,19.714076679159604
9856,17.749849819236474
9857,10.704286844935911
9858,18.311098754033978
9859,13.037591855894668
9860,18.302668705218803
9861,17.09013438342305
9862,13.57506394153392
9863,19.79046947143364
9864,17.22276762487791
9865,17.860140507226255
9866,17.29434150964839
9867,15.708048913568032
9868,20.135392485209902
9869,13.77114870921512
9870,12.05055601820273
9871,13.235226804855735
9872,18.733827942946448
9873,18.931041747057236
9874,15.715987605755501
9875,21.984790618343375
9876,13.55895863459198
9877,17.41458713902057
9878,16.10693542495372
9879,20.37900834098356
9880,17.658377854334486
9881,14.978777491936057
9882,19.887169286131403
9883,13.545973069007928
9884,8.817827301793976
9885,18.38560395869127
9886,13.411622008540522
9887,13.517457070261193
9888,10.712985296235477
9889,20.374478627239885
9890,20.625198428267414
9891,7.446184498944626
9892,10.2294677633671
9893,20.57350182468099
9894,13.387432478299168
9895,11.563418968394906
9896,16.490571793179843
9897,13.595952918944874
9898,13.343507545353091
9899,16.349072903675935
9900,18.578706165208956
9901,18.987282740120786
9902,14.987423859284752
9903,14.99643913564369
9904,8.515780871228497
9905,17.167559838091314
9906,13.259029337711787
9907,22.55099081584351
9908,15.594942769296612
9909,14.50521072158252
9910,12.611217994887264
9911,15.229642335808736
9912,16.023145015216894
9913,19.696215794912007
9914,11.220771493347627
9915,10.784367246625044
9916,11.415993897749868
9917,11.510473055869367
9918,18.177261058191757
9919,20.697220310990268
9920,19.591600824785342
9921,18.731530592817112
9922,14.681079766275374
9923,12.699744278150867
9924,16.50922713882375
9925,15.73853198727145
9926,23.06621132693646
9927,12.816071572798647
9928,19.023245778640394
9929,14.572641227854541
9930,16.05683568745354
9931,15.101755391736623
9932,17.90876922624426
9933,13.513465087230397
9934,12.960401910040709
9935,17.16254487499552
9936,17.667935706373733
9937,10.508188206625714
9938,13.756282633873393
9939,12.920705957638763
9940,17.689147781854302
9941,18.566705166853296
9942,17.78455974214257
9943,7.878573140225495
9944,16.962142336821888
9945,13.025375227804712
9946,9.987810056064449
9947,14.920039586948254
9948,12.765163234157136
9949,16.802579819181062
9950,13.006472366353233
9951,14.31124423863101
9952,14.885396875746572
9953,17.86281966939992
9954,18.63825869393535
9955,15.012094534637285
9956,20.135150416829656
9957,15.730482284729476
9958,17.98756185587942
9959,19.30183209205591
9960,19.630683053281437
9961,9.05091372622064
9962,20.85312843731291
9963,16.50691424742675
9964,14.498526762885485
9965,15.184482891106528
9966,13.601657038098153
9967,14.057259944309678
9968,15.184318822209072
9969,16.878634658427032
9970,19.259231895065266
9971,16.125320788021657
9972,11.473641537439704
9973,18.144275666121736
9974,16.273550913339335
9975,10.780855998178074
9976,10.392388439492748
9977,19.089079998754702
9978,16.03373321060948
9979,13.245570006680499
9980,11.674441958938692
9981,13.658011460039582
9982,16.147150458074655
9983,11.426575092266077
9984,15.603105191752354
9985,17.705416405568414
9986,15.306992880123058
9987,13.905019891901947
9988,12.393992767638537
9989,12.231955393040959
9990,15.995033458941032
9991,13.951408111815876
9992,15.448659525331504
9993,17.59310561602006
9994,12.734755501982821
9995,17.966415526676293
9996,15.472492551412698
9997,17.68256978816534
9998,18.443767473318704
9999,10.15283423262553
10000,21.135002476754835
10001,11.595482614615534
10002,12.01757352575812
10003,14.858886466097331
10004,19.54679181006638
10005,22.357861290313707
10006,12.371314674437087
10007,19.746507406550492
10008,10.659384654853843
10009,18.038134745494354
10010,17.002644163383103
10011,13.09782623995591
10012,18.113289144540595
10013,16.477136545888648
10014,16.121079209326517
10015,13.752976120411436
10016,15.459202730448355
10017,8.386109669655177
10018,17.11701350909484
10019,11.016885097986723
10020,13.310769766714516
10021,16.39814779152545
10022,20.370000692358886
10023,12.655690204322335
10024,16.464687839029295
10025,15.378181302472827
10026,17.975549059759224
10027,15.587369853153964
10028,13.467723604978904
10029,14.486659206997448
10030,14.833035369867211
10031,17.689207630584068
10032,21.702120365430012
10033,21.32868733542853
10034,23.41140158096241
10035,16.800389887903506
10036,14.662642323270457
10037,11.213561877286192
10038,21.478195054876892
10039,16.854691224682625
10040,17.783409849729807
10041,17.107223951997746
10042,18.50609407431317
10043,16.012126632659548
10044,13.11852821273133
10045,18.218447039023964
10046,13.169658903018707
10047,12.128674632911288
10048,20.23995008171155
10049,17.525343284577065
10050,14.4482259036584
10051,12.988837016157383
10052,15.749321330621466
10053,13.313714207633375
10054,11.958205214419957
10055,16.900240224695988
10056,13.634045088000086
10057,20.930832107243685
10058,12.8040390406115
10059,18.75956326271251
10060,21.56127211749845
10061,16.58407793693997
10062,12.987308595227507
10063,16.168874511263716
10064,13.729151390716307
10065,10.502119151451463
10066,21.20715049349746
10067,18.291649205787166
10068,18.613381854356376
10069,13.771219487241758
10070,16.65257371135096
10071,15.6723794025939
10072,16.249180786188575
10073,15.33840967848733
10074,18.943337985033395
10075,14.302639952399435
10076,11.700763021010772
10077,22.744941843609706
10078,19.440977459341397
10079,17.9600348880279
10080,13.994779205607442
10081,12.235504597947381
10082,12.012188813477188
10083,17.322789828977708
10084,18.8083944313734
10085,17.057592635304378
10086,22.035904125349994
10087,11.310993802506843
10088,17.5092175775703
10089,17.492072693235407
10090,14.376850697739613
10091,16.309673267367327
10092,14.001950580143308
10093,7.470327544516706
10094,15.441997784012479
10095,10.784488111887617
10096,14.208385504749794
10097,16.481064290794787
10098,18.301168546988517
10099,20.266256613444188
10100,8.002968636644122
10101,19.51097901036489
10102,17.060952431169692
10103,18.28055773579043
10104,11.716817912350372
10105,15.715952901982938
10106,11.397466533492796
10107,13.792586891881692
10108,16.763465231492233
10109,15.643066674493673
10110,15.436990961584314
10111,11.978862855971926
10112,13.169675324729575
10113,13.523456717975229
10114,15.872145631747703
10115,13.808398976458722
10116,15.31297360874337
10117,17.03447496144961
10118,18.88974651774325
10119,17.959227163212876
10120,12.589864866327892
10121,13.807783002897771
10122,16.060572222793205
10123,18.411266025827683
10124,17.632883000691294
10125,22.46236208966681
10126,13.48417014776975
10127,16.08367532531945
10128,18.144866188636346
10129,19.564647957823723
10130,21.96320855308621
10131,9.417980091611907
10132,12.859664288137708
10133,14.786939512487937
10134,11.212032405571719
10135,13.094137564531579
10136,12.730786216305294
10137,17.686480274790284
10138,14.600427223070223
10139,16.496520981415436
10140,9.207351875052433
10141,14.760672024397305
10142,14.894020305015005
10143,9.25488514297317
10144,19.207307907759073
10145,23.505638255901612
10146,14.443590336700925
10147,22.193291841200796
10148,14.058842411746838
10149,10.00775878828263
10150,23.28462965900647
10151,18.698733923376935
10152,21.710828290849317
10153,11.697925687527935
10154,15.147757543079262
10155,24.2793428057356
10156,17.426284476847947
10157,18.698591812601908
10158,20.37374149426269
10159,17.430015468803866
10160,16.859621207684587
10161,18.597559699508643
10162,10.770634782554847
10163,13.575719318021937
10164,22.331624958987028
10165,19.839909582939626
10166,12.316018138834119
10167,14.58022777670366
10168,15.927729059002106
10169,13.698567754342843
10170,10.301092435770535
10171,16.807270098186205
10172,19.467169933255786
10173,14.731189702279874
10174,14.08585045414577
10175,16.035501547962348
10176,14.461861437271468
10177,12.715766198705285
10178,12.905702428989759
10179,11.15982612060534
10180,14.5834342450617
10181,13.86595502998392
10182,12.906234102168966
10183,17.11082694802152
10184,19.343616404036702
10185,20.197321583514615
10186,13.472655018002609
10187,20.50949704860521
10188,15.708458686916904
10189,11.042857106153395
10190,14.143256633390486
10191,14.024827514623631
10192,21.925150964130935
10193,10.385599597998667
10194,13.429544208636035
10195,15.728491322885711
10196,19.47472245357514
10197,14.682591164486272
10198,15.762790460466265
10199,9.399896647893375
10200,13.662769012653047
10201,15.7882877730638
10202,13.570199860359839
10203,22.751841466700277
10204,15.610953129098618
10205,19.484438217335274
10206,14.20764050351102
10207,11.80707972820502
10208,10.614607170072908
10209,15.881143814348992
10210,20.97786363131578
10211,13.274795472308472
10212,10.90343653917315
10213,11.148786974604205
10214,17.08883305356473
10215,21.802591829214204
10216,9.038069650020736
10217,16.827850683145105
10218,9.306941777632428
10219,14.673550463651782
10220,19.009090570278335
10221,17.56329013001936
10222,11.025243499394719
10223,17.072817087741676
10224,14.142719249362662
10225,13.531655944719752
10226,21.49643388451685
10227,14.366763830042544
10228,16.951419016420928
10229,15.434737313222334
10230,14.954361216169097
10231,13.79124100417493
10232,22.452130427044466
10233,13.963076759085666
10234,15.168004420468703
10235,15.039652579464917
10236,18.813660212450834
10237,15.584950172134876
10238,11.873135731329523
10239,13.801718750826627
10240,22.435397964151335
10241,16.83924058784649
10242,21.908395790857035
10243,15.637292990796642
10244,17.561290267993233
10245,19.40371821183649
10246,12.417095824702862
10247,16.30928816956746
10248,19.994250797955445
10249,19.899323732298168
10250,18.00098808776796
10251,21.01416227897966
10252,21.222135335300724
10253,13.566727597425832
10254,15.854931867249846
10255,9.78889584472811
10256,16.762743923164503
10257,19.848634722166782
10258,22.515559656472554
10259,15.24877292348971
10260,18.36111864224496
10261,12.458961790485226
10262,15.414620815127943
10263,14.570816158973408
10264,13.832243230122556
10265,25.52498188392255
10266,25.02646291941867
10267,15.689019534701403
10268,15.501414881819924
10269,14.066008088454234
10270,19.139364647460273
10271,14.376021160574846
10272,21.742536326836206
10273,10.031939120443624
10274,15.291288144240639
10275,14.55631887181699
10276,19.738251450437843
10277,18.360124558253794
10278,15.19767796142472
10279,20.14237919877951
10280,17.669377848484473
10281,14.333935507528302
10282,14.238013658592125
10283,16.25203348390453
10284,15.641193476122034
10285,21.03134744252484
10286,12.512496002518606
10287,19.662878487093323
10288,9.739886146642228
10289,17.238481216672387
10290,13.917050256315115
10291,20.52275301671073
10292,17.4787961881128
10293,13.663177323031816
10294,10.685488424869318
10295,15.021616383897497
10296,11.240728151169382
10297,16.414858594116673
10298,15.894274359996398
10299,12.263416808871018
10300,13.041970368775164
10301,15.482326033061142
10302,17.07876567370472
10303,20.396562785448616
10304,18.980964632517548
10305,18.462852786846938
10306,20.454151787258418
10307,11.212536506269611
10308,18.910665477554634
10309,15.018920368395992
10310,13.824807952642605
10311,14.943639742959348
10312,11.353283134345752
10313,12.288894032663876
10314,13.707733128229282
10315,20.718824806993684
10316,18.428409882574055
10317,14.921415283303695
10318,22.915040754716756
10319,13.155500903357808
10320,11.386755918161716
10321,19.548429312605798
10322,12.903320658816526
10323,17.411872929147513
10324,14.922991263538096
10325,10.854875400161744
10326,16.304916108402352
10327,14.104617450963369
10328,9.458192876756252
10329,18.987815056655883
10330,15.104515392027537
10331,15.639345639936678
10332,16.91001079450107
10333,17.602965181335072
10334,13.60224277103509
10335,20.278715563450902
10336,22.793881527394483
10337,12.435413287489059
10338,20.88403519522674
10339,13.243648475837043
10340,11.325019014179313
10341,9.701137167977148
10342,23.861886489717804
10343,15.872845114254385
10344,18.17374461577384
10345,12.702876766720603
10346,10.303967053722983
10347,13.694863806549652
10348,14.163345736332037
10349,14.039640260756398
10350,9.160545674999403
10351,18.048247364178735
10352,20.55057913132677
10353,15.587315360400375
10354,15.645294249824651
10355,9.77493496235865
10356,13.072941775173032
10357,19.21975704167767
10358,14.35937455534464
10359,17.998028158322604
10360,14.523331992816239
10361,13.007239994185511
10362,18.066573561239213
10363,16.599117903640845
10364,23.80789098526011
10365,14.159508403814762
10366,20.604530824597916
10367,17.356979960019878
10368,16.903175279158535
10369,13.168963414704361
10370,13.463512634422798
10371,12.233020380692626
10372,13.99161883269542
10373,12.810481490715294
10374,15.95205331712025
10375,15.952147500706698
10376,17.244903547675293
10377,13.956286216088134
10378,23.86547014535366
10379,15.977623489513105
10380,22.909043797809403
10381,14.470207567643985
10382,18.200135407922737
10383,19.369841605048702
10384,16.13307409428854
10385,15.414237204575727
10386,14.095086772734463
10387,16.972213276722606
10388,19.730308957363114
10389,13.874098721332647
10390,16.446992776511195
10391,14.420107370887262
10392,11.7131160304668
10393,13.739760326667877
10394,11.49833924079902
10395,12.787467665338873
10396,23.582298932347328
10397,13.037237098091424
10398,21.23343910969941
10399,11.699006055573696
10400,11.116083180358714
10401,13.570042947057516
10402,23.180706503312457
10403,12.538840307946142
10404,22.400588152681657
10405,12.022559606648919
10406,15.019150120520617
10407,10.437124714188258
10408,13.280678117335613
10409,15.01371356738392
10410,23.05656012685983
10411,17.122084756600657
10412,19.824860650885626
10413,19.202686450112896
10414,13.912392118221808
10415,13.81883290842813
10416,12.124065333718914
10417,17.64826206709958
10418,13.187059692883201
10419,11.490317330730473
10420,9.683117191053308
10421,23.953837014578703
10422,20.4134140465575
10423,15.902160448029356
10424,16.368744324339538
10425,16.835924669838136
10426,17.621883426098922
10427,16.13815833553314
10428,13.073553683571003
10429,11.635432158282965
10430,19.21437622713403
10431,17.570685515801593
10432,11.544886498571325
10433,11.111667888934285
10434,16.35343299065303
10435,16.08714656465562
10436,23.07554058356026
10437,12.655451562662059
10438,18.64937576941231
10439,16.41057160396575
10440,14.983095092846954
10441,9.91978243734543
10442,12.047063714925311
10443,14.395324681291392
10444,13.194043913947986
10445,19.591482207040464
10446,18.922158560675044
10447,12.44147638150157
10448,20.52785066410385
10449,17.52174118647173
10450,13.661074095357176
10451,9.358951626331445
10452,17.90335963839666
10453,14.492459573715081
10454,16.562828455669415
10455,8.935295946868024
10456,21.30590117392711
10457,18.600625961231444
10458,18.867585263749994
10459,13.354773109823265
10460,8.690793213278326
10461,13.741403086304967
10462,17.798726281544546
10463,19.995333398817323
10464,13.688831461634503
10465,10.255204472743706
10466,16.852297293937088
10467,23.4236368337882
10468,23.748856856870635
10469,16.0636180698012
10470,14.88933594497708
10471,12.310887440008473
10472,14.27516388549543
10473,11.893213568903612
10474,10.152483464202763
10475,14.082394812951724
10476,15.770054917747744
10477,11.283285883406117
10478,10.265214585332135
10479,16.497391597602025
10480,18.181500754640787
10481,12.955673742980977
10482,12.280840561621115
10483,15.85601869967826
10484,16.79540283696554
10485,15.545606076510378
10486,14.699978377145092
10487,11.176633072387414
10488,13.194638869063976
10489,18.5264950765888
10490,12.141389748388761
10491,22.247210906268542
10492,17.859651182170914
10493,12.398542161786523
10494,14.707337159710642
10495,17.017315675782314
10496,13.966846537214499
10497,18.191053783319063
10498,11.315255654604094
10499,17.544691828585837
10500,16.239620992894153
10501,23.1195401516526
10502,11.608816740605805
10503,20.08409438634229
10504,10.972994399212105
10505,18.445246208340237
10506,14.122660807337375
10507,13.901402259281756
10508,17.666957190602464
10509,14.414441767797953
10510,20.775197887363184
10511,15.89430371538607
10512,15.73811325190764
10513,18.121674038591145
10514,18.025335795828497
10515,18.7416146280097
10516,23.273106072537722
10517,9.990650268032013
10518,15.557684876866292
10519,10.248260609086081
10520,15.646746697715429
10521,12.8362440923135
10522,12.786870389228277
10523,14.610814670420439
10524,15.486017286487398
10525,17.67779196663023
10526,11.77234989785225
10527,22.990758626226615
10528,13.940064865780641
10529,8.341539825716609
10530,10.018227459265649
10531,16.250497519588297
10532,12.942491437140982
10533,13.970736657868088
10534,17.40233309719981
10535,13.528693809663874
10536,13.93752779261024
10537,17.274896336848318
10538,19.488669098011904
10539,13.154672117799592
10540,16.87513887874694
10541,14.919247893120714
10542,21.258761863721826
10543,13.720422536522571
10544,17.57834632468128
10545,15.769027480951783
10546,17.89751949886406
10547,12.523302708607762
10548,15.660723697106556
10549,14.478145517326563
10550,17.680998002747206
10551,20.33628912052493
10552,13.582376858585206
10553,15.617476474535689
10554,10.055475230567819
10555,13.466710389364748
10556,10.371930348304595
10557,18.698169196332408
10558,16.187378826845546
10559,15.465737477064696
10560,13.065843585578802
10561,22.67361424695634
10562,17.538085019809184
10563,15.644732665494814
10564,14.401456858624247
10565,15.568931105697033
10566,15.952533982649047
10567,21.091354938585102
10568,17.915884223987533
10569,17.398120642939148
10570,11.059308774655126
10571,18.03754231395501
10572,11.915695122427168
10573,22.402085911201773
10574,23.019535407218434
10575,9.972932244747192
10576,14.600689146925236
10577,19.475579373511184
10578,20.348456244954868
10579,18.678308018468844
10580,15.787117263907676
10581,15.191947324848348
10582,19.387120985329258
10583,19.54184400783519
10584,21.646581698322173
10585,16.85964063026297
10586,14.877391631051811
10587,14.914396071946882
10588,19.746267631383308
10589,20.926647574780162
10590,13.38216382552105
10591,15.42731955470608
10592,12.551242072590444
10593,14.734932411897987
10594,21.097171677970287
10595,13.066069887168757
10596,16.962029265800936
10597,16.317382509268594
10598,10.75927583128815
10599,13.199778394414754
10600,17.305509021297333
10601,14.332894955572582
10602,14.68442045565298
10603,17.427718529430145
10604,18.846959626464127
10605,16.088121654262522
10606,13.247445679923882
10607,12.971417381718503
10608,16.519247404628295
10609,14.4223532233425
10610,9.970480740838768
10611,16.041018289341554
10612,13.391949600712794
10613,16.772203482656973
10614,14.913304676838496
10615,18.40937006696228
10616,17.589955442189172
10617,15.657895512905245
10618,22.303122605474353
10619,20.83733331798507
10620,13.417180233273786
10621,15.887512885543998
10622,13.535771542743381
10623,15.669322103955324
10624,11.675182903780993
10625,14.044301807831813
10626,14.330686011069098
10627,17.261439971708796
10628,17.23438377097178
10629,12.532982981541394
10630,18.101102545810246
10631,18.341150716356246
10632,15.311918121491537
10633,12.725158132551549
10634,20.99383558035244
10635,14.047543888938206
10636,20.494182164287167
10637,18.583323657019903
10638,19.02955986602887
10639,13.831423687039466
10640,18.135231189828197
10641,16.645689308921717
10642,16.716640492117428
10643,9.267978013683042
10644,19.635479500951064
10645,13.564830417805663
10646,18.15790164585182
10647,22.966580988299757
10648,13.901388698479451
10649,14.229258967403881
10650,18.307127648998154
10651,18.625956381127853
10652,14.46782268384464
10653,12.460847578776647
10654,14.142496434984633
10655,8.988954658118747
10656,12.594290430547597
10657,15.89768099948068
10658,13.016152941392566
10659,13.814318654674784
10660,18.05977183604644
10661,19.45717769424549
10662,17.200908636611167
10663,15.876411061073778
10664,19.81554394747512
10665,18.314279182708244
10666,18.180237608116258
10667,16.82044880574318
10668,17.978426816810472
10669,10.634379516564433
10670,13.87088027011334
10671,11.74473183224659
10672,19.503447289371614
10673,11.391731481819514
10674,15.710137036100303
10675,17.216733828120407
10676,12.248294184047765
10677,15.419384788956778
10678,18.84886542749598
10679,18.91599668910327
10680,17.32083348954438
10681,16.040987741700892
10682,17.166571240715747
10683,19.17903025273425
10684,16.874692368007622
10685,22.078269597053165
10686,16.89437975033629
10687,10.470643113550924
10688,13.85294078613012
10689,22.176511222214067
10690,15.77282385437903
10691,14.134632308735902
10692,22.126385101920626
10693,15.71589727258534
10694,15.007617302294747
10695,8.327522327524752
10696,12.17108199549539
10697,18.25813799448874
10698,14.078032956971668
10699,20.182111722549458
10700,15.325318764113439
10701,16.027500211677317
10702,14.951461229679218
10703,18.2728275945859
10704,21.8460232779825
10705,12.103399757020938
10706,19.402816192229885
10707,13.233794309148351
10708,12.858703895628775
10709,10.881245338296411
10710,15.347484834341023
10711,15.584053550420021
10712,16.6085365662472
10713,15.576197254512927
10714,9.204234862907128
10715,17.88778189404683
10716,17.31974598522281
10717,17.76020112634903
10718,10.302677400670541
10719,17.324432515988093
10720,12.049592251579178
10721,14.163819011909343
10722,12.969144593164813
10723,16.403718712061274
10724,18.749591172023372
10725,19.203865219669048
10726,22.489883148281976
10727,18.797620341760094
10728,14.260895697963942
10729,18.904927553749516
10730,18.59472658901952
10731,17.743970157260353
10732,20.78905015022376
10733,26.104230431816543
10734,15.219595635619351
10735,16.561971411870438
10736,18.819136570519724
10737,13.315203900808207
10738,16.11138608579767
10739,16.76187597125716
10740,13.895925947183976
10741,11.305594275550533
10742,18.363648558552022
10743,21.347642670516496
10744,19.175855134025454
10745,18.40718743418079
10746,9.487896698096488
10747,10.62709247633198
10748,21.872510854190608
10749,13.790271461296012
10750,21.76179784274766
10751,13.863184990282978
10752,20.219491184669096
10753,23.463398327822752
10754,10.449240079195597
10755,15.929192047506458
10756,12.838862425591156
10757,21.011709222853554
10758,14.18328832216932
10759,10.452277607663895
10760,11.08130189088756
10761,11.19588534156919
10762,12.303218436541286
10763,14.87596668699916
10764,11.03298416720271
10765,19.42531811260318
10766,15.262488729556942
10767,16.553783664031062
10768,14.924291429166022
10769,17.583397326512515
10770,14.901606117157648
10771,14.850221531837859
10772,12.932207532261977
10773,12.025876623240439
10774,15.885751127361917
10775,17.158649898752437
10776,17.7135668680423
10777,19.1402617671462
10778,14.817767957944262
10779,13.171008392566971
10780,19.378424961269356
10781,9.386594139903945
10782,13.52010641775577
10783,16.638009054106533
10784,20.86193741364435
10785,10.121373022599148
10786,17.72614664994031
10787,13.215903440563828
10788,17.212428014529237
10789,14.527643471532135
10790,20.374882962730272
10791,19.532884945221237
10792,17.306138487323707
10793,16.264292566655794
10794,12.991825372006915
10795,14.104627004676843
10796,13.501908662901986
10797,18.70241607918819
10798,12.309503651097053
10799,18.048953093605103
10800,16.08957818268891
10801,10.738552653085838
10802,14.849685346881527
10803,15.7653523625651
10804,7.698546520608051
10805,15.187802316383502
10806,15.007882038585628
10807,19.669763301803187
10808,9.953971691473848
10809,9.442844873636751
10810,19.626601752011887
10811,18.212241986431366
10812,11.927467159727275
10813,17.71155368183547
10814,14.761743089966224
10815,14.748129466765494
10816,17.157379638612515
10817,15.119393946027918
10818,14.152879550259389
10819,19.92789949314045
10820,13.946711290911434
10821,15.827129077341969
10822,14.978643273309867
10823,11.59017137793628
10824,11.185830848638826
10825,14.460209896769237
10826,21.28842186684502
10827,16.905762207092046
10828,19.36900011060053
10829,12.184353344984403
10830,12.544764454822328
10831,16.4612734638025
10832,21.060883084229964
10833,11.871525553828807
10834,16.04267154039125
10835,23.748437727179073
10836,13.381904553626939
10837,22.91976651772533
10838,23.959863638503812
10839,12.209613638649051
10840,14.154571522459449
10841,16.571072234148126
10842,10.56844697042049
10843,19.98098951842433
10844,17.28290318111076
10845,21.614929260805344
10846,16.06118813635301
10847,15.144719263692725
10848,12.73550859505178
10849,17.97744160689674
10850,14.015522887230105
10851,9.659289386294901
10852,10.887656938274107
10853,19.29085488600413
10854,18.534059240255935
10855,11.156165095770952
10856,17.69041876515434
10857,9.56665859727697
10858,18.362165152553047
10859,17.781266450495984
10860,18.42435395124424
10861,20.638034667055294
10862,17.48971011980344
10863,20.099782719905157
10864,14.109329176875374
10865,18.78477618126774
10866,18.099811424311746
10867,16.062534386861707
10868,16.220914303290265
10869,12.6286073168991
10870,16.344193130418166
10871,8.38969987790456
10872,12.710375337009198
10873,12.898261541078726
10874,17.87554121500724
10875,13.596333964163598
10876,18.583483531047783
10877,18.293218089952116
10878,21.035790881186514
10879,21.114124824919337
10880,12.714724660506064
10881,19.322052038264744
10882,17.58974441066719
10883,9.583775337335911
10884,13.953049967370752
10885,15.187604650432336
10886,11.71280945638978
10887,17.510601171694276
10888,15.545728608696745
10889,20.66400865918272
10890,14.076222823961935
10891,13.691530716124047
10892,14.64335030032524
10893,15.606693125786862
10894,16.361782342917614
10895,18.658477287276
10896,15.445920191389327
10897,18.73080141248726
10898,15.288146666145646
10899,15.665727712694515
10900,12.09079246551621
10901,22.174313469760058
10902,18.44144261234418
10903,17.53972597528756
10904,15.440960920722578
10905,13.26240039686513
10906,15.596461091411804
10907,19.683443571589763
10908,19.793067620216355
10909,11.781388232051652
10910,11.05752982015742
10911,13.588896515298376
10912,9.633849578458442
10913,22.83456272698548
10914,19.415831004928283
10915,20.457835909829136
10916,15.540212626732355
10917,19.3596121472492
10918,11.079074924921263
10919,19.10801882156359
10920,11.888943062164369
10921,11.123852235010395
10922,20.11417145357618
10923,14.972931487366111
10924,15.530138869365707
10925,12.919605840590336
10926,13.658571117613182
10927,23.823092194667417
10928,11.856398440958866
10929,13.22862071886922
10930,11.675409249649665
10931,21.79675591777314
10932,13.653759123445422
10933,14.802485004755113
10934,16.60537829437694
10935,15.33295404999669
10936,14.436397087307395
10937,14.616625679165235
10938,14.635643202647591
10939,11.49602751131228
10940,10.95935283718379
10941,14.305963415021724
10942,18.030896297885825
10943,17.528636043497894
10944,20.414032251410603
10945,17.447763821791398
10946,18.67042655519735
10947,14.384205939093112
10948,13.627715622885056
10949,14.16288659117806
10950,18.794884300983473
10951,19.60058143477712
10952,21.723936690962553
10953,18.18170681039021
10954,11.812880711290124
10955,10.470736632440984
10956,21.12352643014227
10957,12.447917693936303
10958,18.090827174424494
10959,16.591819087694624
10960,18.259751456117378
10961,20.535135440679163
10962,10.878356368114098
10963,11.193921648837907
10964,12.73634413714317
10965,17.803497566365433
10966,17.906613993998214
10967,18.77223488899225
10968,13.49686510452501
10969,15.707235053782853
10970,18.93568877916623
10971,19.091595752003585
10972,15.619015384075766
10973,9.215878643440002
10974,19.169241860624695
10975,9.94825469396722
10976,19.542374791832284
10977,13.1762353933706
10978,20.521177791958543
10979,16.91600727127873
10980,12.60910141763454
10981,11.123514461741053
10982,14.491997438053966
10983,9.89959980886438
10984,9.955601655466356
10985,14.327512159915194
10986,17.087445377786057
10987,12.877555569711802
10988,11.065840784962464
10989,9.214329506513213
10990,12.875592524977034
10991,13.953212400761103
10992,14.899240418494179
10993,11.559688382464477
10994,22.234024077687458
10995,13.006874990232149
10996,14.41634709120963
10997,12.568207768802196
10998,18.050120907954422
10999,13.501159804675659
11000,13.06110633367042
11001,13.65690726548632
11002,22.088992547262535
11003,20.816749120928595
11004,10.335482003445616
11005,12.004982677388782
11006,10.434473357802757
11007,18.092661936064776
11008,13.830204269062978
11009,14.416752632108519
11010,16.09004127540692
11011,16.435556995022935
11012,14.339205560490388
11013,16.511043132583588
11014,14.609138465835574
11015,14.169708331957697
11016,15.408194765528359
11017,20.177465967908454
11018,15.695587910737693
11019,21.719536662865284
11020,11.622024787665978
11021,22.791277271378867
11022,26.357712556811883
11023,20.722093091299293
11024,18.330631654269528
11025,8.962775677942865
11026,16.444539878488676
11027,19.41353522923273
11028,15.16003019676258
11029,12.627785746607145
11030,15.947625905709735
11031,14.542676064981556
11032,11.708697441676948
11033,13.39963378625897
11034,13.929916576943473
11035,18.073063290799585
11036,20.766739763014424
11037,10.299186122450369
11038,15.912005501756674
11039,11.65842701192274
11040,7.593496646643952
11041,17.85908492908356
11042,16.493502549860505
11043,20.316960536904073
11044,17.47080244831697
11045,16.777093564867876
11046,19.111551649269387
11047,16.769364227386973
11048,16.375583508513042
11049,13.253260176086812
11050,12.55584888647855
11051,13.667880327784257
11052,14.459766588645738
11053,15.778214183074361
11054,18.89846175240656
11055,7.944724168966574
11056,14.964297460193329
11057,11.931721592877256
11058,17.836813028587
11059,12.716820943978984
11060,15.696432658850963
11061,11.13174336073555
11062,13.027138490554668
11063,17.188840373438957
11064,10.645337666344433
11065,13.356690422617685
11066,11.45261546905787
11067,17.604283129848397
11068,13.122093555258532
11069,19.586367438010768
11070,7.664985446969342
11071,9.174508166269852
11072,15.036740142036686
11073,10.344001838105484
11074,9.843582792388167
11075,15.51242386148284
11076,16.78634532571204
11077,19.11939431082641
11078,11.735721865145612
11079,17.2143436352772
11080,6.561325253811622
11081,11.822872176340367
11082,17.419586768467955
11083,18.82640177750591
11084,15.353626525733016
11085,13.870756084398831
11086,18.876826936379633
11087,16.340992012729572
11088,12.332780433270795
11089,18.640853787628387
11090,11.788407360620402
11091,12.270235079221054
11092,18.315883466772032
11093,16.1812204188068
11094,18.423952842707045
11095,10.086094036241143
11096,18.04601347000823
11097,15.690082588247975
11098,9.27105552396159
11099,14.704317315144884
11100,17.867091106811657
11101,14.81916501738674
11102,10.669548349991036
11103,16.84177543425138
11104,20.48278463032708
11105,16.295908564594928
11106,13.373402668058214
11107,13.644431994388373
11108,14.214070800665013
11109,10.85484431066104
11110,13.607663507332331
11111,14.59738941731542
11112,14.730743656754864
11113,16.026606315666694
11114,15.458579790118797
11115,17.1814704430799
11116,17.12737672556782
11117,19.666412674102716
11118,16.06985164052526
11119,15.092771851445892
11120,15.743923463682968
11121,12.435970298620564
11122,13.545774731590647
11123,10.810606272724826
11124,12.98562699913571
11125,16.19404190515037
11126,14.876024256584753
11127,9.967709418699872
11128,15.200604053402632
11129,15.01039227019453
11130,10.643751501038237
11131,16.248425717622123
11132,22.836905618615695
11133,17.34132943547426
11134,18.774420484463285
11135,12.091721437051838
11136,9.32119448334413
11137,18.312384574369624
11138,14.170421836978985
11139,21.33526943531028
11140,13.392946312657111
11141,12.231082113770434
11142,10.181801107778353
11143,13.295562857870955
11144,16.46495932740715
11145,23.367587338178247
11146,20.799162078033348
11147,16.61065563995873
11148,12.051627387437062
11149,8.948089049540448
11150,17.849489449435055
11151,16.92994359699133
11152,20.161589321420756
11153,19.336624065897972
11154,14.1877129926797
11155,15.35898650871614
11156,11.836575681837672
11157,24.081891464712193
11158,14.336382521561088
11159,14.864091269634589
11160,13.44243886354321
11161,16.269986242803498
11162,21.95574697352716
11163,13.380365044523888
11164,15.912726478153303
11165,17.46740299747433
11166,16.14866072169808
11167,15.686154182642381
11168,11.914489051543745
11169,9.369058989178523
11170,10.367599133948259
11171,19.17596615051145
11172,18.449110020438415
11173,15.234754768411506
11174,16.53618115298962
11175,19.09374190416037
11176,14.137005326246317
11177,12.153060922081433
11178,19.200287891871533
11179,13.924381775589488
11180,19.67569323861205
11181,16.0082386952797
11182,22.422903001985645
11183,19.073826468919084
11184,16.509376633253282
11185,23.60855792079902
11186,9.527038752691695
11187,16.141568016072128
11188,15.947693726469634
11189,20.96092023750105
11190,16.938679534347855
11191,20.708224773077106
11192,16.734683624505603
11193,18.221948784006592
11194,18.772148437271788
11195,18.329743982497675
11196,18.486252873629905
11197,16.250697475979297
11198,10.147064862725934
11199,19.43539458583243
11200,18.88850162747321
11201,12.45933590660729
11202,18.044019080522773
11203,16.51901940614887
11204,19.006499716239773
11205,15.013746448257088
11206,19.121375426946553
11207,22.39815458144914
11208,17.942831884423995
11209,11.880714711135381
11210,18.371485009000367
11211,14.542084002237466
11212,14.523464965501105
11213,17.43500425347968
11214,19.967606516809365
11215,10.707566047362203
11216,10.924274408596743
11217,18.917740624220336
11218,25.435320930773443
11219,12.09318095584289
11220,20.463766338668222
11221,12.402252599277986
11222,15.813987733410361
11223,15.468503550766718
11224,16.660162293718763
11225,18.229327105230148
11226,10.039374608105243
11227,17.665525267707686
11228,13.748896093796091
11229,10.742415149207806
11230,11.545860640744936
11231,14.27643275733216
11232,15.689986464763049
11233,13.8333648614616
11234,14.718689617697141
11235,16.02760913116704
11236,15.507503708737946
11237,13.971900434317417
11238,13.74692029018384
11239,14.490954389523486
11240,14.793822080355294
11241,13.396707612842004
11242,12.903220866037877
11243,19.168843206927864
11244,19.687240581707762
11245,10.814255950366151
11246,14.988949265133417
11247,8.920562820151371
11248,14.156496697453225
11249,11.821831766021319
11250,10.944259816072302
11251,12.054081020784885
11252,13.600198758641085
11253,13.688016512982529
11254,13.37937268467036
11255,20.549489556880754
11256,15.38678150507909
11257,12.706252202493594
11258,19.599891743028206
11259,16.066683631987583
11260,25.917977079435772
11261,17.316238633887536
11262,15.555681089486859
11263,19.30019617723532
11264,17.996089467663616
11265,13.83920287060332
11266,18.652233937960723
11267,11.654371930889193
11268,17.746673557200076
11269,21.644015684133848
11270,14.78809509818506
11271,7.843744136146522
11272,10.324784038317585
11273,14.119033743448433
11274,23.402832393266728
11275,19.50175339335715
11276,22.987634516553378
11277,18.17431819494349
11278,13.17512241168225
11279,12.389585677782502
11280,14.445353415059731
11281,12.691222409642341
11282,19.209635660746876
11283,13.445422245765608
11284,14.480385312996916
11285,13.579783563948396
11286,13.456016388168898
11287,12.617302795976531
11288,18.015158090186624
11289,17.398766805161323
11290,14.178254659114994
11291,16.009927481714357
11292,14.92991953782371
11293,14.863794523109698
11294,20.151380771223174
11295,17.127394890218035
11296,15.830751961556656
11297,9.112834168336516
11298,10.592773424884589
11299,17.676884768341736
11300,10.172568289230249
11301,11.944404667243269
11302,15.973307787281795
11303,9.629996527628926
11304,16.661649266904416
11305,20.309112220751096
11306,18.647437033898687
11307,16.09883967839195
11308,15.511152468404777
11309,14.041100448716808
11310,19.04845434114734
11311,13.207383104718904
11312,14.969512907933755
11313,20.168961973450628
11314,12.870472723765689
11315,12.057592508071584
11316,15.617057837041255
11317,15.22423528565599
11318,15.219648791800065
11319,10.414840146842367
11320,13.965023781965531
11321,12.937426581314284
11322,14.660100910958525
11323,9.86204055303412
11324,19.11955534461857
11325,16.170111885251302
11326,13.670825554068704
11327,18.24400473702693
11328,21.53756598576091
11329,11.85502866336781
11330,19.179149066758598
11331,13.394163018130856
11332,15.101885830953176
11333,20.50510273523834
11334,10.806004670079636
11335,18.403477549927935
11336,16.544678878684955
11337,12.209363115740402
11338,12.225442491694661
11339,15.049349051584771
11340,16.590778638766054
11341,13.343921562787298
11342,15.687137580230106
11343,11.34573581879357
11344,16.276073659789464
11345,14.985129972149714
11346,13.112535762708756
11347,14.741036904794742
11348,8.788132552888158
11349,17.800072422629867
11350,16.094099668808774
11351,20.645031125886398
11352,13.56679387686024
11353,9.62887439248432
11354,13.669977422944147
11355,14.768718086424277
11356,19.603404803973476
11357,15.625997760763097
11358,18.615905767262156
11359,8.345776897333943
11360,19.550331151825926
11361,14.649551469230687
11362,13.101643345279005
11363,16.210754325575717
11364,23.123401012782992
11365,17.500729289641896
11366,15.163161905579765
11367,16.03638494063933
11368,16.429397097135627
11369,9.927278093666288
11370,19.13949704781104
11371,15.300086077732885
11372,15.89108726611295
11373,11.440039219888575
11374,16.30843225172597
11375,17.17359875613292
11376,19.730250746850093
11377,15.454654275755779
11378,14.718683794976522
11379,17.064130092178374
11380,11.453554776279478
11381,13.55245298013439
11382,11.595662615252138
11383,14.326047417316929
11384,13.80525150844974
11385,17.954558887336944
11386,13.504573826401632
11387,13.20801839294332
11388,13.523355469125631
11389,8.283399519267814
11390,13.510036615009273
11391,13.636873863798371
11392,22.95441623888171
11393,17.813538944881927
11394,16.334611642949167
11395,19.726868315361457
11396,11.265942505683022
11397,9.985833432986938
11398,11.965478766321866
11399,16.408784363308225
11400,17.525002683233925
11401,19.584132333802287
11402,15.194176433504705
11403,15.410766526690079
11404,24.20464629952555
11405,16.050412685747148
11406,16.64346907266524
11407,10.188377727280926
11408,17.087413566805008
11409,10.639783918414642
11410,19.766479633557065
11411,15.07163773579579
11412,13.552516878555789
11413,12.48481390677895
11414,14.655095423943221
11415,14.814816002984877
11416,14.722485992042335
11417,21.03451640227799
11418,18.542088598408935
11419,11.425377505305608
11420,17.347425940678058
11421,13.349955229595349
11422,17.07934745223279
11423,18.569240333062062
11424,12.657869639259314
11425,16.04755559934316
11426,19.247999241745976
11427,13.405463660030344
11428,21.640922598024623
11429,11.09605960058763
11430,15.874151160940054
11431,20.858144956305523
11432,20.218386296953668
11433,16.133489530822967
11434,13.922185754435649
11435,16.999598217498264
11436,24.156928534125996
11437,13.694830572635276
11438,15.294610866122689
11439,16.88028650160734
11440,16.573604735375866
11441,15.182375981239094
11442,15.25190863665014
11443,21.34660255409566
11444,6.722465980981233
11445,16.6364398052008
11446,14.936639076234119
11447,18.16392621241633
11448,10.996468813366665
11449,23.999503232149458
11450,12.177035264224813
11451,18.157710001792864
11452,13.320824180789147
11453,14.961458784789125
11454,21.128117953742745
11455,14.042318670083233
11456,10.216481725238996
11457,12.558084753232695
11458,19.691554574547407
11459,13.15416322969051
11460,18.193327946015877
11461,12.202183619727458
11462,19.596703729572674
11463,14.884135594092259
11464,17.438123110118468
11465,14.850091202530827
11466,15.414527151012642
11467,15.880477389597678
11468,14.415934016381009
11469,23.276935784807975
11470,17.4492114632054
11471,18.49089289379986
11472,15.588151453530399
11473,17.608237306881517
11474,14.154001342054674
11475,15.681626342692553
11476,14.816612483059842
11477,13.205395500270475
11478,10.426109277754795
11479,12.552799669091275
11480,11.394952595221415
11481,16.413680748673322
11482,18.478726953353487
11483,14.574183921404435
11484,19.689199115182177
11485,12.934550428048045
11486,11.36106133289974
11487,16.887645472550545
11488,15.147833147677572
11489,19.629204337735892
11490,13.211609114780725
11491,14.996437866762383
11492,9.325493146573859
11493,19.657458099346364
11494,16.073730081459964
11495,14.983221126601045
11496,22.33774806714272
11497,17.909478239224192
11498,18.96859398508293
11499,20.415383092665266
11500,17.675777799714005
11501,11.382412205362607
11502,13.675750713759228
11503,13.732237369404316
11504,13.719679529337412
11505,18.965410215066296
11506,17.4512132305263
11507,16.215062053324637
11508,11.923628192352309
11509,10.126379916525725
11510,14.786373143605902
11511,15.04358812934859
11512,20.89304477579875
11513,17.58749697821691
11514,16.879927970916327
11515,9.21707843484887
11516,19.90037102938328
11517,18.346783113887795
11518,24.66396515958887
11519,12.805925131097911
11520,13.823787940583603
11521,17.295026458532888
11522,14.489438653646992
11523,16.295302035853528
11524,13.011766335465051
11525,15.136293476357004
11526,12.872106770230133
11527,13.51032163039039
11528,15.551165326442005
11529,7.600064940066777
11530,16.862335316656615
11531,15.11432254244269
11532,18.073682861838947
11533,13.11520593373746
11534,13.90058250710745
11535,12.174808259192211
11536,17.01484873373137
11537,16.146031518339253
11538,23.449959660185517
11539,11.382479288931815
11540,18.160782324929446
11541,20.45342714592435
11542,14.330715098904177
11543,14.159430208321034
11544,18.767096430515636
11545,15.759846418008081
11546,13.861953263439887
11547,10.995271719191013
11548,24.974610869873825
11549,10.981946492450206
11550,17.80686048538643
11551,14.092340015163526
11552,15.02637711000457
11553,16.612778017751047
11554,16.667093938459267
11555,9.418151189634427
11556,15.018715638733092
11557,16.872963318418527
11558,13.36790292381042
11559,18.453514832356106
11560,13.15466363021012
11561,13.073057151633353
11562,15.816250512676024
11563,11.289398649932808
11564,19.56347956674625
11565,16.71509236578118
11566,25.10590678791016
11567,16.394751731865075
11568,17.47135274568111
11569,9.144819429168447
11570,20.09536809739486
11571,9.543622395707956
11572,17.008163660686428
11573,12.60261377872741
11574,21.107981097474436
11575,12.549489146845511
11576,15.405156229303195
11577,11.308522805100885
11578,18.210253684315827
11579,17.688767611181383
11580,18.149365906547125
11581,16.541822249685083
11582,11.623569517348809
11583,12.905055034568077
11584,16.75807298997486
11585,11.760161179374315
11586,11.043050989966817
11587,12.488969544004844
11588,14.413309013848162
11589,19.685679196275366
11590,18.61048239362688
11591,17.107686638106557
11592,18.71955180367704
11593,20.149119023936137
11594,11.220223228418524
11595,20.101824147935552
11596,11.921243659039778
11597,21.536825118624247
11598,21.634370733239614
11599,16.543682562157116
11600,14.973507153885532
11601,18.065684614005466
11602,10.443083194344775
11603,11.050588565681121
11604,14.993783013892056
11605,18.683834802996863
11606,15.164103063433963
11607,10.96675062706872
11608,18.05687045905015
11609,13.38765073298929
11610,16.714003821846074
11611,16.68904127942184
11612,14.050969868218482
11613,19.224150640894102
11614,16.88151999698471
11615,19.752968811445534
11616,13.980071077654049
11617,12.197345790133683
11618,17.03523499389062
11619,15.62562143988331
11620,18.691297469407974
11621,14.707573770868109
11622,15.162354399749923
11623,20.47421348699927
11624,15.68885980324129
11625,11.71858414137894
11626,16.406349603862953
11627,21.59415690137525
11628,8.25682603070805
11629,11.176161946012733
11630,21.039741401829573
11631,11.200995228129106
11632,18.26368240531
11633,12.644093402597516
11634,13.79869078467773
11635,18.892763966969312
11636,13.456459750192021
11637,21.443909537192795
11638,15.152336644471985
11639,14.647445198283103
11640,10.028454872190132
11641,9.534357731633024
11642,16.101318884081007
11643,15.37918692922667
11644,12.67161440937841
11645,17.04759078235704
11646,15.963249756989978
11647,10.230279120691877
11648,12.239469591049517
11649,12.46752968374997
11650,14.417706941497977
11651,13.963238566871453
11652,24.044896482180555
11653,12.128631960664727
11654,13.074676971898489
11655,14.942415464977298
11656,19.026968481844126
11657,13.346265375343762
11658,18.903638422925518
11659,16.054006721471588
11660,16.1692370830568
11661,16.898818883973878
11662,21.277918451876218
11663,13.368675205794109
11664,15.364759257186286
11665,10.981597512398196
11666,17.913054662524452
11667,15.197950178425877
11668,11.796441271086035
11669,11.938460159012823
11670,18.382558978372778
11671,15.101992718122716
11672,19.376389192175957
11673,11.911793454048532
11674,14.126902876635558
11675,17.833396017355255
11676,12.374629193745053
11677,10.326607700704496
11678,19.625300882131626
11679,12.785257082863229
11680,20.138277900540334
11681,17.650174710491626
11682,15.728511634882029
11683,9.52375853223159
11684,17.116196406097945
11685,22.6760773332407
11686,9.004595538969959
11687,15.2893536210367
11688,16.439703077642914
11689,13.759918565086796
11690,20.91652312348954
11691,14.000201413795203
11692,13.745516406686965
11693,14.393205560976941
11694,14.196197075070412
11695,17.2396161422595
11696,7.620959624134815
11697,15.201448041748336
11698,19.238443503076233
11699,13.801187316683787
11700,15.548947530402817
11701,15.584184119013829
11702,11.269456424724627
11703,15.47325403535287
11704,15.399451735133459
11705,17.73016467650479
11706,21.105992907086446
11707,14.949453364659007
11708,14.746933538304102
11709,18.692291459938154
11710,14.147085627962188
11711,13.821168919346523
11712,14.585289925956236
11713,11.04589610295031
11714,11.074114294418937
11715,13.380322384428775
11716,20.114402143546727
11717,15.589447052054686
11718,24.527273450778335
11719,16.893663269825442
11720,18.57636481615385
11721,14.092924652640276
11722,14.246764927983843
11723,12.376052851657034
11724,14.6163054074025
11725,15.66590778233752
11726,15.159304860915618
11727,16.007947697462047
11728,18.42397323105019
11729,14.846604666963064
11730,18.060655200850732
11731,20.372217623884083
11732,10.253422676964089
11733,18.285388212091895
11734,16.44102628894224
11735,17.759444724291594
11736,9.011867504760113
11737,17.08191384473153
11738,17.721829747042854
11739,18.95279293355321
11740,10.294921444690292
11741,19.245029813774238
11742,17.350125809315262
11743,12.25259183760793
11744,20.899129318621075
11745,20.345884649531243
11746,20.198556549029377
11747,23.312502669647966
11748,16.98409597800861
11749,16.00103106874337
11750,17.87664606522662
11751,16.120110702662007
11752,21.548418822599608
11753,11.954469150341833
11754,15.561852228899479
11755,15.677397332819362
11756,21.17450485135792
11757,21.773949928822116
11758,11.069137667974701
11759,18.964912621844462
11760,14.369921706427101
11761,16.08556688008257
11762,15.02418327211142
11763,13.713647907871518
11764,19.48342302911221
11765,16.2383664783836
11766,16.460626618392638
11767,12.822671959658237
11768,9.665503223455215
11769,10.499489809698307
11770,19.695526636918537
11771,16.915791931587993
11772,16.6751113863516
11773,14.684572681323369
11774,13.45005897254949
11775,13.040176273750067
11776,19.594432648648915
11777,16.686356956710355
11778,21.4464850402708
11779,8.905003306039763
11780,16.146371748163723
11781,13.66633597822062
11782,13.686363524936509
11783,18.60615723508247
11784,11.777913769915362
11785,20.195548445039805
11786,19.611770737194504
11787,14.942976057648881
11788,16.12865458320045
11789,14.004809504033847
11790,15.62968772095179
11791,19.284375227755277
11792,24.823483962823182
11793,13.601192193363936
11794,25.798439674599855
11795,14.3622383312263
11796,19.187752950710234
11797,18.671670694802042
11798,11.432354905305836
11799,8.750120124439553
11800,12.62367157322014
11801,9.557269421630343
11802,19.231654877405994
11803,14.219686420062455
11804,16.009292546190267
11805,17.36509857465351
11806,12.02631802933366
11807,21.972662984681563
11808,13.539993566513846
11809,14.65214097761875
11810,16.404027228786624
11811,19.888472460331315
11812,9.882089888559598
11813,13.280603359611172
11814,14.330663939063003
11815,17.515114689151332
11816,16.670519223390393
11817,12.198293411912818
11818,17.371695530485844
11819,16.017248961437918
11820,13.899546950070256
11821,19.67033619573322
11822,10.736306409061752
11823,18.7602994652817
11824,16.022938655141967
11825,10.435477731784975
11826,18.771089720930682
11827,12.858960061543344
11828,20.111611381457188
11829,19.497017770786158
11830,16.08155033113548
11831,19.06064740595525
11832,19.113199203416954
11833,18.278769520822955
11834,15.879828693802313
11835,12.163820878508663
11836,13.858431919535349
11837,17.788246234691528
11838,17.971201591185242
11839,15.458760915105934
11840,12.459559271673903
11841,15.180452853056728
11842,12.400975434427764
11843,14.0938072396083
11844,16.39871087277381
11845,13.518187696864123
11846,20.774223681992797
11847,16.009026132049186
11848,17.942541665258958
11849,10.452204702805098
11850,15.438119963373282
11851,16.539730954112837
11852,14.351926226346853
11853,17.927254944451093
11854,23.569432008563716
11855,14.68687548818781
11856,17.296918666162405
11857,11.865528132863911
11858,14.761815123789471
11859,10.990061847217653
11860,21.271578751138918
11861,11.692882405393942
11862,10.060354316861895
11863,12.857975736115462
11864,15.00364116249904
11865,15.560472818083852
11866,11.3022467080161
11867,10.018520757261665
11868,17.777849925974216
11869,15.647741625152083
11870,12.277932051435013
11871,13.032674387696447
11872,18.699355977963705
11873,15.222345545585032
11874,17.899435482246204
11875,8.782990598649596
11876,11.35940053770518
11877,14.260359660556107
11878,7.777435221096823
11879,11.916134310732627
11880,13.673132291802549
11881,14.71867457626931
11882,13.349630386021282
11883,16.28156145753098
11884,12.820210304339163
11885,14.560691007934118
11886,22.89911679226649
11887,23.31700852862025
11888,15.056469105145489
11889,19.490295578572137
11890,22.656398275508955
11891,19.875160323573798
11892,17.150292359382938
11893,15.603754860846312
11894,18.051655635162764
11895,22.756286271369525
11896,22.16837651000128
11897,9.613987676607671
11898,15.742483657788133
11899,24.529298270862945
11900,13.092632269661836
11901,14.270021988685317
11902,18.78210038864222
11903,11.273709165706196
11904,19.174942703759463
11905,13.782679590383301
11906,19.158939767044487
11907,17.716319379491285
11908,14.329498956699586
11909,18.207632181887696
11910,10.972326484443
11911,19.630571640859756
11912,20.331353578240783
11913,16.817948470530908
11914,13.276499972033205
11915,9.711416765895153
11916,20.207946309217093
11917,13.207250351066527
11918,13.462953765265398
11919,10.821460202741518
11920,12.325298327582665
11921,13.853850824691419
11922,17.070020622785616
11923,15.873500690707765
11924,11.480390193396023
11925,18.721073837097194
11926,13.432637963060106
11927,11.710860031220808
11928,14.242491917342761
11929,16.866651817896347
11930,16.785071933593905
11931,11.430724367995296
11932,19.141248985971135
11933,14.249918701439748
11934,16.596465206326403
11935,12.392915967477796
11936,19.6453658816338
11937,18.368108865225945
11938,11.887636305904195
11939,12.243006095753287
11940,17.841610914182578
11941,9.374677209246821
11942,24.081822541631233
11943,16.757880430990234
11944,15.70667201707254
11945,16.056749693243372
11946,12.797395024952365
11947,15.159353029093968
11948,13.568806858163153
11949,18.6965867770445
11950,17.36418900257184
11951,19.11994837551414
11952,14.173336767587791
11953,7.588423709596029
11954,17.14181322790248
11955,12.954381260650727
11956,15.922751692272087
11957,15.27508998085992
11958,10.557321598160723
11959,14.226307797334325
11960,14.995318795809725
11961,19.67366312216241
11962,11.067568703903348
11963,18.30443240019912
11964,13.23621083888164
11965,7.070012846735038
11966,12.36899891062723
11967,13.378742358148028
11968,18.721794641994997
11969,14.093594596408895
11970,10.050854137985212
11971,10.187386011539477
11972,20.27744540683795
11973,10.931785947286128
11974,13.637407661575338
11975,18.152756719512357
11976,15.496851664323284
11977,15.086163025687359
11978,13.751995687205937
11979,24.327525399678727
11980,15.340910282454388
11981,21.814237269087368
11982,18.368615778729154
11983,16.300047391096776
11984,19.14410201115763
11985,15.278083518689373
11986,14.842751973928866
11987,21.08956736497365
11988,17.282555426023308
11989,14.315664103806089
11990,15.21665610954953
11991,11.228040644633023
11992,19.705706009380435
11993,13.216248569296502
11994,9.472229300785743
11995,11.726515766049975
11996,11.943366413516452
11997,24.286091745083617
11998,13.848816671350455
11999,15.950173567522882
12000,18.449741045369144
12001,20.119252815067696
12002,17.273222779197177
12003,21.3610211261182
12004,12.012229520125413
12005,10.77804381120843
12006,11.105724423089772
12007,14.232612286594353
12008,13.343226143479328
12009,12.50586489991821
12010,15.921685102246098
12011,16.327072549573323
12012,20.027936169296005
12013,20.967059226109424
12014,14.133366585183435
12015,18.64305299038092
12016,16.83162204821155
12017,17.887541898464917
12018,17.650885651128753
12019,17.76252447346277
12020,17.203482637024024
12021,12.741997304789212
12022,8.276080339398245
12023,13.22135395205099
12024,14.746713375182814
12025,20.047047349447325
12026,15.049549407221871
12027,20.29055718992342
12028,10.251226484366263
12029,12.933014860913708
12030,11.037917955954088
12031,15.025750778075864
12032,17.9626747567253
12033,15.198206797847078
12034,7.256384954849953
12035,12.932691300217428
12036,19.908185391686608
12037,13.968585247826272
12038,14.160955013162596
12039,19.017578186415285
12040,16.05762163891279
12041,12.703898252308761
12042,10.48455299237599
12043,17.669739416801534
12044,20.553386369250344
12045,14.627441234610048
12046,13.789443865325076
12047,16.114577399595575
12048,15.776697307123348
12049,15.960608488765384
12050,14.468623806397547
12051,21.02211985819186
12052,20.67883879801224
12053,15.372515235986844
12054,17.87407252011896
12055,16.404528117945727
12056,18.840445450439564
12057,18.081929209098863
12058,13.864102886045583
12059,25.509654364733912
12060,17.9018654838977
12061,15.289714927081231
12062,15.542403984255468
12063,8.468935735417602
12064,14.20771801989699
12065,17.64737812742054
12066,15.572956098161011
12067,12.10353487348729
12068,16.53392319213725
12069,13.035858309595632
12070,18.141201723383936
12071,16.83758859326722
12072,18.78535086828495
12073,13.447014404298312
12074,16.81032308696842
12075,21.066285604687327
12076,9.01776047933515
12077,20.132489095684882
12078,15.426206515690499
12079,17.076160377143346
12080,12.741395192865248
12081,13.012249540791686
12082,16.60026665000708
12083,8.375773440804883
12084,15.615679165755473
12085,17.41329260260768
12086,15.726211840579278
12087,19.074610152701986
12088,14.180031915233942
12089,18.411429143643467
12090,13.182597456155943
12091,20.06204235507219
12092,13.478433153110366
12093,21.57404713949098
12094,16.267063812142105
12095,12.547689322771403
12096,14.723584895716382
12097,14.655713951380449
12098,14.453665650133049
12099,15.504546982386067
12100,13.792917293188612
12101,21.005568447379158
12102,11.142299029314596
12103,19.691031992139983
12104,15.13485121102698
12105,10.843613918575716
12106,19.859880251356216
12107,13.952017021241188
12108,10.570997748966562
12109,15.567840250273491
12110,16.039781389961806
12111,20.70540268384496
12112,14.736632128155007
12113,12.807336318373853
12114,14.98635438454626
12115,18.482371235188843
12116,19.95522561848042
12117,18.390204022281416
12118,23.79080315616227
12119,20.17177856729815
12120,14.612893532841545
12121,18.55652294116048
12122,8.860507078073942
12123,17.69630048093323
12124,17.900156092898534
12125,14.919090350990656
12126,14.598775523250705
12127,15.899481619699726
12128,10.046321538033485
12129,11.178638913523281
12130,14.841474435159087
12131,15.968187940551928
12132,16.718871060399913
12133,21.796610175248617
12134,17.01864473781896
12135,10.08443125649665
12136,13.634138226929947
12137,16.903453618396497
12138,19.49412945609654
12139,18.083308988550186
12140,13.096038637005353
12141,16.81342906532126
12142,9.760287195360306
12143,10.805963701160302
12144,16.307565000530687
12145,15.989383490706324
12146,13.495844325230854
12147,12.418881543675056
12148,11.97938913382494
12149,16.94754881922654
12150,9.151701068781637
12151,17.837273931339524
12152,13.082978821919447
12153,11.024780749144023
12154,15.124753092266008
12155,17.392561944772737
12156,16.66347583101281
12157,15.453346970118114
12158,18.458421426399134
12159,14.6959552208765
12160,17.25787659425962
12161,10.264820803904378
12162,14.050549559154344
12163,17.614645268812307
12164,12.83957463885221
12165,19.986760624180864
12166,19.839689326693886
12167,19.862356228799307
12168,14.822030657641196
12169,18.57555444408235
12170,16.039727081519946
12171,10.460154100543026
12172,16.504983762892238
12173,15.367857464279309
12174,14.601245611358145
12175,13.133779298649696
12176,11.442049652714736
12177,12.034500915667
12178,18.00268156823183
12179,12.350675378141567
12180,13.543423658072435
12181,13.4899177312474
12182,11.37097210006977
12183,14.441523972449739
12184,15.204541879556535
12185,13.914413691072202
12186,11.445379678388964
12187,22.515318932066585
12188,11.258073228704141
12189,13.089143388546619
12190,16.502196360717978
12191,20.538897809938405
12192,13.921375787816109
12193,21.21112737052183
12194,11.815608770680075
12195,11.822541193289915
12196,19.398500917683883
12197,14.249707760450299
12198,14.913487621070221
12199,23.31644457158749
12200,10.247094215594306
12201,18.691842072453888
12202,12.843960432319705
12203,14.379341852007226
12204,9.123198038972236
12205,11.901008388783271
12206,12.791241348523025
12207,19.802644320384786
12208,15.17473228102664
12209,14.923519232297185
12210,14.609367378844148
12211,23.032619379386027
12212,16.20144776103881
12213,11.025829407971717
12214,18.01697554213267
12215,21.63876588330244
12216,19.078333659005505
12217,13.656456756729849
12218,11.99890126826289
12219,21.337911484063156
12220,17.400702066382912
12221,17.254629146502417
12222,9.972868921136783
12223,10.470491671089665
12224,17.026736057391545
12225,15.014905064918462
12226,14.143614434536351
12227,16.589901602859463
12228,10.883678169766375
12229,14.877036720298342
12230,14.311975043388518
12231,21.690205680799373
12232,18.112103321131354
12233,12.318871437068353
12234,16.237713704456816
12235,14.086914085726672
12236,15.760936820375196
12237,17.501000763494893
12238,15.5180157188941
12239,17.314554085147165
12240,15.363825125353488
12241,14.840991327377829
12242,9.649214684802033
12243,14.46569910989168
12244,18.018614828170982
12245,15.789796901644873
12246,15.76546121268976
12247,14.576384111862442
12248,14.155870131915677
12249,16.584056319705645
12250,10.41884030608071
12251,21.791720723465087
12252,13.619406566822121
12253,13.017518251925324
12254,11.928708871632834
12255,11.237411833995743
12256,13.712065661913357
12257,20.40477197231357
12258,16.748503685145366
12259,20.011716581521746
12260,15.01551152269684
12261,11.641879785873831
12262,11.37184709770371
12263,13.065686744315215
12264,22.124200101733052
12265,18.14872018962114
12266,14.201169120531178
12267,19.952862472803034
12268,11.288932359666692
12269,9.436805308023281
12270,22.48526336439369
12271,13.01951774929556
12272,13.746762562864456
12273,19.111121029773418
12274,15.205171380642565
12275,16.42115899353653
12276,19.731453766580113
12277,25.80489315504822
12278,15.420889832382334
12279,12.348536004920453
12280,14.823599358832404
12281,14.845954584154692
12282,12.459324499763536
12283,11.925645199278192
12284,13.441582385397066
12285,19.893317765563875
12286,14.710586595976686
12287,18.91888192933049
12288,12.930054509558262
12289,17.019358339243546
12290,12.693876693481624
12291,11.022727356936759
12292,18.158172970736707
12293,18.611662512490792
12294,13.847610073477092
12295,15.289407018168536
12296,13.060914055167421
12297,14.36699609482189
12298,13.45201037948609
12299,17.531632648633988
12300,17.32579414452555
12301,21.493766957439924
12302,18.138352028474372
12303,14.026147544582859
12304,12.741436392386401
12305,16.315593940013414
12306,12.31605493339735
12307,16.968386927313034
12308,16.22107597753499
12309,15.790632911474635
12310,18.542831686919236
12311,21.136405865026635
12312,23.959771247122113
12313,15.592269373411773
12314,19.553526880884423
12315,18.18357590710845
12316,13.65890636225192
12317,17.372772586859483
12318,14.843277749087537
12319,20.334942745027483
12320,21.267339358631602
12321,12.451652485042331
12322,23.22138367484249
12323,20.882467196535003
12324,18.111666149662817
12325,8.880218652700428
12326,15.644738473438588
12327,14.827896603456143
12328,13.907447824285132
12329,18.23677894396111
12330,17.647814566509975
12331,13.227783351215908
12332,22.992382548772255
12333,13.691305487712228
12334,20.23432573709639
12335,14.988009028430202
12336,16.219086844398632
12337,17.419726050158598
12338,15.726864301928149
12339,14.775141001523524
12340,21.33299540489234
12341,8.194749949752465
12342,17.300517803555053
12343,11.102690475011672
12344,14.804086772880423
12345,15.97761083873971
12346,14.82516385262336
12347,16.65762317856467
12348,16.864124296788773
12349,13.49141737289065
12350,9.740560932353649
12351,14.438506657149013
12352,11.276098580448519
12353,16.68087736402977
12354,17.940876369398747
12355,14.945181300649717
12356,25.271559415225617
12357,14.137784265462427
12358,20.55493098738737
12359,12.842168264637023
12360,10.272574901625388
12361,17.17146960310838
12362,11.808723658922343
12363,14.283102911144445
12364,15.51331071243055
12365,13.123164910513845
12366,11.531107492446683
12367,14.133944226912465
12368,17.06768323333813
12369,10.306425355540402
12370,24.77508466490496
12371,23.292329380014866
12372,12.526562748541448
12373,16.384237171865394
12374,13.40281137674706
12375,14.67786743721386
12376,11.888744092225615
12377,14.092887320673576
12378,15.37834893365193
12379,12.37551769588229
12380,15.059404269822748
12381,9.007194339552619
12382,19.50043210830699
12383,11.702329159432747
12384,15.169174454514431
12385,19.134580066817147
12386,9.188960036204488
12387,16.288673938116535
12388,10.311088699710407
12389,16.11619524948911
12390,9.662775836901979
12391,11.8145675592055
12392,14.409083433816193
12393,19.63713061075648
12394,12.359902986350768
12395,9.11523141688427
12396,14.902518248194248
12397,12.38563984552407
12398,15.897703507214036
12399,18.780975708299465
12400,16.49066437074005
12401,15.727945537943608
12402,22.700194603608328
12403,19.80699544001221
12404,17.378441651314787
12405,16.248023495848184
12406,12.51281922874766
12407,13.755267320755713
12408,13.897964024329635
12409,19.140756434300066
12410,18.518471131996257
12411,16.715706468102375
12412,8.980706284464933
12413,19.984124941281944
12414,15.359302434383249
12415,14.658475573979452
12416,10.76627022028512
12417,23.948253437539
12418,13.477059820100997
12419,11.87344247088278
12420,8.703916730051441
12421,16.037695223879165
12422,20.202473052913156
12423,12.760607387434908
12424,17.63562973170867
12425,12.085328150697038
12426,12.398633489696813
12427,9.340815906516198
12428,13.666863651769006
12429,16.286669456995618
12430,16.22469038511033
12431,16.53324766527376
12432,11.567776934453974
12433,16.644947222967883
12434,15.277166095078254
12435,18.911456328323396
12436,12.315610531313691
12437,12.45766724392593
12438,15.330420008856954
12439,15.384121559276046
12440,10.606143626953106
12441,10.109936164233936
12442,14.380478878416547
12443,11.627942299858336
12444,13.993391695524755
12445,13.620872633993162
12446,13.719981881497116
12447,16.223935457118824
12448,19.7965604852035
12449,16.64037249011276
12450,15.268285939478455
12451,13.43396353988659
12452,18.476120259591823
12453,15.466311890249258
12454,13.987878865392286
12455,14.344648487037176
12456,18.633850512800432
12457,20.128311118612217
12458,11.699034951538291
12459,20.099201071849876
12460,17.90313081842145
12461,12.604935967372713
12462,19.238418747068994
12463,11.699886764821388
12464,11.870861585087184
12465,19.833167253478578
12466,23.942935458042577
12467,13.51016833577114
12468,14.223198793982522
12469,17.477284191757917
12470,14.510903178978483
12471,16.777749508734793
12472,16.5221143815553
12473,17.18774530291335
12474,12.42023324452703
12475,10.496866024855734
12476,10.998244877549576
12477,17.51736423026886
12478,12.824498490828741
12479,10.470079266983731
12480,13.665530326292826
12481,17.8240271051691
12482,22.42417487879896
12483,17.137677063944857
12484,10.190283054488388
12485,16.158849980447826
12486,16.254058718254207
12487,19.356114413267147
12488,11.085449238037361
12489,8.434617338793732
12490,10.877431121484246
12491,23.54201655684095
12492,18.83519495572898
12493,16.321762204224875
12494,20.090328120590705
12495,18.982102010711444
12496,17.31760863089585
12497,20.42039345272994
12498,10.852365399272625
12499,9.070928864603786
12500,12.797795237210892
12501,10.780998363580501
12502,18.26086374309849
12503,15.858337519913432
12504,12.540979665958695
12505,8.223132844849522
12506,10.886396383214262
12507,10.112680938341228
12508,10.998294427344824
12509,15.974696272570434
12510,21.909009365464293
12511,15.695702938860316
12512,22.105965908975858
12513,19.245795514488854
12514,15.215400176133379
12515,18.472245484251847
12516,12.537779121706155
12517,13.603649111905945
12518,11.678707682809598
12519,13.294943600937808
12520,15.483760796417016
12521,11.709872400281542
12522,8.256752212595392
12523,9.133067277081933
12524,14.38546510036002
12525,13.497635606688917
12526,14.328155151531568
12527,14.891573826550058
12528,12.77711635846988
12529,24.60663917468748
12530,13.901154191963135
12531,14.629343028993292
12532,15.11788250599518
12533,11.22155960751164
12534,12.582099105008163
12535,18.274152947447533
12536,16.000431522605485
12537,21.139733036648998
12538,19.502646592671084
12539,17.115219883117234
12540,21.666139532505273
12541,9.400368758817706
12542,10.285331533141969
12543,9.459210640004496
12544,23.40538005952667
12545,14.735101629683337
12546,10.944361686688357
12547,17.24037988842432
12548,18.882703774658513
12549,17.98294035360229
12550,13.181563037259654
12551,15.233951353479071
12552,11.227325891587498
12553,14.471404274351208
12554,13.292949785342346
12555,15.759077254196663
12556,21.989891729910532
12557,16.180296697500776
12558,16.97343379310793
12559,15.892077262382664
12560,18.606089195119072
12561,10.956432772616207
12562,16.688045729342747
12563,17.573845332807018
12564,12.963725162705696
12565,10.277263351176085
12566,17.671471899626987
12567,12.06685768751356
12568,10.939243414367509
12569,10.838880473066054
12570,18.776318018375903
12571,14.02703768882353
12572,13.07932901632504
12573,14.68693992686096
12574,9.454324118638002
12575,15.228768499648346
12576,13.295928805488883
12577,16.96489796717738
12578,19.41399745237478
12579,21.322163977921193
12580,13.342760788663224
12581,15.017203310250226
12582,17.385921670728123
12583,19.75279012463588
12584,12.634446618650657
12585,17.727282188557187
12586,10.636874511216412
12587,19.602150698457752
12588,14.426032124470092
12589,13.012144003034356
12590,17.964367976298867
12591,17.690113410268964
12592,9.496965389015685
12593,13.479069249310312
12594,16.320940406492806
12595,21.235498499416742
12596,8.488158555177165
12597,13.623505178840833
12598,13.471680550830706
12599,12.135947244654378
12600,22.85860055469344
12601,13.172641391952478
12602,15.46697131068223
12603,19.586748666610475
12604,24.30453209551604
12605,14.87387077729998
12606,20.847595583476597
12607,11.306089373888124
12608,22.170299976216885
12609,11.383654914108677
12610,18.118193019581064
12611,17.79794604640973
12612,21.79211514391544
12613,10.715515399170751
12614,17.49696745907439
12615,20.145542812596908
12616,9.734613462963589
12617,23.205075546156195
12618,15.554754250813515
12619,19.458677765439372
12620,11.320108796090777
12621,17.134008127981772
12622,16.260558707061033
12623,18.8449223245117
12624,7.756205711698854
12625,12.550446974380563
12626,20.752507147317342
12627,17.77637387894843
12628,17.09795648007274
12629,14.139780280497174
12630,11.053029731996896
12631,11.954055729243734
12632,13.462436718637864
12633,17.592425780066403
12634,15.492045505216876
12635,14.630747547931266
12636,11.195339348599887
12637,16.42901156762678
12638,22.899364430798077
12639,14.325530678044906
12640,8.481126638388933
12641,12.317677902099824
12642,14.914393766676866
12643,18.2004816880601
12644,20.30470956209685
12645,13.214039629338158
12646,12.805530119304656
12647,13.851711697507307
12648,13.530587595010644
12649,21.076992126239034
12650,18.879329558917835
12651,15.809682728266925
12652,12.873710230938425
12653,12.356169939080932
12654,13.165499116419465
12655,13.623812279445218
12656,15.731974990463769
12657,12.485464021404692
12658,15.831941551168917
12659,15.451548622256547
12660,13.379463232119155
12661,15.451421333693581
12662,10.298150890731868
12663,13.17520236929738
12664,24.129720724947326
12665,19.85120414019167
12666,13.820554482799363
12667,14.372455863594418
12668,12.760757895748979
12669,12.199571561010778
12670,13.368622522172632
12671,16.93080340422202
12672,16.10120457138445
12673,13.37082688089146
12674,11.045129693499351
12675,12.118300147581742
12676,18.7841479590343
12677,17.359582360185787
12678,14.658387556634466
12679,16.259738838300343
12680,17.8555041177721
12681,16.242718718145916
12682,20.467560213918794
12683,14.916698590050823
12684,15.468971927639323
12685,18.184953994743704
12686,14.794899778572624
12687,17.73425461237035
12688,16.55857159036492
12689,14.51029226383778
12690,19.138664536216133
12691,14.883597476076028
12692,12.495461244838268
12693,11.601549501575734
12694,16.797767741237465
12695,12.267622130526629
12696,11.702496545319732
12697,13.20413681831558
12698,11.400811809964289
12699,20.51129392022358
12700,14.895630455937784
12701,8.392920294722103
12702,12.537496590983311
12703,17.300290999772635
12704,16.28104134261561
12705,13.562795517887153
12706,16.83704576570009
12707,18.70395106946888
12708,11.88031020711643
12709,15.718663220573118
12710,15.656511508182424
12711,19.84189092929325
12712,14.058009792638483
12713,17.85413500546626
12714,14.685451757558385
12715,13.33918511234069
12716,14.025116797877637
12717,14.53348476400676
12718,15.273738616309956
12719,18.674219953030658
12720,11.054467515369295
12721,15.272078097968437
12722,8.958108515595043
12723,18.167945098345776
12724,15.045066846623616
12725,16.874101218149505
12726,9.038275946264685
12727,14.345139225385537
12728,11.904787746659085
12729,14.434494006584021
12730,15.420410864321166
12731,10.91164404877552
12732,19.351660948485325
12733,14.089075803119881
12734,13.678401687942547
12735,14.737555608828327
12736,11.137351772065475
12737,15.919567410829195
12738,13.53641463920377
12739,18.458672052725277
12740,17.826536357913263
12741,14.960215359371798
12742,19.911798036913776
12743,14.617585671113172
12744,22.145852897825442
12745,13.85615811570016
12746,16.895827774862774
12747,12.890314072507547
12748,14.542271419994908
12749,18.036761934615463
12750,20.733529923263553
12751,18.61496709043441
12752,12.272838760933599
12753,14.725523511779937
12754,21.77592335688378
12755,15.138478116767999
12756,16.84412928145538
12757,15.271463433961504
12758,10.976549413581537
12759,15.969787623217414
12760,14.245756125996664
12761,13.60270861454015
12762,19.62938188122962
12763,14.347611516179509
12764,16.837732335923455
12765,15.6788536736068
12766,20.02299290964324
12767,14.841571021401952
12768,10.830889063479194
12769,19.869553982434667
12770,16.92081820857385
12771,13.127326775517698
12772,19.420914544754545
12773,17.649471256413754
12774,14.850653384175551
12775,15.302876050368045
12776,17.031351398316154
12777,11.074955004875527
12778,10.00806261505716
12779,12.757490035334893
12780,13.984322549530463
12781,16.393744275245243
12782,10.805664319909535
12783,20.137287363966337
12784,16.929288439858773
12785,15.518550751898777
12786,18.135707216505118
12787,18.051873100895662
12788,13.739136367378123
12789,13.215265333293516
12790,18.883343992804047
12791,17.897400316973474
12792,11.434975913223447
12793,15.246576093560515
12794,19.815348022458327
12795,12.931041802974846
12796,16.146421433775032
12797,12.006688076294033
12798,16.048808826169203
12799,14.47185781720981
12800,10.848664878124492
12801,9.782176158949364
12802,13.336802631317546
12803,15.754590365129292
12804,12.169846994739167
12805,11.593095130362187
12806,14.68318264269052
12807,14.60458409198307
12808,14.228907445802609
12809,20.395458351894007
12810,21.522072932151044
12811,21.680294706259396
12812,11.934428435724389
12813,14.187301045673484
12814,18.514985082752922
12815,14.299660403665678
12816,16.2809701640276
12817,13.225092158050687
12818,11.747477617973361
12819,17.642878711092465
12820,18.901616672358884
12821,18.50019156954044
12822,13.137615235338885
12823,13.847712904185233
12824,12.934549971627337
12825,15.82073557246044
12826,11.48682235818477
12827,15.597037066507976
12828,16.361153999548137
12829,13.517004269328373
12830,13.475841160289466
12831,10.777126494528897
12832,15.775035288717202
12833,24.714353813503706
12834,15.66700443411347
12835,15.47068760912501
12836,15.72508265956136
12837,19.005138409566293
12838,13.636211621117816
12839,22.631021029536807
12840,12.915904381727561
12841,13.76035352564173
12842,13.288642840242362
12843,20.297060576415763
12844,11.430648966478174
12845,25.571268741364676
12846,17.559357482159818
12847,25.451679090318652
12848,10.509187615971442
12849,11.4686848890798
12850,16.32969295874301
12851,18.20785789707175
12852,19.70722135456129
12853,17.77342092149116
12854,12.452736905837767
12855,19.010554423560716
12856,15.957559123279802
12857,17.190841514062974
12858,17.465458606209793
12859,21.632014317682916
12860,19.48109318447542
12861,18.213980426332807
12862,12.9121739427439
12863,14.968672413654653
12864,10.912343463613754
12865,15.78119157137797
12866,16.831863986630612
12867,18.846868815485777
12868,17.97073861151513
12869,15.465315033408256
12870,11.020591087178069
12871,14.007900708809611
12872,9.640474252634357
12873,10.356595675751802
12874,16.53202609452793
12875,16.745738279964065
12876,13.672818747653082
12877,12.774557344736067
12878,13.24773188739712
12879,18.190671551847046
12880,11.308772811387932
12881,22.874943174961505
12882,20.397789465205484
12883,11.609293234855883
12884,14.63161793098904
12885,21.39710422852592
12886,25.761378439259374
12887,12.285352493406965
12888,13.729875041209095
12889,12.657995064802861
12890,17.973699562824724
12891,20.564107968723008
12892,15.010381817022898
12893,16.191150965721153
12894,13.751149987527556
12895,17.955119965263236
12896,12.879368145925161
12897,13.69706031744857
12898,14.488952184424734
12899,15.92879176615569
12900,11.790369244942742
12901,11.560580770328068
12902,12.065265565428932
12903,8.812273757037886
12904,23.873811835598893
12905,16.05051027373126
12906,15.368968553814975
12907,14.445712084670333
12908,18.12810077067926
12909,13.774270999067024
12910,17.264402825358193
12911,18.123093415169905
12912,15.047566625655236
12913,20.465206797668092
12914,14.534509678358784
12915,14.937839293502051
12916,17.904478791514723
12917,20.59005983889771
12918,9.649800015974474
12919,19.443511895337092
12920,19.03025590069248
12921,15.857743227654709
12922,16.20485605516549
12923,12.519012549634049
12924,12.125185758697576
12925,22.827282330830315
12926,10.145244648662665
12927,12.635105339381504
12928,20.986310311071815
12929,12.000052646973279
12930,16.929898338901673
12931,10.917585809964322
12932,11.141191419398133
12933,10.060919198200551
12934,22.11512166502015
12935,8.963337026812948
12936,14.284319962944283
12937,18.83274333962329
12938,14.226415819693617
12939,15.123075370976212
12940,15.234382362330901
12941,15.19377395488345
12942,19.373636082808808
12943,9.787169850713122
12944,20.233999117677534
12945,14.813934251666318
12946,16.67021211321138
12947,15.65430797607721
12948,15.67536309133624
12949,12.137712472287948
12950,9.341525897027573
12951,17.62104911340574
12952,16.387125846755275
12953,13.049593042137278
12954,12.237936766546786
12955,12.132425433337177
12956,13.655586990061014
12957,17.60923338553302
12958,13.143863834092501
12959,18.86643336024322
12960,12.160854993334212
12961,18.974706621864613
12962,15.882971470488467
12963,12.409011361837107
12964,16.36711375416617
12965,13.045508720615034
12966,17.749915684352672
12967,14.107655921104648
12968,11.144251606967549
12969,16.16829125260823
12970,13.896530767936511
12971,10.977394301940672
12972,10.99046146738388
12973,17.527404080395055
12974,16.614461280858468
12975,14.502881761879149
12976,13.692886368818094
12977,18.890441627789542
12978,18.350778562541038
12979,15.525833441701506
12980,10.956265724017621
12981,9.577596492516411
12982,17.10292179456042
12983,14.432361411387689
12984,7.8577308507654315
12985,14.025320840280287
12986,13.433141732553665
12987,14.320465049866687
12988,15.361503465155
12989,13.821854052810352
12990,15.138610247938562
12991,16.188805332901087
12992,14.600443275192207
12993,11.71678246582049
12994,9.893034424173102
12995,21.421568950454358
12996,16.283118522310485
12997,19.468236524991184
12998,11.916126727297947
12999,22.444035552649744
13000,17.78474313284347
13001,21.34489241919148
13002,13.695486317720338
13003,13.70367357776972
13004,16.04867284314954
13005,17.382381550764883
13006,20.633408621499836
13007,19.750725815410682
13008,11.825810263149581
13009,18.417420007784326
13010,17.166434526045165
13011,16.699065806333017
13012,15.34613074301242
13013,11.825189647289173
13014,15.445828942422239
13015,13.20344158194723
13016,12.13224651768465
13017,10.764873126970393
13018,21.80347489888026
13019,14.721480704445366
13020,19.15717249510715
13021,17.231217617735865
13022,16.395052088949644
13023,10.997539111986598
13024,14.41948799023312
13025,12.677576192756183
13026,15.428435457777166
13027,15.432947360777295
13028,13.411095608302855
13029,22.838005664724164
13030,11.95821877105694
13031,7.5699842015019545
13032,10.211764443888978
13033,15.271516015716454
13034,16.79664073872273
13035,13.985136035539403
13036,14.126913960921279
13037,13.235211133936463
13038,17.954221670802987
13039,9.578957836553776
13040,13.19421911863052
13041,18.697493452139007
13042,15.226017980345555
13043,14.515766003881813
13044,18.94007337925629
13045,21.033817847103606
13046,18.919461056567698
13047,23.057607248014712
13048,15.769528349484148
13049,12.784118436946539
13050,14.263068907800399
13051,20.3199497595686
13052,17.628778436666934
13053,16.395738925031416
13054,17.81714986090246
13055,10.535186916732613
13056,14.71483045675863
13057,12.238462897899527
13058,16.0674019450305
13059,10.799808645018647
13060,17.670477995457745
13061,14.162400789050862
13062,14.7718332731415
13063,13.806662908423853
13064,13.032660837571743
13065,20.216888330482867
13066,8.855183117296317
13067,17.609625026899018
13068,19.811156366843267
13069,18.209867185145058
13070,6.298454607282062
13071,12.501259084572897
13072,19.49539843604463
13073,15.105458533334348
13074,12.088068093892954
13075,15.64308134407461
13076,14.924290172349579
13077,19.268686980194346
13078,24.43147379575514
13079,16.428519232623415
13080,18.873737786371684
13081,16.843381596853764
13082,21.05603517199284
13083,14.551790147070202
13084,11.829665191299082
13085,21.86963929822471
13086,11.943868329725431
13087,19.549814972770193
13088,17.13590867565822
13089,13.457655803770795
13090,17.548481112780884
13091,14.414277865727968
13092,15.854566547861094
13093,14.651763693044774
13094,16.469572456809097
13095,16.594896200459797
13096,14.965441735068644
13097,13.091307283405111
13098,19.10179911892496
13099,18.29732151420426
13100,17.324640815879484
13101,14.592997283976928
13102,25.511857602643722
13103,18.586103868561175
13104,10.978839062414263
13105,17.036640476667387
13106,21.293070104568862
13107,15.125883870038662
13108,14.913685292829584
13109,14.04084672109201
13110,18.403927571661008
13111,16.296424137957708
13112,9.855465184827667
13113,14.272475445854752
13114,16.67140630556225
13115,14.56250993308984
13116,17.04645625490976
13117,13.68550266469021
13118,19.508093788714802
13119,11.515807956894733
13120,17.659437547363233
13121,16.33555478167129
13122,11.763788046611763
13123,14.54735390783635
13124,10.624587440161134
13125,10.318102536423522
13126,22.334580664560654
13127,19.417214551093483
13128,11.997595469513971
13129,12.757432865371102
13130,10.304428623070324
13131,22.23428883519084
13132,16.806505083113727
13133,15.794798525588007
13134,14.45652176532593
13135,15.503488697650603
13136,15.78043908413518
13137,9.973906314453107
13138,15.988505427081796
13139,18.195995849073217
13140,13.764026143875906
13141,15.347793946449478
13142,19.250475354975222
13143,14.662792152824519
13144,22.62424109806463
13145,16.57188376793984
13146,15.819153825596668
13147,15.620875916747881
13148,11.757252848928653
13149,17.714143327444027
13150,13.899546179305261
13151,17.70357177465954
13152,10.278188464679959
13153,11.302917274649385
13154,17.897679693281926
13155,17.36072697167154
13156,16.253252920148547
13157,14.556726748439917
13158,10.681912110282338
13159,18.250691508505856
13160,15.715235355594835
13161,16.14764325961145
13162,10.56897709765984
13163,12.526166743037827
13164,15.466049757362063
13165,13.633092831005643
13166,15.302092396407678
13167,14.747184861194459
13168,16.070935618319
13169,16.172766796684403
13170,10.155312904175812
13171,14.513140459328547
13172,20.298937286035844
13173,11.867723050400535
13174,20.22434492697211
13175,17.74239058555836
13176,13.791848322557382
13177,20.258199687249334
13178,15.642396074799255
13179,13.945494557883302
13180,13.812737439338255
13181,20.18796839902674
13182,11.5886237685421
13183,15.689777210603827
13184,15.251168866171893
13185,15.291723805822823
13186,13.35295574784947
13187,15.098589913203739
13188,14.376151092261097
13189,12.719614728630614
13190,16.49590375523269
13191,18.1006927478293
13192,9.487975294523137
13193,17.60450515922792
13194,13.683669996806238
13195,12.4333192972008
13196,16.95748417428837
13197,11.163991546337456
13198,16.215496766465826
13199,17.62041175820468
13200,12.509214640410146
13201,19.882014826617535
13202,20.149466622306065
13203,14.828709883541586
13204,21.106234562824653
13205,11.056972755244015
13206,15.836712274409676
13207,16.777782163311066
13208,17.681566806117598
13209,13.261337598363466
13210,14.085063824368692
13211,13.105739541400048
13212,17.278970484944526
13213,20.460203054241006
13214,10.619922388804126
13215,16.072601212712897
13216,10.917004634588862
13217,18.33567776737902
13218,18.587847837698966
13219,23.261588050514995
13220,18.45688784530691
13221,18.71783990793051
13222,12.052303734598247
13223,17.440299068202663
13224,21.27708600784139
13225,20.720000198642776
13226,14.280567829465866
13227,15.983843867497624
13228,13.182734731868601
13229,12.748671215832532
13230,11.97720282803791
13231,15.06564645008127
13232,14.990667874723746
13233,16.84026488453202
13234,19.79362442132048
13235,24.161074447964733
13236,11.420059669105141
13237,17.290287713289075
13238,20.36626372505327
13239,18.04380567206283
13240,14.24459115874958
13241,14.47089771888503
13242,16.142654226407515
13243,19.38037599172148
13244,23.387932182916558
13245,14.532758707957997
13246,8.71710913354285
13247,15.6460047697426
13248,9.523827005817202
13249,17.009071159129434
13250,11.059123964889693
13251,16.51836348424292
13252,10.425841683981226
13253,14.090227853024533
13254,16.115679569174095
13255,15.111722542311583
13256,17.701550698831536
13257,10.297775903031503
13258,13.308748112979703
13259,13.872383293000382
13260,17.699208722351255
13261,17.642582155263305
13262,11.526859474405978
13263,19.925941318792873
13264,12.715854595201854
13265,14.792064497004562
13266,19.294971582738803
13267,9.690635837537535
13268,20.91541786034385
13269,12.040526495122453
13270,16.474792519016077
13271,12.852070398030197
13272,18.891977251621633
13273,16.701948586121514
13274,12.560095823498113
13275,8.901412880467772
13276,16.18792501362558
13277,14.851375376575486
13278,15.790691482092303
13279,10.978362908457138
13280,20.010534704291835
13281,12.453548446753599
13282,14.38365642722093
13283,15.746818666043062
13284,14.923001934283489
13285,13.587464197692873
13286,11.858574193083376
13287,11.5778801509585
13288,18.263443879251486
13289,11.651331082058245
13290,9.27439977180742
13291,15.319721586107264
13292,17.468944487086425
13293,16.71222728685169
13294,25.91553046858916
13295,10.557187524052077
13296,12.199600642672058
13297,17.50384891482156
13298,14.695753404416207
13299,8.37881967638276
13300,17.671424636571334
13301,11.359640176057836
13302,17.243854874477794
13303,9.510392500359544
13304,14.57648222910695
13305,15.534467675124697
13306,17.1473520139101
13307,18.20431776698259
13308,17.684711412745564
13309,12.712325246211133
13310,12.336211843616077
13311,13.786354526764583
13312,17.652438177146852
13313,9.082805082778744
13314,17.121089001362584
13315,19.127536674174806
13316,16.72411183283112
13317,19.36046164813127
13318,17.901115640989715
13319,11.635325137392776
13320,11.419043755057807
13321,12.578183462219798
13322,18.26041914249047
13323,13.59303824348078
13324,12.094930102678738
13325,14.859433301684273
13326,19.604854053688285
13327,17.97559346535627
13328,19.502038107175096
13329,18.133856539143107
13330,17.36052693382889
13331,15.06435841145138
13332,16.75320493259156
13333,14.056273738170095
13334,10.029228197353127
13335,11.013348329640912
13336,14.196886712872988
13337,15.6232805631737
13338,16.096661458942545
13339,16.10420464437672
13340,16.196826929966544
13341,18.398214510459656
13342,15.738414270807493
13343,12.094446102264197
13344,10.317320806418465
13345,14.35587324030208
13346,12.078329419301204
13347,19.964383394904168
13348,14.005616204915352
13349,15.894302571702196
13350,12.197855594341423
13351,15.897968564559806
13352,15.60928589279937
13353,18.161435042760512
13354,14.371768770746048
13355,15.26008767052372
13356,14.797312657144415
13357,15.105757367308772
13358,19.225502997753818
13359,20.008029029232098
13360,20.459503963733336
13361,14.142564462593981
13362,12.719434806022743
13363,16.556833193375923
13364,14.182035045311103
13365,15.96152893989102
13366,16.024788957712424
13367,15.16228170434654
13368,22.325135148646748
13369,15.905557695291876
13370,13.107666103731628
13371,15.487805697751773
13372,15.666487092126616
13373,19.999024918369884
13374,11.711171473807788
13375,15.398811656090606
13376,14.11207191515168
13377,21.13210353527926
13378,22.54852481985091
13379,13.708500568042632
13380,21.22987913056088
13381,10.982793086439663
13382,18.39208210469936
13383,15.810918960766987
13384,16.273244273421472
13385,16.870525378430067
13386,22.665211462604606
13387,12.56487655309742
13388,15.167410144390299
13389,17.14854228255712
13390,19.13917644973928
13391,17.681988413610867
13392,20.204727102458612
13393,14.114296813171185
13394,17.094672331783894
13395,14.73547391138165
13396,13.95364349534964
13397,21.43965098461837
13398,15.234455662787145
13399,16.058269652060428
13400,15.567812165530498
13401,15.212038266595737
13402,18.524847226903827
13403,11.867024188314229
13404,12.823849939770287
13405,18.425316000920894
13406,19.393310647857348
13407,20.82493714921872
13408,14.01912986956744
13409,16.277934238045205
13410,18.002981708421856
13411,15.386515547018114
13412,12.704885213526262
13413,15.260649520662447
13414,14.815258759567467
13415,14.391236953738776
13416,12.71784187033396
13417,13.582683017113412
13418,14.687022344846005
13419,15.5313087537623
13420,15.802937430554646
13421,14.29262474616688
13422,18.805094387673915
13423,23.780457736943816
13424,22.423562436405618
13425,13.463133824588965
13426,17.524201570362486
13427,15.215710406095528
13428,14.162820338242156
13429,20.183996171731728
13430,11.074974668779133
13431,15.12707653218241
13432,15.554133828586638
13433,13.809954278575564
13434,18.0635667308505
13435,17.059669992213777
13436,17.419434231752625
13437,15.774452579279785
13438,17.211634107174984
13439,19.37282701432771
13440,14.591983542852176
13441,17.707485717513485
13442,18.04567651002644
13443,16.584579083068633
13444,20.416004033400405
13445,20.07504951911787
13446,16.32999624502197
13447,10.020060276123868
13448,14.043934606209403
13449,11.732475965886223
13450,14.460665901083924
13451,15.233737231549302
13452,9.709115070956052
13453,12.13188643767162
13454,15.06593955694336
13455,10.967650044011592
13456,19.717161451444905
13457,23.131125770356753
13458,12.25392635363337
13459,15.727163281055201
13460,14.519319951636739
13461,8.911063365627228
13462,11.906127462334236
13463,22.227411069792133
13464,10.80198539741377
13465,20.081681387356227
13466,12.253998267375074
13467,12.798936277101788
13468,18.469465135842302
13469,21.114561927792764
13470,9.973047278773837
13471,11.773641062518326
13472,19.599096690129798
13473,13.627403919348223
13474,14.755789040085183
13475,22.049457428117947
13476,17.848174884594833
13477,18.63933046261789
13478,14.308177862713416
13479,14.60136391502509
13480,21.840005809787968
13481,15.458591026740622
13482,17.118178445444485
13483,12.114649266585054
13484,10.400579171633092
13485,16.47629517892456
13486,20.709437106055496
13487,21.47116175272461
13488,12.101801657956418
13489,15.301418744409087
13490,21.266832329630667
13491,12.455461870967
13492,16.851220378060013
13493,15.498949776268631
13494,19.79282810082775
13495,16.89765284457147
13496,14.846358348368161
13497,12.95444024935152
13498,11.414837358326707
13499,14.28865443251518
13500,10.854636390945391
13501,13.939442133430223
13502,14.397722523131257
13503,18.890512148098487
13504,24.302474077845737
13505,12.902379442237251
13506,20.388186072696175
13507,17.607781633549862
13508,19.409880254060823
13509,13.889752158826733
13510,19.156407613767726
13511,17.72234819814286
13512,15.881070339132656
13513,11.806723003643729
13514,13.907755719853824
13515,20.274951582927002
13516,16.392368477639387
13517,13.212924808957236
13518,19.615391872818755
13519,21.843278759557204
13520,17.9803953364081
13521,10.480054101435728
13522,18.390415652085366
13523,18.013762487341644
13524,16.002535147003716
13525,9.565375855242191
13526,11.228211241511392
13527,17.908848395966206
13528,14.770111868723466
13529,14.453016169308368
13530,14.00943703261645
13531,21.757958991361416
13532,18.24268381235925
13533,13.79203895951703
13534,14.30090635722917
13535,9.056177779860661
13536,20.679688755110057
13537,14.331042010931167
13538,19.803343705131066
13539,14.774788862474864
13540,14.373290717854193
13541,21.022934072189784
13542,13.202305204807539
13543,14.59363907536116
13544,18.54618830164845
13545,11.80325595021893
13546,16.85064704014015
13547,19.00118224278699
13548,19.32482305393172
13549,15.21479059981382
13550,16.554892268362423
13551,19.158433562973087
13552,17.613418588373953
13553,19.70796373095769
13554,12.789413093458666
13555,20.61146126896565
13556,23.685735092995778
13557,15.410692385686088
13558,17.739564941460102
13559,12.113788951535902
13560,15.655851659702334
13561,18.718891520993992
13562,17.793638608491143
13563,12.723557771740156
13564,15.971552150867517
13565,12.429248585715701
13566,18.584184247004785
13567,16.945152837833632
13568,15.526441307886852
13569,16.382064394157965
13570,16.22633605070525
13571,15.413563396445356
13572,10.818370706977472
13573,12.834703147762754
13574,14.807633945578136
13575,20.642120186027952
13576,14.525150548733148
13577,14.331193751758093
13578,16.214768365946522
13579,18.51235885747318
13580,10.331549447697004
13581,15.591118097542912
13582,16.208543872576744
13583,15.020069853236766
13584,16.278404478154535
13585,16.341959336277963
13586,13.503285757737698
13587,14.666902619244315
13588,13.218544129798966
13589,13.734676007737063
13590,19.907775303884144
13591,12.652545617771105
13592,18.09902480372595
13593,13.326512711937099
13594,18.498259555877866
13595,15.10895954142153
13596,17.183091797723193
13597,18.88971882682711
13598,13.12024411902931
13599,14.90891442790733
13600,13.221431943389325
13601,19.620753771210218
13602,10.571421510978425
13603,16.610836591907514
13604,15.29911026121081
13605,16.18666491277297
13606,14.296608234367351
13607,21.782977505589088
13608,8.230313266756834
13609,13.465160116779217
13610,12.846648351941877
13611,16.662115495389727
13612,15.20593777827844
13613,12.924705315408586
13614,16.67052879748133
13615,15.934077708724725
13616,15.050168262846919
13617,17.220216791370508
13618,15.86025899828207
13619,18.70819236435791
13620,8.750922391844332
13621,15.965082886657141
13622,13.475725902886309
13623,12.876883950334896
13624,14.238256174353188
13625,11.33664062425138
13626,17.972269383311918
13627,12.938283101943046
13628,19.641379303731483
13629,16.577359159044974
13630,21.582204086075713
13631,11.19209992779297
13632,11.584193700719252
13633,13.957835509160933
13634,15.324841456187599
13635,18.606276582231523
13636,15.392183475114072
13637,15.85515142590318
13638,13.245883837917262
13639,15.980829953646937
13640,24.359738463866783
13641,12.26664308773989
13642,16.288917406222808
13643,18.142423154461188
13644,23.84193034564162
13645,17.487881792432713
13646,16.909981727452127
13647,14.106691979005333
13648,14.081482064721976
13649,16.62647081063601
13650,18.277044244474574
13651,13.258951915972947
13652,12.74317989068792
13653,15.498966144754394
13654,20.10635995014855
13655,15.514346384837555
13656,19.034501870303824
13657,17.906164923297585
13658,16.43581029280184
13659,5.24624856196027
13660,12.057574068184188
13661,16.481196156816534
13662,22.288728364121518
13663,24.560416520819032
13664,22.35477955110631
13665,13.310398383247808
13666,13.843413420047703
13667,13.394702590519206
13668,11.843453307563552
13669,16.119128032494814
13670,11.275212256233342
13671,15.701155175898073
13672,12.959581923466926
13673,16.288484778288108
13674,11.144376251180176
13675,14.207513017595403
13676,17.894477249897378
13677,24.959192823644766
13678,17.801751218081495
13679,15.214805763995887
13680,15.953549765688663
13681,19.41489849738835
13682,15.544124177291007
13683,16.934381560185017
13684,16.54714295847925
13685,20.62463974173743
13686,17.975866961731306
13687,13.671352119923903
13688,18.65932474290193
13689,8.249341455170105
13690,11.073461759559436
13691,13.34785003854019
13692,16.661004194537888
13693,11.516561100548055
13694,22.65349839415481
13695,22.316435882927877
13696,12.824243415460177
13697,20.13898667490605
13698,13.743179320916097
13699,15.055796102252543
13700,15.768876884413423
13701,12.370511903599967
13702,11.759626043560388
13703,14.646544992927875
13704,15.24162046186008
13705,16.985153459080088
13706,8.713771189335967
13707,14.930107021091683
13708,25.308578206817778
13709,11.85237645594616
13710,8.59377050316294
13711,18.330401093720994
13712,15.146652522297835
13713,14.883036300999262
13714,9.344627217755283
13715,9.882938011211444
13716,15.97834156869706
13717,18.08784041601728
13718,13.356818441801435
13719,10.773670393629942
13720,20.137015070447024
13721,12.330169127982483
13722,12.125238713040384
13723,22.200967502843525
13724,18.89059459639462
13725,14.800359856502334
13726,7.88604463276574
13727,17.427405251646427
13728,19.80546856496054
13729,11.925865231938097
13730,14.025516992707235
13731,18.43771490547978
13732,11.065329578469266
13733,11.899720377323447
13734,18.978855855506254
13735,11.341157563500268
13736,20.161261434795072
13737,12.509944661911355
13738,19.59486919007501
13739,18.742463164918764
13740,10.376375311319565
13741,9.02136063733415
13742,13.587952406942518
13743,8.183554112819264
13744,12.847903919831385
13745,14.08262843711428
13746,15.398477481086978
13747,16.875585580595995
13748,17.86306324959062
13749,12.991570915434174
13750,13.81069768531788
13751,12.788719582754313
13752,14.46493442498194
13753,12.578692994339375
13754,14.48637483456377
13755,11.910095548247734
13756,9.785293089780858
13757,20.346000828432537
13758,21.64060292024368
13759,14.369678465210699
13760,11.5214527891187
13761,11.487891307525949
13762,13.322586402067635
13763,14.242878562405782
13764,11.209944274925252
13765,11.997221161450835
13766,23.599556559725958
13767,13.81403484417045
13768,11.584798501530326
13769,15.221997167994383
13770,14.685701455364256
13771,12.573922443055004
13772,10.468464977629674
13773,14.46548839449081
13774,13.894383511857637
13775,14.384858620940213
13776,17.571032307018914
13777,15.153151487406598
13778,11.241361906758453
13779,15.40101331240976
13780,14.82699581884489
13781,16.95112267562729
13782,17.936788904293884
13783,20.318486910285934
13784,15.852169019256173
13785,11.64031929272806
13786,15.000767180932293
13787,18.337338241907172
13788,14.689668930367105
13789,13.767879443067176
13790,17.102694440778365
13791,12.180652070082928
13792,12.527371771318705
13793,12.681914938661492
13794,14.703469752297671
13795,13.28213020137645
13796,13.194868906972568
13797,11.555299768913265
13798,22.27728506837384
13799,11.959985858551281
13800,15.714199962211968
13801,17.75326933933075
13802,15.042202928242599
13803,23.776272186337707
13804,19.951425522298276
13805,9.566604666014143
13806,15.857220820804748
13807,16.667124858138685
13808,15.547597402315649
13809,15.190295740489523
13810,17.882682151746277
13811,12.38275829906564
13812,18.211724970388005
13813,9.02010359480888
13814,11.847089560949764
13815,22.069830147002143
13816,13.571773063364533
13817,8.027476171316678
13818,11.51071004153154
13819,12.09658647623169
13820,19.613376882507403
13821,11.828382512564346
13822,16.580447475447283
13823,11.585103694355432
13824,17.717294669214265
13825,13.352335144350345
13826,14.824211962080502
13827,15.273631038580458
13828,17.141913109773828
13829,16.408228354138995
13830,21.05029890903773
13831,16.427814213297
13832,12.303828805771193
13833,17.072587097068958
13834,17.179867390068935
13835,15.892940090452694
13836,16.127117136267575
13837,18.625728549030693
13838,20.106035617021053
13839,18.43122007399518
13840,21.69360751792637
13841,21.16285376161543
13842,19.940124497636535
13843,16.533294156417522
13844,10.319595090622936
13845,14.846720010498107
13846,9.934157400414716
13847,17.375941056171335
13848,14.1316385821565
13849,18.24503250739827
13850,14.548489740066863
13851,19.653820967870036
13852,13.55157240732101
13853,19.31161126983168
13854,18.389245502687913
13855,8.257530272126878
13856,13.943556343363328
13857,13.82644474267014
13858,20.35115349474578
13859,15.049136874031646
13860,13.91772373294368
13861,15.782566603946258
13862,11.861783744258052
13863,14.786627833966982
13864,17.904936267247646
13865,24.81986831511872
13866,11.889272103276298
13867,15.987194651277699
13868,16.549606168692474
13869,14.366966436089271
13870,21.589947976752207
13871,12.506273185170858
13872,19.070257854455846
13873,15.778760764401936
13874,15.617827686462357
13875,17.279663546388598
13876,12.932657343850726
13877,14.322052484677801
13878,16.6416434768227
13879,10.51097430840542
13880,16.536835071973083
13881,14.107707386480675
13882,11.246147230308667
13883,13.854818803616746
13884,22.569913302170953
13885,19.02130728088981
13886,19.89904270351266
13887,14.747299238258126
13888,9.74465916558108
13889,19.9781850747518
13890,14.008914301423843
13891,11.85016629336896
13892,14.685853615664541
13893,16.256360121594437
13894,14.508590530634873
13895,16.278363699487453
13896,11.465421941429845
13897,21.17941355014326
13898,11.314250243341945
13899,15.85098309794392
13900,16.020289938410855
13901,20.21948087285827
13902,16.882968330631538
13903,17.178407082430144
13904,17.899077508106537
13905,16.044508453360933
13906,12.961359468316653
13907,18.68295666118167
13908,19.129676404619673
13909,10.594464441928945
13910,15.702873206102677
13911,14.830036631618658
13912,12.810053258046683
13913,15.793199221544624
13914,19.532774082577326
13915,13.575714755073516
13916,17.706737359750072
13917,17.513243130657735
13918,9.201168194305872
13919,17.90946808140705
13920,13.726226035008242
13921,20.056608641284505
13922,14.58970510634991
13923,12.618151476128915
13924,14.041432110049122
13925,12.278121717773047
13926,14.670099248080602
13927,15.877773518462817
13928,12.951248878262522
13929,17.948636773585612
13930,16.90044189407211
13931,18.150262420210726
13932,16.8404282935258
13933,13.138688381648485
13934,15.260386867360818
13935,13.593323278580542
13936,13.249488059259303
13937,15.71344103251145
13938,20.118362790750517
13939,14.207371095465549
13940,17.368559632175334
13941,17.623065806593775
13942,15.87547148205997
13943,11.563818335409717
13944,18.74430961440435
13945,15.27108020445998
13946,16.462182022236618
13947,12.689650630209854
13948,17.96342094499589
13949,19.40834732095376
13950,14.923814056777543
13951,14.915433475180265
13952,14.652215751990187
13953,18.9497749510045
13954,12.931567152776259
13955,14.971626896347974
13956,11.671554062103677
13957,13.674810433536313
13958,21.029295922784133
13959,12.269163538287295
13960,10.39431147484504
13961,16.429925048231468
13962,12.47991913651991
13963,14.894457808851696
13964,13.879256242360604
13965,15.095319226271855
13966,13.00389242562197
13967,15.204820914134086
13968,13.707344181902197
13969,13.303841532515339
13970,15.49739535430382
13971,15.617495891763864
13972,16.465566095136808
13973,14.197510684614256
13974,13.198889038487646
13975,18.594821062830764
13976,10.400477345878532
13977,12.57828696482958
13978,18.052239703539342
13979,13.469100399888621
13980,15.751145541635593
13981,13.363645688551639
13982,15.022343528688893
13983,15.591501729022072
13984,19.091533275206864
13985,15.197040471288888
13986,16.758960593877383
13987,13.41857083359935
13988,16.19520495735809
13989,11.521873039527241
13990,12.890352190996822
13991,15.345445089452742
13992,16.461869274087547
13993,12.756430383507027
13994,22.337963362449557
13995,12.895033947827491
13996,21.10445072512617
13997,10.169490430941137
13998,15.439099444090763
13999,18.39535759335914
14000,13.743039560365194
14001,16.575431403539092
14002,17.140546468824695
14003,18.07448427483706
14004,16.423849162505984
14005,21.758498253793345
14006,21.869528843465666
14007,17.36619317445161
14008,12.902669397686209
14009,19.718463738996995
14010,17.516320253563457
14011,8.946407631075433
14012,10.35911699766824
14013,13.678432623734372
14014,18.522455276167065
14015,14.375054898543052
14016,17.50895305285212
14017,8.222265576371871
14018,15.34436166064472
14019,13.008412150889665
14020,16.395266523179355
14021,11.007540298329076
14022,11.001121348879508
14023,18.649450908416625
14024,21.958400612625482
14025,21.448345237750907
14026,15.659313590106219
14027,14.266798116021924
14028,15.32065067021289
14029,18.34867318324649
14030,18.54939477528898
14031,21.164558065865904
14032,15.139031968229496
14033,18.193273617637296
14034,15.686323531407567
14035,14.191042011201942
14036,13.78203084756991
14037,8.06390610134181
14038,12.521978336189395
14039,17.232585744261304
14040,20.21455243006347
14041,11.522645624301255
14042,14.840242354149593
14043,11.943290614672543
14044,21.297053906905873
14045,8.572764627792191
14046,18.214188853585828
14047,13.309100488503972
14048,13.229794200805651
14049,12.281528700592606
14050,16.696548495256863
14051,13.82160005888225
14052,16.451828763738455
14053,19.84989323459455
14054,16.9881241073925
14055,13.990015652699553
14056,14.80614137837467
14057,12.623519227837338
14058,17.839263520685485
14059,18.31158179790201
14060,9.25676095424836
14061,16.219888893649085
14062,17.45699735156413
14063,16.103512999201982
14064,12.270964871589133
14065,15.25091634901779
14066,19.0249643690261
14067,13.318723989173158
14068,18.575917683095245
14069,13.575821168420598
14070,17.196724325734696
14071,13.513996125670413
14072,12.76627283215034
14073,16.70816124977694
14074,13.82947593787824
14075,18.888954572254526
14076,16.524246124176212
14077,15.059787976872009
14078,14.3581305951237
14079,12.429142011438483
14080,10.675050709786552
14081,16.085282732150496
14082,14.868517324318242
14083,10.998964816716994
14084,13.004700195496424
14085,20.471703337683405
14086,12.921183644876898
14087,9.694670697422689
14088,8.920743832647624
14089,20.374269201270142
14090,14.553590112811815
14091,20.991816753138973
14092,17.666610332056983
14093,13.948552955694543
14094,14.25931488884266
14095,12.3009750874091
14096,19.197236855540325
14097,15.267500303223134
14098,13.753786780830804
14099,13.689665323994948
14100,18.473363533277457
14101,11.661988459584503
14102,16.532548601222118
14103,12.139151286902099
14104,22.509788720984158
14105,11.455777865506107
14106,17.84932050944177
14107,14.70501103438442
14108,20.389279011470702
14109,14.986769791917592
14110,17.18532868557734
14111,14.73402322531544
14112,12.898515213533727
14113,15.655735849587083
14114,15.703945739082089
14115,12.434086674663131
14116,10.950388649062191
14117,15.57511544278653
14118,17.675269584677224
14119,9.06383394766783
14120,15.541162343335369
14121,13.550621323792221
14122,12.558680434211487
14123,16.99699291514804
14124,15.71056214363119
14125,12.624790377617131
14126,13.831688606113193
14127,16.630507777427663
14128,11.016060642528839
14129,12.083780235925971
14130,12.641607974805046
14131,17.014417512703155
14132,14.755759967467883
14133,18.08281940893489
14134,15.107168662859593
14135,14.326819615736964
14136,14.717354852081689
14137,16.83707220006572
14138,14.363380556295384
14139,19.364451288025137
14140,16.159331546489295
14141,17.026392919540417
14142,15.321120249243743
14143,13.519592549013817
14144,14.128393241969338
14145,15.512868103376201
14146,14.187994937336477
14147,15.663383783014096
14148,14.846089149966623
14149,9.05611964712626
14150,14.834332624700425
14151,13.599876004345731
14152,15.716062127847264
14153,14.024016799349589
14154,11.896805474891794
14155,16.59246834277391
14156,22.38971106981822
14157,20.59459866910862
14158,19.230888513088605
14159,13.64587907727648
14160,14.120070138495436
14161,13.83686114857566
14162,10.70568671490741
14163,13.12345752483626
14164,18.34106677768838
14165,19.204053249196747
14166,21.465976548907285
14167,9.47428920734702
14168,12.427465459327664
14169,20.960420835940234
14170,19.78626483623556
14171,15.974588454540235
14172,17.52097998408599
14173,20.372898582665286
14174,21.8590516546833
14175,17.907168860661972
14176,15.0674113673149
14177,16.95495811169861
14178,14.818789887188931
14179,25.470026577576647
14180,15.703668866667376
14181,11.65278414646561
14182,17.89508400633071
14183,17.937793254120262
14184,11.85545038515569
14185,16.151878722492675
14186,14.42928522866666
14187,13.305579997893965
14188,13.554430709593808
14189,15.982936476586936
14190,15.225983486269449
14191,19.765966733487396
14192,14.436775264097559
14193,17.7995168601982
14194,23.081474733514384
14195,21.15279187796001
14196,18.23471804857102
14197,14.88236350431557
14198,13.279463173253962
14199,17.13614132194394
14200,14.019345746940312
14201,12.802717813144056
14202,15.971277873170848
14203,19.311584454190367
14204,13.988784699887571
14205,17.51305164524568
14206,13.147898858967164
14207,15.768210979146623
14208,18.085736253883702
14209,18.59134631917279
14210,14.5865262746966
14211,10.151524041623762
14212,18.87320816568387
14213,17.720503154606426
14214,20.81467504910072
14215,13.531177330913192
14216,14.270593018785219
14217,15.634174791889283
14218,23.51797090326769
14219,10.938270401360313
14220,10.908577839633594
14221,19.532165063575725
14222,16.60803814240502
14223,12.423088299358849
14224,17.84436773791944
14225,11.233441585469171
14226,17.67489487927566
14227,16.178080483568106
14228,19.63468271788959
14229,18.387628541309155
14230,14.305774756079519
14231,15.358737672090387
14232,17.05347611711541
14233,16.978745803120574
14234,25.350050627578824
14235,8.804778869857245
14236,10.850276454789576
14237,15.134877069700332
14238,9.31726930885177
14239,18.190242701731485
14240,16.748331766998366
14241,19.695038661942526
14242,9.724449599316088
14243,15.887447331611586
14244,14.421674345446332
14245,13.04941841670368
14246,16.41730514048333
14247,12.122897990790033
14248,14.0988055220458
14249,15.616104427858478
14250,19.59408889848078
14251,13.084008950834782
14252,21.580626450441365
14253,13.9225837923054
14254,11.360254108592502
14255,14.961821120251074
14256,12.967272532096198
14257,19.29551542536931
14258,17.424854511977525
14259,9.99631471171864
14260,16.336351196951743
14261,17.604517507910764
14262,17.036262327895802
14263,20.750210382404873
14264,15.300492354394418
14265,17.238421215578125
14266,14.402598036900955
14267,11.284634428880954
14268,24.120356313478638
14269,15.561939440570384
14270,14.674531954099507
14271,11.502106022551402
14272,23.04601987543071
14273,12.497597933694339
14274,13.38612393450613
14275,11.710582303244067
14276,14.028983997843321
14277,13.048079707883529
14278,12.332948649359981
14279,11.784891688931637
14280,18.772382615653967
14281,15.4631277452874
14282,14.66303344508442
14283,11.03543412566178
14284,15.377409125372054
14285,21.262667367553092
14286,12.230373722026695
14287,20.939839998404246
14288,14.741959984751709
14289,11.243014903031014
14290,22.229621360864662
14291,15.269479344148753
14292,15.774696893891168
14293,10.477444640880371
14294,17.806303826486918
14295,14.503743356378921
14296,15.559152276038816
14297,10.248061829552617
14298,16.139682300687706
14299,14.45505708649445
14300,19.187850435520843
14301,22.528489281659088
14302,17.44834208186431
14303,15.778853111112678
14304,12.768841870920092
14305,15.64795996763047
14306,12.278589744696504
14307,16.43133673974418
14308,19.687424031562085
14309,19.61021765222193
14310,12.344799836387434
14311,12.872915805148086
14312,15.678349396201186
14313,18.24496270663864
14314,12.268719253151335
14315,13.825977786507556
14316,18.140620497359862
14317,14.487816476327364
14318,15.59066305842369
14319,17.32779591455391
14320,16.887716342644072
14321,15.903605785896486
14322,16.05117490226251
14323,14.292605929601836
14324,15.533902944413434
14325,10.331783667176477
14326,13.0885567004436
14327,12.415336101814543
14328,14.941146643376921
14329,17.797778285840128
14330,24.19579930166006
14331,20.531347673546893
14332,16.744151516172902
14333,10.242385812126152
14334,21.74035668889699
14335,9.363350329416162
14336,16.46449711190322
14337,16.101572721323382
14338,11.353926747858036
14339,13.695602216621626
14340,15.678899955626203
14341,14.306158766136905
14342,18.246597601429688
14343,14.49496223827115
14344,18.94279578806599
14345,10.086455995635633
14346,17.09651530160616
14347,24.362394860698558
14348,9.991256550483804
14349,12.825767163235126
14350,19.318195435034813
14351,21.349464126642488
14352,19.402472124531414
14353,17.628147365889866
14354,17.72736958728349
14355,15.166221882688163
14356,12.192759078323665
14357,17.1565575492233
14358,9.94248333706884
14359,18.164065389018205
14360,18.880583812704664
14361,17.35348032366692
14362,18.8993239264304
14363,12.933046688110833
14364,11.873924611413674
14365,19.38430275317243
14366,14.13116204744863
14367,22.070343911626402
14368,23.728790271893114
14369,15.685393336211344
14370,8.511064943464577
14371,15.392686419815313
14372,13.241201607823006
14373,20.328437667102897
14374,14.258068587293597
14375,14.116995575127309
14376,11.702685732523225
14377,23.900035857506197
14378,21.627903588412515
14379,9.586779380171933
14380,12.912977205108305
14381,16.029520936277756
14382,15.30817446326451
14383,16.905057315737622
14384,16.1216534234611
14385,17.352825255658146
14386,16.650621537999573
14387,18.259109312194134
14388,23.38895560445786
14389,20.671093593542956
14390,17.390539952492936
14391,18.164830820147444
14392,11.572882079800292
14393,23.42402590609879
14394,13.648315651317986
14395,14.36029657567307
14396,19.540393558025855
14397,15.900743934815086
14398,17.21302182070865
14399,17.79783175645416
14400,12.752148555093296
14401,18.821209292609893
14402,16.92764513138135
14403,16.690022727929062
14404,14.37930214695378
14405,16.963931422600226
14406,14.481022975368155
14407,13.219757040558392
14408,20.511825547712146
14409,15.588516973600404
14410,16.239459187335438
14411,16.883759365913193
14412,15.306922576396477
14413,14.429464755708617
14414,16.087006967130737
14415,22.57977506577816
14416,14.540858155469383
14417,19.150451629573624
14418,21.39634722079353
14419,14.162568297250012
14420,18.17532008900246
14421,14.984233025851193
14422,17.31781419612961
14423,16.25390072055556
14424,15.545902480329133
14425,13.041781061874563
14426,11.261381337553273
14427,16.119587037944697
14428,15.336828145533683
14429,10.467834110406418
14430,10.151306196015486
14431,12.615162873595814
14432,10.793064428548458
14433,17.65168037342748
14434,12.91889235744453
14435,18.996426135576574
14436,17.95244517020995
14437,17.044420124263226
14438,19.366850108916445
14439,13.728099839861716
14440,14.30315701818984
14441,14.801055854777326
14442,8.01800376142619
14443,14.738351090295538
14444,21.24006059991335
14445,12.687272405474927
14446,14.420265242681642
14447,19.488039212169937
14448,21.147593322662463
14449,16.12105243912433
14450,16.271161849357856
14451,12.204208353958954
14452,16.30857912134364
14453,18.97234267618344
14454,13.186026839063025
14455,13.024751047954156
14456,17.270052642921492
14457,12.67965282105817
14458,16.95393269154991
14459,16.62610332008714
14460,14.10510907567001
14461,12.35572840861356
14462,14.191208076645143
14463,12.562025141328263
14464,24.898748038039763
14465,8.986176012464576
14466,10.123575513863933
14467,12.546952439795493
14468,18.57336956111029
14469,24.003532118012444
14470,19.529488615239632
14471,15.946957912368507
14472,23.666640980263047
14473,15.751167417524076
14474,18.39571998497531
14475,16.52384292825839
14476,13.879610527745292
14477,18.212866386753504
14478,20.533788220851694
14479,9.971291361651046
14480,16.72973067587548
14481,13.100882194283615
14482,14.575057367523225
14483,15.743363000052547
14484,9.953552459270535
14485,14.728989359901677
14486,22.844105122208617
14487,9.941017785720472
14488,11.772611830473402
14489,19.53575872600506
14490,16.469924359011515
14491,13.623355694187888
14492,11.134276204384314
14493,21.258144492315896
14494,18.72786545459057
14495,16.544459585377304
14496,12.291169661849299
14497,17.57751803367512
14498,18.266492851040084
14499,12.715520817660433
14500,19.711535774978422
14501,20.580816090127332
14502,18.5577520662006
14503,18.56872278995371
14504,13.707100401817755
14505,11.478939652513063
14506,12.80052183315883
14507,13.481228710491807
14508,17.455729400619205
14509,22.080556809269012
14510,14.519176304613861
14511,20.71156253607341
14512,16.64685741489035
14513,13.48508804699149
14514,22.023367324310247
14515,19.059213974223287
14516,13.708158217506401
14517,14.38761554044982
14518,12.726205577947844
14519,15.041127025052681
14520,12.898402587354663
14521,17.066348296287316
14522,9.370745107144755
14523,14.335001228783298
14524,15.015217223685138
14525,19.13311735817358
14526,15.89561525159304
14527,20.479472842616154
14528,16.824808861429332
14529,11.08497572003962
14530,8.949587250522068
14531,15.565599144338112
14532,11.56584065638652
14533,14.624216995358037
14534,10.713175787291076
14535,16.83817939519514
14536,16.120281208892553
14537,13.790449273822937
14538,13.938130443953046
14539,15.951339555444765
14540,13.327233834201893
14541,14.907052857530587
14542,9.561945007280116
14543,16.72295379463874
14544,15.705524035091122
14545,15.210469886319526
14546,19.054704333734836
14547,18.91551197415444
14548,15.93130173489191
14549,14.437314169172382
14550,16.053632594885677
14551,11.308771629120102
14552,15.46359017661379
14553,23.234504741846376
14554,17.625728864977333
14555,21.395752228689723
14556,18.2461700947196
14557,19.27284816904998
14558,13.926352644917154
14559,18.003545505033106
14560,12.058374487032399
14561,12.258779035058339
14562,21.369155301914006
14563,13.541014123749552
14564,17.195301104633927
14565,15.005161689571029
14566,19.25027802516448
14567,13.788583795883419
14568,11.65133455473563
14569,10.849722689866638
14570,16.596096145446435
14571,13.387175417562517
14572,12.36127211872291
14573,15.57498192328505
14574,12.92810778609013
14575,11.221630573855773
14576,17.167361034950318
14577,19.236382972503424
14578,20.638972263377795
14579,16.90623802028818
14580,16.24065764779252
14581,14.726073593859967
14582,13.216466825428974
14583,14.711625128827547
14584,11.292019136624539
14585,15.327222353258078
14586,14.377615802880644
14587,17.737385685122298
14588,11.88715677460218
14589,14.56477991612044
14590,14.792648084605041
14591,10.288839398984173
14592,12.618524516131021
14593,21.20907210622739
14594,16.166201707967513
14595,17.837913813229985
14596,15.92551309835981
14597,16.220924587026634
14598,12.094393745548736
14599,15.52079570639851
14600,14.110772433049725
14601,21.05049367113338
14602,11.032362367432466
14603,17.70992042478783
14604,14.258933498784758
14605,13.58943408021519
14606,14.855772960388048
14607,17.934711242661457
14608,14.347189925827378
14609,18.5533709461759
14610,16.452056488535494
14611,14.336836392649431
14612,14.585355732571623
14613,17.14270815086928
14614,15.053761666498936
14615,11.634360077730634
14616,13.394531075994081
14617,18.059522952855875
14618,21.118481265349295
14619,10.348380293337227
14620,14.837676665957584
14621,14.736239169583147
14622,16.560309853320472
14623,12.59728251674844
14624,16.37928235387088
14625,16.577159406662766
14626,14.410122915326198
14627,19.46393806911847
14628,17.736872443775532
14629,19.358312557199447
14630,12.710171113297879
14631,15.13466598075957
14632,14.888797409864951
14633,13.714012442365267
14634,18.26523231047787
14635,15.88859734696511
14636,18.24685123669023
14637,23.12322158276743
14638,9.510633944868301
14639,14.222326492713915
14640,7.382229796606509
14641,20.857942341155432
14642,15.724034626832276
14643,16.661963088565106
14644,9.222569168859742
14645,19.09776497943315
14646,23.080793775937543
14647,17.943531747367587
14648,14.593178370138357
14649,14.136504589926647
14650,13.840565104303368
14651,12.109709906495379
14652,10.944542357173635
14653,10.205444013452432
14654,13.829212397113807
14655,15.465997445014427
14656,19.353684401505753
14657,15.791934233523584
14658,16.467564143333128
14659,12.553173771883033
14660,11.380781258800758
14661,18.173124337461772
14662,16.81316893075941
14663,19.442623849854996
14664,18.309151918718527
14665,8.391023813372508
14666,14.089288939958092
14667,12.957192933254506
14668,16.05792093114487
14669,16.215265675775896
14670,13.70343455199928
14671,15.046813348393979
14672,11.190438632735447
14673,23.741347641507744
14674,21.333102714447417
14675,8.508186002083411
14676,12.425355506053208
14677,17.482490705299437
14678,13.290199864258916
14679,18.763322528358156
14680,15.657747071666964
14681,18.150539630669556
14682,16.03268892781586
14683,21.064290174687102
14684,13.637190589213628
14685,16.614843233030314
14686,14.066710301499842
14687,19.37037399839187
14688,13.26827651696006
14689,19.054997739316132
14690,9.764694012978172
14691,15.781403732097028
14692,15.371961860671881
14693,18.23230850878957
14694,12.249115674406113
14695,14.862693246380939
14696,10.756294059598622
14697,15.630676044599275
14698,12.772497742430076
14699,24.298608503904894
14700,11.598517928108308
14701,12.291734794533978
14702,14.494357836159004
14703,17.590459581397155
14704,25.604295720784172
14705,22.535968721679588
14706,19.238585965711785
14707,17.201470577373
14708,21.119442825870934
14709,12.681091625983468
14710,20.146068242791454
14711,17.987257447853914
14712,12.970794759455435
14713,20.278318605425305
14714,14.397805121242557
14715,21.983626018412615
14716,14.26390571811817
14717,15.704544320422226
14718,18.960612828327022
14719,11.870554432659738
14720,15.78792656172364
14721,14.603478135729171
14722,12.53873244471065
14723,9.784882889255812
14724,12.720032413182642
14725,19.18926673329701
14726,20.68389675580461
14727,11.085123333971335
14728,16.129047379464197
14729,11.776783518950335
14730,15.509463578999052
14731,12.579806926452125
14732,11.59875254834542
14733,15.053791228103417
14734,14.771176035361588
14735,14.658436570753619
14736,14.778695208865152
14737,14.927084158574036
14738,17.43011730555977
14739,13.508291544756602
14740,24.392459269073196
14741,21.517730849357648
14742,12.135949983059025
14743,18.821314263958172
14744,18.045928602284324
14745,17.589025887387308
14746,12.364217850943973
14747,16.909246364304657
14748,18.31881203339646
14749,12.837791778961389
14750,11.43214610271474
14751,21.873504012890287
14752,22.284994140176977
14753,9.698391263085288
14754,13.821621800501587
14755,12.151688850010974
14756,11.960414525135182
14757,16.96996891619596
14758,12.87566984697013
14759,19.822353365185947
14760,12.605621796131505
14761,20.497297320974248
14762,13.257843739344137
14763,19.412273167498242
14764,18.54362538313565
14765,19.22177660223188
14766,13.986225416927244
14767,12.951946880683497
14768,18.689901053388674
14769,12.491952081217981
14770,15.560814517931624
14771,12.717325053720248
14772,18.13323694798195
14773,19.48577236775793
14774,21.98490905777326
14775,13.570341184121629
14776,15.92189146088969
14777,11.803277004024086
14778,18.89684183233476
14779,15.358634701025398
14780,15.530101170232204
14781,14.462192146778667
14782,18.911810100025935
14783,15.28902673004951
14784,19.021911144324058
14785,20.447509200297
14786,12.620197365089735
14787,16.531059402790174
14788,15.850370372256911
14789,19.307471837114612
14790,19.595465013087306
14791,17.69199120268057
14792,20.18214702431036
14793,9.004698830353025
14794,10.439564971826709
14795,16.698212863878112
14796,18.75206971190822
14797,16.325401121983862
14798,8.627611162898287
14799,18.357112400924237
14800,17.63643192711926
14801,16.238423300600335
14802,9.857408225370214
14803,19.203576860457257
14804,19.28967081087582
14805,11.99745122416658
14806,17.893805101485754
14807,17.652906942916488
14808,10.290701329839424
14809,15.101247602637299
14810,15.846992855847127
14811,17.865232089961836
14812,15.714389259931295
14813,10.732451704712762
14814,12.565408313212547
14815,13.499523471489876
14816,14.922710013408686
14817,16.980219263059336
14818,15.731158643797677
14819,14.128742212779418
14820,10.042047942906947
14821,20.6255045697226
14822,18.957822255773298
14823,20.420526722069518
14824,21.00503656317609
14825,22.452306843310055
14826,15.609576669864582
14827,18.314159001051145
14828,18.18205297567793
14829,12.527531383590041
14830,11.969824118806912
14831,9.869136245074614
14832,15.338329448216472
14833,14.581447354484578
14834,14.834996283881807
14835,10.456636787060788
14836,13.051908923731624
14837,18.950735529694278
14838,11.592154956999723
14839,14.505445583203445
14840,14.512708915272821
14841,20.62422695166508
14842,21.360025593794013
14843,18.229428654102044
14844,16.092118084658072
14845,20.520468171910533
14846,16.403601509640698
14847,15.355591585996011
14848,17.270572073288786
14849,22.89288187154455
14850,14.87647560969271
14851,23.29903765655547
14852,19.44446346545466
14853,7.3305083256316745
14854,23.512369483832593
14855,15.953229813273612
14856,18.53142018497381
14857,16.876456261126705
14858,10.887863496982927
14859,17.06187777479417
14860,23.133641905069517
14861,14.4325051326738
14862,14.742642591922857
14863,17.023671033128025
14864,16.180412018705
14865,15.656129821904539
14866,15.893935036584073
14867,16.3850045541284
14868,18.722002479749
14869,12.97620953887955
14870,14.543169709168735
14871,11.929823243162044
14872,17.551907954747662
14873,13.723574710620111
14874,10.384818462364056
14875,15.264060257071502
14876,13.302638990674986
14877,15.900159780861037
14878,12.542211089875108
14879,15.409179361351125
14880,16.62710334279551
14881,14.61035496062189
14882,16.649964666420754
14883,16.14179713661853
14884,14.70251221406916
14885,15.547043002351586
14886,14.501388894111209
14887,16.619737470534723
14888,10.719567031796068
14889,13.499597305445802
14890,10.650770363232212
14891,19.34389080850826
14892,18.57769605048466
14893,18.46405565091436
14894,19.970558511016886
14895,23.67007065226913
14896,18.74171628504058
14897,15.03006824525529
14898,23.114603438260616
14899,13.110660652626681
14900,11.689904048592286
14901,17.633851557509473
14902,16.90381746398946
14903,20.91006148080549
14904,12.191957403550257
14905,14.727597141517165
14906,11.998862810518226
14907,24.048108061889316
14908,11.754235664296855
14909,13.896312071897201
14910,14.070885916424125
14911,21.32009420979472
14912,14.416832715788122
14913,15.774548608833584
14914,11.043653851958284
14915,19.540573839664425
14916,20.23777599845666
14917,12.217411580616272
14918,13.731821518729502
14919,10.7482392400652
14920,15.25675707740472
14921,21.072023821779926
14922,16.557324544306248
14923,17.96099723556324
14924,15.268596586546748
14925,23.008752659215705
14926,11.92725424621901
14927,16.313517803067725
14928,18.665652309995366
14929,12.959905582400486
14930,16.63447862784581
14931,13.038256406990179
14932,13.547802309059897
14933,19.08065871665147
14934,13.140147186128882
14935,14.012980463049157
14936,13.100806979627757
14937,12.449874388866569
14938,14.030064295184424
14939,13.90799266692703
14940,18.271354909373116
14941,13.945962737769447
14942,22.168505970796396
14943,15.519538529666043
14944,18.758008437871077
14945,18.734931693525457
14946,16.145121247897244
14947,13.43240089033546
14948,21.482841888715246
14949,17.231537816312724
14950,12.821439398634219
14951,13.372842131169794
14952,19.569390127567292
14953,10.796215507395305
14954,14.207960082956255
14955,9.321121822075906
14956,10.002704691396069
14957,21.139276915781934
14958,9.490409358709378
14959,19.371741927824175
14960,13.80971557783128
14961,16.546541339525696
14962,16.43430570496064
14963,9.532665752544435
14964,15.850045828798507
14965,9.647338322731644
14966,17.528963637487635
14967,12.927404803848319
14968,15.583414100161296
14969,10.989623628888644
14970,16.306213427963716
14971,20.221644804728818
14972,13.5066351609036
14973,11.177383246162758
14974,17.985657487965767
14975,19.4628035583672
14976,15.658619124360092
14977,9.779629485142356
14978,11.241884295331896
14979,13.271144917670242
14980,14.327057987185977
14981,15.60078194407276
14982,18.347125038857786
14983,17.23714941670123
14984,17.140918037371407
14985,8.584661931603158
14986,18.139292196807677
14987,18.02600125163368
14988,19.703934426981355
14989,17.67566545054759
14990,22.398091711776317
14991,16.61499267706882
14992,15.464197602698162
14993,14.076049037101505
14994,18.922787616025555
14995,17.81294330040146
14996,11.713787093844342
14997,16.994907213026213
14998,16.250568619072258
14999,13.695371533055695
15000,14.847011889950007
15001,17.332788878534622
15002,14.76735239390889
15003,14.060539476753146
15004,18.55250844355485
15005,16.8169053322804
15006,11.675159070056141
15007,15.488684014175044
15008,16.52971221023331
15009,15.666178109613117
15010,22.395553740658784
15011,15.772731193634304
15012,16.974480312606957
15013,11.82226717870535
15014,8.552037780508218
15015,15.877939040875296
15016,19.366915862575294
15017,10.57171595089314
15018,11.548414557146383
15019,16.027880143161365
15020,14.813546118951699
15021,18.381456649346628
15022,8.411643807404038
15023,13.51584591580472
15024,13.90769628986805
15025,10.01054396816615
15026,14.131410471759176
15027,21.827288065453665
15028,21.167047935059486
15029,15.309453278173688
15030,12.68621296438927
15031,12.646609605451173
15032,8.662736791565383
15033,14.850884082078252
15034,11.12980646859036
15035,10.179350840592777
15036,16.05891836891947
15037,11.400085160398756
15038,16.54785529398483
15039,22.192186887344302
15040,15.245064270518009
15041,14.622373606627836
15042,15.17030817239959
15043,13.009154973802397
15044,14.22521647254812
15045,13.346923548709002
15046,18.528728761771085
15047,12.455965057878277
15048,11.196608044110043
15049,11.365334551763116
15050,17.351987054174312
15051,11.820719883235089
15052,14.817836938461692
15053,14.938258613320762
15054,12.824482430879288
15055,16.846573263587892
15056,18.05996054821292
15057,15.572356404034856
15058,21.657293757805178
15059,15.824415046514488
15060,21.99318610290466
15061,16.67688480471932
15062,10.654642937730085
15063,14.607529560773779
15064,14.601132322715783
15065,13.613808279430717
15066,23.971570379464552
15067,14.770615194566787
15068,17.765565639710847
15069,15.443532489500072
15070,15.43186021461834
15071,14.442276415027075
15072,10.585029885148487
15073,19.094509338323448
15074,15.84952387044909
15075,18.920046130331936
15076,16.308807723858404
15077,17.049268773565615
15078,20.13290213010787
15079,14.55809718347821
15080,15.113925627703605
15081,17.89873508579273
15082,18.60290895518408
15083,14.103130702989725
15084,16.998650918451432
15085,14.786180413696304
15086,12.07967526457228
15087,12.141274749696922
15088,12.723335630423831
15089,19.654163568327427
15090,20.360212242784268
15091,7.105141669269919
15092,9.529339418565437
15093,16.12836099519318
15094,9.221651847668358
15095,16.54763027669228
15096,21.028481531902994
15097,10.712593373111137
15098,19.177335437901014
15099,12.530084738187568
15100,17.71569716300654
15101,13.695851560678069
15102,16.09219087183246
15103,15.062275623210573
15104,13.394848003983059
15105,14.458083051814475
15106,9.180502203690068
15107,10.233500743589083
15108,16.12331396667324
15109,16.254549998432676
15110,16.418542643149472
15111,18.808353024439022
15112,17.07104073951494
15113,17.236000270218824
15114,19.395072713367078
15115,14.895258740623033
15116,10.846675494038449
15117,16.503750501807275
15118,12.01565697476741
15119,14.205782316813064
15120,10.494941139944409
15121,16.249728438019204
15122,11.870782456666184
15123,8.970743526988096
15124,13.019525007349882
15125,17.680136047430636
15126,17.360841007836335
15127,18.16382713531702
15128,14.126896712774416
15129,18.58727830653386
15130,11.641099041525408
15131,12.913746710940373
15132,20.30823525053444
15133,13.423776258670552
15134,16.564046450775777
15135,13.315469764460772
15136,13.120622884957406
15137,14.895985376398649
15138,17.909285490369854
15139,14.839503132534347
15140,18.92433753905929
15141,12.572051387270989
15142,9.724777020298879
15143,13.203291557032069
15144,19.670389617736095
15145,16.379319885101406
15146,16.53231934173619
15147,20.09970513522067
15148,17.16355660920979
15149,23.38782276430583
15150,19.613201800287285
15151,17.006568986766197
15152,15.792419347980129
15153,18.366336904968165
15154,11.057638413484938
15155,20.945954147373772
15156,17.971329088856763
15157,14.940866645105055
15158,13.746143232190414
15159,16.572997887862442
15160,11.627129147084963
15161,15.350634339125952
15162,11.614585756261617
15163,14.136093086220054
15164,12.363331540742859
15165,12.320869360946318
15166,25.6612225230809
15167,15.744411252852839
15168,16.276164819469574
15169,17.049769850057665
15170,16.229801968757325
15171,22.761906086787164
15172,15.54522650410207
15173,8.637850250216522
15174,7.929926875278007
15175,15.358721885137424
15176,17.580170260512997
15177,17.03973036171349
15178,14.053482992926305
15179,16.38046977706783
15180,8.567342820043434
15181,22.25944558154815
15182,15.300586941617155
15183,19.497775343131487
15184,19.447323511967536
15185,14.285306632872025
15186,9.941846374792402
15187,12.633606371452649
15188,10.2365416342146
15189,14.508073001934303
15190,17.948752573115797
15191,15.942849765617842
15192,19.505311691686625
15193,17.70083956193844
15194,20.935385747201067
15195,11.507989130415844
15196,11.083626964109413
15197,11.866279937558682
15198,12.749979601541908
15199,8.179381040354746
15200,9.256098931462123
15201,9.177562805462376
15202,18.66220763124572
15203,16.197150338735376
15204,12.507542104131783
15205,13.567421047984737
15206,18.71214853567249
15207,16.371586472447145
15208,12.800405295346486
15209,18.012829698503722
15210,16.54363926364816
15211,18.764887146176928
15212,12.586805769238552
15213,20.518499368060425
15214,17.167566402582956
15215,18.598946392882027
15216,11.45527203536469
15217,18.220531195514194
15218,11.767916252018855
15219,11.80311338391811
15220,7.794045172259059
15221,11.113196861850652
15222,17.485858489851946
15223,17.281027741530277
15224,22.061355403562022
15225,15.693917118362233
15226,13.490158336736224
15227,11.983021201547523
15228,13.146853586401019
15229,14.210166337820494
15230,19.348394614199634
15231,15.210073876626591
15232,13.396925391333063
15233,14.765287517500177
15234,20.735128550216544
15235,19.307668350051372
15236,16.642301078817887
15237,14.627110963227047
15238,8.964912272056141
15239,16.204986932619555
15240,15.421861045838973
15241,17.13021953811704
15242,25.36488157980418
15243,13.992069417285347
15244,21.16942687612111
15245,15.808741105656765
15246,17.223185426883582
15247,19.910040741778815
15248,23.90934979703335
15249,18.243364652051124
15250,16.381657557421352
15251,16.680672682801777
15252,18.253084200010733
15253,15.050758448706441
15254,17.213473917178163
15255,11.417369848803588
15256,17.613864092141334
15257,18.363928483099468
15258,16.726750413761337
15259,14.942417869680348
15260,15.847166017722124
15261,14.174456575970197
15262,19.913243631159006
15263,18.047032177123146
15264,15.68763025978542
15265,16.99091647766555
15266,12.91048884667206
15267,18.170245387891427
15268,11.617732142790224
15269,13.861520910666366
15270,19.96721497138703
15271,17.572843966119187
15272,18.62128352978121
15273,21.73887950262797
15274,18.730648156515922
15275,9.661562714765278
15276,17.48166043788232
15277,13.973519801698956
15278,21.898646851353593
15279,12.222530352279403
15280,15.20484786125332
15281,20.071910458203725
15282,17.74799086355091
15283,11.832583961767835
15284,19.026732781428727
15285,22.375267298971757
15286,13.891920132428432
15287,15.148613569549749
15288,19.047801378571844
15289,12.489083846950718
15290,18.32873071081769
15291,13.12436971949601
15292,20.04670084613555
15293,14.064914395229223
15294,21.458630080981393
15295,19.684086517509122
15296,13.795752027704786
15297,15.425377678685653
15298,13.472553896644985
15299,15.865882957718858
15300,15.447884022211202
15301,12.829143267886309
15302,24.59569683282144
15303,16.804266246902483
15304,12.551225415506316
15305,21.754435238093738
15306,14.379554138413127
15307,15.483174391040592
15308,12.925241975575364
15309,15.707227453320519
15310,17.458071782643312
15311,13.872091810062358
15312,15.662900183274903
15313,10.894976456828642
15314,19.956011484070448
15315,18.41493088582061
15316,18.98498097104942
15317,13.135256252523314
15318,18.265362238174397
15319,20.69568079200962
15320,15.646467985856734
15321,13.503928276895362
15322,13.568316003360321
15323,20.75198395965986
15324,13.401880210402755
15325,20.33273096837928
15326,9.905161237531273
15327,15.371358872076975
15328,9.909481379913247
15329,11.212584626146526
15330,9.95645323601168
15331,20.37811228655116
15332,13.498709987665928
15333,13.86897765338674
15334,18.98830520041308
15335,9.429810362186103
15336,19.498908813571852
15337,13.156895177061461
15338,12.62290470356917
15339,22.842525028924314
15340,15.361864566847041
15341,12.380217411890328
15342,14.800537535686276
15343,16.428356060401303
15344,17.83351342055863
15345,10.321373350547994
15346,8.673274306906162
15347,17.82052142909182
15348,13.111515638196954
15349,14.293935506802736
15350,16.48834135917408
15351,14.420095815343288
15352,12.015796914016228
15353,15.708631234872566
15354,14.693740940059165
15355,9.01814525774879
15356,15.166968855842555
15357,19.134747388239155
15358,21.769595280676796
15359,10.11110632593659
15360,10.931765310063735
15361,19.004824188032153
15362,15.459400724298373
15363,12.707521881939487
15364,11.689599779330955
15365,18.662246745780436
15366,20.82020310794051
15367,19.58857273017549
15368,18.703243872160915
15369,20.345535549915663
15370,15.952993722565283
15371,14.905428893331205
15372,19.09166028158007
15373,14.788227571351332
15374,13.59228926895436
15375,18.14703749580257
15376,22.189104335639115
15377,9.911066287900443
15378,15.664649471540159
15379,13.178044628095254
15380,14.470297453320915
15381,16.728562973671938
15382,15.567353430268119
15383,10.798017485210053
15384,15.307753209383897
15385,12.008265073235913
15386,19.560198133807276
15387,15.14820541664672
15388,19.66184180302465
15389,17.917233818783682
15390,14.549950339063638
15391,16.6229826635123
15392,21.203171229797224
15393,12.153928143412479
15394,13.550888632565547
15395,15.158374287831172
15396,18.8556692835642
15397,16.801568092186322
15398,15.410148982685564
15399,15.236876884040257
15400,11.897973582185944
15401,13.301786894144076
15402,15.901228517095735
15403,13.983966893654557
15404,13.0308574886857
15405,17.54857041933957
15406,12.806278576582558
15407,16.821334553861128
15408,14.75015672806938
15409,13.586998712203286
15410,14.090030546747258
15411,10.254038587856689
15412,16.934217712252575
15413,16.088966054277588
15414,22.14422732028669
15415,16.112631981108688
15416,16.685729715508742
15417,9.534570145361446
15418,13.941396317360974
15419,14.375241508859128
15420,22.85287988658152
15421,21.883672065297137
15422,10.021830275622362
15423,19.66763064322389
15424,11.566796264307332
15425,14.426439589232803
15426,21.59172704832777
15427,11.088577980888903
15428,16.275599261475687
15429,16.823084294227133
15430,18.83945327996202
15431,17.217985938308864
15432,11.969341540934607
15433,12.980110732371067
15434,20.99465719550583
15435,20.55056259231534
15436,16.929871100383856
15437,10.043317985051601
15438,14.323016847932212
15439,21.375605568531924
15440,20.432599766114215
15441,13.941240955420334
15442,16.4061048570118
15443,13.169981510554862
15444,21.595590415987438
15445,13.455544371628605
15446,18.70985591072622
15447,11.788488805438668
15448,21.08598391071395
15449,15.643955299042279
15450,12.546032029606886
15451,15.212531828891088
15452,15.920269081267971
15453,15.395628053021788
15454,14.342322151895537
15455,14.322979563435661
15456,16.53555033238957
15457,8.766372150758464
15458,15.798982851912053
15459,18.525829900270672
15460,13.54904893554521
15461,18.825594093001847
15462,19.351193566037463
15463,17.434910256206397
15464,18.369345985488025
15465,16.39038069478574
15466,15.35925955730545
15467,7.702568611008722
15468,15.693897214661567
15469,9.601614165024843
15470,18.4823275972553
15471,24.31705413872779
15472,14.450243146437739
15473,9.85354394691965
15474,21.329691586167353
15475,13.81562124717905
15476,17.136245343521004
15477,13.438976269985861
15478,16.917480049667347
15479,14.098105807820268
15480,18.20898768138198
15481,13.031795836296773
15482,14.135628303640663
15483,21.500425370287886
15484,19.860943812492767
15485,18.137719650169124
15486,13.571462791822956
15487,21.13118289804388
15488,13.575179210266064
15489,15.055681625303095
15490,9.923136439817233
15491,8.546983819588098
15492,14.339926998766675
15493,11.292416007165322
15494,22.810623918879116
15495,20.308243863042716
15496,22.64372016442436
15497,14.04935993001505
15498,21.381234162055307
15499,23.391380687006126
15500,12.444296127701655
15501,16.8085162856395
15502,14.947548743062836
15503,13.325424116541038
15504,15.68361991311906
15505,13.892294661814361
15506,11.400296443018988
15507,10.398978554839202
15508,10.63945952461912
15509,9.27279065743035
15510,16.980763499506597
15511,16.35720669427951
15512,11.808637434386018
15513,11.23543922577915
15514,14.0184953271825
15515,16.588341094359713
15516,16.700516778650098
15517,19.88850068385093
15518,10.424474099858582
15519,14.690042730227624
15520,17.869662397088362
15521,14.13071476996831
15522,14.291828324093911
15523,22.25894613326386
15524,13.34395350763279
15525,14.423588971847984
15526,18.6180441449949
15527,13.15163511522295
15528,13.741652131848161
15529,12.233889171243653
15530,10.592981521591625
15531,15.92772669518765
15532,22.726009043529114
15533,19.89971637576309
15534,21.047685682423925
15535,16.597445801825796
15536,14.048575842943919
15537,18.852705462310134
15538,17.83258766648687
15539,13.171909935293368
15540,17.642789040029704
15541,21.513406021775502
15542,17.51160667122147
15543,16.99571677082389
15544,14.52095860974726
15545,11.323467161512216
15546,15.072201247484205
15547,11.15751435338003
15548,14.386326380455458
15549,13.504511290337703
15550,14.192087274908133
15551,13.607129121039026
15552,17.44159924278526
15553,22.14526436461398
15554,9.772419368125645
15555,15.315206224549625
15556,11.206317016400659
15557,10.284679564181396
15558,16.470548826107702
15559,15.443370765671917
15560,11.163596109706123
15561,16.633251891055075
15562,22.28176170682585
15563,17.52165751225606
15564,16.87231474665285
15565,17.15852021746032
15566,13.741937292926698
15567,24.814985492676968
15568,14.555606586192681
15569,15.935329767143823
15570,9.544587248046588
15571,18.04700422831354
15572,12.111650445129936
15573,19.50613055358738
15574,14.520665600727877
15575,12.191246924252283
15576,15.674014525612717
15577,17.66507862772373
15578,12.3902719659053
15579,11.906912720723893
15580,11.143833938590625
15581,16.864835851603367
15582,14.160798610789566
15583,18.215602066320155
15584,21.308537245683304
15585,19.65617715397673
15586,20.222642488145993
15587,13.603565876312537
15588,19.363462113912796
15589,12.947644341833485
15590,21.23993687128405
15591,21.14070859760239
15592,15.551475364158241
15593,16.98688788993061
15594,12.523153142197744
15595,12.777377774124517
15596,10.459688308211316
15597,13.02960593963645
15598,21.557250189733967
15599,17.075864531571302
15600,21.55811043088395
15601,14.13853272258164
15602,14.0625075287235
15603,16.61782743440042
15604,14.342858835523039
15605,16.42391673270751
15606,18.119024298948595
15607,17.975879286728514
15608,12.81678059400831
15609,18.719389489278477
15610,13.711472567975466
15611,15.411568574214943
15612,14.758431481198693
15613,14.20797045468294
15614,18.979520469661544
15615,16.495963545498405
15616,15.635815172255944
15617,13.801375159034391
15618,11.71509719198903
15619,17.61157550989594
15620,16.21409051140861
15621,15.678296144357972
15622,14.83253727218311
15623,12.433745783419639
15624,16.283370336724957
15625,12.949006167703818
15626,15.24699886848229
15627,11.487087945338004
15628,12.201115437969406
15629,18.61557829245169
15630,11.273343966326575
15631,17.923286052734554
15632,18.277843228428004
15633,15.735742401425266
15634,16.610148482380357
15635,17.183998010291067
15636,20.12550149288861
15637,14.593273126473441
15638,22.25921716120331
15639,14.123591467967582
15640,12.26296356430689
15641,21.226882112843526
15642,15.750672788322866
15643,17.808326750596677
15644,15.24316144582075
15645,10.975152096441775
15646,20.812321696044414
15647,12.482441977815895
15648,21.001982793420872
15649,16.081686132028317
15650,20.536218259333445
15651,10.630205087853223
15652,17.2755868775629
15653,14.780188161349315
15654,17.29132553099705
15655,11.0216378704962
15656,20.20883485476063
15657,18.042830933228633
15658,12.254857275341589
15659,17.54683067649927
15660,16.48171136284931
15661,10.009427876683748
15662,13.585876076279334
15663,17.64466919333813
15664,11.660059442314967
15665,15.948016864890112
15666,17.329462799615992
15667,16.43252032051294
15668,13.926433192897406
15669,12.627657287037312
15670,13.314419859920235
15671,12.535366614331902
15672,17.80171825158493
15673,20.489555555663614
15674,15.990602746160564
15675,19.16782270192654
15676,14.132420584913703
15677,16.32542348783109
15678,14.296483047881239
15679,17.18432784213684
15680,9.892968161335457
15681,16.50774510070626
15682,11.716844204859228
15683,8.703811582359805
15684,13.460254553759693
15685,14.08655357341489
15686,12.602385966345569
15687,16.518998447210613
15688,13.619715749867384
15689,14.468269537598625
15690,17.30640954094897
15691,14.567462596658014
15692,19.443862267081293
15693,12.59619864255641
15694,10.7984877544555
15695,18.226128235680903
15696,9.609182729843548
15697,10.62512533040919
15698,12.86700363403617
15699,17.363394142362274
15700,15.105719182014422
15701,15.005388648859842
15702,13.256514523582448
15703,13.276414870759863
15704,13.045882540579756
15705,18.33709786385213
15706,13.60186578974948
15707,13.632083051689783
15708,16.17684544635042
15709,11.876564924467996
15710,14.575821798658362
15711,12.205727331592112
15712,12.93645782501235
15713,12.881118392634464
15714,11.483772405459078
15715,18.708976766914247
15716,9.565483971504335
15717,13.08907287894575
15718,20.768728929137975
15719,20.663734250949783
15720,14.639364722200368
15721,8.855233513956797
15722,17.222380647219588
15723,15.121147847495147
15724,12.940166051316574
15725,15.024129984847882
15726,12.726716375348248
15727,10.843371194806041
15728,20.954778767729803
15729,12.090876900077923
15730,11.911178837154392
15731,15.057749940427366
15732,12.072121510287754
15733,9.918701256337052
15734,15.744468431431986
15735,18.104137962694196
15736,23.027623555946807
15737,17.17686361799415
15738,18.35402694968522
15739,16.782729744439607
15740,12.314394609980306
15741,11.816835788318517
15742,13.311608849781377
15743,16.6976236306988
15744,15.395124452766327
15745,15.352018612416828
15746,20.51828750740615
15747,12.925210497631818
15748,16.806348024521814
15749,8.700664747384211
15750,12.621951230419647
15751,18.27357644222588
15752,12.744535539913315
15753,16.005239768775294
15754,13.11036281587018
15755,18.72217363418197
15756,12.592736114408886
15757,19.98081191586791
15758,18.99355244761977
15759,14.615422208797664
15760,16.15758634081336
15761,10.709930228448536
15762,11.799849824941678
15763,12.880348909733172
15764,19.873028874748606
15765,11.154559710219054
15766,17.376346933520473
15767,15.774984094623655
15768,11.287029473428824
15769,16.306276616911397
15770,21.00861675433933
15771,17.80577415186049
15772,19.716561662932342
15773,13.995633144494281
15774,14.343232595029303
15775,13.32292529309646
15776,16.909405493331057
15777,11.475636706054658
15778,15.118337756800328
15779,16.50505497575442
15780,19.53271078031297
15781,13.259364590858674
15782,14.84426725126429
15783,13.941754556947403
15784,17.0856339262249
15785,15.743749026484346
15786,19.349300890179006
15787,17.899289900868006
15788,18.40889460059845
15789,16.326821491181416
15790,19.76103821721503
15791,16.838613165183325
15792,16.740552867350267
15793,16.86272828078601
15794,12.683632157069114
15795,18.443898828110058
15796,15.474657679757751
15797,12.368921360896493
15798,16.343386218446746
15799,16.59989477562102
15800,13.66952233392398
15801,13.888443620280448
15802,10.001448760196544
15803,14.035958823891196
15804,11.662224527363076
15805,15.409849124540479
15806,18.032125255273876
15807,9.849833562227559
15808,17.201437245084055
15809,23.66097642676381
15810,20.265958166876757
15811,18.320684038881645
15812,18.019685212548332
15813,11.927468249761136
15814,17.518868132234857
15815,17.19877497447615
15816,11.596308444399067
15817,12.240656999216561
15818,14.357541593046829
15819,9.824263020648374
15820,15.707098103430068
15821,14.400344830135765
15822,19.81329261830302
15823,11.680195572083496
15824,18.265279300575063
15825,19.363214642457493
15826,18.402192872728435
15827,12.386557674108708
15828,10.361202818522496
15829,12.75072713988446
15830,8.326146168574526
15831,16.136719097353385
15832,21.552858022448078
15833,13.066026401540219
15834,17.89636674886049
15835,19.533542030710482
15836,16.636139446544718
15837,10.865689236414564
15838,17.86195341242962
15839,16.388552844484895
15840,14.541530497856058
15841,14.190951572428089
15842,19.87655291722394
15843,16.404139102807495
15844,18.359889686554794
15845,15.492302350596749
15846,15.197254219774027
15847,15.559395395730855
15848,15.872155569906301
15849,15.654315983323254
15850,23.95535140508584
15851,13.925443924936765
15852,12.170116916890528
15853,13.039829590307697
15854,13.298711197673574
15855,12.144813062423788
15856,13.158972229465096
15857,14.807830905702021
15858,19.106199128271133
15859,13.989818803124843
15860,14.502480004856142
15861,14.492313263558831
15862,17.962855875232894
15863,17.948291390957415
15864,20.072138130652938
15865,12.285438095293618
15866,14.830074045232333
15867,20.541244697096825
15868,12.895464631898761
15869,13.9208842807062
15870,9.455999095286058
15871,14.006520508366906
15872,10.945118633203034
15873,14.687068607378627
15874,18.28457979641594
15875,14.507648525775855
15876,22.112006223395476
15877,12.800219172439455
15878,16.061177672451215
15879,20.913164575811443
15880,18.412005740993013
15881,17.951083583899905
15882,16.53710422754626
15883,14.317639758833874
15884,10.509339428742202
15885,14.284744456373812
15886,16.25671769496273
15887,11.874873743577638
15888,13.17481679877654
15889,19.197538650798847
15890,14.884480107616229
15891,13.679488480409715
15892,12.073845616706286
15893,18.47178623676117
15894,14.266267410505728
15895,21.954712737899325
15896,13.052631524438942
15897,23.94397765838773
15898,19.506397836036843
15899,13.014753080973115
15900,15.630758630942836
15901,21.374779101548526
15902,14.21807745774002
15903,19.775825488368795
15904,23.134631800781676
15905,19.39332283646593
15906,18.386082208000033
15907,10.346517644819096
15908,15.552798304920852
15909,18.082756157059727
15910,11.659589050930325
15911,14.153969459505605
15912,14.700645987640286
15913,14.294049750990776
15914,17.745674088200627
15915,15.911774053169857
15916,8.939599705830794
15917,15.48131244215579
15918,12.381611175426375
15919,9.209715202386581
15920,16.688148250735757
15921,16.90790339716668
15922,19.086006142230907
15923,19.170170547595575
15924,19.412116539606515
15925,17.496524758663885
15926,11.177784559433181
15927,11.553136879540592
15928,16.09760443601419
15929,17.0283359715591
15930,15.272513885825244
15931,10.126346160628472
15932,20.54353724940343
15933,17.45748087104988
15934,21.158101256440272
15935,17.27303754955342
15936,13.6630191807175
15937,20.462563178715115
15938,11.473201792985348
15939,13.457953733274891
15940,14.388460602620562
15941,9.796328902388343
15942,15.551751394708843
15943,9.310866002786224
15944,15.762462678224814
15945,11.321432161068554
15946,13.486913993619346
15947,14.02629887119069
15948,11.034780853251759
15949,13.041812600520831
15950,12.220121518621196
15951,9.705619003171737
15952,15.802801884640772
15953,16.371067593034166
15954,11.381651134948623
15955,21.63261532175695
15956,13.927558554885337
15957,17.002930450092272
15958,14.957347463468079
15959,12.88785016681274
15960,13.165024085783687
15961,17.431582155064078
15962,18.976594232345413
15963,18.634424291471294
15964,13.422251940407744
15965,20.05040071747073
15966,10.738381354691114
15967,13.675991414391856
15968,22.986660663362187
15969,16.094306704064042
15970,11.70149349073926
15971,16.98479122666949
15972,22.924304460273525
15973,17.51024994820987
15974,14.232139648342008
15975,15.417320125469988
15976,19.897022098729813
15977,13.0040735725007
15978,10.500452612080421
15979,12.979940531766204
15980,15.336790288056665
15981,15.701671915609293
15982,16.773862551588163
15983,13.266309000112432
15984,12.909974566459574
15985,12.143524187682974
15986,13.416326054349359
15987,22.48036077260891
15988,17.70372262422609
15989,14.13947587626506
15990,14.071640936129796
15991,13.695117044334573
15992,16.215279794833354
15993,13.974454612551753
15994,16.90254679493224
15995,13.76114957673591
15996,20.114219875624023
15997,11.924782293378506
15998,12.069215528079951
15999,15.386817557747921
16000,16.208706490913187
16001,11.666897303315718
16002,17.72205283127561
16003,14.193540344615329
16004,12.684692764812398
16005,14.044931935607892
16006,15.533590099612805
16007,10.297837015340654
16008,9.160266045616407
16009,16.06479947098732
16010,14.651198564095647
16011,18.604348646991287
16012,16.30911116452768
16013,15.763917612964581
16014,17.37803950195528
16015,15.910195536904455
16016,13.308839015528456
16017,15.989323070285689
16018,15.035258272721904
16019,20.254920410716593
16020,19.043225883198648
16021,17.853579258319854
16022,16.111184086686738
16023,16.950533455996094
16024,15.016548384279082
16025,11.983429522318035
16026,16.973749709055603
16027,15.56560141715118
16028,13.60167260030944
16029,12.847156885769795
16030,19.610256072598236
16031,10.12537465277048
16032,11.103204738524733
16033,17.302650990872124
16034,15.93759395123331
16035,8.586703475168646
16036,14.922552535438786
16037,13.010955781902247
16038,17.626217767987065
16039,16.406824942062883
16040,17.447707426452396
16041,14.556067392402865
16042,16.319475648060767
16043,17.824737437267764
16044,13.122891328217776
16045,14.620329394113867
16046,11.362477840116076
16047,22.717048648522905
16048,14.655860591552337
16049,14.434374229216079
16050,13.434143493585719
16051,18.810860820772657
16052,20.2649306332328
16053,18.53965185686051
16054,16.913234161972827
16055,16.508601381698504
16056,13.226489083631073
16057,9.559754280652939
16058,12.05715030067583
16059,19.014298006355897
16060,14.345701560722624
16061,19.513810650529436
16062,19.95155797371886
16063,13.64879823437681
16064,21.258377043413567
16065,21.872800369712913
16066,12.835934502128282
16067,11.50819709112477
16068,18.031335406278334
16069,17.914875362024887
16070,14.530008570243455
16071,10.021276805095075
16072,23.29069924826178
16073,23.27186769369016
16074,13.37633361380442
16075,10.839050638952454
16076,14.198194414086935
16077,12.005687957788119
16078,9.16395339754515
16079,12.171774120518537
16080,16.58094534557309
16081,16.555067726926808
16082,15.313007405097316
16083,19.809270142534906
16084,9.346455386041793
16085,18.166402907936472
16086,17.897366470163988
16087,18.703172208348114
16088,11.901960340373435
16089,12.290912551691733
16090,18.34653518508925
16091,12.826889477437152
16092,10.200447219213224
16093,19.71734090439928
16094,23.382294759114004
16095,14.348818702004788
16096,17.275078469206512
16097,17.23459002349609
16098,14.158658994311276
16099,19.787411115066888
16100,18.100059108477915
16101,12.365517330426268
16102,12.823745194392846
16103,9.802925970273957
16104,15.255737666323189
16105,12.895453154674254
16106,14.481481009838836
16107,20.114926651733757
16108,16.18127342793873
16109,18.82297235233957
16110,15.041787402490684
16111,21.27924071962323
16112,13.972690305861118
16113,9.843489177988364
16114,17.629233173554695
16115,16.80633359737489
16116,15.568116359255358
16117,16.295509765521643
16118,7.6038521434433655
16119,15.122080196748113
16120,15.532043816834209
16121,15.387057285182998
16122,18.22365810246262
16123,14.566118486692169
16124,15.737137016645423
16125,11.598278739390347
16126,12.698460436557877
16127,13.83586447935197
16128,12.393538938655341
16129,13.698381817161433
16130,11.378819360427741
16131,9.581341786763977
16132,21.34235494286201
16133,24.077745187913234
16134,14.715206335922431
16135,16.59968382294653
16136,20.74230156549702
16137,24.20070494863471
16138,14.656629977041211
16139,22.773484847289176
16140,10.236437546533399
16141,13.450865477048126
16142,14.516536925281523
16143,17.555521165391475
16144,24.48604833731379
16145,14.776770450908154
16146,13.932108433132372
16147,18.85098978114233
16148,14.734282772703779
16149,25.063039099766414
16150,13.38590213281065
16151,16.7588932250404
16152,22.43184576828629
16153,16.553583621151
16154,13.333167105575825
16155,16.91080255066032
16156,12.78973224952258
16157,16.425016004967596
16158,15.643219039743123
16159,12.092993513015603
16160,16.50065470559421
16161,18.652530992301948
16162,14.796188765689433
16163,19.10157205783759
16164,17.063269900180643
16165,14.324853221924194
16166,16.309716152845503
16167,13.291154645376956
16168,15.386447350348039
16169,20.950724384512938
16170,19.082873054806168
16171,15.037174638471473
16172,19.34030616379022
16173,18.174578885890355
16174,17.79273481863686
16175,13.229385341130788
16176,16.618591102383448
16177,11.035794064794153
16178,12.486873578010945
16179,18.82750036633597
16180,15.481918584139871
16181,19.507405561239807
16182,19.591432066350844
16183,15.906553621451875
16184,17.84971893338377
16185,15.729218003472614
16186,15.450369074890627
16187,11.254877716104756
16188,19.06365575258684
16189,12.702968833383562
16190,15.96507572844854
16191,23.799046598643187
16192,15.290308144763568
16193,14.040006794868559
16194,12.522252063192507
16195,20.442110717016803
16196,18.7484860704683
16197,13.602944461762718
16198,19.02500178979416
16199,12.306850362885793
16200,11.409893930322834
16201,14.925083706325879
16202,23.111412257847718
16203,13.896266170175965
16204,8.30679656564637
16205,14.71994511114688
16206,16.24850568349932
16207,13.863118423527661
16208,20.45691217970254
16209,14.691157674347336
16210,15.798550843299386
16211,17.130647013132553
16212,16.871068672588873
16213,12.574952050520437
16214,12.210652686915669
16215,13.907658203973035
16216,9.47696759024249
16217,16.49190602233977
16218,16.557609095591353
16219,21.534907317193756
16220,17.046143654432335
16221,13.499562309860732
16222,15.746689792596413
16223,17.016388421985024
16224,23.029601229810133
16225,15.597480675923213
16226,21.39741142668577
16227,13.309956618865167
16228,14.518887332526079
16229,19.81151706584364
16230,23.493413680091862
16231,13.383421825652123
16232,13.628543171093092
16233,13.225731087304686
16234,19.53956757010838
16235,19.643141699955184
16236,12.133132449005199
16237,12.595324093733629
16238,13.3513926016461
16239,14.744580603382905
16240,13.5809377698214
16241,18.04023062179514
16242,15.638850843628958
16243,11.148029221529818
16244,19.332832043634543
16245,17.583661919321152
16246,20.351657584573527
16247,18.37909537757823
16248,11.920980621865201
16249,19.11093428875384
16250,9.310775531225506
16251,16.722421222227005
16252,13.204096562407791
16253,18.98778168919901
16254,14.946968041231576
16255,11.738765616161022
16256,12.753993121680416
16257,21.33429668789494
16258,18.179383025827605
16259,25.167902268876702
16260,15.58668283606206
16261,13.198495050483924
16262,10.820168649366693
16263,17.6800505494551
16264,23.377696732305214
16265,24.758284363838797
16266,15.782770751872341
16267,10.876083182064143
16268,15.585785142848906
16269,10.607133278973214
16270,23.4103094313463
16271,22.074094863603896
16272,15.283579220140137
16273,18.40946052176143
16274,11.13221975139338
16275,18.69317418206267
16276,13.344346830807805
16277,16.181525655699218
16278,15.266121406055046
16279,12.824011724607146
16280,16.01593089851203
16281,14.60811855782981
16282,18.804439825917687
16283,7.5387143639193015
16284,15.833055012698352
16285,20.03781232408561
16286,12.079854766740654
16287,19.143811517805087
16288,12.402023656045397
16289,13.686774000474191
16290,10.112042043606355
16291,14.059704633073565
16292,11.504571350058173
16293,13.12088084202388
16294,13.929528491659763
16295,22.828316771352874
16296,20.138270992324145
16297,11.304643394315576
16298,12.72269256090782
16299,21.094239926199585
16300,13.9082692440941
16301,8.312319448537453
16302,17.016287287057228
16303,9.10122330753967
16304,14.336611543393936
16305,13.235059843323636
16306,16.34860153675258
16307,12.601759863027887
16308,13.060816687785707
16309,17.03251444874198
16310,11.379904917833553
16311,19.4159483018702
16312,13.814359252753652
16313,17.437773512564668
16314,11.910942118623375
16315,12.759606683398136
16316,18.217421079648965
16317,14.973583169821303
16318,17.402103486887498
16319,16.780588740304154
16320,14.683957008426017
16321,17.489888710534814
16322,18.42763474068926
16323,7.953926231422433
16324,12.796181775583532
16325,14.768559643555424
16326,10.603660297801035
16327,16.452967024681882
16328,13.075369094729798
16329,19.36903889654089
16330,13.686662160426874
16331,16.351964522620456
16332,12.597797472872625
16333,14.835565721170209
16334,17.824545015433134
16335,15.62641095635107
16336,14.625407241851946
16337,13.310704016709437
16338,9.484085273096653
16339,18.25608244134517
16340,16.687130384832983
16341,11.451852952639353
16342,19.727045725075513
16343,13.313289673360721
16344,14.36512396689518
16345,13.499470058192035
16346,15.955378509522987
16347,16.861159462331308
16348,12.094708803121232
16349,20.993303709091848
16350,11.808761464781702
16351,15.236880272108493
16352,18.68405307467976
16353,11.890329391273443
16354,16.042791554004026
16355,15.525268537674224
16356,17.764760641333325
16357,11.032839872802212
16358,19.318113552768743
16359,15.116647655585883
16360,13.341922931094778
16361,10.492714227496972
16362,19.521497204614764
16363,17.616831890324708
16364,18.929300243687187
16365,12.289495718612251
16366,16.779433324121964
16367,16.28057671148655
16368,19.824114263540416
16369,11.841258341737058
16370,11.33002729893057
16371,12.385623053644476
16372,22.14945131709979
16373,18.831396829732725
16374,16.475770952274125
16375,24.117296299037168
16376,22.066023898779726
16377,12.488394312853504
16378,11.75631730941496
16379,5.460346427077145
16380,8.63406294445715
16381,24.77290646291243
16382,15.188753976232858
16383,18.275476455023647
16384,13.31776267491136
16385,19.107272731601174
16386,20.165574388279154
16387,11.024878364766526
16388,15.41662976501119
16389,12.734438237528675
16390,17.38516717717085
16391,19.43039115183531
16392,15.791777820866113
16393,13.395026077796611
16394,12.333306521749734
16395,9.672301985275247
16396,16.17036250546765
16397,14.906525676623236
16398,17.550697416912353
16399,17.396892944929686
16400,14.36392636079615
16401,14.598646663458457
16402,21.774850472061054
16403,15.652284587962285
16404,14.910025473953775
16405,19.024677707672442
16406,11.121088552863528
16407,14.654186053450474
16408,18.03030249526955
16409,13.403877859243542
16410,16.079705116001367
16411,14.746849862176976
16412,18.69082485460998
16413,13.071062199514252
16414,18.899178395500964
16415,12.333591371190359
16416,10.799693372116465
16417,15.945274334839468
16418,16.65770769130382
16419,17.87064218555061
16420,12.647949220273428
16421,14.841181687796968
16422,17.249265707305796
16423,10.624136100369617
16424,17.655597356874953
16425,17.304489317657684
16426,22.433657109096426
16427,11.515077775803697
16428,11.786127889010842
16429,14.440815859889861
16430,13.510071307187992
16431,19.740510394599738
16432,11.337037982383354
16433,11.94798344692522
16434,21.01745673075905
16435,23.880951854741195
16436,9.614040137183183
16437,15.77223537795959
16438,17.40626647231184
16439,14.710058255665267
16440,17.060317877398862
16441,16.675131272801973
16442,9.133714215140115
16443,22.12383463067716
16444,20.50051884968466
16445,14.871575377186401
16446,12.256056563921428
16447,14.243845229774363
16448,22.66983924770242
16449,16.682222771325737
16450,19.776560562577856
16451,16.562062073261462
16452,9.915726968289153
16453,11.101968388658413
16454,15.222486156216616
16455,13.932043042410143
16456,14.311830260556942
16457,12.672491464305018
16458,15.302631888029076
16459,14.21937483203132
16460,19.443099964424853
16461,16.277504544862012
16462,15.697700418179155
16463,12.959761403794637
16464,15.20340331597643
16465,22.18706878290756
16466,19.521517821584556
16467,10.423563560217781
16468,11.951636109480837
16469,17.545668871066695
16470,16.80414590637856
16471,14.172442315743615
16472,23.396285517133194
16473,18.108837351622668
16474,13.5138086145962
16475,14.09145321243823
16476,15.116792947857158
16477,14.417515145665064
16478,15.897036337004614
16479,9.798393291898119
16480,16.728537639924262
16481,12.828462700270371
16482,19.056421510616236
16483,11.63384314554216
16484,22.068850135432818
16485,15.421297495113976
16486,17.34950147278757
16487,13.0754208184026
16488,12.481544478621345
16489,19.487761579498276
16490,21.302080150595444
16491,11.493502210046152
16492,13.047784135943282
16493,10.284592239008845
16494,19.893099797636133
16495,16.70586676582169
16496,11.40004212835192
16497,14.750734011191629
16498,12.205428135537847
16499,18.25841189700825
16500,11.397362970995413
16501,18.321522012797487
16502,11.320638774169446
16503,18.302176230406893
16504,18.076061484347633
16505,13.731186192186335
16506,12.528386251278583
16507,21.07986966235268
16508,13.522333102123486
16509,15.858774412358676
16510,17.32949464423195
16511,17.64476834047833
16512,17.64427872138959
16513,13.554557310016715
16514,17.801003771621346
16515,17.13205741019291
16516,14.47458358125402
16517,19.19947856102162
16518,20.94450449934952
16519,19.84550035841623
16520,19.50507205191588
16521,15.051674617308914
16522,8.393785620576772
16523,15.43383670774067
16524,13.9611398560492
16525,15.568859311434542
16526,14.81877039950605
16527,9.368800128477075
16528,15.89490863978232
16529,12.589604252155986
16530,14.760453586333792
16531,19.309257349524223
16532,13.177882745349283
16533,21.613270251402874
16534,15.893261906895134
16535,17.511657786418446
16536,20.42851014095055
16537,15.687255001968468
16538,9.361838212088248
16539,17.252970038923884
16540,13.104953783390833
16541,17.27799001955085
16542,14.562430655714245
16543,15.086942850010217
16544,15.389886189599608
16545,11.594078308904795
16546,10.911177226452192
16547,14.457453591249173
16548,21.05145452857458
16549,19.328564738043788
16550,11.162776375897689
16551,17.15822943552525
16552,14.655393354205938
16553,10.13017001201075
16554,23.01776849212039
16555,16.733458306106996
16556,21.08058979564101
16557,14.115102799265525
16558,17.046002764002793
16559,13.711732197816781
16560,10.876326635340561
16561,14.504424012003495
16562,15.820036473366532
16563,13.57443436329324
16564,19.928597173275996
16565,18.56489621505733
16566,11.244021401929249
16567,16.884960437846857
16568,17.35976122633535
16569,11.262228912239243
16570,13.67458337300246
16571,11.073376858510887
16572,14.659479540417564
16573,13.800761895397814
16574,19.98602564709962
16575,18.899938130437064
16576,16.45445354924368
16577,15.256610971582905
16578,20.880768520904653
16579,16.758039743214557
16580,17.051801067266624
16581,16.18617440968584
16582,13.00692054149358
16583,10.40372602430977
16584,19.589738229066533
16585,18.867866835617285
16586,12.845312639354553
16587,11.983525735831421
16588,7.7007743301167615
16589,15.02061628096993
16590,20.5368195790866
16591,13.922031885829423
16592,23.012250515646116
16593,15.72582037321747
16594,22.494990409315918
16595,21.256711722341894
16596,16.1585404978982
16597,16.19635161667186
16598,11.166666038276892
16599,15.036881589446914
16600,20.215012238494594
16601,15.847385109040577
16602,12.166999782379172
16603,15.863658282923563
16604,20.225843828424388
16605,15.185438736437874
16606,12.476826236714967
16607,15.142399534774125
16608,19.33560620231001
16609,13.105368896647569
16610,17.636539020245557
16611,15.417103824305777
16612,11.194170787729476
16613,21.278287107571465
16614,17.87733279149718
16615,13.608156979970317
16616,13.79082131327256
16617,12.034684997961683
16618,19.130324476212472
16619,16.61256434559194
16620,12.885673897626816
16621,16.473029426458826
16622,14.393045654084414
16623,18.235186070895352
16624,13.490327876181851
16625,12.0902981927048
16626,11.546562413731865
16627,14.55273275514757
16628,12.679167766719328
16629,10.091847177026212
16630,18.717709521848388
16631,15.862785826297474
16632,10.92194456677286
16633,11.817360449978569
16634,17.055399137791465
16635,15.142740854625776
16636,14.142875430554465
16637,10.750913797707684
16638,7.195768006716618
16639,15.68223261510527
16640,13.868208933873323
16641,18.047390853913015
16642,19.73340021250059
16643,22.952824299385615
16644,17.312184647911415
16645,16.329266145896412
16646,8.641842546500914
16647,14.670206314721076
16648,10.760320446524162
16649,17.369708342834578
16650,18.503671896105075
16651,10.22731844957477
16652,14.111041051728757
16653,18.151689681911613
16654,23.140038343289227
16655,18.758537902802722
16656,12.466726026151079
16657,15.859260274949968
16658,15.110382202974828
16659,18.215415901719613
16660,13.014700808345903
16661,8.301340353665442
16662,17.638252661833093
16663,12.448576252824342
16664,10.443795238935369
16665,14.611597201670572
16666,20.035585024999833
16667,10.023602398717099
16668,16.367755155222458
16669,15.697063219287003
16670,11.371448119733184
16671,11.30629014798707
16672,16.489195117876392
16673,18.21947780395137
16674,13.515094830147849
16675,10.622257277135049
16676,19.369395478854422
16677,17.349751863495225
16678,13.146034117453347
16679,16.020806168030305
16680,17.041409901624494
16681,17.834994528373073
16682,16.03375318372834
16683,12.767225324435962
16684,14.902789378632965
16685,12.163148265742628
16686,19.739233325428216
16687,16.45121857656899
16688,18.12708505884821
16689,13.351819538762479
16690,12.497736251108362
16691,8.505823172716957
16692,13.33477866260808
16693,15.178472104282019
16694,14.742663643276085
16695,15.572358947547102
16696,18.06778814331764
16697,20.99125431335055
16698,14.987620656992467
16699,14.773264426578171
16700,19.345245132958752
16701,13.644743525094597
16702,17.618223258884445
16703,18.534389562759788
16704,17.759497913065104
16705,12.14867954745236
16706,13.691771130562433
16707,15.770291711480924
16708,16.316127607202596
16709,14.20130950326583
16710,17.971548022047422
16711,11.459985482411504
16712,13.33355197865971
16713,15.759990074544366
16714,18.83588109314644
16715,14.868652049062387
16716,20.04126850977389
16717,17.616919955463157
16718,14.264068752838604
16719,16.71027616863643
16720,18.733274405762284
16721,11.605699490803222
16722,14.675440964762185
16723,17.22419308632808
16724,13.26100109065992
16725,11.879055137251747
16726,13.74133011681993
16727,18.419346543496154
16728,10.350020725002427
16729,16.472378833581494
16730,13.04445024033592
16731,18.33917955046779
16732,19.69314940386492
16733,11.553658865630242
16734,20.021045792268133
16735,15.990771873424157
16736,11.60369855198813
16737,20.433042945079364
16738,16.678440093584424
16739,9.687133580490269
16740,17.59061745178625
16741,10.431784059792365
16742,19.606088843758677
16743,14.445961416940838
16744,10.881803531776214
16745,15.879901080918906
16746,19.77220579424475
16747,23.538687394538883
16748,16.080252076755503
16749,12.719954109255859
16750,13.168395024782361
16751,17.379674229970455
16752,18.712168226681378
16753,12.818854494594177
16754,17.19095630862024
16755,17.986908754094614
16756,18.391565816565038
16757,17.591797956771426
16758,19.924732110411433
16759,14.695895375478187
16760,13.401366533648975
16761,15.846549064344213
16762,20.11540023011452
16763,10.081364423966253
16764,14.720169033643655
16765,19.407699125197556
16766,18.922449037899497
16767,15.078399475681419
16768,15.195710632691245
16769,8.618732962470403
16770,13.55990341323081
16771,18.179461415952854
16772,14.824900661390748
16773,15.85435342064507
16774,21.18247227686873
16775,21.202645176731078
16776,11.942814157042744
16777,14.98134219255607
16778,16.358691682620922
16779,19.54332803021663
16780,14.379362952293256
16781,12.844375105564595
16782,16.678992987701896
16783,16.465269528255728
16784,15.019831155748532
16785,17.40836748342877
16786,19.88126459626222
16787,15.032086685565641
16788,18.00841138197026
16789,15.22085747766323
16790,20.379349872853737
16791,16.822846941324908
16792,17.92250368103385
16793,10.231124726672228
16794,13.765539199952492
16795,21.531845258944966
16796,18.07958609543035
16797,16.916376548654007
16798,13.853792038640618
16799,17.91800314778448
16800,24.785477387753485
16801,20.742024449203253
16802,14.797511908117295
16803,17.80853906450902
16804,14.69577488054123
16805,7.843499635056941
16806,14.86841030080086
16807,18.28550611870213
16808,15.297605120510587
16809,16.502722865720862
16810,11.398483221687258
16811,16.193507707468243
16812,9.986865462496809
16813,14.436681360043075
16814,11.230045185248784
16815,14.85036615415552
16816,11.0985282067761
16817,13.026618319355808
16818,18.813497535682988
16819,12.66633691335947
16820,17.877893968472634
16821,10.059729096439122
16822,13.532859176110378
16823,14.591154434596877
16824,20.061608515553132
16825,12.520955129436544
16826,11.479154490865707
16827,15.46853260358012
16828,16.21845400715073
16829,17.468595953562424
16830,9.62319928426201
16831,18.85641278324375
16832,15.637474678136272
16833,11.783885221033769
16834,14.817276075562088
16835,13.422721565258346
16836,17.517858076506762
16837,13.93966176780918
16838,19.34938818594857
16839,18.091763122893695
16840,18.60625241394117
16841,13.27089062391941
16842,17.097904499294494
16843,17.707253656280145
16844,24.506359500824566
16845,13.893921791548342
16846,13.246379094503254
16847,15.99487745255924
16848,11.83611260003699
16849,13.869811529049253
16850,17.09626974284277
16851,13.931206964006119
16852,13.421229221407813
16853,16.743535929426304
16854,14.648042371989273
16855,15.566566974956464
16856,16.009590917662166
16857,13.045817919556765
16858,13.744078375684605
16859,21.294648292806222
16860,18.37140492314237
16861,14.212264271270818
16862,10.364346231890602
16863,21.034928088653892
16864,17.410699292339917
16865,13.849520757900175
16866,16.76628171125165
16867,18.137589199007117
16868,11.641059582422546
16869,21.311069469826467
16870,15.61779896879686
16871,17.952973998852805
16872,8.3426240129886
16873,16.51628884236116
16874,12.828400771344871
16875,16.4963137930514
16876,17.919085813243925
16877,17.33900218593483
16878,16.328256311173345
16879,15.440559560613684
16880,13.60043764173073
16881,16.281886014326496
16882,15.393661309406212
16883,17.042464817298615
16884,17.778859148265717
16885,18.617889210099477
16886,16.236631060653774
16887,23.194294392672223
16888,14.290534624673072
16889,18.111351214750336
16890,20.045366579080486
16891,18.241343128814783
16892,19.035326606239074
16893,11.893882362331604
16894,11.880566428398895
16895,17.434333844768354
16896,10.611406100470944
16897,13.84061573720346
16898,21.133461141755014
16899,13.154326762700334
16900,15.690522862678026
16901,16.14192635970505
16902,14.828503673760501
16903,14.110541846310273
16904,11.402157916967749
16905,14.275057632854924
16906,13.293083569339966
16907,19.428174750998835
16908,18.058136888298954
16909,16.345780072629548
16910,10.936858694709247
16911,14.319809335151009
16912,16.673560418247227
16913,16.537427818631425
16914,12.766029727312914
16915,15.461940707235858
16916,16.481190151269484
16917,13.718557271597628
16918,19.042083633930126
16919,16.57214058255513
16920,18.647140189121586
16921,15.561437718442635
16922,15.073467915704894
16923,17.664401326973106
16924,14.476098643244173
16925,18.947966773492993
16926,12.869158209599782
16927,18.360107875815586
16928,21.753528169022882
16929,10.763836718225917
16930,15.022042739017479
16931,13.356803105851593
16932,18.952156763852344
16933,15.849854442391907
16934,18.139289746115082
16935,10.411901992843436
16936,11.95248346353145
16937,11.85002971813861
16938,16.236404719993917
16939,17.89628123301017
16940,22.24275753591389
16941,11.015534249419414
16942,19.68994743274581
16943,15.056264058092923
16944,12.568659138762232
16945,24.207812072162497
16946,14.825473442881856
16947,18.695029720224305
16948,14.442204394279557
16949,18.021075094759595
16950,14.27313567334085
16951,7.223412765219325
16952,15.55892702467304
16953,16.79733351979379
16954,17.585248634827842
16955,10.80323528266948
16956,11.601843784028361
16957,12.865099114913813
16958,11.776101883696919
16959,12.056801550948961
16960,16.252548672405894
16961,14.53995593438315
16962,12.948439754917896
16963,15.21216509166614
16964,13.033255039230639
16965,8.645309914793303
16966,15.127834038255314
16967,12.568926965779568
16968,18.689233633981374
16969,16.322108360116356
16970,13.848876578520862
16971,20.454546200534708
16972,11.278511152262642
16973,17.39552541976639
16974,13.124057944501585
16975,11.781245424444071
16976,12.767356336298597
16977,15.460713267205845
16978,9.143911146732224
16979,10.947882370470623
16980,17.811736124734193
16981,19.637002200962275
16982,13.458483733012638
16983,15.675012095911
16984,13.85865735055489
16985,11.91456449817645
16986,17.0328999128378
16987,17.81935957059342
16988,21.752636016552586
16989,18.11847118330685
16990,16.28318070335092
16991,11.764077497480459
16992,13.85851306631824
16993,22.854631209724367
16994,17.08592875309621
16995,19.033414212649888
16996,14.437844548051896
16997,13.316831044625946
16998,15.276279615872859
16999,21.901921325252488
17000,14.687398503478057
17001,19.769041400116844
17002,9.559479796633958
17003,14.366715214863682
17004,18.138959250436372
17005,11.0863339699141
17006,9.120918185833398
17007,13.224878723624572
17008,13.554843350778889
17009,14.573074216743256
17010,22.088684651896635
17011,14.55221262563174
17012,15.119768684038155
17013,16.318141626255247
17014,12.460400378999754
17015,17.64200050038948
17016,10.566640970776689
17017,12.566439674027212
17018,15.032361590352622
17019,17.711479437514985
17020,20.048845945494698
17021,16.463859594279864
17022,19.698881400945307
17023,16.865332381669838
17024,24.837152101412556
17025,16.432912857358673
17026,13.579856255938635
17027,19.514081085629176
17028,14.18270447697742
17029,17.673370695546563
17030,16.778450495118292
17031,14.48136964361547
17032,10.958316881786512
17033,18.350645549284057
17034,13.43342205588501
17035,11.937758498737061
17036,19.89287179957044
17037,15.252431180307156
17038,15.996801675847896
17039,17.879051652227524
17040,14.2245957763268
17041,12.414670944572709
17042,14.449566692272953
17043,14.228615746451933
17044,18.49257287706613
17045,17.9064238822832
17046,16.3157340509499
17047,10.118776480686869
17048,11.532784955782898
17049,15.536586069922071
17050,15.053460672087633
17051,17.740312466216412
17052,12.149840805478492
17053,19.87202869090907
17054,10.684400860836638
17055,16.101737738198736
17056,19.350045074268596
17057,8.493574155921245
17058,9.878746396155599
17059,15.142779125011108
17060,20.993407342278743
17061,14.872784429589991
17062,18.640562489279223
17063,15.300021358965447
17064,17.371863699086013
17065,15.573107952355826
17066,13.774280741714069
17067,12.36038055390711
17068,9.217932972932086
17069,11.892508087574662
17070,14.64215333042629
17071,11.867726211921212
17072,9.107542561212497
17073,19.375451498310007
17074,16.059293436328193
17075,16.206864686833924
17076,15.336327740395443
17077,11.093899881700576
17078,12.80597259047507
17079,18.659315372758613
17080,17.12581716676067
17081,15.230807298777302
17082,20.823820734206127
17083,19.071964251801578
17084,16.914170197154384
17085,12.66549162704015
17086,11.352865097932224
17087,14.558719752128443
17088,22.262757355281053
17089,14.012301458767919
17090,16.96004874087933
17091,17.50689287521655
17092,8.860300924036299
17093,9.969825653282125
17094,20.275463516241867
17095,17.742502518696874
17096,10.728146033675996
17097,15.10992313675135
17098,15.506867221301835
17099,11.773191993669176
17100,15.150190059871456
17101,13.789536221377917
17102,13.399446751288629
17103,14.751263843572353
17104,22.35940048266903
17105,14.497074163268866
17106,13.230939366348254
17107,18.10640233122259
17108,14.663853031309063
17109,15.182978455837812
17110,15.6113114008301
17111,12.581351544754119
17112,15.72469458139966
17113,10.333418289376405
17114,15.79423378910915
17115,13.788374065040468
17116,15.426396769080094
17117,17.964656910906427
17118,19.001558853722464
17119,14.22241000780614
17120,9.266212416513348
17121,14.46878265073427
17122,14.979255696234118
17123,14.755181861586593
17124,23.856656362975762
17125,10.189129042688071
17126,15.940561242725211
17127,15.80413244717345
17128,19.83606198022487
17129,16.983212094566753
17130,24.67633299414753
17131,19.680129094835493
17132,13.63942014922154
17133,12.151802408754895
17134,10.980976731274662
17135,17.165875308977455
17136,16.018496798515876
17137,14.18063202697991
17138,13.798450648632953
17139,9.792706476021763
17140,12.0218607614278
17141,15.669605081154417
17142,11.379079046697013
17143,17.709823899334182
17144,14.552078634322315
17145,11.64613104276457
17146,11.656621887853097
17147,16.282272015281674
17148,15.568536743365252
17149,15.481708309576492
17150,13.601048933222794
17151,15.107655016377624
17152,11.579113308710095
17153,14.517376691133045
17154,11.578861023384476
17155,15.857012817020221
17156,18.875971012240072
17157,15.778915251140205
17158,12.497926610573682
17159,22.356138962556233
17160,9.663252193607114
17161,15.905015883746506
17162,11.011357370299327
17163,20.047735007519005
17164,12.022295940587604
17165,16.65817154989553
17166,11.203226271987445
17167,13.274455178015419
17168,10.076047799110238
17169,18.76303003289851
17170,17.231621031599477
17171,16.370924481940214
17172,11.016842208629644
17173,20.344144780953172
17174,15.189754769304535
17175,13.47722648509843
17176,14.60526126008612
17177,11.41727821410009
17178,13.291483695925294
17179,17.265645500471187
17180,17.321195695043123
17181,17.702787430425378
17182,17.015476431716877
17183,20.99453675479919
17184,19.951020997693874
17185,17.80935487364168
17186,11.909111902575345
17187,13.337026051310245
17188,11.543364646325038
17189,13.967391520109896
17190,15.504603778343519
17191,17.86499914824119
17192,15.218970884093817
17193,21.94854173550622
17194,13.721479662577732
17195,18.53094179635589
17196,17.040312155685527
17197,12.345512134206482
17198,14.877670129558343
17199,13.407612956056038
17200,13.355466210018346
17201,13.288942668405017
17202,12.131962635853832
17203,13.756987911127288
17204,11.98686355104568
17205,19.193810164623684
17206,18.30560352536458
17207,22.833111939075916
17208,18.490717467685844
17209,12.435017727322055
17210,13.630034109206541
17211,15.369018973018418
17212,14.290102763705917
17213,15.507827547179264
17214,22.28269645060815
17215,20.591076686320307
17216,19.44349286899036
17217,12.558522131805812
17218,16.378189554766543
17219,17.306757147698256
17220,18.239569377927722
17221,12.425855344087426
17222,20.320901152497434
17223,16.310027931545527
17224,18.382902732091452
17225,13.063034286536
17226,11.513707612280651
17227,18.124753789317246
17228,18.30855744927768
17229,11.978872278769558
17230,16.812137027699997
17231,21.975699297995078
17232,18.2206605042026
17233,16.85170630961261
17234,20.129679532385815
17235,14.767306469086074
17236,14.838414239062969
17237,17.726003338461275
17238,16.533679352721762
17239,15.04184870854344
17240,12.713257054323076
17241,12.580346425810763
17242,12.41671381744921
17243,13.472996264181145
17244,21.31655024569893
17245,13.847712075405227
17246,18.520757203878905
17247,14.413647838208181
17248,15.936356848341841
17249,14.477215151444657
17250,17.55139739145341
17251,9.097057860211535
17252,9.245673287626106
17253,16.147748841534263
17254,13.473326597464624
17255,15.4419606533949
17256,15.983795105091872
17257,20.65027851050611
17258,13.745109581027933
17259,16.78918321889639
17260,12.594349422716911
17261,9.041808629149596
17262,11.524603886302813
17263,15.207001524396915
17264,19.695573518882057
17265,11.423999899101986
17266,15.880205412726088
17267,22.075216289958746
17268,12.513055013641928
17269,17.411094333971604
17270,15.4867565384571
17271,12.652073364601621
17272,13.740140288057006
17273,17.72258655140481
17274,13.58468925461276
17275,13.40700183191705
17276,21.15559818062427
17277,10.860136382217295
17278,15.322162101463528
17279,11.488424903319608
17280,16.368903256219134
17281,22.088176359101325
17282,10.511765876700625
17283,13.868282698724808
17284,9.154250681866209
17285,16.085081710104404
17286,12.531044796828537
17287,17.613793484460345
17288,12.838242991735907
17289,10.86547755959012
17290,10.094940229452774
17291,11.305142161789433
17292,10.963755991205176
17293,17.80465474035013
17294,8.75828931375918
17295,13.675991737287376
17296,14.97455331243289
17297,18.094757003666928
17298,16.558447802197637
17299,19.197961957609806
17300,12.101814226039252
17301,17.981128946300007
17302,20.593567861335963
17303,15.561073363030514
17304,14.439183047864967
17305,17.446176801593023
17306,15.54027512948958
17307,18.026496264826424
17308,13.13755401097034
17309,15.918453169718227
17310,19.213586954016655
17311,16.75611003587934
17312,19.510256071352018
17313,10.69653511353064
17314,10.858045000601571
17315,17.300554848465445
17316,16.117326937985954
17317,11.305770317300084
17318,12.537677930198877
17319,20.745122842571302
17320,17.81255596909538
17321,16.017055788841127
17322,16.528799577094333
17323,12.978977915358536
17324,12.365218831567494
17325,14.468089646278719
17326,18.341057489777832
17327,14.420158279116777
17328,15.504873601721648
17329,12.780363838751533
17330,14.389069024936909
17331,10.41649356655843
17332,25.032421683884582
17333,16.882314166948717
17334,15.64920474564988
17335,15.698259084171099
17336,16.83941812653079
17337,18.401789191216935
17338,16.572486117097746
17339,9.393260722550192
17340,14.279286841028123
17341,16.442234555703507
17342,10.640265851465532
17343,14.396539852436177
17344,13.301558415858626
17345,18.633658409652163
17346,17.85752094931063
17347,15.097230509640543
17348,9.765643236851217
17349,21.029938978041763
17350,15.3300050499569
17351,17.461521567771406
17352,18.66167026029648
17353,18.30555796180216
17354,19.099075541821676
17355,17.18506611895357
17356,14.882598959534654
17357,17.097032052148933
17358,17.23110491039339
17359,17.856866549933983
17360,10.622555789491372
17361,13.122881478534815
17362,15.032513447250212
17363,22.540371476979246
17364,19.116213102750063
17365,11.49307115463211
17366,13.643820168022938
17367,21.6282228040574
17368,11.82995711422862
17369,8.377853221259116
17370,15.384033100716263
17371,11.627536470861147
17372,15.119397042204334
17373,14.896057611904514
17374,14.872264866491747
17375,14.083291547228361
17376,17.130205673279576
17377,15.17834538352144
17378,18.86463716372463
17379,21.629479513852424
17380,16.624840167775858
17381,18.199494471129512
17382,12.570342657107878
17383,11.313108326937714
17384,13.002933390314134
17385,14.154121393886271
17386,11.757068894398902
17387,16.465294895251542
17388,14.123751896750196
17389,6.989334782567201
17390,18.500512931666435
17391,18.16125770319086
17392,21.489932821785303
17393,16.678504017741695
17394,13.058489966317003
17395,15.816773525304992
17396,14.574503305856034
17397,13.921514486686418
17398,10.95927782255107
17399,18.813756859170432
17400,16.765742687585394
17401,12.562060842639866
17402,17.133365208894546
17403,9.027668440929357
17404,14.581403504924657
17405,13.38265607861644
17406,15.348682955623591
17407,17.932904549567816
17408,18.288576581358484
17409,16.376438949414215
17410,12.56700490008254
17411,19.63700472581323
17412,12.03836306118024
17413,20.40667354216157
17414,16.810620359908306
17415,10.36236650803985
17416,13.454317434666624
17417,13.20800696294214
17418,12.696281557705419
17419,20.270442312460197
17420,16.577201515302026
17421,19.905643853592135
17422,22.364777398631013
17423,19.035315198135137
17424,17.545309349801723
17425,15.782733945809257
17426,13.306962894343371
17427,18.17657961330439
17428,9.064811636341705
17429,16.981708383672693
17430,14.193920015225224
17431,13.843812605974147
17432,15.850437277176173
17433,13.101480986593312
17434,11.034202927157697
17435,14.37579858522884
17436,8.36980747049119
17437,11.410594878923426
17438,12.43693025320664
17439,14.089234417057959
17440,12.624467467254677
17441,13.747148585238602
17442,12.215122409415443
17443,12.395935616856857
17444,17.70940635167084
17445,10.963043550673142
17446,17.878790249527572
17447,17.79351907678946
17448,11.361443400848087
17449,13.364630509924694
17450,17.647232919968758
17451,10.155822923673451
17452,8.760098756678882
17453,20.238235905860677
17454,13.339024787578257
17455,21.530310198199878
17456,12.139069774543142
17457,14.499156826844438
17458,13.997338270711058
17459,14.62585420499152
17460,12.156768871407563
17461,13.627637215919247
17462,12.741508992086114
17463,11.525533261374445
17464,13.103567507357853
17465,17.473638906257424
17466,6.955312209900133
17467,18.895343094765494
17468,12.67418495905023
17469,13.57957700236181
17470,11.78727260711922
17471,11.998321006211805
17472,19.766512505053818
17473,19.839139683117907
17474,19.956989023718037
17475,25.245823225123935
17476,16.61435782224167
17477,17.749621192933564
17478,15.044776300723235
17479,17.693450709909733
17480,13.435176656843993
17481,10.528372586563119
17482,14.17038249660763
17483,14.864341566726683
17484,14.17128932814135
17485,16.624583773083742
17486,18.900820439014822
17487,20.06267060160293
17488,19.305296977568496
17489,19.590028553988642
17490,23.605918879943303
17491,11.824231445370536
17492,20.389702446289014
17493,11.881741992379037
17494,21.954722307994256
17495,17.78365068393692
17496,21.63828372941682
17497,20.29148165819784
17498,14.800838120901396
17499,15.10267871409632
17500,14.704210567382418
17501,17.78660270401802
17502,12.813999406922637
17503,12.540610937262947
17504,11.910414541688603
17505,14.1607940849917
17506,16.48085172770881
17507,20.077389880129648
17508,15.786829857955892
17509,14.410714962060789
17510,16.112099940164175
17511,12.073276745396873
17512,18.038652341364774
17513,14.503315523738605
17514,12.855876019673397
17515,13.626371880064802
17516,14.733903332163178
17517,9.954344695850448
17518,11.839534814317005
17519,15.157505282867984
17520,13.918812124916588
17521,12.540764156696952
17522,15.752028605073793
17523,23.06502123199016
17524,14.516565336950084
17525,12.562776204765811
17526,12.00857385315507
17527,19.22326743022546
17528,11.481276251839645
17529,21.503917937002562
17530,19.742931890102987
17531,17.204539770062624
17532,16.61962418272949
17533,13.270914929940357
17534,14.225049529694022
17535,18.86961688735703
17536,18.613683127227908
17537,16.91037419074725
17538,18.439131671732753
17539,9.89187363195638
17540,13.399800455028434
17541,16.809040562544816
17542,10.995805203291821
17543,13.891599834971773
17544,19.39693733935372
17545,17.013543153886097
17546,17.1890046179825
17547,13.21334357009134
17548,20.685373802199585
17549,15.570257169695697
17550,14.180142905287706
17551,17.479090943723588
17552,11.472916850576478
17553,12.868760445423018
17554,17.15086434026766
17555,17.628349277504345
17556,17.351383890744316
17557,11.834650616019381
17558,15.318320691175483
17559,14.536306352203166
17560,16.642544842831178
17561,16.958546311714674
17562,14.10302776638843
17563,12.980862765528745
17564,13.1700754744619
17565,13.821477816917493
17566,22.829371841652403
17567,18.532109744623995
17568,14.042533892083963
17569,18.2035730931956
17570,15.82068955063171
17571,17.845235426138622
17572,10.843724805909673
17573,14.74107844500378
17574,12.181082542829362
17575,13.8741886008616
17576,12.444528131939304
17577,11.888305985025958
17578,12.528841989706088
17579,11.59126147295093
17580,15.311586893738419
17581,14.329570105251182
17582,14.641693894750237
17583,12.591879404360792
17584,20.313204230814026
17585,11.423303864570938
17586,16.28539808104646
17587,15.518781433705502
17588,10.520047590368021
17589,13.773674571879189
17590,20.824475133786688
17591,15.473203698125179
17592,22.962753116402393
17593,18.810831330985046
17594,14.643734800818901
17595,16.04818212509707
17596,11.478086651101638
17597,15.262473506175686
17598,20.735134636872612
17599,19.39988740902722
17600,17.93350995240006
17601,19.95979199147832
17602,13.891806427971668
17603,16.634610733884102
17604,10.123638985575012
17605,12.994560862930594
17606,13.796507907987284
17607,16.76182934722666
17608,22.987579484837774
17609,15.802818070015832
17610,17.41882754901099
17611,14.836561251853883
17612,11.550203960970912
17613,16.729014156372052
17614,11.618168271188296
17615,20.16407517609565
17616,12.086942020985672
17617,16.566402019225634
17618,14.384750569562044
17619,16.117760929196006
17620,16.592533345701252
17621,13.318758694920023
17622,8.850167767771294
17623,17.09530106093974
17624,16.482728139756112
17625,15.57078984414851
17626,12.697348693415048
17627,14.383002594231925
17628,13.772841080597972
17629,16.78555051831311
17630,22.713122961703718
17631,14.127974829238166
17632,11.897025016591225
17633,17.028188888249197
17634,14.863705839516838
17635,18.387171360646274
17636,13.79285534395574
17637,12.09744840362719
17638,13.859866587109947
17639,12.149771518125235
17640,15.890875348913971
17641,21.05351546907682
17642,19.817190765788332
17643,15.136900464474525
17644,18.646158459009342
17645,21.50965385716682
17646,17.783579619274178
17647,15.584045931946577
17648,18.550307818554998
17649,14.618280345043935
17650,15.644102507319024
17651,16.168457385313644
17652,20.444937025946476
17653,13.979890255375368
17654,18.07622873985813
17655,22.835656267660596
17656,11.845872215180218
17657,12.900253729984893
17658,12.91762326716507
17659,13.142498833816449
17660,18.634375712649422
17661,19.37508702197693
17662,12.202521270875188
17663,18.12109282085728
17664,9.39207589472201
17665,12.872860582865954
17666,16.195319744289748
17667,16.776628031523835
17668,13.881184692279579
17669,20.613099314622566
17670,16.88120516089426
17671,17.010110721644722
17672,14.471640895002952
17673,15.153105640441696
17674,18.585212091398134
17675,17.79656445311596
17676,13.326156270221311
17677,15.126967080665647
17678,17.12666668866961
17679,15.270493244610028
17680,12.320770824628319
17681,12.720533217008786
17682,12.754017982734815
17683,13.523130335602263
17684,16.93424895929659
17685,14.334246064369585
17686,15.662502594439115
17687,10.084372769565835
17688,9.301412925135327
17689,12.440527921807146
17690,9.883492908803527
17691,15.921952605797882
17692,20.47115500156146
17693,11.490732054316183
17694,11.038575479921885
17695,11.987107879177136
17696,10.977529755838908
17697,22.544805754644976
17698,12.95489142575541
17699,13.459382943645751
17700,15.708043595491763
17701,21.314180768148127
17702,8.719831033083347
17703,11.301864026619384
17704,12.345789928514204
17705,13.852820294263669
17706,20.470071525987514
17707,17.12582455400752
17708,17.868570917751853
17709,16.89645227526875
17710,16.910963772226825
17711,16.253101649310043
17712,16.355947627879555
17713,23.74283075668785
17714,13.79229254769363
17715,14.833939569533651
17716,7.519194072760263
17717,14.29490988984082
17718,15.051711278838527
17719,11.439993304844213
17720,14.389707459516018
17721,16.743002085034565
17722,16.43487298418784
17723,13.486739566677569
17724,17.346086390410683
17725,19.0362112516193
17726,18.252275291053476
17727,16.834135650265058
17728,18.637998431072983
17729,13.339978307530572
17730,17.829459609329152
17731,14.651174348874541
17732,11.895982017181433
17733,18.83632865456882
17734,14.748214230426708
17735,9.198723669389043
17736,14.938769086916777
17737,8.569380035145743
17738,15.03343127485604
17739,14.877591872391609
17740,14.35452845014365
17741,14.571859610527703
17742,16.917051022472336
17743,12.966022979133914
17744,14.605685823730784
17745,16.83850427960031
17746,12.681935201582323
17747,19.23537559935721
17748,16.95595571497816
17749,13.426217977491927
17750,15.73296984659402
17751,7.161489219752765
17752,12.866463846158652
17753,8.873538346271568
17754,15.786154676295453
17755,15.037456305854747
17756,21.783673244868062
17757,21.690906334781246
17758,20.652671164859008
17759,21.121297012862893
17760,23.290089521320677
17761,18.78205244796737
17762,9.883454088886372
17763,15.090717812262522
17764,14.787732003041182
17765,11.651300207233897
17766,13.473636008380009
17767,22.129306891389717
17768,21.502212430166715
17769,14.801997829773217
17770,14.843031259245524
17771,13.622248430178534
17772,15.75483122877806
17773,11.413843321635072
17774,18.705338596337686
17775,12.364774130358928
17776,16.526805597723808
17777,12.656062360021503
17778,14.94366150910372
17779,15.976991502851178
17780,17.34800806400982
17781,19.124345838710838
17782,17.236400499012213
17783,11.355317637344875
17784,19.183566939121544
17785,12.090396291252944
17786,16.087959375326452
17787,13.281954679289768
17788,12.646274733069415
17789,14.091132199337528
17790,10.351434757489784
17791,19.43072415436191
17792,14.456414789319927
17793,12.630532256226548
17794,15.114091778421209
17795,13.770406258256761
17796,10.807407263552093
17797,16.296949818764734
17798,17.068111918309036
17799,20.178475062158952
17800,14.895113088078539
17801,12.91276500677423
17802,12.188544778710536
17803,18.428454066316156
17804,13.143460017006632
17805,10.160742571877337
17806,14.823705421015134
17807,17.515872912035306
17808,16.589271374412604
17809,23.96707130329108
17810,18.752291709431347
17811,14.01760893607627
17812,12.84300478825636
17813,12.376665712332056
17814,17.062446389776532
17815,11.984449378940639
17816,14.397379011217144
17817,25.718525360724634
17818,18.40189503144036
17819,15.937814062601053
17820,14.40646335198043
17821,14.950202193670215
17822,14.629952590968008
17823,17.459977791775223
17824,15.59043235916743
17825,13.04879364552921
17826,15.116657947227132
17827,17.135070525045492
17828,14.587597409789051
17829,16.79443671434937
17830,15.759455400501754
17831,16.577823093003325
17832,9.514772084669275
17833,24.951927751465533
17834,22.744026443453492
17835,12.733107612144366
17836,17.109130136251125
17837,18.42063713746459
17838,16.338465920238782
17839,12.323964791455781
17840,15.2535224593842
17841,13.783690923951248
17842,18.1307121515205
17843,15.074946540882532
17844,18.72060565880999
17845,11.95453372618374
17846,14.280408718574472
17847,19.310597253039848
17848,19.77604518956645
17849,14.911291079670832
17850,15.857518948172869
17851,13.437779768138235
17852,14.47856129745033
17853,9.234278493389589
17854,15.879264304827423
17855,20.81058926147479
17856,12.531248057958534
17857,11.250250881061366
17858,18.126132692816384
17859,20.025462781242695
17860,18.26279344577805
17861,11.78034336659659
17862,12.942403185381046
17863,19.013476654690272
17864,11.133916284780737
17865,14.339564891015208
17866,22.686549214670045
17867,11.203621021000432
17868,14.081372300950639
17869,15.690385841774624
17870,18.379319660025306
17871,12.0515532686807
17872,15.060137519639582
17873,10.12080867136157
17874,11.867805581950863
17875,18.244246535760187
17876,20.661147796631866
17877,12.717562842793626
17878,16.910142462391633
17879,18.18826993314167
17880,17.55990781802508
17881,15.224802959537216
17882,14.983358443566294
17883,12.351169315434035
17884,13.890960115498569
17885,17.275716976582917
17886,14.732220399788883
17887,14.005330319319164
17888,12.311547071145338
17889,15.43027480587585
17890,20.025172453765865
17891,15.60846536365959
17892,16.09655059292796
17893,15.089215033639016
17894,15.66171568700002
17895,14.533879549794305
17896,10.85386872401706
17897,15.491064518713276
17898,19.794635634347003
17899,17.41520462181592
17900,14.596893818879295
17901,13.46316801119301
17902,11.274815749559702
17903,13.158849965722432
17904,15.997936081301011
17905,12.370009213690885
17906,15.536079445447491
17907,18.059257900361843
17908,13.829448366808547
17909,15.508366967474466
17910,17.892307087602546
17911,15.696192034493547
17912,17.43234338348453
17913,17.71814603975877
17914,15.64368970977024
17915,16.123680975272226
17916,16.68612420312437
17917,12.368165999115343
17918,16.285443056015726
17919,15.875341924510288
17920,9.635952781743878
17921,13.035685370570123
17922,15.42689664056248
17923,12.8855577639133
17924,17.56071899522649
17925,14.463232913602823
17926,19.055911512916808
17927,18.039409743128356
17928,12.182436099986699
17929,19.09453099910825
17930,16.597598244007184
17931,20.123640350996766
17932,24.55922540751735
17933,16.746707264212468
17934,15.675705322452275
17935,17.06780522688542
17936,12.357563161832335
17937,9.295177279388444
17938,10.232255015904785
17939,17.787097643070574
17940,16.671200854799793
17941,14.156898792292466
17942,19.51707725280545
17943,13.96681710824214
17944,13.479755184193507
17945,15.115064621614355
17946,13.26880522233914
17947,15.685876869212127
17948,14.13422822861686
17949,14.087684489205099
17950,16.750879064633324
17951,16.961336496307553
17952,14.66710332362737
17953,20.161010202012566
17954,16.23063213896603
17955,9.668850362554542
17956,14.687871038996377
17957,19.489672257692234
17958,16.206630462347455
17959,7.859782122459671
17960,15.18269666517537
17961,16.89228197551018
17962,16.488060280603424
17963,18.074754027855857
17964,12.056328091133107
17965,10.21370659493284
17966,13.916969568530435
17967,19.165144366860776
17968,13.249269575681886
17969,21.416365147789435
17970,14.221421029402643
17971,17.20238827546467
17972,15.071469914755598
17973,15.2495192959518
17974,17.9554828248937
17975,13.413677253369688
17976,13.418946017494019
17977,12.147982610528326
17978,14.356939730923564
17979,15.732469280916469
17980,15.362057672657045
17981,10.624275498418097
17982,23.652554711720462
17983,13.862285765975408
17984,14.104376214683072
17985,15.406906086430782
17986,13.999353776288768
17987,14.475341010762666
17988,13.05026246113597
17989,18.87710474311327
17990,15.197637534427823
17991,18.57422551614983
17992,10.252442932462078
17993,13.506220728929195
17994,10.168867078809551
17995,14.138817866589285
17996,14.394422231765834
17997,9.093572442041872
17998,15.45783111943007
17999,14.966495815868669
18000,14.955058858064788
18001,16.745758635621712
18002,18.74329603626879
18003,17.230308675390795
18004,14.865503894367311
18005,14.664729878498463
18006,19.616927215364193
18007,19.310540394882892
18008,20.173624419718145
18009,20.90337162248495
18010,15.124746809214846
18011,13.128381298835194
18012,17.46631416151028
18013,22.097943454234603
18014,11.979886201075807
18015,18.636204527437464
18016,20.09022121326379
18017,23.24389060682533
18018,15.643397727242206
18019,10.403188519556815
18020,14.49999676964109
18021,17.704587353068593
18022,15.639494135307507
18023,21.32495417536506
18024,17.44318257666105
18025,11.333449763465781
18026,17.909436226844203
18027,15.278569607681096
18028,12.17395282480803
18029,10.749737919952468
18030,15.196090391490616
18031,10.391706145267596
18032,8.389020573844524
18033,15.093593209124684
18034,16.342051129481654
18035,16.94732728487991
18036,12.51467233302456
18037,15.926405106596526
18038,20.39730057064675
18039,13.118475158498105
18040,19.0159764013453
18041,10.692736593146497
18042,14.046562421849849
18043,20.478139833889607
18044,7.452121287898062
18045,23.59791188238084
18046,20.805691403438573
18047,18.855190460757743
18048,11.994875670130728
18049,14.939428053219899
18050,19.03724695245468
18051,18.37024883873942
18052,18.42569219131081
18053,13.181833722895119
18054,16.57438971362111
18055,14.032317829628907
18056,19.544090052600353
18057,15.046217138361884
18058,12.351192478118152
18059,10.329334424744124
18060,20.674257635246406
18061,15.700646994784357
18062,18.3682247424903
18063,16.585125884560235
18064,19.272357506502274
18065,21.002142988981717
18066,7.061844066808745
18067,19.505895484625544
18068,14.337732366286398
18069,22.72619788301391
18070,11.268002636405772
18071,15.662977353613606
18072,15.767139957145336
18073,12.028087222148422
18074,18.352457994084418
18075,19.367879225738328
18076,12.027433387187557
18077,16.703664567551165
18078,11.368795417943899
18079,16.855729104571978
18080,18.48669166763383
18081,12.885761267016374
18082,10.4800333170956
18083,11.626125910190652
18084,13.702099474376366
18085,16.09463765315775
18086,18.190170764771253
18087,12.542508033718093
18088,23.171610501236334
18089,14.165100092787604
18090,19.126354689702325
18091,15.895512350062782
18092,21.62625592596405
18093,21.276022256428075
18094,12.37812348224151
18095,15.475173068625597
18096,15.889443327869078
18097,16.906625513942302
18098,14.398774253717441
18099,10.215225302171353
18100,18.341768601685956
18101,19.455520859601847
18102,15.356545969784804
18103,16.807894857021967
18104,16.74177959427842
18105,20.40950332406953
18106,12.005959136728354
18107,23.268923927704055
18108,22.002994248369145
18109,14.661717336408415
18110,15.605851482013852
18111,17.123714955869374
18112,16.417625655762834
18113,16.191345373162022
18114,19.066540133385235
18115,11.84691507718912
18116,14.693120966917594
18117,13.170701685206936
18118,9.36319912541661
18119,13.984918676269332
18120,9.304329675005837
18121,14.116803712408817
18122,12.409249607168446
18123,20.74659750799772
18124,9.972695200673202
18125,15.03255538060308
18126,16.93202499956473
18127,14.11285640503265
18128,13.832640304875653
18129,16.25182966177707
18130,12.500860081191195
18131,8.604033604730542
18132,18.740979600041932
18133,16.18846207638843
18134,14.610513397150099
18135,14.975332058050704
18136,10.246078965397146
18137,15.935611296229384
18138,15.530188263722762
18139,10.204907557279421
18140,12.793270030276926
18141,24.50372814715823
18142,13.90978026754268
18143,21.144509938187745
18144,15.925079186192308
18145,13.342477419918106
18146,19.131319750632997
18147,12.20146398206532
18148,7.950885952465394
18149,17.313545529911934
18150,17.776652586263133
18151,12.643574913306772
18152,11.212663659586925
18153,10.025792373698847
18154,11.836506088198398
18155,11.029198032651173
18156,10.260204011346831
18157,20.530815538999573
18158,20.96140447779985
18159,11.57820660015567
18160,11.073329828786838
18161,21.749004669444062
18162,16.5342133498547
18163,17.5385885853635
18164,13.35758652414657
18165,9.284162743723385
18166,16.210083320527758
18167,12.80964007107876
18168,14.31150941367278
18169,13.039581459622667
18170,9.371762029047057
18171,16.8868582140517
18172,20.427285065941252
18173,17.682609995935913
18174,11.519342560367127
18175,17.046516971912922
18176,14.879073756499496
18177,17.902654575655276
18178,17.518034806976473
18179,19.970473831684657
18180,11.81192803174535
18181,19.438426762107063
18182,12.007978071559744
18183,12.87621669908362
18184,16.451207975688895
18185,18.50886323856666
18186,15.029351130929406
18187,11.208685673401483
18188,17.213593722837274
18189,17.247040414648446
18190,20.2395844207592
18191,14.16852289220381
18192,20.283848706232835
18193,13.799442183547482
18194,14.254768299069239
18195,15.596043430659435
18196,11.197194467780879
18197,16.13530607844751
18198,12.968585479103439
18199,9.465268023620425
18200,12.337909209432425
18201,12.209304005444999
18202,12.05089186883012
18203,14.120222157525268
18204,19.653997330802184
18205,16.279738359205098
18206,14.459286996409993
18207,14.687050387305876
18208,14.002296653770049
18209,14.745353062366673
18210,9.25462690743203
18211,17.61859639135119
18212,19.654182131921342
18213,12.406096006872673
18214,15.94007759765347
18215,16.07779546532923
18216,19.74482177097672
18217,16.151218064405246
18218,14.784021735492674
18219,15.76534953318312
18220,17.72515249794756
18221,16.41845406478446
18222,23.089544795820498
18223,13.906047684997514
18224,14.948400344202923
18225,17.42546173416327
18226,10.796287465190488
18227,13.958243900721563
18228,15.464912453219947
18229,15.11139916363695
18230,13.664280372904512
18231,13.925032382327135
18232,18.861070651770184
18233,16.631849306047794
18234,12.031888746285269
18235,16.140087923563797
18236,15.008881697311512
18237,17.545605925888793
18238,22.940435589116014
18239,12.36003164950282
18240,7.872960910898603
18241,12.162472634208257
18242,18.208640654080007
18243,18.232075290454503
18244,15.001085825925227
18245,14.949536117860298
18246,14.257582485158528
18247,15.864653328466474
18248,16.819546357168548
18249,17.398660579461044
18250,21.54411047156503
18251,12.780947490437612
18252,18.729008440728347
18253,16.385483501669814
18254,21.95035772747743
18255,15.156110037239657
18256,14.151470920735374
18257,18.416289071417964
18258,13.622310738581934
18259,13.932638902559983
18260,15.063966445050687
18261,15.220257212299291
18262,14.723276681737403
18263,11.118378077982051
18264,16.909215843994232
18265,14.823542983274116
18266,17.754253333449
18267,17.357126955333296
18268,15.644141569575652
18269,16.524143816107966
18270,6.562327432858078
18271,17.30139902430632
18272,12.707108433115469
18273,8.364055440370533
18274,12.521810047404283
18275,19.874167888416082
18276,13.648630301312359
18277,12.667328646313663
18278,12.924355286572869
18279,17.37627148511946
18280,16.197788304110052
18281,16.847596605923922
18282,19.46304387428525
18283,12.483726962821672
18284,13.68296833982029
18285,20.60775595115752
18286,17.897280282731312
18287,11.528184384186567
18288,12.317581735415356
18289,12.24921971032582
18290,18.72482599888339
18291,10.45640471671173
18292,16.323811217939802
18293,17.41819990229248
18294,18.064511046221256
18295,13.311928044494682
18296,14.58784725600728
18297,11.560772165748332
18298,20.18785163924393
18299,15.51687374476298
18300,9.509980262728732
18301,14.59590351497011
18302,18.028744736603613
18303,17.72168052440401
18304,20.075117074381396
18305,13.487499837316157
18306,12.716423115467741
18307,14.035191559314608
18308,18.503976888862425
18309,19.72099183712129
18310,14.623581729198584
18311,18.43541228840217
18312,15.96769940285199
18313,16.540728608214415
18314,10.018921420210118
18315,13.43202388871097
18316,14.1713377601607
18317,13.648677500438193
18318,11.109651613956405
18319,17.471415455060548
18320,10.226892452398992
18321,16.249694482637867
18322,11.932484997523161
18323,15.80832981732117
18324,13.069714748865934
18325,15.670192727562148
18326,20.883876803023476
18327,22.06728549600979
18328,18.823240135182154
18329,14.579875578857774
18330,13.696769713149513
18331,11.982026402568772
18332,22.73588204523638
18333,18.868419712265553
18334,13.204101588584411
18335,22.687489694998966
18336,9.225354003132665
18337,21.091177753735813
18338,14.256518781037318
18339,20.18924116373147
18340,15.966206624160616
18341,13.331942837554596
18342,17.730253276330714
18343,13.223803336737163
18344,17.058833760328334
18345,21.09261687009608
18346,19.877912544972453
18347,23.197717398016692
18348,15.824532885697543
18349,16.846034752756005
18350,14.940431479367689
18351,17.068372286346882
18352,17.29934813206266
18353,16.099202125214095
18354,17.413893170760446
18355,26.054657931234445
18356,16.73464379936135
18357,18.157184407136956
18358,13.248170251474253
18359,19.770022473681134
18360,10.574232152781711
18361,17.36113943643714
18362,11.521135925865241
18363,16.85183695265314
18364,10.723030000976218
18365,17.284310655845033
18366,14.358999436739921
18367,12.059400189670662
18368,21.774296704609537
18369,12.713394581334768
18370,10.83748253045809
18371,14.249004932515131
18372,10.531967815211118
18373,12.676946820418868
18374,15.265364397033341
18375,17.420602978048652
18376,15.028835236302731
18377,20.914473517367995
18378,14.693819720666502
18379,17.00270057248575
18380,16.63157361575659
18381,14.859173690385482
18382,12.492328854383153
18383,15.534245302289323
18384,18.126113155693172
18385,20.02865328388901
18386,14.167802662378708
18387,12.274291845831844
18388,17.319332870708603
18389,11.20069265536152
18390,15.14269101943394
18391,15.02147071030523
18392,15.724682728579573
18393,22.389933117920407
18394,19.777910050167755
18395,15.59216649381841
18396,21.555961766213834
18397,7.3124291106008865
18398,18.14911557206385
18399,12.603932705489244
18400,17.213029163043544
18401,14.109072637336615
18402,13.971670694156408
18403,18.96572069847101
18404,17.6266080960351
18405,14.49783434779007
18406,11.779176743837464
18407,17.55816189295232
18408,12.812337846872783
18409,14.767270272345403
18410,17.999194504879732
18411,17.30251241891138
18412,17.234012626171552
18413,10.169753773789807
18414,20.529881521638078
18415,16.259096026282748
18416,19.320847852729806
18417,22.743714725258503
18418,14.570416779281697
18419,11.248862179153512
18420,10.597697330071107
18421,12.047293616886318
18422,13.11813786504282
18423,19.090992123117154
18424,20.505021770173627
18425,17.8121491250487
18426,18.916639329920102
18427,21.661674457600377
18428,20.068421571150896
18429,17.380258280671217
18430,19.315356286750806
18431,10.369752528050324
18432,20.035088629494123
18433,23.489318853453767
18434,16.435518758200537
18435,13.897718547999634
18436,15.400776920237567
18437,16.02609435754634
18438,19.261381425892445
18439,15.852910113381718
18440,12.609446971385307
18441,13.900991944381296
18442,19.47140487196697
18443,10.151531842086403
18444,15.420437329871186
18445,15.809627284117205
18446,15.515209406599686
18447,16.50384252038173
18448,16.87532934765346
18449,14.149608291969038
18450,13.395472616540886
18451,18.305252952706816
18452,11.112777064476841
18453,13.552576158614036
18454,12.350942488499907
18455,16.98201375644261
18456,13.263344078008226
18457,11.195186096366841
18458,19.054884566201203
18459,13.343693411979903
18460,13.261303993256412
18461,14.399227762484603
18462,20.03644269517863
18463,23.522453190736744
18464,19.045840000261677
18465,13.381695608675134
18466,9.946833032482672
18467,18.256861166922555
18468,15.057063088724465
18469,9.907153681380244
18470,10.906633381637391
18471,11.272471905832656
18472,11.793633911880423
18473,17.88699767014422
18474,16.041806978320036
18475,14.319510236601598
18476,15.506843927231108
18477,15.526214665974871
18478,12.639430453144794
18479,12.343466324931855
18480,12.655498587484939
18481,16.676120086131387
18482,22.47823316950383
18483,20.278619733737134
18484,16.204008331349858
18485,19.847390874132127
18486,13.985863756992767
18487,13.947615906232926
18488,16.686791273739203
18489,17.704541095612072
18490,11.570852322821258
18491,15.010975071412062
18492,17.385015512035967
18493,16.816822289440942
18494,13.8261192488438
18495,14.352923630352233
18496,17.50223809667625
18497,18.142640770483982
18498,18.015924593697445
18499,11.1071631807601
18500,9.322984415793876
18501,14.08073698306751
18502,16.770436885753142
18503,12.323389144792824
18504,17.828731169741218
18505,13.38106505000492
18506,12.741410013788713
18507,13.689551288143797
18508,21.786587070078497
18509,14.773479285333758
18510,15.91680830455215
18511,19.59937430169638
18512,20.50911495430578
18513,17.727063624864186
18514,15.951730819613509
18515,20.833756822894998
18516,20.422376075209392
18517,17.59413931959529
18518,19.729834918512427
18519,14.763172616036035
18520,21.956417051065845
18521,14.98158337541806
18522,15.880229792132832
18523,11.82226257056726
18524,12.509710090731165
18525,19.945602450704218
18526,17.078209473568705
18527,12.597747544488659
18528,10.852611296357978
18529,20.454242051990278
18530,17.269424656136447
18531,16.956305775832
18532,15.140069029083051
18533,14.068790552838777
18534,19.332696325998292
18535,21.888484655657088
18536,11.597471778661543
18537,12.601121659417586
18538,20.657283631787596
18539,12.168839995943266
18540,10.676416702559841
18541,11.687002865269886
18542,17.299051081189035
18543,17.996718196829445
18544,24.11959058475952
18545,15.491281925040166
18546,9.034030606380483
18547,23.39057600404924
18548,12.768964575426292
18549,12.678869854429266
18550,15.944507837849681
18551,12.836436326516317
18552,22.043934505151167
18553,21.42378144853759
18554,16.809851026489543
18555,11.063436103039473
18556,22.311973286207778
18557,16.190676621006343
18558,15.27341851008071
18559,12.654005365421341
18560,21.05962726151744
18561,15.895150138372106
18562,12.205123268704263
18563,18.753805791961884
18564,15.4776680022754
18565,15.641547033974703
18566,21.604750306180083
18567,13.715056119340451
18568,14.70501258393581
18569,19.006180796880468
18570,13.30370366679578
18571,12.37233865225436
18572,15.549576467992491
18573,17.34537250247591
18574,13.580347343836323
18575,14.678396895045182
18576,17.929877084433542
18577,13.868172159680384
18578,20.667501675386696
18579,15.168013698764778
18580,11.849110973372998
18581,13.796409664893337
18582,13.526842792826535
18583,20.495044491925707
18584,16.580136369898497
18585,17.224261440170995
18586,16.381489389655343
18587,14.563097596266184
18588,17.974895391280942
18589,21.562862277306884
18590,13.770375013903752
18591,16.136802213118848
18592,17.99665319184954
18593,15.733115987898337
18594,24.923409006184087
18595,14.945231182971225
18596,16.567981796246514
18597,14.244293368709398
18598,13.846249113349312
18599,20.06541341385202
18600,16.751822359920325
18601,14.696321719458357
18602,14.715779311017219
18603,16.755533889025216
18604,21.3635386262171
18605,16.469441112377567
18606,16.242709369525436
18607,11.664147113695464
18608,11.72928931052062
18609,14.843409855774304
18610,14.378702847219184
18611,14.4470697004663
18612,13.043432813268318
18613,10.724599813435463
18614,9.550326048527815
18615,15.066428954157427
18616,9.438449985431653
18617,16.709677493311812
18618,19.371062507622558
18619,17.450088217480875
18620,18.133071372623874
18621,14.874892852068765
18622,13.798592267250262
18623,13.025929275673318
18624,15.718291413419038
18625,12.237647762651827
18626,13.763326556847327
18627,11.194047034760315
18628,21.721369602800053
18629,18.744514377919856
18630,18.67735856994247
18631,10.456773467862927
18632,23.14654284349828
18633,9.23269814081348
18634,10.857872441554909
18635,15.608593547645967
18636,15.984909487341701
18637,16.947706066666996
18638,11.674345937414117
18639,14.612913772902317
18640,19.064880610248906
18641,16.784416387897586
18642,14.679588063160892
18643,13.880852111611912
18644,16.831345051771777
18645,14.46266759901873
18646,17.428949979587586
18647,16.284843579078984
18648,13.665085268629369
18649,12.739618770544176
18650,15.074975426629337
18651,15.260962572043578
18652,18.078711205875372
18653,15.163746838940002
18654,19.978499677911046
18655,13.859959479903981
18656,15.789690682587253
18657,9.593533948080243
18658,15.097869450138905
18659,12.672318753942076
18660,21.380319861633033
18661,8.761724636543516
18662,10.204622110983697
18663,16.232414612603794
18664,11.30734429841296
18665,17.979334430006674
18666,13.927719980188911
18667,19.195570585152105
18668,13.627918587981412
18669,18.657597759681202
18670,14.029940813681995
18671,11.443034057762215
18672,18.170194528803517
18673,12.4170504495513
18674,15.280997302366183
18675,15.196045844467523
18676,17.302317420588956
18677,7.981716568697165
18678,15.301740632103714
18679,16.332386820560746
18680,10.77762723075207
18681,17.65593143425481
18682,17.07222734263031
18683,13.632714973973787
18684,18.05569710167608
18685,16.218924151484984
18686,17.871399137221054
18687,18.61786074483628
18688,19.294260334782315
18689,11.955833651310478
18690,13.631068579922395
18691,19.859102764236376
18692,16.710887062606716
18693,18.15186881841265
18694,19.070973719526464
18695,15.065397502738437
18696,13.576065947055417
18697,15.263414490345992
18698,17.979249271433318
18699,21.41545702673493
18700,16.720031339754094
18701,15.278565592062744
18702,19.30658291085104
18703,8.411299017005774
18704,15.121691015627736
18705,18.66871358006174
18706,14.131528368067512
18707,16.954874986335195
18708,18.761993139564666
18709,19.136012743830342
18710,10.558339101306808
18711,17.437381723334703
18712,13.635753849787621
18713,10.124844985374342
18714,20.718489625394447
18715,21.094749010757248
18716,13.49112401014088
18717,12.324150192663707
18718,13.319022815709145
18719,17.394837316284708
18720,15.688801998251316
18721,14.646948948623418
18722,21.355783270668198
18723,20.271895649239944
18724,14.683270866621982
18725,17.637186572820436
18726,15.488510051373105
18727,14.393357079011842
18728,18.96208737244666
18729,16.69138844529202
18730,14.436025958237254
18731,17.345748918565782
18732,16.409414722539463
18733,14.407036952077142
18734,15.858837991743298
18735,9.033211624554816
18736,9.415931850732324
18737,9.757689372398143
18738,14.845792271021109
18739,14.076710448004182
18740,17.68339173518723
18741,13.837221182068529
18742,16.65929332463704
18743,13.83875282870861
18744,13.195539466173823
18745,12.321750274874574
18746,18.449523490668476
18747,14.265760787295514
18748,13.492139076808183
18749,16.846603898935513
18750,13.791752535865967
18751,19.760084617513186
18752,8.698317720583397
18753,17.263707819264372
18754,17.221516617008938
18755,16.32013447144401
18756,15.688689504983335
18757,14.820790460494337
18758,13.60017359596268
18759,13.896945077499874
18760,14.78765188977286
18761,11.0801475100387
18762,8.590376499357
18763,14.753068236201052
18764,10.652667581765265
18765,13.86167598036473
18766,18.67033215462495
18767,15.846303579082743
18768,16.31009800939058
18769,17.086546795641077
18770,16.156635812839653
18771,17.467930716286737
18772,16.273228071849186
18773,18.464305278895303
18774,15.341237438346038
18775,16.213888708501116
18776,13.690246345338824
18777,14.953374518445003
18778,9.881662611055742
18779,15.43330695443048
18780,10.44699632039851
18781,15.98602534544732
18782,10.504786493004067
18783,16.88607476126453
18784,11.52715427086924
18785,15.046923658723541
18786,13.252229919517127
18787,17.55668233167765
18788,14.521495467537424
18789,15.666162006607088
18790,18.117797706283316
18791,7.881811992760714
18792,22.46728837371362
18793,19.522496245208078
18794,10.962773969529723
18795,10.940881604534697
18796,15.24971981663047
18797,9.727798383898177
18798,16.85678695982074
18799,13.220167969830982
18800,16.35904581309245
18801,19.92758406598702
18802,12.142254157611516
18803,14.119408458429227
18804,14.696827657634353
18805,16.16974098693876
18806,13.165948104731763
18807,12.763652469757897
18808,10.41629900356238
18809,15.327656509596796
18810,14.02955187887324
18811,14.219491520553508
18812,13.979728000791539
18813,9.904331626628311
18814,11.846501269902594
18815,16.84922111566342
18816,11.058056877997746
18817,15.221866256369031
18818,19.251994809393906
18819,21.65293129241009
18820,10.673191390853018
18821,8.994894951231819
18822,11.307603029592187
18823,19.967810165473914
18824,17.370823832660655
18825,16.81302614908978
18826,19.033400160120088
18827,17.13251549969612
18828,12.972666477850664
18829,16.956022477133917
18830,13.218884493575633
18831,12.699555796631664
18832,17.105451088917626
18833,22.590371934459437
18834,12.598878657066678
18835,8.207953292903545
18836,18.87276386908964
18837,13.421923952944784
18838,15.542853562009526
18839,14.725436459185806
18840,15.092751998412503
18841,21.261464518619228
18842,14.359993433774937
18843,11.46654306751677
18844,11.58123973810228
18845,16.048192460686064
18846,14.859287825098592
18847,15.540603901860363
18848,12.349086560339543
18849,16.795437143085536
18850,8.288182971021747
18851,15.3788037961664
18852,15.63277107779216
18853,17.76034852661435
18854,13.612623210112996
18855,14.647713246373957
18856,13.609991093597767
18857,9.333160333441294
18858,17.423719547325042
18859,18.980784953729923
18860,12.820378311289154
18861,12.633456304872457
18862,18.79809043661489
18863,15.028772059407288
18864,16.59489470649574
18865,18.76244236819579
18866,13.001843920472673
18867,14.509467657374364
18868,13.905621997555361
18869,17.71380075740142
18870,14.376103941277885
18871,24.33987646906402
18872,17.468782800053624
18873,20.110601269283045
18874,14.073509193636081
18875,19.685721612920993
18876,18.155747007474844
18877,16.156844725418615
18878,18.22800494200213
18879,17.46323254201952
18880,10.076676117758815
18881,9.843391908982465
18882,13.236806111712626
18883,19.099249798398397
18884,17.545620076174163
18885,17.935665328288785
18886,15.208532586943562
18887,14.257285416211623
18888,15.845544032928505
18889,14.070957576626496
18890,18.22718030515342
18891,16.889471110465244
18892,19.889526709297975
18893,15.073519694982327
18894,17.01229583419174
18895,16.17324279644303
18896,17.218540507429758
18897,19.841052833739234
18898,15.00143710510425
18899,13.16133700350623
18900,16.501578186275406
18901,11.791515780745947
18902,19.127459812404
18903,16.885918656550267
18904,13.227647586745238
18905,12.045475152141915
18906,25.128178024414737
18907,17.89390722670877
18908,17.90302347032378
18909,19.04724917498257
18910,17.38979041676125
18911,18.02850368939446
18912,22.58787530137475
18913,15.205181332608317
18914,12.319685570166062
18915,15.519538827983382
18916,17.53217900938305
18917,17.133794203462276
18918,16.269475320009256
18919,19.771057072513365
18920,17.537909166670936
18921,11.23422050826677
18922,15.532359247323495
18923,11.605484756006337
18924,11.571687009379612
18925,13.799625134400513
18926,13.52379826325463
18927,17.860570906884277
18928,18.858294531042123
18929,16.030868166435525
18930,20.77921412507517
18931,15.640313891652006
18932,12.582035408150444
18933,14.81060153534614
18934,15.89596418257197
18935,16.74578316837084
18936,12.415505683858527
18937,17.764214632782476
18938,11.1898769000445
18939,12.892383600227314
18940,17.37028679777397
18941,18.02546811622959
18942,10.529863041902802
18943,19.043033820347528
18944,12.446567687587912
18945,19.46580537388935
18946,16.723529259224986
18947,12.09350805995183
18948,17.185822078880022
18949,19.20486058768003
18950,14.92909702548551
18951,16.003847393878257
18952,18.198499037256468
18953,13.554283703752777
18954,16.119249220936062
18955,14.176144279203438
18956,18.376656998405615
18957,21.67142540766366
18958,13.826630714316867
18959,17.092963234964948
18960,24.862708840867015
18961,11.47126738096679
18962,20.417208369141136
18963,16.70705321758067
18964,13.104774246408995
18965,19.658926697224643
18966,9.18199241047165
18967,12.51456156131901
18968,15.899569130749672
18969,22.573444593595376
18970,12.834551522057591
18971,17.353510656436306
18972,22.330576257564573
18973,16.213757081178578
18974,12.242400833676548
18975,17.516915840373287
18976,13.386967803100799
18977,15.302441739010465
18978,10.174603048369544
18979,17.344357210366756
18980,17.51181250275411
18981,13.353458298342767
18982,17.517060051762957
18983,24.962109863665294
18984,17.425811762156247
18985,13.087290897101113
18986,16.509973562299415
18987,10.271196647900236
18988,17.17657736746512
18989,15.3413083825982
18990,17.809174007972914
18991,16.790568524665595
18992,14.668203527623294
18993,15.613305243408549
18994,15.439739042758248
18995,19.822316942221253
18996,14.956020390442953
18997,11.52802793845214
18998,17.356455012925935
18999,18.11876996631537
19000,16.070933251462385
19001,18.966273245217177
19002,17.78646937582657
19003,15.171784565235704
19004,15.887235701201782
19005,16.236133589501023
19006,20.942983532792653
19007,22.042125515479704
19008,19.004403845431682
19009,21.563677156374947
19010,15.477761167593735
19011,15.136244311475274
19012,12.16836070352484
19013,18.216358601258644
19014,18.133837973862434
19015,18.032089568983807
19016,14.491248998563206
19017,20.653141434699272
19018,15.653895210516335
19019,16.342628180135954
19020,10.455750982508555
19021,16.734779452351525
19022,14.272860402735006
19023,15.644276365919481
19024,15.653887015084443
19025,14.315811316550528
19026,13.743002691186174
19027,15.133487851843633
19028,16.428490771713985
19029,18.706257152195565
19030,13.360130321094697
19031,16.487475717915668
19032,15.450989640087872
19033,20.919242887837427
19034,12.326235313379655
19035,13.610360317269237
19036,16.336992421253417
19037,17.470052099816073
19038,10.618608261995032
19039,13.188666116230646
19040,13.76233873934439
19041,17.89819949579871
19042,15.546529470304154
19043,13.206048982231177
19044,19.99106243061882
19045,13.362673106099724
19046,14.311018783847745
19047,15.69736563215955
19048,20.5617900665286
19049,16.78250770134801
19050,19.08885961610638
19051,16.23864802590818
19052,16.47913197950635
19053,18.89623506603895
19054,9.999396531217782
19055,18.476148143146382
19056,13.648166937939884
19057,16.207093715732498
19058,18.47628254638535
19059,21.097796677879735
19060,15.363622100317098
19061,12.35907059353201
19062,14.96619599420418
19063,11.752105607871023
19064,16.871816622989886
19065,15.532340854579205
19066,13.602438109037193
19067,16.367850826589994
19068,13.881322255879175
19069,17.1151055024108
19070,20.08918761554903
19071,20.08919038897589
19072,20.134214685932662
19073,17.32905574971794
19074,13.541176444524774
19075,13.942390657751446
19076,18.04236065967748
19077,10.988201606308332
19078,11.994290319021303
19079,14.265198620236152
19080,18.72061885300711
19081,9.706735806726034
19082,17.927893291595073
19083,17.523914906740764
19084,18.591151701448332
19085,14.236066042648687
19086,11.490388299044945
19087,15.560870577892189
19088,16.487141332585786
19089,13.663061988849398
19090,16.68123125678309
19091,16.75771614487185
19092,17.169826501264332
19093,18.656117130945127
19094,12.854010365355112
19095,11.570490208123934
19096,10.640604932840384
19097,14.484202718575988
19098,13.675190044708692
19099,14.43807011099768
19100,13.000184883872004
19101,17.434176692003163
19102,16.25767110107889
19103,18.540969778054617
19104,7.4856526003465875
19105,15.95257223602344
19106,23.516949767592138
19107,14.114540660793471
19108,16.69165604070226
19109,15.957149772107599
19110,13.004198692624408
19111,13.815541741319297
19112,19.011751174783363
19113,16.829549946074565
19114,15.665472579966032
19115,19.09058386513617
19116,20.16391580878227
19117,11.91387330548325
19118,14.170322040637956
19119,15.410853077763251
19120,18.792108685483797
19121,16.2101440209381
19122,19.47614751058552
19123,20.48939533678125
19124,14.154122030848804
19125,20.50481263195102
19126,13.704368062467065
19127,16.09955624817409
19128,13.532913174181035
19129,14.56903832107448
19130,16.512861106285904
19131,15.658251862637785
19132,13.400069081389862
19133,16.34695147791079
19134,16.74848727728287
19135,13.134291023169705
19136,23.636207692167957
19137,16.235378364033124
19138,11.709406141561514
19139,12.442510635388393
19140,14.092197021482463
19141,8.929505822112251
19142,18.22609315406143
19143,18.53722219291868
19144,13.557492812596434
19145,18.63781080071665
19146,16.47746717765344
19147,16.940468234150323
19148,16.16773264886795
19149,14.631099613905167
19150,13.279857022662089
19151,13.964075256912139
19152,20.677380792295747
19153,16.28845267068109
19154,12.296904859721014
19155,19.099435104284485
19156,13.298095686542148
19157,23.65925378121794
19158,9.992220994425292
19159,9.581954085915035
19160,19.88972608712209
19161,17.71968034705112
19162,19.341814616065054
19163,14.840342286937588
19164,17.4539513070896
19165,8.171189547202601
19166,16.48929196998788
19167,14.994596114010339
19168,17.065859763207165
19169,16.775308434465394
19170,13.644279941991108
19171,15.657123943303688
19172,17.850780229266277
19173,14.598383622514561
19174,12.613688924101066
19175,16.077437273068018
19176,15.037872823607922
19177,9.67815407944206
19178,15.825283420770472
19179,15.016629892492713
19180,12.756086330761573
19181,8.77848342904392
19182,15.549555445473766
19183,22.16220130759111
19184,17.47153797942592
19185,18.635918406983293
19186,10.167283670482066
19187,10.417668271509173
19188,21.059694926835526
19189,16.013047175088133
19190,15.756724474168962
19191,12.15787397368544
19192,19.154035567595596
19193,13.7684557950615
19194,14.515388601656454
19195,12.52247939921659
19196,8.111785586231179
19197,17.195881800473437
19198,19.92165614929524
19199,14.559389904080977
19200,17.304637392208278
19201,10.051662615282098
19202,17.465071439610654
19203,20.28993225491346
19204,18.453942279883734
19205,17.77185590082472
19206,19.415949614825674
19207,15.795725496635697
19208,9.453320478678018
19209,17.348000405196714
19210,14.55609786488462
19211,23.427028088450413
19212,11.618932885922327
19213,15.51444954829919
19214,17.8623783705723
19215,17.51660006503501
19216,22.209563787610925
19217,17.385192363532553
19218,15.206273941489291
19219,22.070896678813945
19220,14.148492909432695
19221,9.590940002205315
19222,12.002934974688046
19223,13.044813088572372
19224,15.705250689939902
19225,17.5237175628901
19226,10.506625216539
19227,12.84014116893404
19228,11.63658462133198
19229,16.549334025480775
19230,17.68741554164076
19231,15.157713874141388
19232,14.585625418393697
19233,8.7937992504666
19234,17.173782098230063
19235,13.744883305693197
19236,15.313071474894894
19237,11.12442872425924
19238,16.327099205384812
19239,13.490215640858644
19240,15.446672471049819
19241,13.807156498978685
19242,15.825004340608146
19243,11.194927008195723
19244,18.23845951137678
19245,12.285311063210642
19246,18.221533466101352
19247,12.198358695960518
19248,16.431114929509015
19249,15.690609703675864
19250,13.935853206088748
19251,17.214434704859023
19252,21.94465578137657
19253,15.93853973424783
19254,12.521698577912765
19255,16.18929139169357
19256,13.316260520114419
19257,19.62272222202587
19258,15.930992667657035
19259,21.561523938468966
19260,12.984902718925646
19261,16.354300183285922
19262,10.509216761709677
19263,11.547682693222534
19264,15.889487914678845
19265,15.387678994919515
19266,10.824104351171824
19267,13.680090891766396
19268,12.669865314013588
19269,15.146632805308283
19270,15.379945448138434
19271,23.139384741789485
19272,18.578062664881326
19273,9.612138838041062
19274,17.037902236531593
19275,15.388032556691517
19276,19.882540494839034
19277,22.061155956936947
19278,12.836068239106346
19279,15.619225159381532
19280,13.267753120079949
19281,12.788930520359818
19282,13.86512486029513
19283,14.039322301840286
19284,18.7226272225769
19285,21.189058276349463
19286,17.538036248811828
19287,16.54413697728648
19288,16.689358853047636
19289,22.620565705212165
19290,21.10544362190175
19291,16.160383934618185
19292,17.325712234168382
19293,17.785697321873506
19294,20.49281604790331
19295,18.18053812362449
19296,11.965398480629188
19297,17.757994101062863
19298,14.131200460537368
19299,16.553968282514532
19300,19.042855989434425
19301,21.946252824822317
19302,16.145876060979738
19303,14.15174804057215
19304,16.89081121417269
19305,13.48896186774856
19306,19.80140105977367
19307,14.759661973638607
19308,23.75794819302014
19309,12.700245226233701
19310,13.141436743534703
19311,17.78195734468978
19312,15.09842334077242
19313,12.939340665577149
19314,17.8790616235635
19315,17.837470211610423
19316,14.902108398006654
19317,23.537731159823146
19318,15.432497347972664
19319,15.190223830101662
19320,17.243613086053216
19321,15.686578883175496
19322,13.140934933326964
19323,14.798191491273936
19324,10.045401362901398
19325,14.180496719875576
19326,19.074120557998356
19327,18.143803010968107
19328,14.39372997321593
19329,16.873210414060097
19330,17.39535214369917
19331,16.90759845436189
19332,11.978551450179552
19333,19.603714778061466
19334,11.096081862313408
19335,12.156025896599505
19336,15.930771830281461
19337,11.823649469321232
19338,15.857769698719725
19339,19.926792985992826
19340,13.57811223289458
19341,14.745891561567237
19342,12.944350907510687
19343,15.259401307047524
19344,14.774583630577142
19345,19.867089999230526
19346,21.129300785778938
19347,15.052713642559702
19348,19.41772607960082
19349,15.42868653089084
19350,15.363396258042782
19351,11.399939527562818
19352,15.909169217863226
19353,11.546734102111602
19354,17.228542468993012
19355,10.562897875985241
19356,18.27276184730887
19357,12.855936046436415
19358,14.194804910674494
19359,13.762411362187072
19360,12.384237600227848
19361,19.86202845230016
19362,11.284527167057663
19363,18.9308231483369
19364,14.736778303235806
19365,13.89220195839883
19366,23.447512000334992
19367,21.943192008096
19368,20.054718861834353
19369,13.261062292411271
19370,16.184398839784713
19371,12.722025524113162
19372,13.51730007553297
19373,19.530873355875727
19374,11.625461707129858
19375,14.455197335103742
19376,19.18903427194993
19377,20.061214896047552
19378,11.996843284115805
19379,15.075463745471382
19380,17.66797523333552
19381,19.374454844132487
19382,13.99253988871407
19383,16.212228322547734
19384,18.249984037691878
19385,16.816981311941777
19386,19.488297017758455
19387,19.86678003530686
19388,20.361844760983523
19389,14.33651907769563
19390,22.022569354717234
19391,16.44266979777378
19392,12.958908264861908
19393,19.94662552854875
19394,11.384755826536743
19395,22.42440031328433
19396,10.348891450141528
19397,14.71607910665806
19398,20.091994873417505
19399,11.822101708779229
19400,13.199230788878209
19401,17.558776408721478
19402,8.755031776125094
19403,13.303204184850834
19404,17.626646403717892
19405,17.302399042869677
19406,22.844012340956056
19407,12.223582334921268
19408,14.465840564518082
19409,13.208873854141688
19410,17.042661775060484
19411,17.858991684143504
19412,16.369690743874415
19413,16.748976255041153
19414,17.018678748812135
19415,9.123067238567149
19416,11.169142444469053
19417,15.637175852273577
19418,16.89988065470046
19419,14.258318413549262
19420,15.73869297041628
19421,13.180820391692494
19422,10.172832735415627
19423,15.504512896383128
19424,13.914609497695828
19425,11.146480092149654
19426,16.046264564239983
19427,15.077922718894088
19428,9.52279943355209
19429,11.915671834206233
19430,18.8457508535783
19431,16.971793383955323
19432,13.910738025352696
19433,19.075697215040577
19434,16.905493895743625
19435,10.952428451677655
19436,10.399931599900253
19437,12.658849744146607
19438,13.62745377736739
19439,17.47436485568906
19440,13.613823234030583
19441,16.74781834386873
19442,17.071095532532553
19443,8.558220255955636
19444,16.275599219976588
19445,20.722055218612258
19446,20.33122726752328
19447,16.579804415799746
19448,18.330485153584405
19449,13.110994142447272
19450,19.383384395319627
19451,18.432315894262242
19452,20.458508313327357
19453,14.260792450614446
19454,15.290167686004011
19455,13.688193857214713
19456,15.845207471599378
19457,14.200643729980985
19458,17.716703653747114
19459,14.433459232388254
19460,13.13627726614154
19461,16.182723218157825
19462,10.04469228051813
19463,15.327800088788518
19464,16.845310346341645
19465,17.2946509803555
19466,21.63315255933131
19467,11.095933528297554
19468,10.362887081400165
19469,13.770281642666118
19470,23.326305355763974
19471,18.069491129900044
19472,14.72121398056363
19473,14.772109183036942
19474,23.643252586481296
19475,16.05551957335845
19476,13.113403550153969
19477,14.913360387313881
19478,13.357909557755299
19479,16.924721258425077
19480,12.387046635258468
19481,18.12936706698384
19482,16.816170526389953
19483,21.581812880532482
19484,12.786203885506868
19485,15.574707727564597
19486,8.904511695274586
19487,19.070187479609245
19488,17.68362935901289
19489,20.05425988060309
19490,13.202626356609233
19491,20.631436018718333
19492,19.802354584776523
19493,22.10138936783338
19494,12.695148725693528
19495,15.764902496758873
19496,16.170707282333613
19497,16.99596073764797
19498,18.204070841956774
19499,13.318202927679186
19500,12.598349784261668
19501,13.568364121430118
19502,17.546646752215562
19503,18.017658000612215
19504,16.17472679393228
19505,20.447127654437757
19506,18.007267612902844
19507,18.037674169695013
19508,17.3593152940063
19509,6.35784187190127
19510,20.167732350293864
19511,10.659564641697944
19512,12.302818292671114
19513,16.14330029679361
19514,13.607462693543237
19515,17.74186943364291
19516,24.136632809009143
19517,10.7903451726668
19518,15.969031998192103
19519,20.468705799658537
19520,11.329983733753847
19521,10.494400517440337
19522,19.3015554647606
19523,18.171858283924273
19524,16.282998233314228
19525,15.47047437011809
19526,13.10976149679657
19527,12.241761270923515
19528,9.706763255395645
19529,19.100028928189605
19530,22.75826337390975
19531,16.802631400374732
19532,19.502380756119106
19533,11.200740960037656
19534,17.113551114671196
19535,19.304591291409018
19536,11.585946141126314
19537,21.650333639328583
19538,9.651796353841386
19539,11.79377910155528
19540,14.107297988729947
19541,15.448731446745326
19542,20.429377026314263
19543,17.700325423999665
19544,16.592424714531248
19545,15.317277845977499
19546,12.636470947793574
19547,16.85812808819301
19548,18.325273654726793
19549,10.754220566651288
19550,17.742782064753285
19551,18.166164685000357
19552,12.882190709542058
19553,8.79673060891214
19554,10.751476839031671
19555,24.88215921064325
19556,14.96459270044773
19557,9.075385652355752
19558,14.84019221192911
19559,23.189952790789718
19560,17.026725750784056
19561,20.032347473643476
19562,15.669176541243967
19563,11.449449253146536
19564,19.726995213674527
19565,15.220758391162242
19566,19.32471553805974
19567,24.721279380672165
19568,20.921558162224056
19569,11.180132195150494
19570,10.045100898245696
19571,10.362519577565662
19572,15.216878986945607
19573,13.504196744494934
19574,23.106893527152806
19575,12.144708450270516
19576,13.693446435789031
19577,21.23122522308156
19578,16.85515281031997
19579,12.761191886882584
19580,21.44147224194976
19581,18.87029034588336
19582,17.744205691375008
19583,12.378309223231817
19584,12.870486832318582
19585,18.808862459823587
19586,16.42219662489891
19587,11.684264065679894
19588,12.980203921388739
19589,16.041917013784538
19590,18.47768953147964
19591,14.412928011808434
19592,20.79959948753202
19593,16.329818965377942
19594,11.85000311727887
19595,16.13732885305052
19596,14.176869171949205
19597,10.500661204053813
19598,15.151942803340592
19599,17.495939893988037
19600,14.627221184051464
19601,14.335762397338693
19602,11.805610962083035
19603,12.504577908019538
19604,13.922546422199725
19605,13.2952844249114
19606,19.529708786825925
19607,13.87842025766648
19608,14.536017412218877
19609,14.01659677440833
19610,17.923570451454484
19611,16.20947781918569
19612,20.78042019708056
19613,17.9723486108176
19614,14.28280041577292
19615,18.694959971612956
19616,13.378108469582351
19617,15.3228706158741
19618,20.991011694846613
19619,15.35130608426481
19620,13.757587046806378
19621,14.018244903208522
19622,17.70006432781826
19623,10.72636218726105
19624,16.584171182679952
19625,13.533290679132104
19626,15.555951869144389
19627,20.166295559623137
19628,10.06916556770697
19629,15.314069371434403
19630,10.144626290512072
19631,20.741486497445813
19632,22.733865233140424
19633,20.147481479505387
19634,15.163056805759382
19635,11.763935076033867
19636,14.235145211630712
19637,19.300793481234408
19638,12.831748049145434
19639,14.235634682277112
19640,12.20375856364456
19641,13.728315504780163
19642,12.151669972169373
19643,18.30888710987868
19644,21.842813735850342
19645,13.97628083603162
19646,12.009822074413272
19647,11.532189276416567
19648,17.517392148086937
19649,19.19985372760899
19650,20.27307596289024
19651,11.056796811985766
19652,14.16517553387742
19653,12.02302988813496
19654,16.423746295324104
19655,15.723160635528666
19656,18.75622573937349
19657,17.330033411431007
19658,12.931065196945983
19659,15.095262925876789
19660,14.258182702442703
19661,20.08942618425755
19662,12.99762421611175
19663,18.875250922376257
19664,21.577065178161376
19665,19.56521057113188
19666,18.302670076790147
19667,14.758784087277586
19668,15.562272873090674
19669,13.843992082184116
19670,12.719310312024009
19671,16.69599781390341
19672,17.051053069251036
19673,18.300529752794482
19674,20.858942818557203
19675,15.258444679179194
19676,18.625284477691018
19677,15.788810537947827
19678,14.749388370563645
19679,21.93961180633455
19680,14.026240460891628
19681,15.933790371950408
19682,16.75809140945414
19683,13.525826659874026
19684,18.500555357770857
19685,13.708650753651536
19686,11.492494476470291
19687,9.763506030865557
19688,19.818095176679027
19689,10.947554102206947
19690,13.37083570285105
19691,10.617714208132002
19692,15.663135502597111
19693,13.940800042738806
19694,14.713913938192066
19695,16.28108783354184
19696,20.96090861475289
19697,13.453780440014839
19698,17.62030259626764
19699,22.05981313538799
19700,14.450708190320315
19701,15.849878457375974
19702,18.88195130431816
19703,15.695948601309485
19704,11.711553402516238
19705,16.66844592385862
19706,13.9954291749863
19707,11.535680913308706
19708,16.799498541093246
19709,12.171210385627834
19710,15.233282851855474
19711,25.46595313184844
19712,16.39939906000162
19713,13.69518768292051
19714,13.1878526481472
19715,18.77876808582844
19716,21.079952294096135
19717,16.60439117580298
19718,9.955061242662449
19719,21.077348278167285
19720,11.208451450359483
19721,18.66774018509848
19722,12.006787852247378
19723,15.310046348196337
19724,18.817384237011822
19725,20.358183024928977
19726,17.83574802771229
19727,22.228296891864844
19728,8.74559117299477
19729,15.257122404420302
19730,13.397375362419181
19731,14.844993584658493
19732,15.716865064333517
19733,11.007045934969128
19734,11.059434855198905
19735,13.49841905933539
19736,14.623574993207207
19737,22.143391083443912
19738,12.376782011112361
19739,14.675871170342688
19740,19.2782218192467
19741,22.42342881195259
19742,14.391318409271346
19743,14.895313161811693
19744,9.823435025373168
19745,12.580051284176262
19746,11.51023220452774
19747,15.29296910275072
19748,16.113171385410396
19749,12.604677632147276
19750,15.330730299356652
19751,16.559882641145578
19752,15.776736387037491
19753,18.74784142788474
19754,11.995031608539076
19755,18.103365703609196
19756,17.546439150090258
19757,15.927287018760808
19758,9.71534391276049
19759,15.90305307175845
19760,19.969703087565996
19761,17.110097925148427
19762,16.985774843632583
19763,15.409330215556377
19764,15.547426534358184
19765,19.188923334569363
19766,18.6825604447675
19767,8.848201838259797
19768,9.502735746161774
19769,12.310224939930468
19770,17.17148461411626
19771,17.138531941618623
19772,21.449993170251208
19773,10.340331979939666
19774,7.823767132907129
19775,18.165389623103884
19776,15.473847329259364
19777,15.255428621288555
19778,20.102059271023634
19779,12.539904734724605
19780,21.211912800494286
19781,22.13902154877897
19782,12.624469705215212
19783,17.931732316620955
19784,18.058723868427194
19785,17.438935913499023
19786,15.233700638671781
19787,23.55743378999935
19788,15.105896722721564
19789,15.771810130391337
19790,17.80800486824612
19791,11.238233689094036
19792,20.050638798530336
19793,11.326193566295595
19794,18.683340900745527
19795,15.065319386934373
19796,8.130812606284154
19797,13.96983331824239
19798,12.17734967249611
19799,16.520619350891746
19800,17.00642767891928
19801,15.48889811165964
19802,16.5985158565093
19803,13.585574914538098
19804,16.38313891390163
19805,13.781209043433638
19806,13.293382153990141
19807,14.544455499064147
19808,18.257903891320538
19809,13.207310983131418
19810,8.953146686239203
19811,19.36119520021777
19812,12.920369366192187
19813,14.972444639702058
19814,17.040317104133916
19815,15.231241688797429
19816,11.940646177110555
19817,19.611867110344466
19818,15.682206228703883
19819,13.328052403664753
19820,14.01998846109266
19821,12.309232309664223
19822,14.103129053784606
19823,15.562915194911055
19824,8.957907343473016
19825,21.012436519815218
19826,18.58338789788456
19827,20.535457647899115
19828,15.839226408614609
19829,22.472440088998198
19830,9.879926664519644
19831,11.472434602093402
19832,10.719299219887674
19833,19.696406800831554
19834,17.28331292787917
19835,13.779761067637422
19836,13.739296443400148
19837,19.774019485906557
19838,11.581489916590328
19839,18.323550380915684
19840,16.46181018715606
19841,20.274812282152677
19842,16.811597287443405
19843,13.006251653171052
19844,12.611311334062588
19845,16.66341112919816
19846,21.006285088250614
19847,20.235311034433735
19848,13.777852339328522
19849,15.080191626744163
19850,17.84848896831981
19851,13.538010514565896
19852,20.719669821531873
19853,13.727069183546952
19854,7.859777888797052
19855,14.523772256106367
19856,13.52401562185942
19857,20.339415076804077
19858,17.61136806065066
19859,13.046160239589206
19860,13.919031534861537
19861,10.96307329895916
19862,18.605852774339205
19863,16.88813674591443
19864,14.507685773839135
19865,14.468087099014602
19866,9.342860036200918
19867,23.236178167822132
19868,13.62054830344192
19869,21.643976623202867
19870,17.426407153040323
19871,18.523630355664604
19872,20.40841115923994
19873,16.21375959885782
19874,13.61185508273374
19875,13.584723408266601
19876,19.96199461808402
19877,14.849645048170956
19878,18.202430196398378
19879,20.471206772284066
19880,12.767280311548255
19881,12.991128543468172
19882,10.737534836883363
19883,16.67689537501363
19884,17.41311057992047
19885,13.338791302242504
19886,13.077437978573062
19887,12.130600954858238
19888,21.087816538040904
19889,10.079227333060777
19890,17.944977439278816
19891,16.165723208950233
19892,17.232286382240453
19893,22.233554254508313
19894,15.083518938756795
19895,23.891771652074212
19896,11.99190824049693
19897,19.306208539836824
19898,12.127627820856304
19899,15.132612698690924
19900,22.520090733896545
19901,15.095933350308554
19902,18.79806530050286
19903,18.081494987833786
19904,16.409915217005253
19905,17.164548910428387
19906,14.2177210320123
19907,19.035972070562785
19908,18.55932601639924
19909,15.768989067405169
19910,17.444221775114773
19911,11.036191693753292
19912,18.990003482636617
19913,13.150964127839114
19914,17.08713551404376
19915,19.568641253503742
19916,13.066129886670662
19917,12.887225975003314
19918,19.715540749911224
19919,15.050098405613538
19920,14.147522254083395
19921,18.746894097269248
19922,13.418743369513901
19923,20.156928643019697
19924,12.392884783169702
19925,11.779507162698895
19926,11.632423309242316
19927,17.34504524785317
19928,20.067540411096516
19929,19.225774501833115
19930,11.723968491090798
19931,17.372491353506124
19932,25.078569821002628
19933,13.103629570833734
19934,21.244951383186503
19935,19.800746099611942
19936,18.722031580540087
19937,12.826477787772761
19938,20.960146639831194
19939,16.150697147362678
19940,17.35458104463121
19941,12.68245038859046
19942,15.6908206352023
19943,14.399975393423698
19944,20.40342814478808
19945,13.603811877866661
19946,11.059983928477685
19947,15.118817609999269
19948,21.119478612975918
19949,15.93610641682383
19950,23.31426396936422
19951,9.49033428672733
19952,11.495672542774265
19953,11.240645613518904
19954,18.07174462888895
19955,17.349264244212236
19956,21.176903837879983
19957,14.944517497908446
19958,11.117969207191807
19959,8.891734437006823
19960,15.411705708736505
19961,14.200624891131202
19962,24.106700119749846
19963,16.877471219276792
19964,14.420883841048807
19965,20.042866171583622
19966,16.293046434309968
19967,19.785895656646154
19968,18.213093322941198
19969,14.314200663311146
19970,9.82765732832295
19971,15.549795290285395
19972,11.331524712296023
19973,16.586314841210797
19974,11.47049285053306
19975,12.142436769730004
19976,18.64375188546029
19977,10.555183116603736
19978,19.545630889372415
19979,13.612798737178505
19980,13.10955788281069
19981,18.564116895129494
19982,15.63788683015561
19983,20.30341793206086
19984,11.433010796108768
19985,18.362272338920107
19986,17.939834085639983
19987,18.556218911370678
19988,16.24862467958118
19989,15.73469353201195
19990,9.308631875215283
19991,15.307708134379672
19992,19.453242732757456
19993,21.264172668433005
19994,9.404208699392473
19995,7.760946233075276
19996,20.575765398507478
19997,8.765890459436893
19998,19.64817903922928
19999,15.689229875409012
20000,14.697904528895954
20001,17.706162848888578
20002,18.22004433412686
20003,12.767872605407096
20004,10.47135191562005
20005,15.745883993300474
20006,15.697826057053758
20007,18.85224026215155
20008,10.91704209950445
20009,19.26153146974108
20010,20.341885589697533
20011,12.41927121958311
20012,12.085132066365638
20013,12.857616285976425
20014,12.04424786125675
20015,25.458714795345756
20016,10.24875735542408
20017,14.604260791577175
20018,8.944768195477916
20019,7.404198014480067
20020,16.2263651758623
20021,17.887180207983445
20022,13.486765520187413
20023,16.915101785551183
20024,14.809772413194956
20025,15.916002978954408
20026,17.58228882546731
20027,11.855285138291892
20028,23.735577775997243
20029,13.472072321338596
20030,15.251043767878656
20031,11.20828021255937
20032,22.76745620556178
20033,23.60305431475294
20034,17.810120417930566
20035,9.701761983447032
20036,16.60984278410242
20037,17.88578517488466
20038,15.815181397997529
20039,19.79278905527476
20040,18.184275518954255
20041,15.762782885484459
20042,17.557234795370906
20043,17.257821149041312
20044,15.538139756084375
20045,13.028571564264857
20046,16.02310786145525
20047,18.07534362985151
20048,13.59581278377524
20049,13.190535545841021
20050,15.409278245991022
20051,16.81823415271789
20052,12.47303312236801
20053,12.196957083538862
20054,13.547327748827309
20055,11.194818950192104
20056,20.840352517333542
20057,13.50318665709107
20058,12.171333756296718
20059,10.527098750418276
20060,10.626258494679298
20061,17.76054728536576
20062,18.237374779389235
20063,14.104101832320282
20064,18.510674823499546
20065,14.317685553307479
20066,16.41670634999833
20067,14.448287182583536
20068,16.379419175288948
20069,13.88246017898273
20070,18.6745147805032
20071,19.481432690292834
20072,20.318619616402966
20073,12.554078497466788
20074,19.047924657302076
20075,10.268302018008828
20076,10.597740183756432
20077,19.34705081656581
20078,15.710088101542667
20079,16.861652314072522
20080,18.64481883194275
20081,14.784805100964462
20082,21.585401525355643
20083,13.72142615521227
20084,11.506218036944421
20085,20.36640552684183
20086,13.148284129141194
20087,15.625122817794427
20088,11.153794548941043
20089,18.2470936500884
20090,14.44670324476487
20091,13.643760677651045
20092,16.908412372740965
20093,18.27913359680822
20094,16.411723353221646
20095,14.960004034248193
20096,12.600598131493022
20097,15.15763685442099
20098,14.04402641682962
20099,17.44039313541645
20100,17.70629776849166
20101,8.665931280211723
20102,17.23706336259979
20103,17.784215956686978
20104,11.28067304817883
20105,17.705120088914715
20106,17.13625889391621
20107,15.135768392084934
20108,15.139135635385014
20109,17.9098086183244
20110,17.64157351060792
20111,12.555300775719932
20112,9.585863844122827
20113,15.954636258971615
20114,15.319927712105764
20115,15.50581393464097
20116,16.5590288456999
20117,21.510372416612103
20118,16.00891658367019
20119,12.47326073984803
20120,17.440556439815975
20121,12.000769176381596
20122,13.003801715169104
20123,14.848792596087227
20124,18.90758560141112
20125,15.910149297916162
20126,14.551789254157006
20127,18.04473562832413
20128,11.45637453322015
20129,12.409603636609877
20130,17.73976837952508
20131,10.418748230560569
20132,15.420532920782032
20133,20.319121443583697
20134,17.695167568079174
20135,11.65325664579866
20136,15.460277374166179
20137,16.512833246645528
20138,13.472498334004193
20139,20.78695080029499
20140,16.763544698232472
20141,9.0326841134324
20142,19.79475054544887
20143,16.5716146004228
20144,18.47318264947596
20145,16.038919401616447
20146,20.30535841620057
20147,13.508528694186602
20148,18.81629945679282
20149,16.709528748096584
20150,11.655858205112333
20151,13.81313348942885
20152,14.189491704821338
20153,13.612036700732755
20154,14.916070409695138
20155,14.485233586950557
20156,16.51763906933404
20157,14.753252709484896
20158,17.705212888704583
20159,16.60704113158606
20160,10.106095309611163
20161,13.689040976627847
20162,13.052414057083169
20163,12.72114839467497
20164,15.423087765148072
20165,14.691343368969882
20166,17.63979668248418
20167,15.727547772608858
20168,13.59309294341092
20169,21.82272730248026
20170,15.42491855943995
20171,15.78075436443099
20172,20.1227109875055
20173,14.283099124171747
20174,13.38068264703476
20175,14.456444015303887
20176,10.407129174092796
20177,16.302539853990595
20178,13.789286720438852
20179,16.874676246132598
20180,15.399038681739583
20181,15.677549769737798
20182,16.205150138482
20183,14.656384832527317
20184,16.291626328862165
20185,21.52985344875897
20186,13.663655527272782
20187,17.059663115776765
20188,12.319235889068203
20189,11.541919421420829
20190,23.492629804931656
20191,23.134685311985635
20192,13.721500512513439
20193,18.988391631537148
20194,15.607274297698224
20195,20.714220080568193
20196,14.595126910940326
20197,19.317138787435482
20198,20.644810554311427
20199,13.783208705176733
20200,16.275641257306976
20201,15.60503757163045
20202,15.575044580814112
20203,19.018938440503575
20204,16.803217944580233
20205,12.13220241964094
20206,16.779161357094246
20207,15.57856652094512
20208,16.944464443451366
20209,8.124837981021827
20210,15.996823696501874
20211,16.24596588444658
20212,11.610456132478344
20213,14.135704174457999
20214,11.283644478024193
20215,12.26083026898177
20216,13.046491494594854
20217,15.115669759227146
20218,12.757648910608136
20219,15.558770363837318
20220,14.789870161645403
20221,20.809414407081068
20222,15.000509330038543
20223,23.28877829568206
20224,15.167386241806255
20225,13.21687442432979
20226,15.421687905271662
20227,17.898071088880734
20228,14.765472373688857
20229,21.96361171874156
20230,16.12779358127851
20231,17.560189384327295
20232,13.642911570823754
20233,15.025645733784543
20234,15.570477169198746
20235,20.5454522959797
20236,13.808077025306346
20237,16.812655105343662
20238,8.609869815410036
20239,16.006983888497246
20240,19.602253243390972
20241,19.115723340827895
20242,18.4815534573035
20243,10.904988118956709
20244,21.336707443030637
20245,12.188949589115982
20246,11.566678415450532
20247,16.66541324734348
20248,14.62694137962122
20249,18.44861733948706
20250,16.411138776163398
20251,10.59140393218972
20252,14.688229392859373
20253,13.955098468251798
20254,11.880214899167523
20255,17.09851658921368
20256,15.522702090775772
20257,21.902335060981457
20258,14.163230981020636
20259,19.229149385186297
20260,15.384878581181042
20261,8.993190739002912
20262,18.60141321814686
20263,19.853747655294107
20264,20.523598475405894
20265,23.459421886479753
20266,13.256493621632004
20267,11.824879175813287
20268,11.113283478978953
20269,12.112130601069062
20270,12.203983077146201
20271,14.51411207761912
20272,14.888030486814197
20273,11.510679815827231
20274,20.490175170336446
20275,14.632604682718103
20276,12.843006025692155
20277,11.767817633195188
20278,19.654769678939925
20279,17.289499976495563
20280,7.4686482713272495
20281,15.727757897429939
20282,13.375544547218478
20283,13.001068374525817
20284,11.955180397537232
20285,18.178191204345026
20286,8.606661969758797
20287,19.154260610998058
20288,15.759062531415818
20289,12.323490564271507
20290,13.288051958309723
20291,19.973361899601056
20292,13.620273649740126
20293,13.009229839574543
20294,12.047468378461378
20295,11.537964211155572
20296,11.107210881047543
20297,16.66551290906942
20298,12.055550293492722
20299,15.088481952131755
20300,21.546191358914612
20301,11.047424295785579
20302,10.938811878718703
20303,16.633297866889865
20304,17.981089739150217
20305,18.12942818943783
20306,13.446213101295735
20307,17.399271175124333
20308,15.845839977991806
20309,10.239041168336701
20310,13.038494287463006
20311,14.826796599369676
20312,12.423784129454688
20313,18.01567035130335
20314,16.99315584762695
20315,17.55097228833425
20316,17.033865204783336
20317,18.321711766657515
20318,13.442635432600943
20319,10.187668904263138
20320,21.682531065063834
20321,17.838383100294003
20322,12.076454884145356
20323,13.811961514387352
20324,16.637529054873244
20325,13.687673307611018
20326,12.832248537731115
20327,21.287465998089008
20328,12.095153820839773
20329,19.108164518216803
20330,13.665767556773627
20331,17.234562570283146
20332,19.953389321914486
20333,13.476413754820502
20334,16.078108337856886
20335,13.958775401516812
20336,14.350474840100789
20337,14.610824241123435
20338,19.603867066597076
20339,11.545498720731256
20340,14.054707262106167
20341,12.149832010538095
20342,12.870629245630653
20343,7.247129418034639
20344,8.197471182871265
20345,17.55792494502406
20346,18.62817174008201
20347,20.18285757676856
20348,12.843809374280957
20349,16.328564870995194
20350,16.200601150743235
20351,22.111111791549483
20352,16.20057229296171
20353,9.704722947015057
20354,18.188316033395814
20355,13.838346575942426
20356,16.960098859646422
20357,15.377096822974208
20358,15.967988847156066
20359,11.20457005936645
20360,15.02917124611472
20361,9.255112044920025
20362,13.894430116683136
20363,11.659843337063856
20364,18.1251687628788
20365,15.863327124970827
20366,18.03770367205703
20367,13.025391808412934
20368,16.571609584666255
20369,14.72226657346969
20370,16.8833428709164
20371,19.670452100460743
20372,13.11476124963002
20373,8.749025349504603
20374,13.212194215331676
20375,20.90576106535199
20376,18.605692069847585
20377,22.788555913781845
20378,10.616010017043244
20379,23.32700139176206
20380,10.52489142227298
20381,19.375653911272252
20382,13.552470496334575
20383,17.330941435944816
20384,23.002197351006984
20385,16.658266548274295
20386,12.163829070269397
20387,16.951863634247495
20388,17.086502783246132
20389,17.083560491069164
20390,11.199533369635528
20391,19.616083777149473
20392,18.76398296789904
20393,16.094358937721122
20394,11.654222736932141
20395,20.414891814588966
20396,14.576876836494788
20397,13.12169577434333
20398,16.089831578947074
20399,13.767376228632198
20400,10.173819463029238
20401,15.685578564337327
20402,16.740110322687173
20403,21.53700363660272
20404,12.36791157014924
20405,11.195554355534426
20406,16.803689543870753
20407,13.972287306468017
20408,12.944535423678218
20409,18.391417320749106
20410,17.570234626736358
20411,16.38996668608525
20412,14.607612136945836
20413,17.83006894904691
20414,12.37644838389226
20415,10.451746747323917
20416,15.527236438253762
20417,16.438078890538268
20418,11.901093886194126
20419,12.969278474467425
20420,19.40921483350167
20421,12.711759400198101
20422,18.425088431409698
20423,15.510221459558185
20424,13.147374087073434
20425,17.888047005286197
20426,15.682542904221252
20427,12.058989799360122
20428,17.94397608324657
20429,12.710036262882241
20430,16.174420962190553
20431,17.12552312111613
20432,15.789173132226246
20433,17.133890449112723
20434,13.616486489703338
20435,12.01371695115666
20436,12.953790751666265
20437,15.994574764641134
20438,12.74979154625337
20439,11.936247573510965
20440,16.55247053311868
20441,14.991946123892887
20442,12.878984509077675
20443,11.606972420319824
20444,9.3237453873638
20445,14.65571315985313
20446,15.938212781449911
20447,15.893195069085836
20448,14.75751508077949
20449,11.556167738444056
20450,10.857725222086135
20451,13.980694402273322
20452,8.194134985057723
20453,20.810534356296756
20454,12.515031692484483
20455,17.62083900334174
20456,11.86903120869869
20457,16.145869837369535
20458,13.873519049643411
20459,15.183721742156038
20460,20.13677259535793
20461,12.577434360560089
20462,14.04188808517072
20463,12.546343156960843
20464,17.768303526537032
20465,21.3304662685224
20466,11.91211226978816
20467,17.849994026089142
20468,15.399525465932001
20469,18.950383101853625
20470,19.93774030813524
20471,22.055740568282193
20472,10.299586737550156
20473,15.338753232532797
20474,11.198618094597544
20475,13.84384448282901
20476,20.53732064501287
20477,20.7565723499077
20478,11.703310535652749
20479,14.009228842263376
20480,15.353651915814051
20481,16.230211630200287
20482,16.57340233309204
20483,18.92521032517424
20484,16.0100107858915
20485,19.037596513462333
20486,17.018004501420705
20487,17.857519751759824
20488,12.804108446560983
20489,13.512463513293524
20490,13.098860237285855
20491,10.235430025207986
20492,21.563653253111692
20493,15.35069560927936
20494,16.520946855727775
20495,15.855674087296428
20496,17.51272775482757
20497,16.961556164433574
20498,16.60771455592591
20499,20.265139235290313
20500,11.445571561773725
20501,13.929753682685053
20502,14.904515344957428
20503,15.03123189617168
20504,14.111686974243083
20505,17.88469413706664
20506,18.006171081624757
20507,12.435503911358438
20508,14.839861150940042
20509,17.372822370579076
20510,16.625101695859875
20511,19.40646608624905
20512,21.1849567635684
20513,16.44397438977318
20514,17.544010055920047
20515,19.89877673261651
20516,14.472616121000895
20517,16.091750250696833
20518,14.902765539388547
20519,14.070072896054203
20520,17.567370547783902
20521,19.984111653909093
20522,17.41604179079245
20523,15.2521402193547
20524,19.791501347876086
20525,15.410810727591441
20526,13.967313651784224
20527,18.673734112471365
20528,10.275890324360132
20529,21.54067894021776
20530,19.582466106954293
20531,21.523523116115513
20532,16.373696882919077
20533,20.92182903303165
20534,18.16153573761833
20535,22.711305221776257
20536,20.381837207826024
20537,14.97369689121134
20538,17.440597873280616
20539,8.231564724762928
20540,16.558932382275813
20541,17.727318812203734
20542,9.613100625932285
20543,19.75415899796534
20544,17.42392565034694
20545,15.265513237768353
20546,23.243822355615375
20547,17.882011642112246
20548,12.093445242711404
20549,16.199284586630732
20550,12.589175137358655
20551,14.108067143846238
20552,12.74233111038038
20553,14.309684216301815
20554,16.11678467733535
20555,18.24065263851586
20556,23.73870784144897
20557,10.510045480968397
20558,12.701617914349015
20559,15.23092191549452
20560,19.623416682615225
20561,15.7664526513037
20562,16.291445495041387
20563,18.595724078945583
20564,17.01473322004935
20565,13.993558480138887
20566,20.670601962474922
20567,13.083494037556214
20568,16.213072919135055
20569,14.332605124048753
20570,17.853376272790115
20571,20.8053728848311
20572,17.93007358821339
20573,19.14022940766526
20574,14.942615490944656
20575,13.623503031180444
20576,14.185709135182815
20577,19.319372096190342
20578,11.36372987163632
20579,18.56046543696084
20580,16.989105022880697
20581,17.02700743865853
20582,16.772257283090376
20583,18.29399199598257
20584,19.108107192063862
20585,8.980465434758598
20586,15.222901052497539
20587,18.169853252626567
20588,17.252938702435795
20589,17.824401122373864
20590,12.948842135345934
20591,11.12797590805213
20592,15.754322693641349
20593,19.250505362881576
20594,21.406860112705886
20595,18.962855063053304
20596,19.04559900923295
20597,14.738369608760909
20598,21.055499256144685
20599,17.481969696852346
20600,19.87770439609491
20601,12.323256795738951
20602,18.445628197479422
20603,16.69950470294707
20604,19.623171264865988
20605,9.18511802430016
20606,15.00824340711217
20607,11.411401619330071
20608,14.793675083983402
20609,10.896877170388365
20610,14.247234665292469
20611,11.069745796191775
20612,14.329459495530575
20613,13.341218627206175
20614,11.028371271254638
20615,17.249142346244707
20616,9.722444270295583
20617,16.025450408892617
20618,16.092675003739572
20619,18.557299939100638
20620,16.73448492367394
20621,15.73812033209418
20622,18.317321559706073
20623,11.801842550467686
20624,15.929965501040176
20625,11.592959957596625
20626,9.763832330959424
20627,14.93390470716934
20628,16.078141170185702
20629,13.852309468812123
20630,13.884842114319547
20631,14.74332314571979
20632,15.599899765716446
20633,16.36606862160272
20634,23.243358496678155
20635,18.184070662638774
20636,15.828723674080328
20637,16.895636103491903
20638,25.11213264519499
20639,16.235579940799866
20640,18.409028973381222
20641,14.244248141870088
20642,10.913740216228991
20643,18.62795406095183
20644,12.478438890576873
20645,17.823926177090982
20646,12.621535512921
20647,18.63280563307925
20648,9.52496908947531
20649,16.105935986080606
20650,18.356991771708177
20651,14.694793520177429
20652,17.323228212796387
20653,19.638996678465432
20654,13.762780396802611
20655,11.905348825531444
20656,13.952253456151647
20657,20.69590839857543
20658,12.891480633165104
20659,17.7285621816724
20660,9.74189420838541
20661,14.118059276414112
20662,13.519847223849762
20663,19.73567063202295
20664,12.193723722746787
20665,18.754950884448995
20666,20.500801520408714
20667,15.835769704543765
20668,13.781806768862573
20669,17.455348622809964
20670,12.639781343616812
20671,17.79865910483864
20672,12.694281430380046
20673,21.81927497747988
20674,17.694172156575654
20675,12.225994072589215
20676,18.960777038163155
20677,17.19311875382253
20678,18.50515211568942
20679,14.45825607629337
20680,17.336683892812935
20681,18.841112172459386
20682,14.459897690261396
20683,12.408408126569565
20684,11.058954905596778
20685,10.536046452238946
20686,11.815412473671989
20687,17.08207417007908
20688,14.135380014919182
20689,14.811759290381339
20690,13.520108114276479
20691,13.393669319736027
20692,13.546693763925505
20693,15.477582452100714
20694,19.126938532196867
20695,16.578910033196006
20696,18.71242612301469
20697,13.789768193726937
20698,10.323599512503463
20699,18.780004795827878
20700,17.90726967499701
20701,18.93441277771896
20702,14.858842984807778
20703,20.695061692910976
20704,16.540845717243112
20705,9.51651390723548
20706,22.345654722248927
20707,16.21410144945651
20708,15.008660830667873
20709,9.55257450789114
20710,13.734376144291973
20711,12.569461409595611
20712,23.695236124780713
20713,22.747644022730327
20714,19.176316552592265
20715,19.67168370300867
20716,16.707253184475565
20717,21.38921955357908
20718,16.80391596185921
20719,12.91967422740149
20720,17.439692459929574
20721,14.622551415943157
20722,18.334784091724647
20723,17.958631142234594
20724,18.152183559879678
20725,8.509122327677629
20726,11.057868550883917
20727,15.702532892768001
20728,16.489348211854754
20729,17.231309763355426
20730,15.163564127954333
20731,11.376052342758468
20732,15.69939990411407
20733,11.271797123723406
20734,15.443927874436799
20735,12.339343885482933
20736,9.892323360257505
20737,17.84174508413498
20738,15.108027257720511
20739,14.378581300719592
20740,15.39359721988308
20741,16.545045069171124
20742,25.19053043492991
20743,15.5132974707538
20744,19.042358348484544
20745,20.44050439378534
20746,13.774338062365565
20747,22.751291719587286
20748,16.842001152119465
20749,15.831845543313875
20750,15.15877545950845
20751,17.50603854944662
20752,11.328021960939036
20753,21.040672038196575
20754,13.64699651897294
20755,14.844419050523442
20756,14.072714426486659
20757,9.876051142560147
20758,10.998652130821775
20759,9.698226982474583
20760,16.617939278211907
20761,14.479177661708533
20762,12.083333327149287
20763,14.131568479705509
20764,15.936907972790785
20765,14.393116262238607
20766,12.826148894935994
20767,22.433611042730327
20768,18.12048550158352
20769,16.729132697333558
20770,13.926316958052826
20771,10.283956561845773
20772,17.187438200280624
20773,15.23285194717652
20774,14.977947200857297
20775,14.843401080269139
20776,18.20443515879815
20777,17.92022477369285
20778,13.080085200563865
20779,11.750566194398655
20780,11.382523789000683
20781,8.789853837943607
20782,12.519180569179785
20783,19.993283773452376
20784,14.407782363647604
20785,15.233936611265396
20786,9.790201121493954
20787,17.576226002773943
20788,14.968676841979335
20789,15.237176296175116
20790,18.04954374412356
20791,15.736219975402413
20792,12.693001679573062
20793,19.301001689371674
20794,9.448434193818924
20795,10.311931967927212
20796,12.54483474789027
20797,11.157331038708607
20798,20.267183725315093
20799,13.765024131862745
20800,20.890607919175306
20801,14.248441827324061
20802,16.59554218203109
20803,21.241560617593905
20804,15.21626230380087
20805,17.348503073086768
20806,16.86477040605334
20807,11.691415859135049
20808,8.297008879629269
20809,12.126804914478164
20810,17.33806158225025
20811,16.261238808140703
20812,13.267686822087805
20813,15.153542710824512
20814,17.615942111983443
20815,14.4214654506628
20816,19.627766186086287
20817,14.854492956156065
20818,11.236757924726962
20819,18.940125437451393
20820,19.730830197053265
20821,18.461250259838366
20822,14.16370804682575
20823,18.594026019054326
20824,17.642766634880196
20825,15.021170396087744
20826,12.754422605899256
20827,12.923917632054422
20828,9.038783706484677
20829,16.254998686659277
20830,16.73704124668215
20831,18.45022379071182
20832,14.849574932733862
20833,12.501965086615257
20834,21.177606236264914
20835,16.810029983100662
20836,17.998703783227185
20837,14.423719065150552
20838,19.187972292998122
20839,10.153847999007613
20840,17.305655521815197
20841,12.718781408537556
20842,14.59066378659256
20843,15.241127812942677
20844,11.176586099012733
20845,13.712112537826377
20846,14.516692311974538
20847,14.01205924729406
20848,15.728602943392218
20849,20.524237889850532
20850,15.912606205131931
20851,10.250178555158136
20852,19.398071660633732
20853,18.173806377510815
20854,14.863434143550677
20855,19.134184084077642
20856,18.507506534991357
20857,16.686659703567578
20858,14.868480072577682
20859,15.3540407643034
20860,18.32823194490964
20861,21.409593767687987
20862,14.723400694692057
20863,16.70792433673451
20864,18.75159298519298
20865,17.37795087972306
20866,16.35929324498615
20867,17.166493303014015
20868,16.471437543136354
20869,14.39612367851828
20870,15.249565328716834
20871,21.155393037658598
20872,16.29085911878498
20873,16.703041047762937
20874,14.514516837534302
20875,15.191379754442499
20876,14.103308126307041
20877,18.859360245011516
20878,15.2576242780423
20879,14.794377612510608
20880,17.314658428189862
20881,15.166428465335878
20882,15.783731972105196
20883,21.68676284110215
20884,15.747387711777026
20885,16.29293933956943
20886,13.840411476417342
20887,14.982045286829361
20888,14.399810336458495
20889,13.266379504810502
20890,9.125134415105716
20891,14.240911744512395
20892,20.000151644146108
20893,21.046668433067847
20894,18.617525067003893
20895,15.134105269283257
20896,16.055556229802473
20897,16.67832542681871
20898,15.902032866763662
20899,21.98866022509029
20900,16.012198598128915
20901,20.92685280800565
20902,14.690274798592656
20903,19.517805352816257
20904,16.636967714783502
20905,16.3076933862222
20906,12.924344386236438
20907,17.83709977018016
20908,9.07486807918847
20909,17.145336738591784
20910,21.052186870938744
20911,11.14180500539374
20912,16.083293277320845
20913,16.335637582218812
20914,13.040077665955094
20915,17.010067608293127
20916,17.993132886234193
20917,14.159410656919153
20918,17.17950085859588
20919,16.429506888695123
20920,18.368542869672588
20921,18.263302183584457
20922,12.624377942755658
20923,12.461182673899245
20924,13.253161231308765
20925,16.563845827256802
20926,16.635393345027566
20927,11.032690357319776
20928,13.753441363452723
20929,14.087174439645416
20930,21.039799558362397
20931,17.552935960719864
20932,14.580390057494213
20933,17.038137725596695
20934,17.94050434630131
20935,14.2258481106855
20936,20.705641605343555
20937,11.528669802334019
20938,12.784335132956478
20939,12.669350285832845
20940,15.653809088751387
20941,16.254106322228694
20942,16.87588684062322
20943,16.49141007672908
20944,12.073607070842929
20945,17.833347344406576
20946,16.2918421631106
20947,11.775759875516325
20948,18.449872119701837
20949,15.513880369291893
20950,15.385128577625643
20951,17.913542202466132
20952,14.180556142589136
20953,19.42724764437982
20954,15.598173340097393
20955,20.198994534360168
20956,15.230858037453606
20957,12.744187675630785
20958,12.29707496922163
20959,10.052253236764777
20960,18.445576377590875
20961,12.769465166864833
20962,15.258560135488075
20963,11.316620238394858
20964,21.755098694776635
20965,13.451997791092403
20966,14.894831719016945
20967,11.30545301650428
20968,10.006837313532008
20969,11.332429776808372
20970,15.872862783801315
20971,9.888384207416673
20972,13.3298455339076
20973,14.03488648621509
20974,18.498762360859565
20975,13.33931938745829
20976,8.698263198412558
20977,12.035742360128634
20978,15.108300426614345
20979,9.953734344792405
20980,12.98993775535239
20981,9.837037396175454
20982,20.381417892528166
20983,16.101403268673668
20984,17.072679584221092
20985,11.475429528056997
20986,16.458643816109355
20987,10.155209295160972
20988,16.174285556194025
20989,12.535648364851577
20990,14.256448272476133
20991,20.556728964361838
20992,13.502736711861491
20993,14.703385083741193
20994,12.292258972124117
20995,20.03414370107528
20996,14.296336676493764
20997,12.169608153784134
20998,9.148284980748413
20999,17.555964107004456
21000,18.910206376954505
21001,22.253651124021193
21002,15.70036820887955
21003,11.237573865267887
21004,14.479540206033356
21005,13.425012459481326
21006,10.530407127222944
21007,9.9905023365076
21008,12.021039600761911
21009,16.218222691551
21010,18.174435138334694
21011,16.470618725366318
21012,12.128632608800816
21013,14.132733727860675
21014,14.85816284615386
21015,17.900685543347453
21016,12.458723427631003
21017,15.852106936819577
21018,16.675616012997658
21019,16.31299166067363
21020,14.517319235150424
21021,16.43430315289672
21022,19.06568564899111
21023,17.090849026154956
21024,13.774143470142493
21025,9.789241460916758
21026,12.292456768312515
21027,12.743263683770397
21028,16.445562582880207
21029,12.322512819871577
21030,17.49428834245461
21031,14.173060169258385
21032,13.4916871963485
21033,21.035621691086607
21034,11.791451211255957
21035,16.76824580313202
21036,13.927935959970707
21037,20.8648639662213
21038,14.99604283169673
21039,12.663914608431181
21040,15.623403134279698
21041,19.186167951445377
21042,19.75797830012436
21043,21.271833869171587
21044,12.320949451704658
21045,14.64926767013619
21046,10.597878759246768
21047,10.847530206972046
21048,20.340830498118052
21049,12.027827562161795
21050,21.590971841628193
21051,18.135350572544617
21052,20.48393878603544
21053,15.522875277047735
21054,18.705562897790653
21055,13.500667779846886
21056,16.84400905699023
21057,15.722379725192095
21058,12.296449119988763
21059,12.583437951562518
21060,19.388168676172654
21061,22.936345266920988
21062,9.934697733885288
21063,18.817338358229122
21064,20.434013981431967
21065,16.935069859175663
21066,24.332044379049982
21067,13.54466395120938
21068,14.610563764603613
21069,14.533682298579315
21070,20.751551386163904
21071,10.24316789646325
21072,18.069401271802434
21073,21.726965850396255
21074,19.96423589662926
21075,14.891506177318313
21076,17.177985906990695
21077,9.9361583234071
21078,12.620241231112935
21079,11.449566586869182
21080,15.047822855351109
21081,13.458471779038522
21082,22.86969220830419
21083,20.186007824410716
21084,15.565389409156666
21085,20.440812206711936
21086,13.49104935191329
21087,14.183188988365043
21088,17.125354037255384
21089,15.844130123906048
21090,13.174812261209475
21091,13.972336730354249
21092,10.644380960054496
21093,18.312641331173587
21094,11.202075810383416
21095,21.73152217570632
21096,13.959293268413886
21097,15.708846395614815
21098,14.159916900151359
21099,18.207393877847036
21100,14.442739369468349
21101,11.788354225915675
21102,15.867134594960975
21103,17.085617640081416
21104,10.34896229592896
21105,15.764484714011518
21106,19.629171829967184
21107,19.24434422050592
21108,10.858678944550158
21109,13.46338393426765
21110,18.989121251340986
21111,15.099623383705188
21112,20.596960588256152
21113,12.907469026951583
21114,16.420110073174236
21115,13.44375161166219
21116,11.150485139492742
21117,18.741710550657096
21118,18.96484711225543
21119,18.356400208066773
21120,12.114997257085639
21121,23.852230989182907
21122,21.25400679165876
21123,18.37266518370196
21124,13.13743970198816
21125,15.319089703794386
21126,18.51819226077913
21127,9.337945129957264
21128,12.616826091370296
21129,16.71248199273087
21130,13.302599075991008
21131,16.900767499734183
21132,9.981533257151945
21133,17.991459759995003
21134,15.288612175664198
21135,10.781299904938589
21136,14.323499133527251
21137,15.791085091184712
21138,15.324523039343113
21139,19.64939509058427
21140,12.683730901364225
21141,19.86979075862574
21142,14.835426637806032
21143,12.60414777699215
21144,10.583874893768105
21145,13.758106780833305
21146,13.403485519328552
21147,16.61428876134285
21148,20.945244957798806
21149,10.130304802553928
21150,18.486174673477883
21151,18.84831378436403
21152,22.137515026052323
21153,16.576677452498515
21154,17.683044959289926
21155,16.20189316674499
21156,18.01055094577218
21157,14.02772967536865
21158,18.154046441970557
21159,15.894927435656243
21160,14.238637987114181
21161,11.130383235972545
21162,9.307361493722027
21163,16.842066598284553
21164,20.942212374588557
21165,14.301131204271567
21166,15.373625099729363
21167,11.090397960858795
21168,13.034291040868144
21169,16.579660582668193
21170,16.44555878119661
21171,11.37967687991173
21172,17.636010530241162
21173,12.138860681057503
21174,19.075549799671016
21175,20.93633520324456
21176,9.842638570539734
21177,18.187114091411598
21178,14.527426906627921
21179,15.710350774289521
21180,13.051281928322226
21181,15.68372736667779
21182,15.934936997830759
21183,19.45389229226604
21184,17.37556901503674
21185,9.15472719637521
21186,11.070966028010194
21187,10.905184939487825
21188,11.879298301866324
21189,14.340927722871964
21190,23.957124446399412
21191,19.594459204969592
21192,16.89498835363426
21193,15.613950268520433
21194,18.94224954555417
21195,19.343041936117178
21196,12.340711337304564
21197,13.335904640821507
21198,14.694100499196326
21199,19.177140982192935
21200,15.235023479916599
21201,14.163631858472911
21202,13.82850727891553
21203,14.576764808580853
21204,14.227034697843255
21205,13.703946808205604
21206,17.751223037367566
21207,16.716437639904186
21208,15.421441383313704
21209,16.220609496813747
21210,17.615144211406996
21211,22.694396520136447
21212,12.543037914119495
21213,11.747468704987387
21214,15.832627820490485
21215,23.947197945449155
21216,8.929023623138503
21217,17.25785118076888
21218,13.504087473828783
21219,16.955183503407063
21220,12.385618600068273
21221,22.068295278857164
21222,16.19225193504175
21223,20.91360232470023
21224,12.610331620046539
21225,12.29212818398447
21226,12.598067012576667
21227,20.071268205804373
21228,15.987788398164373
21229,18.309410922015125
21230,18.94841897758386
21231,13.925358099877366
21232,19.89469242447048
21233,16.797817158860987
21234,13.243982500901122
21235,14.805942568547557
21236,15.115086383304389
21237,19.664754609468304
21238,17.472922396729537
21239,15.411843947518332
21240,11.317114072045928
21241,12.075082029910453
21242,17.905593817810015
21243,18.15112830359424
21244,16.974686329064784
21245,13.589629151630852
21246,12.69859872808492
21247,15.09130238379345
21248,19.161243514891364
21249,11.449213077286723
21250,14.31504853514598
21251,11.21767897401881
21252,14.048821563477548
21253,16.368447104262025
21254,16.368583829279338
21255,15.573460236224294
21256,9.543496002617092
21257,17.63182310190603
21258,16.54070838853083
21259,13.416953448684726
21260,11.467014314961688
21261,17.257293527395333
21262,15.744664145572585
21263,12.274716246878485
21264,11.094090633664953
21265,12.735197858975583
21266,21.14459838583982
21267,11.068318123528112
21268,14.012414837556083
21269,18.77509678908227
21270,19.263149479633505
21271,9.789122140416204
21272,12.599972910263741
21273,13.507246379667318
21274,17.312908902162548
21275,20.631846779516607
21276,12.393929645112545
21277,17.719533222695077
21278,8.693391672078132
21279,18.465091426370535
21280,22.86259312891083
21281,14.255776768938963
21282,14.126793442538986
21283,16.107396536780733
21284,12.050149186309689
21285,19.856081011103747
21286,19.53357877647793
21287,15.339835308566677
21288,13.132845110334255
21289,13.233986981634867
21290,14.573625409049315
21291,17.445466863030788
21292,18.660805302314007
21293,17.240575515995694
21294,11.838031806806182
21295,14.226192859861586
21296,13.287610335716227
21297,15.078270363089286
21298,15.384508262355718
21299,10.920106357998108
21300,15.539552513721839
21301,14.661720889106293
21302,17.330494559028967
21303,15.82701257855254
21304,16.422827761034064
21305,25.04656308064052
21306,17.345160519618055
21307,22.328543029792755
21308,22.39068004823625
21309,12.581164263854351
21310,23.095920603018055
21311,18.485420819892322
21312,22.951391558317226
21313,15.802558296306666
21314,13.47516450490689
21315,11.542878191280334
21316,16.658119151191244
21317,19.09682982143822
21318,19.356564570875733
21319,18.70922233877478
21320,14.020511832162926
21321,17.061037782931386
21322,15.682820750795846
21323,12.439439130909399
21324,14.447423177077743
21325,19.619286122897385
21326,17.31202978946142
21327,15.396340903926218
21328,16.318335024826595
21329,9.04179567555428
21330,16.647996451152004
21331,17.830700374860157
21332,16.398197574337576
21333,10.9171424168076
21334,19.511856083871415
21335,10.646408064316894
21336,23.4667056092396
21337,13.738376726732989
21338,15.579201420963727
21339,12.478442149063998
21340,19.392491742727852
21341,23.558694411703353
21342,10.714437652599816
21343,12.517220605865958
21344,16.777663518076196
21345,21.399759204848316
21346,17.500731638115433
21347,10.814718680541958
21348,13.367108326385296
21349,14.515966402829614
21350,10.071975030227092
21351,19.433876900782735
21352,14.159553430763262
21353,21.119189795280548
21354,15.093130069547197
21355,14.908129389632224
21356,12.888362062518356
21357,12.67236918723593
21358,18.26892508718563
21359,9.8758502883181
21360,17.42610626281449
21361,12.28024112775154
21362,14.96992983127113
21363,16.45398723259548
21364,8.667300426829335
21365,11.617428731721581
21366,14.207793573837048
21367,18.355082718384626
21368,13.202625063590032
21369,13.663924332582038
21370,17.35904954640001
21371,11.635217508272905
21372,18.296462574884263
21373,19.854276536704628
21374,16.970947785786343
21375,13.263752554386336
21376,8.854032683842942
21377,15.777849499056023
21378,13.44720090848756
21379,12.494116121388599
21380,15.70445150149266
21381,16.7670722562873
21382,11.410217971858337
21383,16.30782933343488
21384,19.873839682579337
21385,13.28653448340473
21386,14.524809260826366
21387,14.340662846670288
21388,13.726544787705961
21389,16.149009473001787
21390,17.433310338289346
21391,12.74069516157677
21392,18.355949330480527
21393,21.291772368593897
21394,23.07254886796678
21395,9.681237589291552
21396,12.26782095278856
21397,13.593455966104946
21398,15.36381565188798
21399,18.573852216053773
21400,11.008064930035767
21401,15.494993016710575
21402,21.534371894831608
21403,22.22897500906507
21404,16.836277206355447
21405,23.895301843801196
21406,13.983367409199413
21407,14.720525086363136
21408,13.667109942003966
21409,18.553253948476094
21410,19.612654791629815
21411,18.05853101410239
21412,10.584519428899643
21413,14.497942067831463
21414,10.23719532669646
21415,13.471396761539808
21416,14.903025471609615
21417,20.198493755159646
21418,15.880188275269377
21419,13.998185303802977
21420,18.905824374509205
21421,16.002319893463333
21422,11.076174962435498
21423,18.698053293043728
21424,14.518363504842345
21425,15.892753807658043
21426,15.196460018754223
21427,15.854615873418364
21428,14.349669406402016
21429,10.736437443130164
21430,10.824281501106361
21431,18.207913030525923
21432,21.254869626422412
21433,11.231081763426992
21434,20.673694588456435
21435,19.031370651790418
21436,17.89182412306812
21437,14.738557582479931
21438,16.461877169498443
21439,15.028214155261182
21440,14.600627592106177
21441,15.696683947681205
21442,22.28282635500458
21443,11.852721558159182
21444,7.397110322308561
21445,16.367345343617966
21446,11.494244686895476
21447,16.77412512862278
21448,13.435644275215271
21449,20.029702958986142
21450,15.971696129403762
21451,17.811428815494743
21452,15.495325548693344
21453,13.024392960410989
21454,15.321183870954538
21455,16.654783982348683
21456,16.369544560554996
21457,16.01134296033171
21458,11.17658912748511
21459,12.737454535178742
21460,17.5472237081147
21461,13.649899823345033
21462,18.38123354774478
21463,11.748700126462081
21464,12.998788861846602
21465,17.925743547448217
21466,14.293349049446821
21467,16.437662625073564
21468,16.61395968828464
21469,15.069820086875795
21470,16.230610883761663
21471,14.804320779354903
21472,12.060543892384413
21473,18.905999378865413
21474,10.913353520357733
21475,15.930983438128873
21476,12.201683087739706
21477,12.649100623137727
21478,14.819909339105127
21479,17.61325571892081
21480,15.159273480612287
21481,14.762807097661858
21482,19.287201079044998
21483,13.194969247601136
21484,13.724486929467481
21485,20.652030073612064
21486,16.942960261048903
21487,10.70224966955379
21488,16.044196822978357
21489,18.097395811617854
21490,10.345831564068101
21491,15.253042988107307
21492,11.489072146788583
21493,16.98575939625416
21494,14.578973501782642
21495,17.080920818284575
21496,17.475634918443482
21497,16.413607073380543
21498,19.300398361658004
21499,12.406949789889442
21500,15.72852520902595
21501,20.167581996694352
21502,18.734824098579377
21503,17.50876930940114
21504,15.691233578770843
21505,14.426003340354544
21506,14.67645510949026
21507,15.42375538352383
21508,10.39806580981735
21509,15.3055281371835
21510,24.286260428192193
21511,15.950768534196861
21512,19.282848195703192
21513,12.887939183827033
21514,12.738619854634715
21515,16.092928152347042
21516,18.50175723385092
21517,16.079765045843963
21518,15.381110731044554
21519,13.925709803448683
21520,19.072136506490864
21521,17.724054145786685
21522,18.662534253217384
21523,17.824868268872915
21524,11.944283357406256
21525,20.12587790735257
21526,23.05100804614056
21527,10.004690368283491
21528,21.177687043290355
21529,20.3184104816444
21530,13.680219291639705
21531,13.411125368847939
21532,16.83097884269778
21533,21.499015918704437
21534,11.096581580320503
21535,15.239066030378305
21536,13.523995934874252
21537,12.011950077942007
21538,15.199064525949716
21539,12.430860880839356
21540,19.340126487742058
21541,13.59199163473895
21542,14.241137112938139
21543,15.206228832866056
21544,14.907649418796327
21545,8.742078653013149
21546,12.231868296898456
21547,12.697797413715076
21548,17.475543596286677
21549,19.107100779795353
21550,10.395197886926432
21551,19.220567766228246
21552,15.491935360625146
21553,18.143110878128365
21554,15.81669894090037
21555,15.975069473526958
21556,17.3413076648049
21557,10.276665220359513
21558,16.645159975519928
21559,16.64396500440307
21560,17.513615849828547
21561,12.609054931522959
21562,20.054818891809816
21563,11.953727020931202
21564,13.911751695801641
21565,10.94317279021909
21566,20.541067572083556
21567,15.199823003444116
21568,11.589997739907986
21569,12.150836154784255
21570,12.702469920253739
21571,15.027490711321978
21572,15.722670715166018
21573,20.892125143194594
21574,17.20189310851454
21575,14.161740123893955
21576,12.586975299103667
21577,18.527140037084997
21578,14.702315543756523
21579,10.831371345725278
21580,9.600325667731902
21581,20.552068218105365
21582,16.411242964405353
21583,16.96466762118605
21584,16.648819990401993
21585,13.540687800055878
21586,22.86955092851468
21587,15.617976650503756
21588,19.007950687555798
21589,14.901838897156498
21590,16.868278640926818
21591,15.25734718465219
21592,10.259944074889475
21593,16.890499825213293
21594,19.63317486364481
21595,17.729365780956492
21596,18.398783653220825
21597,14.12983055153413
21598,21.186685670307696
21599,11.71715595833519
21600,15.521684103237035
21601,14.06658172959617
21602,17.26568283638042
21603,17.3522707905257
21604,11.326380278349479
21605,21.998895908350928
21606,14.009646743098825
21607,15.98839405556572
21608,8.954514406347037
21609,10.998615152838315
21610,16.181919353830637
21611,16.727476050525503
21612,8.173489165885861
21613,14.866367082056758
21614,16.61370249955634
21615,19.808336513075044
21616,16.783508747437157
21617,16.277569542275593
21618,15.702451221047328
21619,19.976583826912545
21620,13.585869229139814
21621,17.815859923026913
21622,17.47895289893809
21623,18.46028269393688
21624,19.539924165762095
21625,17.625916410637473
21626,19.714474650969546
21627,9.66693005220866
21628,13.370816783708102
21629,15.071874670075438
21630,17.520771967830896
21631,18.70823080261173
21632,16.907414775353047
21633,16.213863534931544
21634,21.34299718260827
21635,15.55365331226028
21636,20.165919175503316
21637,18.133756029797272
21638,10.666283916192175
21639,17.44605868334012
21640,14.159032120304687
21641,20.974564169641646
21642,16.777203238528966
21643,11.551617011013963
21644,20.863651346897967
21645,16.77695947980502
21646,13.141495067512245
21647,18.009380400263506
21648,18.057120481859968
21649,13.725439160900706
21650,21.86872241022258
21651,16.12098264466485
21652,16.249007605293667
21653,12.354861002266723
21654,14.80181731863969
21655,21.46891066650758
21656,13.8847513215421
21657,8.210702273201614
21658,9.659428519644432
21659,15.786752284548133
21660,18.385813967209977
21661,14.17109043355373
21662,14.822012277027572
21663,15.327857133583567
21664,21.96594941982756
21665,22.595403512191165
21666,16.690077103708653
21667,14.79824555333457
21668,10.191909656004704
21669,15.049728397306115
21670,17.014485756193025
21671,12.341192914147245
21672,21.573258038853165
21673,10.321814048991868
21674,16.76410628644539
21675,17.87719302530925
21676,16.69999442052995
21677,18.81588842670449
21678,19.785076395604232
21679,15.640055387343676
21680,20.56214911933045
21681,20.8823040463652
21682,19.522880499683357
21683,9.495788031261409
21684,19.53105936215446
21685,17.79040205374569
21686,13.814104904763031
21687,10.983117748804613
21688,16.208203745529342
21689,18.19177010141662
21690,15.984075033035124
21691,14.571295024472018
21692,22.821788771883778
21693,13.790340819906955
21694,15.643887909550152
21695,16.230746097647156
21696,11.76170394903527
21697,19.55348758733546
21698,16.203840893944367
21699,12.945438968854967
21700,17.57694110319312
21701,14.661848791773783
21702,19.488117279499683
21703,9.818721889878987
21704,17.852833872537175
21705,14.758837847268154
21706,16.41627075287364
21707,16.254533636130716
21708,11.189880872651065
21709,18.32681075700271
21710,23.2584108580582
21711,15.992211524147613
21712,9.563550685895617
21713,9.899444915970673
21714,10.728008276800981
21715,12.798503675556777
21716,12.996183225992693
21717,10.44666802800765
21718,10.770320045103624
21719,12.078044161402822
21720,13.730392617825917
21721,17.48689369045064
21722,14.184528238946797
21723,16.07452614052013
21724,17.457392366072494
21725,12.795096024239733
21726,18.395547274567264
21727,17.70146981394128
21728,10.560748244143078
21729,10.587578156655502
21730,16.179554584006933
21731,15.701703515192014
21732,20.387939831977754
21733,11.426548098437658
21734,9.968827360284422
21735,19.240515453371245
21736,15.926177029036516
21737,17.30607782487063
21738,10.95091113578695
21739,15.964540693734614
21740,15.111272799542581
21741,19.039624358728627
21742,21.158355893138634
21743,9.879490081774458
21744,15.515245052601149
21745,22.460611397392263
21746,18.571525625468766
21747,18.844667775346
21748,14.893303263958568
21749,14.074514296844487
21750,20.927421966022703
21751,21.217823228583086
21752,15.420250453586256
21753,13.486203314067618
21754,15.107285038153396
21755,14.25356478753236
21756,11.812734832994952
21757,15.086632547959809
21758,17.901740564148874
21759,16.273709817858215
21760,16.531695913576016
21761,17.82485124758753
21762,19.901036931741558
21763,15.935696279777167
21764,22.29530005100914
21765,18.803222391404084
21766,16.311411294447804
21767,13.739534448529447
21768,13.749130481151933
21769,8.88327258578394
21770,22.205141560826963
21771,13.429068738142398
21772,21.348060072955036
21773,19.85942546243232
21774,16.176524433376745
21775,19.011310538765343
21776,17.980797450822607
21777,11.256878705907305
21778,21.62671367520914
21779,9.895604589074418
21780,12.644395298146893
21781,21.774335233796602
21782,13.86814497526866
21783,14.869090121402701
21784,18.30559964314208
21785,18.8464705410578
21786,16.86526483500465
21787,9.557784054664234
21788,8.095591755874501
21789,14.212472466524945
21790,10.173948777930452
21791,12.699518524249578
21792,11.940986924898894
21793,11.201031597301949
21794,16.074860127511258
21795,15.314283352951175
21796,13.2929485229553
21797,17.90879903171343
21798,15.989875121629714
21799,18.636189154200004
21800,19.628082533128
21801,17.815915073584925
21802,18.672799961504587
21803,15.930391921369457
21804,19.09692668165974
21805,18.22617263166564
21806,19.903706493444155
21807,15.371692760247065
21808,17.612830481770487
21809,13.256491364796904
21810,13.444965696927047
21811,10.49224990633712
21812,19.683660827098887
21813,14.539115252537126
21814,21.34659835947548
21815,18.158085059217253
21816,15.476726656776997
21817,20.985429597100033
21818,15.287251097463859
21819,13.508256563535685
21820,16.65824277766867
21821,9.361741416178242
21822,14.461692379846797
21823,13.787679010302984
21824,16.700543538233426
21825,18.22375868188571
21826,17.309356997301744
21827,13.417484801515506
21828,20.73792475233838
21829,16.68234297395326
21830,16.05669537614523
21831,15.040730299507338
21832,15.516752005541065
21833,17.225483335098122
21834,12.878310686128922
21835,18.469546224878535
21836,20.215991231106912
21837,13.961372034315975
21838,11.991133193882728
21839,17.93902897483747
21840,9.995240767066488
21841,16.993152271369063
21842,19.007686457376636
21843,14.3326586194379
21844,10.815809913260306
21845,13.987611891728587
21846,18.637819530891548
21847,17.88191686208617
21848,14.01114403391557
21849,14.937097882058355
21850,16.569820826014723
21851,13.51452153807106
21852,9.30398418340182
21853,10.771625788887288
21854,13.102450482570841
21855,11.24355899186147
21856,16.274409294620362
21857,16.220084436822674
21858,19.434240283386696
21859,8.97669065093514
21860,14.493121877970182
21861,16.12845939830645
21862,15.79651867105393
21863,12.990114719168599
21864,18.160538361198565
21865,13.034834770508105
21866,10.829452237012063
21867,14.407580877112222
21868,16.4399116053422
21869,16.34937335288807
21870,15.958362554394165
21871,10.80989860527998
21872,16.24971417773718
21873,12.529571498127762
21874,15.096787836942502
21875,13.50839822524086
21876,13.383927854922575
21877,19.54138375190297
21878,19.979477525726427
21879,8.902301060260786
21880,13.341912886587581
21881,7.442949240896809
21882,21.821746159615532
21883,17.86070296422492
21884,12.289767743852531
21885,20.89610824678051
21886,15.154521833976306
21887,12.476790062000388
21888,21.1691983189442
21889,13.245792163013391
21890,19.78889844062143
21891,11.307008731844373
21892,19.556005367574038
21893,20.875953900608103
21894,14.384701665697051
21895,18.833227599697324
21896,16.49504822056407
21897,20.009110687399485
21898,15.12925263774995
21899,20.041762268538196
21900,18.079371806348174
21901,13.230577092927746
21902,18.329140542552054
21903,15.645656795718605
21904,14.1967935030758
21905,12.135881257925616
21906,11.462569840300285
21907,13.425629636745349
21908,12.096858053971712
21909,13.210116016021631
21910,10.561065315358613
21911,21.840090607957663
21912,22.143629119511573
21913,20.05016783965332
21914,16.644297237575152
21915,8.268666319697171
21916,21.649699610487957
21917,18.553506365773142
21918,14.499225860615175
21919,16.803178501379058
21920,13.50232731176351
21921,16.2460769810218
21922,18.87864427710643
21923,16.03136280914989
21924,16.082976144280952
21925,16.10033860305481
21926,10.17696886126222
21927,17.464602202830882
21928,15.920632926138948
21929,16.17336105053034
21930,10.689106495858468
21931,16.603293551578655
21932,12.964234610672777
21933,15.492603998450086
21934,17.154161114264284
21935,15.009938480910723
21936,17.550464375961262
21937,14.3836412572723
21938,17.677189137527705
21939,14.280431968645784
21940,21.129399620620212
21941,10.689497708214558
21942,16.916206213738892
21943,15.450933402305361
21944,11.997604007886327
21945,10.506772481898388
21946,21.54721060139575
21947,17.396005897986818
21948,15.062166501444715
21949,11.746761116386665
21950,13.487992647165079
21951,17.3709798173199
21952,22.519972809229387
21953,14.52233889355028
21954,15.350168879712882
21955,15.698250649216194
21956,9.486934956016759
21957,14.77594486253812
21958,17.59173372477241
21959,16.650019375201833
21960,12.386140812081011
21961,18.07435424214345
21962,10.518882499146287
21963,16.369210360415007
21964,22.39341174815828
21965,17.356291005510577
21966,10.596559803468882
21967,11.556892347068814
21968,18.43931953894925
21969,11.260682046643726
21970,18.802453979786925
21971,14.802966735582741
21972,14.704443458709768
21973,11.53179836994041
21974,14.224594659081083
21975,16.112672473519222
21976,12.81628483914634
21977,16.06899641771133
21978,22.727728049867487
21979,9.861221597066978
21980,14.993642654319556
21981,20.416613160730925
21982,12.191448344395987
21983,19.337400362251106
21984,15.010667514900643
21985,9.517201290319314
21986,18.570383303884206
21987,12.481455219103367
21988,15.768481887263274
21989,16.863213583574833
21990,23.52903899601916
21991,19.754784168529543
21992,18.4878158772747
21993,16.11036828778318
21994,19.409820757324177
21995,19.45149652249139
21996,20.036113269078186
21997,13.479670135252068
21998,17.876295670460408
21999,11.004012170049172
22000,20.49811396194773
22001,14.619840709343189
22002,12.23951794139471
22003,15.896832979460296
22004,10.731838534095973
22005,18.41340450119946
22006,17.961113303301612
22007,16.948010985304023
22008,11.127167169247194
22009,17.903578819027715
22010,11.32900740583144
22011,19.68443323737829
22012,12.85915666856928
22013,18.817615639041104
22014,13.521707745980429
22015,14.991725749089154
22016,13.309745095282004
22017,11.177717549772119
22018,12.437498423026309
22019,11.611415018069803
22020,16.34451655190852
22021,15.488776326809491
22022,19.988922718221907
22023,17.225201770630463
22024,23.571503531221392
22025,10.33735069136982
22026,16.481618769676217
22027,9.750351239443876
22028,22.70535268506567
22029,16.499453579904838
22030,14.68311432487714
22031,13.772358946304093
22032,17.13304823750238
22033,18.597907687321154
22034,15.289815563567359
22035,13.182136450430505
22036,13.376508331732012
22037,17.819067225317294
22038,12.901010467825579
22039,14.134163963766733
22040,12.283110020679542
22041,11.71868351923506
22042,11.312300754672652
22043,21.766915369449798
22044,18.074531028654917
22045,21.495929355030963
22046,20.59030329844425
22047,19.390150632920253
22048,16.57129841502453
22049,17.996042604561893
22050,13.204999782745206
22051,18.873674110273278
22052,21.5557201924308
22053,18.827160678250102
22054,18.09943096303123
22055,13.687624193254251
22056,14.59174573570873
22057,13.581807608342533
22058,10.867175171171187
22059,16.62514993238448
22060,11.147747840228202
22061,17.524993317455205
22062,22.582605530111238
22063,15.707010833999018
22064,23.1110210236113
22065,14.41303693580894
22066,18.00226890630581
22067,17.974735879221743
22068,14.331228019032704
22069,9.922889858898898
22070,11.379878257627421
22071,22.56794837488352
22072,13.483423942631273
22073,14.37335594217993
22074,20.292085828112466
22075,13.885381852832117
22076,17.119738292594135
22077,13.157827352397238
22078,7.7811574568800195
22079,19.537439744041052
22080,16.496411702718436
22081,14.399805893221421
22082,14.196695895027851
22083,15.661072214624458
22084,15.033772672508375
22085,17.21337352819605
22086,13.388862995115554
22087,14.248491842343114
22088,21.308389834201225
22089,19.36010608103272
22090,15.740060945426547
22091,16.50093246929776
22092,14.467482921919203
22093,14.900658747205213
22094,13.682828853480288
22095,15.32589528222767
22096,10.898835688005622
22097,18.62856496652777
22098,15.262608530669045
22099,15.814350184538347
22100,12.97668752842186
22101,11.917290068878525
22102,14.366285972692763
22103,13.875516496626044
22104,12.011057545336097
22105,14.708956069051144
22106,15.570863111501934
22107,14.111892756033708
22108,11.369017172964988
22109,14.098229369972273
22110,18.745260924011614
22111,24.258135172298545
22112,13.830907683116354
22113,17.76970571872349
22114,19.241396802776567
22115,13.499354446577044
22116,15.481117410307052
22117,9.853247345063075
22118,21.81127368636735
22119,15.146362819047432
22120,18.591155227388896
22121,17.034922565326845
22122,15.40340585400555
22123,9.614686881058997
22124,13.681842663773105
22125,13.482200656652061
22126,16.77318144488358
22127,14.378347250903976
22128,15.644649032604331
22129,11.226466800192894
22130,10.718003179025033
22131,13.942035366029408
22132,22.812386850264414
22133,12.249110432572945
22134,15.793251766295665
22135,14.6366921520988
22136,17.829904897403075
22137,11.784237095700803
22138,17.636081545479044
22139,16.902872237556476
22140,16.403987639886275
22141,20.323562523245542
22142,12.988371472457466
22143,15.077946341472504
22144,15.116092028066568
22145,15.875460475411279
22146,11.798880720040176
22147,14.541736091515952
22148,15.069221460717184
22149,18.1479858229372
22150,11.943229541228021
22151,10.85430976768508
22152,22.197446702977548
22153,18.43782994791572
22154,12.06444581080723
22155,20.9323279459488
22156,14.18394105080908
22157,15.302187436404825
22158,23.107212119918536
22159,20.352477974627696
22160,12.224301598701102
22161,13.720135011883427
22162,14.13059729657917
22163,15.323091033127973
22164,11.97846476265531
22165,12.586489792465766
22166,17.87489545588619
22167,17.642484363375303
22168,8.4620979946267
22169,14.938784326859654
22170,14.266202570728746
22171,17.191767823515395
22172,10.912171445719412
22173,18.005284950839304
22174,12.748520284551237
22175,13.629846490468285
22176,17.084308574017925
22177,14.221253933849463
22178,12.470474170809945
22179,14.325876849955513
22180,14.836767693827323
22181,13.804550647177685
22182,20.072823149484623
22183,17.854810517471797
22184,13.087695461604262
22185,19.740916821467536
22186,14.705905941325168
22187,13.417183837070834
22188,11.394092781827293
22189,18.98171351527354
22190,16.99283328070026
22191,17.941705658680675
22192,15.911446087711587
22193,12.755426720403229
22194,15.11096000774799
22195,20.87106723466637
22196,12.634986394161775
22197,18.89757634616334
22198,16.060029570209725
22199,21.534929412489358
22200,17.839490149803297
22201,14.91318661361771
22202,15.228769429034255
22203,14.513039444573565
22204,17.383329080590862
22205,16.779213282394988
22206,13.69192764850898
22207,18.452521236756013
22208,15.06116995085539
22209,10.32364687568711
22210,14.32783510034136
22211,8.967052160345439
22212,24.028684433939006
22213,13.256513509877774
22214,18.94741738542529
22215,19.043961642141507
22216,15.613363599652912
22217,13.51961741066461
22218,14.011683837103904
22219,22.91620562738695
22220,16.631474148988634
22221,15.784787287641455
22222,10.905367737205362
22223,15.988423800057337
22224,13.721021874745983
22225,13.045875148662187
22226,7.820712377955323
22227,14.622822702265392
22228,11.64187800772526
22229,13.225696672268679
22230,15.27233824513269
22231,11.770520823477838
22232,25.194615019802164
22233,17.586016868532134
22234,16.0415450877952
22235,11.859745380346425
22236,8.239436312851897
22237,14.075101873431374
22238,9.401573697796987
22239,13.693007106643332
22240,14.407853475172832
22241,10.920636434074018
22242,15.610596072716525
22243,16.75331324213053
22244,13.125579088861787
22245,17.784865561097085
22246,10.807272270531133
22247,12.416513187706885
22248,16.191233766417167
22249,15.065179052989867
22250,18.3804435863036
22251,12.443806721893024
22252,16.061796667711267
22253,13.745492499569014
22254,16.67798844797909
22255,14.253054186746516
22256,14.948832231190678
22257,23.702461664610006
22258,20.93757134318166
22259,12.562707331055567
22260,20.017665722438608
22261,22.532783744487475
22262,13.723445155817707
22263,21.474935583933792
22264,15.540807987822275
22265,15.058973380702795
22266,19.14413189065909
22267,13.934077428143036
22268,13.842775009600281
22269,13.289152819801338
22270,18.317537161720136
22271,16.51003481692168
22272,7.561323885151736
22273,18.001305819777667
22274,9.03284909934256
22275,14.003580453875124
22276,19.095504835948052
22277,15.24513670643669
22278,12.874877794732244
22279,13.003205563679781
22280,15.234165893968028
22281,19.374246773117783
22282,14.921601357567233
22283,16.695802003917308
22284,13.554954184948762
22285,14.496423872505815
22286,25.755972536041238
22287,13.351119371976846
22288,17.024620831021615
22289,18.422037249421017
22290,16.85511729558811
22291,16.54882445337902
22292,19.772181735325127
22293,15.234839269462135
22294,15.280882450063624
22295,12.056192202612802
22296,14.166498950961437
22297,22.0509822378024
22298,13.261145774480589
22299,18.19773684300735
22300,18.891988008471586
22301,13.496075610779853
22302,11.86846280342186
22303,18.536467736279484
22304,18.951270815136382
22305,14.605583403292199
22306,16.253013895266115
22307,14.491933539490827
22308,18.723673405145348
22309,23.218328394920906
22310,23.438785712023282
22311,14.304055695408486
22312,15.528642764232517
22313,13.556761237779646
22314,18.141497383049177
22315,12.319994200125073
22316,19.022834052053092
22317,16.70724182655615
22318,17.416192968937686
22319,12.276766391072556
22320,20.51451750598207
22321,18.586062338354115
22322,21.21452944000595
22323,19.899199762204635
22324,16.365668771888764
22325,15.1618561827203
22326,16.833313000238704
22327,12.802144311284877
22328,17.73844762828711
22329,23.16082059199192
22330,13.696802513249871
22331,17.07462155402121
22332,17.00717632067392
22333,16.459537419592817
22334,13.502207063771905
22335,17.134097705285413
22336,22.011267862870625
22337,13.846374373764519
22338,18.856390563289168
22339,14.34302778485669
22340,14.894748714795758
22341,13.297129195733756
22342,17.710870433735085
22343,17.830568277922623
22344,13.003776736298644
22345,15.553256061476475
22346,13.33057702656533
22347,20.06544865477609
22348,22.121225633670086
22349,15.052736856686117
22350,18.691191814805286
22351,13.342312917313873
22352,16.682201748647547
22353,25.40243915515659
22354,15.327238862979893
22355,14.274264933246492
22356,14.861831682266327
22357,12.055636898547986
22358,12.007852176017973
22359,12.779934243317607
22360,12.97210984301382
22361,14.743041352214952
22362,16.429036578845448
22363,22.46375609926644
22364,15.507335252635787
22365,9.578180368122753
22366,18.403270657402174
22367,14.529844958011942
22368,19.504493458767136
22369,15.387946333487378
22370,14.539239740515573
22371,18.79561326595068
22372,19.339602182745818
22373,11.607264395092418
22374,14.013966924730534
22375,18.290551538785262
22376,16.725703337487552
22377,9.617620752151518
22378,16.606300910564446
22379,18.555849870768824
22380,13.250122618852966
22381,12.0174438672509
22382,20.561059408315728
22383,18.882111860494593
22384,14.297848634068139
22385,13.07937077539523
22386,20.828837439898187
22387,24.047880497329807
22388,16.535601410523324
22389,21.41605093994643
22390,14.779956075186721
22391,18.236654298640534
22392,20.16759179161354
22393,10.368619837135741
22394,9.643105945363606
22395,10.850581451824091
22396,19.423823434675395
22397,14.79174450437584
22398,22.604249539544337
22399,16.815883672652525
22400,13.864313933239412
22401,13.705852083960878
22402,13.215584092393879
22403,17.37153514246956
22404,24.09851782248728
22405,20.313651074658235
22406,11.996288282596414
22407,17.816918898415793
22408,19.228771062082476
22409,22.646167188629885
22410,15.520755364050991
22411,14.78824080317931
22412,26.687894094205745
22413,11.26255748629913
22414,12.049454121436781
22415,16.515695020825117
22416,15.686907333095121
22417,20.955246017899174
22418,14.589415849004183
22419,10.252692407654834
22420,9.587479058993848
22421,14.40427801987267
22422,14.151500331849732
22423,13.336974430738367
22424,11.192242648768225
22425,14.624507477811804
22426,16.307304433086856
22427,14.637419030718918
22428,14.340735689664571
22429,22.179162228902534
22430,10.601815362451319
22431,12.350644900407941
22432,11.948926381803606
22433,15.38941880267593
22434,12.024870188886572
22435,14.547517520789334
22436,20.963646848970036
22437,16.71970382776272
22438,17.021894821993452
22439,13.742597212381641
22440,15.395068053088243
22441,12.939820688297525
22442,19.03130466714201
22443,16.607555505426483
22444,12.570616176213214
22445,17.43585305994818
22446,12.036316573257132
22447,13.379573595275726
22448,12.145237006570284
22449,16.02794517356887
22450,18.849081958654146
22451,11.485546486434506
22452,11.491474576133513
22453,15.304843700523518
22454,17.741069279296816
22455,11.829093336747995
22456,17.75878401631042
22457,17.164484322743725
22458,13.66940566451177
22459,12.750007668767534
22460,19.602290705551482
22461,15.790252437576132
22462,17.236652522737803
22463,12.225040823969056
22464,20.84807174948457
22465,10.500688443129194
22466,12.327013727053364
22467,17.267273879723056
22468,14.932166835075527
22469,14.45207655515711
22470,18.70094484581191
22471,14.78773518178965
22472,14.172275849124826
22473,10.610260566862447
22474,12.744917598631481
22475,16.740028400887063
22476,17.497222091962595
22477,23.84352234779457
22478,12.99154293180074
22479,11.768449481569686
22480,14.802642006159326
22481,14.824477667773765
22482,11.059541709325508
22483,12.759439002436658
22484,15.91217284136153
22485,11.167161027435267
22486,14.614067828037697
22487,15.11319248776561
22488,19.545132361649085
22489,15.867133335832154
22490,14.071222751581466
22491,14.616300275306193
22492,16.185045586595145
22493,14.891450767133355
22494,18.965556577062117
22495,18.367207846304744
22496,15.372690676507318
22497,20.16248483077625
22498,11.718106019438808
22499,11.158066116054652
22500,21.004049223614107
22501,15.535412722854012
22502,14.536231598127959
22503,8.574343971099768
22504,18.92140140978404
22505,15.899502002189049
22506,13.670374671898609
22507,9.271863712620592
22508,17.93450960995184
22509,22.55474904946249
22510,9.648329508852376
22511,10.497133225864314
22512,19.998184436716016
22513,16.910965824380042
22514,14.308589501624896
22515,11.150366612687721
22516,11.094231887963758
22517,12.876782753111808
22518,16.24400078259655
22519,15.663020497900137
22520,20.130351400566656
22521,18.355947538638194
22522,11.04729078628058
22523,16.590741502703626
22524,21.36248480962327
22525,10.915946953534746
22526,17.961069161661932
22527,10.721903489353407
22528,13.399845104825815
22529,16.50927319764613
22530,19.427362011774022
22531,13.488507311796557
22532,10.83503446620037
22533,18.15521358151998
22534,25.59261856499014
22535,17.1259159722428
22536,17.42565919234359
22537,13.285429499327863
22538,10.626519531286835
22539,24.38735239658893
22540,15.069461787614278
22541,12.157074543555817
22542,14.810260888835018
22543,11.497402195891327
22544,16.275736255761643
22545,13.566295337684549
22546,20.22976788642481
22547,11.96961819543395
22548,16.022537972289193
22549,15.480722852862144
22550,15.639434066859794
22551,15.414234477981823
22552,20.031679793723043
22553,13.923065546954229
22554,15.933117574313924
22555,15.499610590439865
22556,16.182769810172875
22557,14.1513842072213
22558,11.219361512032027
22559,14.890327140188596
22560,17.535032402737585
22561,13.327367293192262
22562,15.69826222991896
22563,25.643742587321068
22564,21.236815659049142
22565,14.037844287073023
22566,15.300537405349006
22567,13.27225159562462
22568,12.51367151713582
22569,12.482398038476212
22570,15.066212315846274
22571,9.99048910959193
22572,19.40202759285883
22573,14.518041907685454
22574,14.916425897449516
22575,17.714602547651587
22576,16.28871355183738
22577,15.019312396725208
22578,13.75116084883147
22579,11.812587276403054
22580,13.582996491132052
22581,20.32583348002178
22582,18.083236135280195
22583,15.542802401984748
22584,18.79385884121104
22585,11.227072509168906
22586,21.63212911358776
22587,20.60024566801009
22588,18.705229519813408
22589,14.627142348243746
22590,14.598923903956148
22591,13.177559745533829
22592,15.51991732014629
22593,12.938859466329003
22594,12.886434661661614
22595,13.651043713809013
22596,10.151585308195333
22597,17.839594047461052
22598,19.360646457400563
22599,16.717213891842448
22600,10.092322013867303
22601,9.692626473323907
22602,11.299330103871938
22603,12.346288400561539
22604,13.31736745221096
22605,20.000492703524692
22606,23.774501583008767
22607,14.51891928133753
22608,20.96101303282716
22609,17.05091655448055
22610,14.254602737376326
22611,9.115487208821243
22612,20.335809269405324
22613,10.212883059438004
22614,16.873382699600445
22615,14.84085630745053
22616,14.24731423512086
22617,24.650299764282565
22618,14.288722349983615
22619,20.523829416180057
22620,18.528282772810627
22621,14.319209251671161
22622,10.914509250396982
22623,15.696077375396357
22624,18.16381396491527
22625,16.271878622122323
22626,17.028402520373746
22627,13.532872153241833
22628,11.106888698215997
22629,11.770284414500804
22630,18.069423295525542
22631,18.750659679298728
22632,16.99496166415473
22633,16.67164373952133
22634,16.62888949288181
22635,11.309026330262894
22636,18.441112210668805
22637,11.758866781958227
22638,22.21809356176181
22639,13.364963252439733
22640,14.030648736672555
22641,15.947034577828074
22642,14.086150045221773
22643,17.924623050450244
22644,18.293647790196687
22645,13.79480982036324
22646,15.331085421804577
22647,13.934519585039013
22648,16.61779729853079
22649,12.511446674944082
22650,17.942419833561132
22651,19.092999057179348
22652,18.08820531514288
22653,15.039246793418968
22654,14.754935506417493
22655,12.797492760106449
22656,18.59948493011251
22657,10.145610902993148
22658,15.229582552851076
22659,13.707360934510692
22660,11.86061692410158
22661,20.001626851501285
22662,15.30998537664231
22663,16.4363382663036
22664,13.68071887591747
22665,14.696880314484261
22666,13.557240434020512
22667,16.811615020887455
22668,20.81679860214974
22669,18.586918189617144
22670,19.900457786034693
22671,16.57757467127547
22672,16.11380179578406
22673,16.656985445016574
22674,11.717303487269042
22675,20.34442777811941
22676,16.213632403284926
22677,18.056994189060326
22678,16.331431681726887
22679,9.362047522734084
22680,17.318886803139485
22681,12.914199597199545
22682,24.094334981742584
22683,12.62200740224383
22684,10.786500666537071
22685,13.618412353520737
22686,15.36069593703237
22687,10.647330219261853
22688,9.484148130617521
22689,9.238458652272008
22690,17.17727755586996
22691,19.182784276651645
22692,13.524669607387516
22693,12.223381841651946
22694,14.672857131309126
22695,13.090089393573336
22696,15.380709696056588
22697,14.492279462344724
22698,17.995360580022172
22699,17.923907784667154
22700,14.233598230721162
22701,14.91378882608524
22702,12.88991111443071
22703,16.04810659168605
22704,12.751065663329992
22705,12.635438014193001
22706,10.523290512636677
22707,17.449280973388753
22708,16.120719156545462
22709,19.261937499010926
22710,15.296512054573768
22711,17.221932548447576
22712,13.16938647803281
22713,16.337323159068827
22714,25.744283722174742
22715,11.804365027050169
22716,16.11164834699772
22717,18.644832879330885
22718,19.640690685865344
22719,16.65340477648149
22720,25.36625581131954
22721,15.482941627807678
22722,13.50803896343344
22723,13.29840062864993
22724,16.373754580921865
22725,19.95735956621826
22726,22.12154498251582
22727,11.929937574230301
22728,12.961908162087969
22729,22.601093192027488
22730,13.16207846378559
22731,17.826394331560607
22732,17.067347196857497
22733,16.088372287772174
22734,22.74689427137651
22735,17.846514588894856
22736,13.905991767389903
22737,14.161079532812105
22738,20.399673756989497
22739,19.36466177508474
22740,12.071495240523868
22741,14.236952464046107
22742,15.09570090775178
22743,20.93593145039609
22744,18.448282725523036
22745,17.106280991266352
22746,16.470952593293163
22747,16.028550227407553
22748,11.001878766614766
22749,20.160863624612247
22750,12.491428241179332
22751,16.27659095859942
22752,22.176783710530515
22753,16.461385621780728
22754,14.676699909141412
22755,16.2001682526574
22756,17.382324274475387
22757,15.55675572784526
22758,11.545084433137161
22759,15.876568270382409
22760,18.1004116450869
22761,18.601946217843242
22762,11.267868137700916
22763,12.290037671299132
22764,15.84419732312002
22765,17.236887017715972
22766,18.741615068934887
22767,14.68565871181661
22768,9.90287848984486
22769,13.02949190570149
22770,8.354846672208675
22771,16.00730668637929
22772,14.7096837055083
22773,16.08938563110612
22774,10.972263891206433
22775,16.08907295245531
22776,20.314866341094383
22777,14.160774720604135
22778,13.382564034830242
22779,14.252648787713326
22780,12.858223051581406
22781,14.913013860862876
22782,14.189735941109092
22783,17.066921404257982
22784,11.037658614860263
22785,15.72384691418649
22786,12.842837669032352
22787,18.550810035357557
22788,21.725366544225384
22789,10.933632911624063
22790,24.263309539726343
22791,14.441449650225827
22792,12.094467200212357
22793,17.991720448682074
22794,23.342611640481845
22795,25.50305938227311
22796,18.041875092619875
22797,12.070656382749517
22798,15.815048706415187
22799,20.283890629764826
22800,11.25004221056716
22801,14.370234083503558
22802,16.91504117866822
22803,21.793630367683424
22804,15.859923371946316
22805,14.173996826848434
22806,20.19498342262765
22807,19.12209956475642
22808,13.620584670780444
22809,16.82325846821535
22810,18.15058281636921
22811,13.08030782986261
22812,15.703350468197417
22813,17.937269813652435
22814,15.076848348264058
22815,13.144982694544895
22816,18.388754148980592
22817,13.729103257719832
22818,16.899298432181396
22819,17.20496044144185
22820,19.928381701736196
22821,16.360482077662677
22822,18.545564017685777
22823,12.311133133469944
22824,17.380982333398368
22825,10.063482136612329
22826,15.879171443468824
22827,10.264226001083763
22828,24.56677560092229
22829,15.50423341473276
22830,9.447002059937507
22831,13.050349228482448
22832,16.831901634251253
22833,19.07827590048459
22834,14.96977179814423
22835,18.106110713266787
22836,12.979369471186889
22837,11.967926321655899
22838,11.248536432934714
22839,19.26641020156845
22840,17.880897734422902
22841,12.37738572189399
22842,19.384469509879423
22843,19.298432356138616
22844,20.152133509287758
22845,8.682961443682593
22846,18.955405079108495
22847,14.586581791594678
22848,15.434132418877457
22849,20.668983767937505
22850,12.210536548775137
22851,15.473065492454731
22852,24.163840257831364
22853,13.415524976319352
22854,15.93988860854919
22855,9.05539320264386
22856,21.762925442940755
22857,14.913778315220128
22858,13.310704167279102
22859,12.245393532334157
22860,18.70047201399349
22861,20.665193651607034
22862,15.927602416251279
22863,11.306160937670272
22864,13.698713512949375
22865,13.788051209704923
22866,17.175764005687327
22867,19.4896460917475
22868,17.036715320769623
22869,13.86348290404764
22870,21.350017362162756
22871,13.348413933985443
22872,19.056055734624188
22873,15.55805630471502
22874,9.355566896684504
22875,18.542819959009023
22876,14.55727124452645
22877,13.272255662846682
22878,21.13698228607522
22879,12.399649790386583
22880,16.065811182010563
22881,14.475215394287625
22882,15.210788040178834
22883,13.138567238503445
22884,13.060460511982473
22885,14.409271654113962
22886,20.715235253150645
22887,18.478748827340933
22888,14.268914693207282
22889,16.006388810766612
22890,19.53033263454815
22891,15.499355497491042
22892,13.8105060876569
22893,18.374262054546293
22894,15.30847335698662
22895,16.332490842195647
22896,11.32461586325519
22897,20.702680723358778
22898,16.67813861991664
22899,13.591816362683037
22900,13.645006298946146
22901,16.69858575684185
22902,12.1484096316157
22903,12.586463212224148
22904,23.49945404408065
22905,13.082800360772282
22906,13.898869789517605
22907,13.009971132112842
22908,14.602404910961155
22909,12.336640775932448
22910,16.01923591483881
22911,11.782032239044472
22912,18.43372023187169
22913,19.318028638992992
22914,18.2959325615762
22915,15.08722597428136
22916,12.497213478322369
22917,14.55667446453113
22918,23.491884749500684
22919,15.795424810747086
22920,19.49575954203181
22921,16.160983702861135
22922,18.680829183969234
22923,22.304517145286127
22924,8.881095885792522
22925,18.791748767244453
22926,18.349304893536264
22927,10.696833474479599
22928,18.825561123467093
22929,18.662988289713923
22930,16.216117783485
22931,13.927838435620206
22932,17.74194415761654
22933,15.257509897280684
22934,14.37767418844292
22935,15.186319605392715
22936,14.927770134271483
22937,16.27516703451088
22938,16.61310946182272
22939,16.123274503484833
22940,20.635133702477763
22941,15.043051548559596
22942,7.262610148373516
22943,15.47217474310054
22944,14.606418148342406
22945,16.728890695163848
22946,12.685884338957798
22947,18.429605171697844
22948,18.936167713999637
22949,15.765794856487942
22950,18.1839282533303
22951,16.8460043909416
22952,16.171850701900897
22953,18.329352270919202
22954,16.702570887072817
22955,14.144522753217291
22956,15.249437439050498
22957,16.378710319589178
22958,18.94868862983866
22959,13.317790951548385
22960,12.246760910633476
22961,17.616690566333276
22962,18.632591661253045
22963,13.830791929092392
22964,16.989776692013763
22965,25.07163622141263
22966,13.69821922555709
22967,23.9375338856022
22968,15.928977678056393
22969,19.98082683945467
22970,15.813734447861503
22971,22.759357282027825
22972,11.739996050746607
22973,9.097948171721931
22974,10.980996124681596
22975,19.15240343197997
22976,15.7574072335311
22977,19.579419406535177
22978,17.917801467874558
22979,20.76667755856536
22980,14.22720325120862
22981,16.260835383190603
22982,12.601271109666769
22983,10.14567796224908
22984,10.312472888219855
22985,19.454769343346562
22986,16.652619176119476
22987,14.364992709088735
22988,14.09814909971305
22989,10.895168329696762
22990,14.679609580093471
22991,15.568430784817478
22992,18.869922653054743
22993,22.17614425273718
22994,19.52793103340986
22995,10.29702263885931
22996,14.95275407903754
22997,13.211848503878016
22998,9.273281233411193
22999,14.790043574764912
23000,15.684444361486863
23001,15.299145206334414
23002,11.824321298141756
23003,17.576575128109006
23004,15.0700266978426
23005,13.898530705065873
23006,20.730097938326374
23007,18.563776443838293
23008,9.912689886351908
23009,12.662460293425049
23010,17.684258430198682
23011,19.932736790973998
23012,18.170554281210002
23013,17.10434441597541
23014,13.06772075080626
23015,10.20834220677477
23016,22.605559692651408
23017,16.89183934537662
23018,17.29789066101796
23019,19.86483584334202
23020,24.87677202138024
23021,21.474663915377604
23022,20.86557889088374
23023,17.769360583091494
23024,19.767203576178154
23025,9.773197959325813
23026,11.174742827884645
23027,17.746129553482454
23028,13.578486710486533
23029,15.157307442022663
23030,19.252541752251453
23031,18.18705604723704
23032,17.218013370982245
23033,11.927806772681656
23034,22.787261341966815
23035,16.333544151936206
23036,16.55323594958147
23037,20.60964266091773
23038,18.846831513432193
23039,14.873771409556893
23040,15.59495658330529
23041,20.829155497449324
23042,17.18420882913334
23043,16.71669879479878
23044,11.686066882061542
23045,14.758369676866646
23046,11.278359234755163
23047,13.309559268725547
23048,11.871697804152129
23049,19.87011519112223
23050,12.270338913138023
23051,23.172700792059047
23052,13.205113553428342
23053,14.11364469761497
23054,10.245187649919082
23055,23.923275917063684
23056,12.659794542084795
23057,19.551979306227864
23058,15.280074529921482
23059,21.04753249565006
23060,16.31173290848537
23061,15.037968162668308
23062,11.880768135952051
23063,13.196033891709309
23064,19.972971493399804
23065,14.829519154489825
23066,15.892307486665649
23067,13.190858548410308
23068,13.199850655355927
23069,13.476594994968409
23070,18.31312641076888
23071,12.817507598775572
23072,13.436383037340638
23073,18.316734841802663
23074,19.10343373927465
23075,17.464797109968785
23076,11.698360936470383
23077,14.713606792103144
23078,11.611581032439005
23079,20.971973611851077
23080,13.20640712241018
23081,17.850413703297743
23082,14.283117039442857
23083,16.804186746825387
23084,16.635427094930623
23085,19.771585874157267
23086,16.663435984980175
23087,19.333667936975033
23088,11.32377833832902
23089,13.232043378504152
23090,17.2269571703517
23091,12.12648705846879
23092,13.046388330331112
23093,13.605929483177366
23094,15.964877385076052
23095,11.950837745987148
23096,17.170275266078523
23097,14.771358333869738
23098,17.80829530203923
23099,9.532107327058927
23100,12.301007839753304
23101,13.886605173159824
23102,10.03088809779624
23103,10.410802494448163
23104,17.498517376545802
23105,13.080313480886257
23106,17.960229634908984
23107,17.618612988681924
23108,14.704342035008231
23109,14.009107556453124
23110,11.466844898265657
23111,13.819710132516363
23112,16.43335982893683
23113,14.60585923980845
23114,23.76539318542231
23115,21.995698013250177
23116,10.348470144486425
23117,12.606911089889465
23118,23.072520226485704
23119,13.000149578276098
23120,17.212623030372015
23121,16.692034883777815
23122,11.66348661852017
23123,13.81056075557558
23124,14.188655084016656
23125,16.884015944552733
23126,14.590227092947678
23127,15.896899453357673
23128,13.717523648101515
23129,24.565926881181632
23130,18.831035392350422
23131,17.869874465536327
23132,17.475571000004503
23133,16.494840314459317
23134,16.366512448879032
23135,20.16970083876888
23136,14.389029878340143
23137,13.408687683765809
23138,18.214804814206552
23139,11.427452891035529
23140,19.360225890584974
23141,11.109276277021792
23142,21.79388212921954
23143,12.833163651710343
23144,7.6819505870306335
23145,12.72185753582637
23146,15.561447848496153
23147,14.21249712618087
23148,15.547440747354837
23149,9.487912423564183
23150,17.559241648275005
23151,13.16658095765703
23152,19.145777623039145
23153,19.88593066946076
23154,10.923032457627635
23155,13.445250436926816
23156,17.342009805390312
23157,16.631446319580576
23158,18.193224167013717
23159,16.84279919732936
23160,15.18383224469087
23161,16.11241260124473
23162,13.147673149882436
23163,16.774580144998374
23164,9.368187220795333
23165,13.334448647014458
23166,10.975284572994052
23167,14.106423828002697
23168,14.34757185682546
23169,13.705539811770258
23170,18.122982456611407
23171,13.773956391184647
23172,14.995960732309708
23173,13.39694633784707
23174,12.243749620292553
23175,17.63380873319751
23176,14.412330324225234
23177,21.429173799136706
23178,16.816776140591898
23179,14.736042728946668
23180,16.335191978671165
23181,8.925306854603393
23182,20.074575708373494
23183,19.19633507128232
23184,12.034170532752011
23185,8.325773605763661
23186,19.229201469564007
23187,7.330831084186777
23188,19.66758308648619
23189,17.384540133242147
23190,13.672364603308068
23191,14.08855699177172
23192,11.350436484541166
23193,15.364959116423805
23194,12.935923122973668
23195,20.803282058231417
23196,9.254178220824953
23197,19.89101751007234
23198,17.383109047155024
23199,11.514571870718587
23200,9.684499595416753
23201,12.464548556891225
23202,13.922913108611708
23203,14.331756498151176
23204,18.90509745994092
23205,15.910099484402235
23206,14.631388258236136
23207,16.383279221418313
23208,19.091369526565387
23209,18.946160271876145
23210,17.19107404217878
23211,14.142864224212172
23212,17.833990997220603
23213,12.006503213726846
23214,18.41067167164175
23215,10.380992313904287
23216,18.826069047768566
23217,14.303101257499307
23218,15.133987884302597
23219,17.028476094498963
23220,10.185288961831152
23221,19.436063964377652
23222,16.56685895224488
23223,17.934334481918242
23224,15.964412613328347
23225,15.553539358607281
23226,16.012609238690082
23227,21.20783539048677
23228,13.725911784842598
23229,12.530659854673747
23230,15.034460728185826
23231,15.149689546154512
23232,11.497042212317794
23233,17.287200935207984
23234,9.914842530553736
23235,21.437771997914247
23236,19.739598481055488
23237,13.638049839189941
23238,15.754552278140327
23239,20.693468854236418
23240,10.523230543979817
23241,16.3859534373701
23242,15.294600293563951
23243,14.756878521323417
23244,12.525604371482112
23245,17.41028188429634
23246,16.5060703218955
23247,11.581426770614748
23248,14.602135922924623
23249,15.063862681326855
23250,17.732524977843468
23251,22.732989418459386
23252,20.755465680619785
23253,18.90154728312842
23254,15.566020407426763
23255,13.61914965887316
23256,20.669743718426272
23257,12.217482291893576
23258,13.351803923265575
23259,19.87828949083096
23260,12.972655522450829
23261,21.3425297195082
23262,14.945664570023993
23263,11.481433011728685
23264,17.703671530450002
23265,12.221434288236889
23266,11.604979703924053
23267,16.2823638891964
23268,14.170403688912055
23269,14.8781301867783
23270,13.902069780730763
23271,12.297468685295664
23272,12.039721147401824
23273,12.864855814712234
23274,11.993258606618456
23275,9.004487754285556
23276,19.600601420700244
23277,17.55706032643201
23278,13.075669511288094
23279,17.180821326459554
23280,14.714114004181235
23281,14.049585292811663
23282,17.28806149328279
23283,20.870802786885864
23284,10.21523391769354
23285,19.787450361941254
23286,10.610530349954097
23287,17.803851970017597
23288,15.637141817655415
23289,11.920165171352988
23290,15.240528176499609
23291,16.91479448996176
23292,18.667681463986632
23293,11.699262283740957
23294,13.573536406279766
23295,12.764693204688017
23296,14.78716183234945
23297,20.65316334716954
23298,17.428581903215836
23299,8.057159564877532
23300,17.004542850825544
23301,19.65770037343195
23302,16.738589965415677
23303,11.379908430810051
23304,17.865931276299683
23305,15.672768599931647
23306,15.241287148356834
23307,13.296211522473168
23308,16.60392256666797
23309,13.900628466601784
23310,18.61374368422263
23311,20.74886695879346
23312,13.388131539543021
23313,11.220107547647947
23314,15.57899601293385
23315,15.533822255243944
23316,18.92286786576129
23317,18.118656428326773
23318,15.79388206343279
23319,15.724273151089793
23320,10.703382284607395
23321,13.098352964163716
23322,17.721636301121137
23323,19.23568502148673
23324,15.656108041057774
23325,11.82773032103238
23326,16.744518972197604
23327,16.10243381152786
23328,11.61543859580824
23329,15.32407272632685
23330,18.117108870822292
23331,17.557883567717607
23332,20.339020658803314
23333,15.300239727795674
23334,16.89593688085843
23335,11.010579750098698
23336,13.830360640574156
23337,11.48163933824729
23338,12.77223408026121
23339,15.776051943684996
23340,9.736759598986056
23341,21.907848676894517
23342,14.973676036235391
23343,14.78594072667514
23344,20.34763781858583
23345,15.702385211703998
23346,18.913059593484828
23347,12.796559273015095
23348,19.523562940635124
23349,21.30481590872501
23350,17.29838160152151
23351,19.005033873798375
23352,11.509226138441678
23353,10.598301206881835
23354,11.852296389231842
23355,14.383204454765686
23356,17.363707231090274
23357,17.21165938538969
23358,11.165719104587463
23359,12.870896996170494
23360,14.226559996233357
23361,11.288379640071891
23362,17.723794809167416
23363,14.661758013584503
23364,23.007924106093334
23365,19.421716598198746
23366,19.760366033785136
23367,12.440942692929411
23368,15.749331998771133
23369,20.669026554079753
23370,19.62633352230231
23371,13.582646622238528
23372,12.67706445706333
23373,15.857884992838091
23374,13.527980782680915
23375,7.402767557668498
23376,23.140468244219598
23377,14.11501596634178
23378,16.906054322012857
23379,16.76531664901409
23380,16.372617575573166
23381,11.109298927962257
23382,19.491050927806977
23383,19.089329735131045
23384,14.288992670315725
23385,16.695068274420514
23386,10.77082661197704
23387,16.00622639707246
23388,10.410203230568158
23389,17.81514378537688
23390,18.55811065991083
23391,17.52659721214945
23392,19.42205708990928
23393,19.934137309239492
23394,9.340140031246776
23395,14.440966083656756
23396,9.33483964411467
23397,12.257322474726251
23398,18.59293076307426
23399,14.368176782717823
23400,18.93883538990027
23401,16.01964649528885
23402,13.78418415016407
23403,12.081185252745907
23404,19.864835074761608
23405,13.215565919084588
23406,14.057239285525075
23407,12.562993240989279
23408,13.01439163441001
23409,23.51776309218795
23410,17.485056879237728
23411,18.345844828079336
23412,10.84484458271932
23413,14.463164927576702
23414,17.64200856712153
23415,21.34445375321415
23416,10.136057918570932
23417,14.760258736414688
23418,14.139683670298412
23419,13.16129184795756
23420,12.877103381691931
23421,14.322910853998438
23422,14.280772954418477
23423,13.95816982913695
23424,16.420368907741995
23425,15.40954419643609
23426,11.979009913427253
23427,11.037719158375424
23428,11.026942548087256
23429,12.266579343211534
23430,18.747635485688537
23431,16.715678582953622
23432,20.964948720545898
23433,16.3933308912994
23434,15.873608798739454
23435,18.053726170147172
23436,13.893299073052962
23437,16.415759665271146
23438,22.89556492091396
23439,15.926324142051271
23440,17.329705661084468
23441,16.705686278888148
23442,19.310849648131438
23443,13.990858286084542
23444,18.629016234482613
23445,12.512006190061975
23446,20.251816725353642
23447,8.831827407080068
23448,15.139807477803013
23449,18.032877709061935
23450,19.839222855505824
23451,18.854172829178417
23452,16.26574258329412
23453,14.19581504782311
23454,11.208641270979495
23455,11.774461302291677
23456,15.696204726676285
23457,19.117493115075945
23458,20.690246410895288
23459,14.69171268178479
23460,17.905846872413697
23461,21.288397859569727
23462,19.58727942640147
23463,18.376554821049474
23464,16.06105349369295
23465,18.663933848222996
23466,16.424098756036006
23467,17.155558237974027
23468,15.158619037993407
23469,15.277358713491214
23470,10.836658454834954
23471,17.447645472145318
23472,9.70668128354843
23473,12.694900467623103
23474,17.00636064085864
23475,13.606680090091654
23476,16.01428912766091
23477,15.84575914621166
23478,12.810398072232012
23479,18.485921582139255
23480,17.024921491081884
23481,15.192508178499686
23482,16.758127882990642
23483,14.280540764008368
23484,13.05390974295862
23485,18.7516291663547
23486,15.505231451177185
23487,17.266822871587785
23488,16.420701065900825
23489,15.869476544094844
23490,13.145026900409484
23491,13.032942542059232
23492,18.568128345299083
23493,12.657469292455469
23494,11.591662036520532
23495,11.329068589223358
23496,10.112592773081154
23497,9.482795543092159
23498,15.603443900297611
23499,9.439752223728345
23500,15.579060942246441
23501,14.305373182049145
23502,15.308075611015683
23503,15.477970152363959
23504,14.35824630483479
23505,22.953018446935104
23506,16.12673122505304
23507,22.14651807707758
23508,9.152777964623025
23509,14.139469971039258
23510,9.370472244584331
23511,11.067997401292237
23512,17.374678613744567
23513,13.659745370199245
23514,22.937180270850913
23515,19.34162369624558
23516,13.98896222920488
23517,20.241095612820796
23518,15.183684250292409
23519,18.624846719509765
23520,17.118298366495722
23521,13.758449070688986
23522,9.543267855756778
23523,14.526435274715514
23524,21.191564522672536
23525,12.934151951878565
23526,17.53547650807117
23527,21.116149726117964
23528,13.424665575745923
23529,17.950648945244552
23530,20.124141886703992
23531,14.139617281905746
23532,13.467526629323425
23533,13.090783985649463
23534,13.046806284208078
23535,11.747040295836012
23536,10.52991414123758
23537,12.413015264159029
23538,16.276623362497155
23539,13.900412309600506
23540,14.92187000645297
23541,13.45533308798692
23542,13.675639618342618
23543,12.511010757577772
23544,8.587183576539859
23545,12.360145936603399
23546,21.15822262532346
23547,23.73539476079415
23548,17.20563225511674
23549,21.541631623070348
23550,16.280276545315377
23551,15.232672899519365
23552,20.706208139717173
23553,15.423504397595126
23554,16.63684701622625
23555,16.93095637850403
23556,13.268879001598489
23557,10.499414509508249
23558,18.100937029605007
23559,17.153826063343757
23560,9.56231824453085
23561,21.57111156099444
23562,15.301000563710135
23563,20.697401718284887
23564,14.03473336860397
23565,15.07948884738919
23566,12.487884378165175
23567,14.446421097088587
23568,9.228278906989939
23569,11.967520228449127
23570,12.877192612093445
23571,15.270569777731314
23572,16.662129225555205
23573,13.170738630240379
23574,15.685933551685117
23575,16.06499853175115
23576,16.824594436822508
23577,18.212641496260424
23578,12.08605408997584
23579,10.208341062206934
23580,12.82386588608376
23581,13.824255311185674
23582,18.59701882539487
23583,16.986689963645993
23584,17.26894168850437
23585,14.861486506254986
23586,20.852634612069963
23587,20.74056151918527
23588,12.69530505884907
23589,15.262342340609312
23590,13.32954020770248
23591,21.58424609461967
23592,10.171911237064073
23593,17.277667108225764
23594,16.93105933406457
23595,14.107184635004906
23596,10.211629927505623
23597,12.85435079816072
23598,18.92741634816754
23599,17.60568185527265
23600,16.517478226075205
23601,14.516110458168036
23602,19.021312563288376
23603,15.992440648298386
23604,14.168300841151277
23605,13.53424280520364
23606,12.554773377288656
23607,14.183639828737315
23608,18.72273952536461
23609,10.205098537978365
23610,13.626477809693768
23611,19.118744399834736
23612,16.836146120634723
23613,12.07771682914888
23614,16.030322175905717
23615,16.142748692552573
23616,16.668873382961387
23617,15.81718756702838
23618,11.232383723518238
23619,10.503987622132001
23620,18.361105525759797
23621,15.112630499941236
23622,20.216070428550726
23623,12.267684772806557
23624,16.52172262364345
23625,24.371482496732515
23626,15.582722823838086
23627,13.29897009635308
23628,13.013691042160678
23629,11.684818681455248
23630,17.802220662395502
23631,20.224209234799535
23632,10.63774635639544
23633,20.295082074048594
23634,12.368012944118146
23635,18.363564571526044
23636,9.849912184702635
23637,9.884527675975413
23638,10.77371397907769
23639,13.027406660180066
23640,14.666638606991862
23641,10.793852840785396
23642,14.987205620954184
23643,10.762863471726519
23644,19.0198817130308
23645,19.80789953463367
23646,18.33721585254552
23647,11.315467925360217
23648,12.018139440713975
23649,19.7376082525578
23650,18.780977146906167
23651,16.051517652827926
23652,12.402353785694789
23653,14.540884174034243
23654,14.105429759611905
23655,10.195326648287212
23656,18.379630580186962
23657,26.218036424073922
23658,14.814261305438354
23659,17.6187648036995
23660,14.599704941559878
23661,19.212258908180406
23662,13.197213137078188
23663,20.56531670193348
23664,17.114535113556776
23665,21.91308115016171
23666,9.763883033146113
23667,19.120473754018143
23668,20.79719687132372
23669,21.203110123466022
23670,12.484682925224531
23671,18.705796813935763
23672,19.962369235314114
23673,14.492604636343003
23674,16.522488822518994
23675,16.387614255777333
23676,15.9993336690413
23677,14.983081186996168
23678,14.547773843448157
23679,15.709885478214225
23680,16.862896813353775
23681,10.709256765926568
23682,21.22445149581688
23683,21.737644933113337
23684,13.780002642540694
23685,18.78357845110251
23686,16.43146430150783
23687,13.542068406477906
23688,9.751743422317055
23689,13.702215172999708
23690,16.31903709847491
23691,10.117968285260078
23692,13.05629415014852
23693,14.141767418167376
23694,14.70811973803758
23695,18.99137314368331
23696,16.577686035713253
23697,15.598574742299583
23698,12.389492799313299
23699,12.509732910264628
23700,14.526041006651967
23701,18.546183410523216
23702,20.88215414500827
23703,13.423444006623296
23704,12.943703307275026
23705,14.767647212063855
23706,10.619397149636331
23707,14.621384068398115
23708,20.260329056944443
23709,16.667879091861877
23710,18.156033202672596
23711,16.21804724991091
23712,18.428663243453503
23713,21.472912821379797
23714,11.93042311836829
23715,19.980195963623487
23716,10.1125856386412
23717,14.901838808314746
23718,10.276330737145678
23719,18.06579614735672
23720,23.01326634214855
23721,12.468572834849539
23722,17.18181157655823
23723,17.064979431490613
23724,9.154349050771344
23725,12.054227863530034
23726,10.507609540736786
23727,14.994455133214645
23728,20.98955306658246
23729,15.497619698954157
23730,10.857707294832307
23731,17.149681174718268
23732,13.45475669285701
23733,11.95808357391747
23734,24.10699674174652
23735,18.470587148266766
23736,13.53588324496772
23737,11.21632827065697
23738,13.782498564411936
23739,20.41188298170293
23740,15.66266114625605
23741,20.397904052188352
23742,22.444968880884808
23743,17.351921260430544
23744,12.748969650787082
23745,18.94582619019925
23746,17.478804631997434
23747,15.946632092076372
23748,9.452555530044238
23749,8.973391833058146
23750,12.402132179014743
23751,11.361704505921981
23752,14.960470832616114
23753,19.585634229524118
23754,16.542488829448338
23755,18.163894048770533
23756,16.465651978827744
23757,14.459457342504706
23758,14.902401705130238
23759,22.697900717019266
23760,18.303830627771426
23761,15.732241045386667
23762,15.911836036652872
23763,17.37974941544322
23764,11.960411110643072
23765,14.12762247466548
23766,16.260943540235566
23767,15.745239621413273
23768,16.169956134825945
23769,10.952191776841865
23770,19.912557255515445
23771,15.024449321533357
23772,15.736983589384664
23773,15.616932192724892
23774,12.677677823295253
23775,17.345320353319494
23776,14.613623473050026
23777,19.39447462571037
23778,17.37155067869828
23779,17.15292665538857
23780,20.457237372270935
23781,12.709735152440789
23782,15.999264069273774
23783,14.73666291585355
23784,11.41159087658597
23785,15.985000080905456
23786,16.31085653535133
23787,22.193571912047123
23788,10.898314567418678
23789,18.78671208587358
23790,16.821557702708624
23791,11.72282877629546
23792,15.333268335843357
23793,11.850457310548514
23794,14.601827955555331
23795,12.751312711898422
23796,14.711548024275864
23797,10.30516846042269
23798,19.5477196752227
23799,17.36143630322287
23800,17.329632971676116
23801,13.984894759121511
23802,17.237485681540495
23803,20.20259162578168
23804,15.51182023641467
23805,15.951964188340746
23806,9.958083682915365
23807,20.238889945193414
23808,14.966131832401036
23809,12.540308948762316
23810,10.855574938718217
23811,21.79485286841423
23812,16.773986701621933
23813,18.77315482264778
23814,17.008031498406417
23815,12.653839465769867
23816,22.166966617265462
23817,13.849168563766176
23818,16.953327055160514
23819,16.266947906846674
23820,17.41615337245175
23821,15.432990991762626
23822,12.758646222006536
23823,14.935596035308219
23824,11.995511064599233
23825,12.46073708901696
23826,17.011216806295355
23827,9.442040812690152
23828,16.05773973924811
23829,23.29163211011845
23830,14.919925555242411
23831,12.560850048862667
23832,15.185745641792337
23833,14.898221432140621
23834,18.59865515862586
23835,11.308419046070505
23836,16.095948259361805
23837,10.394982338477067
23838,12.87570468486387
23839,19.56997026527273
23840,17.034535138855663
23841,17.171324059287187
23842,16.273701827733234
23843,12.94333995456203
23844,22.78707474091655
23845,18.097115521305582
23846,13.230372656430703
23847,16.035309613079228
23848,16.799301639128608
23849,10.997211439937077
23850,12.67008603082057
23851,14.281858187228085
23852,18.091851022055593
23853,14.423840252138742
23854,14.483023933015705
23855,18.901203720339744
23856,17.385703945352677
23857,13.763951034963137
23858,13.819664689759971
23859,13.850320461531616
23860,17.889889639074873
23861,12.274799419586373
23862,11.22102874719517
23863,13.509485298081403
23864,18.246564754205096
23865,14.91233319075042
23866,16.438954985620775
23867,11.79903829850369
23868,12.770277362809539
23869,12.606489609415647
23870,17.859753385199447
23871,13.239891879752665
23872,20.116773815138448
23873,14.015860785266915
23874,18.89189117933151
23875,18.02097066483264
23876,19.307179116247994
23877,18.309060379461904
23878,21.39210927258942
23879,12.109702196092936
23880,15.693265027991277
23881,16.84826140504898
23882,15.041156658154023
23883,20.96591180226705
23884,26.08556917187003
23885,18.549266870505818
23886,9.118474385047493
23887,22.718996625382417
23888,16.290074215785545
23889,24.344724906589533
23890,13.129197907179778
23891,17.846877021100003
23892,22.65098965196436
23893,17.573712715230023
23894,13.74325839538967
23895,18.197955069708108
23896,15.64543408468368
23897,17.918367561639684
23898,18.884804767097144
23899,13.777191967430815
23900,12.036087763712144
23901,19.70988425741794
23902,20.032504934536277
23903,16.524648555036205
23904,11.60255750601551
23905,15.073708256511956
23906,18.807021655218968
23907,15.182732033549932
23908,21.333261871542902
23909,19.258940809448433
23910,19.985307727945266
23911,13.90839056101677
23912,16.218205715954156
23913,13.891380053077112
23914,8.68113215848467
23915,9.647940218366028
23916,22.348446171959708
23917,24.287752633211394
23918,14.870504409518997
23919,13.79702927952378
23920,18.606228499648754
23921,15.433761189421276
23922,16.025135576455952
23923,15.976050568243547
23924,12.65824225152426
23925,17.153895401840373
23926,11.337071841267822
23927,12.905301059698282
23928,15.706323598159559
23929,16.57278321511744
23930,12.18337959420918
23931,15.714338673663569
23932,14.369003038640805
23933,16.377499151856153
23934,11.249987958167026
23935,15.455355054261602
23936,11.345665076877852
23937,12.63995258953561
23938,14.490330894788578
23939,15.928507667606977
23940,13.832037745778793
23941,19.253654863567466
23942,15.749555956297968
23943,19.907757440393706
23944,18.789075652048368
23945,17.469404118992955
23946,15.464468965155604
23947,11.606689888787916
23948,14.607232416050877
23949,19.564019914468695
23950,20.077451445562538
23951,22.508702915384593
23952,12.86787839322203
23953,15.107377050448878
23954,20.16957457047961
23955,15.610251146048801
23956,12.09195581239138
23957,17.19021064869898
23958,15.248650986885757
23959,18.01531280380472
23960,9.446327983317953
23961,13.47651313597325
23962,16.547858947897314
23963,16.725718792221365
23964,9.205068556526506
23965,17.81148569369067
23966,15.424896131034059
23967,12.703351635081185
23968,15.887416275255703
23969,14.071568675233872
23970,13.410226051471053
23971,25.376446310959544
23972,15.273308393078139
23973,16.243466057684966
23974,17.06404261518075
23975,17.708856239950464
23976,11.467728694539186
23977,15.012298951453111
23978,11.890625846333943
23979,17.600337505256896
23980,14.725234104730097
23981,17.547861730703566
23982,11.04537465833735
23983,16.415822942198307
23984,18.153416967879046
23985,16.60979597863653
23986,12.824140769746855
23987,16.366110322394285
23988,11.953533212050953
23989,11.605383581475987
23990,12.223279550445918
23991,7.753190704101697
23992,19.742951932337753
23993,15.91181933922022
23994,10.973419061440916
23995,14.946238228334842
23996,18.492785834570366
23997,12.789050653248047
23998,18.821036202599927
23999,13.826846413327942
24000,16.26548752768884
24001,17.05825774893373
24002,12.284002243030768
24003,10.603644971298099
24004,18.11220155574633
24005,11.4093958884725
24006,24.008534151236397
24007,19.39230338417661
24008,10.769523207794887
24009,17.0024941156015
24010,11.299463794966627
24011,17.75852812672252
24012,19.93204379962403
24013,18.4754668864843
24014,16.49738319800808
24015,14.624112036369034
24016,15.19984642538875
24017,12.31203796022362
24018,20.863976782084105
24019,10.90271651263086
24020,15.189217651445112
24021,16.44602817144559
24022,14.729247154164582
24023,11.299031743785283
24024,18.509893537732225
24025,12.365013949945627
24026,20.3762449243525
24027,19.233682345285715
24028,13.283888482084862
24029,18.592060922874737
24030,14.920247825366019
24031,16.260565347352145
24032,20.501774368150386
24033,20.33930448665618
24034,13.940600039152281
24035,16.955832320218953
24036,20.79079389277503
24037,18.19899656122101
24038,15.273439605556261
24039,16.410077646661982
24040,18.455381121553504
24041,12.214136008902972
24042,16.338757646817516
24043,13.623645241362734
24044,16.21023859993599
24045,23.50603359055533
24046,14.492875941835667
24047,12.46017363164381
24048,19.127355229794976
24049,13.909557125291373
24050,15.2559749199281
24051,20.21287307969303
24052,18.25330080134937
24053,18.75508137564747
24054,19.1934910769285
24055,13.918412283159038
24056,12.310078412652068
24057,18.273819993081723
24058,14.415915946858167
24059,17.161923044636747
24060,13.459800024377955
24061,21.720265271196162
24062,21.35489782558228
24063,11.639161017846096
24064,12.86939753122713
24065,13.370035525383312
24066,16.245899757034557
24067,15.107496101421038
24068,12.97742521428604
24069,18.270046797823785
24070,18.556779148729685
24071,10.351767353635879
24072,17.362644393601155
24073,18.204868040178475
24074,11.864068297168176
24075,15.272509276045774
24076,14.922608179158242
24077,10.843378176008558
24078,11.167383072886633
24079,10.023386927310664
24080,16.877727006192615
24081,18.997703989657367
24082,18.039186020839086
24083,16.00228619986636
24084,16.921567317221495
24085,12.211647224089441
24086,11.46147753005108
24087,8.384266575593331
24088,7.634070546660358
24089,16.553460305980593
24090,15.422926933673981
24091,15.485258352099526
24092,20.299198798208387
24093,17.71428911653807
24094,17.27744366718694
24095,18.12462822756073
24096,11.826430375199326
24097,14.159879207483918
24098,16.854193275044793
24099,14.872098216046927
24100,22.984974446718127
24101,16.629138613015805
24102,15.279482203689245
24103,14.021250255327038
24104,11.114611941214783
24105,19.553137676349785
24106,15.152066541696863
24107,15.845334769293324
24108,17.00530508901479
24109,16.645921698505816
24110,18.34644471169026
24111,18.293515056579636
24112,14.264066884975048
24113,16.39743091245527
24114,15.960506840377974
24115,19.146475105365887
24116,12.125409886835172
24117,15.354472736790068
24118,13.812321578194972
24119,11.042158694819946
24120,17.339369260157426
24121,17.938593408561772
24122,11.96765443152368
24123,13.003627841835057
24124,14.771996608574389
24125,23.02386870753083
24126,13.487764746828033
24127,20.695896611900668
24128,17.678345413785138
24129,16.05837342407889
24130,18.095935679217988
24131,11.529118126492255
24132,23.66013028332666
24133,14.754176418474223
24134,9.763232524391292
24135,22.744838101041005
24136,13.075214803605574
24137,15.411280067244373
24138,11.395975652890286
24139,14.438474388868876
24140,20.542759123846565
24141,15.432057615780309
24142,15.714421602822437
24143,18.92359997038683
24144,21.749836979304774
24145,18.366363150176543
24146,12.908625192114286
24147,25.708610980581792
24148,16.18542755298908
24149,18.86791027349096
24150,22.49116415897454
24151,18.301191765532778
24152,12.387285928337716
24153,10.591258829059118
24154,16.799995801097943
24155,17.904362650513832
24156,9.733759164734117
24157,19.541880199710477
24158,12.212709369225784
24159,13.491193250596593
24160,19.73856312793429
24161,8.463511132314501
24162,17.821265644696226
24163,18.682156860553093
24164,20.437537973033933
24165,12.563298164254444
24166,17.193259329954973
24167,18.974221529701154
24168,18.107386372474004
24169,11.118816962242798
24170,10.999141524389264
24171,17.637043908806035
24172,19.5624729894066
24173,13.656121471284713
24174,13.91621847043743
24175,12.520652562731655
24176,18.14424294913575
24177,18.635257078918194
24178,22.241288961883626
24179,13.885257799048397
24180,22.488686978066536
24181,9.51920026689119
24182,17.0317644028965
24183,10.616590043720008
24184,19.33546767452695
24185,17.026504110625307
24186,18.2526841734093
24187,17.75248626143848
24188,10.717189019421793
24189,12.934104025874088
24190,13.578583735356904
24191,11.8831011009833
24192,15.938736598536583
24193,19.571662002185803
24194,14.107945435754097
24195,14.490077474000055
24196,12.185599925599703
24197,19.764261744193824
24198,16.72231759041302
24199,8.715941762492735
24200,15.105015578293187
24201,9.948959121002037
24202,14.958065450039008
24203,17.183075141600504
24204,13.662334608071056
24205,15.148183183457313
24206,13.749120167816567
24207,17.275400325344332
24208,17.36734473199283
24209,20.93983780809422
24210,12.945730123314569
24211,24.638113977356284
24212,15.993768645379246
24213,20.568658182728058
24214,11.842165354189817
24215,14.686443489180775
24216,16.190158444022998
24217,10.091753514458086
24218,18.886272065218538
24219,14.134653049963347
24220,13.494269569856122
24221,16.354485956057378
24222,17.535327561555214
24223,14.472882389599611
24224,14.801867371444073
24225,14.937739855739203
24226,17.07219167499933
24227,14.038188126080788
24228,17.72815895132571
24229,15.146600061509467
24230,18.993784040314157
24231,15.582563369360834
24232,13.215999463398424
24233,16.745242871557032
24234,13.634488146604575
24235,20.68010598332129
24236,17.44672693513142
24237,14.862749884499122
24238,13.127068187192018
24239,18.54636841933195
24240,13.65167473048004
24241,11.472341283879313
24242,15.404944015982423
24243,13.762956695621675
24244,22.10174448884377
24245,18.625993434615985
24246,18.99648877344921
24247,22.192410261525588
24248,13.787486356209676
24249,17.987597140692536
24250,10.758380088882499
24251,17.377395607536997
24252,16.409461530434335
24253,20.850097205833595
24254,17.4042075499273
24255,12.241391343935378
24256,20.29471938646816
24257,15.330065799623828
24258,9.896747065356305
24259,15.646026753220148
24260,13.510054436546891
24261,13.568104552720152
24262,20.136897857724115
24263,18.024572936013797
24264,16.935656942913837
24265,15.899743212314375
24266,15.588419863385955
24267,7.258793398799862
24268,13.065955185648175
24269,14.663972746080734
24270,18.17287380701432
24271,18.211329416975467
24272,13.699631238043402
24273,14.167424563042413
24274,19.214839533016818
24275,22.19016502502334
24276,10.475336152612847
24277,14.800978382953437
24278,16.763130345632987
24279,22.222440568046203
24280,11.333880122494461
24281,14.3195154067615
24282,14.538232238948979
24283,11.6992027656072
24284,14.20017280152517
24285,12.372025302495054
24286,14.959681810409439
24287,16.958872183137974
24288,14.209860665474153
24289,22.250476742304734
24290,12.488727033758918
24291,19.174303928520544
24292,19.116247666911566
24293,15.913480841644002
24294,18.175833783816422
24295,13.028004283677038
24296,12.642137779857686
24297,15.671617316619948
24298,18.247866832448434
24299,12.430902869026749
24300,19.268214668949167
24301,16.196809627700862
24302,14.921860954018426
24303,12.264779195982147
24304,13.30741943915179
24305,19.289098330921636
24306,16.28796090173412
24307,17.89639516140059
24308,12.35016084659328
24309,10.20537775950226
24310,13.356390760808345
24311,18.506636341616524
24312,12.169081604399757
24313,12.410279334404187
24314,14.4916700442698
24315,12.598300008226719
24316,12.13015475490631
24317,18.959577708439628
24318,17.755774948956564
24319,25.12974247565164
24320,15.01958185616521
24321,20.670882257650288
24322,15.567357303895273
24323,13.996947585508947
24324,17.595118178843627
24325,12.995771102035011
24326,13.204154548614767
24327,13.159640370488106
24328,13.603845175852674
24329,20.842158722596785
24330,14.047423149174652
24331,18.70482374276793
24332,15.031071870560911
24333,10.520442009985585
24334,17.900715861497936
24335,18.576201433629073
24336,17.86704280834492
24337,15.499367482171113
24338,12.505559904718552
24339,11.224435454005299
24340,12.550676024690452
24341,17.76941549026894
24342,17.040009588278444
24343,16.458570519472556
24344,11.160429042232842
24345,17.232553000577784
24346,13.428498454601401
24347,10.992085576106323
24348,18.34386485048299
24349,15.629866682878486
24350,15.733047842418637
24351,18.142672489917928
24352,18.371407874322287
24353,19.06596993611669
24354,17.550228112608025
24355,17.245832854659334
24356,17.184482443833875
24357,15.125630455111983
24358,14.908176264201437
24359,16.359629187667288
24360,15.5571730893593
24361,14.944918165398295
24362,12.011030803153595
24363,17.03053809415495
24364,11.449516432088707
24365,20.250143840641705
24366,15.983837252365857
24367,11.075844311935091
24368,15.159915796287233
24369,17.261184045560864
24370,24.393567579790684
24371,11.967862262140038
24372,16.667829459044583
24373,20.01865489631623
24374,21.72419908399624
24375,15.29846951582167
24376,19.00316985183185
24377,14.765868171796082
24378,18.701467861785964
24379,15.84419728834675
24380,15.405300968909142
24381,15.204300330961024
24382,18.18305087096185
24383,18.984713595050493
24384,11.633882526128444
24385,12.716721697771835
24386,12.457990158180356
24387,14.237905371618423
24388,19.212084439076392
24389,11.939902106985942
24390,11.34965069474819
24391,14.862277348879868
24392,16.621266673824074
24393,17.96416166019371
24394,11.386455270433125
24395,15.506331019811586
24396,14.15677239785999
24397,20.746817457622942
24398,14.298769445750025
24399,11.902620640374671
24400,11.083857318159165
24401,22.862020920961616
24402,14.495800414037554
24403,21.504746310660305
24404,15.11364266447844
24405,16.24419601136785
24406,16.884021977068276
24407,17.740439029533018
24408,11.379988125824461
24409,14.070064122318941
24410,14.128078848848805
24411,18.226656650703198
24412,15.568972074809139
24413,17.31467221887432
24414,12.833587369772111
24415,18.74788610166646
24416,13.407395925432489
24417,20.205935195754293
24418,21.5553799093368
24419,13.907283843734993
24420,9.588744771865674
24421,15.106184746374169
24422,13.114366834946646
24423,14.333584574146602
24424,11.844091735306673
24425,14.586089315554407
24426,11.609882401507967
24427,18.07922803735554
24428,13.300207744119815
24429,11.329847254275354
24430,15.45653967251193
24431,12.179715444208242
24432,16.897745244986293
24433,9.326323509591571
24434,12.144510361845196
24435,16.00418878715086
24436,17.390053034533665
24437,12.042435669909246
24438,15.177550653081514
24439,10.54878799265284
24440,23.667703989748958
24441,14.459653617720177
24442,20.609818878964855
24443,12.889737009894215
24444,8.371232546769368
24445,15.376548563877279
24446,16.360151989871866
24447,14.26435718772142
24448,21.06747513666385
24449,14.409320795089577
24450,15.230968840027685
24451,14.720099754432155
24452,20.828468979621114
24453,13.99494476153259
24454,7.630417021529846
24455,11.867331524271368
24456,13.490201264614448
24457,13.63817922020172
24458,21.32782720375206
24459,17.56687561312757
24460,18.06547996381984
24461,13.058045496456863
24462,15.492089253626455
24463,12.401314795869359
24464,12.757453590023744
24465,17.76127781743854
24466,17.334476822893603
24467,15.830738414157313
24468,10.215812630584274
24469,17.67916377549458
24470,17.719316047830716
24471,14.167965720146448
24472,13.10565777378817
24473,15.973259512631305
24474,13.81267466468655
24475,22.155108418851754
24476,12.475805205620116
24477,18.205082748007698
24478,17.156646348414153
24479,22.726431173708114
24480,12.361824140836038
24481,23.72830524857678
24482,20.159909268206658
24483,18.31402658169885
24484,16.423455134158313
24485,11.869872493775166
24486,12.942050387401348
24487,10.522721510498783
24488,18.221160463596167
24489,12.168450758896544
24490,14.614204519144108
24491,14.236835456645455
24492,13.926381954473872
24493,20.880290626377736
24494,15.713992008919742
24495,20.53608018895946
24496,16.158582171861465
24497,25.70703315055323
24498,18.39485548039522
24499,12.52924612923469
24500,15.107691059793128
24501,20.309990993900705
24502,14.85716893247729
24503,19.16380618850043
24504,12.3707796094947
24505,15.43206163073199
24506,21.134994984857823
24507,14.031712778046309
24508,24.679945853301255
24509,18.969398161487085
24510,14.69905480015085
24511,22.64547175901783
24512,14.523485242777182
24513,12.857766549911695
24514,16.32444555916543
24515,15.596440572290252
24516,10.959874452102753
24517,17.081679290072188
24518,16.055822971592036
24519,16.559366479110494
24520,14.221961204332102
24521,21.242623438650657
24522,10.053606598423798
24523,18.870891438875557
24524,16.33697338693366
24525,13.816139762490664
24526,17.010935551702282
24527,14.080037926101205
24528,21.179684678370336
24529,14.600657255765555
24530,15.778617764343164
24531,19.0000623298298
24532,12.514815095119538
24533,13.812209065255669
24534,14.79804888082799
24535,11.253613911927072
24536,17.08114081726549
24537,8.964904392334208
24538,22.741016084031433
24539,18.82516619734507
24540,13.95158719915673
24541,14.21538300643563
24542,18.563324214359433
24543,15.394731117401156
24544,18.31010461098205
24545,8.300216395685176
24546,18.799790887315236
24547,14.61599146447383
24548,16.047054350173482
24549,18.83599323462665
24550,13.212042143580453
24551,15.628632956235718
24552,16.613140922500072
24553,17.290029240966746
24554,18.268452127683066
24555,9.388516835528002
24556,14.110727642372678
24557,21.249032447068675
24558,17.451840045998225
24559,13.635972399844178
24560,15.587853614386203
24561,18.627808323111175
24562,12.1285149026729
24563,15.694934175025075
24564,11.100505129342746
24565,17.308211670029962
24566,16.589358517414905
24567,17.038404230471862
24568,16.925631415790917
24569,17.873655085167552
24570,14.854401619844076
24571,8.878735947933118
24572,16.936522349848474
24573,20.339773549227132
24574,18.003838968383942
24575,19.774710444042306
24576,10.111553846653816
24577,17.045877735436143
24578,10.804050688320856
24579,13.64910436135891
24580,16.21091050112675
24581,17.464710786305687
24582,13.436628396165794
24583,16.554545148354233
24584,16.832633644539428
24585,17.306991669743816
24586,12.011374040965137
24587,17.50783900021237
24588,13.512117312518008
24589,25.844655297044962
24590,16.953544353497257
24591,16.401376495001855
24592,13.556713607521809
24593,12.83248947694814
24594,15.73344832966775
24595,16.94589135973434
24596,18.59293105404509
24597,10.109025637330374
24598,16.618789863528164
24599,12.047484263637658
24600,15.495781163336787
24601,17.659157549730867
24602,12.70617054878738
24603,14.005387266795381
24604,19.873554253561153
24605,12.950800755372736
24606,11.106151934470468
24607,13.998692298311493
24608,20.1422720657212
24609,19.25877095575798
24610,14.841224793789683
24611,14.508622580498352
24612,12.91496079692325
24613,20.52259650707186
24614,12.515883081529942
24615,10.886583237165915
24616,12.434576306689841
24617,8.730913844133962
24618,11.768885857513038
24619,12.353201131201986
24620,17.71294602466528
24621,19.16993111234259
24622,18.636625035970688
24623,17.316019973897525
24624,17.077510090744717
24625,23.52432346786589
24626,12.419801953826166
24627,15.789246357481893
24628,9.951584034336841
24629,19.233432080168896
24630,22.747465066860947
24631,15.185795899937329
24632,13.404226534196404
24633,16.318961744067916
24634,14.358556857835044
24635,10.94716568454422
24636,18.431542157177486
24637,18.229505756907677
24638,13.234905167378804
24639,15.430790765215841
24640,17.061855894141924
24641,14.821768471965417
24642,13.280614804381196
24643,11.594698921192661
24644,18.116328018735068
24645,12.211362766653796
24646,16.54464409451636
24647,17.992062739464473
24648,12.856775054362924
24649,18.55206260413366
24650,12.718854515515947
24651,15.443924607018367
24652,11.892011318248851
24653,11.290146617884211
24654,13.577190415415908
24655,17.9824851851706
24656,16.324492566029893
24657,8.662860983650951
24658,16.224194261065456
24659,15.064510081796634
24660,20.79303721505631
24661,15.196644654085034
24662,13.977759684194321
24663,16.733868721166274
24664,16.134988604139913
24665,14.029380544701338
24666,9.56012095745554
24667,14.456014158369197
24668,17.399191747816328
24669,18.0201515559607
24670,22.723457908779338
24671,12.313040654388455
24672,14.129681063751036
24673,8.32752002181144
24674,12.72805274383069
24675,13.73975400200974
24676,15.731095663236248
24677,19.657372508877152
24678,21.262836611814325
24679,16.894464568843777
24680,20.58259975352986
24681,15.500414272911737
24682,16.21343631792267
24683,16.14351770955463
24684,11.051829095481061
24685,16.682207540496027
24686,20.210018771064696
24687,14.836590902299038
24688,12.746077469724629
24689,20.252961697361652
24690,23.158517813602046
24691,19.328475525412635
24692,18.80211540654421
24693,16.841854207891153
24694,13.287925969363414
24695,18.254076954021215
24696,13.276411159402567
24697,21.353207397417584
24698,18.282769165096838
24699,15.184263701321726
24700,12.721482904912197
24701,15.08082213971348
24702,14.364946693423716
24703,22.220506172920164
24704,20.585649500812988
24705,20.12393907006869
24706,16.97908596198856
24707,22.51222706625793
24708,13.73262340466214
24709,18.55902355251102
24710,12.046341365380771
24711,11.658571329557834
24712,14.58965462875408
24713,13.674495768041371
24714,14.118729738238086
24715,17.13463781281858
24716,19.300103313040644
24717,14.725789915191987
24718,14.004612138436627
24719,14.448039939286776
24720,18.876409079587543
24721,19.490310328789572
24722,18.1060444025518
24723,13.02742459924292
24724,16.205596464134665
24725,16.264538700290046
24726,18.023233444862136
24727,18.267757828770044
24728,9.60153485301704
24729,12.459091217274365
24730,10.049441179852638
24731,14.521538743743053
24732,10.35973089219751
24733,16.24901976407816
24734,17.20691069747612
24735,18.424512033804557
24736,17.90142768597279
24737,14.968970995212963
24738,20.165170975021134
24739,17.529107899754173
24740,14.152683104296992
24741,16.345275852421512
24742,22.99101373091564
24743,11.433517563131026
24744,14.856706493129206
24745,19.829274062083748
24746,15.18870551096576
24747,24.63800526564766
24748,21.05130561916755
24749,22.422752373582206
24750,17.412439131049197
24751,15.515066748418892
24752,12.828496451850851
24753,13.164643361478756
24754,10.636601545326414
24755,11.284212305547976
24756,11.73123621105031
24757,7.383929781920195
24758,23.058877322811647
24759,9.912548968247235
24760,13.359248004185567
24761,15.436793422829064
24762,13.72159517817752
24763,19.956528650046238
24764,13.304855313048636
24765,15.56716719715925
24766,13.449744414364762
24767,9.534831307131626
24768,12.184188079907464
24769,16.975903288241323
24770,17.56652797766312
24771,16.88100521707743
24772,19.327250442974528
24773,19.67661786062471
24774,19.785346362882038
24775,18.07526905805018
24776,18.855835380311337
24777,14.6016983448293
24778,16.288087906844243
24779,18.730609328972225
24780,13.649012008250528
24781,10.896593841905919
24782,20.297629805164995
24783,11.657247410557687
24784,12.069629393681101
24785,14.488729082792801
24786,13.841544166058174
24787,9.320030356572813
24788,13.827163248731152
24789,21.58815594603265
24790,14.728857218093543
24791,18.973511220230268
24792,17.58726355711451
24793,23.600577710215376
24794,13.918850965880264
24795,17.599593011462737
24796,15.015024783999515
24797,24.708790694008055
24798,15.371469942332023
24799,12.819899497355818
24800,13.89468184633829
24801,18.284381404615917
24802,15.111785261779678
24803,18.78549815863982
24804,17.781209945933142
24805,16.962179013922533
24806,13.044445247857446
24807,14.739957772940592
24808,13.334219698508829
24809,16.962533631537923
24810,16.35022224579809
24811,14.36806378180414
24812,20.34508661538134
24813,14.704808915441756
24814,13.485124135704378
24815,22.12903369322722
24816,19.169981081200465
24817,10.104913454121444
24818,16.259459470788663
24819,17.13085377015935
24820,23.341378249502085
24821,17.384885895798732
24822,10.80917432513636
24823,19.40188172815829
24824,10.901298704043624
24825,16.36230573567674
24826,13.342408184816275
24827,16.288083904244257
24828,15.888445214971775
24829,17.24343710978773
24830,11.255699276328691
24831,10.728384198121123
24832,17.710442443436502
24833,12.819336537017701
24834,12.816904807795924
24835,15.363028971749142
24836,14.822102210331
24837,15.189945657070975
24838,20.18104325660009
24839,12.520630641106882
24840,10.925985794191977
24841,15.79270123942548
24842,22.603565334240404
24843,15.726200856790616
24844,12.90855429989789
24845,19.81692090811748
24846,16.621258172562097
24847,22.382632821135616
24848,24.119925759908313
24849,13.078508208466989
24850,15.009131982356667
24851,13.969759809815137
24852,16.270618147725095
24853,11.659614627906778
24854,15.1615785559181
24855,11.579638424860693
24856,18.21027732259798
24857,13.203937754043622
24858,15.717193151333113
24859,15.081980875555272
24860,13.289278004008976
24861,15.50978290893292
24862,14.56883388454063
24863,12.88011668350407
24864,16.831369976662046
24865,12.884639588503571
24866,19.580500067205826
24867,15.322380674688866
24868,13.171088442345468
24869,15.029189568830025
24870,14.30715078407189
24871,17.253001920102136
24872,17.961901108894757
24873,13.921425328663847
24874,14.741549005563654
24875,15.726584472199178
24876,11.318206841625308
24877,17.1844746658094
24878,15.519326796612487
24879,16.86676319974473
24880,12.57269806220756
24881,22.442264392068097
24882,12.052715103825363
24883,11.434957693747474
24884,15.046535663270685
24885,17.636175650820714
24886,15.970795779904439
24887,11.78940897785373
24888,11.98677256393417
24889,17.047982339424276
24890,13.889300942774451
24891,23.824647557981642
24892,17.597858553128745
24893,14.607216872403102
24894,16.67867655143609
24895,12.676905456714001
24896,19.86684878331365
24897,11.868500714679678
24898,18.256483291625017
24899,16.12905584037303
24900,15.51893419196601
24901,15.13800314424201
24902,11.03044944553042
24903,19.58414177643803
24904,16.93197527536807
24905,19.33981044681112
24906,16.495012694510848
24907,19.363203604342218
24908,16.68992245644249
24909,21.641178817671978
24910,12.184683093404033
24911,11.859785623069296
24912,15.431625601642223
24913,11.634861407050522
24914,13.21725259690535
24915,14.548445861172599
24916,20.22616526415615
24917,13.16039630354358
24918,13.701835892759707
24919,15.62018048780719
24920,16.310825740897307
24921,12.706154833437086
24922,10.603798987241442
24923,13.401915185931518
24924,9.542301069990842
24925,9.744093214771528
24926,12.583641477741473
24927,20.134035523038
24928,13.632013608668043
24929,12.035973938649303
24930,20.005478098406634
24931,15.70743396224208
24932,16.654501600061188
24933,16.69599276277167
24934,18.41958802541983
24935,14.544227189808769
24936,15.288554022460598
24937,14.925201589595098
24938,17.388061211655515
24939,15.24919484647761
24940,15.65549183701956
24941,18.35369362071351
24942,20.029315819237745
24943,17.787234447376814
24944,19.110898323625918
24945,14.838325096352492
24946,19.60101484811068
24947,18.267795180080412
24948,17.54951300306172
24949,10.853680122600977
24950,17.859398058713346
24951,19.024481667187843
24952,24.829957998197177
24953,13.575175579520902
24954,15.66260472551317
24955,13.598062969547689
24956,20.073068353242334
24957,10.394793560936696
24958,13.478453785782039
24959,16.330066203498863
24960,16.722526923300833
24961,15.32675102797172
24962,13.107936464196047
24963,11.480936504770899
24964,13.927954248931231
24965,15.047772038259705
24966,11.494315149195652
24967,20.96438375534248
24968,13.797641367784776
24969,12.655392228176856
24970,13.207647146676356
24971,21.46446154346276
24972,21.88715425313574
24973,15.298429690645687
24974,11.642774856596741
24975,12.007257781425736
24976,12.129734713731036
24977,19.444798376027908
24978,13.593715308396643
24979,19.34163324348427
24980,18.117616227902793
24981,10.498634734545607
24982,16.850178189643977
24983,8.65339545516305
24984,14.67747440539796
24985,13.618218145071635
24986,14.63999634866942
24987,14.833190049314567
24988,17.41887650458024
24989,15.085206523969934
24990,16.884491065419148
24991,15.553747718058089
24992,16.163591314806716
24993,14.939399797977124
24994,16.35589133449713
24995,16.31094993476883
24996,22.150047129116892
24997,18.3295440890774
24998,17.48876959326339
24999,16.902145805332346
25000,17.454055339257067
25001,18.035094838558358
25002,11.843308102312632
25003,14.305954935473773
25004,11.839636559598262
25005,10.088404054987018
25006,16.537397923739295
25007,13.58217533336907
25008,19.84187296649749
25009,16.738252433339504
25010,14.56373880952767
25011,12.37784713132974
25012,17.285757767622655
25013,14.761675944780341
25014,13.644040399201007
25015,14.843904378313136
25016,13.290150840743436
25017,14.295974293813535
25018,9.107897498177133
25019,10.548034822116927
25020,14.910959001958398
25021,15.133072520232968
25022,13.425706734158005
25023,13.021928015663391
25024,13.79645224409282
25025,17.008092824207004
25026,16.21952339406543
25027,8.900725971093943
25028,14.1207108827101
25029,18.649302180871302
25030,14.197168922035003
25031,18.384807320200256
25032,16.053461322987047
25033,14.233515431692197
25034,20.685990762203296
25035,15.961527943481123
25036,12.58862379584842
25037,14.912442904100361
25038,10.352515376793164
25039,19.616965101659012
25040,17.822300447638497
25041,19.183717079098862
25042,18.664222530987484
25043,12.877458713332242
25044,15.162592665873388
25045,13.278774911068908
25046,18.168300121724563
25047,15.29571509036497
25048,21.672752610758977
25049,10.075590119469716
25050,17.45358818119275
25051,17.428498493075768
25052,20.895381816356764
25053,12.311468796257966
25054,16.94409905125272
25055,9.768340799059974
25056,22.18431950512298
25057,15.4983612609784
25058,14.114202840728645
25059,12.21563151584397
25060,23.66582100081547
25061,11.704850982080117
25062,14.125488956536506
25063,13.121600488792136
25064,11.00632857205104
25065,20.114754956086394
25066,18.672579884697576
25067,14.60746828991038
25068,14.486766396876437
25069,20.876006003693874
25070,18.460912884004053
25071,14.87955020424592
25072,15.067917780007834
25073,16.06434339184766
25074,19.335988128269147
25075,19.766446522000308
25076,17.67556501149026
25077,16.32892118374396
25078,10.329305936504833
25079,16.38626991838237
25080,22.633830173748557
25081,19.811703495571027
25082,14.161245109898658
25083,11.888847110318203
25084,16.429882342591178
25085,15.089931473830935
25086,13.495360057149222
25087,10.739320835269512
25088,15.70152870176628
25089,20.549254924876703
25090,21.941321059867438
25091,15.849479775754538
25092,15.245790687169011
25093,18.22125988545286
25094,14.083532564405697
25095,9.924972396040861
25096,15.068939722864918
25097,13.081206759453647
25098,18.877173004912482
25099,24.056589207435554
25100,13.983131399796761
25101,14.121149795999829
25102,14.43756456331796
25103,16.920614772258595
25104,12.712183668263169
25105,17.949940609721004
25106,17.5127895164672
25107,19.377074945359382
25108,14.302644177345961
25109,10.800395833303936
25110,21.30958557192476
25111,12.74058803780247
25112,18.366827906846645
25113,16.38825560073145
25114,13.145262882062731
25115,16.046523712507746
25116,12.150097436799502
25117,13.883227717638368
25118,12.779836420384797
25119,17.399530994801694
25120,13.850776260179654
25121,15.939112647193696
25122,15.469918140821877
25123,12.659405633639789
25124,19.87395269485348
25125,16.464356845568787
25126,16.464956317480812
25127,17.235156855315967
25128,16.57210541397616
25129,14.149760793412012
25130,19.19551564212785
25131,18.980599248611302
25132,20.946041273295116
25133,19.732848743804627
25134,8.45458917890091
25135,15.4253252297778
25136,13.54936500401224
25137,13.123076579538466
25138,19.06651719574867
25139,17.939417768462555
25140,21.556862823208785
25141,19.698462685660672
25142,15.403972423009403
25143,19.38101999059851
25144,12.94089334162572
25145,11.989156959546552
25146,9.221600353363852
25147,20.183974766033664
25148,18.422960983615635
25149,15.395803586986963
25150,17.481244112064292
25151,7.985860577295405
25152,19.537968168077285
25153,16.380016210250783
25154,14.538459357773522
25155,17.320796306592293
25156,12.204385542816244
25157,15.077888383235871
25158,17.026373347749285
25159,10.304276832360657
25160,20.471224728846117
25161,13.886478659356827
25162,16.04957978076847
25163,12.09459815094117
25164,12.598990283486248
25165,14.734589498747345
25166,15.501896624654163
25167,18.397107212440268
25168,18.388837842872544
25169,17.959495800652448
25170,12.242518898455135
25171,17.342176712874366
25172,17.925103476981196
25173,13.489384108364781
25174,7.794451877533246
25175,15.995392015861325
25176,17.70868670900509
25177,13.920122333219954
25178,11.460024761835472
25179,17.12856952803746
25180,16.50087442536327
25181,14.315215724989564
25182,15.854805422228086
25183,13.967982822337014
25184,15.297629690900283
25185,13.42288179426004
25186,15.71232527433483
25187,17.189940437509094
25188,15.9857147571904
25189,16.918370303006885
25190,17.714207812461837
25191,16.772202042038273
25192,13.763104442247041
25193,15.19250079781608
25194,16.427520094219116
25195,13.923026435128126
25196,17.175647757098414
25197,14.414722353072422
25198,22.124554225181967
25199,11.886951797062276
25200,20.97933651486329
25201,14.580228490477069
25202,15.594586591865598
25203,11.733085396620073
25204,15.712150109186126
25205,21.619185561401146
25206,16.6641654169445
25207,19.15636554457214
25208,23.603100209657875
25209,15.910598063153767
25210,16.94425652307275
25211,13.900790812196709
25212,14.10670198199007
25213,19.511723331472453
25214,19.8428998199059
25215,11.384498658717895
25216,14.739682993720425
25217,17.94965166384572
25218,15.75455473560514
25219,12.009328935015587
25220,14.741770875682855
25221,13.979080732013145
25222,18.93264780382126
25223,20.434359934030148
25224,18.379181541432974
25225,17.35505762974118
25226,14.977807883586053
25227,9.513464856592032
25228,16.624426521758515
25229,21.878287109762102
25230,22.01588859941593
25231,15.970430878986834
25232,13.672432385725857
25233,14.457450345780497
25234,15.87558465138721
25235,12.45510357916163
25236,15.132179735396322
25237,20.65304482995908
25238,16.263842646222848
25239,16.36401575608416
25240,16.635561083733535
25241,13.073029362502659
25242,9.536530905226337
25243,16.69719457169372
25244,13.281306116781593
25245,14.032154503095086
25246,11.207804615737105
25247,15.02208292935969
25248,16.22959994682784
25249,20.02036212529427
25250,12.409112242828995
25251,10.777602421745756
25252,15.40952083730464
25253,16.053124511193843
25254,10.839227338319755
25255,15.739930578033324
25256,18.24793852055652
25257,12.023892611935674
25258,13.602178039663894
25259,14.203713850083258
25260,15.209405890324529
25261,18.39637431473637
25262,12.295100696578952
25263,14.422269174049681
25264,15.814411571740196
25265,11.56659980323273
25266,14.455644844758776
25267,18.426215658057295
25268,15.992527044653919
25269,17.461184876748714
25270,12.165636282619293
25271,13.277441445905287
25272,19.34249300321258
25273,17.026295911587557
25274,16.8125616544941
25275,16.773359667643973
25276,15.480203005945498
25277,12.948644034718424
25278,17.67320941175712
25279,12.012561468493292
25280,16.52688554625957
25281,11.724754957687171
25282,16.35469336106447
25283,11.705841695551396
25284,13.622729648880341
25285,20.03115229030213
25286,13.284261195590936
25287,12.538748386051891
25288,14.593782533103829
25289,15.68815379728013
25290,16.428060431298285
25291,16.38104086091655
25292,24.320162573014013
25293,22.582438015332485
25294,17.01951123798695
25295,17.354897696825958
25296,18.316728127554335
25297,13.325099321751887
25298,16.945536640840704
25299,20.929956855808904
25300,21.634596981782252
25301,11.017884146135598
25302,14.897000001762816
25303,12.85022584646189
25304,8.806296300217394
25305,17.789746030800668
25306,12.262103873698848
25307,18.487522947873984
25308,15.106647114493041
25309,13.283730776111238
25310,16.492796839750092
25311,14.301477920743958
25312,15.009190217716458
25313,21.70227870125958
25314,14.996979376686026
25315,23.460457311463603
25316,13.778824412290296
25317,13.848174462345542
25318,15.78370409038708
25319,12.015769347290156
25320,13.443832800058175
25321,8.810745564710961
25322,15.732547502451327
25323,14.392510117165084
25324,14.429587497190058
25325,23.26417248332534
25326,13.317100351162212
25327,11.951703220499969
25328,22.97519688411085
25329,18.29350036220614
25330,13.420183996133847
25331,18.90548717730004
25332,14.470507833809659
25333,17.374596040453184
25334,17.527033713222018
25335,12.643373857945136
25336,16.31280999619309
25337,9.4717489010282
25338,13.42431085038581
25339,13.900251552130207
25340,17.568573946259605
25341,11.348483259169134
25342,14.490859869497626
25343,20.24024458254936
25344,15.086016942814842
25345,13.500575191236987
25346,14.955910156523158
25347,20.954743505073722
25348,20.41275227531024
25349,14.984155754286105
25350,15.844809282888663
25351,15.335018575790478
25352,15.434863526083973
25353,15.17988128433009
25354,14.23439709658336
25355,12.762005079422995
25356,10.335382812598535
25357,17.237094725305568
25358,17.63658681493518
25359,14.581190338571353
25360,10.51331495375091
25361,12.186781844518961
25362,16.799822188494147
25363,14.37870076110575
25364,13.922902173872203
25365,15.361108882609868
25366,17.487086448861085
25367,19.023814846399702
25368,10.017708025116734
25369,16.91844906800797
25370,13.023152221665505
25371,15.34832163396812
25372,17.650620916444545
25373,18.054224767150796
25374,16.03536003736767
25375,14.461747800424243
25376,21.277167834352213
25377,13.304827444909236
25378,17.46923005223198
25379,13.162890061701964
25380,12.844668612661028
25381,13.786349040903536
25382,13.308359455116058
25383,14.703262724582483
25384,10.80743642410723
25385,18.63392688639406
25386,18.67321484158831
25387,11.024413182675495
25388,17.42091366120067
25389,16.268841612904755
25390,14.48199925338106
25391,14.700295511425253
25392,14.364246570516878
25393,25.604919431790734
25394,20.148683116741637
25395,20.30193722753189
25396,15.158555902448676
25397,17.722600335225696
25398,18.027193669584047
25399,13.862717875395838
25400,9.367368217680394
25401,13.590723005804414
25402,13.88363275633343
25403,15.657655974417448
25404,16.724456707406585
25405,14.921237923264503
25406,21.15365022525232
25407,17.31009339086388
25408,13.958191110199866
25409,11.987293165257556
25410,21.919938108988234
25411,12.6160773948502
25412,16.129976444648314
25413,15.14618741782439
25414,12.744630684874865
25415,13.501996602704175
25416,15.311274092813814
25417,14.975221267826083
25418,21.238460928716922
25419,11.203736296535153
25420,15.51044872124304
25421,14.729147644693057
25422,17.61594017982753
25423,18.240457717171022
25424,24.52644412761427
25425,14.86309281184642
25426,18.932859332529794
25427,14.239558538870902
25428,14.06802994420326
25429,19.829464135858622
25430,8.079958437781373
25431,14.050312685377312
25432,16.55258594371599
25433,10.272815683113844
25434,10.224951636237273
25435,17.88744159398037
25436,13.953851745488578
25437,12.496352085648953
25438,10.193972171666916
25439,15.15282656233354
25440,20.565811220593694
25441,17.087818893729697
25442,23.300624276979114
25443,15.253432409703546
25444,14.9415586323887
25445,22.51141146800787
25446,13.964642008696764
25447,18.26816393503575
25448,17.279977526240927
25449,18.54802156091754
25450,15.034516973535087
25451,14.717853952425218
25452,14.973310844098545
25453,21.808895548063884
25454,19.783780139003746
25455,14.894659686425149
25456,11.632570490231693
25457,15.636481726060904
25458,15.48181454822467
25459,10.392567330722304
25460,16.12330821464384
25461,20.889601203304224
25462,18.742400632448977
25463,17.010161253299124
25464,11.067779132183935
25465,16.23884745972098
25466,23.247422831327633
25467,13.395924195211087
25468,13.538660941295113
25469,11.314088577239673
25470,21.919908265729486
25471,16.662139263407692
25472,14.604240117754578
25473,14.852831498349659
25474,10.308265122162597
25475,16.654481674649837
25476,14.931606104580771
25477,13.021641668539429
25478,12.128457969949109
25479,9.935777941474084
25480,13.95767254253939
25481,12.61467428365983
25482,15.199790463678365
25483,10.410570648032598
25484,14.206596061246609
25485,19.668044501892048
25486,14.895120695251991
25487,19.74449543937733
25488,20.465761280337574
25489,15.269928757146857
25490,11.993108868787061
25491,13.533318594016622
25492,16.593606012929502
25493,21.80979514162325
25494,14.957901311186163
25495,10.79188666713494
25496,12.701436155742247
25497,11.28289737720724
25498,12.124854530973431
25499,15.627627997661785
25500,13.647432750101679
25501,15.494853302551856
25502,17.17124804099597
25503,18.101865989718945
25504,16.58975552327641
25505,20.86985815560485
25506,16.598374902475772
25507,21.60559843856077
25508,19.6413837683792
25509,17.90021008096662
25510,12.567782968435793
25511,15.126718510628695
25512,15.343546633455057
25513,17.286817943112744
25514,20.869395484736405
25515,14.586213284035937
25516,17.553319995003267
25517,15.823771659135252
25518,8.890493334889035
25519,12.516938176502528
25520,14.761538479865143
25521,14.27857066592205
25522,15.474907550468597
25523,13.138740204770075
25524,19.351769269182874
25525,8.680920633944464
25526,13.132647871516653
25527,11.678994842792921
25528,13.286488810761607
25529,17.682206701585393
25530,16.882600885699162
25531,16.001468351623355
25532,16.29465527175121
25533,11.46218741279879
25534,9.984982179857234
25535,15.94143139440678
25536,11.920354146280722
25537,15.66583672850269
25538,20.456476050537333
25539,11.069988445727757
25540,11.481313772399854
25541,13.04105283556304
25542,12.839651527003255
25543,13.242125131992939
25544,16.30501145976545
25545,10.72337086057641
25546,19.093442043781796
25547,18.02783726469586
25548,13.14617437952992
25549,8.224089085814974
25550,17.791348314848953
25551,14.652749992017227
25552,16.310924083421963
25553,11.914098924615155
25554,23.965793448027256
25555,16.334959642846783
25556,13.845069905468781
25557,16.60416495360741
25558,11.499336148986568
25559,11.129020890345124
25560,12.489109336248113
25561,21.175169274461243
25562,15.005400060878532
25563,13.1422378568749
25564,12.922064894564082
25565,15.087987690433753
25566,18.165519421163033
25567,13.451645216603024
25568,10.716689587690636
25569,13.745750933785557
25570,20.2322035047402
25571,14.503141371285276
25572,20.227412886928498
25573,17.87837597795973
25574,16.14014257409215
25575,14.470155605375865
25576,19.292681292579083
25577,15.472340721942386
25578,8.83439154824405
25579,14.403612674256792
25580,23.9355694338578
25581,19.411511995589688
25582,14.814388617357876
25583,14.827115569209235
25584,9.11776176672764
25585,12.453514322108727
25586,15.026349966451166
25587,17.528867751657394
25588,16.937329428092895
25589,11.643321489367299
25590,10.19726471911047
25591,17.717968388857656
25592,9.642073402366268
25593,16.28173952938058
25594,13.394795227912079
25595,11.905893714782419
25596,18.85664709445038
25597,15.963991582467045
25598,8.966599992713375
25599,14.850900534956176
25600,11.697185408595988
25601,11.977420607785298
25602,14.014400974582404
25603,16.30062113736927
25604,19.606166829339365
25605,15.598790454142735
25606,15.807640933811824
25607,13.319741130151575
25608,14.274618032182348
25609,13.34247235895667
25610,18.610828248952885
25611,18.52231907962637
25612,16.753605334012903
25613,21.515224232937424
25614,12.43207890468403
25615,23.08719359150941
25616,14.902972610663738
25617,16.747203945212163
25618,18.121346824208995
25619,13.634869503617445
25620,15.29728525076369
25621,15.616914473735475
25622,11.649605941183946
25623,25.294510602156464
25624,18.980147527844565
25625,25.24106116790513
25626,14.127766647405105
25627,15.77168259784409
25628,18.697746912691546
25629,14.887678645305778
25630,18.1261240916115
25631,14.966306578914555
25632,18.72309854057624
25633,21.044048842967467
25634,15.057381509894306
25635,12.629186679193907
25636,15.441307860339464
25637,18.99475181454116
25638,12.297312944826839
25639,18.881131555898413
25640,16.397269410510383
25641,19.426224809461516
25642,11.679337643224976
25643,21.42195428222309
25644,13.086069651690682
25645,20.499152070461772
25646,11.129453223994703
25647,14.00833117435529
25648,15.225990189673515
25649,11.041885555324242
25650,12.43472559433663
25651,12.3498465837716
25652,12.738829578063086
25653,13.775305476644938
25654,19.748704235533232
25655,13.351782705287631
25656,15.956882580121242
25657,12.846601664501579
25658,17.29477884084793
25659,13.144025769436585
25660,23.28866821478772
25661,14.982526168770045
25662,15.77950723604475
25663,15.123453837699302
25664,14.983628196178493
25665,22.746057420942844
25666,17.824029995447546
25667,10.574943752088764
25668,20.509193331745536
25669,14.658241380119504
25670,11.779347274356741
25671,16.348831662985667
25672,16.806491806325234
25673,19.215545493950685
25674,18.25203212369484
25675,19.857904108004824
25676,14.427864063737893
25677,13.785219268690334
25678,16.14558077470958
25679,14.308790585904976
25680,10.565006851701948
25681,14.567460413715999
25682,21.16830812790193
25683,10.028350220176947
25684,14.618461602652662
25685,18.095644044106862
25686,13.17050085865727
25687,13.796449347451224
25688,21.733816771784788
25689,14.623925752037376
25690,15.325996097532236
25691,12.787217825231654
25692,11.646487428394803
25693,15.969549273749605
25694,9.395871082129457
25695,16.48891649656734
25696,17.745026811166348
25697,10.095136867733084
25698,15.605733695004137
25699,13.407860867733561
25700,14.393256580201495
25701,19.624891520909927
25702,12.043288105611332
25703,16.07639836380831
25704,16.781388619559472
25705,18.4832281147827
25706,16.839079093069547
25707,14.785020709160326
25708,17.318921712008134
25709,11.660594870036594
25710,13.770095720556036
25711,21.208323775579633
25712,15.66246951944485
25713,22.407165646117992
25714,23.029399093811598
25715,14.04140650130901
25716,17.308766552957522
25717,18.69626384709001
25718,16.03676724378484
25719,15.796610766919363
25720,13.112941944913409
25721,17.83121721027297
25722,12.523360614398038
25723,16.590451622083027
25724,15.937321890573198
25725,14.594112341050321
25726,17.870542705021183
25727,18.976327778587635
25728,10.439095440123138
25729,18.082032282178716
25730,13.508571802592643
25731,21.69781085831723
25732,15.888407438081444
25733,13.941559924241623
25734,14.169606263051275
25735,15.035206643297418
25736,17.823799495199328
25737,14.247710864452923
25738,13.803003708724722
25739,11.916270396302124
25740,11.391584801583978
25741,18.273164590663335
25742,10.968433274722274
25743,13.75591213336789
25744,19.171084595833122
25745,15.896666973702693
25746,11.723821681170598
25747,15.857165725762904
25748,11.735588748253608
25749,14.18400794714528
25750,11.571813508470605
25751,18.4660652002464
25752,11.199272145720064
25753,13.509473555120444
25754,11.831851801165037
25755,16.467966188640908
25756,11.495046411546149
25757,14.548971744650805
25758,19.455114690151547
25759,9.739774535299379
25760,14.742861378582509
25761,10.854916170881602
25762,18.681163889927493
25763,15.20512004750108
25764,17.91149282902463
25765,21.525460165178583
25766,14.958192014878833
25767,12.856179406638573
25768,17.017884933007075
25769,16.693250214008547
25770,13.424370699719201
25771,14.65558132532274
25772,14.521465882474164
25773,18.286462116396685
25774,16.7439785255529
25775,13.521798771087525
25776,13.451021825828558
25777,11.525796359360454
25778,7.709822627726421
25779,12.65921017707673
25780,17.336333613332165
25781,18.328214094008814
25782,14.982541177328006
25783,12.398815490283306
25784,13.051969797400007
25785,17.476926286749716
25786,18.878007122328583
25787,13.42403766783227
25788,21.952269515778752
25789,13.811789231688914
25790,13.929410977730264
25791,11.305211861760739
25792,11.889008270484752
25793,17.589970184866075
25794,13.210882764644431
25795,22.514579001730535
25796,20.689029364054605
25797,15.102762047265129
25798,20.028485671586594
25799,21.33239647926822
25800,12.409636789007017
25801,17.569949492455045
25802,20.49231073167678
25803,15.096675474968112
25804,14.85879885190644
25805,14.378442775750162
25806,20.489737314757758
25807,20.25370976129708
25808,10.442842929994569
25809,16.447869267508636
25810,19.575874719445988
25811,18.953864263721144
25812,18.009868780692273
25813,18.02904685868725
25814,15.905457774695941
25815,11.97641866794082
25816,13.857922937103526
25817,16.95426366986294
25818,15.171498102810196
25819,15.816581008330548
25820,13.37617351040423
25821,23.074166213291715
25822,14.97023809844362
25823,18.37416289262758
25824,12.721576398738986
25825,15.177055035514117
25826,25.534980841557925
25827,12.258379063936959
25828,14.815497532534096
25829,13.651122207885269
25830,16.097753224195834
25831,8.692397121051217
25832,20.681107388133228
25833,10.17896646524628
25834,12.619647298007042
25835,10.297882398419944
25836,13.142879200384524
25837,13.938864408892396
25838,13.53656202590624
25839,13.693184596334328
25840,15.548633286271786
25841,17.040483050740878
25842,20.57064288944231
25843,14.903019033061467
25844,18.43833075263617
25845,17.470145843923497
25846,12.513390254471332
25847,17.337404865167983
25848,13.056368858197336
25849,16.96253889999743
25850,13.744812105797354
25851,19.059605597909542
25852,16.700586844440583
25853,16.28186882360749
25854,14.711611244477218
25855,11.286617767776146
25856,15.840554547718098
25857,18.626314222181627
25858,19.107032078487062
25859,17.837911379253704
25860,20.607223648087416
25861,18.005403951496227
25862,16.46374641890492
25863,13.217662739803043
25864,14.793474267238052
25865,16.030832607732624
25866,14.362537009110259
25867,16.58274359058906
25868,10.802947906827255
25869,16.26693715404853
25870,14.633486364112539
25871,16.54481726100247
25872,14.281044029626159
25873,19.201754091645583
25874,15.957558787934191
25875,20.763017363873125
25876,22.335542814242185
25877,17.4016701783285
25878,19.241596970809518
25879,14.074770064430549
25880,16.51960566047861
25881,14.38384095031343
25882,25.027896459692528
25883,12.442169262031587
25884,20.00382822759382
25885,18.48728095637344
25886,11.1802770595208
25887,19.047666454254284
25888,7.405979647623181
25889,12.267226027181469
25890,11.951883620833485
25891,18.0338512619403
25892,14.460149343524112
25893,13.626545791639169
25894,16.487724472746663
25895,13.503655893093839
25896,11.304593011626423
25897,15.622108232956354
25898,10.36320837820939
25899,15.449617397680175
25900,19.71780760272899
25901,11.359319835159464
25902,17.12855153603509
25903,10.658170888625815
25904,16.37422444282735
25905,14.623365295580307
25906,16.487613318820134
25907,8.407800650089543
25908,12.481477090108262
25909,12.00751789998047
25910,20.654982723858033
25911,11.705646264730355
25912,11.655485694156777
25913,15.86168996158041
25914,13.03764084628153
25915,16.936881037263714
25916,20.28085397606711
25917,9.941694829683756
25918,15.581248754204392
25919,16.0342311431893
25920,15.641448384143336
25921,12.980573000875543
25922,13.119577144416361
25923,17.21144157776333
25924,22.65455342159077
25925,18.93416517196768
25926,19.85716126478645
25927,18.466571346607232
25928,22.47830607495768
25929,17.71339115800732
25930,19.381908514282927
25931,13.22130099207228
25932,12.926498586024433
25933,13.582373529535946
25934,16.163999510386287
25935,25.754946440932613
25936,15.722142357376313
25937,13.243149729282797
25938,17.859557075528727
25939,12.262280288914976
25940,16.275852676651628
25941,14.611216499380959
25942,20.147139315583875
25943,10.527448755244095
25944,12.613801759350476
25945,14.214663192176147
25946,11.958556938027847
25947,20.91551339721796
25948,20.967499874920417
25949,12.745132391219213
25950,13.205782343628051
25951,14.242590817248175
25952,15.208214099807952
25953,24.28517428452579
25954,12.114601145738664
25955,18.07623618245713
25956,16.74347283751532
25957,15.628904859530518
25958,20.120479692837485
25959,17.95109538708962
25960,15.402343735030033
25961,18.189539954202942
25962,10.795806387912034
25963,18.113825571010153
25964,15.512551252070484
25965,11.760700179532762
25966,18.3727253713417
25967,23.6245593393525
25968,16.65311147135815
25969,14.23183550373571
25970,15.371139819768073
25971,14.17941987069055
25972,11.724942832165675
25973,25.73734917237235
25974,10.666118301441362
25975,18.99678162839632
25976,17.557376203698617
25977,15.590756122330923
25978,13.392035110015119
25979,13.67240723156964
25980,10.050358753871013
25981,16.41714119886838
25982,13.264279880657735
25983,13.019315826759694
25984,13.581788165644344
25985,17.729258102023515
25986,14.62385868056609
25987,16.643960617626256
25988,17.97213856533464
25989,16.851626742258652
25990,19.603609279194735
25991,15.325091862692576
25992,10.879353287531389
25993,17.17737041703122
25994,9.886980132524847
25995,18.208482698175708
25996,11.47818041380421
25997,18.056377171764115
25998,13.306496705075832
25999,13.479662675471522
26000,18.642811985835323
26001,13.529344559025995
26002,16.27773893660831
26003,16.610360002048857
26004,8.738296487814898
26005,15.813615455459734
26006,13.245749677948194
26007,13.825954308069548
26008,18.62717973020898
26009,17.50767984808128
26010,15.050735999053808
26011,17.157521785512344
26012,18.567472623150067
26013,20.586763411825657
26014,15.377416898386334
26015,13.546192921377287
26016,14.19937796501672
26017,9.283669446683577
26018,14.099793025057672
26019,23.85819559301901
26020,13.248319186504457
26021,17.05082212225046
26022,14.410440784611705
26023,18.533593893707177
26024,15.480124959401106
26025,13.887168051938602
26026,18.3587958344674
26027,15.273908092422843
26028,12.802532044687933
26029,18.326857117027934
26030,14.691644672547291
26031,17.502456006130053
26032,14.22548699791099
26033,12.63174802528577
26034,11.802173085370601
26035,17.922127346765556
26036,19.479671325300227
26037,22.98801419500167
26038,15.813645553076611
26039,15.173675355889609
26040,12.359707825105518
26041,13.68840737164547
26042,16.553678997328994
26043,12.28192060726862
26044,17.490167444298788
26045,17.767665878667614
26046,14.280853210715652
26047,13.847929062113332
26048,19.84327883134992
26049,19.680642322745726
26050,18.154148104499747
26051,11.040372668755342
26052,14.415395123995946
26053,20.563683735512576
26054,15.176916862142729
26055,12.881839068120225
26056,11.73674534168783
26057,17.3914249000751
26058,21.471827505516934
26059,18.614630325981153
26060,12.57712507057089
26061,19.012779184792436
26062,13.79851153275352
26063,15.839862185107659
26064,9.101103775462942
26065,19.61561787957438
26066,18.976002683272636
26067,14.924692611907668
26068,17.007165249962753
26069,21.981578983057442
26070,20.68990095247412
26071,12.646738849657206
26072,18.634447030762196
26073,22.573299612406956
26074,16.667756057857282
26075,18.17418086169702
26076,14.575365932186154
26077,14.831972264916374
26078,15.327825234058905
26079,11.843278550693801
26080,11.103939023554982
26081,19.621909857919775
26082,17.777856703141246
26083,16.764459819127296
26084,12.067796700733878
26085,12.162799441308742
26086,16.216582960133124
26087,16.560365691042804
26088,10.92388740607157
26089,7.4598225216546235
26090,12.326637945773623
26091,22.179477355792294
26092,16.431232783568372
26093,10.758513987260741
26094,18.361009046805844
26095,14.259937783911582
26096,16.9859970462129
26097,25.172654594800136
26098,16.774114949631155
26099,20.122140701422996
26100,17.031948652866184
26101,21.96774876380973
26102,17.595426849997246
26103,17.18853442907592
26104,16.377863852025676
26105,13.375934266438911
26106,8.923507790965479
26107,15.6154654011977
26108,19.444767864604913
26109,19.367600253742545
26110,10.760730089031686
26111,17.40283989695788
26112,22.298530221610402
26113,14.260452531898808
26114,19.289513005581597
26115,16.2203862032347
26116,18.37120992138474
26117,14.299858629274972
26118,13.959474324727841
26119,18.58343437098458
26120,13.647034537321197
26121,17.104375800295237
26122,24.947504962688893
26123,11.39430605414583
26124,16.638383258658273
26125,14.183073914627856
26126,13.892256000461888
26127,10.514440914929903
26128,10.41060173569035
26129,16.21809988734367
26130,15.020886162673635
26131,18.072969062832772
26132,15.32278590498637
26133,23.864390918264935
26134,13.416177626547588
26135,12.76607398704606
26136,15.345129399773393
26137,18.160803422611977
26138,15.781994748685452
26139,13.975012207613325
26140,13.468752060784752
26141,21.709507895651974
26142,13.089738653028313
26143,12.36630257090682
26144,16.579166657855502
26145,20.807029081685418
26146,12.294208810806484
26147,16.32315869852331
26148,13.008441578645959
26149,16.301765903472653
26150,22.002829446833623
26151,25.09599442676425
26152,13.453733042798849
26153,15.864980786170143
26154,15.211746242040963
26155,10.722633968760354
26156,19.03266320348346
26157,15.458136263389079
26158,12.279015893027054
26159,15.209892828093551
26160,20.602586024732734
26161,11.002085569873646
26162,14.551691326699045
26163,14.172509227425097
26164,17.713077898475202
26165,18.36332855514899
26166,16.341374929212687
26167,15.581389435091308
26168,18.98983258881137
26169,12.73626972052317
26170,20.035656694525095
26171,16.408088710372716
26172,16.305755072533692
26173,16.607206388645288
26174,12.017094633685101
26175,20.15596071760466
26176,12.56356180452965
26177,18.30365884608395
26178,12.20562970985623
26179,15.28192904677039
26180,22.202959496142206
26181,21.069474147139662
26182,17.44664650894804
26183,15.11076663371942
26184,12.705475871948243
26185,22.3428977072031
26186,16.41532684297203
26187,16.09971829002964
26188,21.85688400649265
26189,18.580681594062806
26190,17.718202970667193
26191,19.614057941939667
26192,19.17799683070685
26193,18.4787759891217
26194,15.578018753411966
26195,12.454443831399505
26196,14.876818876647034
26197,12.71281216891608
26198,20.856985744054256
26199,10.147089094124777
26200,9.923502659404258
26201,16.024010350121735
26202,12.995049815822991
26203,9.08261565280132
26204,12.759501306732659
26205,12.730006409484137
26206,11.016428411844808
26207,14.937170521438468
26208,20.466844642524958
26209,20.567435635928238
26210,22.717369659148353
26211,14.381780137309747
26212,22.971422236329083
26213,14.92178206730701
26214,11.606613738450733
26215,16.217264768286526
26216,18.554955447891132
26217,14.706364809426315
26218,16.771347188294687
26219,19.51125669792743
26220,15.276588799337217
26221,16.017931589875847
26222,21.490288381177333
26223,20.03471182849376
26224,13.729820599819414
26225,16.380497220643086
26226,13.042523935529214
26227,19.287476108409372
26228,19.54299415814302
26229,19.063508364324065
26230,8.040610662337787
26231,13.74922225217841
26232,11.836852315395841
26233,14.698233090406205
26234,18.7797365260336
26235,17.238101248103995
26236,15.128966066971167
26237,20.44175498159158
26238,12.90536368428389
26239,20.887416577220844
26240,16.013208269792077
26241,10.693767796965304
26242,15.93767560336485
26243,16.497877821450828
26244,15.804275909993285
26245,16.44872426070738
26246,11.750947327094968
26247,13.957801011940653
26248,13.352174196009337
26249,13.529999550011237
26250,21.202148832044607
26251,14.301950315975684
26252,14.61611146367484
26253,13.130809997381563
26254,15.886637869839301
26255,17.800216756788586
26256,19.683468421569756
26257,7.309669157177046
26258,15.320312266671788
26259,10.70951793686778
26260,14.050869758488044
26261,16.084223390130294
26262,12.538229506196197
26263,13.568476543443673
26264,17.781327291756316
26265,19.11543526753848
26266,13.950761003292481
26267,17.273048064249444
26268,17.66491702625872
26269,17.60091467722762
26270,16.21039586463348
26271,17.825655595439144
26272,17.148889246698204
26273,16.68489539068438
26274,13.566855199067287
26275,16.394241828979627
26276,17.89711935304082
26277,16.7481600894007
26278,14.371445785910243
26279,19.464858950659472
26280,15.832103011569536
26281,14.544557260379225
26282,18.497855041339754
26283,15.29596688429993
26284,22.820924099069558
26285,17.051632061415336
26286,11.267750864699753
26287,10.603353849346863
26288,17.29700432659135
26289,16.971047707283525
26290,12.816815012052242
26291,13.690566005224017
26292,21.067967032610888
26293,13.685827804643527
26294,14.222060517944023
26295,20.00234406027319
26296,11.163054666253398
26297,19.31545173218158
26298,15.901963905964472
26299,22.936826042298108
26300,18.494101711306925
26301,14.601300360817755
26302,20.280054037841367
26303,16.16184469825839
26304,17.016503569891885
26305,25.335206212882838
26306,14.368276924568805
26307,15.010926605986803
26308,13.376483838742137
26309,13.619186499374354
26310,24.04882524412153
26311,23.070601283265177
26312,16.32297873687027
26313,12.80525455883075
26314,14.089865614074029
26315,15.27268388172989
26316,19.35535541064285
26317,12.812926003744057
26318,16.464609558594827
26319,11.772182078488036
26320,17.382375891788442
26321,9.86688291569357
26322,16.031244903356892
26323,14.181105891770681
26324,12.550507289570827
26325,18.552928391643633
26326,11.818140281122574
26327,15.345907050424263
26328,17.857317479050472
26329,14.92715079105838
26330,17.392273969220746
26331,10.772758334056093
26332,10.671297142968587
26333,15.477682899517621
26334,17.665397935723774
26335,23.770261398997484
26336,15.980248748366236
26337,18.475425244247525
26338,18.73563777379941
26339,13.500845335231336
26340,15.155668939869745
26341,19.82754104983569
26342,15.56376954152173
26343,10.941082102813555
26344,17.943098131563705
26345,13.476283894587882
26346,18.994487141394085
26347,12.518789980260376
26348,11.452231640013144
26349,21.698861814924445
26350,14.92937067431589
26351,14.59022674252679
26352,19.826041270983467
26353,17.9575560879669
26354,13.172265462856167
26355,25.348103107175287
26356,11.968504866825555
26357,18.42297067834724
26358,13.19927279923946
26359,16.786106644661068
26360,16.18062131840041
26361,20.043241596308143
26362,10.653203098838173
26363,9.226724242446359
26364,14.596722445272919
26365,16.469232509066675
26366,18.845104315066855
26367,18.495776602630833
26368,18.86929665885713
26369,20.031463358653554
26370,14.361577720009436
26371,17.878825987546414
26372,18.4348557902218
26373,13.67179049425842
26374,11.414702383660877
26375,10.784906947299014
26376,17.74192882070875
26377,23.32468976681939
26378,18.379983777491443
26379,11.603714456501983
26380,14.15770147367287
26381,15.36847583897042
26382,10.286295434195875
26383,22.1823431619026
26384,17.91362218579397
26385,11.127549887249547
26386,17.518757706133506
26387,17.655724314723777
26388,14.73750900803385
26389,17.9717834814782
26390,12.762538188297926
26391,21.022761705292297
26392,15.010847561091467
26393,16.027666454048212
26394,20.940725523049906
26395,18.042240547327523
26396,15.16936087829613
26397,15.303799866009513
26398,12.054357214665002
26399,16.517576546196118
26400,16.34876685940334
26401,15.06544920283361
26402,13.047417146535123
26403,15.02473927096186
26404,16.676231083435617
26405,10.359505176311083
26406,25.49117566267533
26407,19.05587430262518
26408,15.545642814055594
26409,12.194435222605176
26410,15.629064492519467
26411,11.43416904451492
26412,14.789150641204262
26413,12.533559916024647
26414,14.179742599833633
26415,19.4068895376893
26416,21.06459441099869
26417,22.9766389891729
26418,16.199666413482813
26419,11.978466599459438
26420,18.75294208415768
26421,20.80194098656472
26422,24.661141154721996
26423,11.00114267236924
26424,22.58668583145114
26425,11.422641003892867
26426,10.104248247617098
26427,21.702405458122804
26428,14.152276751314854
26429,17.602356487138408
26430,13.460496724592174
26431,19.639213015592475
26432,12.799000190977097
26433,14.981202401761369
26434,20.26949910790902
26435,11.26784901350684
26436,25.5730814170161
26437,12.044809378062283
26438,22.07255381751998
26439,13.464309691191863
26440,17.08125775483678
26441,22.931289930555025
26442,18.347426973096958
26443,15.513659677849247
26444,12.868997692017935
26445,21.3419817428832
26446,17.26403154333048
26447,17.290691183653095
26448,13.437947805907612
26449,20.34140702774285
26450,15.370857516403474
26451,14.850847525756304
26452,13.66244003812736
26453,11.994357713585046
26454,14.3533618869842
26455,17.323652257222548
26456,12.184489098591943
26457,18.139266728133208
26458,14.059768071434908
26459,11.872288997125263
26460,15.451133304440699
26461,18.325316139178
26462,22.99995016644925
26463,14.11164616987709
26464,14.48206566916078
26465,10.334962781583569
26466,19.42746765515448
26467,12.947706693178956
26468,10.972967261030316
26469,13.253950195913472
26470,13.29207170446363
26471,10.884076729059567
26472,17.83018672488405
26473,11.45190732547451
26474,14.541447380692459
26475,12.036078751322256
26476,14.018791474320098
26477,18.58451438939784
26478,20.908501605898287
26479,15.094399599186316
26480,19.0946795826009
26481,19.22176548804297
26482,16.029461112046707
26483,12.686574669310582
26484,9.084098201259703
26485,14.457289019573464
26486,15.370195135690588
26487,20.211619098339565
26488,14.693331736916832
26489,15.98308693358977
26490,16.354440479217637
26491,16.934465485402086
26492,16.15210120724502
26493,15.301344534948045
26494,19.647095186610226
26495,14.418725045687127
26496,11.47396072606619
26497,17.3484238831911
26498,16.781870090536493
26499,17.208908885911576
26500,16.99649057526494
26501,17.874433659852308
26502,20.14141794411755
26503,11.93084374933169
26504,16.694003210191344
26505,7.708417834366828
26506,12.129454646269835
26507,18.305426393722545
26508,11.731401651641749
26509,22.626354488206086
26510,23.251948469895737
26511,15.614634377294722
26512,20.427423377954835
26513,17.832245902294225
26514,17.64506247674386
26515,18.632154381875438
26516,16.059542973645883
26517,11.705781391586353
26518,12.954934645270903
26519,9.070458776049488
26520,18.382785158246016
26521,12.778083708791215
26522,13.400233184249688
26523,16.36454363802559
26524,16.749453106534745
26525,13.359954587031863
26526,18.277757919795235
26527,12.967027648022633
26528,13.625355220787156
26529,20.846192015803958
26530,14.25433249015109
26531,20.563794907886425
26532,17.318831343991995
26533,22.186989338641165
26534,13.790357207084353
26535,17.888523766876162
26536,15.769309663433202
26537,16.023239187247746
26538,13.758150545638655
26539,11.63416587016152
26540,17.646150700553555
26541,12.923451305946212
26542,16.329935906608313
26543,19.976302029470045
26544,11.352199383213136
26545,18.332491458224773
26546,16.627390546054855
26547,13.77612265967398
26548,19.897671071755916
26549,14.993791953969447
26550,10.55901862715658
26551,12.276504344972892
26552,14.380748157128869
26553,19.03886196691233
26554,18.26904530304884
26555,17.083451315218287
26556,12.307238288211867
26557,14.669965923866576
26558,11.681449843316603
26559,16.209793980560555
26560,10.100754772669017
26561,14.823343227808769
26562,17.561989460911377
26563,16.063929296191585
26564,12.110704916843606
26565,13.581308055335535
26566,17.196616347961506
26567,16.831806308186003
26568,21.61000592221105
26569,21.74173817929831
26570,13.232847668328262
26571,16.95834981234894
26572,20.672183351897253
26573,16.34815009635918
26574,13.312841834915238
26575,14.259008110505091
26576,20.483972361617408
26577,14.893884652394563
26578,17.629827042967428
26579,22.048558240988413
26580,18.176956663367548
26581,18.589410426466216
26582,11.760349741024744
26583,13.475722515147789
26584,11.942089263197076
26585,19.113961856589356
26586,12.930878255823266
26587,11.790219869652372
26588,13.539985795556934
26589,12.191478215589267
26590,15.691552887265487
26591,19.05157918238629
26592,19.359557152536546
26593,16.484336393284757
26594,21.042938045170587
26595,15.643519798445485
26596,19.742057180872408
26597,17.669529081658816
26598,16.371031736231526
26599,19.336319955169856
26600,20.048056387966277
26601,14.750240854483733
26602,17.204181827735418
26603,17.286324447497186
26604,14.785547954889322
26605,17.264742389168408
26606,14.838286581640611
26607,14.76829998712065
26608,12.49466478782562
26609,10.413695965191263
26610,12.2167330544807
26611,16.71088983183681
26612,15.18388338367862
26613,16.52621087336574
26614,16.60920711710861
26615,21.126068338031878
26616,15.650423427863146
26617,16.837151113821534
26618,12.445301606483323
26619,14.060532201561841
26620,16.60545060593787
26621,17.332009713140806
26622,14.712706530953556
26623,12.91790192256185
26624,9.61347097288191
26625,21.34495630503108
26626,12.37077486420636
26627,8.961881309081875
26628,15.27758854096886
26629,16.498809859523544
26630,17.74201869417507
26631,11.03756238240781
26632,14.895088601681799
26633,13.273929088090295
26634,11.88999491389575
26635,9.865547865737634
26636,11.351576660356686
26637,11.868496835812232
26638,11.793464502230863
26639,16.511163699450854
26640,19.07165015363254
26641,17.917741235618138
26642,11.987597065972341
26643,15.647711097496284
26644,21.88795273225133
26645,16.44331441997757
26646,11.906679368372473
26647,13.07717945036625
26648,14.564948039010668
26649,12.856134769980004
26650,14.774533909302535
26651,18.734349355299763
26652,14.462196844853448
26653,14.874690129220795
26654,20.529773196863445
26655,15.988942106006254
26656,13.957327736493198
26657,16.65402570243402
26658,13.887961255860706
26659,14.626016648518945
26660,18.673065503952724
26661,15.492184229898863
26662,10.899714383639857
26663,17.6560591088001
26664,11.040682240947914
26665,13.273345326281465
26666,11.46411278167848
26667,16.180812082816303
26668,13.056089649758011
26669,11.145964143478675
26670,14.871256080790348
26671,13.960311630442574
26672,17.205305311518977
26673,12.775137343693432
26674,17.883418207991838
26675,15.143718130982517
26676,14.169126133535519
26677,21.730862962587608
26678,15.953264253911662
26679,16.99678319939753
26680,12.199246624475936
26681,18.518123301243115
26682,17.53232665444682
26683,17.509650623314805
26684,16.69399271577125
26685,17.11569249325813
26686,14.127379130596443
26687,17.36527152667329
26688,13.421321690083115
26689,15.709547873090411
26690,20.509771190423525
26691,15.892263683752919
26692,20.37891302786069
26693,18.29069727987465
26694,13.908379248111114
26695,15.991084204892527
26696,14.449825604344856
26697,18.852054827710937
26698,11.98046871613963
26699,13.711582320855662
26700,16.16984366652289
26701,11.793619596748046
26702,15.12492328084273
26703,14.881907496635263
26704,17.689297922733424
26705,15.332842581851914
26706,16.483933080997726
26707,20.49918085971936
26708,20.54291636890211
26709,15.365571197577506
26710,18.491398802615883
26711,20.128860302197374
26712,14.799450570059635
26713,16.22072688697022
26714,11.704315569698513
26715,12.65607623384961
26716,14.877717282610181
26717,24.379617512145202
26718,21.65536621940685
26719,14.95120647661291
26720,23.761338870600976
26721,8.171646329886071
26722,23.479337002410055
26723,10.577410090431346
26724,12.871060230615942
26725,18.22912699660698
26726,13.426800555456289
26727,11.309972920779998
26728,13.82132413549948
26729,16.17629805062271
26730,13.88960095751958
26731,19.450172446469757
26732,13.373137253645464
26733,11.497985315719994
26734,13.991314163970227
26735,15.582048886125783
26736,10.128469548964263
26737,15.175221476511542
26738,10.743015640116043
26739,15.53714873180481
26740,18.116588770748024
26741,15.981619714919194
26742,15.11287504291944
26743,13.9114059451829
26744,16.72554098656101
26745,16.794250090078236
26746,17.837398822926477
26747,12.355573072128031
26748,9.514564572547489
26749,15.206987983655477
26750,11.343486806125075
26751,15.452449874736788
26752,16.130942097431877
26753,17.98875515379912
26754,10.578382927938204
26755,11.627426158831105
26756,13.794854581493563
26757,17.35106489138408
26758,16.843340186377436
26759,18.300717963150724
26760,12.825658731495759
26761,14.93251948461594
26762,7.829224227518747
26763,14.330751535110448
26764,13.700467065065142
26765,16.803717575459082
26766,11.94260022836519
26767,20.82294473973883
26768,18.557610028054146
26769,20.672897111417093
26770,15.118381912750431
26771,17.674312865199358
26772,14.615595140139176
26773,19.478370944368407
26774,11.127984204023434
26775,12.69615234931167
26776,16.634249860285713
26777,13.956056873738799
26778,18.779517376817314
26779,15.550800677990178
26780,12.880281071109895
26781,13.472704543644708
26782,18.879934841830206
26783,15.99742415373907
26784,12.021390480780656
26785,15.02463068216105
26786,13.972601408035525
26787,12.548589298793441
26788,22.74764053016434
26789,14.752868214526988
26790,17.150634749974486
26791,14.149597842044141
26792,21.08316836935958
26793,15.484896075689276
26794,16.049292389097392
26795,21.166190105246613
26796,18.66492235563748
26797,17.56690262136014
26798,14.204966712444175
26799,18.648005346332344
26800,11.562215289615256
26801,14.278133951270563
26802,15.182775823775074
26803,14.692636625358645
26804,15.122128638754646
26805,24.04980324011519
26806,15.023777863979042
26807,21.944785025116254
26808,14.598963445412789
26809,15.830648397661324
26810,8.62153071310356
26811,14.342545640916383
26812,19.180918810433738
26813,16.55563156899038
26814,17.342397819123022
26815,11.518818646223213
26816,15.171583408014614
26817,13.057042496754292
26818,10.808201265235464
26819,20.16763112132503
26820,14.973552407369976
26821,9.394132488644418
26822,16.112075530826427
26823,10.809770692506657
26824,16.301240612223957
26825,16.247979717666972
26826,18.79173842733666
26827,18.323935728152257
26828,14.333449679786547
26829,15.26873568153877
26830,17.6436834855537
26831,9.726262728137687
26832,19.23766743510448
26833,10.739943161773198
26834,11.367598332687416
26835,15.55879084084959
26836,20.02422381791522
26837,17.515695790121462
26838,12.743452553691753
26839,16.46620308596297
26840,6.505486859192527
26841,16.29420852191146
26842,7.208953460045005
26843,15.817680147179216
26844,19.262100160381245
26845,16.16032328782382
26846,13.0929524096415
26847,15.34572480167457
26848,16.733683503156655
26849,15.386272760718153
26850,13.849831837957503
26851,14.72013737280517
26852,22.018127382124796
26853,15.498227914025424
26854,22.4074838903895
26855,16.9482892777995
26856,21.1150628014555
26857,15.176176131691202
26858,16.984897339150756
26859,15.521287311455911
26860,17.630190694271974
26861,11.499629255271195
26862,20.18341687829514
26863,19.876050499815776
26864,17.795987658591493
26865,22.246975026337417
26866,14.877206961112176
26867,20.390901436162263
26868,15.29823571767889
26869,13.998154426675805
26870,17.942453099988484
26871,15.38514262302985
26872,13.363836391468745
26873,20.683470922316115
26874,16.700437801844615
26875,20.626355861098446
26876,12.74146719774393
26877,21.27806461710751
26878,20.103453909411023
26879,16.771300872748853
26880,14.502426895363332
26881,19.571158337877897
26882,12.560019327935844
26883,12.04956424922263
26884,14.08867874425607
26885,14.605779747382865
26886,16.92092130721155
26887,12.24963661399374
26888,16.203348124533377
26889,17.493904759462346
26890,13.141443280074142
26891,19.06678459157162
26892,18.33858494962196
26893,18.465845885183064
26894,17.10311535568931
26895,11.567509103955683
26896,16.09541702558618
26897,18.279497876771426
26898,19.30676678109576
26899,14.581795796485704
26900,14.133442462698506
26901,18.74468195837391
26902,13.851267824161033
26903,17.448895234690056
26904,16.42607217351835
26905,11.016092741205128
26906,6.848828976366918
26907,18.18991613463275
26908,20.134259301040515
26909,19.81642009812474
26910,18.891843800559652
26911,18.496495072191827
26912,18.33115734837924
26913,20.129887268542497
26914,13.537741711890458
26915,18.887966175552485
26916,20.734229900278386
26917,15.113195903160937
26918,23.79624622179451
26919,10.519779924169063
26920,22.787635721782856
26921,13.835543993917986
26922,16.953290362289742
26923,13.176786141619992
26924,14.887928269060236
26925,20.839374030241263
26926,19.7989783656097
26927,10.62000990159489
26928,17.107573853398947
26929,21.097178417271074
26930,21.01593882588878
26931,12.741849927648747
26932,16.95166177341972
26933,20.26023308234432
26934,17.13038234054899
26935,14.479043189706216
26936,16.146846004237062
26937,15.984548604184416
26938,16.410629347797776
26939,16.51165018297963
26940,16.106201695639992
26941,10.806657707007158
26942,18.328373116755916
26943,15.706577024727146
26944,20.994706446049555
26945,15.44938379281556
26946,16.754298525190052
26947,15.15108978123317
26948,13.182768950150303
26949,10.675933419368414
26950,13.58146162024605
26951,11.676525800620905
26952,17.063774029025424
26953,15.195710434195952
26954,14.869711587542309
26955,15.070994221201898
26956,19.47797631313687
26957,11.866684444341615
26958,17.751753316018036
26959,17.241320703694097
26960,11.36476107775207
26961,17.925064701958178
26962,19.08268924303195
26963,20.52427941056543
26964,19.75863834876217
26965,15.259589913808359
26966,10.36674374560558
26967,19.890858252296436
26968,21.020990426808197
26969,13.791270854062361
26970,15.107245811853108
26971,14.499502398746408
26972,16.790759268435124
26973,20.15253638290457
26974,12.060872475491507
26975,16.887669128162685
26976,10.686015389444648
26977,17.428987512046398
26978,17.95960129664121
26979,12.704579766091568
26980,16.742186412031042
26981,21.572449834689213
26982,8.812658366327874
26983,18.647196473390117
26984,13.496721604846645
26985,10.518484958204006
26986,16.492574445761008
26987,18.425307037810384
26988,14.959286806791889
26989,18.73616670864489
26990,22.07472144754837
26991,13.266856748248973
26992,13.099645464209578
26993,11.72449095915495
26994,15.157434682198815
26995,12.568601967854999
26996,17.302227114860898
26997,16.960318802405872
26998,7.7700860453077505
26999,20.394217151218296
27000,13.42364198248859
27001,16.22010425056401
27002,19.257654912720227
27003,21.431323276703758
27004,14.14805205999806
27005,12.697895421713868
27006,11.303495606707106
27007,16.172273714602746
27008,13.442530601672047
27009,17.153464073216796
27010,13.074042965495671
27011,21.0431056617735
27012,14.250239453081901
27013,9.194372605154758
27014,20.415334089524343
27015,14.838238020771312
27016,9.275318934656683
27017,19.63954117606585
27018,14.829907417795535
27019,18.95986875789729
27020,16.2177968183035
27021,20.493811832538533
27022,16.03441292471153
27023,20.027879090416867
27024,12.722158786216685
27025,16.580626704477726
27026,14.427817505783604
27027,12.291548890202353
27028,17.844064394431133
27029,18.95336823497192
27030,14.35182222847061
27031,19.71666257914766
27032,18.998939571984444
27033,12.40517003243308
27034,19.430603985121135
27035,9.861849301468741
27036,21.322417339475052
27037,15.4207093114316
27038,14.414342808042713
27039,13.477206252169655
27040,19.725683816932353
27041,16.51795773247663
27042,18.23790339875255
27043,13.543692140348984
27044,19.302759267179148
27045,11.960964128251327
27046,15.085684796388406
27047,14.250575550608966
27048,11.946569025058366
27049,20.568351308102656
27050,14.333346622118274
27051,10.467743571697653
27052,17.337603491151615
27053,19.896320938993227
27054,10.578225915503024
27055,18.397787244580485
27056,11.981034774341031
27057,17.303065768626954
27058,13.261137643567217
27059,16.526563176272795
27060,15.893335414648623
27061,16.24336352599798
27062,17.84338157976203
27063,20.05815429224881
27064,21.298083941385727
27065,13.456777543207075
27066,14.505187989429789
27067,13.0669457717704
27068,22.46279821410949
27069,6.519243144488734
27070,11.154164451173266
27071,18.234470520375734
27072,10.98696329359455
27073,13.065888575926934
27074,24.16418961224995
27075,20.488403016434464
27076,10.018054666161014
27077,21.595346396034287
27078,18.23160528757345
27079,12.6678080216582
27080,14.701799594993318
27081,12.37983292774633
27082,18.23111193833012
27083,12.380148213708704
27084,18.457338868190966
27085,16.350678306817613
27086,16.089027504151364
27087,13.10069690071928
27088,17.241725065118892
27089,16.159832205630924
27090,18.231085449769168
27091,13.642530419688107
27092,18.229523426500066
27093,16.58184849884318
27094,14.654610801630808
27095,12.014899620666727
27096,16.603637817168728
27097,16.454848332251785
27098,14.820573626406425
27099,12.246227941681827
27100,15.320409901282225
27101,7.772489206681612
27102,18.782718198060692
27103,14.85404611691791
27104,17.65869619442317
27105,10.697922114597496
27106,22.15346248260465
27107,16.469182809760618
27108,19.5417657008054
27109,14.69452122251991
27110,11.209275532669412
27111,15.255948536907837
27112,13.943829744470463
27113,10.28956001971083
27114,14.678319907890343
27115,16.873503286937826
27116,17.188339105020354
27117,16.273364077635424
27118,13.429766434564032
27119,9.75040942224109
27120,12.537118380113569
27121,14.502100994632142
27122,16.262481125805405
27123,15.014408871923116
27124,11.299903747908328
27125,13.857663917774829
27126,20.64332241745504
27127,11.049011944409475
27128,10.739793445216135
27129,13.007891585898433
27130,12.43379943399416
27131,19.184753961339098
27132,17.654022137745923
27133,13.540913748748562
27134,15.728076975672309
27135,13.792775569480453
27136,13.366837874153937
27137,17.79887962438927
27138,10.844912408161115
27139,12.547753724757285
27140,12.517065683768397
27141,13.644288777534628
27142,18.266037410289393
27143,16.657816946302
27144,16.300096745506817
27145,10.978546839650157
27146,17.048124302741346
27147,15.954238195977009
27148,14.175562119140954
27149,19.215013972780874
27150,14.830096706458297
27151,12.572063198926346
27152,18.567263674088814
27153,11.733249585488537
27154,22.97039760048888
27155,16.29614508126977
27156,12.702456579456342
27157,16.06019338071501
27158,15.833880307586421
27159,13.389953959415372
27160,18.035100314707105
27161,10.757686047479329
27162,14.174859488408078
27163,13.415633071750626
27164,16.237462412342115
27165,14.675425287760326
27166,13.843487496424615
27167,16.36859283767637
27168,11.394303121833538
27169,16.6158002554997
27170,12.46535348825595
27171,21.486870565194252
27172,11.432196291767077
27173,12.922063548536421
27174,16.81978512440323
27175,22.539192647404352
27176,10.75078825206074
27177,15.086781727735733
27178,9.217040111372338
27179,19.56114345819922
27180,15.151993617105282
27181,12.31492287515665
27182,12.456028275353514
27183,8.430194239786932
27184,13.41389830847445
27185,18.200355498828035
27186,18.83142438716186
27187,21.248938673868466
27188,14.63219398631756
27189,15.498183485533852
27190,13.336672905623061
27191,10.86358007785391
27192,21.140599424977797
27193,19.075476380221055
27194,11.068097140967291
27195,16.539179444558783
27196,14.417354302892898
27197,17.00199412137912
27198,18.495427722622377
27199,12.67120128137518
27200,17.41299233822408
27201,15.325232320568592
27202,14.44558957253686
27203,13.366097935880036
27204,17.768856601445783
27205,18.15350701148325
27206,17.29772873909782
27207,24.75068384009906
27208,17.157971020943155
27209,16.284712319504287
27210,13.556804364358035
27211,20.012402853023996
27212,19.77314625479659
27213,19.711877743611062
27214,16.987224723986216
27215,15.635574082274044
27216,16.52543814827789
27217,16.650544113471092
27218,17.79315314790819
27219,20.340152782465843
27220,11.188173818569371
27221,14.604282353569296
27222,17.833301154160225
27223,24.187192521095298
27224,19.31231115269052
27225,12.18353017425795
27226,18.98941770544426
27227,14.185156792963465
27228,10.135120676491375
27229,16.10818103092795
27230,19.223918561533363
27231,16.44254532986157
27232,14.88862808955533
27233,13.765442569513166
27234,13.43580334169349
27235,12.544271675033968
27236,14.667324412832462
27237,15.554812433543287
27238,18.37224885337995
27239,10.386388570742408
27240,14.726093656189978
27241,11.879999868772963
27242,12.117325997586121
27243,15.674213730368244
27244,19.190456497484824
27245,16.87663332665643
27246,15.526199247876042
27247,16.0729334821971
27248,21.563506771053863
27249,14.749333006491513
27250,14.927246557909376
27251,16.648539918412034
27252,16.567418682901053
27253,15.131367903675784
27254,10.205914835992523
27255,13.80636435071173
27256,10.487660250486902
27257,17.18643575962158
27258,15.233451104878943
27259,12.114378653420331
27260,19.217702584912956
27261,15.161304017876523
27262,20.060862057618227
27263,17.789832840529243
27264,13.518243956196926
27265,16.94184445974237
27266,9.85598250408771
27267,13.26038705648602
27268,12.99143034990552
27269,17.271585181534036
27270,18.406572515548113
27271,24.481060519839076
27272,10.885054300465917
27273,18.657068015435463
27274,12.740965877374629
27275,14.854455384136363
27276,13.883367068779439
27277,20.954638036113472
27278,11.809688572881145
27279,14.07696668752629
27280,14.31588081173448
27281,10.872827436040092
27282,15.134672948831115
27283,12.739978478484058
27284,12.324434116036226
27285,8.840278673549165
27286,16.67653804586125
27287,14.317274537969517
27288,11.93152491037305
27289,8.896165495046898
27290,21.04894785006215
27291,16.620631642011002
27292,13.698838623175469
27293,10.881746150689878
27294,17.893906462507744
27295,16.734986712285778
27296,18.03967170559101
27297,17.447929522924674
27298,15.572261946963497
27299,13.078011710194833
27300,18.533622169592718
27301,16.89518918740557
27302,18.562046719088855
27303,25.30434325470165
27304,12.264924864780443
27305,22.48169466130059
27306,12.018792275716127
27307,13.713618568270043
27308,9.925554797190348
27309,19.642283800737538
27310,12.340737568623744
27311,16.174894205253796
27312,18.019826005586793
27313,12.97770311764626
27314,19.40261073335243
27315,10.604085660513752
27316,16.375309048143937
27317,15.108118984727927
27318,15.331881848804677
27319,11.869276759693214
27320,15.84596273577628
27321,15.04858734246547
27322,12.365295479314309
27323,9.17820863374641
27324,13.116213315249066
27325,14.388550764665066
27326,14.646959248795335
27327,14.45220792210853
27328,12.73972499882538
27329,19.778597860168738
27330,15.433905873937743
27331,21.15117359585725
27332,16.57621966140892
27333,11.733082562398616
27334,13.253656363534933
27335,11.636581247468662
27336,11.135529580740089
27337,17.5868795310664
27338,16.04513119894622
27339,14.231217425391538
27340,11.531291049779625
27341,9.794943881820569
27342,19.17135462598221
27343,14.965422420956326
27344,21.498247258352368
27345,11.345871703817744
27346,15.462135577252557
27347,17.024457253031063
27348,13.28002190504995
27349,11.405549201942383
27350,19.134034288210735
27351,14.501178585631374
27352,11.746860500918174
27353,9.872551826157963
27354,12.114889801458787
27355,17.02316481576885
27356,14.454445681808853
27357,17.887255433131763
27358,12.257936574337986
27359,20.09899184943512
27360,11.881670474366334
27361,13.383514188417024
27362,17.362959021197135
27363,19.49907644295569
27364,11.242416421249331
27365,13.527083390624668
27366,18.95326003016847
27367,10.744183940195246
27368,13.273163734956045
27369,17.957280046646293
27370,17.0774367720378
27371,22.529644087282946
27372,18.52174360961456
27373,12.496452316321076
27374,10.905868379676065
27375,19.639022360364905
27376,10.562598653410078
27377,17.579971484225744
27378,19.282238669214735
27379,22.781575753083235
27380,19.566168438165963
27381,18.05407149032592
27382,16.244915843626284
27383,17.441765150001938
27384,11.799745874452121
27385,12.107963198425377
27386,11.915428111780031
27387,8.436119390758135
27388,18.999301114602034
27389,17.51985040613396
27390,15.286201025228928
27391,16.386014614527497
27392,13.053404107150916
27393,16.718521322483866
27394,13.70153743437792
27395,8.923424557407937
27396,15.053685576125101
27397,15.935817815926727
27398,14.425842083469277
27399,21.49024917429921
27400,17.14192954109081
27401,13.681971654766368
27402,12.468433536354283
27403,9.796915491678368
27404,22.503349625232847
27405,10.781148561698078
27406,14.518868357377542
27407,20.694225225270557
27408,17.129009800196105
27409,17.372133288181864
27410,16.90728117633883
27411,24.627097701986855
27412,16.146953634892686
27413,13.273092178657198
27414,17.716229284180145
27415,20.420553326646754
27416,17.308791241056653
27417,11.960543081977207
27418,17.381998358464124
27419,14.36677230949346
27420,19.997706000495775
27421,23.44317282336248
27422,12.43801851068897
27423,8.757087433606259
27424,8.873131126906753
27425,17.346040601936544
27426,11.897351507788489
27427,13.400954900967402
27428,12.584159772777568
27429,22.79151304242081
27430,17.893656940010075
27431,19.063050803390844
27432,19.077862826456958
27433,17.69818884280582
27434,10.690201943087196
27435,16.950463921166964
27436,19.422161848756545
27437,11.877648992597134
27438,19.99630886942336
27439,16.972121452074976
27440,22.1689141182502
27441,14.64243290770283
27442,20.121460200042183
27443,11.051016869695442
27444,19.556418636523418
27445,16.004031205345246
27446,13.925664513805545
27447,15.645037171678087
27448,20.02728211217103
27449,20.451683224908066
27450,12.430359343252158
27451,17.28529016957819
27452,17.19730281501348
27453,18.643335346986312
27454,12.959611265598655
27455,20.284291227685554
27456,14.019055537439371
27457,19.844666575737378
27458,10.15167701838157
27459,18.363806600175515
27460,16.88029283705033
27461,16.663249625292515
27462,21.728438229721142
27463,16.152592344545408
27464,18.149479252450547
27465,11.859436166888116
27466,23.10296317907889
27467,17.091669931107624
27468,16.08148057046719
27469,16.538085286949237
27470,16.632730121575126
27471,17.59780057405557
27472,19.56563063540908
27473,17.87196227805868
27474,17.49164283539983
27475,21.38292617437024
27476,16.062433515461077
27477,14.374710561386534
27478,17.792853899186966
27479,14.05841324931978
27480,19.207230835701875
27481,13.273788177834989
27482,14.529902926254598
27483,19.10607273797868
27484,23.866948981474167
27485,14.406299071560696
27486,19.468846750281287
27487,21.82282317943225
27488,11.275235088466975
27489,21.62822512777592
27490,16.061288244132243
27491,14.116307532107651
27492,13.790208164356306
27493,14.696648734151134
27494,19.622982282610643
27495,17.485996903025132
27496,9.434673628831508
27497,17.572031967665783
27498,13.294234032746555
27499,17.78927546313203
27500,13.6255623155592
27501,17.723966534141077
27502,17.58506161885604
27503,8.922744659973045
27504,13.801543838505212
27505,14.490896195164277
27506,15.00795876334498
27507,15.408632777994953
27508,20.638945341292555
27509,20.61614320311469
27510,15.3995925098209
27511,18.296294012580425
27512,17.329239087640946
27513,14.865903475860076
27514,14.890714187191566
27515,16.11523760771917
27516,14.820889963450064
27517,17.721212950031443
27518,18.0230377076278
27519,15.084244849137027
27520,15.832324888471398
27521,13.371728054281201
27522,17.827027413373205
27523,20.869870487882686
27524,24.23031190298041
27525,20.862163994609546
27526,16.17612023126156
27527,14.284492240787653
27528,20.65454556643261
27529,12.769347641730326
27530,16.200226924912485
27531,12.194714382068573
27532,12.470189073627662
27533,15.401420212900362
27534,15.237107033345263
27535,18.40404597748371
27536,9.17546151251825
27537,17.186251299317824
27538,16.35644164878982
27539,16.29801122511197
27540,20.159052072609636
27541,16.330852455992385
27542,11.026494391500153
27543,19.370124144089885
27544,9.90495375931227
27545,19.02834015720572
27546,19.697679415102364
27547,14.844676852516422
27548,21.241236195772895
27549,9.936183528214585
27550,13.847599651815724
27551,15.415523409525974
27552,12.445094077211964
27553,16.543337426772798
27554,14.003680756650908
27555,12.556966829906475
27556,12.980350194670283
27557,15.811526480855937
27558,15.994448839715774
27559,17.525663016175407
27560,14.061093357524584
27561,17.408604649653437
27562,20.329423578540506
27563,20.72098486434031
27564,15.602419302261884
27565,23.543586111369653
27566,15.019853936907246
27567,16.514616681921808
27568,18.7924564064431
27569,23.257234735277287
27570,20.031649636836153
27571,23.345040782063386
27572,6.906551859875973
27573,12.888130299114717
27574,16.442420666761294
27575,15.096622634210012
27576,13.873986430416101
27577,10.84178119051109
27578,13.606251794543272
27579,17.241792749720098
27580,15.093299131449454
27581,19.613387861220723
27582,15.682997073651265
27583,15.766771206685235
27584,13.902284704292377
27585,20.068833040525575
27586,20.6107306497966
27587,20.58294076619731
27588,19.289707247635675
27589,19.10507451038199
27590,16.099121909296898
27591,12.340381924398818
27592,18.57752788500615
27593,11.50991300111574
27594,17.755927893750258
27595,14.998626916892501
27596,16.436862889106475
27597,13.251052810483431
27598,16.597885628008754
27599,17.799463676649655
27600,15.612571101467985
27601,16.601571495818053
27602,17.003953030290113
27603,16.775103933544553
27604,19.456771799298494
27605,15.733416685195646
27606,16.387586707250403
27607,18.797675375307882
27608,15.500684676100022
27609,11.383151014361562
27610,14.360255405846418
27611,16.70560053644111
27612,18.143155592409833
27613,16.475894302456147
27614,14.940075962246539
27615,11.57155050643119
27616,15.158228411379866
27617,14.681578181849304
27618,19.001484212940266
27619,12.427890115169316
27620,24.36814255241025
27621,17.325454123658155
27622,10.210724793222823
27623,20.656234790685588
27624,21.984400644656425
27625,14.61863683531479
27626,12.591408840364878
27627,17.572471004284225
27628,15.225348266283898
27629,10.424339604041613
27630,14.168945110446373
27631,11.903730154967105
27632,11.975533605049584
27633,13.197598931267759
27634,19.3863613546592
27635,14.794332895490797
27636,15.03725437562792
27637,13.101644748130907
27638,18.16926388421227
27639,21.94614049809221
27640,12.170934852347994
27641,9.978249030068877
27642,19.354937242677707
27643,10.74346028360375
27644,17.141980530639994
27645,12.854315195422155
27646,19.614852082577166
27647,12.27045730311273
27648,17.444222634611123
27649,13.822733311501397
27650,10.393134518821412
27651,12.461303624066643
27652,10.331209326176545
27653,18.73665607591291
27654,18.14416379206668
27655,14.528969885131588
27656,8.229190448037624
27657,15.35596752558369
27658,13.076310616485248
27659,13.470800181504565
27660,15.89042915397474
27661,17.204108678120512
27662,13.306890207959022
27663,14.702303872307406
27664,17.605935237695405
27665,13.935976534994644
27666,22.13180705120407
27667,16.441521659711178
27668,18.396855375592523
27669,13.734303728941573
27670,17.530398275511942
27671,11.33488273790563
27672,19.56822660515094
27673,12.266300807582276
27674,12.679676820062722
27675,16.91241689762318
27676,15.810105704877682
27677,16.067659076503418
27678,14.570548686549326
27679,10.088268709551055
27680,16.78124124042297
27681,14.519949082641746
27682,7.925341716673548
27683,19.446068515936254
27684,14.465744724130767
27685,11.713778797123659
27686,15.12546604276709
27687,13.855768976394263
27688,17.73922400349729
27689,11.350871103226247
27690,17.75943971545535
27691,20.767649023816663
27692,12.262495353115849
27693,17.722031716658748
27694,15.835098672963236
27695,13.47797629568143
27696,12.272816081109774
27697,16.405335288340027
27698,18.090316866809964
27699,15.705690373281342
27700,14.350234036311285
27701,11.020391738265461
27702,19.85921784974282
27703,18.64829249711389
27704,13.009617895174133
27705,13.291360840843875
27706,16.548945447287082
27707,9.840154036764908
27708,16.73862950993466
27709,20.104654135276494
27710,16.46354703536396
27711,19.13421024714023
27712,12.57053291581602
27713,18.103511726512167
27714,10.337205050037866
27715,18.67694628177389
27716,17.69159129867251
27717,22.080202299330782
27718,11.10099598984737
27719,15.393828328175802
27720,15.592081568417106
27721,12.274441682690128
27722,16.302652153336297
27723,12.91519353398446
27724,20.78400242343048
27725,17.777277047664754
27726,9.315111026733536
27727,19.485690829348716
27728,14.336174236476428
27729,14.870707236156335
27730,15.894582127073512
27731,18.492705556042154
27732,17.195781003147722
27733,17.73651518910758
27734,14.711447720604053
27735,14.731411036158345
27736,15.286563098990126
27737,15.72288759939882
27738,15.886003859920258
27739,20.965801048531056
27740,12.033579449854502
27741,12.92619383890096
27742,12.286577006017756
27743,12.05000793846225
27744,13.331163528384721
27745,16.249638058684823
27746,13.87182980445571
27747,19.61909855567032
27748,24.90571780237986
27749,18.91213300434859
27750,15.01809010470156
27751,13.205941773128803
27752,13.261665858766879
27753,14.451001392583965
27754,16.046718399645354
27755,16.129175406893538
27756,18.8327751589379
27757,21.93825156820097
27758,13.470177824271335
27759,13.300471657891464
27760,12.1650859448185
27761,15.227566847373396
27762,12.458687928619073
27763,9.539682554679938
27764,9.326774694361195
27765,13.841291757456244
27766,18.764389503294773
27767,20.526274348323916
27768,16.119140959133237
27769,14.034896295356495
27770,16.590843401382834
27771,13.435616799294989
27772,15.653723343166554
27773,23.421351140025518
27774,20.69120152886865
27775,13.99501856701265
27776,18.982425263691454
27777,20.68933037599993
27778,12.003951886799303
27779,14.085206895314496
27780,15.561519375613866
27781,15.162433360097223
27782,18.666227780145896
27783,14.649252746675065
27784,11.244160202941611
27785,19.633098431437865
27786,11.443509571209525
27787,15.99142422875393
27788,13.834076806581724
27789,14.261427892600633
27790,14.83710430439779
27791,16.503855688410702
27792,16.955608325043272
27793,22.86622244138037
27794,12.68507441563711
27795,19.01346662615119
27796,13.092837963173885
27797,13.914251867787883
27798,12.495146837766946
27799,10.736566026209557
27800,16.31444201669423
27801,18.257618101049136
27802,13.24014098875459
27803,17.685855996475688
27804,17.949380251612915
27805,12.646380910955866
27806,12.191779600661249
27807,23.360184058729008
27808,16.06452746885293
27809,16.662573001036886
27810,14.122599100865276
27811,14.638214642754884
27812,16.329254453966847
27813,13.6436668465442
27814,11.013148444922933
27815,12.593441279464418
27816,17.439413972424617
27817,15.598168861223588
27818,17.768750431058713
27819,21.153826045995803
27820,17.759551691610874
27821,8.931842079606355
27822,16.360552354785955
27823,10.864490419892519
27824,13.879670260458012
27825,18.001918497080034
27826,17.4885768583153
27827,13.243522263097365
27828,21.638431396028025
27829,17.828865444958936
27830,15.227110771965336
27831,25.186722912917332
27832,14.057191361988725
27833,17.952394835834344
27834,15.794075640301397
27835,11.832868321938268
27836,16.983476808127772
27837,17.446088685974225
27838,18.16459956934751
27839,12.402844328883711
27840,14.414722401535894
27841,13.79704140677531
27842,15.488662368076376
27843,16.22371236103307
27844,17.43674889188923
27845,17.406351303150828
27846,16.503495783168262
27847,10.877165764023893
27848,11.049673687273295
27849,17.81428022420767
27850,12.278255199906228
27851,19.304290837557243
27852,12.623949384158216
27853,16.694019479398968
27854,20.073474066577187
27855,19.900273810973065
27856,18.496613059357777
27857,17.877337910990107
27858,13.628877113380014
27859,12.071644671657214
27860,12.891902650150929
27861,14.800120612572139
27862,18.666666568493532
27863,14.742124565051796
27864,12.637995973319219
27865,8.47509974353091
27866,17.567021310310984
27867,19.913833412710858
27868,15.582951968132662
27869,8.255520011080504
27870,18.09892522686293
27871,18.007746507168704
27872,17.420983169078326
27873,12.029359460862505
27874,16.047201798883783
27875,18.2417099146231
27876,16.001370873066143
27877,16.365379138102846
27878,13.416047092326771
27879,16.343565148218214
27880,13.347258785946547
27881,21.110617806424692
27882,12.61269289265799
27883,14.689271773555806
27884,14.36929808924489
27885,12.80913109126293
27886,15.66696949705334
27887,14.424413203459558
27888,16.281095200813038
27889,12.704233604799363
27890,20.9098047354275
27891,10.820935700725343
27892,19.34489855100832
27893,12.152402019937513
27894,13.209100202694847
27895,17.47228356966293
27896,15.23111123784804
27897,10.076628910065601
27898,10.358195207846506
27899,13.713197166647108
27900,18.729342826505466
27901,12.51804989786243
27902,15.943517858275229
27903,11.40623932212073
27904,23.820529373535113
27905,18.358992285337262
27906,11.37363851999369
27907,16.777815008356356
27908,16.75796273390966
27909,16.61746414709623
27910,17.931793095237374
27911,13.091357800708831
27912,17.930816741555468
27913,20.229081649119596
27914,12.162426358775676
27915,11.793246925770598
27916,11.127271404105564
27917,12.79448553069161
27918,14.506469478359621
27919,15.355842831889655
27920,16.8192983234258
27921,14.515533004120442
27922,16.86775780433249
27923,16.439710153204906
27924,14.914216087931873
27925,13.993862963335904
27926,17.980424380830257
27927,16.13446609885989
27928,17.287817306140276
27929,14.970746125476378
27930,15.202302142292579
27931,14.237885362319386
27932,17.616877989696338
27933,15.822850030080557
27934,15.31913630142519
27935,14.424748604653121
27936,21.866849539834348
27937,9.742786628215383
27938,14.418046601439912
27939,16.628559815250018
27940,11.772139294054238
27941,14.332909795974663
27942,13.740858926940616
27943,15.526970617983075
27944,14.071288313433447
27945,20.133525866649826
27946,21.708148542617515
27947,15.6983584717316
27948,19.139765274514573
27949,18.990806389294256
27950,16.284656542067783
27951,22.684852451799166
27952,14.452009060983908
27953,20.074602489372666
27954,18.062572984734317
27955,13.55161369606886
27956,15.380630115914911
27957,19.13895129957178
27958,12.975763022461711
27959,15.002651547910697
27960,21.291954765736428
27961,21.119519024714553
27962,14.219188454455066
27963,19.90748023102401
27964,19.323472551389855
27965,14.341674074746198
27966,10.572290181634502
27967,15.429365745176465
27968,12.780733779415613
27969,14.055710955147772
27970,17.39469249207775
27971,19.280074053267032
27972,12.82083241743965
27973,22.762887896488202
27974,18.250881559461842
27975,11.403593273845095
27976,18.689208597134517
27977,19.392052259000415
27978,12.444952871922602
27979,9.649143243198852
27980,14.496044529987998
27981,14.440217338258662
27982,20.359453170798115
27983,18.01621810789231
27984,19.502328535601578
27985,14.66940887188318
27986,17.381344809412248
27987,18.550585068327266
27988,18.65100423764459
27989,14.349518003609717
27990,9.012967734624816
27991,17.399403156538174
27992,12.463578589594228
27993,11.479885450305414
27994,19.179377116700138
27995,19.391039471150144
27996,15.020939385444038
27997,14.11144342631227
27998,17.47955158431023
27999,13.31898309819331
28000,20.464706675070634
28001,11.87744491763732
28002,18.39727045585613
28003,14.594503196607654
28004,11.137673801662476
28005,24.122215592190017
28006,17.073613710981697
28007,11.20773230068109
28008,13.538221315880342
28009,14.825994749273594
28010,15.559580520991465
28011,16.509918107281337
28012,21.116069502717927
28013,15.260083401890332
28014,20.0265612337923
28015,15.505062217208964
28016,17.142460158164074
28017,14.908893112057555
28018,17.825771503803097
28019,18.29973171000826
28020,18.09104209832138
28021,20.949118467543858
28022,17.543680866922646
28023,12.852628463093291
28024,13.429903102280981
28025,13.44364116473518
28026,22.969167361837137
28027,12.976740099201907
28028,13.404755293046183
28029,15.17255785682439
28030,7.997110627184129
28031,18.42414470337184
28032,13.621884545185608
28033,20.216555936387657
28034,13.014870873306338
28035,16.717618081792466
28036,15.997569325965442
28037,12.555433817589545
28038,14.89420119246428
28039,15.633974623280013
28040,23.00804311777142
28041,18.787579820645156
28042,14.821785320070099
28043,10.72578120665187
28044,14.603701544869143
28045,11.451408150523909
28046,10.259595518356047
28047,16.610037766306846
28048,20.631849556844767
28049,16.109890883411754
28050,15.307903195482169
28051,11.496929295380983
28052,22.04338074723528
28053,20.776717356727595
28054,10.139182407690793
28055,9.122830930933322
28056,11.668084266645689
28057,11.635245280986322
28058,16.22492904061794
28059,15.404141261018207
28060,14.28675485327219
28061,16.133041761344817
28062,14.057278562630781
28063,23.18204465452724
28064,14.143327057151037
28065,15.362504872846168
28066,19.439876791646174
28067,13.458063217309775
28068,11.793146192866871
28069,10.220421926437126
28070,14.335357747846029
28071,16.830315953242113
28072,8.0886240180878
28073,15.16723372584452
28074,12.146000209978233
28075,18.5344750672802
28076,15.997508584744969
28077,15.995021319773487
28078,12.973168046973438
28079,15.706012360860399
28080,18.27752620906093
28081,17.27851273346942
28082,13.339029839250983
28083,10.677983280963694
28084,13.840732209506228
28085,13.770281681410387
28086,11.76296786239164
28087,12.155718222338155
28088,17.691381454673447
28089,25.242399512030534
28090,15.407799120911257
28091,17.003850890637146
28092,12.545594906639824
28093,10.946415635376301
28094,22.88361624738939
28095,14.665054925812576
28096,16.534750754461065
28097,13.979485457207877
28098,15.759371278018815
28099,14.387300472541128
28100,14.195469230104235
28101,17.067804819259045
28102,14.97642587951009
28103,14.362370073571633
28104,21.019338989128535
28105,17.04760451261562
28106,19.341769058811696
28107,7.680266006042376
28108,13.921944443876054
28109,16.890734320275985
28110,8.453201414816174
28111,18.967307738997185
28112,11.619392259001781
28113,9.445636735489753
28114,13.608658119881422
28115,13.287693377620776
28116,13.622470811349531
28117,12.944125596110075
28118,12.943408856767375
28119,21.569173929867432
28120,12.098039197320437
28121,8.34560203577462
28122,14.001657270045168
28123,20.015074959551804
28124,12.444821674938275
28125,14.8267934303204
28126,12.046252854604662
28127,16.6908180757234
28128,17.716816118471705
28129,14.603361822433081
28130,16.492745302834603
28131,16.506175511118773
28132,11.718526114843595
28133,12.55191678272691
28134,15.927075442873754
28135,13.983444506646302
28136,22.361838617749555
28137,14.695415977123341
28138,12.768197867774973
28139,19.379029029705386
28140,12.98120809261137
28141,12.235638248783543
28142,10.746670888111439
28143,18.156053435830813
28144,11.285168854663993
28145,10.917462710109485
28146,22.00423998543232
28147,21.63782367193496
28148,9.706495307126623
28149,19.972718053654265
28150,18.062822755418157
28151,20.916818577477937
28152,17.68134017918026
28153,17.513439451848534
28154,15.208889483033998
28155,15.280583574610386
28156,11.720848618103545
28157,10.297640340835386
28158,13.835578893207993
28159,10.310755690222805
28160,14.218417279246793
28161,16.846547025943572
28162,12.216799289329238
28163,10.634540860761778
28164,18.26333473133656
28165,13.408023097562403
28166,13.897438657815696
28167,20.936235620358076
28168,14.68589311644596
28169,19.266181100493846
28170,15.429106070575623
28171,11.136354664079057
28172,14.905837984990695
28173,16.337876436492248
28174,15.440812879738907
28175,16.043702473465004
28176,15.459248326601179
28177,23.736857932534747
28178,20.39736906358396
28179,17.539805117673538
28180,13.44803884355023
28181,12.809791713289709
28182,9.96559823626534
28183,14.328569093193224
28184,12.120164160914424
28185,20.10039951257273
28186,21.642941220673237
28187,13.321007715044454
28188,17.902000492132366
28189,19.0422499460662
28190,20.149384576905554
28191,14.953586691498156
28192,10.966066943255216
28193,11.594970054779974
28194,16.538720092024395
28195,20.840670960424028
28196,15.31212519365675
28197,11.366947732911553
28198,13.581858271191216
28199,11.107393818324226
28200,16.27843302971048
28201,13.535373428262584
28202,17.944361692277457
28203,18.802503607464658
28204,13.430879325519635
28205,20.44985789551893
28206,19.874812393762756
28207,16.220437332372086
28208,13.479321105748442
28209,15.491697622177162
28210,19.969519825932323
28211,8.74142826827358
28212,17.475264466493407
28213,17.240055937417935
28214,13.835928291834362
28215,16.30034903057788
28216,16.769460390009733
28217,9.584319749235775
28218,17.248456121374623
28219,15.966584869336025
28220,17.86635353249885
28221,10.238991617860886
28222,20.24371183396095
28223,17.484542365550546
28224,22.36567737978882
28225,17.812840407846174
28226,9.9235578507502
28227,13.515199269673667
28228,22.271951164018557
28229,19.341159993796392
28230,17.197694744387825
28231,15.414505815424466
28232,16.154649406778077
28233,16.253533568332784
28234,18.33006765466766
28235,21.924005867010393
28236,18.01400468321436
28237,15.187853667708488
28238,24.472226244603565
28239,15.363381079328699
28240,15.0733475498715
28241,10.352380112199643
28242,18.50709501670867
28243,12.337235383220197
28244,18.23167888377349
28245,16.442882161464066
28246,17.88487270035238
28247,13.923221162025335
28248,9.20507763734111
28249,13.496124966883157
28250,14.791667902464939
28251,22.732641913958886
28252,13.91145462214048
28253,11.276899933130277
28254,16.194723858471892
28255,18.626454778948556
28256,18.081078496269637
28257,14.570147387259453
28258,14.49820587667486
28259,9.566301275114803
28260,11.71174626670526
28261,19.412998926784095
28262,12.631798743044282
28263,15.733193510969212
28264,19.003032349476605
28265,16.11988418152594
28266,12.875142873600232
28267,9.6725561605767
28268,16.049525426117192
28269,13.21554360027787
28270,13.032018319645108
28271,13.594541065629382
28272,20.772987117661877
28273,15.109941530676362
28274,19.600550222428925
28275,25.424314446738197
28276,13.500703260009304
28277,14.501511830863421
28278,16.891806619586845
28279,21.601564816043812
28280,13.63111766447207
28281,12.157499198023949
28282,12.4757495046572
28283,13.928653225271407
28284,13.791331615226348
28285,17.375650805578434
28286,12.33437678217667
28287,18.190431961663563
28288,11.724046362929698
28289,19.83848713271646
28290,15.435568257905512
28291,13.848271821342912
28292,12.001955823213422
28293,8.150931641270885
28294,9.161123653099175
28295,13.744920758912052
28296,19.052603280060502
28297,16.90732710333808
28298,15.133329897755372
28299,16.528521552224614
28300,18.983111770719027
28301,15.215982592226311
28302,16.652863331216693
28303,13.45758667573846
28304,18.539745156146736
28305,17.69937898921371
28306,11.744827000554817
28307,16.822905049403953
28308,14.12230147174472
28309,12.98641168912268
28310,22.55458686076384
28311,8.53933901877794
28312,12.872262915199709
28313,14.577315693492286
28314,16.586690327379998
28315,12.652820616067824
28316,13.208247732168289
28317,14.329387415949624
28318,17.548416356484516
28319,14.720351161857565
28320,13.53000374738631
28321,20.53673186725904
28322,14.497028895978675
28323,11.651722357903866
28324,19.98806123678228
28325,15.956840790650627
28326,19.840271188527133
28327,17.973446118757707
28328,10.48456707012616
28329,14.629730778215409
28330,15.091505467585492
28331,19.43020149683081
28332,14.976359573114152
28333,15.429796408122971
28334,12.63046056392048
28335,10.52446301220334
28336,9.387969762071307
28337,15.017666374225156
28338,15.009107365934033
28339,17.215421981415002
28340,17.697606027026147
28341,11.929974332561638
28342,20.191578900477868
28343,13.705977546206823
28344,15.122359687482088
28345,14.153685237842883
28346,14.433215607234088
28347,13.290128640067541
28348,22.337232890206828
28349,13.038522782497207
28350,21.970527034863657
28351,16.92068472610287
28352,11.962787220625696
28353,10.53755061601435
28354,19.38984799344106
28355,9.08604501242966
28356,19.440589948866247
28357,12.735875405205942
28358,14.384455481488239
28359,20.617685073783335
28360,13.819787796178009
28361,13.518263518727435
28362,19.74355357501923
28363,19.781841412936537
28364,18.5436080918765
28365,14.624009998621508
28366,14.34102166644735
28367,15.036462888392094
28368,19.373779761416408
28369,18.511572733104742
28370,18.829072162589014
28371,15.827970348575125
28372,9.618891558708189
28373,15.458839598661408
28374,19.692331987084188
28375,12.716523836900247
28376,13.063119323521123
28377,12.543684900235192
28378,14.744080134298503
28379,19.87862197216476
28380,14.930800384255498
28381,14.206164020838273
28382,15.927300750146209
28383,15.294109636687422
28384,18.430434484488977
28385,15.505765406457108
28386,16.291618054846268
28387,17.773985169380417
28388,10.634077924362872
28389,21.123808084634035
28390,20.579460772294727
28391,15.329633688726885
28392,16.149372736031193
28393,13.990471056600718
28394,14.639647220469303
28395,14.979895758116221
28396,11.150931801620704
28397,13.712198314451992
28398,19.150351618222203
28399,12.48391772464715
28400,16.416251271787498
28401,13.72812028387668
28402,14.125882045717047
28403,21.235854234409956
28404,18.719714558861575
28405,16.819767798079635
28406,14.633729776350513
28407,17.957208300591795
28408,17.679800005952046
28409,24.082084173457808
28410,18.839962616971146
28411,18.556758336232075
28412,21.101767868176427
28413,16.43710796033608
28414,17.54525613683952
28415,13.183311865998085
28416,16.520195391351248
28417,13.640556207876445
28418,20.99158165151421
28419,16.07617327760096
28420,15.2562260369202
28421,17.816933631808283
28422,22.967381558942233
28423,11.528314217276012
28424,21.32847207164235
28425,13.476140383540244
28426,17.58139094386707
28427,19.253270556790827
28428,20.141333996926782
28429,19.170075961617606
28430,8.649155422087066
28431,9.644921503865257
28432,11.246850181157251
28433,11.99532532063079
28434,15.801697969400996
28435,8.612680947224838
28436,11.66975693194456
28437,14.004150373567452
28438,18.150823572559865
28439,15.176982789784569
28440,17.13127294508418
28441,16.234120180530255
28442,15.322606828850443
28443,17.75596386196695
28444,14.004572770517843
28445,20.838243563424165
28446,12.3774634497146
28447,16.77070654355802
28448,15.099000880305585
28449,14.41085112412724
28450,12.741209901137662
28451,17.70536570661394
28452,8.569180490703516
28453,18.42326553810094
28454,12.828553119311362
28455,11.981789515414782
28456,14.61041903476744
28457,16.954730531354578
28458,17.483166613792346
28459,18.715400332860693
28460,14.303348624903816
28461,20.21159204825556
28462,13.686571366662085
28463,16.5275173246075
28464,14.67106865122477
28465,11.289238732156258
28466,12.872248492220837
28467,15.005480682096982
28468,14.532724761465493
28469,12.06658300823517
28470,13.919308643229597
28471,19.708182904369224
28472,17.90845975940517
28473,15.725401779746313
28474,10.578417571257997
28475,20.615007687235497
28476,20.28844928405639
28477,13.555453233813806
28478,14.174458858920653
28479,21.157496893573096
28480,15.353206617361042
28481,20.300947070737067
28482,13.746412641094642
28483,21.668834066165562
28484,12.881840181333335
28485,14.980453850063743
28486,8.936904664546212
28487,17.162620151515682
28488,14.84302782115846
28489,10.070585938424951
28490,19.617568692676286
28491,17.130674477219912
28492,20.542362862392686
28493,14.40161336992523
28494,14.975890992775064
28495,12.442215763063167
28496,18.972570820236026
28497,15.634106214428305
28498,13.712499440503967
28499,10.482033548301132
28500,9.514375207407234
28501,15.611472521736786
28502,16.716279809617767
28503,14.503027607720812
28504,19.0820075023245
28505,14.049564949757464
28506,20.73050294157628
28507,16.10987214657234
28508,14.819624410134494
28509,12.718667109929335
28510,16.59559983837434
28511,19.127937581377598
28512,16.012782008720635
28513,15.454265834101303
28514,18.31073748472691
28515,22.136048899586818
28516,12.367925973902462
28517,13.654254223432483
28518,18.491772988122325
28519,13.246414723793722
28520,16.376468371647817
28521,16.929268572713276
28522,11.869962906681977
28523,20.061546070203264
28524,21.31849923277467
28525,15.41139000205342
28526,21.16357046681114
28527,15.017073883769802
28528,13.679139641371526
28529,10.625050442553043
28530,16.597027717666847
28531,14.78676568405072
28532,14.432417407442689
28533,15.113434729862748
28534,16.520329930911075
28535,14.616932961694516
28536,16.497861534977872
28537,17.08901888306543
28538,13.402472288630495
28539,19.215178387173996
28540,17.89651433803966
28541,13.110416208839816
28542,10.904344030710199
28543,12.849063564295475
28544,14.341239039497651
28545,19.577316206443122
28546,18.748279706729917
28547,23.32684754201324
28548,17.324872157903982
28549,15.300325527048413
28550,13.163595446087289
28551,15.262425047364683
28552,14.51734194065343
28553,14.154058028178923
28554,9.299419642931053
28555,14.051092185681018
28556,11.338549518423568
28557,11.701610726181219
28558,19.22079023831034
28559,9.840416074179956
28560,18.453043770629556
28561,16.933065299772462
28562,9.485263201986765
28563,13.331128993378027
28564,12.252180901568998
28565,17.775510322649716
28566,13.856222510767962
28567,12.199181515875454
28568,13.765743904803093
28569,13.818900739980798
28570,16.21261582194187
28571,20.421779869803775
28572,16.74845432811493
28573,22.069007636823038
28574,18.485263442960246
28575,18.84434909673991
28576,15.08122443042618
28577,13.874850006232439
28578,18.050302280987125
28579,11.236588830229714
28580,10.482928770432009
28581,15.64553217862987
28582,12.4043022562437
28583,17.532335511392777
28584,13.51813781691721
28585,16.274059316974817
28586,21.092789279969313
28587,18.310144346995166
28588,14.335005460220152
28589,13.754714334277766
28590,15.738720678026315
28591,19.195414157482702
28592,13.381941035207573
28593,11.64695547250717
28594,10.827370589041536
28595,13.846789634023477
28596,18.953739855528788
28597,14.700894082778449
28598,25.991006817267447
28599,11.023826555629547
28600,16.136977555374436
28601,14.065674613399548
28602,19.844419048354837
28603,15.799807571811808
28604,11.621518967370793
28605,11.19389634331137
28606,15.70647868879114
28607,15.332216896740036
28608,13.685892685738903
28609,13.577309970054593
28610,16.497079224929628
28611,15.099790901122981
28612,13.433612098464172
28613,12.877594885377725
28614,17.47157006697339
28615,20.14575673554849
28616,19.443308077969654
28617,10.751197152145446
28618,14.796240486096806
28619,14.65328701607023
28620,13.817381261650533
28621,17.398360277099773
28622,18.015533286003766
28623,15.621665783519317
28624,13.297259320932474
28625,15.40170664298759
28626,18.660744590889454
28627,20.164442987254038
28628,9.812185596577653
28629,23.165622108951574
28630,16.03451456161557
28631,21.643912995098887
28632,14.960916001666575
28633,11.936411011841804
28634,12.552444141870183
28635,10.691707176274221
28636,20.668818460995602
28637,18.651542482682295
28638,16.373576636736903
28639,13.842466402715072
28640,13.344469516750182
28641,17.424683387973936
28642,14.0532979771836
28643,20.638243054028464
28644,14.282560791350782
28645,19.704903951977435
28646,15.431875098205703
28647,13.249546855192328
28648,15.659300035198662
28649,17.88324603073037
28650,18.79711993423033
28651,9.562385101799034
28652,17.078686582286537
28653,17.085475752438406
28654,19.044336074708028
28655,13.329712563425577
28656,19.034618091121672
28657,18.935653571097085
28658,11.035529983770676
28659,18.385548350233734
28660,16.5360441274757
28661,14.448322738719217
28662,20.581019554178216
28663,14.768138033216164
28664,18.115000646625255
28665,19.738959787632332
28666,17.063761767901454
28667,17.508309929001932
28668,11.81432787504776
28669,14.289007596103676
28670,21.340025802793708
28671,13.922098080335195
28672,13.901241906214317
28673,15.584669738969097
28674,15.777049241739517
28675,9.994114290803486
28676,16.759297119495855
28677,24.558565418463814
28678,13.547852221933901
28679,17.387443559458927
28680,11.953623598424375
28681,16.115541102056294
28682,14.863420990220828
28683,16.7274219141093
28684,16.712838624572655
28685,17.690551868166565
28686,18.254763871053107
28687,15.939485027041941
28688,12.299600353688797
28689,17.023914614493354
28690,17.18765469446316
28691,17.335085142448285
28692,13.979817438659664
28693,20.51759902458032
28694,17.474803295970197
28695,17.732433346694016
28696,17.151845379996246
28697,18.898119061340086
28698,22.19587234300117
28699,23.913338737998966
28700,16.8972033733795
28701,15.67132659824349
28702,20.57291165134809
28703,8.616746412759781
28704,20.005184377226897
28705,10.741657875627798
28706,16.605192913605798
28707,18.729870812975754
28708,13.227835513146427
28709,18.16201084010961
28710,12.74865221969851
28711,16.267438417263506
28712,15.59037960694161
28713,21.119281869092127
28714,10.335392960739501
28715,11.633185191928565
28716,14.08524152230196
28717,18.238333533701347
28718,13.312325105220154
28719,18.218688596927535
28720,17.863558077913204
28721,9.145076090434683
28722,9.734375413595687
28723,14.919541953509768
28724,17.14708502715122
28725,15.190405423110048
28726,20.090989724326768
28727,13.292357686445474
28728,10.73557631731897
28729,13.766640085815649
28730,14.464986768748014
28731,10.255613425829882
28732,13.813860533476861
28733,21.851075444725417
28734,16.625310439437975
28735,24.437190736869926
28736,16.010158516434235
28737,17.70144064619931
28738,16.75827960212861
28739,12.514828943545103
28740,25.284144464666316
28741,15.826770070335641
28742,13.40222543246312
28743,7.914743981740895
28744,12.661846856371396
28745,11.138848843385304
28746,19.233172211516646
28747,13.405686647981842
28748,13.69868536869193
28749,22.49863882456324
28750,10.87605098928432
28751,15.684859212932768
28752,16.25401061060272
28753,21.652902769910902
28754,11.27729606865652
28755,13.398542401400116
28756,13.010778887714164
28757,12.252713960486222
28758,10.041430634678555
28759,13.078883551611234
28760,12.577809265799987
28761,17.12501256906074
28762,19.078073572413736
28763,16.24208383993356
28764,16.87816757728528
28765,16.64725208335932
28766,21.907533646381577
28767,15.71238622616116
28768,15.406657174900971
28769,11.26910231564013
28770,20.21054518544125
28771,18.168505095403653
28772,17.20397942169906
28773,19.670120096119405
28774,19.990672471196124
28775,19.79997003504655
28776,12.798066273623217
28777,11.21662758720047
28778,20.494157892905953
28779,16.135613057683486
28780,20.606868422591354
28781,7.514747360594786
28782,16.129535310618625
28783,16.06302156134497
28784,15.099367753120248
28785,13.970686456914507
28786,14.137137307292052
28787,18.364171773961246
28788,14.465388467302539
28789,15.972904243286845
28790,22.140182073397202
28791,15.915462319951674
28792,15.47856259272919
28793,17.620578833275697
28794,19.59890841387098
28795,12.323772686672488
28796,14.404943258554017
28797,18.223502413141958
28798,15.145372409539686
28799,18.43453062418819
28800,10.277779982855868
28801,17.566580557057158
28802,14.140018358338894
28803,21.67607299114419
28804,11.000734105745396
28805,22.22691039865773
28806,13.820384963666134
28807,19.92432663720927
28808,19.778768327677156
28809,13.160604562847901
28810,10.939996134779173
28811,18.87730314723153
28812,16.801532745751764
28813,22.19620584875865
28814,19.83842490048224
28815,17.02727258075184
28816,15.748910941694598
28817,15.768661453192731
28818,8.308767300816159
28819,16.41700703845151
28820,12.419454100018108
28821,8.020074983395467
28822,12.356545978605858
28823,10.904082075160094
28824,19.007564596428658
28825,12.291216566380633
28826,18.73707108427186
28827,16.363987118128588
28828,25.945031061320766
28829,18.558325844594403
28830,14.29061388109448
28831,11.948679071382422
28832,16.694081433497757
28833,17.256710457575423
28834,20.53556674042987
28835,10.473067549446418
28836,11.505354285142118
28837,15.549631167748505
28838,15.281813895981884
28839,14.214162298185808
28840,17.704681745001693
28841,13.275086663395058
28842,20.514753753104863
28843,15.384366122434344
28844,18.311197820557787
28845,23.655510688610352
28846,23.533865078908352
28847,20.57361399772071
28848,18.8437675032198
28849,16.293184699066526
28850,24.10434575418558
28851,18.104379422697022
28852,16.12788362167184
28853,16.307226711678133
28854,10.430366076674957
28855,18.83268135271626
28856,12.286131782766855
28857,16.933219538420097
28858,12.893903970562532
28859,14.64353086182614
28860,19.983710376300163
28861,8.661899284851446
28862,16.525238106790944
28863,18.86146527859057
28864,13.9677149860028
28865,17.672384820631578
28866,17.042734359742422
28867,16.197794705633537
28868,19.038648152875325
28869,15.138035827602017
28870,13.582464814461137
28871,18.618196619448216
28872,13.957763666888797
28873,16.934568666557503
28874,12.677898330461884
28875,18.182977979214108
28876,13.278182261517
28877,21.022140472062937
28878,15.780525928334855
28879,20.432879387273942
28880,19.035999169915733
28881,12.07729497738634
28882,12.312368393129146
28883,21.074719609310172
28884,12.775654526943333
28885,18.013239583370954
28886,10.09971513401279
28887,18.269573755216914
28888,12.167861155495716
28889,17.394993201092184
28890,19.227785585746624
28891,22.105241031751987
28892,17.831156835686734
28893,16.61478495400284
28894,13.025483350813937
28895,15.300783510033051
28896,13.388791874004923
28897,16.771661298747645
28898,15.880529779682783
28899,20.715940932733353
28900,12.553697871000294
28901,20.63237024384349
28902,25.85910850279104
28903,15.362100507115565
28904,16.928931444917986
28905,17.969976145886243
28906,13.140086958975086
28907,17.406213182810106
28908,15.752806020389775
28909,16.869751305495612
28910,12.894097306339965
28911,12.29028129720009
28912,14.759615833563053
28913,22.892329057346778
28914,18.05695893419827
28915,14.934809475566821
28916,20.33243999385923
28917,15.810052085311824
28918,23.280585040167075
28919,10.273752356388716
28920,11.180804541370767
28921,12.322351052418036
28922,14.049724415718083
28923,13.493655309430402
28924,14.352603672899283
28925,15.176567136930492
28926,15.477702441708129
28927,12.797902385583638
28928,9.947552451914941
28929,18.072581734318597
28930,13.795213353070132
28931,16.23365378237119
28932,16.687266217562005
28933,15.480602874622154
28934,16.569937063892766
28935,18.81794208972859
28936,18.13631296098241
28937,12.824578589695168
28938,16.35630743613834
28939,13.884670430534833
28940,16.943753137083938
28941,16.941639660220424
28942,16.800618843693677
28943,17.824435315287825
28944,22.31719764444831
28945,14.995309306489155
28946,12.017235306015685
28947,16.106908699951855
28948,20.315210564881106
28949,12.042362044549332
28950,23.182707332690175
28951,20.18712334255209
28952,12.079813229614729
28953,14.800918565051504
28954,14.298338665537244
28955,10.616270833051676
28956,16.80266534528013
28957,11.0101450195115
28958,12.302588618732608
28959,13.371455836480898
28960,9.791860991216737
28961,22.59688628610985
28962,14.497196956635907
28963,13.339515558049996
28964,11.098371586857974
28965,12.957219752308598
28966,23.64438378281864
28967,10.733317090546585
28968,13.61981817343333
28969,14.278639265818587
28970,8.32935031185362
28971,20.65636253865158
28972,24.81653665854064
28973,13.477606362239392
28974,14.073500171731204
28975,12.196125620567589
28976,16.41087585756859
28977,14.100679377772252
28978,15.304713303269786
28979,13.007416129397676
28980,15.071510923150594
28981,14.344165060059321
28982,17.554416055470142
28983,11.31178515998284
28984,16.9578026419387
28985,20.784458801236433
28986,10.626641988102971
28987,18.69985918733701
28988,15.089200560070427
28989,17.099720831565477
28990,19.65107393956348
28991,14.23489473627772
28992,8.841962881452702
28993,17.96971414933598
28994,15.840138891674053
28995,13.207100137725455
28996,21.04380460480361
28997,19.733817005675625
28998,15.291607107026463
28999,11.870386512647254
29000,12.613174431059639
29001,19.719275054797087
29002,17.24430602876476
29003,12.023680934980234
29004,14.55422055833926
29005,21.087387881591916
29006,12.586498496829975
29007,11.154536768144615
29008,13.01505046054146
29009,14.508741904555762
29010,13.37460100039958
29011,10.273095285383535
29012,24.50146745532729
29013,19.49731300681146
29014,14.364501025710293
29015,10.93233046165062
29016,24.319920034094377
29017,13.121890378159975
29018,14.860904970243489
29019,18.74555244030318
29020,25.90093586310219
29021,19.525656716430593
29022,11.707320901278678
29023,20.872697431179432
29024,11.826208242681068
29025,11.33851244405641
29026,18.75004926241094
29027,18.63274253170709
29028,14.497528208635357
29029,16.666044977296433
29030,18.86522769973478
29031,19.05346823938082
29032,15.690482497437921
29033,17.7272664639986
29034,14.454456650199154
29035,9.971724947221924
29036,17.8667506227009
29037,13.887939320804097
29038,16.202463612354823
29039,17.56154960078765
29040,12.210991216858204
29041,14.61954690491401
29042,16.27943975748115
29043,11.854108368992714
29044,19.22270444848637
29045,13.028520222122571
29046,17.827779754137715
29047,15.852392936873262
29048,12.072973485414945
29049,26.431965312628403
29050,21.49842389880444
29051,17.385425010686475
29052,14.223067476172766
29053,19.540709283908008
29054,12.85337852332381
29055,12.13298037870427
29056,19.68117619667166
29057,13.70597982730416
29058,12.2747140388883
29059,18.031208767375688
29060,14.821400927703404
29061,21.709267088497313
29062,15.928885933073342
29063,10.519502582554212
29064,20.49096864034845
29065,17.099109008362305
29066,14.311662090957144
29067,15.060823519658749
29068,17.591623603515337
29069,13.486685263791676
29070,15.195004044767092
29071,19.748545299771695
29072,11.214299772262365
29073,11.811398093324463
29074,9.751160601474382
29075,19.27152027455752
29076,11.756584744745592
29077,17.144622879304038
29078,14.370173135870997
29079,12.328878393938485
29080,16.49801269888396
29081,11.594254819106265
29082,17.336199519586902
29083,15.934854295998559
29084,19.287839099006835
29085,19.014935238258545
29086,20.196441049801486
29087,12.923386609689484
29088,21.52787464221891
29089,15.834040325566153
29090,11.937490234145875
29091,10.375899189880249
29092,18.367600391805155
29093,18.12945785539431
29094,20.44627149195203
29095,17.35721900270998
29096,16.856406701163674
29097,15.67896916382663
29098,15.50378756044832
29099,15.19141444730058
29100,20.923352490411624
29101,15.977673865078147
29102,13.118528211069004
29103,12.402000917233266
29104,15.374432668668138
29105,12.44226537566901
29106,13.372437459274597
29107,20.234449765769448
29108,12.597251481561948
29109,12.02119142100991
29110,14.074077684322525
29111,21.486021633785544
29112,11.231589312693579
29113,12.13805461958939
29114,16.855943923408653
29115,14.532237518345333
29116,21.134029631947456
29117,18.53051713648922
29118,14.072673753545537
29119,13.457266500778669
29120,16.088701995975036
29121,16.806084969085838
29122,13.65355677665376
29123,16.175156898958836
29124,15.330247726183424
29125,18.209826423289815
29126,18.114709837980186
29127,10.825939893516605
29128,16.076446233586108
29129,12.620292310921055
29130,21.956182414978095
29131,24.30483323460237
29132,11.978027122742304
29133,14.011143599550916
29134,11.259532045286356
29135,19.231268371815112
29136,14.598443523925674
29137,17.710719768030323
29138,18.032314141454773
29139,15.311202944179238
29140,16.591689021198526
29141,11.699503218341782
29142,15.172765573277076
29143,21.25986896547298
29144,14.113844552499563
29145,8.857340916831193
29146,18.730689548262408
29147,11.313260225153305
29148,11.639074577812533
29149,21.10815041237133
29150,13.632038189764113
29151,15.615425329636352
29152,14.575254898796281
29153,15.793677518923145
29154,21.291746048630298
29155,13.714642097398974
29156,22.374540973350452
29157,19.217496918002194
29158,20.823990071582152
29159,19.34132343471056
29160,15.412076776971736
29161,21.419961002329103
29162,11.239160074036997
29163,17.846235232965494
29164,18.277281780017496
29165,19.151684676282155
29166,14.691393424242282
29167,13.595278737207524
29168,14.7240020399928
29169,15.903599027080862
29170,12.220292514369568
29171,10.982929009082984
29172,16.752898752686114
29173,15.404308288581177
29174,19.99405775857301
29175,16.211314005057076
29176,8.842913053459485
29177,20.65245150561057
29178,15.71557860363947
29179,15.574189469903896
29180,13.173411948692706
29181,14.67669745144335
29182,14.668900585379141
29183,8.573319150311086
29184,16.75488237230431
29185,17.36867882828961
29186,18.28998680139032
29187,21.325811263883157
29188,19.950082380655687
29189,12.910113001527336
29190,15.595679004843586
29191,8.825832138223682
29192,7.544147306065787
29193,20.887281969871545
29194,12.28513965541231
29195,10.466106880200012
29196,11.726293266509622
29197,19.39290126479203
29198,9.58175247084522
29199,15.683081921454184
29200,15.925693033711172
29201,16.851055088866957
29202,16.364633399115114
29203,16.474494467902137
29204,13.432109785121252
29205,18.9284783687326
29206,16.385390642814713
29207,24.972423868619977
29208,16.291384083819356
29209,18.574382115362475
29210,17.09696488780888
29211,13.435273581393218
29212,13.725062843666672
29213,13.529283730236164
29214,11.09341867478332
29215,15.233806048193125
29216,15.173662548426153
29217,16.5948069729043
29218,13.82885190614104
29219,18.976516668161274
29220,20.742081743628425
29221,14.3473407966511
29222,21.821261695052677
29223,19.54534044604949
29224,18.420464046043158
29225,8.018751228767565
29226,21.00582708202341
29227,16.27887134088995
29228,14.550325571490664
29229,12.33546877995239
29230,11.205525177246841
29231,19.712016801168783
29232,14.094936482120765
29233,17.453732604812497
29234,19.825570108792192
29235,9.719245844554932
29236,18.08597587382979
29237,14.809950688047591
29238,18.336739320797037
29239,11.085451852280357
29240,14.69715861183426
29241,19.324022647994653
29242,16.414065869487647
29243,15.947143054636788
29244,18.33016766073449
29245,16.95709402803995
29246,13.509004532560347
29247,19.30656327706943
29248,19.231398454556004
29249,19.66521318722636
29250,14.418486806109117
29251,22.657950730060854
29252,17.060407424612027
29253,14.780589590918598
29254,18.55928335299245
29255,18.387060888453064
29256,18.28516733930221
29257,11.623299280065597
29258,11.358773174869192
29259,12.870520274736027
29260,17.078386514849694
29261,18.061042525121625
29262,13.28513070950632
29263,12.33530679496347
29264,10.673882714389991
29265,12.737106041554764
29266,12.753414689129814
29267,12.00009017677349
29268,12.583601411797206
29269,18.0138278334518
29270,18.992047713094735
29271,10.761234783072137
29272,21.373520047640937
29273,22.443595817047004
29274,13.407202941218056
29275,9.234509471063639
29276,21.36422227289393
29277,12.914393823920825
29278,12.195441937603203
29279,19.524938483432834
29280,18.768553166801592
29281,13.07242218274407
29282,10.41322115184048
29283,19.602752340796954
29284,17.303630406695895
29285,14.852388431852756
29286,16.691674003025078
29287,18.607666626704578
29288,16.091910536980432
29289,13.607656059354625
29290,12.451240488188539
29291,18.09292164624446
29292,16.51195372086702
29293,17.8930065708443
29294,19.360398430583324
29295,8.291088009985423
29296,13.370796838821178
29297,17.1683803549772
29298,20.707502403448544
29299,20.991675568247203
29300,17.90828517793256
29301,14.400500231035425
29302,20.539688126333793
29303,14.242259072549263
29304,18.02315108859083
29305,15.128164950701173
29306,15.276181839952198
29307,19.425813413298737
29308,22.83966581106616
29309,13.750868591676864
29310,19.28537608658772
29311,15.382167228333598
29312,13.915398929571067
29313,20.738414802129668
29314,14.317219204391222
29315,13.66028214840288
29316,20.354025855120753
29317,22.398293694961495
29318,17.712538065740844
29319,18.18344914111716
29320,13.994381750463344
29321,12.630186480090636
29322,13.275009055097563
29323,15.012259647768756
29324,14.981356279807185
29325,12.311149612460603
29326,12.975918653461733
29327,18.04552085728395
29328,13.211307175985093
29329,17.629237894659926
29330,14.69023028126415
29331,13.913922050103736
29332,11.561223136822608
29333,14.29800956844785
29334,23.552914790756695
29335,14.431357708712003
29336,17.682089110308247
29337,19.40017719486326
29338,8.326693361486655
29339,14.734558401755354
29340,14.387000165067157
29341,17.825905632643995
29342,18.868959412240628
29343,14.48268740516999
29344,17.560844080141297
29345,26.139195648993944
29346,13.013225510914552
29347,23.603918962707244
29348,19.79104657056112
29349,12.751202050614744
29350,15.06319870114225
29351,18.501135029363326
29352,13.893950113178917
29353,22.131032778384203
29354,12.364178399918721
29355,9.471524877986306
29356,19.15637102260117
29357,11.88951218979005
29358,16.126590513347104
29359,16.42792076005477
29360,18.630059409862902
29361,18.336861964861075
29362,14.092037780337524
29363,15.667713795015356
29364,17.993762033336793
29365,16.211958156843025
29366,14.090398707547468
29367,16.66615290916348
29368,19.686107978188012
29369,18.312056385959558
29370,15.777002459089344
29371,16.280040154718076
29372,18.684889809083273
29373,15.113727261260568
29374,14.949328376168884
29375,16.539253964361315
29376,20.635473543106112
29377,14.557969345770978
29378,16.936501206394475
29379,14.010826619401836
29380,12.417633499698372
29381,18.54545320592808
29382,13.361587512049095
29383,19.32386527786281
29384,13.832120540899197
29385,17.228913215658388
29386,9.294676905195336
29387,11.177142376738875
29388,11.473790340286618
29389,17.347931570448853
29390,14.83780296306471
29391,21.815029432469352
29392,13.647480869027307
29393,16.584736238148263
29394,13.21765296210493
29395,10.996621887393776
29396,18.991151170690827
29397,9.581169029614587
29398,19.92412556106968
29399,13.347019168547622
29400,13.506190593504355
29401,21.80367469864012
29402,16.60807778374771
29403,17.63623394834318
29404,15.363360103759486
29405,11.50833573455564
29406,12.595604650202722
29407,12.148782225600513
29408,16.854181690888222
29409,17.19447978280516
29410,18.297345124532917
29411,16.721133743400703
29412,11.331596155910605
29413,15.434134266427222
29414,16.432591026458304
29415,13.381052820294887
29416,26.175196918148345
29417,14.951189680573638
29418,14.76673413597726
29419,15.549082844950945
29420,13.91277017441481
29421,15.393993938011981
29422,15.478038775534747
29423,16.010892046799025
29424,12.924054807050048
29425,17.348013733538703
29426,15.810767437006714
29427,12.814301595165302
29428,10.052294118715979
29429,8.99820372032963
29430,11.719953422535529
29431,17.402301250141036
29432,19.085116886698916
29433,10.237618962254167
29434,15.419003477509
29435,15.229247197851887
29436,10.699696065903925
29437,16.451423222379404
29438,14.269697579438148
29439,20.353885457937583
29440,18.57260265294616
29441,14.187038126079514
29442,13.601511443120716
29443,12.669050388827234
29444,22.09963503799949
29445,18.37514014959836
29446,25.213412934484083
29447,13.205258704331674
29448,18.891660519500626
29449,16.684680599243094
29450,16.302486930185825
29451,16.952673691435944
29452,16.967710954711894
29453,14.156016996999305
29454,9.247327348700923
29455,13.860890416456346
29456,14.264601959091047
29457,14.268078128218638
29458,10.787875686974921
29459,12.339235059015836
29460,12.799561738597037
29461,14.622403356530398
29462,16.50620520213807
29463,21.813311285050663
29464,21.308514911721595
29465,16.22057785648469
29466,16.841054632657876
29467,18.61608930449993
29468,14.257556270080567
29469,17.78435746593978
29470,16.95358501016138
29471,16.843750953271666
29472,14.409684145563702
29473,25.450901345231763
29474,15.251652066769541
29475,19.36223790903437
29476,10.683776137623243
29477,20.685836590214613
29478,12.866571609199433
29479,23.93948781535451
29480,20.40454618092996
29481,14.942624622332126
29482,15.915735751820844
29483,17.457635666933065
29484,17.200718484096107
29485,13.782745502861996
29486,12.437049337579158
29487,18.629375238438612
29488,18.572016020653095
29489,9.991167751255883
29490,13.082021183652143
29491,12.541576782252541
29492,17.59682939931353
29493,17.88571749184517
29494,16.326563301210776
29495,13.656874804142543
29496,7.4072351929496785
29497,15.830164315557441
29498,16.539455343797645
29499,12.864870823738514
29500,17.258193975807657
29501,20.26838775911233
29502,19.84183056827056
29503,18.424288878686774
29504,19.222320455722922
29505,14.924060363917246
29506,20.176623600526966
29507,17.8940052345629
29508,17.171234964544453
29509,15.547580626381643
29510,21.418301314623864
29511,12.229291383118955
29512,9.249886424655399
29513,14.412837677144594
29514,19.349891783137405
29515,15.173419897365232
29516,9.08703922862058
29517,13.309927610964738
29518,20.80376821802406
29519,15.751686813877203
29520,16.70191281334944
29521,12.294319117738397
29522,15.204827457135186
29523,20.171148238704397
29524,18.19101567623052
29525,13.841333504773562
29526,10.943917918987584
29527,20.582040896233963
29528,11.398125584577581
29529,13.010675171945277
29530,17.13883572606786
29531,20.17399495902134
29532,16.251621077782982
29533,17.499531252845912
29534,14.934268205059574
29535,11.356818450186667
29536,17.817806790962415
29537,18.269637451031883
29538,13.424921753196323
29539,18.91037057972843
29540,12.62868166771167
29541,12.501481714202486
29542,14.435329563027937
29543,19.354055673530745
29544,11.17321483861561
29545,19.325844016044645
29546,12.06850956231467
29547,10.259031137485376
29548,14.257173789714255
29549,15.153215636706488
29550,18.286258610905627
29551,11.926961564489861
29552,14.049216451739596
29553,17.427251850230363
29554,16.590230528829736
29555,11.732878007133369
29556,14.884167667141387
29557,15.033524996946838
29558,16.671523516174876
29559,14.723993484526359
29560,9.020771173960693
29561,14.525728751829408
29562,19.04173492371371
29563,13.958376078698937
29564,16.013948650151136
29565,16.770050647597742
29566,21.070467957030456
29567,13.960169995043948
29568,16.610209010358105
29569,16.4577617021667
29570,18.226148151583615
29571,13.948496939015655
29572,15.85204915252038
29573,11.225473004626522
29574,15.986319550386305
29575,16.152975554569874
29576,17.701213708495587
29577,15.607690927783404
29578,16.02328481836966
29579,10.51622000664236
29580,14.543945775116297
29581,17.510926425777086
29582,15.533781410101724
29583,14.30861835257069
29584,16.152560253567433
29585,15.172679291297294
29586,12.65769491326584
29587,16.54107689873721
29588,17.425649893376125
29589,16.88483821998082
29590,12.616178811020514
29591,15.721077782155243
29592,15.379128092529136
29593,15.864090832416801
29594,17.28838231369176
29595,14.178207685228916
29596,12.248359457362199
29597,16.341002156319604
29598,20.425236415668373
29599,9.57525132112563
29600,16.77666232580193
29601,7.85358661727567
29602,15.855928456006236
29603,11.150577477896055
29604,16.431569139063818
29605,17.58620578838572
29606,14.385528460340804
29607,20.122421698180304
29608,16.90761515753199
29609,12.814829228632016
29610,12.930560348529639
29611,18.108111441043082
29612,12.504681259658916
29613,14.29108250303499
29614,23.976838133418106
29615,14.257075478180056
29616,15.14564971613337
29617,18.793741927232524
29618,12.757090357293286
29619,15.317149839217024
29620,17.882449257913933
29621,15.345924407832833
29622,17.60426231847334
29623,13.468947430736252
29624,16.633914130183022
29625,14.769687487075766
29626,12.226874811711543
29627,18.246796059003508
29628,16.07673786263046
29629,10.557758765397107
29630,16.581028576719106
29631,14.688457797387809
29632,18.827013559280388
29633,16.91024048784019
29634,17.656797152982676
29635,17.630604347371346
29636,15.746700330567817
29637,12.954776966591222
29638,20.00840060001346
29639,19.135499811327705
29640,18.392837848913906
29641,15.135245120477759
29642,13.177302207807134
29643,12.15975652718685
29644,22.21215453619562
29645,14.045669207454605
29646,15.78391829014827
29647,16.63116872329494
29648,14.259216449622798
29649,11.42827902778712
29650,12.64070045968774
29651,21.16838041808317
29652,16.915677549108644
29653,17.676952083915012
29654,13.489476075714716
29655,13.526681240239718
29656,12.343466376151008
29657,17.89052599887512
29658,13.595428185203366
29659,10.427592307196129
29660,17.24813344094244
29661,12.36836944031472
29662,19.952814740042108
29663,19.04254763816525
29664,11.709936742031783
29665,9.996137556179722
29666,7.65532745335618
29667,16.61876890649805
29668,16.176994961507173
29669,18.6581643287788
29670,23.02255794400131
29671,13.832846957933906
29672,14.599188703967798
29673,14.480833238321082
29674,9.595166655838533
29675,17.638294248241387
29676,11.457752133365208
29677,11.443201070817803
29678,18.091341560991292
29679,16.081543949716465
29680,12.795268559709477
29681,22.062774627503053
29682,16.758206161069378
29683,16.519642276314308
29684,12.947525897726322
29685,19.203451657452117
29686,14.823089775598667
29687,14.856752452030111
29688,19.943298047774956
29689,11.510958502248155
29690,18.044109460740714
29691,15.652226189646283
29692,15.659690988327014
29693,13.108542080948553
29694,14.065281781014145
29695,15.675641363698066
29696,18.1717094688322
29697,18.22961516484686
29698,11.90576046753839
29699,16.830936112902233
29700,14.70225130458593
29701,12.1622377545821
29702,22.524452825847455
29703,13.206800975683638
29704,18.664990211197242
29705,16.605210369457655
29706,16.87981583049266
29707,8.900948046156316
29708,21.858310851039864
29709,13.456791183361103
29710,19.55735440670329
29711,12.331591978465593
29712,16.193083282333745
29713,12.178568021401887
29714,11.007172367025337
29715,14.272299011080296
29716,21.668551453563843
29717,20.62937426826208
29718,16.601732688839455
29719,13.57532288497422
29720,16.748017694149404
29721,15.454587550741536
29722,22.375282311075566
29723,8.438634585232395
29724,19.67581150011574
29725,17.226789446113973
29726,14.595767750190513
29727,14.314747393719692
29728,10.447243824167874
29729,19.835206105855505
29730,16.71197171252978
29731,14.599870131789654
29732,16.3833315125322
29733,8.649490538812337
29734,16.14504704468465
29735,19.6275399178266
29736,17.890729117761357
29737,20.785540865390793
29738,15.373051364263924
29739,11.582091545979402
29740,20.069323918503727
29741,10.643778367386979
29742,22.900724856181007
29743,20.7764369630399
29744,11.485518035262768
29745,11.790976888736996
29746,19.31326036238186
29747,15.737116198529788
29748,18.900823772864026
29749,15.915007645150297
29750,26.177738127187133
29751,13.928295903683878
29752,14.543252330531448
29753,14.894886648617817
29754,18.22597980301888
29755,14.711425757578668
29756,13.896728352422526
29757,20.605881768070848
29758,20.71589157018611
29759,11.978089560130078
29760,17.380260381480756
29761,15.51801117969609
29762,19.327774327835243
29763,15.280503865215552
29764,17.83566487560179
29765,15.382080552488919
29766,9.582932140279423
29767,15.96025733054734
29768,15.57606500760607
29769,19.939681825021992
29770,21.45735255267206
29771,13.929414490529997
29772,9.569232329156144
29773,9.899346032867712
29774,13.195727707010906
29775,15.039602097870244
29776,12.550157806417294
29777,17.481600891273374
29778,11.56792847667842
29779,16.933921145492683
29780,16.719748127828215
29781,16.76361086999779
29782,14.435298598652327
29783,15.399909651251164
29784,14.09091159412907
29785,14.083082787951877
29786,19.54219645832888
29787,16.56239204750625
29788,13.696148352033152
29789,15.676416573406826
29790,13.444499668377908
29791,18.866363716814973
29792,11.917598860190495
29793,16.403561347103516
29794,16.18087036664933
29795,19.855982480897527
29796,14.636724611570683
29797,14.76100168205054
29798,17.9658539935998
29799,15.926844578267875
29800,12.6513068560332
29801,10.263950829513263
29802,10.628985254077124
29803,13.46023212022586
29804,16.407194612367533
29805,17.151456239156857
29806,14.473091399307418
29807,10.27449482369322
29808,17.937190072555374
29809,17.893966627993517
29810,17.231491502169654
29811,13.54917127442069
29812,17.08260685553283
29813,10.170531441545174
29814,16.80447972573578
29815,14.287989092875748
29816,14.003162447697337
29817,19.925228412262854
29818,15.692081925495035
29819,16.782487753075863
29820,15.51111851927639
29821,14.081066410161007
29822,15.213572132905796
29823,13.991843922943008
29824,12.221039043567334
29825,15.92475201847353
29826,17.792037466834294
29827,17.04676567840552
29828,15.820033574200282
29829,20.002782007660784
29830,23.001440284179893
29831,12.235613261258813
29832,13.712407480644174
29833,8.704386129453969
29834,16.746383977978923
29835,8.53941277907019
29836,20.315804801010536
29837,7.751555636008292
29838,10.148840430146205
29839,15.872495235766252
29840,20.560904735464153
29841,17.141306412512762
29842,18.403012381337952
29843,10.759193089661338
29844,15.593576634153132
29845,15.8869098817709
29846,20.979788407540784
29847,10.836772047322519
29848,15.904726162377559
29849,16.222974486622103
29850,20.136361143971733
29851,19.15757172684904
29852,20.97898240530683
29853,16.78991137574309
29854,9.827054952612071
29855,12.918490083521249
29856,16.17845782900846
29857,11.125080532860581
29858,16.526307621320754
29859,13.562052811073443
29860,17.79506681742655
29861,10.190985492393963
29862,11.016492546585116
29863,16.545135694149067
29864,12.421857349950596
29865,14.363118684859481
29866,9.36975813946535
29867,17.586750491465583
29868,10.734791786435657
29869,12.105716584401605
29870,14.978894655973797
29871,11.415997981866266
29872,17.1212111969713
29873,17.56677006548765
29874,20.79727601761597
29875,13.048536981621535
29876,17.512586364951094
29877,15.208371736999972
29878,19.18873997816129
29879,18.145042350377857
29880,15.120817544394
29881,15.06839562291826
29882,10.819616527581992
29883,12.235297168341543
29884,12.112416324800375
29885,11.197010717705027
29886,15.7299060130668
29887,18.71419029309665
29888,12.420325441914198
29889,14.034990201280813
29890,14.9717031233697
29891,19.08496410105921
29892,11.423780695916012
29893,13.337860015052641
29894,19.474115147874844
29895,19.087383950032724
29896,16.35208812549688
29897,14.831944730601158
29898,21.528574359739263
29899,12.165800909084528
29900,16.258298800336647
29901,13.206434258410106
29902,16.704115230201268
29903,13.260728098659289
29904,11.176702371192295
29905,18.991145535386767
29906,12.55909697567288
29907,9.893353407940984
29908,14.051656207497517
29909,12.210543220483633
29910,16.593153045958278
29911,10.192900937922385
29912,15.341229832937184
29913,11.2143829200153
29914,16.04544767489832
29915,18.341873222100816
29916,12.824114545101835
29917,10.46727149751488
29918,20.6165206039678
29919,17.514269008306144
29920,14.965691717078773
29921,24.099523457273975
29922,16.840660744937587
29923,18.106000241622823
29924,13.588897431689364
29925,11.728926787051062
29926,17.949341151000766
29927,14.159865398694402
29928,12.291733512339992
29929,20.39575256348304
29930,12.580339809287334
29931,19.814240443235438
29932,12.857825218216748
29933,18.08911243860881
29934,16.968265198860614
29935,20.28057248256519
29936,13.499550910864379
29937,15.8802394826324
29938,14.565975068553406
29939,17.414123422133923
29940,19.704282909587153
29941,18.169050282454414
29942,14.033764539347722
29943,17.971601704376965
29944,12.587067708462584
29945,22.845861165729666
29946,15.630247578717903
29947,11.552656370260998
29948,18.31787872469898
29949,16.738145021414834
29950,10.388177999366565
29951,20.735740570445124
29952,16.685478037856466
29953,15.77649054600056
29954,23.027632856949975
29955,10.844803318020464
29956,16.64361795692033
29957,19.557148364256904
29958,18.347511554583882
29959,12.936136706380243
29960,17.27633381572377
29961,15.078959418568965
29962,15.986987623395375
29963,16.026288810455018
29964,12.466203718354787
29965,9.383036317944338
29966,10.913072598492175
29967,12.989842599439939
29968,15.31517888913567
29969,13.285276255567439
29970,13.856568758261169
29971,11.34892051319099
29972,13.550556970542186
29973,12.198215549969696
29974,17.938566244804523
29975,16.340711631252816
29976,18.261991504164556
29977,16.64446388065691
29978,14.220369827584687
29979,17.817080540994056
29980,17.57748173582265
29981,13.807222469694466
29982,17.862923012729144
29983,14.702190505810284
29984,12.320193727343405
29985,15.093708139969534
29986,12.530481749176172
29987,16.721570645505146
29988,12.224290028078023
29989,16.747904021262883
29990,16.43833506999399
29991,12.901534218852106
29992,12.10354155317555
29993,13.43161167320131
29994,14.399219016905118
29995,17.834607012532885
29996,18.062141473106372
29997,16.30394904568238
29998,14.144048481111259
29999,16.14842581478295
30000,10.766282832370543
30001,11.76497667819837
30002,18.252037776548057
30003,14.865842277515462
30004,20.620446862866793
30005,16.49600330010594
30006,16.92671424572139
30007,11.915956794196752
30008,7.027137007604394
30009,9.545849880368573
30010,14.665699019231452
30011,13.955517163063698
30012,16.636346733972655
30013,16.552591277543964
30014,23.788723106245122
30015,17.56641170128249
30016,12.18769193414253
30017,17.258737169208494
30018,12.118148278964124
30019,23.48259255482764
30020,11.811609215406254
30021,20.15272775066454
30022,16.534516002425
30023,20.635165475640477
30024,9.76233361511129
30025,13.983925505160837
30026,10.445211359446775
30027,17.209270835901282
30028,12.408822979337259
30029,19.133308661588924
30030,16.120113032974288
30031,15.911368264171315
30032,13.693110867934404
30033,14.743569401915956
30034,23.404023759724982
30035,16.92452821374977
30036,17.173411447060722
30037,11.891454860734196
30038,10.788033610496996
30039,12.212323738148221
30040,11.821476275477469
30041,12.832188787207597
30042,17.50203204937126
30043,18.52015936664166
30044,19.247239303247433
30045,21.68756092294906
30046,15.897227187479947
30047,11.931617934449385
30048,13.223577922610541
30049,9.951580185580404
30050,18.985800638138823
30051,12.375101086669833
30052,16.035753420778637
30053,16.153577716900635
30054,12.526452141782052
30055,21.41425484360414
30056,16.69743811905067
30057,14.7922937653437
30058,13.783858570238262
30059,11.550543491327346
30060,11.641645326464293
30061,10.365071524017925
30062,16.106674756511463
30063,16.883630907375718
30064,15.458310228267175
30065,17.610819463464857
30066,14.883122101877806
30067,15.426817543303217
30068,11.311793196938936
30069,21.493931080176147
30070,13.250729207643452
30071,17.278743458389364
30072,17.230306545260042
30073,11.926636215132728
30074,13.78318091853922
30075,14.883647547487312
30076,13.748767537836526
30077,17.170464229454893
30078,13.067827208986571
30079,12.045903433066005
30080,14.599926945353959
30081,11.750483560217187
30082,10.775575647034604
30083,19.414078605663672
30084,16.51253335154578
30085,9.15964395471437
30086,11.132160436565163
30087,11.789276613124759
30088,13.611282729710585
30089,13.954883281095224
30090,16.657523169118132
30091,18.769269035759805
30092,16.254757903948015
30093,14.313015511505226
30094,15.90411068588563
30095,13.315667002220437
30096,21.1101193650415
30097,16.52928456505211
30098,14.408125585581173
30099,17.018580097055146
30100,15.906616863778254
30101,16.060810029921942
30102,17.35354386690394
30103,18.018652488873116
30104,16.67655138741842
30105,17.98409071338394
30106,17.592579451643722
30107,10.328285500684547
30108,17.5634776393999
30109,11.987516595215675
30110,15.347788939929611
30111,17.581064137102874
30112,17.03126114479904
30113,9.85567450423601
30114,14.190128075729112
30115,17.795431906443497
30116,19.43296737811329
30117,15.857816823856737
30118,14.339793619956911
30119,16.51943165932837
30120,18.743030142807015
30121,16.801366098389202
30122,15.974081540895435
30123,10.026955870901674
30124,15.174445909137571
30125,13.669280696210519
30126,11.342055901053772
30127,10.78617022127984
30128,10.46922011540031
30129,13.345549074982685
30130,11.990832696118982
30131,12.832355225420283
30132,15.029894115187593
30133,14.227656207590304
30134,21.90794504184821
30135,21.524698382593222
30136,17.37628525973241
30137,17.009544314285037
30138,23.452813205165175
30139,20.051476743835586
30140,21.93409475341154
30141,17.412569247522075
30142,18.45524863511142
30143,16.241065174261845
30144,13.171861621849462
30145,14.979169457907613
30146,12.447213180840015
30147,12.998929792299581
30148,14.91365001294026
30149,14.50097236804027
30150,11.508327768247508
30151,11.618005626477004
30152,15.742725666030394
30153,21.483738390037733
30154,22.749294272745168
30155,15.322551076791324
30156,22.47826322580783
30157,17.832937402842546
30158,11.742887917768176
30159,15.833613212827604
30160,10.795899714406907
30161,12.873917559466362
30162,15.381994173138656
30163,23.24041379010786
30164,20.09254385625771
30165,10.902233671648407
30166,14.373853490109544
30167,16.732675467550674
30168,13.977864528529597
30169,19.76758134227577
30170,16.593033217601405
30171,14.040543855049656
30172,18.95155765129404
30173,13.449003416224949
30174,12.504159291604374
30175,11.114031218053643
30176,21.582554084485288
30177,17.88796880375544
30178,14.963918359417397
30179,14.104138963497949
30180,9.284143935321126
30181,15.307141875531205
30182,11.359469605892311
30183,19.2669858699185
30184,20.121580241045553
30185,17.74522094637613
30186,16.603865747022553
30187,16.116297191287952
30188,14.116497687051101
30189,17.695016211958766
30190,16.07775719785191
30191,19.31197978614832
30192,10.946743975576435
30193,14.29851019929431
30194,14.4203748247913
30195,18.20795333980751
30196,15.987136888021862
30197,16.769024779492952
30198,10.411874701497217
30199,11.280392868253394
30200,12.510240519861595
30201,17.346911859084056
30202,20.571940006032857
30203,15.148672726636047
30204,13.83515638853027
30205,15.525319373270264
30206,16.430192560690177
30207,13.691229728585695
30208,13.441759643096255
30209,18.668956952387465
30210,15.080086873939875
30211,10.46287021678831
30212,16.931432882127147
30213,8.626859227722571
30214,18.47194004510904
30215,15.669882426618907
30216,10.805044511332675
30217,17.854356105643653
30218,20.160870104408453
30219,11.616404861440682
30220,10.226231810102995
30221,20.265563951339196
30222,16.316595101444552
30223,11.001027725016412
30224,18.859853872391803
30225,12.118586049688409
30226,12.118824056319934
30227,13.561806648815093
30228,22.03959392234274
30229,12.720376172402194
30230,14.118564284679561
30231,12.61961767994711
30232,16.47270158333925
30233,14.794259622937858
30234,16.81908963538467
30235,17.781466529315736
30236,16.405686970574084
30237,19.287149538316175
30238,16.778613957747638
30239,16.08983336494135
30240,22.750798157231078
30241,19.76432827729296
30242,18.198387903326104
30243,15.608540932703074
30244,18.80690544411402
30245,14.938746263988163
30246,14.119341587105104
30247,21.486138140094518
30248,14.302366784497412
30249,14.806176317981325
30250,10.70564886081254
30251,16.915684319697228
30252,13.563861990678411
30253,17.50158664480205
30254,18.50020203444975
30255,13.013635743682485
30256,10.300321943619815
30257,15.853448189435829
30258,17.489851085211093
30259,13.663948329377071
30260,13.652741074784217
30261,16.87274146491762
30262,13.93867323108146
30263,14.149207052883375
30264,12.910424881430451
30265,21.703352148273662
30266,12.795684253926575
30267,17.959112577369265
30268,19.380066582364318
30269,17.440569910688417
30270,11.958068855325891
30271,13.596878566731355
30272,20.83099655837245
30273,16.656587610414817
30274,15.412124686706907
30275,10.385113671041104
30276,14.51508805958694
30277,21.33504498564858
30278,20.119253517485813
30279,12.80701299751454
30280,17.259037745231026
30281,16.430261825994087
30282,9.902781838426934
30283,20.541873640063393
30284,10.679787366681813
30285,17.149336373385708
30286,11.770203582792927
30287,14.781229080424515
30288,15.784793733059095
30289,16.810289199901117
30290,13.238408658745694
30291,11.077129526760178
30292,23.14475392755848
30293,19.695333529172842
30294,18.690695214756367
30295,19.537738295204356
30296,12.099289734863863
30297,15.63570172351668
30298,19.881179545591657
30299,16.705313664570113
30300,13.519961711623992
30301,20.424331419784963
30302,17.050618529329423
30303,8.493969732436366
30304,13.812231830143734
30305,15.08571289529496
30306,16.85134730150695
30307,13.99354157891697
30308,9.412183234918091
30309,16.754427460752296
30310,8.936624172848049
30311,20.277287972401187
30312,10.448734078175555
30313,21.929461424598763
30314,17.62731508663319
30315,15.561709642592401
30316,19.969656246377085
30317,17.319108555662325
30318,21.658503974905273
30319,17.50078837271864
30320,16.219200946650602
30321,15.69122949013649
30322,17.85025178975144
30323,11.029361028842304
30324,12.788967869448369
30325,17.31425400170122
30326,22.188286636271517
30327,15.832805903926369
30328,15.241332038918687
30329,16.493577049488668
30330,15.463710062262665
30331,14.33558338122246
30332,10.934038417420492
30333,6.941478352530871
30334,11.418902604885107
30335,15.822472117096115
30336,18.436764705756758
30337,18.52850570641453
30338,13.515355448485355
30339,22.05847030172864
30340,18.339744837122133
30341,16.142331096327432
30342,18.271044631190712
30343,14.779688624678025
30344,14.838861279083595
30345,14.702646631062702
30346,21.992745591521555
30347,12.135065654804556
30348,19.586887180616614
30349,15.602314226315002
30350,23.59456308773956
30351,15.039796988789796
30352,10.784673401434828
30353,17.296332531833443
30354,9.729723444484687
30355,12.470045337475536
30356,11.248000649294088
30357,16.37567215614721
30358,18.76107792566151
30359,17.816652343461715
30360,21.599084314692156
30361,13.799033587933625
30362,18.594643740613726
30363,14.905258733197334
30364,12.046809018126062
30365,13.710712506723207
30366,14.9738539465913
30367,11.70596244011669
30368,23.767373937214245
30369,13.38951258721271
30370,16.367329577618612
30371,13.247067170790674
30372,10.249525064241023
30373,15.330276081148842
30374,15.49095618799572
30375,14.459230674834563
30376,16.483750594940844
30377,19.196385810861358
30378,14.211439785318762
30379,14.396350522799846
30380,16.906004849930262
30381,17.01725164866304
30382,14.42101646595923
30383,16.779424593589304
30384,19.492481818373783
30385,15.211757648078759
30386,12.099699521342517
30387,13.827215945350043
30388,16.467649504525898
30389,9.491844257652938
30390,16.289238318166266
30391,17.91643362358979
30392,18.22181836597897
30393,15.406467527031289
30394,13.99978509410049
30395,20.300087565675575
30396,9.990928748220396
30397,11.313833288889164
30398,16.1074937737818
30399,13.246468629816182
30400,13.077811237047456
30401,22.477373220966825
30402,13.476017987968234
30403,8.533906307717388
30404,12.524978243548269
30405,19.163932252122734
30406,9.964032034010849
30407,20.590563503550765
30408,14.1385504899507
30409,11.868890823523627
30410,11.422382797422184
30411,15.584463030240872
30412,19.484911169069044
30413,18.858236801627847
30414,17.74304645136947
30415,24.772294115290123
30416,13.356131838591622
30417,12.93823422827104
30418,16.48999018088591
30419,15.173410705430772
30420,18.983582736993803
30421,19.352694628216767
30422,15.781020189154477
30423,16.654164251137562
30424,17.84108135174586
30425,19.403832097264235
30426,19.808013345483392
30427,17.353498920679616
30428,16.307744408331
30429,15.87095626947031
30430,11.372286644228103
30431,13.083103963501863
30432,15.981822237360245
30433,14.7066485133164
30434,13.136343306668394
30435,19.795519505859968
30436,14.570768180792248
30437,15.934789249474706
30438,17.322533321538298
30439,18.40502882706015
30440,8.685512748443148
30441,19.060580016047624
30442,12.521331649174865
30443,12.799618003371231
30444,17.111410567216137
30445,13.67078105722215
30446,12.793822135221117
30447,16.657041661986725
30448,14.670155805385214
30449,15.006388531629032
30450,11.896427340572599
30451,21.936306280530104
30452,15.142425116673943
30453,18.341817857805665
30454,18.01396717744056
30455,14.404268933175596
30456,17.837028685924654
30457,16.504368388084202
30458,13.498051193555423
30459,14.13770166680838
30460,16.06217257000277
30461,16.308200322926844
30462,17.425431976621653
30463,10.538726070561436
30464,20.46773320270182
30465,25.015988051073535
30466,17.058616217331213
30467,15.136863367003393
30468,14.941799778146171
30469,14.861389660566456
30470,14.681943819993826
30471,16.528078120735863
30472,15.050501132750156
30473,11.721672531503689
30474,18.48729399568726
30475,12.701919525915471
30476,13.18234255974655
30477,13.799608030169162
30478,17.52297634304111
30479,11.769906157122252
30480,18.935416711758528
30481,18.384591353600175
30482,14.690995143364947
30483,19.842784477588886
30484,24.808231636101425
30485,14.661024650737923
30486,12.204467297925643
30487,13.205974640542294
30488,17.117546393098618
30489,14.139461556240853
30490,16.36452843960402
30491,15.53932838997796
30492,11.721010527937757
30493,13.002993664392864
30494,13.60859710469073
30495,20.109280059587874
30496,13.062560466863182
30497,17.935705291657797
30498,12.394683044144788
30499,17.856389165134118
30500,15.708032885771061
30501,22.840689021817123
30502,20.546285007490965
30503,16.870045863452134
30504,14.329703439732803
30505,11.871294724568273
30506,17.596603772768482
30507,19.226151495917264
30508,12.850501982239138
30509,8.433267801566338
30510,8.089763826788086
30511,10.525487953558178
30512,10.28821573459209
30513,14.534557563894735
30514,20.365948798040037
30515,18.32344827897179
30516,14.461830700422158
30517,13.773723423200426
30518,17.463946453430342
30519,17.990423838417602
30520,10.110617773501005
30521,15.089103340650443
30522,13.476917281037746
30523,16.135478667759006
30524,18.107215665036186
30525,19.270606108796276
30526,11.50282483347714
30527,17.5855928255664
30528,14.939875714900214
30529,14.088740701784728
30530,17.691985447120324
30531,11.968638010678081
30532,13.661951463372741
30533,12.64361655816091
30534,14.450157951182984
30535,16.14792244555182
30536,14.003516779511386
30537,13.604117394382042
30538,16.311488282573073
30539,15.963696704717648
30540,15.995486692677714
30541,11.299483949660791
30542,10.203518274389175
30543,14.246901655147843
30544,16.76929991499792
30545,12.51547295717536
30546,10.939529741990416
30547,18.109156931066764
30548,19.3553051315288
30549,18.357071732622984
30550,19.441235741363087
30551,16.820005085154946
30552,17.820054772819255
30553,14.982233212689962
30554,14.97384536916687
30555,20.722438861737217
30556,16.949143804804216
30557,18.372942559189305
30558,14.712063301792437
30559,13.366614817809495
30560,21.776066825420116
30561,20.14208451144023
30562,16.964156865586045
30563,17.42824065343894
30564,12.783205728424758
30565,9.641773979077739
30566,15.16093988526561
30567,10.348455166281157
30568,14.333558543232433
30569,17.949156890362957
30570,12.223465311972154
30571,10.271180344961968
30572,18.43196833481578
30573,18.396907665546884
30574,14.719805372832978
30575,18.791569665181626
30576,19.748070620363663
30577,14.97789227997849
30578,11.735469552070814
30579,10.437346403097942
30580,16.516342019888796
30581,15.063266910152343
30582,14.500912581952047
30583,12.095662145085997
30584,15.116474193107006
30585,24.00645022429115
30586,23.91360164985621
30587,12.817738421507597
30588,19.555892314713034
30589,12.964138907530767
30590,15.294010764173375
30591,13.042142974448073
30592,14.96843864903599
30593,18.537524420820823
30594,12.815154288043718
30595,16.95196857531242
30596,12.722317215984722
30597,19.50926868339443
30598,16.827631452739833
30599,10.098087025415616
30600,18.864975891687003
30601,14.45696719925459
30602,17.661309347958035
30603,14.671252967859331
30604,18.146279920680506
30605,13.176030910655271
30606,12.549938464843695
30607,14.222107056250747
30608,26.100004865965985
30609,13.011699736654782
30610,12.214590393140702
30611,12.542192544918432
30612,14.116470861741558
30613,17.35914730434351
30614,13.504980588462754
30615,20.806094453436728
30616,14.111342205471916
30617,12.53549555343806
30618,21.581383660869292
30619,10.462298176512773
30620,14.121009349783012
30621,14.569085467604102
30622,13.888095314341726
30623,12.162650688782543
30624,17.119110969387705
30625,17.6091204904452
30626,15.23844035119642
30627,18.29468452708398
30628,15.52106292626772
30629,11.647744588569402
30630,18.65743157165469
30631,12.347648834118884
30632,24.571529535462783
30633,10.405863362022366
30634,9.96586836904365
30635,18.842339714115713
30636,18.07507302495928
30637,17.24425264686615
30638,8.43266232646776
30639,17.484574546829663
30640,16.46615321682645
30641,14.052095747834436
30642,12.037151816206524
30643,11.911928633705568
30644,15.59557361011195
30645,15.685410918724312
30646,15.939419739815602
30647,10.99303281175995
30648,10.955852300622816
30649,14.273735470167367
30650,18.79627967599912
30651,21.036505747240803
30652,13.048162722541495
30653,17.807856103972263
30654,17.979503045442137
30655,15.09869798054033
30656,16.605951116710198
30657,19.85299662783846
30658,14.705089793695768
30659,17.66908702959621
30660,16.746354242716293
30661,14.041372877598599
30662,15.404081496721986
30663,16.332217590824712
30664,14.718354795820364
30665,14.269538465081528
30666,14.022032827689848
30667,13.831006894890074
30668,18.724460946685696
30669,16.73346327975525
30670,14.09217637500588
30671,12.40699322954464
30672,9.711117801726585
30673,12.570630991479053
30674,20.184061110227905
30675,19.735407731296036
30676,20.80392631299528
30677,13.08649593670164
30678,13.435910189891219
30679,19.502296268106328
30680,15.01833135761288
30681,21.99276949887478
30682,14.655162028939422
30683,16.73763643322018
30684,11.559665572625807
30685,15.170800565207507
30686,15.767658917326887
30687,14.555859699098253
30688,15.254744919830726
30689,13.471714279271586
30690,15.432929067537485
30691,14.3936224624549
30692,14.580424035596588
30693,16.56611130587922
30694,19.042524779098258
30695,14.568326530610086
30696,14.86121748005457
30697,22.875194297048008
30698,16.81313116771379
30699,17.03679934168531
30700,18.574184788211852
30701,14.622920144863109
30702,12.909300410673197
30703,13.166770876036498
30704,14.557357354742006
30705,9.633009864182455
30706,19.509765144308993
30707,18.680909034346957
30708,18.326749133792326
30709,14.476704212058888
30710,14.74539200708883
30711,15.365166925363141
30712,19.428637571378406
30713,15.354370861031697
30714,12.543139777833321
30715,11.601039563368296
30716,21.87505205953372
30717,16.32198465846357
30718,17.200256577093704
30719,17.147778472924674
30720,17.089932580157786
30721,11.955034402886346
30722,12.905529823000204
30723,15.318965379477683
30724,20.634358294014117
30725,16.75674339075524
30726,16.37310786077722
30727,13.423767806366886
30728,9.208888757268062
30729,13.28463147522476
30730,15.894007841854785
30731,16.234211516717632
30732,13.303648502442286
30733,18.409041901628434
30734,18.433108216691878
30735,17.587236598405013
30736,15.287118040891642
30737,17.248267512771317
30738,12.963927206635665
30739,16.42523645324162
30740,13.617965108830212
30741,12.90003546244621
30742,14.511751249179758
30743,18.784908953228538
30744,16.58010951911895
30745,21.342299608162527
30746,11.718649191847874
30747,14.844875885349865
30748,13.493450550456567
30749,25.15851768631964
30750,20.873019435563627
30751,16.206989195204073
30752,16.096632912242196
30753,8.580432466761184
30754,16.730395574953036
30755,16.24527097016257
30756,14.023186324644836
30757,17.019737192226525
30758,19.930446738026376
30759,19.857859783864733
30760,13.737803953683587
30761,13.899013181189115
30762,17.660556520234262
30763,16.132081978610213
30764,15.638524888223548
30765,11.578182660664483
30766,23.29900330668625
30767,18.371018539959152
30768,15.407881917383898
30769,20.494331831057462
30770,9.740062772140451
30771,15.05947907016109
30772,12.51682702099891
30773,14.392869462209944
30774,10.671347020637166
30775,6.979763259660782
30776,13.420940046546217
30777,18.124250356535264
30778,11.025731596130694
30779,9.626696041525364
30780,16.143732427856886
30781,18.153254400720016
30782,14.281174224236816
30783,13.61050836337451
30784,14.81221903094579
30785,16.516482918971633
30786,19.671409880800432
30787,14.81525584574846
30788,10.950884671791847
30789,16.154225431472213
30790,16.274281175354577
30791,13.393080533221537
30792,13.382297943764373
30793,12.29535532032735
30794,11.138155159930717
30795,10.429400105914572
30796,18.65747307002871
30797,20.84969544731759
30798,13.94949492378256
30799,16.650455060315196
30800,15.192287249221115
30801,14.359920226969056
30802,13.373156411528615
30803,20.579980846641064
30804,14.963018376062701
30805,14.340025734845302
30806,16.51728719881609
30807,9.089480146517921
30808,23.766731438081656
30809,17.7610954647237
30810,16.59489116685684
30811,16.296990042780457
30812,11.627570231958714
30813,20.051274953347146
30814,23.64861033440657
30815,18.34870617419316
30816,12.536503405201778
30817,15.018131878020363
30818,20.589748459190155
30819,12.009195816982952
30820,17.575881706339686
30821,20.086861608791267
30822,20.264564459658857
30823,11.277349849504
30824,18.78401298837101
30825,16.254117775045508
30826,8.56611626049055
30827,14.829524887021513
30828,20.753508414360898
30829,16.392586961303046
30830,13.039298543147794
30831,15.903070615516897
30832,16.851291343768843
30833,13.1118269449295
30834,15.862319268656293
30835,17.198913497421323
30836,22.154611569941387
30837,17.603775130786676
30838,20.28613966623402
30839,14.418326208918522
30840,18.19843359836794
30841,14.441221677162536
30842,14.987197339643595
30843,18.011862123844555
30844,19.403087354373078
30845,12.688068520894337
30846,11.524170697439374
30847,22.16475011532264
30848,12.286789221943465
30849,15.718056382625726
30850,13.406484594876378
30851,16.805837325776302
30852,13.840414067298083
30853,11.459529503923296
30854,24.70847199607814
30855,11.447871950246235
30856,13.87663369550594
30857,13.517433595197147
30858,17.09106034560204
30859,24.639348307070364
30860,15.25505767460079
30861,18.95639189066725
30862,19.044492567531947
30863,12.251046691137386
30864,18.368482066324745
30865,18.33656479513082
30866,17.837021446292304
30867,12.471961516945406
30868,13.8438694463728
30869,20.16461534854021
30870,18.350268729266524
30871,14.958705585315942
30872,15.185229940658456
30873,18.56404103983651
30874,10.142102988503908
30875,11.578531914186886
30876,19.46498606284385
30877,16.081857957633606
30878,20.16473426327169
30879,10.596417726866504
30880,13.126315814418845
30881,16.352425591126455
30882,12.572211967305599
30883,10.21281415994503
30884,16.558270229545823
30885,18.301906688318653
30886,11.529703696021741
30887,15.516856159289027
30888,17.978807763278013
30889,14.72276657931323
30890,13.073859340064061
30891,15.22730852416567
30892,15.415012474688165
30893,20.969232311970103
30894,17.07003237441566
30895,13.472537646570121
30896,9.148206334227174
30897,16.035083938616776
30898,16.36043706965884
30899,15.07278379807484
30900,11.110954492634239
30901,16.87051939812732
30902,17.205607426024024
30903,20.908003871874175
30904,13.398792612384138
30905,15.283861345699734
30906,16.224298564336014
30907,19.999217026022016
30908,23.3363231844838
30909,14.628765558513441
30910,10.689264057405342
30911,19.05813483392607
30912,12.19727918234744
30913,13.423491078795227
30914,10.524267452534446
30915,13.546400916385508
30916,15.350782290198914
30917,8.968688412482464
30918,12.863458057352272
30919,17.321233177794333
30920,14.9934268779491
30921,14.900955645499241
30922,19.46739392102409
30923,14.736550952214486
30924,18.127041214892706
30925,11.84303983259208
30926,17.10123388960652
30927,14.115198610961212
30928,16.933577727952684
30929,13.073491107972009
30930,16.87590922462337
30931,17.43238480164471
30932,21.089450691006324
30933,14.694678704564375
30934,17.277209464113177
30935,11.15399881841073
30936,18.78063756983139
30937,9.548702357125038
30938,21.839627108205256
30939,10.33746107148733
30940,13.459943641261987
30941,14.953393305519374
30942,18.955178495697858
30943,16.630460415690976
30944,15.497037462961007
30945,15.639469589786309
30946,17.796577784486182
30947,20.544318487135634
30948,11.991889215619597
30949,15.321469671083083
30950,15.939089227364365
30951,16.670585839080097
30952,17.555868421372807
30953,13.808697737530053
30954,14.20281806095415
30955,18.59703018579497
30956,18.782251495950213
30957,13.963592547917429
30958,15.006764817838189
30959,18.543764779379874
30960,18.017991731000613
30961,14.176070392217804
30962,20.491294855861028
30963,16.190308453147868
30964,19.815869022764577
30965,21.99891177035859
30966,19.957113795725967
30967,16.630261054772156
30968,15.807924203840338
30969,21.809376949775192
30970,10.207135627203503
30971,16.043695471219717
30972,16.414212132299273
30973,12.991863267126877
30974,13.407592516115864
30975,15.806551636709614
30976,17.382778740874684
30977,17.975472408136074
30978,19.028566709608747
30979,11.372406483010746
30980,15.614824597904617
30981,11.459835292616042
30982,20.71078958627966
30983,14.233835441833648
30984,12.790835435592207
30985,15.673998837801445
30986,19.234583755045815
30987,19.246344192816036
30988,16.27722755050976
30989,12.779968994463172
30990,17.86349606143104
30991,15.762545659392247
30992,20.592415641804976
30993,11.450275024765808
30994,16.10089095536986
30995,13.158222923211579
30996,11.62299708823603
30997,13.76182013375389
30998,16.94669230849077
30999,14.04746074931766
31000,10.87135314352566
31001,16.346774651349772
31002,16.038238483451668
31003,19.375197499456725
31004,15.752753759890066
31005,13.941018910578695
31006,19.250410730238535
31007,11.680867334827873
31008,16.258013595470246
31009,12.924028569932492
31010,17.349153868996893
31011,9.508059337317604
31012,20.95739810038649
31013,11.095905120666766
31014,14.96578966232931
31015,15.392778561847617
31016,20.162320082681752
31017,14.818202243807926
31018,15.682937681868909
31019,18.655833509454457
31020,10.406369192705235
31021,14.294066383399183
31022,15.518185925051627
31023,21.530090762198704
31024,20.286250668380525
31025,15.984530877536773
31026,15.513370338384135
31027,21.316587258860814
31028,14.74126571390477
31029,9.839024375946629
31030,18.360090179080775
31031,16.175547113628202
31032,12.754954471182979
31033,16.092351991276594
31034,22.623406346847837
31035,14.921454741822384
31036,8.433116296589844
31037,19.470866910997554
31038,20.72295299446303
31039,11.754076662437827
31040,15.155636932294142
31041,18.710151360430398
31042,12.719208534015156
31043,17.291058513127634
31044,8.11142811231303
31045,14.49596058718012
31046,12.98760909483769
31047,8.30765136076382
31048,21.64145702228354
31049,12.750546632562177
31050,18.960927440786307
31051,11.354970583243524
31052,15.512189785878622
31053,10.701974416098391
31054,12.815032244273006
31055,21.423887368686312
31056,11.654400212058203
31057,16.281364763578107
31058,14.786543583231566
31059,13.272310085958296
31060,19.052072344108595
31061,13.322918711823252
31062,22.756434644308783
31063,14.223137193448395
31064,13.535453891236582
31065,24.657164107457383
31066,24.760722204588646
31067,18.1872148121852
31068,16.950028000022684
31069,15.013253920050971
31070,12.542807793066974
31071,20.132075156621937
31072,16.16312150782479
31073,20.779044092893308
31074,13.38753939680483
31075,18.987489471744926
31076,12.113222597161776
31077,10.067979073627365
31078,18.097995984762065
31079,13.83958531822444
31080,13.590473252255158
31081,15.1256856039567
31082,15.601182791782598
31083,14.627768532377205
31084,15.76349524565576
31085,18.712866767988668
31086,17.516139092807876
31087,13.595055357832157
31088,12.832953046258341
31089,10.296313642759461
31090,15.36991911528529
31091,16.77390012439595
31092,14.87252798155495
31093,10.579308710736791
31094,17.16492216427353
31095,13.751636237064744
31096,8.706632283555116
31097,9.955152190516069
31098,11.0870290006395
31099,15.48746396154526
31100,18.71297739718473
31101,19.91721317539352
31102,20.456328446833854
31103,22.209007284857083
31104,15.499933082178597
31105,20.904534784469174
31106,11.86007010781563
31107,12.651243701106036
31108,19.00856257100279
31109,14.088899868576785
31110,14.295767731266805
31111,19.716680867889032
31112,16.33902217828744
31113,14.19021822166628
31114,13.005079337914449
31115,12.266213818719256
31116,8.711770524619403
31117,13.328878382617631
31118,18.22643192479603
31119,12.400951263339785
31120,17.65471115817812
31121,12.909818029936329
31122,18.86516923268093
31123,14.190476226091224
31124,11.74639788843924
31125,17.387453774348444
31126,12.141946292287216
31127,12.113011753165761
31128,15.535129120627818
31129,8.97435633333731
31130,11.07878307338261
31131,13.053784524638296
31132,14.549101728186434
31133,20.61123232939979
31134,13.783102812686256
31135,11.853557487717644
31136,12.367045007227947
31137,15.476768702226712
31138,13.1361249900732
31139,10.483960784130165
31140,15.227217532801326
31141,14.816305854830553
31142,19.82654300449561
31143,12.506110673834495
31144,21.759229872686458
31145,21.02262466094632
31146,16.292702741073338
31147,17.402936191096096
31148,13.784468834556334
31149,7.771418677569657
31150,13.181982305559181
31151,20.53020336023748
31152,17.42689042204928
31153,20.352852978201
31154,8.587387181981601
31155,9.208436944777397
31156,15.493010330376887
31157,18.000155777094974
31158,12.797792657904278
31159,10.001357006358052
31160,19.15154420303515
31161,17.901176667303595
31162,18.41590260630106
31163,10.437579009570289
31164,16.28389403143964
31165,16.219308479515693
31166,14.356088429298017
31167,11.333048921669233
31168,17.094318017761445
31169,10.616762784404992
31170,14.442608664817135
31171,18.212038800101816
31172,21.859575045432205
31173,15.405180700860239
31174,14.270580794529081
31175,15.61144060532673
31176,15.588018336447984
31177,18.884795175759706
31178,22.685405116126788
31179,14.874852991663287
31180,13.780424298401213
31181,12.171694150712705
31182,17.64160636738928
31183,15.13898049899896
31184,14.702140626798819
31185,9.850210205841034
31186,12.660580848243377
31187,10.591158978507828
31188,14.094780427206723
31189,15.462557529602005
31190,6.559300029226821
31191,16.161030459472943
31192,17.43489116177322
31193,21.2379506651657
31194,16.940380393471443
31195,14.456872212857679
31196,15.39658886601298
31197,22.590443986551843
31198,12.562486855009276
31199,20.93930518289733
31200,16.018921104042956
31201,14.86988298053737
31202,17.952801746190936
31203,13.425575930913217
31204,22.114196642852164
31205,16.051360466946893
31206,21.194158242031968
31207,13.537855530235628
31208,13.98676401253973
31209,14.571101844221827
31210,16.427942281763027
31211,19.872822282857825
31212,17.483955319657106
31213,21.1401309845229
31214,17.511371394250684
31215,15.27711078208817
31216,18.86190932701636
31217,16.55366553653547
31218,18.709877450445624
31219,10.959262669316235
31220,18.921956924042235
31221,11.15466593711432
31222,17.877462208594164
31223,14.377911829574714
31224,15.254714580494808
31225,21.750395261723476
31226,16.1083423943264
31227,15.622863213441258
31228,17.25628879338476
31229,17.141168455839864
31230,18.70754467298106
31231,17.082745471422918
31232,8.271408359186339
31233,22.38654716282176
31234,15.475301008520638
31235,15.365265224140304
31236,21.018640080460656
31237,16.791388634200256
31238,11.181243836486626
31239,19.661724987469224
31240,17.175320307925112
31241,15.002822927760336
31242,10.369440679201018
31243,12.118431649350377
31244,11.541225248351507
31245,13.949817582038559
31246,15.134499468695076
31247,16.550746823125166
31248,11.728048748233416
31249,10.472489313388039
31250,13.360574407424739
31251,20.038095453988483
31252,17.423543707552927
31253,11.46960430592777
31254,15.00212782501412
31255,13.39281945117963
31256,11.095230708685788
31257,18.649915151368294
31258,13.233100114234205
31259,17.02190752105782
31260,12.609509438318247
31261,12.617386947506638
31262,13.054812979057228
31263,15.054026402033179
31264,15.050743606866895
31265,15.806984030039686
31266,21.533236995576292
31267,14.676296341926285
31268,8.71081819464387
31269,14.557759211361098
31270,11.602139784936409
31271,13.86073795673385
31272,11.564586585771604
31273,14.738170718098438
31274,12.467491297588438
31275,19.163580492510363
31276,14.44380983112182
31277,15.234966844258281
31278,15.869944100533319
31279,21.481461970734546
31280,15.701563720853972
31281,13.391302987380154
31282,15.250910452783767
31283,13.44849288697832
31284,15.72908618478419
31285,15.320556283580279
31286,10.530802218403704
31287,11.128345625579705
31288,12.114873949895832
31289,10.086815723003241
31290,11.676867674593842
31291,12.299715926987144
31292,19.40394734854351
31293,18.8996584879906
31294,14.899889497081624
31295,17.314583652385625
31296,18.492219063785917
31297,14.666965493497704
31298,13.297169164399069
31299,10.839086909063381
31300,18.422082424609165
31301,19.956151584224276
31302,15.484356062617124
31303,12.129581286813256
31304,16.988420653090312
31305,14.018833732781577
31306,8.906696819450191
31307,15.729296894163857
31308,14.630558003963795
31309,12.26145604683754
31310,14.004223886793273
31311,12.575046640366832
31312,19.2459307756513
31313,17.10294546116795
31314,18.09744715300306
31315,13.422717003662665
31316,19.84831870412267
31317,8.822011033227128
31318,19.654789248216368
31319,17.48489688927171
31320,14.922220116662679
31321,11.893924806838783
31322,11.92020850401138
31323,19.073222910783144
31324,14.650456778778349
31325,17.631898871477688
31326,15.698851067886578
31327,14.157253036461624
31328,17.910227527316636
31329,13.955109659653452
31330,18.59591173864492
31331,19.588321539949938
31332,17.931541856654135
31333,22.52201966654653
31334,12.082494487523876
31335,15.928136971091853
31336,11.13167507512968
31337,18.954345264067463
31338,18.20236722855475
31339,19.414557088442987
31340,15.391936967111182
31341,22.79934517552362
31342,15.203237434160304
31343,12.523439505324914
31344,10.01767340826629
31345,12.051900946188164
31346,18.87282201941918
31347,10.18743879272889
31348,20.528482693842555
31349,15.976650630223919
31350,13.421185706222417
31351,17.374477482834322
31352,16.9589318556296
31353,12.361834855949265
31354,16.917240940568362
31355,16.493497604016518
31356,15.419541807745773
31357,10.82096450822361
31358,17.200029195792435
31359,11.94486120269999
31360,11.920909034656628
31361,19.53197124336178
31362,14.474656510284397
31363,20.97345785008051
31364,22.60216480817487
31365,17.24652200435276
31366,12.044206195285946
31367,14.59258423798941
31368,17.16204528091444
31369,9.982642087021228
31370,17.27677367074211
31371,16.953018669805537
31372,16.91158999963736
31373,20.568128300092685
31374,18.772745936073783
31375,18.849010139368392
31376,15.125441438825618
31377,15.64505285060949
31378,16.38374006041255
31379,11.806011538994733
31380,14.331879782821073
31381,13.085411681816728
31382,17.213436487350165
31383,9.922139757400544
31384,15.424615369148048
31385,19.363823351142848
31386,18.286333615998654
31387,25.096013610809923
31388,14.021359546070872
31389,17.63041369282272
31390,21.51821694403493
31391,12.887871997494063
31392,12.874508934370258
31393,11.872412717582556
31394,11.70767230668838
31395,19.8858951119281
31396,13.716320976179926
31397,16.727937369198592
31398,14.748601894404981
31399,16.029870379153913
31400,22.980388624214896
31401,17.30724290788788
31402,14.689878737989009
31403,11.19204506431809
31404,9.939229096971063
31405,13.598647202975524
31406,13.396695409094658
31407,15.980886230392905
31408,12.134638965485218
31409,16.734001679696163
31410,10.652429183079795
31411,13.793836833399386
31412,14.25922361499415
31413,10.751108254686551
31414,13.709510898676172
31415,10.629454880532146
31416,11.155298391723
31417,13.710775050467452
31418,15.034164018716908
31419,18.025884327478085
31420,15.56146861873702
31421,19.635207031260265
31422,15.722853495489826
31423,17.77978804709128
31424,11.66583684936765
31425,13.6359323207732
31426,12.489341002048487
31427,15.19937397270167
31428,12.524037047199512
31429,19.77017182685892
31430,17.00809469757334
31431,16.39980004262041
31432,12.630887979688358
31433,12.727161429520226
31434,16.677711672094283
31435,17.772224503158434
31436,12.711841305414342
31437,14.658428767875147
31438,13.928329083896742
31439,17.907385436530607
31440,11.255816517740563
31441,15.344133443792831
31442,18.758439309532456
31443,14.438751784612778
31444,16.19343076337236
31445,24.139359167085985
31446,16.037873751204295
31447,10.96783760559385
31448,16.523325960508878
31449,15.679273484841868
31450,20.248076835756706
31451,14.71515997514879
31452,13.810928740920703
31453,19.164120909747997
31454,16.793585554472074
31455,11.729560880583048
31456,16.890608080545245
31457,17.328681183077045
31458,13.918198159828687
31459,14.093202819993264
31460,14.474830855603614
31461,12.7232198148739
31462,14.51577593410834
31463,17.09815650174327
31464,17.535934930862815
31465,18.347943678204274
31466,13.215621434718855
31467,13.198037144003585
31468,23.87481209168622
31469,15.904457135134976
31470,17.995248309748533
31471,20.52269047285523
31472,14.071750371257126
31473,16.288931239987072
31474,10.863794742004487
31475,18.405174409164736
31476,16.118748946407262
31477,17.107123011991526
31478,15.326626179316968
31479,8.139422025249624
31480,13.571881574954823
31481,8.65906075466354
31482,13.406245287025722
31483,15.569261723334588
31484,16.57758215174207
31485,20.734535720002725
31486,13.011009238831907
31487,17.751241614440296
31488,15.372492692838769
31489,16.86929365601015
31490,20.126700146595248
31491,11.22903430635856
31492,15.138235450467706
31493,13.644169655502232
31494,12.051545950380866
31495,15.608122383659861
31496,16.081848725224457
31497,15.27836904954635
31498,17.032417333541964
31499,17.64372175226471
31500,12.849334191881411
31501,16.611216415586714
31502,14.370096486205195
31503,12.810263604859419
31504,18.980541223026385
31505,13.308500582665356
31506,14.03011439880434
31507,14.685880866857655
31508,10.897443114871592
31509,12.501297654200222
31510,16.627890539110204
31511,16.748589584622984
31512,17.069030982229158
31513,13.034716734600103
31514,18.95061629023944
31515,12.257749757527268
31516,23.74139738115034
31517,16.655171054060794
31518,12.563179183562784
31519,14.14231041070634
31520,17.500532960678264
31521,14.961371980498752
31522,16.154107702536646
31523,14.10613656109893
31524,12.130526737637407
31525,26.25461032552049
31526,11.157347476706182
31527,15.162545134039568
31528,22.09399598521707
31529,18.45275582969148
31530,17.63491917822788
31531,15.583864362082192
31532,14.679462300442957
31533,13.565937453018268
31534,14.154695688488246
31535,16.145388515313684
31536,11.722827803677882
31537,11.26125934695243
31538,11.257576420104446
31539,15.454810811407128
31540,10.81597173615296
31541,14.843133202137444
31542,20.5408984381233
31543,15.080036999452336
31544,13.032284496114286
31545,18.501447636855815
31546,15.628944914823307
31547,13.886950347509398
31548,16.457343788558426
31549,19.774098536746855
31550,12.816001459639391
31551,12.550284428565522
31552,12.809758682990617
31553,14.689833154284624
31554,14.344112025342659
31555,18.608475139328746
31556,10.997595699161856
31557,22.977860939882373
31558,16.948030008879073
31559,23.582641845054734
31560,22.1293613633897
31561,14.401143339080395
31562,15.121784344243125
31563,13.931134082978774
31564,15.656173578672322
31565,20.37048696094263
31566,17.961200078564573
31567,11.207528003040998
31568,22.606002451638187
31569,14.601969584140559
31570,13.437929477264174
31571,16.721295000012965
31572,23.757719992714723
31573,19.33471859133862
31574,16.892832825091823
31575,12.510927984475305
31576,9.529142569846488
31577,16.805384488361597
31578,10.37482543761936
31579,12.984121662792235
31580,13.404724242757538
31581,17.07428111570318
31582,12.477706884336943
31583,16.463166051605867
31584,15.836301304164381
31585,11.32304988103947
31586,17.6740129768365
31587,15.71600936761639
31588,16.48899708376264
31589,18.358247319781906
31590,14.322777235735634
31591,18.074210534688504
31592,21.828328097280462
31593,12.619997320724906
31594,15.611571358773897
31595,11.21076677034922
31596,16.02936382250401
31597,16.87999356283168
31598,18.80039449107067
31599,12.947811746281626
31600,15.151608987882621
31601,24.736022533371646
31602,20.186605537568802
31603,19.665580206842876
31604,19.70124189650438
31605,14.905210462578793
31606,8.44173393685451
31607,10.600889419860714
31608,17.090637282502684
31609,18.528085127027005
31610,12.477502629711026
31611,12.86471764670576
31612,18.154342713197725
31613,15.570746155611067
31614,15.256271430084492
31615,15.302462528608752
31616,11.796363171762291
31617,11.3780524963558
31618,14.07751572953498
31619,12.256336775264016
31620,19.242986990479373
31621,11.429839086145606
31622,20.699842823940507
31623,9.97081371261862
31624,17.710166220150377
31625,24.410323368817963
31626,13.798483538877544
31627,19.18817674168484
31628,14.849471689531274
31629,9.065408949571975
31630,13.797956795865826
31631,13.897644193865574
31632,11.51982713123978
31633,15.05590078580909
31634,22.590014236302647
31635,11.835920546490293
31636,16.734297482351046
31637,9.797522749035995
31638,13.44790788417552
31639,17.569699854004355
31640,15.267559495302775
31641,18.8098407917309
31642,15.047289491272943
31643,14.498844434636382
31644,14.404948268516474
31645,10.740354838399512
31646,11.309415526071803
31647,16.78488258687768
31648,12.048572969614717
31649,14.811185759794052
31650,15.296723700605947
31651,15.10599202729269
31652,20.173929985363117
31653,14.277793083310605
31654,12.087114354716517
31655,16.85073650343469
31656,11.957281745558817
31657,9.730134623724652
31658,23.5889562418698
31659,14.237015672388253
31660,10.74115676318435
31661,16.227598854770665
31662,17.39080443234909
31663,16.501838781288683
31664,17.18066461820303
31665,15.995714546191348
31666,16.892699324278272
31667,16.32337573654219
31668,15.556128172007885
31669,15.221375535466251
31670,15.832498647919437
31671,19.287505786493405
31672,12.812610202859991
31673,15.940981163867576
31674,16.163469612745757
31675,20.43149273295395
31676,14.58620240366563
31677,18.686606871393693
31678,13.176741291867604
31679,16.178633402852473
31680,11.140717067406712
31681,15.932541792423194
31682,11.140717074352784
31683,13.547272824929266
31684,15.55657732457203
31685,14.65983215577863
31686,21.245907509741244
31687,15.493034899865258
31688,16.549901645259006
31689,13.71802812860745
31690,15.138531699496621
31691,10.226567809301484
31692,12.435361925751383
31693,14.709119661233386
31694,15.071107594317235
31695,17.480234808882486
31696,16.25817877016355
31697,18.84641322464678
31698,16.39273269336847
31699,17.626068891349018
31700,12.383370218730963
31701,19.851256736787015
31702,19.95701974653093
31703,13.31390368579074
31704,14.17501370351751
31705,18.03952319833929
31706,18.738058368762616
31707,18.405699076557525
31708,15.099743222070195
31709,11.595064457931226
31710,10.38525281920247
31711,18.735090411742682
31712,11.739416975334347
31713,14.736220631595806
31714,14.689694024369796
31715,16.64779857959955
31716,10.413792287205592
31717,13.49233769841888
31718,14.080114246087224
31719,14.873316786929818
31720,18.907698740081337
31721,15.347891525828041
31722,14.951976387859204
31723,22.362141417057078
31724,17.162277925378845
31725,19.053677449830396
31726,17.263152660866353
31727,22.504120136723426
31728,14.159525495388294
31729,19.2763547397133
31730,11.877308897478086
31731,15.031255623027622
31732,19.517538380662195
31733,12.603041638257327
31734,21.670000941782163
31735,11.729180438926974
31736,22.267062060533185
31737,13.34379030967241
31738,16.040587916583863
31739,19.8095600723722
31740,23.111963788536105
31741,20.288598109246422
31742,25.238367620651516
31743,12.978329050816356
31744,17.126435772829737
31745,13.461194377128542
31746,18.791790002759228
31747,19.056033897615414
31748,20.63586695052985
31749,17.976357037367386
31750,16.338355586566685
31751,20.263535726184124
31752,8.68106121568027
31753,17.591893653488683
31754,13.828949243786617
31755,18.394450647011713
31756,19.749077064254084
31757,24.280221046383687
31758,18.90015977399933
31759,13.985718375119102
31760,12.437939571168512
31761,16.894524124754525
31762,11.447504198385774
31763,13.320431514144484
31764,15.293342922634212
31765,11.51329065613039
31766,17.016490795632457
31767,17.246459061932846
31768,19.875723627009414
31769,9.071794064952815
31770,16.9661872791781
31771,12.131112990236183
31772,11.471346249473532
31773,20.73400265027204
31774,13.839840268629317
31775,12.52351457677186
31776,17.447325319038608
31777,15.838346122023513
31778,14.34114506100224
31779,14.923803188079457
31780,14.455649117321478
31781,16.222102621363852
31782,15.479271658738991
31783,15.620363971903739
31784,7.985987185095555
31785,20.525973524636626
31786,17.11710678113614
31787,14.234218242024816
31788,12.936432169202607
31789,13.435341693932692
31790,17.156557528683663
31791,12.718013348128816
31792,12.9285271386813
31793,10.449889676970955
31794,16.7323401408401
31795,16.629016789300533
31796,15.6525378500476
31797,19.27561392714562
31798,19.453234365042814
31799,13.234167445228682
31800,17.904188860426288
31801,12.103132788650147
31802,18.203341763952956
31803,15.683611342354784
31804,12.415255379845323
31805,12.945047991516859
31806,18.675117875727416
31807,15.897688861890696
31808,14.418387250566989
31809,20.788653214395826
31810,21.1588217470836
31811,14.911199018579236
31812,16.486295924291714
31813,17.931845490606253
31814,13.785480653314677
31815,22.301340243479284
31816,21.318217735408368
31817,15.32605907082841
31818,15.160862046195726
31819,9.169446776686963
31820,13.789853766122164
31821,15.021011302039886
31822,12.84824955773795
31823,13.134840472849564
31824,12.786105605766716
31825,15.116173403566457
31826,18.493857726780924
31827,16.860511962942752
31828,9.822897736786931
31829,19.467274631488376
31830,9.852412224655009
31831,23.370901851269643
31832,11.275866283301092
31833,15.634002207658263
31834,9.14698638722715
31835,12.869597318926559
31836,22.16150382154769
31837,20.03791686549398
31838,14.095893998312953
31839,16.336066037090877
31840,19.368660362516852
31841,9.879213224757859
31842,16.336782815433793
31843,20.4483549788579
31844,25.027904225854428
31845,14.905181202707986
31846,12.51825195489504
31847,14.471081765738532
31848,16.248118782602393
31849,13.496412231533554
31850,17.76324735797901
31851,19.491364395857406
31852,13.778603077368414
31853,13.531592474804349
31854,16.0336548549519
31855,15.626001718084396
31856,16.66538954897649
31857,13.872456851465316
31858,12.776251187740419
31859,13.641008901692777
31860,18.821669599852832
31861,15.895435397572832
31862,14.662808619422702
31863,9.642874670220188
31864,24.411237063390317
31865,15.350917614446931
31866,16.516027224070793
31867,8.104216370699714
31868,12.53686372749279
31869,16.062582455336116
31870,17.8922847471734
31871,18.195606428994683
31872,15.150656076070241
31873,19.791435469496776
31874,16.643505036582916
31875,13.443065179510526
31876,18.797790648499237
31877,17.349125370559214
31878,16.05652920356339
31879,13.470909771779276
31880,11.324092590662179
31881,14.444299158589374
31882,15.789043031805491
31883,17.66090357450694
31884,12.724570176194005
31885,19.463534420241587
31886,12.505923355250754
31887,16.006337250881625
31888,10.914309672612227
31889,15.560515681742443
31890,12.968305694863346
31891,15.053424961906083
31892,8.86574491532052
31893,8.87171381894085
31894,7.856847737861186
31895,19.563645991399383
31896,18.747806265122584
31897,16.391561499023112
31898,17.94861201849685
31899,21.584177176240388
31900,9.47866422537009
31901,13.641856054980755
31902,14.383821637713906
31903,15.546087973507168
31904,10.282966642507692
31905,10.689703478692962
31906,21.870595265526322
31907,6.430177321624693
31908,16.88069111449926
31909,17.180643967920275
31910,17.066190689093794
31911,11.519021511869177
31912,15.463697199469053
31913,21.299135900005222
31914,21.491987373262877
31915,17.834517291777892
31916,17.56300646077888
31917,13.977566197135634
31918,12.016503768826066
31919,16.461991703573872
31920,21.434485337340647
31921,21.862837122803803
31922,12.867115552524861
31923,11.683005566377142
31924,15.047716386384572
31925,17.32437607668976
31926,12.726377773876042
31927,18.193764516480293
31928,17.22382947549106
31929,11.638320761114391
31930,13.142435719833998
31931,14.093873459994786
31932,16.302581488655854
31933,14.764947854379209
31934,15.692765733577456
31935,17.358208154398923
31936,14.765136675830163
31937,15.169825224034117
31938,15.359000260583707
31939,11.348969926437562
31940,22.46971412713832
31941,17.20504492314903
31942,17.473282571002997
31943,12.468086795602266
31944,17.064700812880435
31945,9.948769918905294
31946,11.300130308538316
31947,13.60501622573831
31948,16.34909323996102
31949,13.604019530989216
31950,19.46551313676693
31951,12.711998175967636
31952,12.182571815223637
31953,20.280938937581123
31954,12.655411349639806
31955,13.281967685676616
31956,14.575074540439545
31957,14.760570694780068
31958,14.86270001666183
31959,25.227440296244968
31960,19.497469588677987
31961,17.501542701240563
31962,17.473754639036635
31963,17.96422438425806
31964,9.490812415668957
31965,12.215263973756345
31966,18.06630737470886
31967,18.254184561570796
31968,12.889623753555757
31969,14.913494732083826
31970,13.732626886005121
31971,10.554659863787922
31972,13.422978072015624
31973,16.370823938664564
31974,11.924537508341386
31975,16.285210339751167
31976,16.635998709506104
31977,15.695048168296651
31978,8.079797471650622
31979,18.76638835955424
31980,10.442237345100324
31981,15.72460493043698
31982,19.63403622602267
31983,16.77324797478066
31984,14.405930347579211
31985,12.916352591053231
31986,15.83755946463109
31987,16.21289240331939
31988,16.07860642092235
31989,14.750247713241809
31990,13.053541176880472
31991,11.006081756829062
31992,11.890679812301068
31993,11.483674649966467
31994,10.900460247953589
31995,15.74940888452228
31996,23.026455343200045
31997,14.080703703959738
31998,11.827017459933838
31999,20.571944596961114
32000,17.079608161126373
32001,7.925048879932173
32002,12.60978073965574
32003,18.990716298508808
32004,11.579651595107059
32005,23.3833743538446
32006,12.398520807817924
32007,25.378815780139153
32008,15.490413469366562
32009,15.23521818315255
32010,19.600234664683043
32011,17.530658623710913
32012,17.4111538315846
32013,18.230575294252475
32014,19.77430002343615
32015,16.370874733124012
32016,17.025764571506077
32017,16.442773768878812
32018,12.344480948774537
32019,12.490662593257259
32020,15.217410859373723
32021,12.362636280125528
32022,17.820346184169154
32023,12.875144579974705
32024,15.75482422439569
32025,21.019979068304472
32026,15.564527411482686
32027,21.62623270577519
32028,11.708385563597357
32029,9.662505271117455
32030,10.185100533534406
32031,11.707011491230526
32032,11.20687529409599
32033,15.971158983469197
32034,15.107593027137126
32035,12.976833185261523
32036,17.654574895296157
32037,10.900686569573125
32038,14.14680305013806
32039,10.62683360298373
32040,10.695801473160014
32041,14.684796505510255
32042,16.079657856150103
32043,12.338759529900695
32044,14.079713624630639
32045,14.304385146300326
32046,21.05298574116468
32047,16.373908704992356
32048,18.683362009309818
32049,15.807059766510601
32050,15.851870071086775
32051,17.017461829007544
32052,21.910737888442817
32053,12.593765755293921
32054,14.051700635594957
32055,12.754339919080262
32056,13.798887217094977
32057,14.30915158502005
32058,12.760062102672721
32059,11.274868757002043
32060,16.930239852670184
32061,16.61529940178435
32062,12.220739449167205
32063,15.444003037343695
32064,12.033935487003053
32065,16.510078377742566
32066,13.581637271043242
32067,15.104224946871847
32068,12.624992819113558
32069,21.14485288209321
32070,15.008119400481434
32071,15.048014625263303
32072,15.144051675852282
32073,14.32234458024157
32074,10.344501681538695
32075,13.588812744450642
32076,16.794114573608642
32077,14.324615633937286
32078,11.63503540170916
32079,17.60222300142221
32080,16.063307738514677
32081,16.64199601451559
32082,9.96288034918511
32083,17.371986617074874
32084,15.491947169647588
32085,15.387232446589856
32086,21.903720241592335
32087,20.737747952574345
32088,16.750572591390288
32089,11.834548454333552
32090,18.45619070030649
32091,21.007503804135474
32092,14.877828563180195
32093,18.613435043708364
32094,18.880777028152465
32095,11.04765580120702
32096,19.296750303024915
32097,16.9323499804198
32098,17.6074523666798
32099,14.797797888254191
32100,14.659040447308186
32101,23.203880557288976
32102,10.467961830999997
32103,15.669192310928292
32104,17.008503112994184
32105,15.826161282531993
32106,23.07981584355799
32107,17.01778687019472
32108,15.36185745930215
32109,17.737415542032327
32110,13.025388824436755
32111,10.105094881249897
32112,11.144612706535103
32113,15.851696598759705
32114,14.519825463596288
32115,10.68515889166291
32116,18.91257334409181
32117,16.443669524738127
32118,9.838998643978575
32119,15.755572456302797
32120,19.4475327211145
32121,19.19902151751163
32122,18.92465294400589
32123,12.04224464479576
32124,20.14157066481866
32125,15.162901051537492
32126,15.546363365977992
32127,17.693534316753706
32128,16.09147638537226
32129,16.11316454127339
32130,12.81888016575347
32131,14.658004802379008
32132,15.973460671735122
32133,13.382182995359774
32134,15.931715169169836
32135,9.414759851612278
32136,13.0695165510269
32137,23.271721293803736
32138,16.869068766200474
32139,12.670730773926621
32140,15.440942357824444
32141,19.291436627821795
32142,18.28674830986256
32143,14.383978148926722
32144,19.556948010796763
32145,14.673441516860063
32146,10.928473678518166
32147,21.431767701514417
32148,14.690835131753389
32149,14.999986220644168
32150,23.109687725496592
32151,21.67754918040675
32152,22.943241044753226
32153,15.086567612862781
32154,16.314463763391714
32155,11.723854625943925
32156,15.81194007043192
32157,11.785249742923714
32158,15.338419725430622
32159,22.723626319310878
32160,16.673263255097275
32161,14.684873191762676
32162,14.232070043560523
32163,17.03346497018957
32164,15.511457797176295
32165,8.586135493102555
32166,11.41798134376364
32167,17.869513965001403
32168,11.837723594500574
32169,20.16635871550557
32170,10.277398668826745
32171,13.032602543731024
32172,11.935988312824708
32173,18.18436111941663
32174,19.339298932131026
32175,22.855772778588744
32176,21.26892033405511
32177,19.84961435833963
32178,12.869329319682528
32179,18.815185620814415
32180,15.383817271905208
32181,14.265658136422688
32182,12.038893502584148
32183,13.2897490905405
32184,20.373899271776786
32185,20.997780112391375
32186,13.378694877202559
32187,17.31278091727542
32188,17.141618232351064
32189,22.38669010894617
32190,15.577031836299168
32191,12.592516367359863
32192,14.62034405733434
32193,12.430085124361927
32194,15.874309713226612
32195,15.906519354030367
32196,13.162453397797027
32197,13.759832108150496
32198,22.04413830970306
32199,14.255713079961229
32200,16.576063078253824
32201,15.011062059549516
32202,14.8452700646699
32203,17.391345297804257
32204,17.69093140572936
32205,13.822826049616125
32206,15.910911216196624
32207,16.294124768437886
32208,17.449461904714664
32209,15.254212590772996
32210,10.102237645188195
32211,13.126064870916963
32212,19.126346858038666
32213,15.941443386166164
32214,17.120054618057374
32215,20.571853341122875
32216,14.122364855543708
32217,15.524455730629494
32218,9.929882429940053
32219,14.050528862381727
32220,19.0376407650284
32221,12.769572266450202
32222,12.29609612779386
32223,13.715516910080582
32224,20.33049283878217
32225,15.157564034872465
32226,17.66660534020445
32227,17.05288630882334
32228,14.786425816589798
32229,19.397514145045022
32230,12.208495013990248
32231,11.891735545228777
32232,14.98511605030066
32233,13.603604898308193
32234,14.880050413934232
32235,16.404617522622036
32236,10.520450244269307
32237,13.57259349401969
32238,13.536295932792916
32239,15.274632848428185
32240,14.808089451737523
32241,16.82371241115134
32242,15.178146499676679
32243,19.618148077409725
32244,17.81684983444447
32245,12.068880138647975
32246,16.628325100380096
32247,17.781005623004415
32248,17.026539959935352
32249,20.773313139249115
32250,21.202196331534303
32251,9.836287809924151
32252,25.093235326402624
32253,9.240287732279782
32254,12.21981621947565
32255,19.443914548383045
32256,17.866505873242964
32257,23.459140026647525
32258,17.02099410254145
32259,19.686528757613573
32260,17.324748845931403
32261,18.423003494027256
32262,11.584708848006088
32263,20.227453935306052
32264,16.850664162261964
32265,15.506500918818682
32266,13.53252912288973
32267,12.14354532902422
32268,14.73613371754374
32269,17.594424404900966
32270,17.981058428252286
32271,14.0368838176552
32272,14.653174699475857
32273,13.643096152773696
32274,17.025651702633212
32275,11.50561760257167
32276,11.68115606250539
32277,19.46465658625614
32278,12.53323157359776
32279,11.370594465520167
32280,11.071887905379612
32281,11.940748835885671
32282,16.204622408707202
32283,11.269790156581017
32284,14.087171263938663
32285,17.114664577445367
32286,11.686851454608917
32287,15.724624483520397
32288,13.119839433427476
32289,19.771266277812533
32290,16.433802246431597
32291,11.453520767871598
32292,10.38373175294929
32293,10.890301082176546
32294,14.865834901860364
32295,17.208093833411922
32296,18.02519383092237
32297,10.276776329869614
32298,19.30705700498297
32299,19.52084125963751
32300,18.74808165621908
32301,10.132273993446324
32302,12.932636079181963
32303,19.854839818685964
32304,14.732552212022764
32305,15.40805987491338
32306,11.080517257497892
32307,17.713435991614507
32308,15.265886519073486
32309,13.540272469680984
32310,13.585834656433875
32311,12.778895487919744
32312,22.094830851548657
32313,9.400894064650577
32314,16.186507887471183
32315,20.136614884479968
32316,16.874722459501264
32317,15.191753444901595
32318,15.688216665367932
32319,19.879942601079076
32320,10.305997487920301
32321,14.684790742284807
32322,13.87771985642188
32323,15.203468492373588
32324,15.472272235640864
32325,15.910181694338423
32326,15.95211232868112
32327,22.073997794819952
32328,16.422199477475047
32329,18.348837300358348
32330,14.315133615028035
32331,19.159044532933663
32332,12.338271605384065
32333,15.07307744101847
32334,15.468270601802429
32335,9.840518425613595
32336,17.808109649973545
32337,18.54211510604265
32338,19.443788343390658
32339,14.395312012650011
32340,15.641845529040943
32341,23.214646712132776
32342,21.32361087292576
32343,17.243074212076166
32344,22.47849995871558
32345,15.871559780852303
32346,17.376859803556655
32347,18.23911757946422
32348,12.60504301707304
32349,16.51575416675014
32350,10.55755907987342
32351,12.01376360958007
32352,15.4347412879351
32353,14.632968179809179
32354,14.532126499255462
32355,13.829696254481497
32356,14.49416885504097
32357,14.594269024762955
32358,13.50404971975864
32359,12.974428420011982
32360,18.280685807357656
32361,19.082574165697316
32362,17.805485427226465
32363,17.282880931187
32364,14.142872110305216
32365,21.704804902648505
32366,12.985797451457437
32367,19.082191572296683
32368,17.37011515054929
32369,16.224401634794997
32370,11.661924061943417
32371,18.139677900305763
32372,13.168852240920636
32373,10.043095753670514
32374,10.612422565761534
32375,12.52998264586541
32376,11.335409843802523
32377,17.911020730626127
32378,12.683401420801427
32379,20.397322671518417
32380,13.592431594257292
32381,17.26193258296024
32382,16.684591452331254
32383,16.300468738868314
32384,15.103480448636752
32385,18.17655890969995
32386,16.89657583873598
32387,13.089282419728153
32388,13.111303902814427
32389,18.484603602887944
32390,16.23877009496346
32391,8.407682622077
32392,14.817213354935536
32393,12.059704986011887
32394,16.595787590914814
32395,23.30227692965194
32396,14.378175682446951
32397,18.517252035870285
32398,15.352679148816785
32399,18.139643713855808
32400,10.982783287353051
32401,17.471116068607614
32402,15.430520597969199
32403,8.351085662435628
32404,11.89592248083125
32405,14.89053461659392
32406,21.86931983188281
32407,15.877270443463438
32408,16.770652022685105
32409,16.01932680639555
32410,18.275555396187368
32411,17.316998325449603
32412,19.420793941402273
32413,21.31593862844003
32414,12.995862951611512
32415,15.58512951268878
32416,16.194978742402878
32417,19.152687116066843
32418,16.533297520344192
32419,20.610820396492997
32420,23.02707038770664
32421,11.043814233860713
32422,10.328178562079396
32423,13.242049643399636
32424,14.852923224514386
32425,12.377076219380768
32426,13.316856499660435
32427,16.25169935409555
32428,16.875136734112246
32429,17.965293773279598
32430,15.721012947935531
32431,15.926583405394528
32432,16.56265181028833
32433,16.842655616191987
32434,16.440922766940446
32435,24.40426785888762
32436,12.402184805965588
32437,14.552234375671619
32438,16.694988999283737
32439,18.662369942995024
32440,20.347377715935192
32441,21.728046167230872
32442,12.389499952914672
32443,17.275122170821817
32444,17.75188978631435
32445,13.078561927248924
32446,15.942790340649005
32447,14.460581486136817
32448,21.586131042891722
32449,18.781962022922833
32450,11.617417708361138
32451,12.83503322307061
32452,8.67657873475383
32453,18.833579867831464
32454,19.948508682093554
32455,15.772018291825843
32456,13.185021576107186
32457,21.03387104758552
32458,20.657811304334395
32459,12.90293543222925
32460,11.199861646394876
32461,18.81322652493799
32462,16.825206923387917
32463,13.63503508845336
32464,13.517656642515394
32465,13.686209274353175
32466,16.602428811354446
32467,13.69824355403648
32468,13.911188629980042
32469,14.737844140560936
32470,15.46518364471914
32471,25.21824275062856
32472,12.563941865654119
32473,17.147555173485102
32474,18.89007943258931
32475,14.965675924085495
32476,15.861384445256695
32477,13.826955011928401
32478,17.65596262474799
32479,13.610759473909585
32480,14.719671105458996
32481,11.376132396095835
32482,15.50025027994413
32483,12.05820119195494
32484,14.18493338500192
32485,20.003757518971817
32486,14.594287956006736
32487,21.27729520728804
32488,16.480890586658337
32489,16.41657466940624
32490,13.166257939585648
32491,11.921026582848068
32492,11.422913335682077
32493,11.386552067764573
32494,17.242321359650198
32495,22.397509834708565
32496,10.547455811735556
32497,18.489129344111376
32498,14.915604108915275
32499,19.001770956716662
32500,16.50881360086114
32501,11.42761222103304
32502,12.763531135517457
32503,14.597330692382792
32504,11.275273331264366
32505,17.74902209073342
32506,15.185287462890708
32507,17.250771154610327
32508,9.130532817771599
32509,12.584181306833162
32510,9.975611010917536
32511,21.550478829750396
32512,23.99385800888048
32513,15.484895033917708
32514,16.332090609467635
32515,15.4128851177069
32516,21.904571781970166
32517,14.897325837987466
32518,13.479555279438678
32519,17.76942497992665
32520,18.07122188075946
32521,14.095720715141653
32522,14.756683708274032
32523,15.425033354786361
32524,17.928837121068305
32525,15.611688136819168
32526,18.099184429932585
32527,16.75717700467307
32528,19.038195441208764
32529,15.721741900901971
32530,16.070538028194587
32531,17.874321961814132
32532,16.75380173406422
32533,21.965651753432603
32534,15.130084858748742
32535,12.909455247800928
32536,13.386299242312099
32537,14.213829566898333
32538,14.390644022658579
32539,12.376106478046552
32540,11.154633665404079
32541,14.923956077681215
32542,10.869587039556542
32543,20.728039105698322
32544,15.396645477779902
32545,21.132859620202225
32546,14.814115667212032
32547,21.20949556616407
32548,21.193599911771116
32549,11.764566257702285
32550,15.619256067733357
32551,17.177931891404782
32552,15.457637262631891
32553,13.301567185322593
32554,16.679551498675913
32555,16.480761011424878
32556,17.94990417391944
32557,15.284044361989988
32558,12.185239235970837
32559,17.535804845544003
32560,20.111248592625948
32561,11.675448633689156
32562,18.886124231799357
32563,14.134018408022857
32564,12.769822648223464
32565,13.783696584544112
32566,13.864438983334335
32567,17.182723715348065
32568,20.13896446105561
32569,14.02306014918417
32570,11.855846593006156
32571,20.104887993337968
32572,15.225380890160299
32573,18.794033288675646
32574,13.397444212267901
32575,22.067866525578395
32576,14.48560653991893
32577,13.864654556044329
32578,11.818737449943438
32579,15.60537850955125
32580,20.830414777221627
32581,16.396971818023765
32582,16.879586196389013
32583,13.729179189059607
32584,21.4175019307397
32585,22.10906696356965
32586,8.247570300690022
32587,9.569489400219785
32588,13.560193628507147
32589,21.23786651065125
32590,16.74999029841954
32591,13.987805775346054
32592,16.420729096342253
32593,15.844086586515875
32594,15.306366652838914
32595,18.079891006650413
32596,21.21298505394052
32597,19.101722587737978
32598,16.958834440466184
32599,14.872440983210375
32600,14.665615276942713
32601,16.214151874302743
32602,8.137402599239982
32603,10.451354355781918
32604,18.706519624910094
32605,17.124199101863333
32606,22.20549721166133
32607,20.216791468961624
32608,16.0424070692806
32609,14.896870573473178
32610,19.50268812735865
32611,12.519234834142747
32612,14.560696302827042
32613,20.187649872773143
32614,14.747145536777616
32615,15.741250152932457
32616,14.997438466499093
32617,16.695766925539786
32618,13.318234409703205
32619,16.42838745723378
32620,12.096601195579717
32621,8.678437560788371
32622,15.231001752952716
32623,15.484371710374436
32624,20.502778960621658
32625,19.215250568597416
32626,14.821258939984213
32627,16.481316252715487
32628,18.446275574170322
32629,21.269385740845436
32630,11.135734961451213
32631,15.437224744467544
32632,14.21432761657896
32633,15.278981167869086
32634,19.53141671441951
32635,16.685870204851923
32636,8.420914256043861
32637,12.475665285251004
32638,15.00669683832738
32639,10.86045606179245
32640,11.477716860906494
32641,16.844023773771745
32642,13.667940728229786
32643,13.437826538496383
32644,12.02317850011551
32645,24.862649631982798
32646,15.743092719885805
32647,13.572259368896546
32648,18.318219000784502
32649,25.67329983277654
32650,13.48647619938328
32651,19.721511018363955
32652,16.101853822711387
32653,15.768346003451633
32654,15.645059805350948
32655,14.618014877681901
32656,8.439483167134197
32657,13.179603262680107
32658,15.059229218715803
32659,24.59431250956143
32660,14.953956347786148
32661,11.132552637269603
32662,14.890226472647726
32663,22.268115173247395
32664,22.008469649765537
32665,12.610212048270983
32666,19.78179567058178
32667,16.315893404325184
32668,11.987561501027276
32669,19.451411078816896
32670,11.647145232432184
32671,13.789073545531926
32672,17.17893888533057
32673,17.89901940106222
32674,20.495067356895603
32675,17.35381051466323
32676,18.722146198228316
32677,12.31508081362387
32678,16.921038717597398
32679,13.891871517864297
32680,17.25866554994535
32681,10.725744123717615
32682,11.153263571463874
32683,20.10620415150428
32684,12.53353409709855
32685,12.784406875470623
32686,12.777419837352095
32687,13.745917215170142
32688,16.68652031770695
32689,17.76419091034603
32690,16.158191769640556
32691,12.825196798084479
32692,16.726044775604954
32693,14.616237839741082
32694,11.08853985399693
32695,22.10883379627571
32696,18.674066573631816
32697,15.970078627948503
32698,13.811335517461304
32699,9.15622447214679
32700,23.90072781430267
32701,14.863643608018851
32702,19.79538793515395
32703,15.302419059242325
32704,17.844052971613657
32705,9.098968816989869
32706,13.858069392247572
32707,10.210694164710837
32708,11.589558464831669
32709,14.782643403951454
32710,15.707597919880353
32711,15.253599655082144
32712,12.046276370454603
32713,16.325618763806464
32714,18.847819905760346
32715,15.699053571108418
32716,14.447231095040177
32717,8.486528937721305
32718,15.238017531990803
32719,13.620282381195548
32720,18.712279395341938
32721,16.111281875676475
32722,17.764829518233586
32723,10.311020160300567
32724,17.561477043980332
32725,14.122787407861802
32726,14.681888163298916
32727,17.67955639777462
32728,11.009261981740188
32729,15.641175370300234
32730,15.964629096787938
32731,16.594271078180945
32732,10.352704810694014
32733,14.13204643296229
32734,18.75969686062971
32735,22.67594629261086
32736,17.513610213890146
32737,18.34686421535926
32738,14.160184420362596
32739,12.629379265480313
32740,15.568818420270507
32741,20.601018877515784
32742,11.196430790577711
32743,12.595537018470278
32744,16.159823767206056
32745,17.591295679632182
32746,13.088623519559198
32747,16.878706638284143
32748,13.893259956983314
32749,16.847656372442287
32750,15.723700453079868
32751,15.28611238309293
32752,9.996050349426945
32753,19.78048041146456
32754,9.794164058929391
32755,14.05604931397415
32756,15.69610362102938
32757,12.739510422498169
32758,17.357782517941722
32759,18.240580668699163
32760,12.6826121375602
32761,11.377759207956881
32762,17.099399670769355
32763,20.23955161419245
32764,8.42819074235942
32765,13.458589918684417
32766,15.035778285462843
32767,19.770361295291018
32768,15.265238254402805
32769,14.544024222989787
32770,13.65232254809699
32771,10.302737805798266
32772,14.1659585414471
32773,15.440464040982253
32774,15.095585070329154
32775,13.364552617638086
32776,9.7930028740575
32777,12.384895788507809
32778,13.355625128465913
32779,16.055700548190075
32780,18.264202962360727
32781,16.24290810944071
32782,18.706668841753515
32783,21.892051270035687
32784,10.376241048937107
32785,16.34594964717829
32786,18.705601514433354
32787,16.851030261127704
32788,14.763366372894215
32789,14.201316903356055
32790,20.845895686629795
32791,18.8540399774842
32792,14.540296236290038
32793,13.400942238173393
32794,12.150894340619923
32795,22.115564849747496
32796,16.377525073369796
32797,19.276681261720604
32798,19.084296959547373
32799,13.824717032325108
32800,18.004215880817327
32801,16.163419255431673
32802,8.225101822954452
32803,13.531572995900657
32804,17.429194515321928
32805,15.64004849917017
32806,24.787118949730974
32807,14.2233500910047
32808,12.756739198335648
32809,14.897666463847969
32810,13.724416242418833
32811,11.609578231779148
32812,25.601578434959123
32813,13.140487403715701
32814,21.344234240450287
32815,12.842441210161962
32816,9.982216299522555
32817,14.963886671900001
32818,13.654099549699989
32819,18.0865405068238
32820,17.261028725135183
32821,16.74772429669164
32822,14.156927321015703
32823,18.25701182887041
32824,15.858742048893976
32825,14.976067441827954
32826,14.137199265076713
32827,17.645337416489138
32828,13.278993264052652
32829,12.93256451213181
32830,24.22762047193919
32831,16.986011490006568
32832,18.921701159283174
32833,21.290702573076807
32834,17.11103267270397
32835,10.474156689992386
32836,17.477890496068134
32837,16.91244777014056
32838,8.596701840878273
32839,12.179936230496516
32840,11.891860819779517
32841,15.814379914096474
32842,18.32870802569459
32843,16.44014691496805
32844,10.388167725185713
32845,12.452230794374886
32846,20.217949142426082
32847,17.570475051517867
32848,11.1891673255485
32849,15.469771968267882
32850,12.986594941006178
32851,18.862460139032812
32852,19.088128405478642
32853,15.477768128904925
32854,11.987606026991088
32855,10.497230616908361
32856,17.685357112950726
32857,15.647634292020939
32858,17.84867115251814
32859,12.427199622880945
32860,19.024418677979888
32861,10.697681914548149
32862,19.482473335079277
32863,17.002853937334265
32864,19.786408615334324
32865,13.299049878569647
32866,18.909177274712874
32867,16.37489137682918
32868,16.58665307842084
32869,19.148713592123524
32870,10.069195519565517
32871,15.629441569241768
32872,12.764012304524154
32873,15.486148165990276
32874,15.81488560915532
32875,8.818827345924074
32876,11.4281529922686
32877,10.469162621807534
32878,15.418321469913819
32879,18.76029593142087
32880,15.108472522542568
32881,10.638178162402117
32882,16.358515991546547
32883,14.068491155583384
32884,19.31935499261253
32885,13.892249720310105
32886,18.70321124466901
32887,19.379349868558922
32888,19.493781064881983
32889,18.222605357681914
32890,13.933827099851179
32891,17.094169800767563
32892,13.181944367886253
32893,14.615647738347771
32894,11.294882019870883
32895,16.007193654166493
32896,18.48525879234726
32897,20.848314236959467
32898,14.024506643711701
32899,17.474763207418988
32900,8.874116951982154
32901,11.388193214591244
32902,14.670000867574092
32903,15.208844953360094
32904,15.83744416866519
32905,17.66160177236496
32906,16.35896292601954
32907,13.57925615495635
32908,15.974808881136951
32909,15.682107529849372
32910,13.915874500318946
32911,16.513882100745846
32912,16.409517470785495
32913,15.530139901127747
32914,21.32030873617244
32915,14.641586029566742
32916,19.269331823941638
32917,18.20849022691715
32918,23.05942589058379
32919,16.08224213186339
32920,19.71440248051034
32921,15.108392919017898
32922,15.969888267097758
32923,18.44431497651702
32924,12.1391452668884
32925,20.05074403654556
32926,15.482450805027808
32927,11.841055566883432
32928,16.689993623684277
32929,11.907480208333114
32930,17.782223504564882
32931,14.42180030570291
32932,15.352087786697481
32933,16.52048986451323
32934,11.621463406781853
32935,13.387645352530122
32936,12.763030662636844
32937,9.630567413603906
32938,16.763147199080947
32939,14.546289110963427
32940,14.225691070956351
32941,15.898792594401915
32942,15.642122777174656
32943,18.187890738126836
32944,9.562835687147253
32945,15.492726110421897
32946,15.142191229684121
32947,17.03531636736655
32948,16.63288509864408
32949,19.818995932528857
32950,15.327021092872801
32951,22.869457553793232
32952,16.757101075523416
32953,8.674559399890764
32954,12.406674295531182
32955,14.894368079547437
32956,16.2463602580955
32957,24.95614106198898
32958,16.551826689136796
32959,11.143988344160853
32960,13.478025610777488
32961,17.678988279189852
32962,15.144325488173134
32963,18.27214662736229
32964,12.76535014281668
32965,14.317138077912473
32966,18.87513095990917
32967,11.859035484659298
32968,16.696272235442486
32969,16.997572722508796
32970,19.41394165737261
32971,21.50439287859884
32972,15.452654727945317
32973,10.716622568254593
32974,13.984614349503543
32975,18.812487360433202
32976,15.849726586203793
32977,18.126002899326885
32978,18.255933135116443
32979,24.155728764327073
32980,17.678972790661735
32981,16.95748333385121
32982,18.328084549714994
32983,13.65947021466881
32984,11.394420521390797
32985,15.009758032423118
32986,13.19613336317649
32987,12.933043823998764
32988,15.805535223517268
32989,11.189805492637927
32990,15.316724248563723
32991,17.165827286513995
32992,16.256823795673608
32993,11.228422815106526
32994,12.057451062864935
32995,14.811066926431142
32996,14.068250458971553
32997,11.768169842707449
32998,14.466606050967025
32999,12.059516807949946
33000,9.410466272180246
33001,12.308545792416863
33002,13.536306641706911
33003,17.934951864594762
33004,13.863553705362829
33005,20.78972601542636
33006,12.432490085909468
33007,13.088029797745204
33008,14.22256399094141
33009,17.632044832896483
33010,14.796031066744831
33011,18.188798641101208
33012,14.749790233133279
33013,12.882381027485675
33014,16.493500629530285
33015,14.981474218373327
33016,17.443869200236506
33017,9.081342812590439
33018,13.964662792690287
33019,15.569873641557752
33020,17.606357539028384
33021,11.248084568198914
33022,18.221364037928282
33023,19.4316708904015
33024,18.089315170803165
33025,18.98542284998317
33026,13.340405323899484
33027,22.66112391652935
33028,15.326976848910757
33029,11.691669972203186
33030,14.820314632751078
33031,13.32651465068093
33032,16.94043564160834
33033,8.706377869126033
33034,22.65972802656341
33035,11.55807051687438
33036,14.605828550246581
33037,15.849996710708528
33038,17.341964182681522
33039,10.812288365259928
33040,16.270048131170164
33041,11.633806364211082
33042,18.782945393559363
33043,9.933866014544869
33044,15.803041018014053
33045,11.981953114869096
33046,11.72432693682972
33047,16.06488055391561
33048,13.80383774835203
33049,13.609027814872874
33050,16.499815069280697
33051,15.603685812099082
33052,19.948342285075793
33053,13.168925010596986
33054,19.711204663293238
33055,13.939454193424826
33056,12.703229341412696
33057,15.486666977274137
33058,22.265167178287818
33059,20.423415473222448
33060,13.689638917540384
33061,16.795559610845203
33062,17.07729371799386
33063,10.397008499090362
33064,14.354693994958438
33065,16.501945575492115
33066,13.749629548455836
33067,20.825760002194087
33068,11.432190314691077
33069,11.83158199959011
33070,13.2943904938596
33071,12.426641920773683
33072,16.71937435586274
33073,14.587975972846772
33074,14.629744891842819
33075,13.037123365713088
33076,15.130577105267493
33077,18.9439344180193
33078,15.232880050054028
33079,12.665961734550972
33080,9.412545992036918
33081,14.772561814884686
33082,11.540356129062213
33083,23.554055976945737
33084,12.898882137999628
33085,12.072369607506916
33086,13.68127012400489
33087,12.587359788340144
33088,12.940327423319783
33089,14.094863005917013
33090,11.84790149115337
33091,11.718408675735162
33092,21.478303213206523
33093,16.45066808916346
33094,14.056606408724772
33095,11.680938751046009
33096,9.192729655208836
33097,18.03099115056228
33098,12.510268917066306
33099,19.339924885523526
33100,12.062885742550034
33101,14.037898834681133
33102,20.399298778056032
33103,16.41629564071099
33104,9.814973527940655
33105,14.51741154288085
33106,14.010887262464028
33107,18.218768871494433
33108,14.417524365901398
33109,17.70811655252779
33110,18.158802392700615
33111,14.011288380809086
33112,13.856445098080197
33113,23.006821504842357
33114,12.223702732198449
33115,19.60343621069926
33116,20.93339388655388
33117,16.66073986438058
33118,19.039408021555502
33119,14.377188594298936
33120,12.256576590146441
33121,16.82444564410992
33122,17.89037918736907
33123,15.821158576581837
33124,8.78950984682762
33125,11.466264799932013
33126,20.858582427173438
33127,18.198361717373807
33128,11.137822090636543
33129,16.752536615142283
33130,15.711332115846728
33131,14.055675960789134
33132,17.59319017207781
33133,17.097283344286154
33134,18.767084884134594
33135,10.661069531578345
33136,14.159793374646313
33137,14.876880718222285
33138,20.571942397987954
33139,17.859506102029606
33140,19.584707723689107
33141,12.463382540125277
33142,14.33474923157886
33143,13.698403741717533
33144,11.499412178157268
33145,19.52406337726442
33146,16.006763040604287
33147,11.779747252387411
33148,17.237854887290624
33149,9.538079604883091
33150,10.957046231570224
33151,16.117222743526508
33152,13.576812798428385
33153,19.080878697208984
33154,14.81670691182272
33155,9.06921056661915
33156,15.07290539606683
33157,24.97335407375509
33158,13.620568128886465
33159,16.00925583332254
33160,22.13653903529093
33161,11.440459919089035
33162,19.228797562197904
33163,16.845393528438006
33164,15.112424366792485
33165,20.222822448756368
33166,14.321726982822632
33167,19.344532264888645
33168,14.02778429483347
33169,16.045860394336508
33170,22.42352323099505
33171,16.56043895473834
33172,16.701425034173887
33173,14.919932834510256
33174,16.88357085461341
33175,10.44633910942493
33176,12.520992109033749
33177,14.468209713528877
33178,10.576935204044759
33179,14.719937809154718
33180,20.93299877507826
33181,14.595190900933478
33182,11.770033678528598
33183,23.232082591796402
33184,17.572259314143324
33185,16.245507057082193
33186,12.276742263884287
33187,11.692271639273423
33188,20.4347927239154
33189,11.65919184748429
33190,19.062555692173447
33191,14.786909393612612
33192,18.573910031495245
33193,15.233019255367935
33194,14.409462897695292
33195,24.6622856828889
33196,12.962063625100116
33197,14.715036562424045
33198,19.085630883155822
33199,19.26255855229686
33200,15.449947178966106
33201,10.436941370573116
33202,16.696012788653853
33203,15.532524258133538
33204,15.0609867504877
33205,14.69327619589897
33206,17.02161194750397
33207,19.116633373652785
33208,19.23034154441539
33209,19.865190718745904
33210,20.477315250864372
33211,11.038124180519876
33212,13.468495731258248
33213,12.741877167832287
33214,10.208400639226955
33215,15.266223733360626
33216,11.014516553132845
33217,8.869219471184866
33218,13.852089062070025
33219,10.5779780197835
33220,15.228108412238527
33221,13.335416854632843
33222,17.158766376044323
33223,13.372444468210109
33224,13.806238783058731
33225,15.383965602930886
33226,16.60155286276541
33227,10.418941537019187
33228,18.796276983835938
33229,18.89035566705307
33230,13.863489699468346
33231,19.238240009874353
33232,12.899997672460334
33233,14.690604734064111
33234,16.59229369627348
33235,18.980548121650923
33236,13.8919895854818
33237,13.307384715794534
33238,16.596372453944312
33239,11.493431299496583
33240,23.086876421854672
33241,15.624703964312335
33242,10.586136293102097
33243,19.66047854733493
33244,12.48045512830733
33245,11.050118771255018
33246,23.36041911476468
33247,13.933330225896182
33248,10.58002474410055
33249,9.192796940568153
33250,20.70902673525743
33251,18.87568513136305
33252,14.235044092423227
33253,16.749059381368397
33254,16.55909555325808
33255,15.358356463139776
33256,22.93747154736513
33257,19.106194901554087
33258,12.93017951257967
33259,18.363957333470623
33260,11.819168477175465
33261,11.861167864597137
33262,13.861618390178844
33263,14.944403814429108
33264,18.170067522008544
33265,17.120931727660246
33266,11.663628021830357
33267,15.833856753686401
33268,14.70592291882448
33269,16.35182603815116
33270,19.44905389109597
33271,18.369522921937886
33272,19.44130010845116
33273,12.933816100053923
33274,16.656904358375144
33275,15.697490270301376
33276,17.716609339638133
33277,19.462495854523958
33278,18.51237130994525
33279,18.1282543177647
33280,15.250100921119694
33281,18.51793084391414
33282,11.914282879016817
33283,15.736023880951446
33284,19.059819820809047
33285,15.121772436610758
33286,15.413779527933189
33287,20.72822178183338
33288,15.017271720126057
33289,9.416876763608796
33290,13.682716268637371
33291,16.87736874698399
33292,11.407999714406412
33293,15.509432466866635
33294,12.75571819464415
33295,21.008329649945054
33296,11.93723636927091
33297,15.993537664578588
33298,15.771802640496581
33299,18.607683356656718
33300,16.910700697777923
33301,19.08011339049722
33302,15.329300162811007
33303,14.170303258671556
33304,14.53573347514991
33305,10.126028089881942
33306,16.600766308881994
33307,14.982050993097635
33308,17.12564370232859
33309,10.791920865585094
33310,11.365234535458782
33311,14.935093808254141
33312,21.042537608525393
33313,14.87699515541253
33314,19.645087411876197
33315,18.96471957837318
33316,20.416692797528434
33317,15.411792882930905
33318,11.04946020266069
33319,15.992275639593606
33320,8.31017514951857
33321,15.90046191912273
33322,12.123095928351583
33323,9.861721017908742
33324,15.37468395101866
33325,14.165273304368663
33326,20.192896328342744
33327,20.87476432792678
33328,12.515553073954536
33329,12.364324988046704
33330,18.7081792090079
33331,13.575972934607833
33332,15.490839494931453
33333,11.082094637848233
33334,13.801989627994327
33335,13.328112749757171
33336,14.286745864411873
33337,12.06927260542755
33338,14.966260557338785
33339,17.915836292209196
33340,22.115835561347197
33341,19.616880149319254
33342,7.923137128918228
33343,18.851218813048163
33344,12.902409977111013
33345,16.978583942996252
33346,16.899688283163414
33347,23.909439621633112
33348,19.15026062573101
33349,13.580918886662309
33350,17.450303361620147
33351,15.005548621954192
33352,17.129562060643497
33353,11.243257615042726
33354,15.128464386543069
33355,17.326158230736112
33356,17.14120689311592
33357,13.259956314617092
33358,21.07670829575617
33359,13.94855764201597
33360,13.15916052041647
33361,17.657670704600257
33362,20.96783396558969
33363,20.00436912514708
33364,17.27142461324086
33365,12.445542730185426
33366,17.802136776541026
33367,19.004208889711226
33368,11.264957878908668
33369,16.67403563926926
33370,10.55099629907874
33371,21.521162644862642
33372,17.67161086649194
33373,15.134786000438645
33374,16.020503689656387
33375,24.807395830396178
33376,16.134237098392138
33377,16.411580884648345
33378,14.074436911762641
33379,19.162343600725972
33380,15.39143188064097
33381,11.87688987024611
33382,22.85117493021861
33383,18.22480008551843
33384,18.01420495437319
33385,17.305255842825307
33386,17.641925038356554
33387,10.43805734527183
33388,13.432211787109669
33389,15.678132473145826
33390,11.011848941331476
33391,16.905708442759448
33392,18.413028969589412
33393,17.93526293615584
33394,20.98204465411346
33395,13.411732832232168
33396,15.006531811598434
33397,14.065049749732186
33398,15.858458744604206
33399,12.74412466204855
33400,23.214613079948002
33401,15.803693259408298
33402,15.689813107417965
33403,12.261351279597111
33404,16.98468664690583
33405,23.60464821945541
33406,12.80644157849839
33407,18.425948335642744
33408,10.805507299989955
33409,14.485320146464716
33410,15.93331822169623
33411,6.523586948678997
33412,20.46674803547849
33413,17.858174556350676
33414,15.962988565232294
33415,13.854954054311353
33416,9.34635241822285
33417,12.317471086182248
33418,21.019321395893886
33419,14.134080491480361
33420,17.753981684788577
33421,14.511346582228143
33422,10.868309503298896
33423,12.497478427020416
33424,12.47407885691603
33425,11.478173253191066
33426,11.075957459336585
33427,13.613395907157418
33428,16.371165030257174
33429,23.054072061940982
33430,14.85083882390217
33431,16.88541027797208
33432,11.751639098670353
33433,12.967507825862564
33434,13.523996253140648
33435,11.354630984991505
33436,11.48187894200646
33437,21.025765567571543
33438,15.154986973209743
33439,14.233119811508326
33440,15.917100296823541
33441,18.502983919853307
33442,12.689477503936887
33443,11.9383438176686
33444,11.931188826038527
33445,12.652271705574908
33446,13.677990207410431
33447,10.020723784359223
33448,15.13806374320373
33449,9.749930123104493
33450,16.67233866193648
33451,21.19144769616325
33452,18.490440226413604
33453,23.582711267478558
33454,14.409909400052067
33455,18.5485424472137
33456,9.397097868635282
33457,14.586457758626091
33458,16.52418919419808
33459,18.15394841153357
33460,10.077621994422232
33461,15.8564199452823
33462,21.001899453323862
33463,17.543645613157167
33464,15.782983296478024
33465,12.832729439472892
33466,12.256134152012066
33467,18.743709506888713
33468,18.292811574135406
33469,11.517681768741017
33470,15.033839360053733
33471,16.27790342122389
33472,14.607351239867818
33473,14.769732148888504
33474,18.454303290569484
33475,13.687355584481729
33476,19.15993715222134
33477,16.535569882989535
33478,10.62341730315537
33479,17.60780185765033
33480,19.393232339696638
33481,20.65396571781113
33482,11.752364382923968
33483,12.100396467209887
33484,10.077306702865993
33485,20.31412481519631
33486,13.007333249285569
33487,14.974644796051685
33488,17.271377445164006
33489,16.60252410267266
33490,14.587651803301148
33491,14.648458096393236
33492,13.570411033940223
33493,11.894398041850922
33494,11.675883409062642
33495,12.165328998081861
33496,15.007007981694562
33497,13.37392382984907
33498,17.013122353414172
33499,16.27498936789144
33500,15.606937831155264
33501,18.38959266929664
33502,23.1457474245928
33503,19.85247918043089
33504,15.427698172913423
33505,17.54292582969964
33506,13.90157230839112
33507,13.31255107854227
33508,10.846819059573935
33509,16.900696691334907
33510,16.847153965736663
33511,13.75410859356856
33512,14.465862950971948
33513,12.345819553055621
33514,15.835729979283537
33515,15.29083867318305
33516,12.185835696473399
33517,13.02826187700907
33518,20.719618193515018
33519,25.106602724897783
33520,19.22140469498127
33521,11.448510099307713
33522,13.201489831379828
33523,13.574703432559822
33524,15.693589140100324
33525,15.619296847129128
33526,13.412489171041315
33527,8.331564225154922
33528,12.347767296972656
33529,17.492454177332256
33530,17.324100089834428
33531,16.676758840173576
33532,11.330626808862732
33533,16.948064356441243
33534,21.13652218570453
33535,16.952942794680553
33536,12.714810533993832
33537,13.939789765288337
33538,16.946357606329382
33539,23.186634843691586
33540,17.222358405704497
33541,19.684947732803558
33542,19.015302404491475
33543,13.899218006726473
33544,13.516199767207702
33545,12.391796757761217
33546,20.074267330311663
33547,21.58220711796519
33548,11.60255538874614
33549,15.40606469214999
33550,15.48423661902213
33551,18.851115756074844
33552,16.548684213860117
33553,11.448980953999175
33554,8.161455479469671
33555,12.87089543052116
33556,11.607594393495546
33557,23.76272746820321
33558,11.680316902210683
33559,14.635748064303346
33560,15.355830554039919
33561,15.95378236463011
33562,21.15744424213023
33563,15.648591072934277
33564,18.653222181959915
33565,19.4167831085447
33566,17.57885185669504
33567,20.937097331677222
33568,19.634327731556507
33569,15.168787777790998
33570,12.889682631248977
33571,15.607985704365518
33572,17.939507428471593
33573,12.778248648262355
33574,13.101631221869251
33575,12.532172249769452
33576,21.18017531929966
33577,18.220379151759893
33578,10.658488197810806
33579,18.402176300681738
33580,13.80632767996118
33581,16.994439903647393
33582,13.368970581087492
33583,23.977926324323434
33584,17.853156199385356
33585,12.363064068536357
33586,19.32635857937663
33587,15.324017143240205
33588,14.081407824122216
33589,18.045191438068045
33590,15.674615344672993
33591,15.386487413930455
33592,15.428169920746893
33593,15.989272549407762
33594,19.148396030615686
33595,11.967072803601297
33596,7.867738614820612
33597,18.296295195329293
33598,12.430578644818402
33599,18.22198623799723
33600,14.7313870597613
33601,14.630439357472971
33602,13.417270639874275
33603,13.686208436526435
33604,15.536698783593412
33605,12.96847250453725
33606,11.706846728135126
33607,15.712707999754807
33608,11.046659913472613
33609,16.536479135640302
33610,10.376226554502713
33611,18.385985076062703
33612,14.315911232079443
33613,18.162310904894458
33614,20.57541892022511
33615,12.735703813649032
33616,16.453067411042078
33617,17.688174868426472
33618,17.62842774270299
33619,12.322491774514063
33620,13.94668358211041
33621,15.745059264193285
33622,14.588143703109866
33623,14.021683731796916
33624,17.647349655626137
33625,17.112242078574887
33626,13.77590612971398
33627,16.336672217469125
33628,18.220420505537366
33629,20.041447855123362
33630,11.271555476496392
33631,14.883910426853689
33632,21.773603120834018
33633,17.399994202423215
33634,14.534847253292753
33635,17.800472021260397
33636,11.471551211615765
33637,14.12897829759031
33638,15.695293117008383
33639,13.938146741969717
33640,17.06033707582474
33641,12.295676677110972
33642,16.365493266226355
33643,12.918307833316767
33644,22.836971888891803
33645,18.519742134148494
33646,16.218646460057485
33647,18.44419977933994
33648,26.06050592595539
33649,12.882849268718676
33650,14.009185404665448
33651,9.60998115797211
33652,17.44871065126368
33653,22.00574364459983
33654,15.510929023030146
33655,17.559097696484386
33656,18.835205949262757
33657,16.15150341733925
33658,15.147400310235394
33659,10.001775235669015
33660,18.995996031716864
33661,20.166396354841375
33662,13.964848874671677
33663,21.01380278849052
33664,13.988990447567133
33665,19.8046693063582
33666,12.71699615405556
33667,18.947838194346716
33668,12.318791177353994
33669,15.790175691565882
33670,11.425229183819873
33671,11.728699571359163
33672,9.761857768319118
33673,10.916872562939963
33674,14.34650966169788
33675,16.124436843334617
33676,15.680574811931033
33677,15.442150727664181
33678,14.305131121807833
33679,11.11375710818858
33680,17.149714088755204
33681,18.96245553718916
33682,19.725808780428796
33683,11.852085973148135
33684,12.488099417460216
33685,17.159887015795654
33686,15.156108166274063
33687,14.240167342132967
33688,15.801580776296703
33689,23.528907321893072
33690,18.107934035759875
33691,17.093328646429264
33692,18.967065724658177
33693,13.744512885714286
33694,16.25296955080287
33695,12.82399169985025
33696,21.281239931693655
33697,20.598443019976116
33698,12.839782631146436
33699,14.051453508182325
33700,14.175388849808929
33701,17.21089352856227
33702,24.183753002918014
33703,15.436749537455906
33704,11.164722412030764
33705,18.562808169400576
33706,16.87704071135494
33707,17.41691615366767
33708,13.819281818271309
33709,11.999279097555725
33710,13.450066634344566
33711,15.610795067587587
33712,14.167569686381361
33713,16.008091138506938
33714,12.2344275569224
33715,12.054445331379867
33716,11.187469907792131
33717,21.648432105873678
33718,12.501020845237031
33719,20.239171789057178
33720,12.693113416712137
33721,14.56316038901144
33722,13.652562536014543
33723,20.347661703100595
33724,20.771324574014123
33725,17.474086635934885
33726,12.892321326745483
33727,19.709631097875224
33728,18.52080841543165
33729,11.542943875451272
33730,18.60480272942569
33731,15.371827519278542
33732,18.029959185914223
33733,12.579414709594209
33734,11.536917661911875
33735,9.908796457663874
33736,15.86427224702864
33737,15.671443377689064
33738,7.489077126031072
33739,14.566720559307484
33740,13.996832727118424
33741,12.109094875447635
33742,17.977322525992214
33743,16.132689443041283
33744,14.981590505264034
33745,12.941276343877215
33746,13.326947618779457
33747,16.308270540663134
33748,14.36072826518868
33749,15.890403597497135
33750,18.71829307728052
33751,15.12728992023597
33752,14.860555764035471
33753,14.10933226263814
33754,10.853196396451281
33755,20.18203924905995
33756,11.703525283422833
33757,15.528272770422051
33758,17.564229986861413
33759,16.31041618052373
33760,17.912847463260057
33761,16.38665247967982
33762,14.944144754793953
33763,13.267109848721132
33764,18.109094748962402
33765,12.996824477921647
33766,12.096392891385
33767,16.497331239620408
33768,13.246594675159644
33769,19.54103451108859
33770,13.376091999562192
33771,11.735007817258284
33772,13.746845165134289
33773,15.20241900487073
33774,14.803516222237766
33775,17.406528747985185
33776,13.376108287134578
33777,15.641968069262258
33778,14.448146228876608
33779,13.310275077446992
33780,15.983444948024994
33781,15.092210567834238
33782,16.417962341018132
33783,11.362100917081724
33784,14.865318570496719
33785,14.44352240157375
33786,17.217793930243538
33787,9.052812738441544
33788,15.998960354774324
33789,18.483615814605074
33790,14.144772120401388
33791,17.294030112016095
33792,20.272912161066692
33793,12.401806240336999
33794,12.651632595823711
33795,14.883193045910428
33796,13.304390448277399
33797,11.298358183125124
33798,11.34549223514335
33799,12.612378878079086
33800,8.947279687271305
33801,17.83996316345318
33802,21.00087003301531
33803,16.897658367892255
33804,14.02744479210829
33805,23.424031814029597
33806,8.950545252658708
33807,15.999527966755123
33808,16.953959649209807
33809,18.188708328672586
33810,17.399862839727458
33811,13.46025340937916
33812,17.565554371551976
33813,11.783782204276495
33814,16.51323505641834
33815,14.458157093588097
33816,14.795202095237036
33817,15.546599483501382
33818,16.093956063296623
33819,19.191386834673175
33820,14.502132395609593
33821,22.484464278462198
33822,17.990239995444675
33823,17.441828410076532
33824,18.31573157325014
33825,15.411917478996967
33826,10.974064326229918
33827,16.199959761609403
33828,14.415355388901439
33829,10.912890427856958
33830,10.943950405012096
33831,21.38439903137892
33832,13.515094865335875
33833,16.253300387880994
33834,12.740065494032864
33835,18.36334678712319
33836,15.16891123898695
33837,15.49520482537547
33838,14.22385965888792
33839,16.472537942300747
33840,11.618234706281626
33841,15.141266586106894
33842,17.1605988573248
33843,17.405681896888233
33844,16.19727180465105
33845,14.120544039240162
33846,24.820241533768645
33847,13.326189339994805
33848,13.46437180266653
33849,13.999676154753274
33850,24.194796525736702
33851,11.31988088284238
33852,18.142783883227814
33853,17.057531340095046
33854,19.363087115839665
33855,12.622480601983375
33856,13.766167443534933
33857,15.47853540866829
33858,12.613521988593693
33859,17.14640879572658
33860,14.822998653917995
33861,19.085533187061472
33862,13.755249203928013
33863,14.214443057372357
33864,19.02799599218376
33865,14.698671330636628
33866,15.305362877000753
33867,17.887083304543843
33868,16.26544186036755
33869,10.789450298264267
33870,19.18667984483044
33871,10.652779820531443
33872,18.979386690089825
33873,17.586671541285448
33874,15.139156794865242
33875,16.27227263058085
33876,13.173107658325645
33877,12.962335712342753
33878,15.325629260141973
33879,10.234448996429943
33880,16.148536874408205
33881,12.818562599043648
33882,20.133139842943713
33883,11.9120255177796
33884,12.600732131594851
33885,18.469528719508567
33886,22.28068438256916
33887,20.52828458195235
33888,16.05088920769249
33889,10.451885738085576
33890,16.640425732666053
33891,15.362354999970393
33892,21.231386960046624
33893,15.821096491610472
33894,19.185426103064998
33895,11.28656153413694
33896,10.14122576008297
33897,16.97921123605056
33898,14.80076749529461
33899,16.834398629887904
33900,20.138396228328105
33901,17.636373652978563
33902,19.809700059957983
33903,18.568969636169246
33904,7.737181363823838
33905,7.519199347240623
33906,13.847402741107604
33907,20.630694609217322
33908,18.470724993489853
33909,13.482401754237518
33910,9.139424564523008
33911,9.65873115108696
33912,18.690786798777253
33913,17.216276035982858
33914,14.807040951324925
33915,16.844401261272374
33916,10.580918091769355
33917,12.804620012088028
33918,17.29878942115136
33919,17.009260156815543
33920,13.716824265776426
33921,17.013074404264252
33922,17.35599429361288
33923,13.588972662546713
33924,13.233182077891298
33925,19.074204591039226
33926,20.691645854795027
33927,11.892596054340629
33928,15.033498448614269
33929,14.5453185261659
33930,11.655399934909198
33931,17.893188575988063
33932,12.046447146437206
33933,12.131216973417548
33934,15.877044736775101
33935,24.90081519293121
33936,12.098703572582643
33937,8.867696103264144
33938,9.759266037719216
33939,10.697676533329426
33940,18.88654119704772
33941,16.241206105817266
33942,14.79175436448785
33943,17.94100322550479
33944,19.24245104444326
33945,11.602083650187783
33946,21.004750782808937
33947,22.92593145029349
33948,11.985861654078724
33949,13.88369845092934
33950,17.766979380256494
33951,16.738537691264817
33952,24.233036819240194
33953,22.375263664620938
33954,14.43393917111704
33955,21.291950532580344
33956,11.99448942565854
33957,24.09597745053489
33958,18.697326986124956
33959,16.658849128365105
33960,10.63168288595148
33961,15.073955150111434
33962,14.942958651263597
33963,13.593563333553107
33964,15.602065056271543
33965,24.865292091915705
33966,14.995365895015588
33967,15.11295380623081
33968,17.298778466588224
33969,9.908844100971262
33970,14.296446493613491
33971,15.903538442604429
33972,21.851080682130068
33973,19.017683642955458
33974,15.247733822951867
33975,15.026583174581262
33976,11.131807590347249
33977,18.34824185121623
33978,20.252586332835236
33979,19.456879276863088
33980,12.543529947783309
33981,14.354388023857418
33982,13.001187628519714
33983,13.904124954000164
33984,17.16526216851408
33985,12.945872431513033
33986,20.416654367929432
33987,12.232204789292432
33988,18.521536923870208
33989,13.635635051893296
33990,15.93373294743965
33991,14.325203402286819
33992,12.668632012849137
33993,15.72311844654872
33994,23.03672575899874
33995,20.266733804418532
33996,16.52469509660081
33997,16.64888420540474
33998,21.51685490779912
33999,9.66723900373587
34000,18.214598874107416
34001,12.197737066342347
34002,16.963729833850294
34003,13.52867921847212
34004,20.63522326939458
34005,14.187968657478965
34006,17.437072385098528
34007,12.00109046064303
34008,16.827316160229177
34009,18.63030792405499
34010,13.24440914067164
34011,19.718241957826173
34012,13.57086776973776
34013,17.590939380387837
34014,15.44731891566759
34015,10.872116765703531
34016,13.416014421381991
34017,13.426217083450323
34018,14.354040546113751
34019,10.51593521143905
34020,21.519921728786684
34021,23.466668245616912
34022,15.538156286353184
34023,13.18466691780897
34024,13.842324420856801
34025,10.592256279833741
34026,20.515447413185413
34027,21.36056258120778
34028,17.903026206352127
34029,15.927853757926213
34030,19.91301407874323
34031,9.71093782695644
34032,18.76633964397092
34033,17.50018140958039
34034,17.328334119056546
34035,21.934456294774613
34036,18.13011384461212
34037,15.916359766240873
34038,11.239076883838852
34039,15.269805313768336
34040,19.309199881799312
34041,9.071764523126982
34042,11.447367626574252
34043,10.692018618333147
34044,11.408022201726334
34045,17.172873863809016
34046,13.510012280980128
34047,17.847183870999565
34048,17.44398137304522
34049,14.756399630284964
34050,12.730722853657166
34051,16.06999061697705
34052,12.956026531526657
34053,14.857353603749997
34054,23.6229026877006
34055,10.43313604056003
34056,21.398579544515357
34057,11.985326787846002
34058,20.940573875556684
34059,17.919064351486895
34060,15.993888954655299
34061,18.063085483917753
34062,8.798101607288881
34063,22.806739154974835
34064,16.124606579586725
34065,12.785406504647117
34066,8.345576321870926
34067,18.802570166594307
34068,10.945829520386392
34069,16.30117590875545
34070,15.888995442469902
34071,20.318476709114258
34072,19.096824347220092
34073,11.379741547457272
34074,15.731533842423667
34075,16.08789051300101
34076,18.31354560937114
34077,12.103853430730947
34078,16.12821528737764
34079,17.823351396146517
34080,19.69062470367784
34081,13.577926455965493
34082,14.834103472118336
34083,16.422339173109286
34084,13.19785858878053
34085,20.68836641284993
34086,21.37376056146662
34087,17.395775968701948
34088,16.260112402904415
34089,12.814074958825177
34090,21.31271648372657
34091,11.382023570866515
34092,15.339030118702585
34093,11.517340698055492
34094,9.781423920298806
34095,11.617035754915783
34096,16.271292098178197
34097,20.91908526539845
34098,18.24427973933117
34099,14.58834657899932
34100,15.80396989600647
34101,18.6027471236479
34102,15.10515229194371
34103,13.920694680557107
34104,17.062585703899792
34105,17.56214057174164
34106,18.875062138235492
34107,15.542448576183903
34108,17.90715349425345
34109,15.05671868967622
34110,14.445706849175128
34111,12.867619523004155
34112,12.824579273542444
34113,11.722349731344295
34114,23.375977201043096
34115,17.157634717690268
34116,17.18416626087724
34117,11.444972858489276
34118,16.35539150568495
34119,11.917481474411062
34120,15.906466146190983
34121,19.43874372301196
34122,16.323507123174622
34123,19.00139512947181
34124,12.836141910359917
34125,16.76830048692183
34126,16.335601512795616
34127,6.061245586291802
34128,16.52317402255401
34129,17.152972287831304
34130,18.83527411130539
34131,13.077972302648371
34132,7.179607176266006
34133,18.533602747280504
34134,16.421819834118303
34135,12.338477112383476
34136,15.25542976468734
34137,17.41933567618203
34138,14.71384515511322
34139,13.522337968542042
34140,14.024082534138945
34141,13.771812659587923
34142,13.627483846972153
34143,12.336207672666049
34144,10.967717825229474
34145,13.150784126146263
34146,17.47216625563013
34147,19.83019168927939
34148,18.832945424961927
34149,11.895106323544153
34150,11.317544607669639
34151,14.751597624132106
34152,12.780673871583025
34153,18.02322365963084
34154,15.82509052287468
34155,17.55619458941166
34156,10.846016385224615
34157,19.20308572854443
34158,12.895257205980347
34159,16.970647023028278
34160,10.226632852102885
34161,16.718006668844108
34162,21.50477331694004
34163,14.534002899288947
34164,15.677563360139612
34165,17.701152870425915
34166,15.335079537969916
34167,14.563372939273286
34168,15.810426299830311
34169,15.19780678758826
34170,13.724415838715707
34171,10.603385828787012
34172,12.614284463851513
34173,13.630924514167347
34174,13.570390582238872
34175,16.864932372618185
34176,19.577795159730933
34177,13.466844528554294
34178,19.808302194618364
34179,19.242243561985504
34180,18.1306183231892
34181,13.634260206091488
34182,14.552472934695734
34183,11.528568362169487
34184,18.538033839072504
34185,17.20751241371854
34186,15.28790186224186
34187,12.852831785032944
34188,11.899158796418543
34189,21.960789050335435
34190,12.918290653891633
34191,22.465085830271292
34192,16.84260451661632
34193,22.217883738366595
34194,12.500853749414919
34195,17.212785358776923
34196,14.552191887908805
34197,20.409236947274724
34198,19.090076788269393
34199,17.21069386045066
34200,16.459042814319183
34201,13.32363556027844
34202,15.366896738713733
34203,17.406403081788348
34204,12.622718021168097
34205,13.627624178511745
34206,21.911115152220184
34207,9.712704998284494
34208,14.724261273200693
34209,10.657976418874942
34210,9.732825191351942
34211,16.13311456432897
34212,11.709269711771777
34213,16.654644449471604
34214,18.893234230099825
34215,17.989163553468373
34216,16.71513238846955
34217,17.511801717140536
34218,13.996720081753551
34219,18.19647080055728
34220,16.456136524517156
34221,20.17477176707103
34222,17.574928407568514
34223,17.4075387995115
34224,16.38864433235096
34225,20.045881058971514
34226,15.192235748409455
34227,14.991287658028915
34228,19.7878131395526
34229,8.093030481630779
34230,16.48591354840988
34231,12.773228466264097
34232,19.118222873935352
34233,12.702470031414464
34234,12.573921467991791
34235,17.101280456975243
34236,17.435215285702434
34237,21.877635294085778
34238,18.18766261314585
34239,13.958167951142348
34240,22.16798534533185
34241,20.535494552315456
34242,13.926352994109969
34243,13.317706145257826
34244,16.121386722613607
34245,16.6752495882034
34246,16.84160179265879
34247,18.880269549744554
34248,16.932477116590427
34249,11.362190531771386
34250,14.3315508444465
34251,14.75080455351635
34252,14.51456522596502
34253,11.845799908480526
34254,18.075127922670227
34255,18.429201479070617
34256,18.420523618018624
34257,16.160465970708
34258,15.086307967261703
34259,10.612264580552552
34260,14.04761202093423
34261,20.84766389283037
34262,13.371178698380376
34263,15.530812907373454
34264,11.383676580492478
34265,13.820241275708067
34266,16.9161225079537
34267,14.049978127540387
34268,19.18184953915047
34269,13.02625296432021
34270,12.74207199820956
34271,18.163836849064033
34272,18.94156892428281
34273,11.407126423246892
34274,15.475982523413908
34275,8.93262457139404
34276,19.438134301317255
34277,17.50103005987215
34278,14.805441025420746
34279,13.15438732575449
34280,15.849990787183092
34281,15.527368667961422
34282,17.52830739797991
34283,16.785587974038705
34284,12.45393398196881
34285,19.75287232475299
34286,20.41770721213061
34287,12.435951152060259
34288,16.256646695589737
34289,15.224120757810095
34290,15.316873373429448
34291,13.486420066521665
34292,17.87624329200858
34293,13.52469210413233
34294,12.85626702982735
34295,11.245141532443409
34296,18.922996462289635
34297,9.963965585372158
34298,20.78457587751833
34299,10.982580505225496
34300,10.39634653246042
34301,16.333083745749132
34302,14.816669843770523
34303,12.9931893685139
34304,18.902158333336466
34305,11.258208428179355
34306,14.016074925629576
34307,20.881107599361577
34308,10.78776926205507
34309,16.634261674383986
34310,15.594659346530781
34311,17.79923767580665
34312,16.325693998076815
34313,8.768871242362525
34314,10.921883144308133
34315,13.697511833728008
34316,13.155557654837251
34317,19.16130502422032
34318,14.120212727050305
34319,16.341193617319682
34320,16.330890033641495
34321,21.10237272985429
34322,19.318477425993393
34323,19.56102099371442
34324,18.119962298495217
34325,16.706736562128462
34326,16.50027883318853
34327,9.71549444980167
34328,15.579223616367997
34329,17.909677160853917
34330,11.516341528957305
34331,18.95177335241003
34332,13.402549573073713
34333,14.588259579207113
34334,16.90971945998819
34335,10.700423531326386
34336,16.853942750432967
34337,15.110790749788404
34338,15.727515760524042
34339,15.17091220824863
34340,11.859062143012265
34341,19.99755917669999
34342,12.166669043104495
34343,10.293911151222202
34344,13.290950538508412
34345,13.760811287303603
34346,12.77759151948936
34347,15.269721383184827
34348,13.886720068778533
34349,18.161433651900257
34350,10.776261330920121
34351,11.572793915505287
34352,17.92833390583762
34353,21.356044145954588
34354,19.3795727328
34355,19.88077906829478
34356,11.720687054422221
34357,13.694443506423625
34358,17.955763576574007
34359,17.51916213100268
34360,14.282318060517527
34361,11.70910547240886
34362,9.986847353264741
34363,10.671305392905026
34364,17.605271451491806
34365,12.95598223945106
34366,21.124369303738977
34367,17.208829128153127
34368,11.962994342329743
34369,14.880665285023321
34370,14.87424118775995
34371,19.14557439623616
34372,22.56010196829681
34373,18.65918921855721
34374,18.656701871453024
34375,19.30239285173031
34376,21.386366154992917
34377,20.408284416908465
34378,19.38456223720707
34379,9.168529039717669
34380,22.85736959946319
34381,12.980670602516842
34382,10.30547217922317
34383,12.100833815255054
34384,13.42395376806849
34385,16.33724359523525
34386,10.385939181131025
34387,14.979119540642673
34388,19.192321879628665
34389,12.346719401790997
34390,15.675217771928327
34391,19.716064784361784
34392,15.857355035259038
34393,12.768796624539567
34394,16.514653439111385
34395,14.58326589098811
34396,17.601133281536192
34397,20.9630849365273
34398,17.56990970105957
34399,16.999596101066135
34400,16.91659394718117
34401,23.150187463302117
34402,16.73612594345036
34403,15.311535387074498
34404,21.616036199438213
34405,11.723771599515816
34406,17.603089632873772
34407,9.139756409815035
34408,8.190398414887946
34409,16.47350595628811
34410,15.902562416475014
34411,9.901899067904296
34412,15.371777158143347
34413,16.09830163826614
34414,11.299386577173015
34415,12.886551829189399
34416,12.4068312605294
34417,23.830682893633327
34418,7.9766122108752215
34419,17.215110702412492
34420,12.036202803081222
34421,18.500822221807486
34422,16.686708361858038
34423,15.044915569612503
34424,18.986665159295878
34425,8.425263906730367
34426,16.275242324570538
34427,11.475073567381365
34428,13.566117908596357
34429,19.341945571434472
34430,5.647430759752904
34431,14.41597617673063
34432,23.35477009160975
34433,9.403260249583004
34434,8.42584434098299
34435,14.447431135385074
34436,20.265094080160154
34437,20.619978526400054
34438,16.399095699279084
34439,10.149301092399785
34440,14.348570913696193
34441,15.989619002067702
34442,17.30697157377773
34443,15.13453245717724
34444,13.664210927269794
34445,11.531407864337414
34446,15.255648338436842
34447,13.321121756018227
34448,11.596785894662808
34449,9.393187531512027
34450,15.151487600091503
34451,16.090147423698706
34452,15.357839015007201
34453,19.982778303318995
34454,13.289044387271609
34455,6.891435671934504
34456,14.09610581803046
34457,12.323366257846725
34458,17.73777775650887
34459,11.334170609449654
34460,11.5344535236636
34461,15.249352257274472
34462,17.07890517817905
34463,14.934840938266543
34464,17.690072327966504
34465,14.719926815747785
34466,15.658489838969121
34467,16.17873646928098
34468,13.769706317147959
34469,18.620720482092484
34470,13.508326616004537
34471,17.290373294632857
34472,16.609903587547684
34473,11.023634308450937
34474,14.957805386295005
34475,14.540149619218694
34476,16.395104264441265
34477,16.915294831582777
34478,13.714527942528985
34479,14.244125687226408
34480,15.300282807600555
34481,20.12888825801776
34482,13.732044503950624
34483,19.970497691987493
34484,22.494985349584613
34485,14.42985228358658
34486,13.486493019622086
34487,16.17388856414092
34488,14.05718909950728
34489,18.378801600262413
34490,19.15859624745537
34491,12.77485019690974
34492,16.99321444904275
34493,19.248045698246838
34494,14.356295192324687
34495,17.00925832215561
34496,14.784609578183051
34497,20.809840056244067
34498,17.146551231978705
34499,19.385572265569834
34500,16.680666543842197
34501,18.50115074965081
34502,13.906237476098742
34503,12.95960833088055
34504,14.593362785174431
34505,16.652388160372098
34506,20.503147681946402
34507,16.60855092157486
34508,13.126263106920929
34509,12.577639178316161
34510,22.170515360844462
34511,10.513530735511345
34512,13.205541811685933
34513,16.540966886687688
34514,13.827972543230203
34515,21.777796483916653
34516,16.395505829272008
34517,21.069890376850267
34518,12.303416394974732
34519,12.023073022173499
34520,10.661441637342339
34521,15.12067945405203
34522,14.916261445037428
34523,16.197773932688236
34524,24.69437016137066
34525,23.83934727915139
34526,10.449282710187486
34527,18.285069084697977
34528,15.848600960693702
34529,17.238577163029966
34530,11.657366153380046
34531,22.41778986148558
34532,15.382669730067686
34533,15.451013395282704
34534,11.6946705090076
34535,16.100185016279447
34536,21.305810227698508
34537,21.688084617451004
34538,17.561188109419867
34539,13.015786342456384
34540,16.793542154125728
34541,17.7012595852025
34542,9.228646985928341
34543,14.988153840740726
34544,14.798545173720244
34545,17.09974753263822
34546,14.161670282476463
34547,13.469169381349534
34548,14.763900099856384
34549,17.599952247429325
34550,11.111893579306315
34551,11.000702274084006
34552,12.150572543376123
34553,15.219330870644468
34554,22.194482479061662
34555,14.798747443256728
34556,17.774793563671913
34557,13.389934050164054
34558,16.97569090152389
34559,13.903557016909078
34560,23.820560683137337
34561,21.708931808761154
34562,11.811853592583798
34563,10.344737835064766
34564,16.04899960374225
34565,18.235042840261446
34566,18.03016585650568
34567,14.463797386224698
34568,16.738680451538702
34569,11.686770502801302
34570,12.778952863627651
34571,17.877902955357996
34572,21.483499305515352
34573,16.313282392646737
34574,14.720539197248435
34575,22.694148388297773
34576,18.91308203620212
34577,16.290767672694752
34578,11.734092841437992
34579,22.247138370103986
34580,13.349349890496157
34581,14.392767851043352
34582,16.665441210368027
34583,24.192996907081397
34584,16.270913681586034
34585,12.58636818688236
34586,16.38884634813561
34587,12.175030851194062
34588,13.213112872444883
34589,21.147450331950367
34590,15.867546169308978
34591,11.424664448874651
34592,18.711434378842828
34593,15.753888820614822
34594,19.01711985248915
34595,16.97017982876519
34596,15.5957308800218
34597,18.80463605681378
34598,15.776197442893595
34599,24.519597186460974
34600,17.573255351577657
34601,12.899827554411605
34602,10.874497853562719
34603,13.49317983222841
34604,17.28336363419756
34605,11.349942687970994
34606,13.21736646891194
34607,13.731971602045096
34608,22.623033829553762
34609,8.63005329759726
34610,16.826708995105513
34611,18.781323967124273
34612,8.792888383918427
34613,12.769562453523132
34614,18.889436435600437
34615,16.494804150912387
34616,8.975129235064802
34617,9.505718975803465
34618,16.431812711610647
34619,15.284135370262192
34620,17.018836832739797
34621,22.062782674399116
34622,20.439819678767115
34623,15.908512657277868
34624,14.125620847014057
34625,13.976224605042423
34626,13.143867034053656
34627,17.78532909801371
34628,21.014750575077272
34629,11.439641131438808
34630,12.49204804545537
34631,22.49484157149203
34632,21.367018240035094
34633,20.426339249027514
34634,18.93740987865885
34635,17.012481419654613
34636,19.742963750884517
34637,12.260364640985422
34638,17.038330795974574
34639,17.03311180378485
34640,17.346456612141992
34641,16.065650477792097
34642,14.596564199010274
34643,22.919067369310756
34644,18.26208721320071
34645,18.185044765998747
34646,13.258178731349808
34647,12.712572263331676
34648,17.92898504172224
34649,10.953832000422473
34650,18.237054766314802
34651,14.223076662459924
34652,13.138659714753455
34653,17.01089392480812
34654,21.484253408205383
34655,10.699299205587302
34656,15.86785399497369
34657,23.385265704875707
34658,22.252346832358388
34659,12.982379469126192
34660,20.84162550038586
34661,22.192438968536308
34662,16.77269529075474
34663,17.895177111576174
34664,14.53144472675826
34665,17.29468888501051
34666,17.170059704382354
34667,18.028949106839733
34668,16.45872527037096
34669,15.187381980486883
34670,14.12783140366845
34671,15.768134486864508
34672,14.059194653311064
34673,21.69338573189124
34674,8.750308954153725
34675,15.680354416949138
34676,18.285586611046973
34677,17.850774456764782
34678,17.719730534518384
34679,10.956006363711321
34680,20.697115624668836
34681,13.505770816879597
34682,12.644294522685925
34683,7.970016931592393
34684,15.259059846991892
34685,11.356110495728355
34686,16.863662521766088
34687,20.63662749187809
34688,13.743421869891806
34689,12.818666258030841
34690,10.54742871329477
34691,14.210558889350896
34692,14.172925997314534
34693,15.82094836334779
34694,16.071159000517586
34695,17.409834476480988
34696,17.88031797299581
34697,12.953260727279076
34698,11.906281315492524
34699,11.087081386835465
34700,12.050496948955978
34701,11.677084058482315
34702,20.210122905321235
34703,12.619510240962333
34704,19.69558318394761
34705,12.561539934784886
34706,14.279180361223606
34707,18.895235535418994
34708,13.416392287812998
34709,15.296611067357713
34710,13.577975929459077
34711,17.10232033662196
34712,14.868781217525743
34713,14.771786684185207
34714,13.631047273794426
34715,17.84608520159516
34716,25.1490740453074
34717,9.454602707732557
34718,14.099548549786626
34719,9.232105267181765
34720,18.286271100790785
34721,11.903500297670153
34722,13.796548472706364
34723,18.233619958250333
34724,9.471935802659871
34725,15.201900392944154
34726,11.176480669076835
34727,20.827802066281507
34728,8.44278502472116
34729,12.860701142581497
34730,18.556249814421815
34731,16.907191492006966
34732,15.769532523019377
34733,12.662825261248685
34734,12.5354438506891
34735,12.260983768234286
34736,18.627185406098235
34737,19.650086452170704
34738,9.128788476979295
34739,17.070094033806605
34740,12.756939919469826
34741,11.12432241701058
34742,17.13366487820975
34743,12.668522955217485
34744,12.331462913352539
34745,16.376170022009408
34746,9.673206503577088
34747,16.308279659148322
34748,12.640575278856634
34749,14.573947684204018
34750,19.975633082184956
34751,16.100583609042157
34752,12.12305290864229
34753,10.017303324345843
34754,17.268876496717287
34755,16.125834684269275
34756,12.898200885000616
34757,15.78443512771262
34758,11.388514376347139
34759,11.428732670156974
34760,15.876450333630048
34761,9.785308921739905
34762,19.01901903329255
34763,16.477881939433118
34764,13.491134631130507
34765,10.171324015578044
34766,15.537298972986187
34767,13.267613972379479
34768,16.81992133010488
34769,18.16644294939551
34770,16.021067834952703
34771,17.459655660535716
34772,20.4572082596244
34773,14.521806344882323
34774,18.781295436909815
34775,13.25838101771172
34776,19.605626637579608
34777,19.667554901761374
34778,14.528155940541835
34779,12.95415579116559
34780,7.611799612238291
34781,15.15184954052448
34782,7.9179934537628265
34783,17.636324611998795
34784,19.458077571299846
34785,18.180252124913764
34786,17.16233207667614
34787,18.867582014283958
34788,11.197105821217827
34789,17.331265082453072
34790,17.372301936849762
34791,18.380809482630905
34792,15.966985062955754
34793,17.247630261913915
34794,16.384860254513917
34795,14.117138481865735
34796,11.651312424773874
34797,19.704887151342415
34798,13.208178586142905
34799,9.549727614648097
34800,14.655382740192096
34801,9.484188268651465
34802,18.82588333224609
34803,16.96359018454902
34804,19.453305546787693
34805,14.965889370553372
34806,16.235759738696803
34807,23.41211869461837
34808,12.357810277050831
34809,18.57282489930018
34810,13.40921059155156
34811,16.18529366809798
34812,9.618648631672198
34813,13.194160003972126
34814,20.462312859801855
34815,14.929839153359149
34816,13.288800855323753
34817,17.851912739490594
34818,15.766148019621182
34819,13.654616883706897
34820,14.399960626431763
34821,21.692385355809794
34822,12.432297883673051
34823,9.561318579760247
34824,18.3779649047747
34825,16.65401386233488
34826,10.754737043390644
34827,14.553377624292718
34828,17.604356766141464
34829,19.074808590153523
34830,16.392587103545075
34831,14.839198117818942
34832,14.483714002464406
34833,20.17086639541551
34834,14.928527906124886
34835,17.778582912746486
34836,16.004266125118512
34837,14.134495954715502
34838,12.918206914056263
34839,16.87422199990147
34840,19.697166710113386
34841,13.834401765072425
34842,11.019059095039758
34843,18.44029119417825
34844,16.441204509046216
34845,21.360867150400818
34846,15.984340345016152
34847,17.762210923694965
34848,14.304797001030362
34849,15.964925929186691
34850,14.26357324968364
34851,19.400144797943206
34852,18.31510864956236
34853,19.093132239374743
34854,15.857048779841016
34855,17.218908450504006
34856,12.433569027075006
34857,11.208276577372617
34858,18.734523662208346
34859,15.910615564372513
34860,17.992017546264606
34861,17.363032868703925
34862,13.068862005502105
34863,13.87466160516517
34864,14.769079056150481
34865,21.340012040584263
34866,16.27997062106051
34867,16.844236489473033
34868,18.92232453653483
34869,15.066870432119508
34870,19.90932697761938
34871,15.091333278519095
34872,11.778186372486495
34873,14.40844105651219
34874,12.42358532827781
34875,17.09103043957945
34876,17.39313045067133
34877,17.364459539327566
34878,16.03209827809413
34879,25.81318834222453
34880,16.93181990322116
34881,14.13125583262208
34882,18.840430511296262
34883,12.535984501254003
34884,10.655788211651613
34885,17.147709428315373
34886,17.719288565138832
34887,16.47205097146749
34888,18.56207339845193
34889,12.951072692552223
34890,16.24173801952807
34891,19.146962815876964
34892,8.816626628165738
34893,14.481264451136047
34894,16.774525427618837
34895,18.384328413676656
34896,17.30742027121079
34897,11.39403380453234
34898,12.234671038648473
34899,17.528386260404503
34900,17.158756682239535
34901,18.41642798449653
34902,16.021529717233296
34903,11.365155394843997
34904,23.091018681580458
34905,8.633485001213337
34906,12.38361924218477
34907,11.036105195624469
34908,15.758382125530078
34909,16.096783656283783
34910,15.81782666098179
34911,19.25661856739226
34912,19.54012183565527
34913,13.12922067554858
34914,18.720279330113552
34915,20.208946511303388
34916,21.792817704874047
34917,17.43963160982743
34918,20.398137004123924
34919,14.381614335154511
34920,14.56728339874895
34921,17.612410126627136
34922,13.06074884450134
34923,14.69150065849908
34924,15.551124561663187
34925,20.30883362596909
34926,9.460636057458244
34927,17.21660794351651
34928,13.360410051273103
34929,12.48959781437251
34930,19.330596945323233
34931,13.931799688628322
34932,10.0747087833272
34933,8.333626289224467
34934,10.769288641181843
34935,17.37273782881703
34936,16.301981867075586
34937,16.670279198008302
34938,10.69748882453884
34939,15.728400721317428
34940,15.098983541308435
34941,20.225845227411487
34942,10.901486361671687
34943,11.761364444521437
34944,15.42551697824248
34945,18.198149232792417
34946,14.5265646313867
34947,15.525517456554233
34948,15.248559011353716
34949,16.33058435654415
34950,13.584658127995498
34951,21.243305964460497
34952,12.192861221236292
34953,15.773093720935979
34954,18.72965069620158
34955,8.554878618712786
34956,14.341524918636757
34957,17.770824655387273
34958,21.67394965632877
34959,10.965552341862429
34960,9.609916628296016
34961,14.524345575992953
34962,13.541518242572167
34963,15.286127513611678
34964,15.301546455368001
34965,11.03044059737271
34966,16.10401257662384
34967,14.521478368273154
34968,10.382715886907356
34969,19.431460604583144
34970,17.18289039106289
34971,15.506401506088949
34972,13.627363873066127
34973,13.763035796180615
34974,17.43346964421726
34975,19.835368078799583
34976,13.217877027688246
34977,8.04838531881376
34978,14.591943681215657
34979,15.164354567539005
34980,21.9930613672637
34981,9.283877024929335
34982,15.58215874876448
34983,16.654767876902408
34984,16.001080373585793
34985,17.999628267733282
34986,17.31349314630182
34987,18.054207122609153
34988,11.389835914156553
34989,18.85595357004265
34990,12.202842701634292
34991,18.41276654293724
34992,15.777908134756037
34993,15.381470285616983
34994,11.495731998463718
34995,18.030269315688084
34996,11.464724143495266
34997,10.729278326274535
34998,16.426461244227397
34999,18.942647578423575
35000,13.03606143293091
35001,14.064306903136195
35002,18.072329102292244
35003,14.901689532682838
35004,16.38534281017076
35005,17.01939594138339
35006,7.147727727868782
35007,12.069392984046223
35008,12.295777619190325
35009,19.596882521278296
35010,14.478586634053137
35011,14.226681316376858
35012,11.898345708629208
35013,13.091325665934587
35014,13.236840048438559
35015,11.268298717985456
35016,16.123188464634037
35017,15.164628921893025
35018,14.820605626327389
35019,15.081391794547287
35020,17.556397960320698
35021,17.6723119983744
35022,19.369385849569007
35023,16.354759342222582
35024,13.847474805209984
35025,12.805468842597165
35026,16.78883648081525
35027,11.311611430842484
35028,20.78560636714741
35029,15.311863289206578
35030,17.882763057542306
35031,17.597235646550637
35032,21.994889927902648
35033,16.261548575441036
35034,19.221253875002574
35035,16.411012993699632
35036,20.540153890297624
35037,14.763479060500437
35038,14.501346580259728
35039,16.99248686816432
35040,14.483229049314149
35041,19.774856388147136
35042,19.094366580528487
35043,16.604118531584298
35044,8.516634280884487
35045,21.100437009432092
35046,14.732016296485202
35047,12.182998054934028
35048,14.494636292322005
35049,18.48161876838021
35050,12.748044187308555
35051,16.547345029137617
35052,17.745598988611658
35053,9.783268300236891
35054,13.764562816985823
35055,11.706111962623979
35056,18.65769795503865
35057,20.17043468997734
35058,14.656426197654264
35059,14.0683497741439
35060,15.804806789556617
35061,12.240918216220251
35062,18.541500859239076
35063,21.930723797852906
35064,22.992532830908928
35065,12.835700999209848
35066,15.237610624858648
35067,7.9959823831408015
35068,13.393273713992112
35069,15.747614103860302
35070,13.770994667460204
35071,18.80236434973827
35072,11.910835922018032
35073,9.370566521618102
35074,16.448487525974535
35075,17.381540193803723
35076,19.302152929774465
35077,16.465375207138152
35078,12.547008736160743
35079,14.024950107602699
35080,15.25009101699867
35081,21.60158232629662
35082,17.08420091902814
35083,21.506766773461997
35084,14.720182167172915
35085,15.80013521732923
35086,12.543651642688822
35087,21.839602905685915
35088,17.50799260432221
35089,12.625755375284971
35090,15.097596362063136
35091,13.167630141380034
35092,21.54929842520854
35093,10.267895305430361
35094,15.810898518704686
35095,19.740239723536533
35096,13.417971208523229
35097,12.091233785234081
35098,9.638260650526625
35099,16.495740064808142
35100,17.02411340594062
35101,17.985167010541446
35102,14.831965011659419
35103,16.542721815477993
35104,23.398627284214513
35105,20.739365957134517
35106,12.50793595032746
35107,15.66816767921624
35108,16.536898625063177
35109,13.360656267600158
35110,16.202484398825604
35111,16.514663377725558
35112,17.675238791980014
35113,13.373713778384126
35114,17.4612161991858
35115,16.335931290682346
35116,10.325624028794781
35117,11.751091660034437
35118,23.074656063416782
35119,15.393040566566397
35120,18.05094685510069
35121,21.71633012943576
35122,22.58251420107848
35123,15.206984850476367
35124,15.083414127645298
35125,9.025408653114877
35126,11.196793050108028
35127,16.251100558301932
35128,17.160307469051197
35129,16.268181437458864
35130,11.202306649907516
35131,16.816937971376095
35132,12.514388302675417
35133,18.22927691906945
35134,24.558584237731083
35135,12.043331843882658
35136,17.99431385017789
35137,15.138229270886502
35138,16.035453301175615
35139,18.03188748343772
35140,19.340063434330098
35141,13.31615014434204
35142,17.89156973178329
35143,15.246104624149718
35144,17.398887641303517
35145,10.498041741000723
35146,14.603298211107292
35147,16.01210759683121
35148,19.928229425341335
35149,17.220588954447006
35150,14.029684344952777
35151,18.795944939523032
35152,10.944779541201235
35153,19.99587958688421
35154,12.267545613007961
35155,14.593473926031912
35156,22.17700671232895
35157,10.063740201876268
35158,11.356230347666827
35159,18.46954672637588
35160,13.374922799565155
35161,12.730885071238387
35162,12.447831771657317
35163,13.436582398319498
35164,23.710932724708442
35165,15.223893190561798
35166,8.200842391342398
35167,10.36407423650196
35168,21.8425659998754
35169,8.241230979119848
35170,21.76463898944144
35171,12.268314225257775
35172,21.07788662974024
35173,22.159613029698416
35174,15.697345573250564
35175,16.728875183527734
35176,19.647356092818697
35177,12.881738340311912
35178,23.60857429840519
35179,15.88400145272729
35180,10.853046671336404
35181,11.08007759283764
35182,18.714890928661255
35183,10.8426973825974
35184,16.873899055326575
35185,13.75636636928859
35186,20.626872988931336
35187,16.488465534062772
35188,19.410858607417858
35189,14.97261982125382
35190,13.982529823972312
35191,14.647066649846222
35192,14.11088503625771
35193,22.96654175673735
35194,16.44702732337219
35195,11.093520489832084
35196,11.94330945035237
35197,14.783354321534926
35198,13.160012295214301
35199,12.486060447228672
35200,16.819011804493467
35201,18.07222451315895
35202,22.612314448099745
35203,20.496642278106812
35204,15.305962095578256
35205,13.076431418571591
35206,20.80499899089422
35207,16.589892000416995
35208,10.830826506759884
35209,14.146104187800088
35210,15.376176100279093
35211,15.243474205828045
35212,14.36907094114049
35213,13.15824782927679
35214,22.28790982383437
35215,16.657433169031535
35216,18.429291436957854
35217,11.911659161452144
35218,13.860165050837585
35219,18.447646097551
35220,15.934337828540606
35221,11.306236678963659
35222,16.035841137674087
35223,12.267446687869796
35224,19.359350900613528
35225,12.869781646251774
35226,19.393800973331377
35227,20.147576694798637
35228,15.95510135280033
35229,20.546006092897493
35230,13.88861134781753
35231,13.541637662816875
35232,15.589343426785693
35233,15.068078276690684
35234,15.14636449182135
35235,17.157712595793676
35236,15.053534456902685
35237,19.76446346210291
35238,16.468414496304142
35239,16.616761655533043
35240,13.331883043293988
35241,20.11462190027232
35242,16.507244047372552
35243,11.865389504146135
35244,16.313680690568614
35245,20.51757604650265
35246,22.375907587686445
35247,21.99716280140256
35248,10.508940395801702
35249,18.38993407050468
35250,8.925231270791045
35251,19.80573237757909
35252,12.378357793614029
35253,18.674264927131823
35254,15.981108080399645
35255,15.733841270718493
35256,13.950758429718196
35257,13.161813700316124
35258,19.428722924366433
35259,13.55859523205967
35260,13.565377143229492
35261,17.32441391083218
35262,13.40557027158108
35263,14.43564795503594
35264,13.937286106036488
35265,17.01136403747037
35266,15.747732203152488
35267,13.096625995015739
35268,14.50857180923476
35269,16.006141000627526
35270,13.4507090572191
35271,10.040038775449439
35272,13.020899802733002
35273,11.442791982655365
35274,16.24731985128426
35275,8.783125214703386
35276,21.08655309167171
35277,20.820764033909512
35278,19.104359719204357
35279,11.887365083929577
35280,15.310356303233586
35281,17.594953204612565
35282,18.93054251407055
35283,17.13817950767327
35284,9.988876176602787
35285,16.863183564982513
35286,15.874393773110166
35287,12.112713819349004
35288,16.070347639542636
35289,14.132960960926118
35290,13.344824009154788
35291,14.529919158353513
35292,22.506294527063314
35293,14.908672362573435
35294,22.032916824375892
35295,17.050897139583512
35296,11.600498960620811
35297,16.02790056673566
35298,21.714648115654704
35299,11.665806677852586
35300,14.212825227775564
35301,16.967451586495052
35302,19.105996287473197
35303,14.560632194043993
35304,17.80317843971288
35305,9.909748810228391
35306,23.51140966822983
35307,16.087763139844093
35308,19.454159764511978
35309,20.04434800178327
35310,15.728515609979588
35311,14.85573767628657
35312,13.913357931693378
35313,21.290060885213727
35314,14.944114626774446
35315,17.60956319218521
35316,20.948395343685377
35317,22.703109656565474
35318,14.894526713944696
35319,16.638683432187637
35320,12.417646771461454
35321,20.191483001000428
35322,15.773890471720712
35323,15.11874506923978
35324,10.160914374953997
35325,17.64995071196522
35326,19.407403440807506
35327,23.769445378662017
35328,14.076308514302308
35329,23.759292631962904
35330,13.934449009624075
35331,13.098914183838044
35332,18.473957422861247
35333,19.569014705045642
35334,17.003957210397438
35335,10.5482773263485
35336,20.76553465256687
35337,13.35036719897257
35338,16.459466839882825
35339,21.237186956794048
35340,10.639379467605302
35341,12.905048513363479
35342,19.912817766419387
35343,9.800479796476472
35344,9.587845075199477
35345,19.993459441138043
35346,13.563957835518144
35347,9.404224062643326
35348,12.448477554275357
35349,14.067208270021377
35350,14.801102023211975
35351,14.90418911487263
35352,17.531799496302877
35353,15.380169657786674
35354,16.42714903337594
35355,18.8507375628673
35356,11.707383202281353
35357,14.81516564360463
35358,15.751275928635268
35359,17.630164407519494
35360,14.652400468145498
35361,13.702518489573116
35362,15.866060480527313
35363,18.453346478634927
35364,14.999991004212308
35365,17.103040692503647
35366,12.364491787789754
35367,13.885300681429106
35368,13.281822110293625
35369,11.92235047085665
35370,19.67853977767448
35371,12.384947235022885
35372,17.863681100224753
35373,16.79476707942337
35374,12.303312272688657
35375,12.754400278418297
35376,13.652001944975304
35377,17.27272302477557
35378,18.821261488842687
35379,13.477972399737823
35380,22.223843167641306
35381,14.101213880453834
35382,15.69243425822619
35383,13.033529798755955
35384,16.951947946591176
35385,18.315824333275447
35386,12.594995230305358
35387,15.363253345212685
35388,13.860951764332905
35389,10.640104186153577
35390,16.400577984733932
35391,22.714590496734566
35392,12.575639006328734
35393,17.46038631986498
35394,12.213521344069953
35395,17.665935778394044
35396,13.60133288925634
35397,15.303932365823956
35398,16.37001487178608
35399,13.951422926814868
35400,11.000942265311956
35401,14.939036237633774
35402,18.895255463520524
35403,13.50800297259249
35404,10.123463399987259
35405,20.841718492266907
35406,16.896462827870735
35407,17.878696119770336
35408,23.901007531660746
35409,17.17526198852374
35410,20.431561825438187
35411,19.2028311169818
35412,17.637681609930695
35413,14.498158497818704
35414,18.12349371081209
35415,14.617023424627895
35416,10.148133286879734
35417,15.984951449865546
35418,16.060315613745377
35419,13.697732922509488
35420,14.79439706132472
35421,16.31393375837928
35422,15.024474757907498
35423,18.29608500892163
35424,14.958555147947205
35425,13.767534197958781
35426,8.81312667358618
35427,15.1121682900046
35428,15.09099895288156
35429,17.724189659154273
35430,10.478324127065283
35431,15.448115593237892
35432,15.334413052496693
35433,16.772754629461286
35434,15.802254101834947
35435,20.453331695768423
35436,18.128335600408985
35437,17.448475768263975
35438,12.360417838892584
35439,13.30218058070227
35440,13.991572887739299
35441,17.981737459567256
35442,16.869026552629506
35443,16.15170864936341
35444,8.929447454818199
35445,16.81337350904535
35446,18.147366307178007
35447,18.576999293495316
35448,14.135374840729739
35449,15.802252105341838
35450,17.507751228586717
35451,15.256263266979309
35452,17.45482590131685
35453,18.157883947175762
35454,19.261227088576767
35455,14.86818764433146
35456,18.947982411513642
35457,20.701436861145734
35458,15.921195361654561
35459,12.16144784636775
35460,14.379108631006364
35461,21.897214356341685
35462,15.188309730066258
35463,21.95614161635571
35464,22.028706926752157
35465,16.726855565883767
35466,11.216139426671823
35467,17.537476175320393
35468,11.6155441510594
35469,14.839566158113815
35470,17.50723346449832
35471,14.434261504835344
35472,17.72130388038851
35473,17.41614686836642
35474,11.93124786675028
35475,12.793548475659808
35476,17.396157250903208
35477,13.774144133452722
35478,16.289824603761843
35479,19.234926332106472
35480,13.493783649663495
35481,12.24368260983318
35482,17.829380264925923
35483,20.255022140674498
35484,15.579320960503193
35485,16.86725001135576
35486,16.235002420204847
35487,17.021376068590257
35488,16.849496661636305
35489,16.933644225745347
35490,16.29433744672381
35491,13.246337079843528
35492,20.25822480839959
35493,14.56738866124807
35494,14.792965536744614
35495,23.67669804405151
35496,11.253431336328742
35497,13.069561302814542
35498,9.262833963424411
35499,14.808484924868646
35500,9.883747054273844
35501,16.09114977392149
35502,11.73051799903865
35503,16.97424868660104
35504,9.833784314243436
35505,20.892170446551912
35506,21.18004042694974
35507,17.854376054081197
35508,11.248662480655867
35509,18.445892215773544
35510,15.431299362405932
35511,13.309750321622058
35512,18.14537639262116
35513,16.027890677496885
35514,17.73713576841347
35515,19.28552891692737
35516,17.16987850294865
35517,15.650507415677712
35518,16.921101173891593
35519,17.84662988920572
35520,18.09205999922191
35521,15.749617368428733
35522,20.92006135483246
35523,12.523860266504947
35524,17.38873298872913
35525,18.368150112252188
35526,14.669121718167748
35527,13.861373912586721
35528,15.190322575520744
35529,16.62440816184283
35530,24.080257082575972
35531,18.118604859586164
35532,19.772656366136715
35533,15.794827215100042
35534,16.75446863663528
35535,20.22134061321444
35536,13.142014868787562
35537,15.506740223312116
35538,8.828212450543866
35539,24.215000037276248
35540,18.270943874690666
35541,16.43402018745738
35542,26.13802369029004
35543,21.346292213568546
35544,17.179887640825285
35545,16.711289175626234
35546,20.717155217451403
35547,19.120803075347972
35548,18.5276464968973
35549,11.744447805985867
35550,15.362308593587615
35551,12.127764748166026
35552,16.274544848079767
35553,9.738766223690778
35554,15.606796060251764
35555,20.02961627390173
35556,15.056615210339823
35557,23.23713766722985
35558,9.733423063119806
35559,17.768461695671057
35560,21.22201035810128
35561,22.990416214687805
35562,16.579878335982535
35563,18.262505198745174
35564,15.403763644636044
35565,19.9187466181451
35566,8.78829504969348
35567,22.343415689109932
35568,16.684718427891195
35569,20.626180765591798
35570,13.642076797735893
35571,19.548113690156356
35572,12.73487800287145
35573,23.34250395787228
35574,18.223673383862437
35575,13.516875406831733
35576,11.834509095897278
35577,12.139112994430151
35578,12.4514147158506
35579,7.854364888128388
35580,16.782856012074223
35581,11.978332910878684
35582,17.328603271546882
35583,21.996248052156794
35584,17.504969013008733
35585,20.325567854268147
35586,16.320235318843466
35587,18.523483377662753
35588,17.993249309096107
35589,19.07451065009936
35590,15.01166533466341
35591,17.506121662740213
35592,14.039334418801179
35593,15.252237711686186
35594,16.42147127101504
35595,12.676559235739127
35596,12.829603438235615
35597,14.899252774596068
35598,11.674577260907064
35599,18.91842537190829
35600,21.15566047113547
35601,23.296184018129175
35602,20.85537998571221
35603,16.62505036858069
35604,14.333955144238598
35605,10.90556328230014
35606,19.551687858240726
35607,14.377853993837293
35608,14.73698226480849
35609,13.310399000464368
35610,16.026460298975262
35611,14.587767101643607
35612,17.597784618501827
35613,24.010374780143188
35614,10.330802259636501
35615,12.91403781023877
35616,17.106603226270867
35617,16.31990595710401
35618,17.560546264027444
35619,10.42347051547517
35620,19.842643333266285
35621,14.737843296093853
35622,12.188256595535155
35623,14.863782974165765
35624,9.75640697359821
35625,17.928405848449167
35626,19.443000549895615
35627,17.362272272936877
35628,18.154264811259196
35629,18.178040573385452
35630,14.135178443972201
35631,16.982463678459403
35632,15.323817886687706
35633,16.58813817546
35634,10.078780620154246
35635,17.260350008315363
35636,16.79333309087138
35637,14.502498516624216
35638,17.374932013257748
35639,20.619977332879756
35640,19.779757045252822
35641,13.334416006375886
35642,15.874822474395904
35643,16.014303597616678
35644,15.680479027711083
35645,15.790190382451886
35646,15.052683722964707
35647,14.944187852157205
35648,15.631148878482158
35649,17.207160569768718
35650,8.46295771580587
35651,15.467455772393974
35652,18.738642739314948
35653,17.262487210425068
35654,17.81921706980019
35655,17.03242194569872
35656,15.662337987035329
35657,22.00574870177477
35658,15.528950330798661
35659,12.758568560950543
35660,9.758486303796396
35661,14.157974751163469
35662,14.309411990824984
35663,18.63869223657535
35664,20.24440162283586
35665,15.012441083250494
35666,13.4834879091188
35667,15.269504406890448
35668,19.530069565403423
35669,11.988102227121914
35670,13.235287255467687
35671,20.75033984020522
35672,14.995010416950723
35673,14.36276387120939
35674,16.0629202298857
35675,14.083824047996414
35676,11.863223697069458
35677,15.613176231886861
35678,11.834648852027215
35679,22.036363957531016
35680,10.970297302881564
35681,17.60185882339587
35682,16.149568648558073
35683,18.18649235520021
35684,16.29298235259416
35685,22.52679067858373
35686,15.389788467391101
35687,18.206464846307576
35688,11.957531694589587
35689,13.881019579213785
35690,21.43422581700585
35691,17.301610310942802
35692,18.186572222159867
35693,16.113914058938864
35694,15.664719011620699
35695,10.338168580828041
35696,13.864146482012526
35697,18.474013380532334
35698,17.145369095641687
35699,15.546897370223473
35700,14.0547458423179
35701,11.796673255345464
35702,14.79551817555277
35703,13.532342441662935
35704,14.120247256405634
35705,14.902356056374376
35706,18.504038051514357
35707,13.087790418271556
35708,15.760175742984483
35709,15.195810329386603
35710,13.12579555333841
35711,18.98513987361941
35712,17.91428972164381
35713,16.149991298339
35714,14.039516685539304
35715,12.198308230834169
35716,15.106166238141892
35717,11.874469737494191
35718,12.701244211784104
35719,18.86900421863785
35720,17.019685430731528
35721,21.247690139875488
35722,18.909310799379448
35723,20.351834266850165
35724,17.119530613476243
35725,17.121566407443552
35726,18.639341835415884
35727,18.683535893142114
35728,15.171818595025588
35729,21.44057659951483
35730,12.398868059727777
35731,22.972363393728614
35732,15.2182622297522
35733,13.077600518203397
35734,20.193617328796904
35735,11.675994356528339
35736,19.856202303599886
35737,12.243252701992983
35738,16.438019776445042
35739,11.434761527114622
35740,15.459452719005721
35741,12.863600591587335
35742,16.55235883808116
35743,17.194681592952364
35744,14.431292810505797
35745,22.41747095907742
35746,12.106120297679105
35747,13.957718426803918
35748,18.00247567802755
35749,13.990104058229074
35750,14.639239459839125
35751,10.382243275026156
35752,10.790169588263062
35753,20.946300351351823
35754,18.654558115137952
35755,11.717323684542372
35756,20.02320917043467
35757,18.535682231681935
35758,13.972862470058333
35759,11.010198567507478
35760,11.480841258229358
35761,12.679618779369275
35762,10.195870241131813
35763,11.33379499551906
35764,15.890117932934917
35765,12.525112722110169
35766,18.723229342664798
35767,10.503432248934763
35768,10.055802080162998
35769,14.406257142922774
35770,14.61083070271317
35771,18.152542019546924
35772,15.434756069489579
35773,8.357592517281226
35774,16.443034274679874
35775,16.008546251336067
35776,9.99190606457878
35777,16.330219241164595
35778,17.852508542864527
35779,12.254188662162095
35780,17.31915101722796
35781,18.953551660471913
35782,14.171269726605578
35783,13.055352740822567
35784,15.723215023441606
35785,10.71274184121895
35786,15.779162423084532
35787,21.5743327215528
35788,10.78513144733714
35789,12.29390845799006
35790,19.0012288276954
35791,14.18100699572408
35792,13.330627962345586
35793,18.164495244044346
35794,13.177907639938427
35795,18.649002619719916
35796,14.542327388459537
35797,19.205250718256476
35798,15.34536501467012
35799,11.67999706465491
35800,18.105824632592125
35801,14.539081193801763
35802,19.3419642697582
35803,11.334546532421168
35804,17.290661463386936
35805,15.683280043951008
35806,15.603484346410191
35807,21.015123158163263
35808,14.071228312558954
35809,13.051872382292766
35810,12.860168585476286
35811,10.552245135654958
35812,13.330153814558175
35813,16.887916810697376
35814,10.757507742059735
35815,13.341841875918206
35816,14.155263701683639
35817,10.05447552157215
35818,11.159265696117743
35819,16.791702962522322
35820,18.48929109945226
35821,11.938100501301172
35822,13.575310777507525
35823,12.87375941793507
35824,15.881281314767527
35825,11.644980789279396
35826,17.7297258257781
35827,16.600641420452416
35828,10.723758855242236
35829,15.47546707066184
35830,19.454433681441763
35831,16.413357099113863
35832,16.771841750445674
35833,15.786214597205827
35834,7.819328722289519
35835,16.30584820787746
35836,16.551191736521645
35837,18.86623482464192
35838,14.005145974844325
35839,16.6898250519389
35840,21.29039515279712
35841,16.69873798378684
35842,11.70137627787049
35843,16.469867766588493
35844,11.408063449094765
35845,12.219292888462729
35846,16.502367203323573
35847,18.347622481406134
35848,14.795817030950467
35849,19.940161204799423
35850,14.86358176311788
35851,18.22158064700977
35852,13.021850199134963
35853,18.072097661073826
35854,18.358747520159728
35855,9.159565298725996
35856,9.695726845893006
35857,11.683076483578436
35858,24.83618026617182
35859,9.512625018296445
35860,11.12082589597289
35861,12.477862284462084
35862,21.089166075321344
35863,11.488958052942447
35864,15.638509158553553
35865,17.648031727944172
35866,14.601444585386414
35867,19.061116103147555
35868,17.731356052906182
35869,10.97805272828272
35870,22.86949135162049
35871,18.804426740306035
35872,13.833393151938745
35873,16.397711801979067
35874,16.49248207296928
35875,12.767378089418195
35876,11.987398520222703
35877,17.404837835469507
35878,15.921126833019866
35879,12.87306992921094
35880,14.444141919284927
35881,12.707862542691965
35882,20.608480682864986
35883,15.492255034256948
35884,16.71184325528623
35885,18.610382790652448
35886,13.598855110653439
35887,12.783777646259903
35888,15.232170724372937
35889,10.899691043699221
35890,18.71825787647951
35891,14.16749140977957
35892,10.861090949687966
35893,9.597491865609747
35894,20.339718448329876
35895,14.789922838738168
35896,18.796882574234132
35897,21.98938851796157
35898,25.56507173786286
35899,14.828766537814781
35900,14.046192141719205
35901,9.937073969413461
35902,13.183672716733387
35903,13.967354801571165
35904,9.805693092705443
35905,20.887890345120127
35906,13.808655088659595
35907,9.189684516578204
35908,16.36136089215778
35909,19.603184545034345
35910,14.159736507191276
35911,13.116364614566745
35912,12.874543287729551
35913,12.61755628699666
35914,21.751591187238407
35915,11.726806644821563
35916,10.759462975773403
35917,10.759353522245931
35918,12.19815119006591
35919,16.14131240433412
35920,12.955028606876432
35921,20.39516688790794
35922,16.7663252807157
35923,24.85456860797834
35924,10.292816135932949
35925,18.114684988201994
35926,14.923358686003446
35927,13.092600112041938
35928,13.75194583106278
35929,13.114208349976064
35930,10.57531086549999
35931,8.997095049603054
35932,15.704660976937742
35933,14.078949101252327
35934,13.298535271530932
35935,17.335695207589218
35936,14.833585705820187
35937,11.12000447109158
35938,12.24828167241664
35939,14.704510618980185
35940,12.345615174144637
35941,13.637746585054337
35942,22.676273619817106
35943,14.643277084384373
35944,18.171412250054082
35945,13.504163675993865
35946,23.18221407956218
35947,10.331593836555719
35948,18.1652588900092
35949,19.81725849525458
35950,12.124012867564979
35951,18.311488404375794
35952,16.172239694667297
35953,15.377863797434719
35954,12.314365431230552
35955,9.955630569152639
35956,12.586782868144539
35957,15.83536987519658
35958,22.82644621649571
35959,21.43457015601649
35960,16.456565797141472
35961,11.267285095549422
35962,14.13937368073488
35963,15.677650502326086
35964,22.868880146263617
35965,20.64985493275961
35966,11.460915437612018
35967,13.769379589100826
35968,19.78365785213522
35969,14.121344823538797
35970,11.295836591945871
35971,21.04601835475608
35972,13.702952281488127
35973,13.811665761857018
35974,9.943933882964437
35975,18.976895943771503
35976,18.696086927504858
35977,19.518757259982955
35978,20.418847466530334
35979,19.60933138861484
35980,19.669214362331285
35981,12.84599707318619
35982,11.003606312708293
35983,16.140988905107893
35984,16.70799067421749
35985,19.517066457382192
35986,21.56817727718864
35987,23.3964332929542
35988,16.18132433209342
35989,18.323591006113144
35990,17.13634320734448
35991,16.210163730631834
35992,9.797554874074253
35993,12.431480488902062
35994,16.62384835545052
35995,10.89377726439128
35996,9.501132220112236
35997,12.054359985240577
35998,15.162711587323987
35999,17.04996876075986
36000,18.126105627627826
36001,13.969761500220368
36002,14.61587218433607
36003,18.36167965889001
36004,18.205160828775337
36005,20.96375878521949
36006,21.645620535863877
36007,19.748968058340807
36008,16.65761710295913
36009,24.632094013223345
36010,10.61237732596318
36011,15.472071693429022
36012,14.345621680240907
36013,17.401087386488786
36014,13.32248240800194
36015,15.475916913491695
36016,19.646119812627077
36017,19.136355563222654
36018,10.412528360504336
36019,9.882600453465315
36020,13.866370147423684
36021,15.924058809581476
36022,15.696042465106684
36023,17.27004523457103
36024,14.07082007656227
36025,13.675618854827738
36026,18.762345022218224
36027,12.499106060242426
36028,15.872397723706909
36029,14.079000683961288
36030,15.29262355461671
36031,17.248641473511146
36032,11.695000377183144
36033,13.759199633459222
36034,13.900188053794011
36035,18.92857016110084
36036,13.15612393776974
36037,13.2980105856291
36038,19.869860574376172
36039,8.551797545562136
36040,16.790051892618074
36041,21.92855009381136
36042,15.410349300569038
36043,22.579991990070212
36044,17.519054684292236
36045,12.373035082479007
36046,16.67727951190879
36047,17.9800374750116
36048,21.202123432731657
36049,11.184811022237497
36050,17.77078523766069
36051,15.00624672562881
36052,13.660293527231374
36053,13.714196737145244
36054,17.22353714422532
36055,18.34798946840686
36056,9.135337595147377
36057,12.37948151885967
36058,20.002482199141788
36059,13.976138581323884
36060,18.445687059155386
36061,16.32519480379259
36062,15.502227805944747
36063,14.711776934255187
36064,8.43043730389158
36065,16.265008473494532
36066,14.016460508429905
36067,19.670703926074793
36068,15.338036696198378
36069,16.823038929981223
36070,16.291201407288757
36071,8.445412113111491
36072,16.715559327262593
36073,13.563966401041124
36074,13.317636636986293
36075,13.715588990009897
36076,12.730917047567061
36077,11.67658613228329
36078,17.268599801363003
36079,15.424271721660887
36080,12.41073518695631
36081,20.190801327137144
36082,12.238710776334223
36083,12.730715076839802
36084,16.592318890003444
36085,18.918425489540788
36086,9.287450774886125
36087,16.01803366612468
36088,18.205841801271593
36089,14.891927733333443
36090,8.142824760637756
36091,12.034851101479731
36092,15.655225641218962
36093,17.726681177328032
36094,13.236346451959879
36095,20.78972209877499
36096,15.453549133332785
36097,14.64719810956119
36098,16.266099872145162
36099,8.484478032528182
36100,11.225534062641046
36101,21.38010605454274
36102,9.650280984063937
36103,15.008483950854497
36104,13.161734011456872
36105,17.333225314626063
36106,12.350192360530476
36107,12.395107489682506
36108,11.475758282391226
36109,16.976599023672378
36110,22.14817618965852
36111,13.035477518326111
36112,18.647444864558295
36113,19.542025809606336
36114,15.28027028558867
36115,15.086715976339434
36116,17.903171302091426
36117,20.166691259509
36118,14.984350136319597
36119,15.700989691653628
36120,14.289487322757363
36121,13.815622769034485
36122,17.38297160354052
36123,16.288661581420406
36124,15.426538205751159
36125,20.692168111380404
36126,10.074479636530178
36127,20.44026472046692
36128,16.365988025046285
36129,15.03112260120464
36130,17.907128207659586
36131,11.569036915418774
36132,10.784867760745549
36133,19.20341343496412
36134,21.032739647890736
36135,11.874425883157087
36136,11.700843572926095
36137,17.927366082573336
36138,17.08534926374304
36139,22.192869449122718
36140,19.685621610696984
36141,15.540095842450306
36142,16.588294752705714
36143,19.82241408559896
36144,9.60121083957944
36145,17.039378069381385
36146,18.057868824769415
36147,15.51879179250487
36148,19.285333766747442
36149,13.662981049187644
36150,18.267694253793387
36151,16.044480430918206
36152,19.79254741615538
36153,18.60401335785886
36154,18.939374581001136
36155,14.856824126680294
36156,16.372769872222154
36157,20.183327260480777
36158,18.885277254823826
36159,15.024893453719898
36160,17.569449546854308
36161,13.666901487508438
36162,20.21097706758061
36163,12.89202708299211
36164,12.08584315237859
36165,9.911687891558845
36166,13.45954462184739
36167,11.053118443545983
36168,11.860360472941899
36169,11.163065590037554
36170,14.646938209681398
36171,12.545108390175013
36172,20.290919758982838
36173,18.865031082154665
36174,23.35188748917458
36175,12.974241599185277
36176,16.434375187351286
36177,19.746865382521634
36178,16.783058784925693
36179,13.465968023856075
36180,20.82165408476326
36181,16.911718868266547
36182,11.991031631809085
36183,22.274548477143167
36184,17.950112579716766
36185,16.36473657624882
36186,15.521265281302613
36187,15.347713182112482
36188,19.507616780202696
36189,20.942073823185986
36190,7.884817046106291
36191,14.527612043122803
36192,19.646816657978178
36193,23.367240745202054
36194,11.981846621826886
36195,13.291340922209272
36196,19.4432145519126
36197,13.747534523771002
36198,18.827430093404164
36199,16.281544209222165
36200,11.913805908135213
36201,22.916416590921514
36202,14.125834344169984
36203,15.54554118364557
36204,11.711209725984807
36205,17.979460779589623
36206,13.561545232370081
36207,15.116503615709028
36208,14.527129196564848
36209,12.761242736902755
36210,11.785531426438233
36211,19.48104998768526
36212,7.122581280584731
36213,13.80715460392829
36214,12.236460934146049
36215,15.351902714789441
36216,16.92501058311241
36217,21.948978753105326
36218,12.983648872305038
36219,18.34190102574177
36220,20.15407372997533
36221,17.794566434946617
36222,22.21140729201289
36223,11.369513868285997
36224,13.185601238423036
36225,16.65777298571794
36226,11.791676380220768
36227,13.5098511088209
36228,14.325598194522193
36229,17.58392229655449
36230,21.653619026118466
36231,13.281789032566845
36232,18.619878811790258
36233,17.188188345525802
36234,14.257802748969286
36235,17.650832612104434
36236,13.107586174180884
36237,8.166814478629137
36238,25.23658400764308
36239,14.838884784005252
36240,13.292256523521885
36241,11.981927595049061
36242,18.33370452898099
36243,16.072256778741362
36244,20.845472849653618
36245,14.170745924438094
36246,14.16413168778051
36247,17.57424590219241
36248,12.373389251624005
36249,11.716183542510219
36250,16.991476750096513
36251,13.212084824792523
36252,14.872387296281145
36253,14.148406254829068
36254,16.611152010522773
36255,19.09443896639238
36256,24.847482815032677
36257,13.56733574057784
36258,15.020364375663334
36259,12.739030265076455
36260,13.34453268811366
36261,15.854443389708699
36262,14.633892020713596
36263,14.55116865140063
36264,14.979122363896959
36265,12.335319202456915
36266,14.734635029045812
36267,13.522039428353363
36268,12.576607289265459
36269,21.103317079616488
36270,13.927967798780177
36271,14.355058610259638
36272,18.135835893569492
36273,18.56367251517749
36274,15.973556681024268
36275,18.40961062501548
36276,12.303851718999715
36277,18.800350220895076
36278,11.603553438408955
36279,10.709472076155157
36280,15.071361910294666
36281,8.789036066909818
36282,9.404977357107706
36283,24.04272409804757
36284,19.19894363721764
36285,15.527756959330983
36286,6.729170239435785
36287,12.735259420672758
36288,16.86027973895104
36289,17.252733149189922
36290,8.460340648622134
36291,17.771134938036298
36292,17.64777959821977
36293,18.60316015449794
36294,16.856140181636682
36295,18.365503833465425
36296,16.50869179947861
36297,16.79868339295007
36298,16.539692962864883
36299,11.408161215492221
36300,10.306403837940673
36301,12.910138031214512
36302,13.716095978387383
36303,14.090001270682944
36304,12.038966604311963
36305,12.209120689008394
36306,15.014890810165301
36307,19.302743370630104
36308,9.658811843658995
36309,14.459133645779305
36310,17.47470935594022
36311,17.095324418060876
36312,18.537917808323133
36313,15.459681861905793
36314,14.899632430886903
36315,16.806879478343113
36316,20.80980366257618
36317,13.050473398038388
36318,12.981413781419985
36319,12.40603797832783
36320,19.747712778183107
36321,19.68933029230298
36322,13.811649690126593
36323,15.200264393739506
36324,18.67610022008089
36325,13.142350938728667
36326,13.854865802799043
36327,15.1509142816921
36328,10.159070006248749
36329,9.728519825840642
36330,9.293646640091355
36331,15.95869368054424
36332,17.432925752211858
36333,16.38171972567424
36334,12.142005435545503
36335,14.25313862592877
36336,14.549185408494829
36337,11.771546577618388
36338,14.339369718782663
36339,18.943791486460647
36340,21.654472753556828
36341,13.761361049961288
36342,22.90267472648479
36343,18.939970248863833
36344,15.934282003283688
36345,14.996143095254329
36346,17.97244488533657
36347,17.354116236923673
36348,14.030750624274777
36349,12.228316230310593
36350,15.77286964180582
36351,24.33075595364055
36352,14.663920139520707
36353,19.12851142024688
36354,21.597725278459727
36355,18.822887900666355
36356,10.845954056643812
36357,15.616427826438928
36358,16.738151454567817
36359,12.09056843758757
36360,14.829140306662913
36361,17.650758128028237
36362,11.632655012908355
36363,20.225599724472964
36364,18.090828127809395
36365,16.413640189410508
36366,11.886728360782175
36367,13.465720850564303
36368,17.86068138726316
36369,18.360703487204823
36370,19.427185803596288
36371,21.593305539210796
36372,13.410610326895416
36373,15.63902916033634
36374,5.313857377573146
36375,18.963055285070322
36376,13.894617824819832
36377,16.774391071754728
36378,20.904842545027535
36379,24.529248640867102
36380,12.689330814981982
36381,16.890521765057
36382,16.576942367147232
36383,15.064596223289792
36384,17.47485103904464
36385,19.635305576621278
36386,17.87951400577046
36387,9.59741478140445
36388,11.310138992694554
36389,18.261854270297604
36390,15.083404297279401
36391,18.423756915899737
36392,13.488705314977022
36393,20.97381537944663
36394,18.25143122683694
36395,12.852772465891821
36396,12.470654558748508
36397,15.639040393452724
36398,17.62092856261845
36399,17.666024097975196
36400,16.87233287960136
36401,14.254116413684569
36402,12.130828554522708
36403,21.030865599204848
36404,12.508851600444341
36405,12.749323682332381
36406,9.349201981216101
36407,13.50465271139607
36408,21.858909027096374
36409,21.057990006396516
36410,17.38676658534996
36411,14.936490323031782
36412,15.269768807513643
36413,19.814181860690773
36414,15.687287460721228
36415,18.545559485393806
36416,10.960341673367056
36417,8.036501503013065
36418,12.684390102371246
36419,15.810921227089283
36420,17.818919480697744
36421,21.886479984538745
36422,10.203515554257233
36423,16.39958282970697
36424,15.736122195310623
36425,12.867008497885234
36426,14.941097041319296
36427,11.114752341197038
36428,14.585315063741316
36429,16.059544848223684
36430,15.287730050042065
36431,20.272440556633484
36432,15.482720346215292
36433,16.84662747318513
36434,23.116311779716
36435,18.350391509929082
36436,15.726661534681927
36437,18.433026367179984
36438,18.009523546190803
36439,18.819308329918243
36440,17.973444229273987
36441,12.788251450355743
36442,17.1561820913807
36443,13.273655659209872
36444,15.14569513062257
36445,17.155853401248038
36446,18.281083831967955
36447,13.41535891390829
36448,17.18286213171708
36449,11.411031541468063
36450,13.401161976462223
36451,10.482560686345465
36452,14.405022661961112
36453,14.054329751367373
36454,17.111899166304013
36455,15.378433813689277
36456,14.987403216111659
36457,13.286001955986888
36458,18.007510301739636
36459,12.483572308225515
36460,18.38792300190959
36461,11.972880726252704
36462,14.718871537216323
36463,15.610791072007922
36464,12.750736676610693
36465,18.087082040176377
36466,13.360965634964174
36467,12.35800922865241
36468,13.9408291651323
36469,7.606323980325301
36470,11.855730736806228
36471,15.555541014322923
36472,16.89840328845169
36473,14.845297669185172
36474,13.978661277722907
36475,15.853394325858956
36476,9.00122145646516
36477,13.87327863407229
36478,15.539027939474161
36479,13.817726426030536
36480,14.164109154538215
36481,15.654498605135178
36482,12.659826187086816
36483,17.241140466550497
36484,7.380926676987009
36485,17.067159060142473
36486,21.14764285185121
36487,13.957602143610657
36488,17.1526901330745
36489,20.354164200076607
36490,10.920192026840532
36491,15.148158514878004
36492,13.259241528669932
36493,12.704405644150427
36494,15.091015335486254
36495,19.047996169616493
36496,14.265142912333529
36497,12.889231382262073
36498,19.75161948582919
36499,17.622056625279498
36500,13.69967629536906
36501,13.676020868051763
36502,21.679696227302017
36503,11.90285822176645
36504,17.290598662808335
36505,18.61393490774571
36506,20.67443318270069
36507,17.667610529615484
36508,14.401825146570268
36509,13.127514577870873
36510,14.215627709077452
36511,13.426940929258837
36512,21.256017580129274
36513,13.561958263253848
36514,23.135131630376645
36515,10.699888170009253
36516,20.412603414623806
36517,16.56359018349075
36518,13.379202602769853
36519,12.913341081682816
36520,10.94326771243362
36521,13.469653265488088
36522,13.194984867828438
36523,21.920897851368714
36524,19.690101719419953
36525,18.663612381382222
36526,15.595702053780528
36527,11.306726834022147
36528,15.742060814332266
36529,21.42790826661248
36530,16.842719087368845
36531,19.880149420160365
36532,18.331856046770163
36533,11.134348463744885
36534,13.010271094842427
36535,19.952974809839745
36536,16.263094209980643
36537,13.960354005066364
36538,11.699150949261576
36539,13.396926819100749
36540,14.525014820246827
36541,17.97692354767161
36542,19.828938514732126
36543,22.57711672357592
36544,16.27881490987909
36545,15.928698919554549
36546,9.924256061381708
36547,15.642438079313647
36548,15.265154523983345
36549,12.107485115207217
36550,16.38675103187739
36551,11.776395557675254
36552,17.696167976191482
36553,13.161047459999585
36554,21.052821417310064
36555,12.793680758826987
36556,14.067379553369616
36557,16.568631825253455
36558,13.69836459668185
36559,11.14228086651924
36560,23.323032099669355
36561,15.223246228672338
36562,13.934731987220918
36563,10.50104458232019
36564,22.979787027165635
36565,16.394924165961147
36566,12.382465296138998
36567,17.86496240568466
36568,11.5837555413712
36569,15.31885618303059
36570,10.988203712630169
36571,9.737790635657044
36572,13.280848989384157
36573,18.947049570837137
36574,16.020154095598397
36575,15.040911850406857
36576,12.62489435822611
36577,13.283382051750502
36578,12.057538997271608
36579,12.41385399345154
36580,8.786408926339334
36581,11.883217744474223
36582,21.725159966218186
36583,14.062067453198658
36584,15.772462632259943
36585,9.862394525237344
36586,21.974123763040584
36587,17.272056034564862
36588,11.882133699119713
36589,14.142577656282793
36590,12.529151496120214
36591,12.44424689831758
36592,18.475038547619032
36593,20.431485419645096
36594,18.451548433194368
36595,15.05878823595675
36596,15.840354552938773
36597,14.750179648753239
36598,18.394828195934075
36599,17.041462319204857
36600,10.781423801976883
36601,19.229417154347043
36602,10.694397560477553
36603,19.806308985928514
36604,16.03844411803516
36605,16.81941710698509
36606,16.775427302870227
36607,15.852407168464712
36608,21.41865508701136
36609,14.488147230188467
36610,20.05932357406868
36611,14.955572249759069
36612,14.137659969709825
36613,18.73650692143333
36614,20.380607499240305
36615,14.266526004165923
36616,16.21679483361867
36617,18.935712728158926
36618,16.92754374907504
36619,21.156687651995952
36620,10.819431191983846
36621,12.532917398423692
36622,15.559720691309789
36623,10.986467308858881
36624,17.99820934163443
36625,14.89584266863866
36626,16.630737756561466
36627,16.950658809161574
36628,21.898590484861344
36629,15.049229834780343
36630,20.024541202231905
36631,13.074293756245567
36632,18.007956173269804
36633,11.57507864816465
36634,21.03967559323411
36635,9.00114827129077
36636,18.03382049131536
36637,17.002195231672093
36638,9.240818538335052
36639,13.757617898134159
36640,14.429765505447262
36641,13.608767436349275
36642,13.784296151952955
36643,10.886559623994993
36644,24.476586583649723
36645,11.740470435833572
36646,17.325952890240345
36647,11.652061492465206
36648,14.69970918249102
36649,19.77088065550975
36650,20.26227940200834
36651,13.266751390600128
36652,15.922345487781406
36653,17.372634535661184
36654,20.287714249329575
36655,23.431356881216658
36656,15.276340999964848
36657,18.260966809920962
36658,20.007695023832266
36659,23.227614817285286
36660,14.06931435117963
36661,16.037165708863586
36662,16.164952124501102
36663,13.914445713466412
36664,14.21109914460427
36665,13.991605759097826
36666,13.088042047929795
36667,8.989588000881053
36668,20.83978066312748
36669,16.515044659279525
36670,17.02714935629967
36671,19.544520953332047
36672,15.901118324040475
36673,15.017931011888647
36674,20.57245691245195
36675,8.863476465484185
36676,8.937018098053453
36677,19.97215388103942
36678,16.15382130290094
36679,18.955438483814703
36680,25.064194786063325
36681,16.742561500697526
36682,15.294970428316017
36683,18.562705879533546
36684,16.492977718924188
36685,11.113536989069416
36686,8.088229134290787
36687,16.006558872975322
36688,14.022074187929269
36689,21.22512821212012
36690,13.545940256187635
36691,15.659517382093378
36692,19.813046376899923
36693,16.82432759350624
36694,20.41161265251875
36695,14.97033452385855
36696,16.89644570348532
36697,12.930183710375704
36698,23.10550549161779
36699,10.928644068177995
36700,16.54002303029013
36701,17.35112240265556
36702,15.198337311461028
36703,16.98698166614363
36704,16.996543926525863
36705,18.45192985686731
36706,17.39640197047896
36707,18.33911884912272
36708,15.243700212052707
36709,11.475610914202411
36710,19.287251800778094
36711,11.658148147639821
36712,17.57085970760768
36713,12.894396804851127
36714,25.15474081931567
36715,16.82085371433818
36716,17.533539077788717
36717,10.696174859646314
36718,12.627737585124308
36719,10.412285831175865
36720,16.795599413602318
36721,19.50329855697086
36722,10.227697117150267
36723,25.315519342236712
36724,12.793207727202892
36725,15.907079041747147
36726,13.516097717206158
36727,15.230663770044295
36728,19.98545154531747
36729,10.323805985605777
36730,21.532429199805907
36731,19.22535375790954
36732,12.298211981402012
36733,17.700863454689106
36734,16.464677184850544
36735,18.195468142997996
36736,18.25891914840724
36737,15.79611057656866
36738,11.545479223952112
36739,14.042152783794183
36740,18.32455533065682
36741,11.46149986761698
36742,10.267780649847094
36743,19.176893472121357
36744,12.543397491318022
36745,14.16679570639649
36746,15.267007986214878
36747,14.009328613678026
36748,22.084319016415808
36749,11.216807308574463
36750,16.52480517516988
36751,19.59613750050537
36752,12.786287245515593
36753,17.843531537385232
36754,14.328201023607459
36755,17.681485369039876
36756,14.193062669617213
36757,17.79663745009671
36758,12.252707409497763
36759,13.713550612930117
36760,20.101170716122986
36761,11.376213557891091
36762,12.584532952711456
36763,17.628337278352298
36764,14.188425364182876
36765,16.910434293916502
36766,11.43653256812102
36767,14.713742846694185
36768,21.08855653643701
36769,22.26523634774874
36770,19.064860750226668
36771,15.534877332526866
36772,12.724777994063912
36773,17.823131236528994
36774,15.219832407586317
36775,18.59944309188592
36776,15.790907077374577
36777,18.306296223691042
36778,16.042670570676638
36779,15.11252555006433
36780,17.485160391714487
36781,15.006207622109478
36782,13.187148184680495
36783,11.950260070407113
36784,19.15365132291628
36785,14.55797692689054
36786,16.092015034452455
36787,17.52178197095521
36788,20.560286334870806
36789,14.80922388340757
36790,13.23230159543326
36791,17.263814052938223
36792,14.929470067557041
36793,14.022258112119479
36794,19.65942779364736
36795,21.168115683351214
36796,18.788356505890743
36797,14.280137719328607
36798,13.414918500772766
36799,9.831272771429735
36800,17.51852824917023
36801,16.76728387017063
36802,17.675492238101132
36803,8.203927564143935
36804,20.747286604302108
36805,14.31555182983199
36806,11.582093753854398
36807,11.790736262364515
36808,12.616036863811866
36809,10.850332940093693
36810,18.14096630022449
36811,9.154853847960197
36812,13.46575391806483
36813,11.090436656523124
36814,17.546513336758064
36815,21.059622279143255
36816,20.048250418258192
36817,22.09655095233994
36818,14.265215457467356
36819,17.3134431052406
36820,10.744181066045513
36821,9.93895866536598
36822,20.075034911466492
36823,11.57958785170671
36824,13.548759861495057
36825,16.351764977011083
36826,17.667693976754123
36827,15.359352143332744
36828,16.238640939973166
36829,10.162994987810226
36830,12.988725099119296
36831,15.010104760057738
36832,18.97277257657874
36833,8.258139233348604
36834,18.652637846667254
36835,16.160668612121984
36836,17.241830882726525
36837,18.420669096779875
36838,11.283783332209662
36839,12.052225050973423
36840,14.067145238413444
36841,14.154642610868018
36842,15.130197465960082
36843,13.154975198728788
36844,16.55604470431404
36845,9.441104259903739
36846,17.75308418824127
36847,14.056509334826995
36848,9.90077527811766
36849,14.471909176062406
36850,15.66155577940814
36851,15.992051926488728
36852,12.569797262673902
36853,14.679153471866126
36854,10.853962753400097
36855,12.706386718172803
36856,21.30827865619077
36857,18.865716214195274
36858,10.793737942218272
36859,15.571389083210203
36860,10.52389774457053
36861,24.95960714487029
36862,18.39561899740199
36863,16.844481470880453
36864,12.620358173446
36865,12.90276630657328
36866,17.920566968503557
36867,19.08988925812851
36868,16.110142568014837
36869,12.110605497810553
36870,16.280288195574837
36871,14.957914387708122
36872,17.060441613359735
36873,19.290940145623125
36874,10.372709337771884
36875,13.45047851783562
36876,20.567204385646086
36877,15.930825202209924
36878,12.435314954678987
36879,21.97040704471202
36880,15.151728514274907
36881,18.198575585618432
36882,20.360713162942112
36883,10.57551834253151
36884,21.13389989613642
36885,22.099421780024812
36886,13.608641883660338
36887,11.715514144136753
36888,16.196601299707147
36889,12.412021633197936
36890,19.503837397148477
36891,15.04950179836188
36892,16.25441922188827
36893,13.414096730825772
36894,16.160673074823105
36895,17.491853220656743
36896,12.544728632446319
36897,17.60709292128619
36898,13.518749365801833
36899,12.487126950576517
36900,22.39957857901584
36901,18.637871093195855
36902,15.902180215178097
36903,17.98762582117932
36904,13.686662972325557
36905,11.188960101990045
36906,20.89551897726626
36907,18.822954795808137
36908,11.745799119248705
36909,10.580275613821492
36910,13.861742572930885
36911,13.647540345595505
36912,13.062298863548953
36913,18.26400207597103
36914,16.07717172601173
36915,11.90027218367568
36916,14.287700132755518
36917,17.82947956367618
36918,15.212183213452775
36919,10.643958826706477
36920,15.20177480260822
36921,21.540736826342204
36922,13.477160853248442
36923,19.42393804191193
36924,13.326231786910608
36925,13.571631287658057
36926,11.362423174289653
36927,10.940385362796151
36928,11.444554086213174
36929,11.833241702830678
36930,15.559567752741172
36931,12.776186389087325
36932,17.45526084218893
36933,13.185257376813809
36934,15.379894366662144
36935,13.511780517975367
36936,17.208553243589286
36937,15.934173005110214
36938,17.240794259421765
36939,16.542501504531035
36940,17.43713202416796
36941,16.231229691644593
36942,15.461315981583482
36943,10.583721164099385
36944,15.236963492354267
36945,19.295763185781702
36946,12.279822865346251
36947,14.73432605267134
36948,8.577395620303387
36949,14.234403052315193
36950,15.34436245476676
36951,13.60071833320543
36952,18.29175227628792
36953,15.39350538424373
36954,14.17214181845164
36955,16.698922784464322
36956,13.055053866263037
36957,10.558211115948264
36958,20.6121988704322
36959,17.601187105921905
36960,15.743960386904487
36961,16.230927093241682
36962,15.431829200474356
36963,16.087898137494477
36964,14.773339046965308
36965,17.10145461935151
36966,14.751479828897661
36967,14.275019795458018
36968,13.51329731604466
36969,12.282603449195319
36970,15.46455466044192
36971,13.369967659023924
36972,13.711873588001337
36973,23.097223219523585
36974,18.291406486088885
36975,12.446703214875185
36976,12.131717259617123
36977,17.54165860856947
36978,13.05135260997958
36979,16.987691359625384
36980,21.72623815936243
36981,13.195985406729257
36982,15.09911328864812
36983,16.991511852844628
36984,11.752460811217908
36985,20.346157613531567
36986,15.638382645015573
36987,18.90271211473904
36988,18.987624689673694
36989,9.931958849952448
36990,13.999810525028646
36991,17.107677327375228
36992,18.604135790045234
36993,12.066923226959805
36994,12.439808316345381
36995,17.577635882393423
36996,13.526159986816214
36997,15.137090584474633
36998,15.268311463071171
36999,12.70931301039418
37000,14.10962573511724
37001,14.80542709300677
37002,13.759666164218144
37003,20.50693028317933
37004,13.728300465652588
37005,24.691327349187326
37006,12.066636626314377
37007,10.691654076377816
37008,12.937171274393137
37009,13.719534135343592
37010,17.850462294382666
37011,19.292344392944088
37012,22.92886831273286
37013,18.305984572451152
37014,19.04465824006884
37015,15.774956883037074
37016,14.79685699498723
37017,21.94137635395869
37018,19.49269621488452
37019,15.75142998161014
37020,17.63519072807565
37021,15.01680498473199
37022,17.798660121973406
37023,15.18174615799181
37024,15.503995672698492
37025,16.255361927698537
37026,16.232494684107632
37027,17.20788703956427
37028,12.125389220685923
37029,17.81305691616099
37030,22.068557133886042
37031,15.642727718065164
37032,11.803994293058672
37033,13.14053950998344
37034,21.5618287376532
37035,15.666459061108087
37036,18.727787559205673
37037,16.138630717582238
37038,14.297752903886135
37039,13.305786628551683
37040,13.545063874905239
37041,8.62280515980241
37042,13.348515081012865
37043,17.626759617583676
37044,18.864897252784527
37045,10.958736853679797
37046,21.431216987936406
37047,13.088775226714372
37048,16.97122359448034
37049,14.625584861017293
37050,13.916492861079293
37051,14.618010835484224
37052,21.242806686777488
37053,11.177610657523655
37054,17.968117180325013
37055,16.25863783604863
37056,14.4396241070542
37057,11.07669942204613
37058,12.469066221678677
37059,17.843450952925572
37060,11.609360918881109
37061,23.764001284340445
37062,16.118244835878947
37063,9.861068293763845
37064,22.24907127925164
37065,14.442446258921724
37066,19.30596248317196
37067,23.177777553331104
37068,16.839996241190114
37069,17.487162464264728
37070,15.369748927819996
37071,12.941022161188076
37072,17.242401457094125
37073,20.31082649010332
37074,13.304358040597464
37075,15.855700653807926
37076,15.46351806171198
37077,16.179888119190192
37078,17.8035264493967
37079,15.591944901621856
37080,15.330502074555271
37081,19.04116646201858
37082,12.090668442165835
37083,15.078907822344089
37084,12.44128907350784
37085,20.9217382231921
37086,17.800989295679962
37087,14.952492054235577
37088,21.122765042889334
37089,8.10264241360276
37090,15.721430837486635
37091,14.796082937334425
37092,19.589641233324553
37093,16.200651100189237
37094,10.604475051965723
37095,20.669231509045282
37096,16.725006701070555
37097,12.750930804419315
37098,25.378712495132326
37099,18.32208737937179
37100,15.271526160217284
37101,12.133795036569474
37102,15.735959914084361
37103,12.795513219464944
37104,12.58687520463836
37105,17.009573247582587
37106,16.745464925242615
37107,20.02813102797311
37108,18.867107644036366
37109,17.92354546676377
37110,15.130442174486753
37111,16.284614691111845
37112,14.867714817467885
37113,13.656447900735682
37114,14.674380309641766
37115,12.063403625076264
37116,11.938758594054708
37117,21.80060826339252
37118,13.788409602171674
37119,17.213439643169217
37120,17.670621699379783
37121,18.705221371041027
37122,15.070847988693806
37123,16.86516405031682
37124,12.418864524065487
37125,16.48780570858746
37126,16.41851402067863
37127,21.98488887079142
37128,15.545002557724544
37129,15.147921915670146
37130,13.987830029382454
37131,21.54329130500062
37132,16.259103000163055
37133,20.38281105507901
37134,16.753053817941964
37135,19.26977807651253
37136,10.823017949507344
37137,22.63313158511182
37138,15.7449608479625
37139,18.91480274313779
37140,14.11034941921501
37141,18.793621378731515
37142,21.26177717004427
37143,17.49810389354185
37144,12.358900553015506
37145,13.23434098305492
37146,14.603366359370373
37147,12.260092967918983
37148,18.477948061436457
37149,13.059184699134303
37150,11.080957113227921
37151,12.455439009144362
37152,12.208993581958723
37153,12.222543463856187
37154,12.678216973376133
37155,19.36587162379035
37156,15.278081722808734
37157,19.719134084370033
37158,19.328430190463422
37159,15.654735840521203
37160,9.768685192223654
37161,11.895819623021957
37162,18.704264287606016
37163,14.39886088979922
37164,23.4279766785711
37165,16.380598165930554
37166,14.048543627530071
37167,12.481629379079315
37168,12.653395759011538
37169,15.155355034704511
37170,12.77792147669097
37171,13.744276913233287
37172,11.759603525264486
37173,15.83314412519395
37174,18.927260756949664
37175,16.499910291481974
37176,19.240940155072572
37177,15.501932617947162
37178,15.417513223995522
37179,15.71745516667356
37180,17.04050335716726
37181,16.17248711711566
37182,16.880671434841044
37183,17.083486003271616
37184,19.98769079996952
37185,11.68256782678354
37186,17.713685175014817
37187,13.206879015025727
37188,16.819649007684653
37189,15.901865265280245
37190,20.072004381184065
37191,16.162607550229133
37192,15.970254245346595
37193,15.312637185713783
37194,15.423958022568664
37195,19.43297664264803
37196,16.92329881221625
37197,10.562696428290117
37198,17.676231400283037
37199,12.260258385766427
37200,11.26062454765942
37201,8.436184508015339
37202,16.758232055131256
37203,20.27366195898901
37204,16.116688510387018
37205,17.60543138346206
37206,15.049421688639708
37207,17.028404876425284
37208,19.974712461215685
37209,16.713831948527854
37210,14.476958676282173
37211,18.996768067147173
37212,13.033762308038312
37213,10.525805904866182
37214,20.13600861652616
37215,15.275094197840547
37216,21.72809400455531
37217,18.69759121770889
37218,7.684612387330294
37219,13.279149984837684
37220,10.054998845993746
37221,13.209297400195863
37222,11.620512564941048
37223,25.1337875802053
37224,8.682102979030102
37225,17.809933526527324
37226,18.519221853794335
37227,8.863931621249026
37228,20.916066253876064
37229,11.223724551271745
37230,12.26458741799075
37231,19.345939505715705
37232,13.779655638850365
37233,13.987735251063985
37234,13.066335449551485
37235,18.96350337350047
37236,12.536077898074272
37237,17.48488425873928
37238,15.161740319775767
37239,14.61577078247759
37240,23.513596721416683
37241,13.32038316066499
37242,11.949087790867287
37243,11.702229823222865
37244,16.53309560627142
37245,18.284839165085877
37246,13.833894995833814
37247,9.500495797212128
37248,17.100180638097566
37249,22.499691953880216
37250,16.87449007865895
37251,12.600272775941347
37252,11.746621729835798
37253,18.358584278402116
37254,17.047072365586303
37255,16.0238389865539
37256,11.88839372014549
37257,13.931872719347574
37258,9.41398628014829
37259,14.887190517585537
37260,20.534242910268276
37261,19.3818694747765
37262,18.652960352026902
37263,18.745129969197187
37264,15.453165298960952
37265,13.415440633631814
37266,9.27063158818873
37267,17.501204329110053
37268,16.697932613005843
37269,22.255558728918576
37270,19.74316039846634
37271,19.969483690991474
37272,14.411292780035513
37273,16.888996047436923
37274,13.481975217067458
37275,21.47249378059005
37276,15.605447180606829
37277,10.96079175949815
37278,15.915136007920655
37279,17.09553074942076
37280,11.61297753605682
37281,17.41081798723745
37282,16.14276605304738
37283,10.147845853374287
37284,12.849549187422106
37285,11.513243701108413
37286,18.009368353577898
37287,19.53003964770211
37288,17.304443654711555
37289,10.569998841672408
37290,12.546321152421687
37291,17.911804154027806
37292,23.821161355783723
37293,17.571913485268944
37294,23.05629574346547
37295,12.676171539587429
37296,16.798484402320568
37297,10.493199216856452
37298,9.888186881771887
37299,15.195606118008437
37300,12.552462227092816
37301,16.13770891374596
37302,17.171117854021173
37303,18.024123958771348
37304,13.049609567992782
37305,9.968379055782341
37306,17.044768396764315
37307,12.068362760201662
37308,13.308768946843053
37309,8.897602143143356
37310,15.127012673057322
37311,13.269969681818171
37312,22.10265119668216
37313,13.274961743705099
37314,16.364429535553842
37315,20.4174967049588
37316,15.047700935778536
37317,15.593089342234707
37318,21.727763143024518
37319,20.063661917186767
37320,12.92031864373341
37321,14.128046441331058
37322,12.106159981936287
37323,17.32167137384994
37324,15.27487708007109
37325,17.646773165943593
37326,19.53182413921258
37327,14.404440848427601
37328,8.527903507823499
37329,11.959784207367932
37330,14.553981124135092
37331,18.705352647827798
37332,13.671096477604733
37333,18.668687677829325
37334,18.148223370603688
37335,19.633444926032276
37336,16.078931403188406
37337,11.475543566012204
37338,15.331699231776057
37339,16.945932935879405
37340,13.746108513547796
37341,16.018675936637937
37342,15.848482515716672
37343,17.740266427051132
37344,22.382494143680667
37345,17.491083387150006
37346,23.31406103289535
37347,10.949426822323662
37348,10.468560116355896
37349,24.0347094428513
37350,13.921089842007513
37351,13.109815251387712
37352,16.83706187865873
37353,13.444890519456948
37354,11.031645547653481
37355,15.647829158335107
37356,10.491357975034594
37357,17.54897780563172
37358,10.873769084873409
37359,17.891316409701187
37360,11.580144416271887
37361,15.253811196620214
37362,21.243707651604314
37363,11.528736942062164
37364,12.055569662013898
37365,17.290614003405622
37366,24.698214128810534
37367,13.912056298654878
37368,17.650748026214778
37369,19.07750441329365
37370,17.076195916455504
37371,18.124431270616046
37372,10.142232619556813
37373,14.3915732319579
37374,13.651064407961115
37375,11.22896869054953
37376,17.526066580743695
37377,14.631318560118846
37378,9.985285824173598
37379,17.134197912250634
37380,13.480553222260433
37381,14.478607425506503
37382,16.47519066911584
37383,13.147038713036414
37384,14.150585761485257
37385,16.009041421026264
37386,11.63643504845477
37387,16.242357693451755
37388,24.362407980586582
37389,13.347403025944288
37390,14.625972754119868
37391,17.002457293783063
37392,14.361341245545226
37393,9.81573437871014
37394,13.677186493274087
37395,11.909719900887184
37396,15.887412260099405
37397,13.56234096033845
37398,17.485098787715835
37399,15.922702177928922
37400,12.562084415337178
37401,19.35795365670124
37402,15.589185613821257
37403,12.314437153144445
37404,16.949222060917762
37405,20.58098540402709
37406,10.523314939308941
37407,12.16893387144067
37408,19.17838017662271
37409,14.953623637411253
37410,14.528402921469612
37411,13.33533707400868
37412,16.755523038562508
37413,12.470867671306845
37414,16.22448203407824
37415,15.489630698756333
37416,20.789395145238814
37417,14.131695386570161
37418,13.897008239931079
37419,16.565257141326427
37420,13.983412730431008
37421,19.721232619603306
37422,11.470580201356443
37423,19.548467456725888
37424,12.9265699153621
37425,13.176673303165089
37426,21.590823432498766
37427,17.085103154420096
37428,13.760994182795693
37429,16.719563820885213
37430,14.672944104931975
37431,12.21846249778246
37432,11.672098027782067
37433,14.898656061592975
37434,14.46314220298784
37435,13.916622654951725
37436,17.38784799090478
37437,15.964441681306196
37438,16.35537921921843
37439,13.957873970432294
37440,12.469488827537436
37441,20.54221447215269
37442,14.109273353632318
37443,13.444696484061282
37444,18.988530671226005
37445,16.7609509869366
37446,16.36064089793591
37447,14.340696627720723
37448,16.768937031040345
37449,14.674365427184446
37450,20.13134330596593
37451,17.817636479260237
37452,15.506121563646031
37453,13.314479778937
37454,12.198133873558032
37455,9.586151601913434
37456,20.930982734637098
37457,16.0316738770698
37458,16.5519614724021
37459,22.181026984460694
37460,15.778970782561274
37461,10.671870219024665
37462,17.76110062522214
37463,12.943950839946222
37464,13.307927491778806
37465,18.167095269334368
37466,25.2184094120894
37467,11.53256144673834
37468,8.888344208775642
37469,14.805651090393447
37470,12.810837324645592
37471,13.919287867270416
37472,20.473447156272847
37473,13.420639263117295
37474,11.08330201075022
37475,15.996419552000667
37476,9.437717653925933
37477,18.19454193296383
37478,15.64991611269074
37479,16.849882079065395
37480,14.868138741034176
37481,14.880303369326388
37482,12.138102116886909
37483,11.433902832417324
37484,15.846539787205346
37485,21.866766021597442
37486,17.085734554434026
37487,17.498363202182063
37488,10.479230518635786
37489,12.657695094822811
37490,16.882138804050285
37491,11.850497874657552
37492,14.353102353718523
37493,20.486064780366867
37494,14.62263626364692
37495,12.365537499628632
37496,14.189156134962454
37497,10.319562958342843
37498,22.328376079048333
37499,20.784008329040287
37500,17.395294811013283
37501,18.275780852681947
37502,17.696876867245123
37503,15.959455151445411
37504,19.95256997115513
37505,17.405237808042408
37506,16.77718181854716
37507,15.578465292348389
37508,16.13617030038206
37509,19.811855980879265
37510,15.015665025952682
37511,13.542974355981208
37512,18.315337700648925
37513,10.011043996266709
37514,22.31362513366313
37515,12.926387027632224
37516,17.660290365973594
37517,9.521486950033541
37518,13.549505676986032
37519,17.254154936326927
37520,14.565307410324714
37521,10.966791401555216
37522,17.70501218506439
37523,15.535739223744649
37524,15.595984973462713
37525,17.53406690174262
37526,19.137318029106826
37527,9.475260361519442
37528,11.710604363509246
37529,17.807885196701516
37530,15.430219354806347
37531,14.392744672344715
37532,15.701999955061588
37533,14.954705849637593
37534,17.06177704906704
37535,18.09638359217658
37536,15.300924525085197
37537,15.398456623739259
37538,11.47960814418781
37539,13.864403974241387
37540,19.98679674404825
37541,15.193385192766625
37542,19.401645014704137
37543,13.873366909470978
37544,14.516562680824261
37545,12.210711306186338
37546,14.323569337917888
37547,15.753482921253106
37548,20.108245071095283
37549,11.260373190063955
37550,12.358396606037319
37551,17.790272788114958
37552,15.50879117480429
37553,15.749387275756373
37554,14.752149958301931
37555,24.770247364577305
37556,17.13933209267963
37557,15.03295552539774
37558,13.885942358848006
37559,17.97687333929872
37560,17.302150972027906
37561,16.72020493501062
37562,13.69064149237348
37563,12.782591144141719
37564,16.15249678168348
37565,12.4176014019576
37566,19.9907478924272
37567,17.18029311144784
37568,11.168522036905886
37569,17.360828717943157
37570,11.420560834006945
37571,22.16572016735735
37572,19.08813076743447
37573,11.806918413610909
37574,15.410737550925695
37575,13.702253355481492
37576,13.456562720496152
37577,15.780826321339614
37578,16.14359938471043
37579,13.44529960471893
37580,19.89581255647577
37581,18.180890419149662
37582,18.92645542890386
37583,22.44742707303382
37584,16.038494334900566
37585,16.739167284079414
37586,19.517828735336277
37587,16.04006480422204
37588,9.12285469460771
37589,15.292473153958829
37590,12.874891056059104
37591,16.472629354826775
37592,10.355157997744541
37593,11.583897542879786
37594,11.318855670308881
37595,24.554101162524695
37596,15.101940088548973
37597,17.82928867555897
37598,14.969896596623371
37599,11.512154089075198
37600,17.178517441338187
37601,15.87178331077848
37602,14.56633844592186
37603,14.908635145164755
37604,14.321452585176564
37605,21.37400269933599
37606,16.5080605970981
37607,20.91364875852044
37608,9.909732019971582
37609,10.235854379255327
37610,12.798123062418489
37611,8.872749798074413
37612,22.65366407992206
37613,20.398597615338627
37614,12.403543502832445
37615,16.04368674119411
37616,10.610952781617833
37617,18.25503625681044
37618,11.382736620753128
37619,13.032890631848707
37620,15.134662304435633
37621,15.82141536666327
37622,14.593753059435585
37623,15.12067215428642
37624,19.410582350236833
37625,13.06045045469446
37626,18.706955315395145
37627,14.69521578506388
37628,15.480633758715364
37629,19.719750456487724
37630,19.088784130869314
37631,11.759918551413756
37632,13.29342495041486
37633,15.003842084642258
37634,21.723873550854837
37635,21.28824994299584
37636,15.950159483425308
37637,15.293822284392224
37638,11.996015662109857
37639,16.178736186408262
37640,13.466806129195826
37641,14.849708507148929
37642,17.35771180930144
37643,12.576715158739546
37644,14.9867928576728
37645,12.062053944497968
37646,14.07364948788215
37647,15.714921281307731
37648,18.81851054637739
37649,18.489627796980116
37650,19.359468385472958
37651,19.752557088027416
37652,12.052738683043412
37653,14.09427959056827
37654,18.715833799635806
37655,16.38879377936613
37656,16.93849437620261
37657,15.112130152191963
37658,15.803639625222605
37659,19.39337304455911
37660,19.799970939957582
37661,10.489375437472775
37662,9.322335277551497
37663,14.352565085236257
37664,13.729732193515833
37665,12.22125710913339
37666,19.164171510568384
37667,20.236224971708097
37668,13.427804177504239
37669,11.315203773442887
37670,24.165713030703962
37671,10.582882130124696
37672,19.44731236259691
37673,15.352814201571585
37674,15.685092574661994
37675,15.792197633514604
37676,15.772177286106857
37677,16.59714172088158
37678,20.692353141749663
37679,14.095403147900026
37680,19.9350191816297
37681,16.892005437976977
37682,16.11994589703666
37683,19.76039431092238
37684,19.80581768189048
37685,12.894728963357192
37686,15.423890383510937
37687,17.122717852172926
37688,24.584212112104655
37689,14.572195342044164
37690,14.891294134239617
37691,12.109786669337971
37692,14.946501489268265
37693,18.903104981273586
37694,9.767576079833788
37695,11.841607963847853
37696,16.209561673369564
37697,10.031616715006319
37698,19.394183942194346
37699,19.738216055517206
37700,20.153708398702364
37701,21.99187973349196
37702,21.165564537191166
37703,19.19117693996141
37704,21.54272254099418
37705,15.382165551609276
37706,14.243850978397528
37707,13.699934545220968
37708,15.987465346115844
37709,14.951755976200841
37710,21.65572550062392
37711,12.79428581092305
37712,18.60759801410525
37713,14.383474228388131
37714,14.556026680348863
37715,13.398741830771527
37716,12.003402160597823
37717,13.882568676249313
37718,9.434511628166163
37719,13.218161893393493
37720,13.734620023730363
37721,15.496253873512817
37722,17.966796516668424
37723,15.000977791627038
37724,17.961165877210053
37725,12.477801265607969
37726,12.070059484318698
37727,17.69106830603547
37728,14.910244841308838
37729,12.250401860280856
37730,16.650687832590087
37731,10.820262879925265
37732,15.194730418183696
37733,17.01103077965012
37734,18.063085592699313
37735,22.266499961404758
37736,13.477551988452468
37737,15.344582418227514
37738,13.499126985169436
37739,15.351161147123682
37740,20.317561318332107
37741,9.329095322066703
37742,16.344582719360293
37743,15.760555669178995
37744,8.790902386008216
37745,17.43937472301767
37746,18.58170299757697
37747,11.722219863825801
37748,18.23082858440081
37749,16.978033303968555
37750,16.902348358274672
37751,21.945736562857494
37752,21.347541469874997
37753,15.44931685281071
37754,17.350933737950623
37755,22.537339934247747
37756,14.006400027420659
37757,13.885042788667153
37758,15.504414840263795
37759,14.860982095138919
37760,19.29894004173793
37761,11.21951051124761
37762,12.65621105293468
37763,12.957507380918033
37764,15.096184930402515
37765,13.372561366968672
37766,16.970951484125184
37767,15.10147522133829
37768,11.17269630953118
37769,13.893750849057682
37770,17.308621133067806
37771,14.982023586031566
37772,18.151957875853828
37773,11.820407266438794
37774,14.087361592043688
37775,13.804421660195217
37776,11.854428940092065
37777,16.133694766721984
37778,22.52642984092573
37779,21.272658888149913
37780,16.292750856292155
37781,19.083190429665045
37782,11.02821449712838
37783,12.704340173750445
37784,21.714682690442814
37785,15.008730146617623
37786,20.66641051495183
37787,14.810378876948725
37788,19.799832748437893
37789,15.542108880724182
37790,15.633980540693624
37791,17.316579006786856
37792,17.674992785328264
37793,14.272040984399434
37794,15.917123029964063
37795,9.403028400025429
37796,15.217446092157006
37797,14.329412253229044
37798,15.296755820634868
37799,10.926407953260647
37800,17.256304209179874
37801,14.706660701303903
37802,10.374146115279547
37803,11.186518133298115
37804,8.961141857780676
37805,15.150440926477637
37806,17.725649855895007
37807,17.177774705672732
37808,20.90379471162164
37809,18.018751536623185
37810,14.824735090415661
37811,14.190558535894368
37812,11.011910455685886
37813,11.249574466962338
37814,22.445590619568748
37815,19.502431330278455
37816,11.98407504578611
37817,16.364176287063668
37818,11.775316833804787
37819,12.18263820172795
37820,13.96414374387836
37821,21.014593213491146
37822,10.623217293931845
37823,23.329169228602048
37824,14.053736870984263
37825,14.802142989141164
37826,12.199974147777109
37827,13.771605853492323
37828,16.333498703681663
37829,23.253452566452115
37830,14.003168608711942
37831,20.77744009858114
37832,11.718858601953237
37833,24.235572639211323
37834,16.988393809390832
37835,18.309628122696143
37836,9.94378679013694
37837,13.07066520469264
37838,18.45166201938227
37839,13.035347009165694
37840,20.11725152727706
37841,12.147444976851428
37842,12.600030423436005
37843,14.48031882896828
37844,12.962915174905035
37845,20.244124184567944
37846,14.879438840441512
37847,19.28220802078169
37848,12.136146803257112
37849,20.78285182801572
37850,11.233348975972143
37851,19.00458369432193
37852,18.858462602761133
37853,20.504264500741428
37854,11.398029570521906
37855,19.2553294547001
37856,15.826963998393833
37857,14.842466986178394
37858,13.67934696006515
37859,19.877391337363306
37860,17.996256017732286
37861,17.74168616620572
37862,15.642962545507869
37863,11.502593584711288
37864,19.00522461323509
37865,17.152683554353704
37866,12.65496911481026
37867,13.422662825696316
37868,15.40661725850709
37869,15.78177262186746
37870,14.658759644920096
37871,15.42402671644206
37872,19.375089168944335
37873,16.060359309885815
37874,15.105475661334426
37875,21.03280359801147
37876,19.125254629805823
37877,13.508316585551597
37878,11.783521205871313
37879,19.253851417415028
37880,20.35286972855517
37881,18.49192204691128
37882,19.53516842884337
37883,16.09289382361076
37884,9.98447995547758
37885,15.16983571962192
37886,21.999491035002734
37887,11.521805597720682
37888,11.196473255024824
37889,11.665211711683444
37890,12.82815459191652
37891,23.083277235271808
37892,19.88274804435981
37893,17.586912162469737
37894,20.07295003256317
37895,16.22485986081122
37896,9.867589070555583
37897,17.04397991350956
37898,12.92890637074638
37899,18.937719723632263
37900,20.43906396748472
37901,10.702222801965982
37902,19.097574142693922
37903,18.806261403389193
37904,14.887202583259642
37905,11.997070250789012
37906,12.171137104315473
37907,19.391798976035204
37908,12.82560662696135
37909,15.674915170763889
37910,15.001564016648285
37911,16.39617896819018
37912,15.265754498279101
37913,16.501240734947476
37914,12.866617180986026
37915,8.855822970727349
37916,17.73848216192343
37917,18.423815223317494
37918,18.666319355157466
37919,13.454530198512641
37920,21.1211825587019
37921,19.25856557029876
37922,17.11194610093287
37923,18.17375333707515
37924,16.60590161984973
37925,10.267822758419186
37926,18.754523706320313
37927,9.561262776788515
37928,21.65698616670169
37929,11.638550674379953
37930,14.36195417030659
37931,14.411094751192257
37932,16.144555457200674
37933,13.064291180467329
37934,14.622254098090602
37935,10.75238569281048
37936,21.19788283048492
37937,14.411912421346095
37938,15.843409530100788
37939,17.13281709732256
37940,22.114624677761007
37941,14.224997900381815
37942,22.821398061030592
37943,11.516353409445292
37944,14.393147884840868
37945,13.15852777505227
37946,25.076801259202746
37947,16.75822315981321
37948,15.903803809203316
37949,12.788747941726555
37950,11.119416629827624
37951,15.21654767182359
37952,10.226880187055272
37953,14.115960355548003
37954,12.618717027563623
37955,14.159357658641738
37956,16.7475696084884
37957,20.289382021255328
37958,15.291550111044359
37959,17.906328361103238
37960,14.749336665460536
37961,15.011018657472572
37962,14.430454353027383
37963,22.10930601836241
37964,14.838776271275231
37965,15.088857640667191
37966,15.479358701303775
37967,12.501328658307148
37968,17.159788630306807
37969,20.17203499314806
37970,13.786297325965686
37971,17.670180898883142
37972,8.75119941732187
37973,22.028674332146338
37974,18.803784284047342
37975,21.131432749213502
37976,16.787155463078903
37977,18.45762465415755
37978,14.43268421273833
37979,14.981890858179007
37980,15.779455732304232
37981,20.085627184565112
37982,14.44241644424693
37983,11.237221351846195
37984,15.357925640323172
37985,11.430243195416343
37986,22.723736498749496
37987,10.713501227151571
37988,13.595250031709309
37989,17.354434876578882
37990,10.753982601937302
37991,12.636491828260773
37992,13.327013297929575
37993,10.593288569053989
37994,17.173111490974314
37995,11.73337616126248
37996,16.0730327433304
37997,18.713083557855214
37998,15.59773990585978
37999,12.426844578953768
38000,16.17088050330596
38001,20.361127071721768
38002,14.048451175422647
38003,17.882484712515144
38004,12.388031171485608
38005,19.667450342246163
38006,21.136426520208047
38007,18.01204546764676
38008,19.58027144567868
38009,13.603648456177734
38010,9.950948534925075
38011,24.77246529668482
38012,17.55029801958837
38013,16.19623474426885
38014,20.028010009145795
38015,9.885115203180318
38016,16.05397883517613
38017,17.33744124516894
38018,12.442900940028231
38019,15.639544017178984
38020,19.138103531874975
38021,14.930721579211417
38022,12.085498123940152
38023,17.956824527000233
38024,13.255648957929566
38025,18.701585153330996
38026,11.711848687499089
38027,14.186952908133673
38028,10.525175193132911
38029,21.684474300831745
38030,20.06348845642639
38031,18.681344393390496
38032,13.25846254320084
38033,12.027891526722668
38034,11.59749846624176
38035,20.305278972967873
38036,16.396499278893124
38037,16.065905902996118
38038,14.329512449810654
38039,11.249314870785916
38040,17.874822099597722
38041,11.323282464656678
38042,15.913522262880063
38043,17.537629248009658
38044,14.522736658805321
38045,10.148875163517856
38046,15.053242328330917
38047,15.40131323248507
38048,15.098004082583744
38049,11.481579166811908
38050,24.51627213259534
38051,13.948792946194192
38052,12.226552363487215
38053,13.143694414874005
38054,11.390913842535848
38055,18.642843825286327
38056,12.076324081180742
38057,13.835094650753222
38058,16.725663599474764
38059,15.811657334483165
38060,15.392231629386806
38061,18.020841853340833
38062,15.821070272389255
38063,11.03894592486105
38064,14.244280431352381
38065,15.855299053386574
38066,23.309120202698956
38067,14.087537879223106
38068,15.544138449050655
38069,14.254546743675725
38070,16.125449729265192
38071,18.532457713880827
38072,18.250266921584753
38073,16.302481206556898
38074,19.232569336158086
38075,14.189753442581534
38076,18.446595812922393
38077,18.267940915529866
38078,21.990576990375704
38079,11.896678352350799
38080,20.65785047699763
38081,21.02871856846819
38082,10.78027700478751
38083,14.223199696373579
38084,15.05707936774236
38085,25.89669619367475
38086,14.345723673872913
38087,10.116969814429286
38088,20.7165531458037
38089,17.47498073234518
38090,17.300176051156733
38091,17.898087669996833
38092,9.924298233501498
38093,21.485121670400076
38094,13.319612583196328
38095,13.53859042916794
38096,12.296976702295073
38097,13.190152125471418
38098,16.0184753265349
38099,18.06024396608018
38100,19.320902214269225
38101,13.139016982752977
38102,14.383664547142665
38103,13.753453820799564
38104,17.178381074426998
38105,16.4773641182642
38106,12.866343662271728
38107,13.31932765800478
38108,15.99801759881404
38109,11.270823143796644
38110,7.777985466448598
38111,10.28958411870429
38112,16.260936715021547
38113,16.941258779671088
38114,15.478258644519723
38115,16.908270021671115
38116,20.77194838516108
38117,14.655166198494896
38118,19.948331802413325
38119,15.87523506718323
38120,14.401363414412378
38121,15.702552831938917
38122,11.965582860091047
38123,15.550844392349445
38124,11.389877998904456
38125,17.93623248670358
38126,16.008969694249796
38127,14.416789164909304
38128,12.401261371017757
38129,8.643251048164686
38130,16.673842328333492
38131,17.65907582791774
38132,15.733386164231227
38133,16.32421889739345
38134,24.374447548191913
38135,9.22476315337803
38136,21.330761826374147
38137,9.378144522906357
38138,9.587347660020058
38139,22.67100736746309
38140,16.196651929012262
38141,19.029190210829228
38142,14.677625934497202
38143,19.52443650314885
38144,10.71136645627705
38145,24.326282892696167
38146,16.009496048697976
38147,11.44392735518947
38148,10.129192363301685
38149,14.12314446445069
38150,19.906558242535077
38151,14.478395822616369
38152,20.32641928965201
38153,22.907320434229383
38154,19.75162184825936
38155,23.678869666369224
38156,18.642488065321306
38157,13.100847584535149
38158,19.634812047766957
38159,15.458931596048377
38160,17.474617234859835
38161,14.408635281024821
38162,11.626096081405649
38163,16.93131166831295
38164,18.054455013488628
38165,17.508644398006602
38166,17.938177353428944
38167,18.89761136303327
38168,15.372901275273126
38169,14.038871954099779
38170,14.418692119945558
38171,17.45052653211469
38172,17.193945067218856
38173,16.590650374327332
38174,22.112914715047772
38175,11.11226550036482
38176,16.9758921163736
38177,17.087064505687877
38178,15.400051865876481
38179,21.252361403370394
38180,13.942680617661644
38181,17.439768920067284
38182,12.87649084270965
38183,15.996468005177602
38184,16.131670714315423
38185,10.572032179670627
38186,19.024049011462132
38187,20.27216266567052
38188,18.412878425505152
38189,18.819750035923033
38190,14.389946821293098
38191,18.29043412838829
38192,17.77629164007919
38193,20.944724431560804
38194,13.29040833923639
38195,13.92495236332717
38196,19.384124440198264
38197,14.101027314181763
38198,21.12948596083114
38199,14.353323087869363
38200,16.648006064131085
38201,17.511349902046227
38202,14.995819350734573
38203,22.04713361466857
38204,10.573025344186805
38205,22.949290439326393
38206,10.43510642386436
38207,19.576898966599042
38208,10.962788179303349
38209,11.834129558870934
38210,10.05817492912414
38211,8.241305593869614
38212,17.760489114657435
38213,18.60904943538808
38214,25.82846514101624
38215,16.576309847117507
38216,11.191255872139022
38217,12.143053083890322
38218,14.916438234891604
38219,7.031099408165845
38220,19.802188655536767
38221,19.830204974640946
38222,16.540855803307174
38223,17.28982373582587
38224,17.565556405216512
38225,16.023170669403257
38226,14.681565071445934
38227,15.432977211330932
38228,10.900864384994776
38229,9.139790856228126
38230,18.364673030335833
38231,14.662992729405243
38232,14.221369309406297
38233,15.932023387272645
38234,20.58965318022243
38235,16.302929149287845
38236,25.258419990020847
38237,16.69370966226763
38238,8.984500779531015
38239,15.312979271344345
38240,10.28955794253799
38241,7.757040850013156
38242,20.362430897865938
38243,13.637957511745274
38244,14.852053515262162
38245,13.09772180319951
38246,11.377633537823169
38247,16.159136732102585
38248,22.660810453921222
38249,19.89244374076859
38250,16.67198666844711
38251,14.287689533727708
38252,21.589657724371996
38253,18.549543969132095
38254,22.6863532183683
38255,20.903348547075858
38256,11.168491086837578
38257,15.696018102192971
38258,21.016681920593847
38259,18.55069572880128
38260,14.627182983485206
38261,20.149609194292864
38262,18.933652438510638
38263,19.697229797556425
38264,16.163368258585155
38265,13.351873619823394
38266,17.67019350551935
38267,21.382838495522545
38268,13.155049279003855
38269,16.16801568235636
38270,15.69664943887221
38271,17.003527692437046
38272,21.35611182640033
38273,13.60733130928149
38274,14.484259551447156
38275,15.001258150641723
38276,14.54621450736068
38277,21.515977546891925
38278,12.699118337503062
38279,13.279607840570357
38280,14.93313018022004
38281,11.965556613212119
38282,18.200094621177165
38283,17.678659431110066
38284,21.902645076846532
38285,10.934888105328017
38286,11.160722586280075
38287,17.030688830616175
38288,11.51161292995144
38289,13.781553182940485
38290,16.414041529210024
38291,18.679713089182385
38292,16.990433261306023
38293,15.097780188975003
38294,17.86843107013707
38295,12.623373797042575
38296,15.796323196563073
38297,11.369340359231396
38298,17.43638388536239
38299,19.46166925114455
38300,14.655295808648262
38301,16.083619998772203
38302,13.766493820833556
38303,17.045063375688557
38304,12.320370606566275
38305,7.958211401573503
38306,14.705549677999988
38307,13.838169919629689
38308,13.419399652389352
38309,22.50665111119995
38310,13.859880486698135
38311,12.691133176804671
38312,13.809877649108994
38313,19.158421609745773
38314,16.799426834325914
38315,13.27739484169805
38316,13.81803669933052
38317,16.891496047973405
38318,12.27136475670758
38319,11.855008043074998
38320,14.939300986142147
38321,16.696008131136338
38322,14.839459554267338
38323,21.69389912239385
38324,12.043793611420185
38325,14.853937055508082
38326,17.11104879832403
38327,22.363840604824034
38328,17.298755834978813
38329,23.520660578554697
38330,14.421190863274402
38331,13.445049449489847
38332,15.985774270752863
38333,20.3035788801244
38334,14.485526463495678
38335,20.778443596871686
38336,15.182000150851538
38337,11.994482415955057
38338,21.283683981352134
38339,16.960826458115307
38340,15.748275921444389
38341,15.223507944683789
38342,11.204487305906895
38343,21.261110181865877
38344,13.984917535791322
38345,26.203756607767215
38346,22.81941755010063
38347,14.720712250252767
38348,15.803069850278787
38349,12.001898400524421
38350,21.896211592739494
38351,20.923733210724006
38352,15.536227368372401
38353,15.925157728004177
38354,16.923619973369274
38355,21.35503752504961
38356,12.848060998703374
38357,11.896235105337741
38358,15.42429410071662
38359,14.861300216688722
38360,24.84512165512428
38361,18.076635420526028
38362,15.25431547347111
38363,16.642646542922762
38364,15.212250606588924
38365,10.589306227173937
38366,23.10766834139846
38367,8.834618051436808
38368,17.832599820684294
38369,10.807870822959819
38370,17.535256140104202
38371,11.546746242138333
38372,14.363565849935604
38373,19.924631710344634
38374,15.358005725565523
38375,14.149771575707089
38376,12.904983436563642
38377,15.062749965970049
38378,12.952310997646485
38379,17.027208509460056
38380,11.008618117677507
38381,10.777204331072983
38382,14.439107547646636
38383,22.607782413957842
38384,17.837533833687644
38385,20.708820044373944
38386,16.77047564977817
38387,14.682122891527664
38388,15.779059361136927
38389,13.233144162459137
38390,16.50024501241805
38391,17.865259603720396
38392,14.748354580152487
38393,20.329027663169036
38394,15.558419167506468
38395,17.38638487741946
38396,13.313280246467656
38397,11.909388797049008
38398,16.768988418355733
38399,10.916201471119606
38400,11.896399656036216
38401,14.25692875618898
38402,9.77155149319043
38403,18.631156294854726
38404,13.982797273356589
38405,15.517117093339003
38406,17.20724689303385
38407,21.97447411283349
38408,18.150050475319496
38409,19.73618431196485
38410,17.406372989512754
38411,21.253265360700162
38412,16.82440355511759
38413,23.79102138546235
38414,22.676182008985336
38415,17.381973779783912
38416,22.773183748469574
38417,16.08543032489386
38418,21.944456039942192
38419,14.177782001139125
38420,13.861129189834688
38421,9.299785139444054
38422,16.74500469937005
38423,18.57370871337008
38424,15.14071077157786
38425,16.457525925263177
38426,12.974005516590477
38427,18.86064559661532
38428,15.316055126136888
38429,18.41488412811205
38430,20.351250164552226
38431,15.757839324381083
38432,13.859811155430716
38433,16.656053898019444
38434,16.62281036793402
38435,15.88352309609581
38436,14.14810734045777
38437,22.37205605156059
38438,20.14704800511408
38439,15.294004954512598
38440,15.615362894441628
38441,14.946151011007569
38442,12.065451196899286
38443,15.09211433018347
38444,12.962276821817381
38445,17.969161440702777
38446,20.212672527279732
38447,22.337199826517608
38448,15.908340569283492
38449,17.237046844881778
38450,10.735065261411423
38451,12.639790268503713
38452,10.784473188935106
38453,10.788953570787982
38454,21.437898037453394
38455,13.08234575771974
38456,16.384899349839174
38457,16.49161273698937
38458,12.443382771082156
38459,16.028088597665924
38460,11.26348795919157
38461,15.802769638928272
38462,16.17077485310244
38463,17.629864790469746
38464,15.434323591347468
38465,15.049692494028026
38466,12.350245256791464
38467,21.801027713846008
38468,14.871704030924281
38469,11.877429720416888
38470,16.892778653688126
38471,19.178479331536465
38472,16.261352893209416
38473,14.808691057030206
38474,10.776312661069165
38475,19.657148669189084
38476,15.79874422389247
38477,16.210776463461404
38478,15.984592085524115
38479,14.346074651309499
38480,15.013589622674434
38481,16.365426668261062
38482,12.840301941587622
38483,18.490252804818756
38484,14.175997841981545
38485,11.698232070706181
38486,15.337137809049555
38487,11.414433344887774
38488,20.967919521520017
38489,10.447578350621722
38490,18.216327558456793
38491,12.64716913980152
38492,16.722090740531186
38493,16.385417241726753
38494,14.288034683696122
38495,12.205742725727196
38496,13.805914967282025
38497,18.133546670868586
38498,16.862529885998537
38499,10.159946384511144
38500,17.764440109192044
38501,8.505085092537026
38502,8.474532195971973
38503,18.84335547577669
38504,10.528814454131268
38505,15.710909280648288
38506,15.552058953703657
38507,19.415660466799615
38508,17.192646440193094
38509,11.165477167826598
38510,15.157518056062242
38511,20.720745225829305
38512,14.529892582127804
38513,12.978680932907324
38514,18.563267047789864
38515,11.786894571690098
38516,16.28398571108798
38517,9.892918312502427
38518,16.85522110339253
38519,17.177230317684547
38520,23.00283644971825
38521,20.04339794474081
38522,12.335977654387964
38523,12.59994899683089
38524,19.95483949129061
38525,15.105753320022016
38526,16.82816041787946
38527,12.284724304792864
38528,15.15142304777566
38529,14.81577647576178
38530,16.80107475392515
38531,8.639437207064436
38532,16.018824606196127
38533,11.828819238354672
38534,20.4873730343843
38535,8.606566198929059
38536,10.596061163162208
38537,11.065276107509183
38538,18.206753609581664
38539,18.723561354945733
38540,12.53761609253505
38541,20.21833133101618
38542,16.250602477989148
38543,20.539632711466627
38544,13.247643765192997
38545,11.726118196310878
38546,13.19906567506721
38547,16.671134770100608
38548,10.339661832227046
38549,17.153772308231282
38550,13.5134469447821
38551,17.931536117104372
38552,13.403517625320784
38553,11.384026665664715
38554,8.780845964274956
38555,17.41037552497169
38556,16.03236626349196
38557,19.998646965865497
38558,11.999991952054472
38559,17.241797151150294
38560,15.74480347189216
38561,12.505335948763328
38562,11.951920293663846
38563,20.958369343899783
38564,12.91420791254859
38565,14.180304294169598
38566,22.324822052632285
38567,19.712480536390732
38568,9.240969582337396
38569,13.172989525068317
38570,17.2824563222169
38571,11.146624518277319
38572,16.998065133571153
38573,22.426713732761158
38574,14.753432912789162
38575,15.07683566185992
38576,17.229534455011894
38577,18.143989253945243
38578,13.64990161073597
38579,17.214896682645122
38580,18.581544503532392
38581,10.613171373527308
38582,17.483022017770185
38583,15.347019529694826
38584,20.634412430776184
38585,15.31049141984537
38586,14.011306420229296
38587,10.629823492699195
38588,13.228344372444088
38589,14.256673704851597
38590,13.089073427917487
38591,16.67359145934266
38592,8.105494476040155
38593,12.47222303370636
38594,16.66947369405618
38595,14.939725826593946
38596,10.353891296624305
38597,13.116954468311842
38598,16.21973717824331
38599,12.85838537360847
38600,14.670802442120694
38601,17.930627354518503
38602,16.840762961502403
38603,12.080020460243222
38604,14.19899747131552
38605,18.889559197460194
38606,18.040241829336196
38607,11.558849615175536
38608,12.260292221011486
38609,16.095330497436493
38610,15.71904248579755
38611,13.528823732677779
38612,12.649125025652559
38613,13.19155347543854
38614,20.029190444456766
38615,12.512172207143685
38616,14.540444071602558
38617,13.93959978083473
38618,11.830448199926884
38619,20.255016165817437
38620,15.76094902919662
38621,14.40090789914882
38622,16.427369233929667
38623,18.427085226854352
38624,15.569592974627275
38625,16.145804786602874
38626,12.195658782650252
38627,14.763076963659122
38628,12.882122789569365
38629,21.004422942693232
38630,17.30711113240657
38631,13.916718213291468
38632,14.275727399560118
38633,16.154894698891827
38634,18.84405832377672
38635,16.172059634000643
38636,19.815125504399877
38637,5.334307619763191
38638,10.745647917301216
38639,20.944783427634633
38640,15.976802200045178
38641,9.50043976119386
38642,11.90528061681689
38643,16.68760328461903
38644,14.216431078335923
38645,16.003004049677365
38646,11.581602126097723
38647,16.228335729006577
38648,12.11370297958659
38649,13.605991149183703
38650,17.660497331369612
38651,16.234117026807624
38652,14.825484216364169
38653,12.485290577235425
38654,14.126645278177817
38655,21.48792790527489
38656,14.162596755788051
38657,10.787316143510452
38658,10.386270429173727
38659,12.726130137508527
38660,12.983305733441501
38661,14.818028620466336
38662,18.838504079304588
38663,8.791807599705999
38664,18.02051736098096
38665,11.24368381104332
38666,14.342531587938343
38667,12.022937094615475
38668,21.25099838450083
38669,14.778975136228345
38670,18.21517187050117
38671,12.799299188092156
38672,18.91710403412624
38673,16.901440088745087
38674,14.95571495377027
38675,17.56162174942813
38676,25.719970922439153
38677,12.196051585893244
38678,10.988807309399554
38679,12.469982273475175
38680,21.532763716092425
38681,14.289252332778084
38682,16.815639800762355
38683,18.865693175700585
38684,16.168003549858657
38685,16.216177510884204
38686,14.625992741817814
38687,19.40838594828872
38688,14.676401855998495
38689,14.259520720180557
38690,20.128575005483235
38691,11.708829951535721
38692,17.571298079344565
38693,13.480198283119888
38694,12.767860124065344
38695,18.32780729367846
38696,14.59514715260468
38697,14.270552007544797
38698,18.674638446954894
38699,15.319795640895354
38700,14.019497255312718
38701,19.50576652068086
38702,15.21538111154527
38703,13.424983617208106
38704,18.424116032520804
38705,18.70388391873647
38706,13.589894947172628
38707,12.864486892004642
38708,14.719711403623801
38709,14.536565810060306
38710,10.59525803759514
38711,16.321576639861785
38712,18.13076918010662
38713,18.198748266042976
38714,14.655380441953287
38715,16.187531343838174
38716,12.804185982679796
38717,17.03545516548298
38718,14.291366942399987
38719,12.712807231019465
38720,17.58858035917161
38721,9.151358815352777
38722,20.845864392588634
38723,17.517281423834078
38724,17.28146541233477
38725,24.221710105382662
38726,21.166815148408663
38727,12.501955497096025
38728,11.571456929733499
38729,20.75654089898397
38730,13.167923080983973
38731,12.564037425065205
38732,18.458515410726793
38733,11.539913281158618
38734,16.21949876387115
38735,17.974609867583524
38736,16.326028472668092
38737,13.864014645938447
38738,20.43736381315005
38739,14.134068556837187
38740,11.549716390293824
38741,18.714074993842566
38742,15.100167892213548
38743,17.686995055295952
38744,8.437076417466407
38745,19.479655365007225
38746,17.72667223730587
38747,19.72928747823014
38748,13.320668960626666
38749,15.183451683419221
38750,11.072749235948494
38751,13.698266182722396
38752,21.54773868133072
38753,18.143133621230906
38754,9.257188380075698
38755,11.34843919444744
38756,15.603184053251901
38757,16.162989671198915
38758,17.87588725466459
38759,13.134214264328543
38760,19.06905719971921
38761,8.325298424107153
38762,21.577590185773126
38763,19.47347298910799
38764,14.316574277546817
38765,17.817398906761277
38766,12.250362857327735
38767,14.2291055701999
38768,13.039843848130072
38769,16.534908691797774
38770,15.733180622512384
38771,18.601144071248083
38772,20.83972095257863
38773,19.00373111682721
38774,19.18621846238158
38775,12.02181574029079
38776,11.533209478178959
38777,14.441709548264495
38778,16.883924015756087
38779,15.562948782870864
38780,18.129270137955288
38781,13.303481749834496
38782,12.784329454266327
38783,14.876389480880178
38784,9.802415075360717
38785,11.470670730104896
38786,18.474036968339774
38787,10.256726678590068
38788,12.837003589033841
38789,19.340864969888163
38790,17.59914561594691
38791,15.779933064865595
38792,19.33921763542984
38793,15.529642740985349
38794,13.080565158121386
38795,16.59231760966584
38796,22.267168938278587
38797,12.838093791424576
38798,15.707688136430814
38799,19.85519302898624
38800,17.938701571163687
38801,17.508470317712504
38802,14.551985553185071
38803,18.25553515033021
38804,13.138462266637545
38805,12.739675501827202
38806,14.529774784652844
38807,17.561487335867945
38808,15.448751555826014
38809,15.54336958005378
38810,17.23802891298564
38811,13.5474907467277
38812,13.872002712266944
38813,13.407956582813913
38814,21.807633950790503
38815,15.985111531993404
38816,16.706047316111757
38817,10.999546233136702
38818,23.475584276397825
38819,12.35407310098853
38820,12.193504333984912
38821,14.110954896880372
38822,15.837656292214842
38823,15.70928424952067
38824,20.890714023495363
38825,13.190592498247131
38826,22.27582562422003
38827,13.80816053396767
38828,8.75844513516509
38829,11.007553854787577
38830,11.275241284765364
38831,16.972778364920885
38832,18.80365962387681
38833,15.80650297220339
38834,19.125418492747244
38835,14.759295803275753
38836,13.052697367422514
38837,21.544779289274693
38838,20.5190517975689
38839,13.186639243249843
38840,22.020648742449936
38841,12.184223326958874
38842,15.605121818999558
38843,14.428385781323353
38844,15.326801729438472
38845,16.174416622407122
38846,15.874622997835132
38847,11.688231371628426
38848,18.19472868117915
38849,19.120951198781285
38850,18.821775598053573
38851,15.457008192595087
38852,9.783196104875762
38853,15.247211598179316
38854,17.558722101349097
38855,15.349308502116848
38856,15.029244686643453
38857,24.84530760563842
38858,10.727182516327272
38859,21.326887147095658
38860,16.9557224486827
38861,18.87084025132895
38862,13.849200851505849
38863,21.85076077116092
38864,12.337364487799144
38865,17.40593710689402
38866,10.176311127260764
38867,9.236344551382222
38868,10.691190003473384
38869,14.803917401951136
38870,18.373984399536795
38871,14.76148673225302
38872,12.90162850488247
38873,14.553078950273957
38874,14.751636893686861
38875,14.792108214608891
38876,22.15464390268592
38877,14.751584266743421
38878,16.31462692606993
38879,10.838624070740181
38880,9.942986036700354
38881,14.033802656425745
38882,18.306821035999775
38883,17.076058254778303
38884,17.268752021490005
38885,14.517916466343724
38886,18.534006104857017
38887,18.99558983283229
38888,13.96240419402998
38889,11.10552098909277
38890,21.444778591200564
38891,14.97940015677292
38892,13.23084268212012
38893,22.5758619960369
38894,16.76327530778894
38895,13.07942249545004
38896,20.420055108364
38897,13.346668638032213
38898,13.142171535481122
38899,19.800734762199113
38900,16.94302264253362
38901,20.440100868967463
38902,15.033825427590953
38903,14.59012688966375
38904,13.363436019119115
38905,13.325587993785629
38906,21.31703727003172
38907,16.21905036289658
38908,15.574876322765464
38909,21.249695033899478
38910,14.503032934630417
38911,15.90590056031677
38912,15.026553389844874
38913,14.663481037292076
38914,9.46085090043661
38915,14.728109216414865
38916,15.742990784903022
38917,13.983774995263474
38918,18.11897058550361
38919,13.286645975958862
38920,21.174125438647778
38921,13.160575592297029
38922,13.798418234890898
38923,13.457396135897099
38924,18.629090314640006
38925,9.206835362455362
38926,18.38066924827818
38927,15.548845506404808
38928,17.410717843214023
38929,12.608873222168157
38930,14.92161069700438
38931,20.167277157999216
38932,18.113558928115232
38933,10.11496219824236
38934,14.681760931008348
38935,15.288740997285386
38936,19.34847693975084
38937,16.207806444855326
38938,15.363375067615769
38939,21.365393666241854
38940,14.420228584306948
38941,15.193612434929971
38942,24.470581765641235
38943,14.550983501181268
38944,13.432531294158244
38945,18.969378422475426
38946,13.200289664310846
38947,13.24524075980397
38948,20.83418447659845
38949,11.892391354576132
38950,9.881170495555171
38951,17.089378294332374
38952,14.95851898971582
38953,15.088269495471412
38954,8.378685761452406
38955,14.035672494041195
38956,20.335696999625945
38957,17.349371521435508
38958,15.053298016259946
38959,13.514418841814422
38960,12.681068997107612
38961,11.776416361571748
38962,20.2648358347341
38963,16.195602847546073
38964,14.616143719541338
38965,11.042642886851839
38966,15.158992150017529
38967,12.915861658835421
38968,17.64771015255157
38969,16.07890831052316
38970,21.059615420768008
38971,16.175103779767824
38972,14.937290089556917
38973,13.78356885433876
38974,15.81719398948513
38975,14.478946892661005
38976,18.046201415612522
38977,13.461855561174819
38978,11.508565501592432
38979,14.17061172794277
38980,15.653977840018756
38981,9.295732226001178
38982,16.33055447038758
38983,17.59249616484724
38984,13.985953318970202
38985,12.177258046414277
38986,11.420101400962288
38987,18.739044165380236
38988,15.893314449944192
38989,15.561568542868393
38990,12.092353422817261
38991,17.652835402609405
38992,22.9497648186166
38993,20.859202935023696
38994,14.440377597929487
38995,13.076067466398275
38996,16.4519804772826
38997,14.011566345400873
38998,17.337659281795236
38999,12.84764133749595
39000,17.10933679241515
39001,12.34195598552413
39002,15.362980722541742
39003,15.387778907385067
39004,13.592132732633303
39005,15.344157661924484
39006,11.702379901151186
39007,8.725371517213825
39008,16.653080928328116
39009,18.310284853327026
39010,21.95037037041569
39011,14.07071389282613
39012,16.308468498041044
39013,20.36558887990133
39014,14.738066137115267
39015,9.954359204041241
39016,19.799051250696316
39017,19.742577940948692
39018,18.167207599043387
39019,17.097489870986287
39020,19.87928112791778
39021,14.968667274333987
39022,15.813090507886617
39023,14.724408535903915
39024,13.979052345856228
39025,20.221435018213384
39026,17.00594025813274
39027,22.259047841101427
39028,19.346270842679715
39029,20.585648284747023
39030,23.04492251910925
39031,16.043518490075215
39032,15.288907435335833
39033,16.678084398864513
39034,14.682683954116747
39035,11.102446427082237
39036,15.387726888027782
39037,22.650223253150703
39038,10.516885211966493
39039,16.164940334910256
39040,12.539283316867518
39041,14.207319001898924
39042,15.991957924373203
39043,16.83472248360955
39044,17.65979540287262
39045,14.610059019221254
39046,19.17045605989158
39047,18.744697599378455
39048,13.052881554847986
39049,12.153202529373665
39050,14.967914618001723
39051,18.164687964320038
39052,6.4771081805604025
39053,19.903168840639413
39054,13.05990152763526
39055,19.40492313606431
39056,18.278461122223355
39057,13.294657352133811
39058,8.98500516274036
39059,17.20487061455485
39060,15.799328330182247
39061,14.306178995378705
39062,14.149463240816385
39063,11.664010793009481
39064,16.01030052331382
39065,13.975291008648611
39066,15.44679007745145
39067,14.077419314061206
39068,16.45819823262346
39069,10.01895173660244
39070,16.944916961773053
39071,13.712692259150801
39072,10.997488573061343
39073,14.595460353341831
39074,13.249690822263169
39075,13.736774665685783
39076,20.18336644583102
39077,18.218871800653204
39078,22.140446916673923
39079,18.016546423833628
39080,22.895126082170332
39081,17.040570896409662
39082,13.334176225520277
39083,17.46349275078174
39084,12.178173960453114
39085,15.193228989568965
39086,12.51829546565029
39087,14.72756787433272
39088,17.801109414768565
39089,11.418383646621876
39090,11.953857540728917
39091,11.357293497307602
39092,11.560191500991003
39093,13.775386260372994
39094,20.028812699880756
39095,15.696483703038083
39096,17.005373440200636
39097,20.067800313714727
39098,19.440391247204317
39099,14.261657931671696
39100,18.49390539357018
39101,13.15316222182818
39102,12.52706254460352
39103,17.620770811334566
39104,15.104609295047771
39105,11.484584081551866
39106,16.023437661291563
39107,15.616458086380534
39108,16.731359109428453
39109,14.591998612944224
39110,22.30728652063181
39111,15.441599441945552
39112,17.838996126678843
39113,17.48494900868931
39114,14.138169140968069
39115,14.239324581560226
39116,17.53484955424744
39117,15.726683669855184
39118,16.765903457619306
39119,18.065989022678693
39120,13.986570542728746
39121,9.868538834151522
39122,9.519315952906414
39123,18.728638552985046
39124,18.515434605570505
39125,14.314114358618301
39126,18.518985250787832
39127,14.780855960145464
39128,10.35321078715086
39129,14.077468803308161
39130,17.684089673112787
39131,15.312845571465578
39132,13.184418442035604
39133,17.231660375354288
39134,16.503863059316853
39135,19.954405865974458
39136,13.70336168475971
39137,23.3666228549936
39138,15.516183363874825
39139,22.321270447154564
39140,18.195047217409474
39141,15.259616841722732
39142,18.37639108125829
39143,16.482820367517654
39144,17.547587403443558
39145,16.23118753377668
39146,13.542918762146343
39147,10.572845254118995
39148,10.988151687052653
39149,10.601354526183618
39150,17.048762540837178
39151,12.506615553918417
39152,14.208129325199632
39153,13.739663319906345
39154,11.820835424285532
39155,14.52940159523937
39156,13.0354916842791
39157,8.965255954669704
39158,12.965432105491065
39159,9.328399163122873
39160,16.199274039187117
39161,17.772446202203938
39162,16.356140351730584
39163,19.18974226785629
39164,9.10831210427576
39165,5.863428688809074
39166,16.176246695146354
39167,9.006889784033351
39168,12.024233557953197
39169,16.096209072205127
39170,11.571550290856283
39171,16.506075392214072
39172,22.719746846760493
39173,20.422206916929426
39174,16.987129619045415
39175,14.168479166545124
39176,14.873052571176032
39177,16.662985762964034
39178,15.639241579456034
39179,19.743997032157118
39180,15.673941870936197
39181,16.323599667177028
39182,13.956469587371163
39183,12.282654927905693
39184,12.26740854612704
39185,8.87150931915386
39186,15.787502242753364
39187,13.447224477917725
39188,14.565692059968644
39189,11.231914104767633
39190,11.342586458752937
39191,17.490219419865323
39192,14.875741527430506
39193,10.880690157027868
39194,15.120852705158807
39195,16.35552953042738
39196,14.845487423746885
39197,18.97057847899461
39198,15.983623935782383
39199,15.86685097520524
39200,21.438469877702843
39201,12.198515792268829
39202,12.121064792524983
39203,20.20707371964229
39204,21.834351533079342
39205,16.619327853959106
39206,18.286824143500862
39207,16.842767897315873
39208,12.194823819978877
39209,19.95467669638657
39210,21.561403560645193
39211,14.96501240275709
39212,15.752280958347708
39213,16.2873379273321
39214,25.15303951823356
39215,18.949945781890285
39216,14.22646565458913
39217,8.85057927653352
39218,15.480149033801638
39219,10.075510000787336
39220,20.66524328817614
39221,14.96076440552617
39222,14.50326338830774
39223,19.734918917803252
39224,18.464050925122763
39225,11.261621801396398
39226,14.093085549410109
39227,14.252403183455137
39228,20.474325760080944
39229,14.365828778983538
39230,22.725354871313748
39231,15.790405989845828
39232,21.747912356605582
39233,14.976626593845243
39234,16.534799312860883
39235,13.306934854519813
39236,16.135027420179696
39237,18.764701551295772
39238,17.219227605859622
39239,14.55514980927122
39240,10.737628952767064
39241,10.456457802935155
39242,10.437817590450413
39243,11.150428113902578
39244,16.515164629766446
39245,20.870605863101204
39246,13.460461208895689
39247,19.20914742778354
39248,15.087638968907118
39249,21.010662275750985
39250,16.208076656026616
39251,12.629986475178761
39252,17.489142564235905
39253,15.887170292469346
39254,14.90844173605201
39255,18.352961415000852
39256,15.744006824646666
39257,13.38939765391773
39258,16.59684469490615
39259,12.242454415461161
39260,13.683639208755976
39261,16.48497139008078
39262,15.174631817483506
39263,19.213858371564374
39264,8.43069121462345
39265,13.91822597888621
39266,17.0781744538591
39267,19.717818663052157
39268,12.867457558098813
39269,14.6287817392327
39270,19.33957553008378
39271,18.019276374068422
39272,15.676328197283569
39273,18.85090458805164
39274,17.425201118960885
39275,17.63490651894648
39276,14.85708347172083
39277,17.0594181525274
39278,21.119306561613584
39279,15.15414080534012
39280,22.521593980392232
39281,12.297801929568722
39282,12.608844519889606
39283,11.548684632281072
39284,18.166689958792727
39285,23.101205723863956
39286,11.823573391684343
39287,10.554027933498746
39288,17.914306752118407
39289,13.38963505824844
39290,17.532072468101497
39291,21.760370743094512
39292,14.151763075604755
39293,13.813068387618992
39294,14.645442797764181
39295,19.82852121795098
39296,14.55518278695081
39297,13.534921856013053
39298,14.070982850816534
39299,16.42905045711224
39300,15.375481594854659
39301,11.735536569392877
39302,12.014366552277307
39303,11.81696750739756
39304,11.034086168300835
39305,14.431486721970558
39306,11.562225807147676
39307,18.2963109202028
39308,14.302153972553732
39309,10.575556469864843
39310,17.704972370765972
39311,16.239549273364723
39312,15.64626053008589
39313,22.28343699016071
39314,21.218225784863318
39315,17.892832784188354
39316,21.17921710637339
39317,11.610715091703739
39318,16.080898518236637
39319,21.196391994005612
39320,9.517419029625389
39321,15.018517178734522
39322,17.819699827290833
39323,18.267180033342612
39324,19.57206739632554
39325,21.08887825482449
39326,16.59323324448604
39327,12.675428223738876
39328,10.086580588628788
39329,15.986909867961964
39330,12.7918435258502
39331,6.9984746006236795
39332,16.346424741009457
39333,18.052453681400394
39334,18.237730010078423
39335,15.662007795993608
39336,14.287476058750055
39337,14.541485457356409
39338,11.303531906206885
39339,14.990245382765167
39340,11.997982073984982
39341,13.386852854589112
39342,10.435414468283952
39343,11.41177732827318
39344,12.931277239216438
39345,22.342894241404505
39346,11.964036892075852
39347,19.443034339122615
39348,14.943390228493818
39349,17.51584762618626
39350,15.505534989176823
39351,13.287942437907864
39352,14.695349751717671
39353,20.696655475984485
39354,13.216630631473693
39355,15.372521989895816
39356,17.539084858208028
39357,16.9257928968232
39358,12.917361955652098
39359,12.49161475454046
39360,14.012139809529845
39361,16.63021414936555
39362,20.510589075294355
39363,9.139840757266569
39364,15.30676498772554
39365,16.548611787051318
39366,11.348798952132391
39367,21.05416212611555
39368,14.008612899174413
39369,15.04331262812692
39370,18.625876615811812
39371,15.67247608307001
39372,15.935337103885836
39373,18.259988557558216
39374,13.78025807295013
39375,18.72694582183678
39376,20.414802240185857
39377,12.82349407411693
39378,13.28322911017494
39379,15.283101982340781
39380,16.195679942068164
39381,14.711812287685422
39382,16.983132124789055
39383,14.235599594736694
39384,13.850066814989301
39385,13.88769599597219
39386,9.25889311487984
39387,14.219658194931961
39388,16.669358204279547
39389,13.138157936668678
39390,20.326718872317617
39391,12.24955383109507
39392,16.738924909206457
39393,16.420655125129315
39394,15.756685784538696
39395,15.89919285593574
39396,19.881103449221985
39397,21.73511855912045
39398,13.78237237579524
39399,19.03412665107891
39400,14.73660288233189
39401,22.53279019284534
39402,9.279504571247589
39403,21.695189763762265
39404,13.553842553706293
39405,13.737761349570405
39406,14.703041344512478
39407,12.631592383601063
39408,20.313908082778692
39409,19.69898505142549
39410,17.38309808021789
39411,10.442699989942183
39412,12.350233614259407
39413,24.768117766426855
39414,9.116037588033658
39415,13.086805022814318
39416,17.13689113979516
39417,18.177968405427215
39418,16.6613600935809
39419,16.01669949932606
39420,16.041181191270905
39421,19.131914470772692
39422,16.550154113186494
39423,8.209580043156375
39424,11.45242678566282
39425,14.14149154503183
39426,14.764554264381644
39427,11.869157064781845
39428,13.439632277365975
39429,17.96316736805774
39430,9.775859535118794
39431,17.344807232715866
39432,10.004757557841312
39433,20.953954417514026
39434,10.211637375804207
39435,15.859626197102543
39436,17.805706795098246
39437,14.14610142374904
39438,14.10488307077494
39439,13.408585591440573
39440,18.02799566720788
39441,16.57875534204325
39442,11.910713554729373
39443,13.520312618990477
39444,21.497107569305257
39445,11.544741096210302
39446,11.164540057263338
39447,14.76907721680173
39448,11.898457266324606
39449,16.97047194228071
39450,13.247787413428092
39451,13.80636521834938
39452,11.769386048148093
39453,16.918969581234983
39454,21.15169141293282
39455,13.910978830440492
39456,10.526263764734324
39457,17.518614355669158
39458,19.022798236572342
39459,8.581612633466536
39460,8.754802487129577
39461,13.123686607041257
39462,16.589844047243293
39463,10.74478596001174
39464,17.135550091228538
39465,16.554450009856907
39466,19.282981006701753
39467,14.43436235308123
39468,18.94702404417107
39469,16.413088799938993
39470,16.40773546857514
39471,17.215448896242165
39472,14.378624327092176
39473,11.873380236837516
39474,16.781043968909124
39475,11.328380415123192
39476,16.878910976906415
39477,13.468258817352872
39478,12.564945813020916
39479,12.217786950100002
39480,9.594185876789258
39481,16.757824257511523
39482,14.898568654076968
39483,18.77183058777684
39484,14.0405197258149
39485,10.446508077235746
39486,15.357600677046424
39487,9.611500198692402
39488,20.680312361657677
39489,11.717296477042947
39490,18.78880776984647
39491,9.6557603916914
39492,16.245144300989935
39493,22.832689777099965
39494,20.468160649893072
39495,12.070412555525635
39496,23.464398038316187
39497,13.61365127064759
39498,17.08222907479582
39499,10.412810608993086
39500,18.39848776818601
39501,19.18412888449696
39502,14.083613165001708
39503,14.918530805908139
39504,17.557561123930753
39505,10.752271717267513
39506,19.948775777900735
39507,10.32671230224036
39508,14.347704994017992
39509,17.923113888103952
39510,14.516923580279098
39511,14.432525047846678
39512,20.135714810787704
39513,20.10048200635402
39514,21.45113389091037
39515,8.135860741765876
39516,18.968932994555757
39517,10.928361331693836
39518,17.604696813259203
39519,12.470787887182881
39520,18.843955735264217
39521,17.171935120840974
39522,14.597214994813294
39523,18.241191655730027
39524,13.06088265671389
39525,14.018973843243359
39526,19.314774784357514
39527,12.885533673987997
39528,17.391403269458355
39529,21.742056402044383
39530,14.829392059184823
39531,17.399177030841848
39532,17.5656797131037
39533,16.61291769979669
39534,18.671187516298865
39535,10.50501322328736
39536,23.038635566018343
39537,20.189075932005927
39538,11.293686446559196
39539,13.867306159798423
39540,21.343301355068192
39541,15.169998060766485
39542,13.83396872240602
39543,14.63860850963115
39544,18.157482182553284
39545,16.307975926692002
39546,14.005802227022206
39547,17.26348968354602
39548,13.790342029353074
39549,11.706651604438658
39550,18.51404952977624
39551,13.839215878183886
39552,16.633919403662638
39553,9.423655018906707
39554,14.84116171994522
39555,14.820628583942597
39556,15.559321362855542
39557,12.133754951945967
39558,19.284682605103065
39559,15.82266419094998
39560,16.711453982409626
39561,13.068700258876753
39562,12.198070216518135
39563,19.68137904338821
39564,11.732225595219578
39565,12.503039483878332
39566,13.928344988580466
39567,9.895288703673575
39568,15.333183032908376
39569,13.079774014304384
39570,13.772895778005772
39571,16.227805126357588
39572,9.822039679733496
39573,18.085184195131852
39574,11.704435949790788
39575,12.436191450293043
39576,18.788763070633486
39577,15.813884226268577
39578,20.720155497313527
39579,11.258548736246214
39580,15.235807211643369
39581,11.820439547766881
39582,24.20625129849894
39583,17.101123959238425
39584,12.153353338165772
39585,18.3867105700313
39586,17.325150273558787
39587,17.556024473156327
39588,13.984509709303243
39589,16.98323175738247
39590,9.735322844132416
39591,20.12046718678271
39592,8.392784010081687
39593,15.070146670949907
39594,22.582390226017367
39595,15.48896491855281
39596,10.324969943807588
39597,15.240092481069047
39598,9.132580345165056
39599,11.818757223789886
39600,15.562634449804854
39601,24.367810103881173
39602,14.277734328677028
39603,16.0226139400835
39604,16.06323897509156
39605,10.407435049261437
39606,15.5925341374632
39607,14.235310484511281
39608,12.83651134000462
39609,20.75588265386119
39610,13.760182628748359
39611,18.276095366848605
39612,16.534761732256015
39613,18.52864048431522
39614,14.002586362170367
39615,13.219319201666426
39616,15.182514904830052
39617,12.322408202293555
39618,12.116469539430028
39619,15.130550852799196
39620,11.776894217102456
39621,13.109095170302457
39622,15.53359276056343
39623,12.84282189829851
39624,14.240125090140914
39625,19.09319404730517
39626,14.813364630853139
39627,8.030206684531226
39628,13.64019080043725
39629,15.54891862759128
39630,17.923820771947828
39631,15.66653297903021
39632,21.584915645610387
39633,13.884338064724108
39634,11.697863285831431
39635,21.690193103443146
39636,18.659413655406162
39637,15.288921767527437
39638,10.071254860272525
39639,14.97054021267973
39640,17.928156952983908
39641,21.257292240713767
39642,13.733960600890693
39643,12.44399780233272
39644,18.312158681979177
39645,14.723406353860483
39646,16.60598467023778
39647,21.323966300241075
39648,12.656172932039972
39649,19.797697650972022
39650,16.961639835357634
39651,16.1556804749896
39652,13.802955288219492
39653,15.759190515233362
39654,17.91490154407657
39655,16.20725539197869
39656,12.207751969303507
39657,13.319051967717064
39658,13.293743480172282
39659,13.045902903296515
39660,14.921839766897019
39661,13.021470894439934
39662,13.15572976934938
39663,17.612904559138748
39664,15.215065801179506
39665,11.583596837245228
39666,20.910122453677193
39667,17.417446032240548
39668,12.061558166485217
39669,9.736019182023426
39670,15.757687818308717
39671,12.814551505171888
39672,14.298187578348092
39673,15.900078742171557
39674,13.03626658799326
39675,17.36929161871857
39676,14.929255031674803
39677,20.114203017019033
39678,19.760463978147158
39679,15.928802271376078
39680,15.797363221416406
39681,12.783219499071919
39682,15.828071383567138
39683,17.429634684047954
39684,13.932605025943246
39685,15.59166904813673
39686,14.413320557972385
39687,17.285534194967852
39688,13.489982085419214
39689,15.795335850687735
39690,9.74947126721296
39691,8.411547733206309
39692,18.696303424920266
39693,13.853096602877223
39694,14.949332923125226
39695,9.639254215474168
39696,13.361332201655172
39697,17.614809922227423
39698,15.457328200540234
39699,17.634656204124166
39700,17.380810945608502
39701,9.750556804605777
39702,12.535205620896178
39703,20.203017131342207
39704,15.301392596218506
39705,14.983478090853119
39706,15.41159550402387
39707,20.37885188658016
39708,19.427072305185437
39709,17.332697148837575
39710,7.464343065271705
39711,15.806866894020143
39712,18.076459815616083
39713,13.931567553769272
39714,16.020065948223948
39715,12.034663966382489
39716,12.594027760246437
39717,18.119354188049467
39718,13.125789843045574
39719,17.275272477661183
39720,13.489194113704752
39721,8.696048836430174
39722,22.05109873114891
39723,14.837810214050739
39724,12.301769658912216
39725,17.200921215396157
39726,18.141550402937934
39727,17.564320756246182
39728,13.470502362400538
39729,13.226556587718658
39730,20.669112173703144
39731,17.34184021019213
39732,16.934844464737772
39733,15.771722791008827
39734,13.333222969012596
39735,13.624400446613452
39736,19.34690340717339
39737,19.431720793782244
39738,11.853729864739908
39739,15.091253459752561
39740,19.62838839914187
39741,19.60875817076485
39742,12.963024580354867
39743,16.945074501844925
39744,11.614997048509988
39745,15.837342700120173
39746,13.77065733771795
39747,12.066586924860632
39748,18.69760701175702
39749,13.092874294202804
39750,23.601207305619624
39751,20.657543856706855
39752,20.691725980132166
39753,13.29572234026405
39754,19.527267999102943
39755,8.323420008690162
39756,17.015195207407256
39757,13.652244336156162
39758,18.66990840268
39759,19.848290268720817
39760,15.839763150992344
39761,20.858051818500755
39762,15.285443366533471
39763,11.9610442229779
39764,20.259868243702172
39765,16.47257579664069
39766,13.930141904326963
39767,18.500936090037552
39768,16.357801608149572
39769,15.622482612650376
39770,13.74365527015473
39771,12.92843038266242
39772,8.90556466099207
39773,21.021589821861056
39774,14.59821670457818
39775,12.804604144873679
39776,10.7860102863668
39777,11.880795934738556
39778,10.121550336645441
39779,15.403102051157536
39780,16.688419177891706
39781,14.87528374261778
39782,17.11800222271888
39783,16.998300696539395
39784,14.519635329182455
39785,13.67432969024445
39786,15.104655046292343
39787,17.473435215066537
39788,13.209410781334473
39789,17.130189689862405
39790,15.561019176347184
39791,16.227407026945322
39792,18.02916723039956
39793,15.48152064574032
39794,18.18074297085413
39795,14.891106955128667
39796,17.359762259878636
39797,15.196196815669635
39798,15.11629268608547
39799,20.021905679571823
39800,10.992953409082187
39801,16.5089937428068
39802,10.990913162217634
39803,13.075575269982469
39804,11.884109559923095
39805,14.474876595226117
39806,13.870738743084704
39807,15.478887998280802
39808,11.374181116205747
39809,17.44041566976314
39810,12.09106818229303
39811,7.574926945802125
39812,11.329509912835155
39813,18.67176362600003
39814,16.986489501645096
39815,16.471149999061375
39816,10.123331734545735
39817,11.444419916922126
39818,12.810543784993294
39819,20.421215658530375
39820,18.711684416237546
39821,18.797836703316676
39822,17.04703833935939
39823,14.561030465949754
39824,19.773286410477816
39825,12.36870734876229
39826,17.844706950265582
39827,13.944881427544656
39828,12.028238391038082
39829,19.295768924661612
39830,16.578715588229826
39831,15.859225149971921
39832,15.304996595172803
39833,24.480846027085562
39834,14.93626950530304
39835,14.464468412701233
39836,10.256508969148825
39837,13.4679795639563
39838,16.01879160097457
39839,15.240505888798
39840,13.036692368258347
39841,12.810977190849092
39842,11.62780417377368
39843,18.767802679050938
39844,14.665674697474163
39845,10.882066229836834
39846,17.29011908337712
39847,10.402888420610955
39848,15.208023132836747
39849,14.24950188280386
39850,8.235734270998023
39851,18.966799524005204
39852,12.226743990081946
39853,20.27924902255275
39854,15.560772277461727
39855,17.21033879977218
39856,14.778217066004816
39857,13.61623494173539
39858,17.015668209141595
39859,17.984559980328697
39860,10.437072477646973
39861,13.837697107953332
39862,9.595803958174628
39863,14.164563269440913
39864,15.512421157952653
39865,16.516277792176588
39866,24.329199885704526
39867,17.980073356339936
39868,15.260062898383083
39869,18.876716073588717
39870,14.446116013492087
39871,18.094338170084534
39872,15.822848813321311
39873,14.50279250369924
39874,14.40018052722456
39875,21.914504237675217
39876,15.674504590904892
39877,16.864441325331207
39878,12.367911314339443
39879,17.402082981002927
39880,14.898383202767729
39881,10.72785598783176
39882,14.223520950057283
39883,22.857594208592307
39884,15.04670695185023
39885,13.834160730672103
39886,16.621438778410038
39887,16.89098590581485
39888,16.79997068883526
39889,16.410374455199808
39890,11.598370139136133
39891,16.78998212325929
39892,14.259082254096112
39893,21.878043334118495
39894,13.27014696957718
39895,18.225857644082957
39896,13.910135403882244
39897,11.799153696927146
39898,17.264049832616323
39899,19.526287229527327
39900,19.1016802375224
39901,14.18555388752634
39902,13.689949765113122
39903,18.273466774214143
39904,12.725133923915374
39905,21.32690759453524
39906,22.132290420112643
39907,11.301573271596464
39908,11.829068781280489
39909,14.361178955229661
39910,12.990679077398534
39911,16.162916049918756
39912,16.07331550116204
39913,13.267786556052345
39914,15.3662875281051
39915,13.821731844777299
39916,13.701946509469039
39917,11.65054900739161
39918,18.00351079680918
39919,13.568840965803876
39920,14.303748458650116
39921,15.12519395820303
39922,15.536174553289129
39923,14.566869463241007
39924,11.842423307847948
39925,21.293871624918456
39926,17.450833685795686
39927,15.06890937641446
39928,9.929197530824144
39929,23.81388358240828
39930,21.66343439536705
39931,11.369517604742043
39932,17.42114622892252
39933,14.56145024538991
39934,11.855853771335331
39935,17.31993448752787
39936,12.538542734474092
39937,18.708614803314052
39938,13.104369660144114
39939,19.360038619560324
39940,16.067029200328417
39941,16.722794646458485
39942,14.071071614833171
39943,9.648539735234673
39944,20.192542879633667
39945,18.203735659548947
39946,14.259853274962111
39947,12.019771091824143
39948,15.520664079470015
39949,15.478700484809021
39950,12.292665301102097
39951,13.221942078722833
39952,16.598747802982935
39953,9.852814071716711
39954,9.176005664861576
39955,16.792537418119434
39956,16.591877132361695
39957,12.292311659089329
39958,15.66196819460373
39959,16.955368079556273
39960,14.102692773502937
39961,20.02503282293064
39962,8.249488990710152
39963,13.044161243543217
39964,15.482243021363784
39965,13.824632518131557
39966,21.468913775865893
39967,21.333939239559605
39968,14.935562872383974
39969,16.655618324570156
39970,19.654600783980506
39971,13.450215609660853
39972,12.093100809212896
39973,13.91292366645839
39974,18.564516043931928
39975,11.002914134779306
39976,11.21745513848051
39977,13.420651562767057
39978,12.050435409499379
39979,21.323858165698518
39980,14.195593186977199
39981,13.22813684068573
39982,18.204889521413968
39983,19.229168890091103
39984,18.56577686549545
39985,14.883542976591409
39986,13.118934817963444
39987,23.878857089037616
39988,19.363248660661718
39989,15.78624377722733
39990,13.034473475400857
39991,16.00943974927253
39992,21.67488203106794
39993,15.985357446739789
39994,14.672673352790193
39995,22.46780974461104
39996,10.700234249270322
39997,13.92092220443017
39998,19.4115061112827
39999,13.264887970764324
40000,18.917281667751183
