Cattle_ID,Milk_Yield_L
1,14.58128126866045
2,15.360966699524992
3,17.502297558951387
4,14.333246394026101
5,15.214328560665633
6,15.649945886085677
7,15.740222666136248
8,15.525123701788264
9,15.86919460744135
10,15.759843049616734
11,15.873651250339021
12,14.678831481372507
13,16.453258698930554
14,14.616110883525595
15,15.123787236057066
16,16.240904023156563
17,15.807802784466526
18,14.999225840317967
19,15.78351250999544
20,16.47499157021898
21,14.023848510601127
22,14.62627067330151
23,16.376261964497985
24,14.556156221140004
25,16.18622983418958
26,17.4740574912671
27,15.066604249203921
28,15.88359377280202
29,15.107667422097425
30,17.222031431955106
31,16.30725951087302
32,15.152289142791897
33,16.42295620195087
34,16.654771233354385
35,15.77406356952131
36,15.034077028283773
37,15.736154107751005
38,14.879947855633375
39,15.656273869157754
40,15.757406671730314
41,17.072270433424524
42,16.046879501548325
43,15.619543864813828
44,17.0823726276832
45,14.704695694658097
46,14.678614317786284
47,16.62555353093659
48,16.115697360213375
49,16.794714532655092
50,15.446769386041298
51,16.160357127074555
52,14.054263876978796
53,16.100787361391486
54,17.344844138682095
55,15.772537670663326
56,15.275306574600569
57,14.795227210821784
58,15.056057055209342
59,15.149064671872589
60,15.554426749508659
61,15.708144745294982
62,14.93336284561474
63,16.95578434505134
64,14.280646095656591
65,15.120568488322156
66,16.792050654006854
67,15.714743075450777
68,15.71077604782637
69,16.48087027066983
70,16.348912527841602
71,14.680040101721824
72,16.171723654080765
73,15.65481573750839
74,15.479766934105678
75,15.988363832862186
76,16.788723250871172
77,14.145473912165158
78,15.684298835101279
79,17.055000370677927
80,15.34202184040455
81,15.91928224362939
82,16.126214547443954
83,16.55270616120645
84,15.490170701570706
85,15.264714185673316
86,15.176990197613458
87,15.942479397232898
88,14.889094999998628
89,15.563418803637015
90,16.187749885136128
91,14.298418103063272
92,15.178837336922387
93,15.11803313540348
94,14.47105599039763
95,16.33289315490553
96,14.816054804673472
97,14.699253556921416
98,15.713268252000193
99,16.28188754123401
100,16.54022464891589
101,15.66458572224998
102,16.50497379915388
103,14.47954707453382
104,16.12236396028107
105,14.133487288585124
106,15.510874853370527
107,14.156363566412342
108,16.18160831504448
109,15.071007693545324
110,16.36295194527733
111,16.13168798228791
112,15.931157254004196
113,13.248550970835291
114,15.316643127898452
115,16.334830492718847
116,15.152412496381883
117,15.029042022980473
118,14.489657803469264
119,15.423780483577143
120,14.793602077149028
121,14.909489156738966
122,14.025323488110052
123,13.910446718948757
124,16.831498690887315
125,16.000134283531413
126,16.642364728557233
127,15.449181460060608
128,18.215208405827212
129,15.607484033535137
130,15.628183126906638
131,16.065756010115738
132,15.382968588524642
133,16.64306683296504
134,15.356259973916725
135,14.584715587176891
136,15.622777318724204
137,14.85920300724552
138,15.267620227339144
139,15.993653352252945
140,15.99057826507998
141,16.756782347862806
142,17.08292379685012
143,14.9379665649754
144,15.085169065104212
145,15.888366813151586
146,14.823413577154282
147,16.87236929191579
148,15.635294582820052
149,15.835053367753321
150,16.680082158559458
151,15.724323973621217
152,14.959621583856833
153,14.314307650675826
154,16.202941750172563
155,16.747144619174588
156,15.980159841968806
157,14.582270431068112
158,16.722208388631667
159,15.643060922633241
160,15.638293368896685
161,15.47093433003771
162,16.49016505664234
163,15.228932325546062
164,14.125415035168068
165,15.624110316660783
166,15.678290065416645
167,17.337216178880556
168,17.164248897647457
169,15.127006834023415
170,16.588997843188853
171,15.935287507925507
172,15.044521344559813
173,15.353565304865503
174,15.443655414018098
175,15.278919136906211
176,15.853551203214735
177,16.124325422905997
178,15.69158222771004
179,15.605472223328587
180,15.742311014130703
181,16.020535973822682
182,15.429821913294171
183,15.49924030279588
184,16.555290611853756
185,16.149892262574948
186,17.091445575722904
187,14.764582413372827
188,15.27558109918254
189,16.297655152889945
190,14.669982121170392
191,14.827835254521847
192,16.101779443546896
193,14.95190007231535
194,16.890247543234086
195,16.035389492927898
196,15.100736251814086
197,16.04913144497162
198,14.930126944523696
199,16.87813019449128
200,15.941407611127882
201,15.252271800566728
202,15.8867390976958
203,16.036829641175103
204,14.92583821080349
205,15.934790101547371
206,17.35770758877479
207,16.615443218708084
208,15.580132122515739
209,16.157656812534963
210,15.724230266864577
211,14.903824717997916
212,16.965309839897557
213,16.77589901950006
214,15.753590222040836
215,15.736346572951854
216,15.518195842815064
217,15.129916276870414
218,15.605454157071962
219,15.208107009089998
220,15.355526983070003
221,16.84271392579039
222,15.068363540685768
223,14.962302532696507
224,15.78858292225907
225,15.600395512318569
226,14.581285837659397
227,17.210099424336196
228,16.532110939494096
229,16.39381692129053
230,16.02287826291129
231,15.69079983619333
232,16.067201901804857
233,15.004968363354582
234,14.857087472180527
235,16.046178033191637
236,15.584790222735602
237,16.26674705972755
238,15.275423734607854
239,16.044252870169036
240,15.507824740241206
241,16.369670878047053
242,16.571394561400375
243,14.779151224836077
244,14.289484934362445
245,15.399383697112116
246,15.745173181387646
247,16.384087290161755
248,15.342990327442665
249,15.890261413575077
250,16.089248080912416
251,15.958770882282625
252,16.466075866049763
253,16.605393264439652
254,15.611602496583746
255,16.267497103089497
256,15.768227437290887
257,15.924756504224902
258,16.59525841972598
259,16.227787979017286
260,16.214028577110973
261,16.794309040718332
262,15.320329096266397
263,14.50559994092381
264,16.107449827131934
265,16.019723690513732
266,15.137483821160828
267,17.453516286158116
268,14.489869639607871
269,16.077012875859875
270,17.781241541146294
271,17.80015897016209
272,14.28375860473535
273,15.74834991182433
274,15.820606876380351
275,15.462918353715374
276,16.002576104296008
277,16.358565804231407
278,16.100346599775317
279,15.463035145931594
280,15.580131285555426
281,17.43296958957487
282,16.83465415965053
283,17.21175824561239
284,15.930785321206113
285,14.229828907962833
286,15.242332898511632
287,14.302947656596475
288,17.019432610692824
289,15.834501093622116
290,16.035785085029257
291,15.928400377379623
292,16.56437923543238
293,15.406748861213918
294,15.458733916516465
295,15.987286483054874
296,15.88100273540256
297,16.31591882999671
298,15.583567259663246
299,15.84741304884588
300,18.256136627870784
301,14.835414179087113
302,14.603226084874766
303,15.607541831982127
304,17.81298329354411
305,15.850435835094114
306,14.78650829211849
307,16.085965399729666
308,15.779859689652087
309,15.46083842168238
310,15.86806586509929
311,15.48411397217759
312,15.432452912645525
313,16.553015014333546
314,15.632189421182083
315,16.120247427174085
316,16.134900976671364
317,16.254376392392174
318,15.797008882907123
319,15.635721370753874
320,15.259908505743155
321,16.444288645427584
322,15.877574252447705
323,15.37016829998948
324,16.209070140113173
325,17.392753558982537
326,15.457692620033631
327,15.578387273282166
328,15.586261991571364
329,14.92385396187072
330,15.685663646738137
331,15.125317528524587
332,16.319438103150336
333,15.785217144039771
334,15.76027670260091
335,16.533976383307714
336,16.303342547609954
337,16.93682316416945
338,15.695334538181722
339,13.724044012468887
340,15.597568846275466
341,16.086586460081655
342,14.671280523563011
343,16.148553862200526
344,15.506902451136888
345,14.979121924249611
346,15.493427227658902
347,15.307416660618717
348,16.233876139586798
349,15.985290652351438
350,15.288437780081303
351,18.07779130661982
352,15.394058467762946
353,14.824149033022065
354,16.05595932075294
355,14.715857571609073
356,18.0506594396182
357,15.117297686602756
358,14.752203654106196
359,17.27695344132761
360,15.510395148604912
361,16.8512866007083
362,14.898918462216217
363,17.070227817924458
364,15.889421159444789
365,15.60724171158259
366,16.666597792981527
367,15.690910722017671
368,15.061787583238772
369,16.450628062026997
370,15.241245003280829
371,17.047883538833904
372,16.061361877938882
373,16.32843038483687
374,15.83157960494915
375,15.91400919431799
376,16.384917436314808
377,15.156439054356298
378,15.753114952488536
379,15.646532658275294
380,14.821363681457177
381,15.444099922299795
382,17.037965144682563
383,16.659850772186733
384,16.03382436696292
385,16.686278558316584
386,15.324424961270463
387,16.605034673062573
388,16.389156112572298
389,15.068999598074083
390,15.397605982061524
391,14.738315218172252
392,13.978805297187646
393,16.24559665687001
394,13.658179121659069
395,17.80254361179029
396,16.221914350902555
397,16.1107539289339
398,15.695349577043428
399,15.165933977030626
400,16.099265202502185
401,14.505452918055589
402,15.30608670976306
403,16.87654818744167
404,16.39619456917308
405,15.35241494926019
406,15.886197857288515
407,16.391498344754645
408,15.219553255333267
409,17.290738438392026
410,15.263865761504332
411,15.183655563996695
412,14.865135296723583
413,17.17518895212593
414,14.619983165603486
415,15.605100896172333
416,16.76527962514009
417,14.809303779505509
418,16.56766116875114
419,15.591085307373161
420,16.481239685426498
421,15.249869928205145
422,15.092585249607094
423,15.631619016284079
424,16.924409789655815
425,16.313474503214906
426,16.388136095627928
427,16.590204617351795
428,14.261028935748282
429,15.71584878366805
430,14.900926196222773
431,15.277286619301309
432,16.102288567675515
433,14.600556172145593
434,14.434528415792869
435,14.269249604384022
436,15.71487206368972
437,15.467575267740308
438,14.917925027831869
439,15.167215600582432
440,15.65382842995926
441,14.809227734257512
442,15.020423908017625
443,15.301199973958635
444,16.53433490655035
445,15.056668311560093
446,15.800172472197316
447,15.50471201453329
448,15.677183559651974
449,15.927038560223183
450,16.28785665161196
451,16.162124319734932
452,15.448287955123709
453,15.420497596724996
454,15.834195857416901
455,15.38579993907704
456,16.899086012824856
457,15.216018208570773
458,15.739382499948208
459,15.967539726142592
460,14.868390233434365
461,15.71009817516969
462,14.802199469533738
463,15.412051318192098
464,16.124340355027847
465,16.024595482820878
466,15.556348992826557
467,15.043954932864603
468,16.32733902022245
469,17.366416972382314
470,15.871116413372164
471,16.04806544876508
472,16.137995971241537
473,15.93814724976257
474,15.031089015128927
475,15.419139953477234
476,15.568796303806113
477,14.386587898096144
478,15.094058418127524
479,15.582318672452043
480,15.410642950825151
481,14.59839595167114
482,16.996777449173106
483,15.838469841556398
484,16.32626931878831
485,15.620273635152449
486,14.97663694400316
487,14.612179871388985
488,17.09899719020406
489,15.011950076391706
490,16.043097780646605
491,14.427600020718842
492,15.792842389217556
493,15.393608163486364
494,15.095136413639576
495,14.64540346622497
496,17.038525679953228
497,14.55711918343483
498,14.825007393197644
499,16.062863198601715
500,15.218484642350049
501,15.239638015368564
502,15.784464602143656
503,15.75419116281386
504,16.035480225378496
505,17.23734316143793
506,16.726359234899565
507,14.83922452290365
508,15.920269758196905
509,15.82834429780839
510,15.74088609225068
511,15.50338016136499
512,15.168869513428405
513,15.8023734810453
514,14.529335520715973
515,17.191388918310864
516,16.67401850906304
517,14.398785270256642
518,16.31436315747482
519,16.12207723570577
520,16.408718469455316
521,14.263624500902859
522,15.246652105636793
523,15.261349936850106
524,14.053535530737735
525,15.46162247711249
526,16.565384142402856
527,17.03006367206516
528,16.22820049513317
529,15.712780487226732
530,15.606098795567648
531,16.62458614755529
532,15.102413939621693
533,16.55206767149618
534,14.191494614883519
535,15.816727067486564
536,15.736632159713643
537,15.852488406388947
538,15.927234985976298
539,16.015137972097477
540,16.612855685216797
541,14.87026676680289
542,15.737818693162563
543,16.805490361291266
544,15.301129658702727
545,15.383597850774926
546,15.332096955402033
547,15.333058786142185
548,16.55534625176526
549,15.374062582142066
550,16.09171345412143
551,14.980727459002471
552,15.21034751174954
553,14.927098148169843
554,15.428944609895664
555,15.106521545397271
556,14.776161412901924
557,16.91640600684799
558,15.811331821167247
559,16.526867073789536
560,16.30951680906142
561,15.800632373049687
562,15.742032513363087
563,17.86853816364987
564,16.094175934832364
565,14.370618161202605
566,16.801545730878455
567,14.880810651291736
568,15.572881255461068
569,16.009532649995318
570,15.887830267856478
571,14.434276376486457
572,14.99596829964137
573,16.07897015536865
574,17.175134523138954
575,15.602012830104178
576,15.30267786738154
577,16.174115511720032
578,16.443143161117714
579,15.678852910390892
580,14.551622445270464
581,15.882559038428287
582,16.316305645747146
583,14.950588034223152
584,15.764990638840523
585,15.431390029723797
586,14.477552055204512
587,17.090822145534933
588,15.138465338809198
589,14.988266185490474
590,15.42880805319437
591,16.234282172814638
592,14.975396043973282
593,15.775473969013852
594,14.68323492933643
595,14.924525057418503
596,17.369259568067182
597,14.566980809560818
598,16.338870943506887
599,15.512299019236043
600,14.474011086454576
601,16.342893248950066
602,15.473204542748096
603,15.022921547777058
604,15.637538976361519
605,16.666949093423728
606,14.835737135801656
607,15.369931101527841
608,17.467671171170675
609,15.978092455122201
610,17.01131672997272
611,17.744368104666705
612,16.866366206263265
613,15.220892120745935
614,16.315426204438285
615,16.0777905035682
616,16.66918814649515
617,15.514110841878647
618,15.151098274713659
619,14.47442239295469
620,15.309165306842772
621,14.997726785802893
622,14.349246532998725
623,17.107353100888623
624,16.229105705756695
625,14.708357489898683
626,15.222339906157446
627,16.58978908727518
628,15.927886632009397
629,15.267936961032214
630,15.892352029348396
631,14.93631318351793
632,14.51418537244919
633,15.320540343782385
634,15.477832181756623
635,15.841210948112977
636,16.136555358940285
637,15.719925121091958
638,15.611094592947675
639,15.672242237832029
640,13.663771993077384
641,15.981322162485414
642,15.078976915547857
643,16.300246490690064
644,16.083478453033788
645,15.204874666643619
646,16.73578448062992
647,14.473874433030725
648,15.129170453896364
649,15.59351194897117
650,15.594572424356445
651,15.861228141761263
652,15.707685298513507
653,15.817599936188516
654,16.778375404396012
655,14.745069414760554
656,14.82153913077243
657,15.204907894037827
658,17.571377771437422
659,17.00328704191926
660,15.031512629783148
661,14.423702129505443
662,16.535383867516142
663,16.288190901112227
664,15.145556060966026
665,15.657892763602257
666,16.399929634296523
667,15.53940210536261
668,16.791737134138703
669,15.190174323860301
670,14.317013590892635
671,15.722666386459045
672,15.324524311954942
673,14.825600854477292
674,14.61369717079102
675,16.33549957308964
676,15.639198889052198
677,16.805414961634895
678,16.165644523454624
679,15.145343308689315
680,16.712160394374877
681,16.15681426295167
682,15.4824608553677
683,14.734294280414373
684,16.580767371966946
685,14.475060345141234
686,16.388243630335936
687,16.398013348694413
688,15.370949532454034
689,15.453995462817572
690,16.07371802842992
691,15.281908417629092
692,16.543958297055124
693,14.440601577470629
694,14.861061651686601
695,15.407648217501876
696,17.592553765123483
697,14.694262356335754
698,15.32951480818434
699,16.03544357290228
700,16.42186426078413
701,15.537844019725487
702,14.084888829490502
703,15.865952300878867
704,14.070662086605921
705,14.361519933553629
706,16.212416976489017
707,14.853429008616217
708,15.597382503821272
709,15.21975582057032
710,15.356256198335165
711,15.728305079307175
712,14.12734356398944
713,14.55527130865884
714,13.975855379216396
715,15.960417623250477
716,15.212049554662974
717,16.016352640324126
718,16.018143551263602
719,15.36802766938621
720,15.233737114857057
721,17.2695514726236
722,14.524640203743767
723,15.65163562453237
724,13.948669322331092
725,16.408583716093055
726,14.075872774324624
727,16.705353036671465
728,16.218178204883703
729,14.18462871864281
730,14.941123254779232
731,16.380016952521434
732,15.446644341484
733,15.50579054299694
734,15.632953145353616
735,14.684641059549987
736,15.588033864696689
737,16.379298198933895
738,17.620686141056147
739,15.723469074793092
740,16.21973116436984
741,16.876616068261413
742,14.81092471765842
743,16.328258413235957
744,16.163758957901948
745,14.71841712348242
746,16.67670725740088
747,16.31838422291234
748,17.249267105799863
749,16.550891976409854
750,15.191564267570046
751,14.550784354812926
752,14.765105584024399
753,15.055373076646134
754,17.213856710154595
755,15.923055862806935
756,16.516164544059233
757,14.249907023179587
758,14.741979913544263
759,15.133449958628352
760,15.415449040018517
761,16.01152596260102
762,16.59690518002668
763,14.825521420487782
764,15.419469600512851
765,14.957058412568454
766,17.47973101649244
767,15.899982906937511
768,14.699270970615443
769,16.108370527822192
770,16.623056648721768
771,14.037401183150426
772,16.152560871206216
773,16.51229997775676
774,17.067402919087474
775,14.970459809283563
776,16.055182757975537
777,16.457817033429247
778,15.465890372032915
779,15.78739005996295
780,14.752918465228129
781,16.893806871946833
782,15.772222313005594
783,15.584645367264391
784,16.035283331846287
785,14.946335768143754
786,17.305657473828788
787,14.40490529725994
788,15.587681013806902
789,14.234536854092488
790,15.707410559770675
791,14.688686140953436
792,16.65617088097835
793,14.210781593553044
794,16.688813806796016
795,16.62404540455527
796,15.327659095161057
797,16.06753931058897
798,16.502627669929286
799,15.337204855310516
800,15.095792576772679
801,15.52914828819806
802,16.041333249775672
803,16.275018100032682
804,17.26644097569323
805,15.365158403863214
806,15.712822354469699
807,16.642154964202707
808,15.874215530379757
809,14.678738024714322
810,15.702608641736333
811,14.821940692488003
812,15.633969118363922
813,14.81422660656237
814,14.690571774297425
815,14.824930514532449
816,15.863235602751379
817,16.418729643979848
818,16.18346544092977
819,16.350836316344026
820,16.265988335377298
821,14.428647212793031
822,15.692475836440314
823,15.919335639956145
824,17.537772685263413
825,15.653191243786758
826,15.239622885836303
827,16.50418777002494
828,15.592695648175935
829,15.634931953768762
830,15.426102780276372
831,16.241412769230934
832,15.837508544449275
833,16.464773688825943
834,15.61376721467243
835,15.971378840465801
836,15.601490797455957
837,16.239135012092948
838,15.243951219003039
839,15.879061551076584
840,16.678205256095808
841,16.755637748764986
842,14.83366589501732
843,16.425716232730863
844,15.369226912477918
845,16.52093602168087
846,15.89110456002604
847,15.941210713089474
848,16.71881361414534
849,14.687043382280047
850,16.2349641857631
851,14.976798062005054
852,15.171584121528392
853,16.639295649477646
854,14.498656721751187
855,14.398629558762137
856,15.695374681671122
857,16.662659493697646
858,15.609775911089715
859,15.183498339576767
860,15.721683319566134
861,16.852472091032595
862,16.35679635583454
863,15.263277277218403
864,16.21700850068931
865,15.638193540031375
866,15.265716924265103
867,14.782560334253612
868,17.22694434052762
869,16.021875665891155
870,15.248073130059096
871,16.6277594956592
872,16.13455554651567
873,16.016578410190036
874,16.401100679169986
875,16.444993191894255
876,16.07098540861816
877,15.41503629997517
878,15.534614642994885
879,15.132827272759686
880,16.14536189466334
881,16.66358096520314
882,14.858860606031007
883,14.288685619250897
884,14.850999221710344
885,16.12183735242117
886,16.189413222567136
887,15.232215852534116
888,14.752280312231672
889,15.381753729488496
890,15.236604766471768
891,15.521024961909694
892,16.91129704787198
893,15.016692122141375
894,14.48551734237317
895,16.41764127644469
896,15.098337827041583
897,14.766863099372651
898,17.134786041462995
899,14.94158059382772
900,16.76295980763155
901,14.679702466085013
902,15.757028556968745
903,15.171467930739345
904,16.155008582930122
905,15.998077042772712
906,14.930286511907696
907,16.444380605845804
908,14.604382706090298
909,15.968868020406639
910,14.317142405336341
911,16.43627182914676
912,15.430345441756355
913,16.0509809589871
914,18.3900013075586
915,15.798741709723531
916,15.436324621173926
917,15.504406451092928
918,15.408906069458839
919,15.29890241892917
920,15.281908159299187
921,14.777228191347458
922,15.991520007456359
923,16.27552383056343
924,15.407442804873813
925,15.640559931911277
926,15.267369039881501
927,14.85379169846064
928,15.136889213985302
929,16.458190607548012
930,15.694865216193211
931,15.165839824193991
932,16.751508863883057
933,16.67010376283364
934,16.32580746511564
935,14.523661481101026
936,15.258482987186438
937,15.366194430463265
938,14.523445635989436
939,16.82843883562212
940,16.079949436277012
941,14.422348283565949
942,16.549657477839045
943,16.826216266875416
944,15.647132043954771
945,16.31920313492086
946,16.155118078640314
947,15.822388751856119
948,15.481391900964821
949,16.682738371603595
950,16.996391260293702
951,14.85325604742191
952,15.806642031512837
953,15.857869339348161
954,17.397397608599857
955,15.377538797251145
956,16.134149801553416
957,15.37104461929627
958,15.299707508361536
959,16.69044560692135
960,15.41361275243124
961,16.950861810214388
962,16.608099681093893
963,16.02603242030381
964,15.406926993783514
965,16.14100734496549
966,15.64784820087499
967,14.86164035594122
968,17.529539369673167
969,15.79503169381069
970,15.249536948671246
971,15.140945139052617
972,15.173485222925118
973,16.36185953609589
974,14.909487840364148
975,16.16263133749499
976,14.472914311779954
977,14.99817508014115
978,16.2210346445047
979,15.219248794949783
980,16.099949540031787
981,15.455580634218894
982,15.476322905355392
983,16.652942851482702
984,15.30428986891623
985,15.667934954709862
986,15.985895089681629
987,15.722836003234242
988,14.989583707488169
989,16.109137117813535
990,16.33992853425421
991,15.98472065996369
992,15.346909681523018
993,16.95987800591536
994,13.988955569273488
995,15.913321691167342
996,14.841402194665244
997,15.701239301167618
998,15.90182925591615
999,15.64445932608396
1000,14.932762588491737
1001,16.363298560500343
1002,16.585246111704606
1003,15.414059103825965
1004,14.776767192497154
1005,14.87796998150433
1006,15.731797397329341
1007,15.481270048696622
1008,14.16935157461288
1009,15.968537159548124
1010,15.282615589218128
1011,15.955922569924597
1012,15.466286180747579
1013,15.123795919890902
1014,15.013270704703833
1015,16.485405384559147
1016,16.759907122820465
1017,14.959220921218485
1018,16.54328762275988
1019,15.018340042954177
1020,14.299470521202037
1021,16.330784963355235
1022,16.288882724684672
1023,14.574761815200125
1024,15.927704031325913
1025,15.962878030182482
1026,16.00616142450197
1027,15.211889316303559
1028,15.23443314186048
1029,16.22410117145567
1030,15.55750326586462
1031,15.974811389599699
1032,14.218154486158728
1033,16.75847702840937
1034,15.52813285465093
1035,16.290643941982243
1036,15.961165505938439
1037,14.943657043020654
1038,15.472842569426861
1039,16.929341555532226
1040,15.817869956924557
1041,16.123603126590787
1042,15.304688922716453
1043,17.130987486577684
1044,13.315349646118333
1045,15.219191499098667
1046,15.76191590081677
1047,14.024572028774221
1048,14.747206586876494
1049,15.52847648280098
1050,14.914710475101655
1051,15.23146743748352
1052,17.462873520767435
1053,16.797016469249485
1054,15.258362210977578
1055,15.95098647142719
1056,14.782126579894854
1057,15.90155182276239
1058,14.61081255978306
1059,16.07101670968465
1060,16.964221391081466
1061,15.233251303081547
1062,15.009755046986594
1063,16.09438855222255
1064,15.368261464399888
1065,14.93721500425015
1066,15.066351872336838
1067,14.861765077079337
1068,14.614797976918442
1069,15.836262080061354
1070,16.17782536919007
1071,16.01546266800194
1072,15.815963014967593
1073,14.97816434565852
1074,17.56128753311452
1075,16.973795571375653
1076,16.440989728495182
1077,14.628529002786456
1078,16.139655614727484
1079,16.51141655583767
1080,17.610452520885556
1081,15.722795252000706
1082,15.498330441964763
1083,14.668932251634466
1084,16.0872866142793
1085,15.647780186446846
1086,14.50498166877307
1087,17.342713808171155
1088,14.900481983692666
1089,16.544363626798553
1090,14.364753105295621
1091,16.36014367593027
1092,15.287966216456727
1093,16.689388659620754
1094,16.77032406892597
1095,14.741651705169502
1096,15.459714710121872
1097,14.353517343661563
1098,15.384410351631056
1099,14.06774153922177
1100,14.211588713975269
1101,15.983834388190587
1102,16.629301489412956
1103,15.253586088094226
1104,14.939556962833379
1105,15.95798694210291
1106,16.55250473889879
1107,16.299101949527937
1108,15.43407369353204
1109,15.762057563633869
1110,14.218151959619364
1111,14.560144259945575
1112,17.42896392901668
1113,16.031818856650833
1114,17.71188344943262
1115,14.986449175451899
1116,17.094582779672617
1117,16.349330823205754
1118,15.35300007465064
1119,15.740171866616716
1120,13.824408846836443
1121,16.633883061342306
1122,16.863725263167343
1123,14.684346554296347
1124,16.179953721590604
1125,13.825423604740768
1126,16.764773784161388
1127,15.57350848385326
1128,16.10728674424901
1129,16.835178716547905
1130,15.37828945822701
1131,17.24066384084327
1132,15.215608673561412
1133,15.163538166607237
1134,14.954973114041149
1135,17.029767240408
1136,15.51964328666497
1137,16.29171524917256
1138,15.239842907301453
1139,14.892990795875498
1140,15.57287961119643
1141,14.603400400166512
1142,15.77471349165903
1143,15.353162011466308
1144,15.279530152584568
1145,15.53678319466193
1146,15.007432417952566
1147,15.297957986934838
1148,15.724127217314239
1149,16.354592241424296
1150,16.49550728594918
1151,15.082062043360908
1152,14.97581356628758
1153,16.357752695441885
1154,16.403696261023036
1155,14.980987099794936
1156,14.922639005295348
1157,15.271498583260898
1158,16.054977191065763
1159,16.297900048445072
1160,15.845663318069482
1161,16.075741145018096
1162,15.088551964281088
1163,16.249266840512472
1164,15.372667148529887
1165,15.189701666916767
1166,16.6359647758544
1167,16.003880196987698
1168,15.135114725652016
1169,15.623987801565587
1170,15.318669004510914
1171,14.88568511213648
1172,16.403226535094028
1173,14.699531232454781
1174,16.497178649313913
1175,16.790773375362384
1176,17.01600790554125
1177,17.431000089260216
1178,17.036997314861818
1179,16.484139391707473
1180,17.364115085412994
1181,15.54101093742155
1182,17.011266455624572
1183,16.950888869447983
1184,16.856457578926744
1185,15.595434370782723
1186,17.137618089118153
1187,16.415174008819278
1188,15.585061344439026
1189,15.896416056385457
1190,15.695144748375501
1191,16.054740909718927
1192,16.917453344747813
1193,14.917986404705786
1194,15.899439095904842
1195,14.98608508632396
1196,17.832428817586838
1197,15.951892890476042
1198,14.51526514899284
1199,16.237275423372868
1200,16.393978458649784
1201,14.48856593123641
1202,17.713602018526707
1203,16.41848885991743
1204,15.91722931467593
1205,15.53780303676918
1206,16.163690929672107
1207,15.772339420819502
1208,15.86874904632622
1209,14.447601015753799
1210,14.490740853763905
1211,15.862617599067603
1212,15.960878141874224
1213,16.65516873601056
1214,15.606999864399763
1215,15.963959745395115
1216,13.928281131855346
1217,16.46852066450886
1218,14.685993353907616
1219,15.403833341450127
1220,14.69140701514273
1221,15.14719836395525
1222,15.096825002490903
1223,15.339440298240447
1224,15.554221023261007
1225,15.207025224445948
1226,16.069229357103783
1227,16.17741193680753
1228,15.002905877483283
1229,15.290897587600043
1230,16.352826821269918
1231,15.559509390489236
1232,16.885748695556238
1233,16.729187391061444
1234,13.922807347717626
1235,15.141575942066535
1236,15.668050059392876
1237,14.874529340194949
1238,16.158839280613545
1239,16.86632890188401
1240,14.112565924226068
1241,15.995351905107693
1242,14.987223930603092
1243,15.34603302242582
1244,15.698758369938309
1245,15.746264815806608
1246,16.44098764818413
1247,15.456242627699215
1248,15.109037627404756
1249,15.484563885107955
1250,15.519527214497838
1251,15.43380082561217
1252,15.72427821272373
1253,16.75784102786753
1254,15.895620487503228
1255,15.689516822828418
1256,15.402368000735592
1257,16.09718198805058
1258,16.14659085918412
1259,15.76290713296735
1260,15.397607375001542
1261,15.160194105440464
1262,16.17471439708968
1263,16.064192320652563
1264,15.54845484689779
1265,15.013744797366359
1266,14.708287108781853
1267,15.042111724982133
1268,14.778910173741881
1269,15.99664502716392
1270,15.278868456806153
1271,16.0863446956151
1272,14.993323121723368
1273,15.57319414728622
1274,17.010062155878288
1275,16.32428613358472
1276,15.49763449926072
1277,16.08752482307732
1278,15.01160175173802
1279,14.63666775537143
1280,14.651046924680317
1281,16.17146829842203
1282,15.094713506350416
1283,15.310656182818096
1284,14.295437223296293
1285,15.30227242597488
1286,15.398129683028312
1287,16.06911341918786
1288,15.732426747591905
1289,17.068917285994374
1290,15.435058297925735
1291,16.19517657760628
1292,15.587298775638136
1293,16.56871911066354
1294,17.032162306453298
1295,17.673826103853777
1296,15.091958038849562
1297,15.854329995612739
1298,16.744210263774427
1299,15.860461614460789
1300,15.752377553530843
1301,15.461335991961391
1302,15.094711856932951
1303,14.35537453283958
1304,16.92526675242685
1305,14.382352543657943
1306,15.317005059726139
1307,16.39784209926048
1308,15.419009804524244
1309,16.55089158862224
1310,16.029616315797213
1311,16.422359695312885
1312,15.709849924756327
1313,15.477909086783368
1314,15.701106282448995
1315,18.055063798041783
1316,15.443487176421787
1317,15.279236354524192
1318,15.49207625299642
1319,16.396497759120358
1320,16.506403125635252
1321,15.521833058694929
1322,15.749503087895759
1323,16.91545813016316
1324,15.482532715390903
1325,15.351065538366583
1326,14.59694621351812
1327,15.129537351454069
1328,15.98845130933977
1329,16.26263957422929
1330,15.998057987235086
1331,15.243227639131057
1332,17.598533800813755
1333,15.038511176427633
1334,14.288128081581409
1335,15.313627055445865
1336,16.050551072076367
1337,16.796779337046882
1338,15.645610571518453
1339,14.677894154084624
1340,14.898601431143543
1341,15.764126215011016
1342,14.97128109671054
1343,16.48400472710964
1344,15.434058685653115
1345,16.57415445718355
1346,16.589479469247323
1347,15.394378255636122
1348,16.796038943925065
1349,15.943260247520051
1350,17.21717019528681
1351,16.823905682830333
1352,14.782641469508766
1353,15.87393697150491
1354,14.865614113100973
1355,17.059264062334265
1356,15.559636709900216
1357,15.06345193744236
1358,16.441533894292128
1359,17.84396833846547
1360,16.147310339592988
1361,15.108390717447314
1362,14.658338442595126
1363,14.004984330215454
1364,15.462527968979174
1365,17.49490594471537
1366,16.840561683915247
1367,16.948404274815676
1368,14.862495182335948
1369,13.647641910458509
1370,15.048523526446381
1371,16.540098062206106
1372,15.527193677064714
1373,15.771047485525822
1374,15.514355250268448
1375,15.938675467428114
1376,16.339387648463298
1377,15.660752217549573
1378,15.36412310436418
1379,15.624093977145426
1380,16.317824692588243
1381,14.925222650667651
1382,17.46192305948838
1383,14.233916126114101
1384,15.439048904548809
1385,17.08079963754108
1386,14.915433804291988
1387,15.644606545032124
1388,14.31574035128058
1389,14.640714674552596
1390,15.892074653805997
1391,15.148202106845135
1392,15.016165159585967
1393,17.13657201411083
1394,16.49175104893509
1395,16.66726707770489
1396,16.266532232218214
1397,15.463529935567449
1398,16.837534516346093
1399,17.09572483469062
1400,14.511036746443974
1401,17.101028765561907
1402,15.216366911466714
1403,16.12835462567077
1404,16.56675043761688
1405,16.375565931096574
1406,17.064649453258134
1407,15.868430688446667
1408,13.933106240453021
1409,15.967490529163731
1410,15.80441413787066
1411,14.692043217403796
1412,14.83838853628492
1413,16.36863470037396
1414,16.86208796837366
1415,15.166737301109297
1416,16.4869086707029
1417,14.59380128487137
1418,15.394985040406311
1419,15.687081448740038
1420,15.917099112658676
1421,16.92240210609355
1422,16.66938551626767
1423,15.803159996016793
1424,17.082802408405573
1425,15.469155980483235
1426,14.861596942713831
1427,15.11836958564217
1428,15.91579617400731
1429,15.32701824166015
1430,16.0310976403448
1431,14.712838938096205
1432,15.317007616806526
1433,14.4872090956629
1434,16.779982669393117
1435,16.141885224873167
1436,15.52491973209401
1437,17.165579037394224
1438,15.395806170008884
1439,15.36516476996183
1440,14.462453278897327
1441,17.129388807415783
1442,15.519101285766935
1443,14.837102817581325
1444,15.596792917066276
1445,17.257609809728432
1446,14.137257085263073
1447,15.909589765115513
1448,14.802639123566928
1449,15.74047719729837
1450,16.63963361876998
1451,14.823418373882319
1452,15.260772572607019
1453,14.223898632249561
1454,14.635683813165747
1455,16.353651395638718
1456,16.037235222514376
1457,15.550638291603336
1458,16.371566277452708
1459,16.505641673924167
1460,16.286517376437764
1461,14.400309063455728
1462,16.196925549636436
1463,14.69550936143259
1464,15.945357236002497
1465,15.581676389242915
1466,16.03726339724979
1467,16.143116073006574
1468,17.344687824017505
1469,15.911672533136922
1470,15.125835303781423
1471,15.823336125734198
1472,16.270573935912875
1473,13.23557387917857
1474,16.550531620308135
1475,14.853404737486581
1476,15.904031784940631
1477,15.75974920167183
1478,15.371953180422043
1479,16.02126364669691
1480,15.5722988912874
1481,15.202337626372929
1482,16.526410251336134
1483,16.861413487520224
1484,15.289057873839134
1485,16.537952209942862
1486,14.862418135362638
1487,15.518049453445203
1488,15.818070776863918
1489,15.65375343968854
1490,16.70167651593026
1491,15.439343041252064
1492,13.798152111319656
1493,14.13113400806596
1494,15.735828349705246
1495,16.511421513176117
1496,15.608873170638375
1497,15.737723041109394
1498,15.713738823593133
1499,15.472513008240172
1500,16.099802237370113
1501,17.4507672091091
1502,14.75189528493995
1503,15.148185591863868
1504,15.814643349849591
1505,16.825919253105177
1506,17.48150660405916
1507,14.783125473041455
1508,15.165595311414645
1509,15.329061875108334
1510,14.185821704542988
1511,14.397964346894417
1512,15.045095410849752
1513,15.057635739779277
1514,15.773156041878135
1515,15.59392414310503
1516,15.960591984125854
1517,15.611080563506071
1518,16.19629649758423
1519,15.393321291061618
1520,14.810262602832074
1521,14.62708976722126
1522,16.073509530409158
1523,14.551662670917054
1524,16.4055051637119
1525,15.965988473414065
1526,16.77613534472496
1527,14.777770523493075
1528,18.397019908592988
1529,14.366886400198654
1530,15.067840514905958
1531,16.141035026744845
1532,15.338116396350605
1533,16.26068926806723
1534,14.627477910578408
1535,15.417752869412594
1536,15.631475640197412
1537,15.439555029769865
1538,15.211676554225706
1539,14.283495754356121
1540,16.686307753970738
1541,15.811683399075868
1542,16.05248386120149
1543,16.57411615701682
1544,16.171217701780144
1545,14.987073156916328
1546,15.413435347563972
1547,15.570771076693376
1548,15.41815950656639
1549,15.67021557085365
1550,16.330567771390648
1551,16.38662303435476
1552,15.740016294338606
1553,15.69355992302857
1554,15.429845585404367
1555,14.778736030141783
1556,15.994443242067788
1557,15.51101507385192
1558,15.18932825437289
1559,16.58216641516637
1560,15.36850956647691
1561,15.019679140614816
1562,14.632790998034737
1563,16.119878508469494
1564,15.168064155929319
1565,14.352065273469165
1566,16.697586582185153
1567,17.16571449560917
1568,16.80454527392429
1569,16.43572739598522
1570,15.7797595715545
1571,16.96173337420506
1572,17.624559669015017
1573,15.637093541382907
1574,14.458268244525755
1575,15.67600893577589
1576,14.145590786974715
1577,15.923760895783587
1578,15.71995220168202
1579,16.036149740926405
1580,15.145502005528206
1581,15.424294247900079
1582,16.424851730537345
1583,16.69693050571351
1584,14.764733862532614
1585,15.1205384172455
1586,17.195025193634386
1587,16.79044139702565
1588,15.336752756988304
1589,14.4674160182647
1590,15.625639063215473
1591,15.333075946386446
1592,15.653748762775232
1593,15.32286824925659
1594,15.303274755849031
1595,15.300912993055121
1596,15.300333115600385
1597,17.390520004302104
1598,14.925993933986726
1599,15.975661604674384
1600,14.828396228120562
1601,16.06118285363413
1602,16.986732622169963
1603,14.289282983016637
1604,14.82906296021892
1605,13.862122867436561
1606,15.734990446171736
1607,16.855720617712816
1608,15.071398494528038
1609,15.941482531378956
1610,15.635277850270041
1611,15.362580137534515
1612,15.69464927874882
1613,15.247157984082072
1614,15.443695883229363
1615,16.290959248697913
1616,16.08157213148367
1617,13.969741017792373
1618,17.58300005284199
1619,17.119240731338728
1620,14.762243878902073
1621,14.920772921189082
1622,15.82595520163582
1623,15.543593011954794
1624,16.554894361963786
1625,14.195100737046326
1626,16.77324321573735
1627,17.109250020175182
1628,15.439244495059285
1629,16.467416113564614
1630,16.111216558119025
1631,17.253495256639354
1632,17.196197175055758
1633,14.902180934405962
1634,14.890989869719903
1635,17.01315007360343
1636,16.145060893289486
1637,15.103392433147592
1638,15.73654566793744
1639,16.845744105308157
1640,15.556011372366608
1641,16.722063171870442
1642,16.432602049149263
1643,17.10016158977373
1644,14.906558137470928
1645,14.87482174818935
1646,15.896552798541169
1647,16.164508040900817
1648,16.276931697570884
1649,14.253347289651952
1650,15.95242412045227
1651,16.909991374002182
1652,16.489633447873455
1653,15.884593734910847
1654,15.38135233993204
1655,16.511387384280223
1656,14.922176311274091
1657,15.503260349335527
1658,16.23222868488646
1659,15.254030812491983
1660,15.650485601498016
1661,14.138697480542808
1662,16.23658511696871
1663,14.992012415049313
1664,15.36967279006484
1665,16.123217567365888
1666,15.479494258044928
1667,15.612681956981024
1668,15.717874675489583
1669,15.759553135117908
1670,14.324326907821202
1671,15.483446993984971
1672,15.60968582140801
1673,15.070367549271984
1674,15.724019602861548
1675,14.89054932400144
1676,15.055930131743848
1677,15.98394543270518
1678,15.134404369239776
1679,15.157391336913722
1680,14.989923407236414
1681,15.390242014984342
1682,15.875683604237905
1683,16.411657081064888
1684,15.479541116658323
1685,15.210155159053828
1686,15.451606298949983
1687,15.229000608576492
1688,15.843397842243467
1689,14.67054467047258
1690,16.6446959567323
1691,15.55948858587421
1692,15.134812385417534
1693,15.712412895826501
1694,16.10795190097396
1695,17.369919622887505
1696,15.864084586234158
1697,16.912279364054697
1698,16.084745145891482
1699,15.286548108787409
1700,17.452265125200896
1701,14.345282013898622
1702,14.708562844393422
1703,15.549277440315306
1704,13.776993747676991
1705,16.118972003593107
1706,15.852374453330896
1707,14.700626427769947
1708,15.77582536570522
1709,16.045848627093633
1710,15.087324625324246
1711,16.171316450113707
1712,15.298366895849068
1713,14.886491927130713
1714,17.740169520124013
1715,15.634578138703347
1716,15.122162453663346
1717,15.505437074536312
1718,15.008826209980743
1719,15.826494625415197
1720,15.857524007439117
1721,15.302123439808057
1722,17.308111431965497
1723,15.779253566836829
1724,15.091729926058338
1725,16.047757889022318
1726,14.437614945921093
1727,15.233792036061775
1728,14.760978483825452
1729,15.396197348673327
1730,14.80688919006522
1731,16.409876181468434
1732,16.46073667195496
1733,15.603024663283367
1734,15.778224266918823
1735,15.776009840462205
1736,15.361512374834522
1737,17.215474911522225
1738,16.265601143065386
1739,15.870414039515982
1740,15.09536274534901
1741,14.88471764885688
1742,16.338276733163816
1743,15.934642223836606
1744,15.741837090329762
1745,16.863943199086986
1746,15.437772369574901
1747,14.154049496926163
1748,14.86340434195185
1749,15.140632401791606
1750,15.583601717093392
1751,15.504681753581071
1752,15.026992784612522
1753,15.31807016898002
1754,16.179843624935913
1755,15.797122876940705
1756,16.120575253411115
1757,15.259863168985428
1758,17.110283042845296
1759,14.647539156332646
1760,14.866539791899674
1761,17.091670818356558
1762,16.287073957898535
1763,16.635899680206073
1764,16.69434531044268
1765,16.172204887700712
1766,15.410023435507279
1767,16.258965756216725
1768,14.86889227568346
1769,15.82259504304946
1770,15.748461188544445
1771,17.46906958111045
1772,15.73291805133702
1773,16.380821073761854
1774,14.364573678769878
1775,14.284580783831455
1776,17.966470187690067
1777,14.779825783239055
1778,16.079024037381224
1779,16.88965769699579
1780,16.21257829122219
1781,15.045422754558167
1782,14.733579353844522
1783,16.480278209915138
1784,16.940438889248057
1785,15.825395468651646
1786,15.331433369818308
1787,15.925888824216234
1788,15.305211513243416
1789,15.375751235526284
1790,15.207007426458325
1791,14.932690605696719
1792,15.394261646353142
1793,17.705818111422584
1794,16.786587188395522
1795,15.005275229722772
1796,15.29113275917084
1797,16.24357760551209
1798,15.122197967387617
1799,16.2616956972974
1800,15.438533627631372
1801,17.631547273898647
1802,16.306064528195435
1803,14.398411908884441
1804,15.025653925911419
1805,15.497105641798337
1806,15.469359720725315
1807,15.798457407894778
1808,15.2199143545205
1809,18.430891167404347
1810,16.11390943901633
1811,15.943874618697723
1812,15.312461676044249
1813,16.16772047408449
1814,14.613322566551616
1815,14.379996210120199
1816,15.12686830706992
1817,15.593859846758752
1818,14.849297340176717
1819,15.75918152088653
1820,16.263745282269937
1821,15.69213547201328
1822,14.43017712260324
1823,15.056813829312139
1824,16.918028454820206
1825,15.397526664931856
1826,15.031973153354452
1827,14.766431059855222
1828,16.062100014846592
1829,15.545372201109886
1830,16.189165261668194
1831,16.29886983246994
1832,16.937850372976836
1833,15.689254615641413
1834,16.39527279276803
1835,17.19580105660825
1836,15.002670888374642
1837,16.1987730621404
1838,16.277437760469294
1839,17.55968866014504
1840,15.824311438764077
1841,14.66096713169928
1842,17.719318673283873
1843,16.245116537580458
1844,14.638678957069692
1845,15.399901746250219
1846,14.711122955393222
1847,15.638169697914087
1848,15.01030112706057
1849,15.574405712424532
1850,17.07797690579407
1851,15.914425987098836
1852,15.123915888843097
1853,17.016104067126303
1854,15.637133797864786
1855,14.797470782070542
1856,16.038095084726102
1857,15.254138994962437
1858,15.472880801175826
1859,14.732026530642242
1860,14.866004225630117
1861,14.441540101376594
1862,16.196284992802443
1863,14.648641519008088
1864,14.823947516010522
1865,15.94674534060597
1866,14.252101295506105
1867,15.607108537248976
1868,15.837857774036564
1869,15.348909808248191
1870,15.169096601769338
1871,16.419514033267035
1872,16.222247438984134
1873,14.27381371268192
1874,15.313021191262532
1875,15.95793619171422
1876,15.616923182360388
1877,14.223463207510328
1878,16.443389002789214
1879,16.239669254339063
1880,14.979837899377737
1881,15.384089229821717
1882,15.22411805695361
1883,15.876559575190608
1884,15.15207295638564
1885,15.398466853599466
1886,14.868020359769437
1887,16.02634902812264
1888,15.875106540196306
1889,15.318190732917696
1890,14.648087875723856
1891,17.05126847959031
1892,14.855305073130706
1893,15.387033617007992
1894,15.096956857145122
1895,16.12114805879459
1896,15.595932477815733
1897,15.63035085816196
1898,16.51081310653579
1899,15.438433044486763
1900,16.01758902337596
1901,15.30492977630924
1902,16.774594759239974
1903,14.034076971060616
1904,15.42709350755631
1905,16.595741798633945
1906,16.868105627915412
1907,14.733357804138436
1908,15.614501509068116
1909,14.550535420997292
1910,15.54424957912132
1911,16.887023369603426
1912,14.919353069459351
1913,14.741044007284392
1914,14.831513454256012
1915,15.329443871455759
1916,15.30669117714857
1917,15.84263968355011
1918,15.559089263148033
1919,15.24421405046301
1920,16.153750896154115
1921,15.832825281235497
1922,15.363148296734803
1923,13.856276292893536
1924,16.06948298933881
1925,17.239850271397124
1926,15.88758653999882
1927,14.805678590133303
1928,15.682973502151063
1929,15.352331975248422
1930,16.040521711315844
1931,14.100360967552854
1932,15.192799456095404
1933,15.286808329351347
1934,15.871577618156582
1935,15.434974966703383
1936,15.549422538048654
1937,15.613919592835499
1938,15.98723366370431
1939,15.555478546865938
1940,15.730957370626113
1941,15.888581897255767
1942,15.911222170746512
1943,16.119997786606284
1944,17.227994499757255
1945,16.905572587633753
1946,17.1340013612574
1947,16.25335873858584
1948,14.902210645756371
1949,15.913294910123412
1950,16.29714964911268
1951,16.337122219484044
1952,16.113183368887142
1953,15.652717915468154
1954,15.265393259073686
1955,16.314041542370386
1956,14.56012013911792
1957,15.70163656031175
1958,15.708179608576687
1959,16.741971023551983
1960,15.578830221563383
1961,15.916143934469819
1962,16.956137697410817
1963,14.621594558121224
1964,15.49863772410997
1965,15.533634079903937
1966,15.950289386278646
1967,16.51931364380067
1968,17.07585581612797
1969,15.668566424013557
1970,14.002222729794516
1971,15.259501481471796
1972,16.4023915548615
1973,15.1286745872799
1974,16.043153426259483
1975,14.52424059413067
1976,17.083709489071914
1977,15.75318132667617
1978,16.212808725822487
1979,16.820337326186912
1980,14.199775926201985
1981,15.558107806655903
1982,15.967801599400376
1983,14.127300044700124
1984,15.483732921935253
1985,14.717566750542385
1986,16.4048601816644
1987,15.445164486409888
1988,15.37419152547353
1989,15.577976645406212
1990,13.811834470881038
1991,14.241298438110057
1992,14.827500640059128
1993,14.541719677981712
1994,14.456097666956943
1995,15.271144942276212
1996,15.660654189147417
1997,16.739001296492514
1998,15.57707450654414
1999,15.689161448496115
2000,15.288524550716671
2001,15.865452544520247
2002,16.302685149819922
2003,14.824058579181134
2004,15.296112284129249
2005,16.48342061071763
2006,15.299460634362767
2007,14.01460866744242
2008,16.471567501401257
2009,14.55473519444376
2010,15.22796785102527
2011,17.104606674282085
2012,16.83653615769303
2013,16.53666074039518
2014,16.180790054983074
2015,15.628281941759319
2016,14.791179197045437
2017,17.265968999967114
2018,15.216184316346432
2019,15.779533842853144
2020,16.04433415402881
2021,18.55346561145116
2022,16.70148593336085
2023,17.331334447804082
2024,16.189404437939807
2025,14.373568313791715
2026,16.214633884224842
2027,14.897516882650955
2028,14.850990082116436
2029,16.99053975327788
2030,14.805812520880776
2031,16.12248412105066
2032,14.932548683403619
2033,14.757028753482775
2034,14.355789439945353
2035,14.768790038897766
2036,15.764479585631582
2037,15.864889992883755
2038,16.65284441801995
2039,15.179712019419046
2040,15.567223963979075
2041,15.498621441797427
2042,15.442176550334585
2043,15.844313565563597
2044,16.800028965771375
2045,15.75516771485545
2046,15.335108809792565
2047,14.92669059038775
2048,15.99282139100655
2049,17.747726515588944
2050,14.209069160434808
2051,14.667624090612568
2052,17.480053449048558
2053,15.085605328864203
2054,15.363538815878108
2055,15.775042685450746
2056,16.544472635499297
2057,15.42304259001076
2058,15.26389678398852
2059,16.004463413563435
2060,16.771547574913637
2061,14.900573290030287
2062,15.80701616658687
2063,15.922025232528231
2064,15.339323280926715
2065,16.01740552971657
2066,14.28692616626823
2067,16.35602196346183
2068,15.489351016434412
2069,16.030522043149514
2070,15.351009181800261
2071,17.425239770019708
2072,15.135704555343475
2073,15.860331849442654
2074,16.01972231966322
2075,16.33462025619386
2076,16.068330931706427
2077,15.296415547114428
2078,14.1823713283244
2079,16.956703219913372
2080,16.677267571123675
2081,14.82834386663618
2082,14.846213051635784
2083,16.05578100007568
2084,15.628640459619904
2085,17.737636629590433
2086,17.123481672888154
2087,15.174589788516528
2088,16.696112781623093
2089,15.23370787989276
2090,15.71987595467519
2091,15.838145296216036
2092,14.638053775497427
2093,15.690536097783312
2094,17.467409371222683
2095,15.371669618339705
2096,15.562765336637336
2097,16.226008342679904
2098,16.388435641844445
2099,15.893011746941553
2100,14.740009309075113
2101,14.84863460379368
2102,15.679334025564422
2103,14.942450143309548
2104,15.131799085431636
2105,15.53888759100629
2106,15.266891748254087
2107,14.481769247224669
2108,15.152740155515605
2109,15.397257546574844
2110,14.905085219083535
2111,15.803867700185684
2112,15.810719323115174
2113,15.820836284091344
2114,16.077451875490777
2115,16.10781113544218
2116,17.559463219928656
2117,15.933636660816918
2118,15.239839559762853
2119,15.332989051111499
2120,15.20190576074394
2121,14.731209871739718
2122,16.230931635807814
2123,15.752186436537912
2124,15.21476541260503
2125,15.41242931170632
2126,15.056471479645852
2127,15.493927678717473
2128,15.06404795122456
2129,16.085926593060837
2130,14.900828964871273
2131,16.892538884698638
2132,13.966599271446503
2133,16.381185856509372
2134,15.151489669331447
2135,15.087247509436043
2136,14.961949792894478
2137,16.078787922383544
2138,14.915730954628113
2139,16.16775330110415
2140,16.424255745736442
2141,15.199325696098045
2142,15.792070477585074
2143,16.029459217863383
2144,15.145062663468385
2145,16.460455379334253
2146,16.79017530945328
2147,17.114471896311418
2148,14.916822534820804
2149,16.535137268441808
2150,15.516838474995426
2151,16.267801335546313
2152,15.809055292668512
2153,16.366758934604857
2154,15.81406902626991
2155,15.41918318108309
2156,16.14628129427456
2157,16.292172192160052
2158,17.17139121307531
2159,14.816249634581531
2160,17.071113169328697
2161,16.003205954658796
2162,14.72569847101591
2163,14.643711995519446
2164,16.04505722242335
2165,15.598740719855
2166,15.259778018863965
2167,16.000519902624383
2168,15.240616984458546
2169,14.59430168257827
2170,14.80665318746226
2171,15.889258100265605
2172,15.592926158251041
2173,15.257609440200623
2174,15.84350573385401
2175,16.107270408579428
2176,15.929678084580607
2177,15.02767058388507
2178,15.31944208257154
2179,15.513731090353767
2180,14.916715697179104
2181,16.861572393973304
2182,16.300651744498108
2183,15.31086727607115
2184,16.3531881165599
2185,15.83903753853995
2186,15.188407540937135
2187,14.702376430745653
2188,15.931332871618409
2189,15.812259892985708
2190,15.86168118160995
2191,17.566616322905762
2192,15.279560854276443
2193,16.804882313005486
2194,15.00970221237951
2195,14.653530755915313
2196,14.502048720543245
2197,16.302530990468014
2198,14.795569401036387
2199,14.946212860711801
2200,15.35316886448963
2201,16.034510817224287
2202,14.98348634057862
2203,16.251644781725815
2204,15.503016002822608
2205,15.868881789793198
2206,16.48031379492806
2207,17.69617045471202
2208,16.44954623490934
2209,13.535476733018639
2210,15.589615761648934
2211,15.606059320209326
2212,14.415131569610491
2213,15.591717476045652
2214,16.27931028394084
2215,15.475005222197957
2216,16.190934224328046
2217,16.654423335476334
2218,13.388679631521594
2219,17.141898781185958
2220,15.575204395519322
2221,16.107068288118843
2222,15.556969763143186
2223,14.45667165435951
2224,17.004959868930985
2225,16.394069075158306
2226,15.403334185892872
2227,15.3770472385725
2228,14.983562623004767
2229,15.836504550857585
2230,15.48054323945357
2231,15.075674690839023
2232,16.407174475566254
2233,16.568605915401886
2234,15.72370489188753
2235,15.297185680314481
2236,15.338152808522844
2237,14.905520580191158
2238,15.906326789917596
2239,14.82779555450633
2240,16.268647945509667
2241,13.515041257835062
2242,17.846666520399992
2243,15.754390973214587
2244,17.23777607757023
2245,15.225284453489271
2246,16.854840749436715
2247,15.607996820102011
2248,16.22060038258443
2249,15.325213878343144
2250,14.75628525184031
2251,16.891001869034508
2252,15.38061463154193
2253,16.418340180030825
2254,16.79118420319034
2255,15.961159046515972
2256,15.686315241919013
2257,15.990575310713547
2258,15.754829386227051
2259,16.367519203535405
2260,14.561488648099093
2261,17.186461535545806
2262,16.002995534046512
2263,14.619272620259833
2264,16.64197241650287
2265,16.206690122086385
2266,14.549475837401719
2267,16.117610983666584
2268,15.702729324678677
2269,14.328698595723598
2270,15.187579442320937
2271,14.678978298135625
2272,16.001857306709276
2273,14.284718221386958
2274,15.668725012577081
2275,17.0628443095465
2276,14.73325032227951
2277,16.710812640066422
2278,14.216547460582397
2279,16.87044178028102
2280,15.296815418371319
2281,16.85153280219363
2282,16.216567380269762
2283,15.612355789510833
2284,17.052780176402717
2285,15.773379698896669
2286,16.535965036189907
2287,14.781895761993514
2288,15.024634322664205
2289,16.20013886230648
2290,14.512069842770522
2291,15.106154267073535
2292,15.667148690040404
2293,16.118045075174695
2294,14.838794781852455
2295,14.77831194185446
2296,14.83197293911084
2297,15.270502256523649
2298,16.217914897119535
2299,17.417951997099518
2300,15.069826577894942
2301,16.55891695199906
2302,15.171601901077585
2303,13.9229773511109
2304,14.570812155328769
2305,15.681612051231845
2306,16.511855565763177
2307,17.227367673194273
2308,15.498978860348718
2309,16.97983180445987
2310,15.310178952651647
2311,15.013971580957055
2312,16.75271345122576
2313,16.393010741044037
2314,17.252174829442563
2315,17.231157337656402
2316,13.669165646386467
2317,15.374541249730642
2318,16.865179907652973
2319,14.626511590970258
2320,14.280548913994666
2321,16.965808776938186
2322,16.174752716008715
2323,14.806765001349037
2324,16.989199939110403
2325,14.854947561234383
2326,16.81608469303456
2327,16.464507243905743
2328,14.735081711477942
2329,15.549335259778875
2330,15.537140516522031
2331,15.797326037881879
2332,16.165244840207432
2333,15.558217359581723
2334,14.101442638291802
2335,17.778184925883238
2336,14.090626396158719
2337,16.148421686263347
2338,14.072454085426056
2339,16.451568166713788
2340,15.705389612785783
2341,16.04355226636715
2342,16.1614037068011
2343,15.56116705843605
2344,14.294979453695774
2345,18.314239626550332
2346,14.918612530631716
2347,15.139318280683952
2348,14.790911365678115
2349,16.83589952990366
2350,16.48204531497137
2351,16.847920779104623
2352,14.685344818474602
2353,16.500020151401753
2354,16.533092228921877
2355,15.844148002551673
2356,16.425869053199385
2357,16.70969360662983
2358,15.157827927445027
2359,14.76812603087462
2360,15.693716494097771
2361,15.49794389073081
2362,14.686766411677205
2363,16.413670285316915
2364,13.925111213260301
2365,15.211892917265779
2366,14.608090275672662
2367,16.006116987292785
2368,15.845324445469638
2369,16.70539425634268
2370,16.501310167015816
2371,16.186018065944015
2372,15.555333001907494
2373,15.00114605363581
2374,15.805685784595097
2375,16.287223884886387
2376,16.080449001589912
2377,14.555778116567964
2378,15.842246556490672
2379,17.241343085521148
2380,15.41349182221935
2381,16.918565544667512
2382,16.477952271926917
2383,16.470043262108742
2384,16.568181503740114
2385,15.2281992457097
2386,16.33327167349754
2387,17.163456539587873
2388,14.03340494819748
2389,15.516510976619108
2390,14.731916141693453
2391,14.239214443985752
2392,14.478842281055325
2393,16.09496206310793
2394,15.78309897437796
2395,15.794870632453689
2396,16.810319665596285
2397,16.171457302085596
2398,16.434534902603144
2399,15.347263931762784
2400,15.655722769455977
2401,15.861720238071495
2402,15.848621373225933
2403,14.699585922143207
2404,15.05985409875359
2405,14.760178997524182
2406,15.909088454903678
2407,14.139711513146448
2408,17.41097719437585
2409,16.757524078735255
2410,16.165314049068844
2411,16.454524087945035
2412,14.638671491044436
2413,14.484226886825628
2414,15.958812601351655
2415,14.58733425303887
2416,15.754931929153464
2417,16.05637849534365
2418,15.276992265386413
2419,15.173829412851866
2420,13.621028299479216
2421,15.760084416827372
2422,15.380554069448513
2423,16.129292252068662
2424,14.883964886784954
2425,16.06884329711173
2426,15.40415526878251
2427,14.925920676351499
2428,13.883318942618152
2429,15.490937094757248
2430,15.517564683866043
2431,15.880958914756965
2432,16.839259205103296
2433,15.336816317246145
2434,15.680355181945146
2435,15.385375888071154
2436,17.249277600490473
2437,15.199138498258378
2438,15.469997956926308
2439,15.501543869887675
2440,14.880103145612598
2441,15.362458526757425
2442,14.810045586333127
2443,14.845852815970094
2444,14.49842535530281
2445,16.027121128803035
2446,15.903236712105162
2447,15.313600923935157
2448,15.615883633791706
2449,15.172087946443465
2450,16.19104096915925
2451,16.15152957769482
2452,15.677561655745317
2453,15.027252716579193
2454,16.40599394269833
2455,15.375921134420242
2456,15.966016172548729
2457,15.907405748407946
2458,15.624390383783712
2459,15.210588781863034
2460,15.36191281387007
2461,15.812172190964821
2462,14.942754903668014
2463,15.128265858899486
2464,15.559753722318634
2465,13.249186129187388
2466,14.972054714790042
2467,15.75945544245598
2468,14.914927767772832
2469,15.237445172309185
2470,17.44728979981623
2471,14.631920856319908
2472,15.970911705993576
2473,14.897506289058782
2474,15.532278031443202
2475,17.620324321785485
2476,15.225094805791697
2477,15.31196353353307
2478,16.364020309251938
2479,14.396796013970693
2480,17.119604478005552
2481,16.013042758635194
2482,15.470548724180869
2483,15.014871599978077
2484,14.062634335636455
2485,14.831499162706628
2486,16.08080735924972
2487,15.644677272944422
2488,15.456049354819955
2489,14.729399777168368
2490,14.632803716302929
2491,16.352631605106666
2492,14.626574077776832
2493,16.13456761035664
2494,14.872567862304576
2495,16.57678872569321
2496,15.265876666200594
2497,15.388474789382993
2498,16.305216269993398
2499,16.974805984429718
2500,15.851559019882515
2501,15.108604321989446
2502,14.904262050177048
2503,15.305784127486671
2504,14.559583017706036
2505,16.425507792945403
2506,15.737797380032145
2507,15.438002800411903
2508,15.386403560956806
2509,15.924303965235826
2510,14.518345022505562
2511,15.737988116511856
2512,16.139171800057824
2513,15.094104352447422
2514,15.099652234386234
2515,16.42756538586325
2516,15.321792504356207
2517,15.509569875649824
2518,16.437504806542876
2519,16.874452219341073
2520,15.609785914775147
2521,15.07496398875371
2522,14.458240082120694
2523,14.714990969639887
2524,16.033748186237794
2525,17.2806880120693
2526,17.091845570654392
2527,14.998339414148303
2528,14.968567350975793
2529,15.461630353135975
2530,15.211946896738892
2531,15.898512501254734
2532,15.030649618002707
2533,15.617740266642429
2534,16.402963878963533
2535,14.951102286379946
2536,15.825392318255421
2537,16.023771326502864
2538,15.985118531520444
2539,16.636184353458162
2540,15.495321701961261
2541,14.977805482694803
2542,15.332983006006051
2543,16.082240627032967
2544,16.34857658312115
2545,17.140772947762525
2546,16.55929978917479
2547,14.913726484438893
2548,17.271609368815437
2549,15.764853690095167
2550,15.755983540747613
2551,15.443954191646965
2552,15.156568641433209
2553,15.483371864776485
2554,17.266213335321947
2555,15.239194946423519
2556,15.657727302633893
2557,14.610069424458214
2558,16.449346606191128
2559,15.729266472656438
2560,16.605947516764466
2561,15.59220663864809
2562,15.19710148777751
2563,14.383312379274166
2564,16.643525831670132
2565,15.111117675834807
2566,15.485553963388826
2567,15.306663968621894
2568,14.570623738056614
2569,15.027183871239608
2570,14.460055122051214
2571,16.343416051360094
2572,15.118951805392964
2573,16.005522759616525
2574,16.197528651131897
2575,16.925709401122795
2576,16.26190045387843
2577,16.564089630226274
2578,15.32658633612743
2579,16.60980046761176
2580,16.91581160930806
2581,16.640294047647853
2582,15.62714123194437
2583,14.940403408490006
2584,14.92675621662729
2585,17.642074353682982
2586,15.48961830217627
2587,16.238494159432783
2588,17.148369892504572
2589,14.791003318188634
2590,15.581180192186723
2591,15.498597120832555
2592,14.952125013346064
2593,16.55206489665035
2594,15.751246967994428
2595,14.665885173303451
2596,15.9470132528483
2597,17.758145572581984
2598,15.920605392830796
2599,14.92349010647064
2600,15.286892473939549
2601,16.4600370536369
2602,16.15069013642593
2603,15.797530811849631
2604,15.78966957877692
2605,15.223628630747823
2606,16.10631685124103
2607,15.752960147439284
2608,16.178962216568237
2609,17.172619623643655
2610,15.873772519849455
2611,15.168238617501794
2612,15.47265975062111
2613,14.913389600882052
2614,15.393239373182922
2615,17.253194591626347
2616,17.78409106782505
2617,14.629706933765085
2618,16.837864084220612
2619,15.49253151040715
2620,15.69379977726427
2621,15.272944805799414
2622,15.528749655019901
2623,16.09391393443033
2624,15.606202614890762
2625,16.014460090664002
2626,15.607222939961119
2627,14.148200645177461
2628,15.325810320846399
2629,15.215065923186701
2630,16.332159983630117
2631,16.159124568895745
2632,15.525400169283238
2633,16.263515555304433
2634,13.64591684804977
2635,17.77863375490887
2636,16.39116717731109
2637,16.330491563639633
2638,15.209188452580443
2639,15.462567153961901
2640,17.350428459977934
2641,15.66796932834395
2642,17.210850467541192
2643,15.008029262812965
2644,16.790928154825853
2645,16.672990586644605
2646,14.695708384965995
2647,16.03001822447912
2648,16.295002114647925
2649,14.652722309691976
2650,16.133602740319194
2651,15.147724774167735
2652,16.46472410661155
2653,14.641394195829896
2654,15.347799132015718
2655,16.248153069776496
2656,15.599379964936535
2657,16.412318925589236
2658,16.101402454021475
2659,15.648689263716795
2660,15.777516827665018
2661,15.409935175620264
2662,17.016846271949863
2663,15.78113033004421
2664,15.032221563569015
2665,16.96555084009032
2666,14.363915506908853
2667,15.608440472422917
2668,15.30743356441941
2669,16.2219945792344
2670,14.599309463503223
2671,15.619886178367237
2672,14.96137726580056
2673,14.77397925356751
2674,16.683070250652438
2675,15.760180238364281
2676,16.10863464313732
2677,16.340790866639463
2678,16.005361615948605
2679,16.15814515594154
2680,16.197209434566247
2681,16.3268687815853
2682,16.321133935321516
2683,15.368913478929118
2684,14.728268303547072
2685,15.80838959393907
2686,16.619265385248397
2687,15.570679773845589
2688,15.094441906213651
2689,13.763230710839043
2690,16.687374803194935
2691,15.967607902856109
2692,16.09051473956916
2693,15.476381274574049
2694,14.974860485291417
2695,15.974666351201943
2696,17.558126631719805
2697,14.844235935604553
2698,15.870703798138113
2699,16.17577657322934
2700,15.013093702420607
2701,15.208438009398757
2702,16.38410003645885
2703,15.198952536135929
2704,16.037754942182847
2705,14.661387492309073
2706,15.011265833585387
2707,14.53461309700017
2708,15.819455695553765
2709,17.291483456006386
2710,14.505333659807208
2711,15.453620793542958
2712,16.310783129667087
2713,16.994661467259803
2714,16.731961810193216
2715,15.418985889622894
2716,16.375345043472695
2717,15.848909462896996
2718,15.951318567252205
2719,16.47472569457314
2720,15.692321368851537
2721,16.02894038422366
2722,16.86351295834577
2723,15.19017871596905
2724,13.949195350051735
2725,15.426561460850682
2726,15.615794820909127
2727,14.795898165810627
2728,15.163878317380265
2729,17.042957959584157
2730,14.964078579611657
2731,15.413607267058252
2732,14.941628526287523
2733,16.048834861448814
2734,16.18534230488261
2735,15.764420415198744
2736,14.194930023718907
2737,15.586671704266466
2738,16.697338725853168
2739,16.185406704996602
2740,14.609865382518198
2741,15.927361492034743
2742,15.46885366928255
2743,16.04486677517709
2744,17.865179693256504
2745,15.928112682192259
2746,14.597173429790347
2747,14.773843760450807
2748,15.659824802322712
2749,15.448767913292913
2750,14.625692385133114
2751,17.461231418071073
2752,16.304509232292208
2753,16.552815886604353
2754,15.951264614981337
2755,15.368095849739444
2756,17.565283392104448
2757,15.14938317159871
2758,16.502786558005806
2759,16.92155141684858
2760,14.900562829792936
2761,15.144193159253417
2762,16.32205814459356
2763,14.702646608028964
2764,14.96175692890032
2765,14.504234415292295
2766,15.467637662287688
2767,16.80517752802705
2768,15.798471271986953
2769,15.651814986322949
2770,15.997557972883175
2771,17.194605105600257
2772,15.267632519404572
2773,16.906798726553266
2774,15.286162423935865
2775,15.837786897400672
2776,14.49391849123986
2777,16.12164534282529
2778,16.15154026815813
2779,16.279203719806606
2780,14.413807817173256
2781,16.278544208496115
2782,16.802200916266013
2783,16.702755799981276
2784,16.527924032797426
2785,17.533702267508257
2786,15.251241729896163
2787,15.19850645795886
2788,15.339728775478854
2789,15.739954729494242
2790,14.79293154044517
2791,14.848889244525159
2792,15.754702668232776
2793,16.037748657988388
2794,15.679660347353808
2795,16.518282638696107
2796,14.5817018692929
2797,15.503023413596926
2798,16.345793463418374
2799,16.03454844452984
2800,15.019273541303706
2801,17.19980906310363
2802,15.08622991899575
2803,13.972207120337341
2804,16.23994429178716
2805,14.968641188193713
2806,16.612032513523445
2807,17.51126668927992
2808,14.611310894300374
2809,16.192059479915738
2810,15.61637580602972
2811,15.39438199365383
2812,15.52604941566508
2813,16.013349791557655
2814,15.89111045855066
2815,15.406369115878784
2816,15.599982735757429
2817,15.254807293281507
2818,13.859058447826428
2819,15.113936882122282
2820,15.529422135715965
2821,16.252131817162542
2822,14.47718150688431
2823,14.48378671889991
2824,15.26471162262564
2825,15.467443404172478
2826,15.39099976560811
2827,15.918132648281185
2828,15.009732230663605
2829,14.226121667731782
2830,15.686033157629456
2831,15.839994162271827
2832,16.276140312430496
2833,16.763308927576468
2834,14.754932104242792
2835,16.916451659038966
2836,16.573171377730603
2837,14.239236967928935
2838,14.34091441276922
2839,16.570834589593
2840,15.363198644726998
2841,15.437434895809332
2842,14.17506905277498
2843,15.103315704101256
2844,18.0373608877913
2845,15.957336519264178
2846,13.748226894026091
2847,14.578868230042545
2848,15.920084998595362
2849,17.80728734351889
2850,17.062358461205648
2851,14.298521538194155
2852,15.904636789942538
2853,16.79007482636065
2854,16.360592445143247
2855,16.22311979378029
2856,14.605731998108713
2857,17.75053903829149
2858,14.038841007400936
2859,15.555495854115168
2860,14.50902834361416
2861,16.048494582931895
2862,14.662235258170456
2863,15.308985924888578
2864,15.817850361760362
2865,15.981860747688946
2866,16.39764706928204
2867,16.147186577924906
2868,14.721964339930391
2869,16.05230120400404
2870,15.940998608136905
2871,16.969820966673755
2872,15.548182633309246
2873,14.512692882329771
2874,16.417267274856968
2875,15.356107317852333
2876,15.641845151422986
2877,16.4359674562178
2878,15.716358647432314
2879,16.52928871710015
2880,16.237805485393732
2881,15.159738576179006
2882,16.97160639080996
2883,14.347854893066934
2884,15.494368070757513
2885,15.329290063107004
2886,15.466063797718954
2887,15.81074503015051
2888,14.94721895369743
2889,17.31581530882731
2890,16.385417065842002
2891,14.738985041342985
2892,16.403271873518456
2893,17.154969088822728
2894,15.6937126846968
2895,16.0857291174831
2896,15.757806154156095
2897,15.541223106775726
2898,16.28319825208995
2899,14.778813816922783
2900,15.014863688202254
2901,16.003011178162666
2902,15.886406101815508
2903,15.705848769535493
2904,16.316953813698817
2905,16.08794063413849
2906,16.49523014741962
2907,16.820257168974393
2908,16.728276318168554
2909,15.802566597105582
2910,13.989970103538244
2911,15.445213259177624
2912,14.65588805893934
2913,16.850940361639704
2914,14.129129774133657
2915,16.177323622067462
2916,17.215716889761524
2917,16.024432358874893
2918,15.2463793970031
2919,16.576594807805954
2920,16.06964628358502
2921,15.508339931311628
2922,15.035162941487156
2923,15.707959934694337
2924,14.899023034602356
2925,15.012726123953737
2926,15.915285659005525
2927,15.729058045999105
2928,14.498217838331534
2929,15.758522068361609
2930,17.168601995067984
2931,15.061932212004555
2932,14.783164836690592
2933,16.619660194494102
2934,16.591673009225087
2935,16.263505233379178
2936,15.509526979493373
2937,15.219628874907947
2938,14.930292424236601
2939,16.217702020224134
2940,16.06188571157759
2941,16.097492312328708
2942,13.726586434269274
2943,16.520106142539326
2944,15.360939715643012
2945,15.54722672587556
2946,15.729740004711322
2947,15.289541698269629
2948,15.300646349583268
2949,15.227537947217707
2950,15.636582627717276
2951,14.924785010332235
2952,15.818625365164122
2953,16.43944518247253
2954,15.919826432999242
2955,15.545922074820936
2956,16.039094884801226
2957,16.386653965169465
2958,15.981947894099577
2959,14.8966832153007
2960,15.737896491449689
2961,15.23173187271241
2962,15.194380408042043
2963,16.05447971658935
2964,15.61170070447297
2965,15.910626700146537
2966,16.04233163743705
2967,15.90262901484237
2968,15.651801033426532
2969,15.900419563868882
2970,17.2326686700085
2971,16.85286295977884
2972,14.729650184587946
2973,15.182595062977448
2974,15.866235797243068
2975,16.339219747482524
2976,15.6017090357835
2977,14.832181993288803
2978,15.323274860669455
2979,15.405348544982957
2980,16.268716013842923
2981,14.94938742827103
2982,16.296003166530465
2983,14.475720050306915
2984,16.485290894442052
2985,16.72333014426673
2986,14.39896637801602
2987,16.7640071830744
2988,16.666059030518895
2989,15.7132601191554
2990,16.438346211371968
2991,16.03365236121453
2992,16.277824980518112
2993,16.39973979814066
2994,16.931199921632533
2995,14.467998798588374
2996,15.494013830990674
2997,16.36915534601144
2998,16.30648323532547
2999,15.683140943610539
3000,16.157034263441012
3001,17.252169257188033
3002,15.632594905903494
3003,15.47750937484724
3004,15.930885619095102
3005,15.645669747345977
3006,15.159103009146387
3007,14.5907119970521
3008,16.468735731541514
3009,17.06573838742131
3010,15.04208699192784
3011,15.934336021238616
3012,17.442277512015583
3013,14.376837311152169
3014,16.909379400440553
3015,14.786303792947063
3016,15.69766609124479
3017,16.30943745018346
3018,14.674534698618757
3019,16.28401050389572
3020,15.670905955704598
3021,14.878789678682011
3022,16.205422399063064
3023,15.595455575137901
3024,15.503337701458712
3025,15.96277449441042
3026,16.156946807138247
3027,15.69714378326928
3028,17.046243736909467
3029,15.432679561181802
3030,17.106889897133772
3031,16.456151911616235
3032,15.148947465945612
3033,14.979936503591741
3034,16.799565244141007
3035,15.333637444580042
3036,15.31581316774191
3037,14.36345381307103
3038,16.46555238500938
3039,16.139121048089137
3040,14.52275896272756
3041,17.51121843137768
3042,14.109173536901087
3043,14.598994942656196
3044,15.35893200669787
3045,16.531442811883952
3046,16.274115525888348
3047,15.355670313390506
3048,13.900521961988497
3049,16.23295958874294
3050,15.552441270469362
3051,17.479402260313346
3052,16.09996082136729
3053,14.671945375027292
3054,15.985014584636092
3055,16.948295790662833
3056,16.829381409650185
3057,15.708006960436425
3058,15.601700023835388
3059,16.538107227481863
3060,15.69728131917803
3061,16.996080403991204
3062,16.130707611416724
3063,14.678162217027124
3064,14.345911876651517
3065,16.173305878058848
3066,17.80668666772846
3067,15.583353854556025
3068,16.47025523880825
3069,17.019033296020837
3070,16.432716237221083
3071,15.794968597436377
3072,15.826000125427074
3073,15.438365382536173
3074,14.590328155554488
3075,16.008704094053446
3076,14.649904020083934
3077,15.379884844416422
3078,14.741467689202473
3079,14.498401190395114
3080,14.79323649119474
3081,16.152318511520654
3082,16.492493831568655
3083,15.534799129738111
3084,15.567326290373138
3085,14.871855585224958
3086,16.85163877739346
3087,15.714634090393739
3088,17.226493030857956
3089,16.224270505685915
3090,15.573203940399308
3091,14.932302103836186
3092,14.713887887466607
3093,16.391551894641648
3094,15.469471971770258
3095,16.27372205272887
3096,14.686423797068882
3097,16.305894521734203
3098,15.590592058127212
3099,16.682160356876917
3100,14.427653189154853
3101,15.220767286448728
3102,15.636838461004348
3103,15.693074481957668
3104,16.250723569201835
3105,17.016520387167493
3106,15.39628623062074
3107,16.31115041953784
3108,14.897756452859353
3109,15.267850416688537
3110,15.375777331546447
3111,14.856783867265753
3112,16.418284280668075
3113,16.64075737688745
3114,16.843284094010833
3115,15.215681825939923
3116,17.6786784064748
3117,16.380023104754347
3118,15.440230239895248
3119,15.630093897447644
3120,17.08246489584432
3121,16.160224921502888
3122,14.837405680635547
3123,16.55904273085902
3124,15.674214676115842
3125,16.13153071208028
3126,16.042398033673717
3127,14.281948411806376
3128,16.13486993800406
3129,15.754425773613285
3130,15.848011454019852
3131,15.714040694322124
3132,14.851828344004831
3133,16.816809544861776
3134,15.865481651581392
3135,15.469888838173997
3136,14.724978843540736
3137,15.829233648965626
3138,16.171255811427844
3139,16.47379002247393
3140,14.24292310636184
3141,15.159174903564955
3142,15.538713338303566
3143,15.335408652283212
3144,14.791145335078218
3145,15.857101196586886
3146,15.483805856777307
3147,15.866904895713553
3148,14.522098222686362
3149,15.855098793387713
3150,14.703065594378087
3151,15.867214548143382
3152,14.725612323853914
3153,15.896080374115135
3154,15.610663404977794
3155,16.464816581536365
3156,15.733047035875416
3157,17.109245609667024
3158,15.692181892792942
3159,15.857005147458278
3160,15.954072417570458
3161,15.82246687549697
3162,15.347869293039935
3163,14.09232016251565
3164,15.502376771905483
3165,16.593386488099394
3166,15.361521772645165
3167,16.258518057865626
3168,16.246244484110992
3169,16.14426184697584
3170,14.458883058888706
3171,15.652676240649436
3172,14.451681860303673
3173,16.666151875001002
3174,15.459246857133294
3175,16.323731772897034
3176,14.920154253724299
3177,17.062746786943123
3178,14.97879174427837
3179,15.118388672394989
3180,14.001314550813118
3181,15.729732490575717
3182,15.460671306476483
3183,15.854573962123776
3184,15.672674913163004
3185,15.728501103177454
3186,14.619727232261978
3187,15.246569671315488
3188,14.266971570711872
3189,14.489211359575432
3190,16.66987393351328
3191,15.142283177618554
3192,14.520507607467357
3193,15.917398214262414
3194,16.048384280212108
3195,14.703984196367273
3196,15.96647391767691
3197,16.682009018854224
3198,15.315866414574367
3199,16.481127741092457
3200,17.416342641309555
3201,14.9069411219154
3202,15.69116377077709
3203,16.52032135153052
3204,16.308953433901163
3205,15.646842242491745
3206,15.343342416286253
3207,15.440825823659905
3208,16.012944096302835
3209,15.109624215237298
3210,16.31075126659248
3211,16.25538047914865
3212,17.399094289452613
3213,16.773975015938753
3214,17.061500775708264
3215,15.82298526238792
3216,13.513366655548099
3217,15.645461414537875
3218,14.985866836475974
3219,15.70364712942436
3220,15.710543194794765
3221,15.517323971317055
3222,14.87077604335742
3223,13.369928857986057
3224,13.366627097503498
3225,15.55711298986781
3226,15.4763000329257
3227,16.963134135020404
3228,14.482750825122007
3229,14.956697816546612
3230,16.11770328862173
3231,16.120080428448436
3232,15.934638193632772
3233,15.219841941551365
3234,15.287853656324272
3235,15.830212086587458
3236,15.301917115714016
3237,15.641095762089556
3238,15.410881038811164
3239,17.108840359168767
3240,14.653467134685304
3241,14.471365547556648
3242,14.700556600444488
3243,15.454449563466834
3244,16.000182680804432
3245,15.839495924025092
3246,15.913318526257573
3247,15.135012177671085
3248,16.68165911386896
3249,16.062367831160888
3250,13.693408839249638
3251,15.772617338317653
3252,16.94775994910868
3253,15.570500941399262
3254,15.308564154690096
3255,16.47574790223715
3256,16.057581492853885
3257,16.318992472890486
3258,16.181126953266915
3259,15.76157825869256
3260,15.361637332792512
3261,14.6670529697869
3262,15.134668488678926
3263,15.036509375788311
3264,14.289720206238714
3265,14.367575801144174
3266,14.26068609588996
3267,15.580333004700156
3268,15.806693665994016
3269,16.137085595230637
3270,16.25854359997958
3271,15.665394002200907
3272,17.1716229207969
3273,15.067430164925444
3274,14.828509845852189
3275,16.093744369651954
3276,15.453355521789165
3277,15.79459584996783
3278,15.356519099476941
3279,15.230241343074171
3280,16.385069892718906
3281,16.565527736529123
3282,16.35140892943757
3283,16.170409402525316
3284,15.69984833906282
3285,16.700007593877903
3286,15.269669962462155
3287,16.121118514847215
3288,15.31018766727362
3289,16.756196796876132
3290,15.789780602840093
3291,16.01006128017322
3292,14.2658322164197
3293,15.16374801538753
3294,15.356106822148208
3295,15.095592068105574
3296,15.954384121727704
3297,15.44142683642921
3298,15.062728571455995
3299,14.974254136236988
3300,14.3679702598778
3301,16.244330084006172
3302,14.69524344391869
3303,15.809211396643885
3304,17.47252542705623
3305,17.664008554423784
3306,17.03657173216129
3307,16.58705465032204
3308,16.683480467267962
3309,16.38025699762987
3310,15.277154759079451
3311,14.392801458508526
3312,15.46899517304791
3313,16.325059270615235
3314,14.496207506365831
3315,15.346802368426381
3316,16.00049740378463
3317,14.99468855024627
3318,14.947621350115645
3319,14.087152006705255
3320,16.96874911974909
3321,15.520595998554482
3322,16.82336155955649
3323,15.05862348953301
3324,16.311241373228366
3325,15.341878910000652
3326,16.124634892763684
3327,16.1223227949001
3328,16.659696926425354
3329,16.167900923953333
3330,15.713643604833596
3331,15.499455345488059
3332,16.49527675690887
3333,17.299730678710564
3334,14.417533028214331
3335,13.859569895728558
3336,16.030593635101358
3337,15.960398942400726
3338,15.638936562669873
3339,14.351299085930359
3340,13.787822218623079
3341,14.491565003796811
3342,16.416920960840688
3343,15.99492884637895
3344,14.704806330167388
3345,16.054050788719916
3346,15.176322510232566
3347,15.033293726160226
3348,15.130613947101583
3349,16.96012024991198
3350,15.10009167215275
3351,14.487134322499726
3352,15.315338207619778
3353,16.0624943328068
3354,15.836485632352245
3355,16.189844717274546
3356,15.294494514740395
3357,14.972023579051491
3358,15.160329767075638
3359,14.30331397932891
3360,14.841930034547076
3361,15.600104653610256
3362,16.4388196646855
3363,14.755260963285734
3364,14.75224102809168
3365,15.92281075123701
3366,15.700241072320592
3367,15.825465240778176
3368,16.309096975808135
3369,15.186164853173699
3370,16.614567108535404
3371,16.150658336199037
3372,15.678783813340113
3373,15.659473980808373
3374,15.987484576795799
3375,14.454854305549544
3376,17.31385109129505
3377,16.284643178374758
3378,14.421463432975376
3379,16.62156307400155
3380,15.955096057803685
3381,14.835423262097695
3382,16.01335806247237
3383,15.657048368484729
3384,15.518387084384582
3385,15.944099980818429
3386,14.62100275718513
3387,16.000222984766754
3388,15.688129294316992
3389,16.265725787148448
3390,16.60768716333332
3391,14.848724635505738
3392,16.432375028089773
3393,15.857924018638352
3394,15.809510924040403
3395,15.349636274938094
3396,14.573437099987002
3397,15.865716041364193
3398,16.710037359706075
3399,16.511813065310857
3400,14.923782892892396
3401,14.553612140337789
3402,14.102155855709883
3403,16.61286142142875
3404,15.805387725615347
3405,15.392622259850812
3406,15.241586979166101
3407,15.40696561290794
3408,14.889825940938888
3409,15.067154648244196
3410,15.185427286321124
3411,16.222927100931045
3412,14.641142173952886
3413,16.526298423329845
3414,16.163222590802103
3415,16.391807214170075
3416,16.13769307959261
3417,15.064560170138192
3418,15.79107079544973
3419,14.760007748516326
3420,16.091584299591258
3421,16.73702110637629
3422,16.37091072631465
3423,15.840234853381416
3424,14.910791184813819
3425,15.405635149410218
3426,14.780042292757267
3427,15.029909177346703
3428,14.106844689109783
3429,14.47199627523783
3430,16.27890297496146
3431,15.759298657750337
3432,15.400811526339451
3433,14.930980538815923
3434,14.401338248225821
3435,14.070651692042475
3436,14.359924106991826
3437,16.09030828411509
3438,15.159126164882194
3439,15.524242568914222
3440,16.726346614521265
3441,14.568024415508768
3442,15.210439295961443
3443,15.542634141187904
3444,15.815743310471778
3445,15.62784736605725
3446,14.542086863821778
3447,17.109160858628854
3448,15.7264477270116
3449,16.867066041560278
3450,16.189999477549033
3451,15.545740388053474
3452,15.087009031526316
3453,15.152538005712586
3454,15.789976775596545
3455,14.79502586491111
3456,16.256736599617373
3457,15.136067271632607
3458,14.619003874723637
3459,15.841049837964553
3460,15.800405606745008
3461,17.13680354842578
3462,16.60557110524941
3463,16.123444871997098
3464,14.92390644886601
3465,15.870022434261285
3466,16.246817100779168
3467,15.900783141385132
3468,16.24103088857871
3469,15.141668072399504
3470,14.991053527030134
3471,15.577257661877846
3472,15.361647945985329
3473,15.53809257021685
3474,16.213806490536665
3475,16.300644456090286
3476,16.94861942907349
3477,15.80508038592702
3478,15.269807978300175
3479,15.650502000717614
3480,14.55928896227439
3481,16.84871430418359
3482,15.89441463543272
3483,15.762995676793496
3484,16.030024609976227
3485,15.33228590769616
3486,16.003185925745406
3487,15.315072401888719
3488,15.830984649897948
3489,15.659349035506237
3490,15.77857715768521
3491,15.678045291772698
3492,15.890030950576122
3493,16.08773381254767
3494,14.96027473365328
3495,14.636996306510275
3496,15.577156063654584
3497,16.915698877507445
3498,17.190967708838308
3499,15.817162102859628
3500,15.381739004258682
3501,16.30461637473994
3502,16.502747213737706
3503,15.415787825125252
3504,15.820331340914477
3505,15.242864083616057
3506,14.845403186173531
3507,15.608779055676463
3508,16.475182027193593
3509,15.424855075810978
3510,14.337402417878241
3511,15.089278598001796
3512,15.328550057697802
3513,15.100909122822168
3514,16.155231601133252
3515,16.38481326126877
3516,14.935292628450801
3517,14.065477743586229
3518,15.626552562825673
3519,15.267547165664311
3520,14.513489420813375
3521,16.32855602970112
3522,16.051681566440877
3523,14.993118342596889
3524,15.005555066220099
3525,16.244825358759837
3526,14.407505662470907
3527,15.301183993493698
3528,15.308881734700266
3529,15.412389375050422
3530,15.53121408712613
3531,16.340691980603815
3532,15.55768833138792
3533,16.033342360733947
3534,16.050916748461884
3535,14.871350834214148
3536,14.906812026896898
3537,16.066776721378684
3538,15.54679274224518
3539,14.721922924441714
3540,15.049873223695895
3541,16.050063155689454
3542,15.472914196493791
3543,14.830239474812885
3544,15.047979414237178
3545,15.395987618101165
3546,15.666783044214368
3547,15.237936321546423
3548,15.929836473544226
3549,15.960498942129975
3550,16.73826521929424
3551,15.969272526926728
3552,16.212733414493115
3553,15.199609302210758
3554,15.834372691586442
3555,15.05412794521397
3556,15.297811249836014
3557,16.982799489102433
3558,16.316513902666244
3559,15.770730847302628
3560,15.445151157557397
3561,15.32242279638988
3562,15.010475685182085
3563,16.20921094210652
3564,15.901864704486227
3565,16.978942833707766
3566,17.370943520675052
3567,14.429681994826058
3568,15.981587497924075
3569,16.554246900033647
3570,15.979192586814586
3571,15.759754309555827
3572,16.45529858684763
3573,16.153538284447222
3574,15.572927522183582
3575,16.02777911904904
3576,15.500720829681054
3577,15.50199060417386
3578,16.09474517876328
3579,16.102810061124227
3580,15.751567943051532
3581,14.603810094501336
3582,15.781511577748942
3583,15.126763675805984
3584,16.053103066448095
3585,15.08052788558244
3586,16.853127175575604
3587,15.262045797419509
3588,16.96862779527491
3589,15.918275587221274
3590,17.285024489427702
3591,14.303382319345603
3592,15.805091502081693
3593,16.88132652833042
3594,15.970993271405321
3595,15.434361142210822
3596,16.98631345350802
3597,15.754563963497297
3598,16.500364870432488
3599,15.845459965547862
3600,15.671031591576478
3601,15.610998188416891
3602,16.21509100455325
3603,15.968111559404983
3604,15.382163399905098
3605,15.944161944520214
3606,15.195304522934578
3607,15.854542812935426
3608,17.2248854612624
3609,15.628677290824447
3610,14.555676232094527
3611,15.934683365288612
3612,16.97059345231959
3613,16.179221586067616
3614,15.409848410002354
3615,14.111232157384554
3616,14.035832139530996
3617,15.980399402742462
3618,15.797952938003814
3619,16.207653165657824
3620,14.682747433219733
3621,16.356100967269636
3622,16.590918912428947
3623,16.050046584519162
3624,13.409469196710049
3625,17.028321789108
3626,16.113346801285566
3627,16.602489431694906
3628,15.24891953407436
3629,16.581354949230782
3630,15.564408000544192
3631,15.495927960108688
3632,15.05198911909718
3633,15.68587585761818
3634,16.787623690994142
3635,16.140685193336658
3636,15.387006092520028
3637,15.47804778922764
3638,15.747501071828577
3639,15.066058316489055
3640,14.86826539581912
3641,15.593139424877426
3642,16.316139887730163
3643,16.210466492628104
3644,15.960108877185942
3645,14.819373882635132
3646,15.330369370858122
3647,15.645875236161167
3648,15.915843601428234
3649,16.717229088993413
3650,13.96710070871419
3651,14.898408437310275
3652,16.43550833857276
3653,15.019107343614609
3654,15.463386393207394
3655,16.75783005247354
3656,17.251255653364954
3657,17.193191300374735
3658,16.434287735234545
3659,13.949944951011082
3660,15.504086877656077
3661,16.524096218460254
3662,15.561285834858145
3663,16.04197391971471
3664,16.928378645544974
3665,15.172606150593074
3666,16.761901571773166
3667,15.915256868360188
3668,15.859727320793437
3669,16.456006197413277
3670,16.428984629018622
3671,16.255493700189977
3672,16.429179088649494
3673,15.720369621526533
3674,15.717372596770119
3675,14.407848215752129
3676,15.730576407430538
3677,14.376379904054623
3678,14.853306679222158
3679,16.107288360877142
3680,16.89060421211883
3681,16.704485448631228
3682,16.910681633404632
3683,16.15735332644845
3684,15.326134598987217
3685,15.361630815015493
3686,15.373411682019047
3687,15.047105565232219
3688,15.481918120566622
3689,16.170090618807777
3690,15.473127038356312
3691,15.958103170748373
3692,16.292211917648793
3693,15.302273575737015
3694,15.556165267579464
3695,16.910861574703283
3696,14.936293825286947
3697,16.495571730744285
3698,16.06690771525626
3699,15.11356722608837
3700,14.540392546707388
3701,15.260104230029155
3702,15.066100442864562
3703,16.13297551541839
3704,16.99464254607875
3705,16.61138199756495
3706,16.66791549507739
3707,14.620928744604061
3708,15.369090012315253
3709,16.095984392826992
3710,15.652897488210463
3711,16.321982451684274
3712,14.680948059318716
3713,14.366189241872444
3714,15.918181105538277
3715,15.584196910547249
3716,16.948322379429854
3717,16.220229279649555
3718,16.942908186382006
3719,16.592547026746118
3720,15.731744688393185
3721,15.836259444722149
3722,16.266287643657908
3723,15.000973711480395
3724,16.1571354027037
3725,15.354176336458554
3726,18.005021418572756
3727,15.871509692942276
3728,15.51267536939769
3729,16.173108860750684
3730,14.771283306408188
3731,16.218213241249963
3732,17.02903247158802
3733,15.313930281003351
3734,15.443894680959346
3735,17.656440950656034
3736,17.26070770979623
3737,14.494132642035417
3738,14.878127955881311
3739,16.030719552064536
3740,15.487376383264635
3741,16.083869160238706
3742,16.539766463053173
3743,16.566392092663108
3744,16.072371895607763
3745,16.256301167825338
3746,16.28110704211015
3747,16.216109714162084
3748,14.942519702734137
3749,14.480580368919005
3750,15.639675587036033
3751,14.45688641097968
3752,15.228900188901834
3753,16.745092976102498
3754,15.336794904746045
3755,16.341618755262367
3756,16.063067051637443
3757,15.20992473558129
3758,16.669432372219802
3759,16.483781334496495
3760,17.84681604804211
3761,16.00638803917737
3762,14.959727739085103
3763,15.14521338262759
3764,15.912622581635633
3765,14.70010836610126
3766,17.13631858043966
3767,17.209336815063875
3768,16.10373147123316
3769,15.200396152938987
3770,17.385845680114876
3771,16.32931158071391
3772,14.126123341447455
3773,15.645482317090684
3774,15.408300424331903
3775,14.964625211561357
3776,15.736691252701453
3777,14.991495870797996
3778,15.572596839579736
3779,14.258632184570546
3780,16.81901906454583
3781,14.628661976291427
3782,16.20393852401571
3783,16.038032609977474
3784,16.926022392108287
3785,16.18424563750368
3786,17.342915659504467
3787,16.573071170109248
3788,15.99005372458831
3789,15.499240583014764
3790,16.257967819170407
3791,16.562175687658534
3792,14.662796301820496
3793,15.45312111384342
3794,14.552453309172563
3795,16.074715400982907
3796,14.709779825521489
3797,14.827774218545125
3798,14.982899922384139
3799,14.807434955764531
3800,15.07840122896602
3801,15.827879768322598
3802,15.771824017120212
3803,14.84170523688298
3804,16.061923946270845
3805,15.136738478942158
3806,15.325823270868062
3807,15.366017381794737
3808,15.405710059734414
3809,16.884310591786193
3810,15.539154934805275
3811,14.662255575679842
3812,14.444505774633182
3813,15.747133124794907
3814,15.26276911628065
3815,17.68198924479972
3816,17.314460370423244
3817,15.88046179275256
3818,13.594015055326206
3819,15.313657750114498
3820,15.471330322312916
3821,14.334320157260645
3822,15.347438835489735
3823,16.667139094204487
3824,14.55782465792011
3825,15.806413051379035
3826,16.399748232879173
3827,15.37461875510474
3828,14.127277769725575
3829,15.787956277842607
3830,15.37195216989089
3831,15.74681634144715
3832,14.269760982407181
3833,15.957998210749508
3834,15.948617615854344
3835,15.77364142041521
3836,14.556032202165468
3837,16.289880819083994
3838,15.11637571548768
3839,15.59690164304651
3840,14.745544707338437
3841,15.194899249378041
3842,14.526175613111505
3843,15.645965418657296
3844,16.2458626597822
3845,15.834108801826664
3846,15.10131705580592
3847,14.49476078573451
3848,16.441604522969435
3849,15.293113732430287
3850,16.436421192944266
3851,15.363703940130012
3852,15.32518833192658
3853,16.45316098859156
3854,15.815081637499247
3855,16.5968604298805
3856,15.83519872589233
3857,15.811800964289473
3858,15.577972429126762
3859,14.894397913521413
3860,16.259539310002992
3861,14.62400849182995
3862,14.984002100778122
3863,16.38618910418996
3864,16.739790662073776
3865,15.207034607806284
3866,15.339169815274785
3867,16.40623891720815
3868,16.130078196114713
3869,16.476414993096835
3870,15.250764514533962
3871,15.449348120932472
3872,15.051512114154624
3873,15.763312630853639
3874,15.830814355297234
3875,17.029157008990637
3876,14.9809167552373
3877,14.606793673385397
3878,15.226270585023894
3879,16.06283748396874
3880,14.141121805714963
3881,15.62662317657261
3882,15.595530345028417
3883,16.310702845168066
3884,16.08376981845345
3885,16.691662360056675
3886,15.359359566810001
3887,16.1433483908921
3888,15.004251545648538
3889,15.227760053571885
3890,15.772055201929662
3891,16.771379091614715
3892,16.826663550383888
3893,13.956161073463646
3894,16.493369301013438
3895,14.875180917470113
3896,15.30761586871955
3897,16.033821356719063
3898,16.082755608461053
3899,16.486952712126964
3900,16.370939586892593
3901,15.62411273143145
3902,15.829436875274846
3903,14.866093257380495
3904,15.906286015779507
3905,15.487795638825096
3906,16.427321315660222
3907,16.81443938089718
3908,15.913195278068674
3909,15.286238257001528
3910,14.319976028928695
3911,15.521525222367977
3912,15.75406565895595
3913,16.100478927797663
3914,16.864871714411347
3915,15.247660999943555
3916,15.589609679347108
3917,15.565332789494903
3918,16.198043988317632
3919,15.372888124185
3920,14.70682885484991
3921,14.789489143504477
3922,15.719556683349206
3923,15.817144782060272
3924,15.728789304621737
3925,16.083963329839708
3926,15.551725305221664
3927,15.598292075459057
3928,15.989291483519366
3929,15.815057499337101
3930,15.891606935314739
3931,15.127656412116611
3932,15.190780128442213
3933,15.734967442204075
3934,14.891479795776542
3935,14.565967747716646
3936,15.758203820306592
3937,15.750383276153316
3938,15.173720478500691
3939,16.10079862635873
3940,15.43836876347214
3941,15.315120403401751
3942,14.200467840121908
3943,16.56687543343546
3944,15.029627406218891
3945,15.193911842883612
3946,14.262564382524703
3947,15.390308319175396
3948,16.610928663475118
3949,17.225495973992825
3950,15.258800082413815
3951,14.296866530458356
3952,15.432815733093095
3953,15.626992534217399
3954,14.87550643884099
3955,15.186058194134437
3956,15.961337979871987
3957,16.018838202031432
3958,15.733353158323725
3959,15.626070426213092
3960,15.97623614272125
3961,15.839520495483109
3962,15.971964414639936
3963,15.959608835108764
3964,15.469307221148933
3965,16.00063640846316
3966,15.452520499546823
3967,14.693171229017233
3968,16.752739953168405
3969,15.897363439120756
3970,15.853143179801659
3971,16.27998779182974
3972,16.460619090283394
3973,16.41345270949066
3974,15.444947268239918
3975,15.691744318954438
3976,15.654867096915424
3977,16.443498646603036
3978,16.568134839733652
3979,15.383840465836142
3980,14.603575215781696
3981,15.71365538509609
3982,13.704655712872073
3983,16.735465795141153
3984,15.394705991398695
3985,15.10313605346826
3986,17.389624671373245
3987,16.28181774669843
3988,16.14081502581895
3989,15.20047601377887
3990,15.82586117468664
3991,15.302616280338134
3992,17.39276349362822
3993,16.200671587914677
3994,16.379789801626483
3995,15.886469013726414
3996,16.455431392621612
3997,15.631149198116676
3998,16.17007058348787
3999,16.32413511152739
4000,16.41228817838625
4001,16.39684546775082
4002,15.192022241866365
4003,15.131275342946186
4004,16.25751578122141
4005,15.202527042150615
4006,15.117459684583201
4007,16.203144493786894
4008,16.15158903070854
4009,14.970505645981735
4010,15.614013387001346
4011,15.579491189679409
4012,14.77226785204213
4013,14.5283581918908
4014,15.946138808862099
4015,15.97840884981009
4016,16.70417583385641
4017,16.433076032512453
4018,14.721596293726073
4019,16.677339662086624
4020,17.071373541463355
4021,17.24623343482012
4022,15.698861119589647
4023,15.63075273383302
4024,15.9431918368184
4025,15.42073353326211
4026,15.28422011588602
4027,14.764559610651308
4028,17.277923832399626
4029,15.92288706632478
4030,15.065224856233487
4031,15.019725258309677
4032,15.340533304699022
4033,14.216793738279664
4034,14.818167133144897
4035,15.631151033013316
4036,16.095108172011233
4037,16.85976747153208
4038,15.666567717742435
4039,14.317133123956348
4040,15.406398839990537
4041,15.979125696614608
4042,15.619903568436541
4043,15.669453141485247
4044,14.328223630059219
4045,17.313011591783503
4046,15.801818158096054
4047,15.970039151968885
4048,14.167069155285017
4049,14.978005086138605
4050,14.488715747967952
4051,15.933409651446315
4052,16.243963621406067
4053,15.777406080347166
4054,14.43537213656853
4055,13.842324861172564
4056,16.58414298814857
4057,14.998262610683962
4058,16.34945773937322
4059,16.09128850473518
4060,16.065322874505917
4061,17.356382350058187
4062,14.974376009471282
4063,16.052683906759185
4064,14.950138992747409
4065,17.108438314245653
4066,16.244781577932695
4067,15.457317468323486
4068,15.665563055891372
4069,15.940369314417426
4070,15.73174729743944
4071,16.021785014172362
4072,15.93049586757562
4073,15.837632539206446
4074,15.782827547818027
4075,14.451213175002161
4076,15.23047812643847
4077,14.751139805477216
4078,17.95172415309474
4079,16.533924123274993
4080,15.352020960088598
4081,13.967066654828203
4082,15.531455279729679
4083,17.04599317184832
4084,15.643821125992687
4085,13.576535676304486
4086,14.517444713734593
4087,14.247514901491542
4088,15.603012641217681
4089,15.432089691079
4090,14.781305364487476
4091,16.15291334069774
4092,15.032016909408474
4093,16.933542341756592
4094,15.95042029435558
4095,15.702216217922437
4096,16.153858985905796
4097,15.151257733282018
4098,15.676819945664517
4099,15.271853466305727
4100,14.598350522450849
4101,16.06001440619672
4102,15.64505931607293
4103,15.889034209837279
4104,15.968237983151635
4105,14.961662290265549
4106,15.191928000578066
4107,15.73159744233485
4108,16.19071154328994
4109,16.615735869352196
4110,16.710863631002958
4111,13.940591850838636
4112,15.627696975960097
4113,17.19522871332383
4114,14.05395466024716
4115,14.09894650641811
4116,16.063787335370687
4117,15.048522277131202
4118,15.302492376255476
4119,14.268249782446839
4120,16.637991555471988
4121,16.73001850128933
4122,15.090809776884411
4123,13.948266401654648
4124,14.248065268320454
4125,15.401095297232265
4126,16.835996612841342
4127,17.966154032990012
4128,16.028324855105552
4129,15.25562322344352
4130,15.211548320195956
4131,16.73447125503641
4132,14.877845296037924
4133,15.578301346629294
4134,15.502405299674951
4135,16.483302952957654
4136,16.07139943215494
4137,15.735704714903804
4138,15.79007277051057
4139,13.9601063826934
4140,13.955810344397007
4141,15.693566663125042
4142,15.549064886570672
4143,15.368180028093727
4144,15.73066325661228
4145,15.902956328722535
4146,14.979312134331606
4147,15.426860167221152
4148,16.619442257654228
4149,16.827450341920276
4150,14.383629656719247
4151,14.992565555976773
4152,15.79304838600762
4153,16.1708959661862
4154,16.206262394228872
4155,15.543754085170441
4156,15.112666341051206
4157,16.994984685993636
4158,15.231787368501411
4159,14.471023529663967
4160,15.08570919989224
4161,14.498179098359964
4162,14.842405131634614
4163,14.358097204755977
4164,14.66919345256327
4165,15.572532071357603
4166,15.742641568975415
4167,14.021710944651181
4168,16.12992688716193
4169,15.92507509822793
4170,15.732798032952697
4171,16.08999224278451
4172,15.805628486778975
4173,14.551509193861627
4174,13.511142930261032
4175,15.391252038888418
4176,15.735481293115459
4177,14.212556600941017
4178,15.272840911927144
4179,15.334631798764066
4180,15.124876927954658
4181,16.14417077500626
4182,15.096963142726649
4183,15.324204349685631
4184,17.10308950333954
4185,14.305484456957318
4186,15.74410075327378
4187,15.558257709417129
4188,14.723177376383553
4189,15.5530415237041
4190,16.535444494603528
4191,16.71267367915541
4192,14.933837690937771
4193,15.67764807559
4194,16.86321186665576
4195,16.081925283159258
4196,16.995167776740484
4197,14.843557993740612
4198,16.208902094534633
4199,14.528375357705336
4200,14.902180470451842
4201,15.525555182970628
4202,15.385791131135925
4203,15.993666047244163
4204,14.885360675955575
4205,14.432115983303781
4206,16.845774140793967
4207,15.231574380265354
4208,15.694195418742632
4209,15.410301191753959
4210,17.19033576534707
4211,16.11356221588143
4212,15.236625043356593
4213,13.960690020711716
4214,16.065498908693094
4215,15.76236012334179
4216,15.351899516540346
4217,16.16348746990268
4218,16.771052900254393
4219,15.385807125064776
4220,16.641406566858123
4221,16.287925896380155
4222,15.225979500459552
4223,14.929149713094978
4224,16.51039617594262
4225,15.977106969661873
4226,15.380488991340851
4227,15.430387006156923
4228,15.69242399351045
4229,15.753358255302848
4230,16.72130399440846
4231,16.023499739337772
4232,15.870998280253312
4233,15.939585323630295
4234,15.286983942597852
4235,16.439155510678255
4236,14.103256131976089
4237,16.334776123877464
4238,15.717913619430743
4239,14.27856834816755
4240,15.333851894134886
4241,15.87806320687136
4242,14.348672600217235
4243,16.21375716561913
4244,15.558793258163282
4245,16.35404218095927
4246,17.263337496255467
4247,13.616914693172253
4248,13.811659456601982
4249,15.789936809344985
4250,16.229351493182158
4251,15.311940513913743
4252,15.705700958040875
4253,15.938325491609193
4254,16.05588037444581
4255,16.117974803280983
4256,15.694800445755456
4257,15.913966435979559
4258,16.42946894085469
4259,16.116338629166606
4260,15.773510919921009
4261,16.504076500876103
4262,15.553410846654916
4263,15.427471593270884
4264,15.721268841789803
4265,15.435342266627297
4266,15.689476623978896
4267,15.264717419359112
4268,15.875603219956842
4269,16.23640976851894
4270,15.544939680858949
4271,16.623564503342397
4272,15.766486665461212
4273,15.750189369228336
4274,14.972898014099316
4275,16.62235902622827
4276,15.906196635673064
4277,14.978968681018566
4278,16.92431295718407
4279,16.15229402061776
4280,15.670106615250385
4281,16.173075730012503
4282,16.757076076034593
4283,15.4567855585542
4284,15.29143053744357
4285,13.617046402692239
4286,14.08941885021215
4287,16.392354110226304
4288,13.435782523383999
4289,15.428644332736635
4290,15.5137218933638
4291,17.29113820112676
4292,15.057158337503806
4293,15.973026518587766
4294,13.935731025512741
4295,14.716335163617043
4296,15.736171426984074
4297,17.139983343424515
4298,15.298699969504195
4299,15.969561687057315
4300,17.068986952833566
4301,17.081752589069207
4302,16.217423734156327
4303,15.66348819736639
4304,17.256108107035274
4305,16.47448996411836
4306,14.828071956595021
4307,16.240656405049638
4308,15.406264259923532
4309,17.783636552356324
4310,16.574487030421864
4311,14.868070143760377
4312,16.06574953638069
4313,16.06813652358741
4314,15.44599706355948
4315,16.963142400364838
4316,16.593270065986744
4317,14.518486862677042
4318,15.766411551713002
4319,15.441731429738569
4320,15.147232192791131
4321,16.448548295445097
4322,14.973380795427651
4323,15.939370891331839
4324,15.157873684365287
4325,16.618030218222085
4326,15.003014913499623
4327,16.60457939407354
4328,15.263433121262334
4329,16.735604190109942
4330,15.438542380589146
4331,15.054067435361675
4332,17.15228771286242
4333,16.18463341868724
4334,15.133395774875739
4335,15.999367642234336
4336,15.521005053673738
4337,15.618125978715508
4338,13.389805663013723
4339,14.301875011562158
4340,16.52770575615342
4341,15.52575380328039
4342,17.003928184124323
4343,15.506895091539855
4344,15.891362056385026
4345,15.097888630700185
4346,16.310818485208124
4347,15.986041327321896
4348,15.719968053919976
4349,15.443652624270213
4350,16.247867314442175
4351,17.161180072356874
4352,15.290389514597003
4353,16.10310449994688
4354,15.400707092697843
4355,15.032572837033792
4356,15.02688930880521
4357,14.002974833951075
4358,15.393283416412084
4359,15.426452273869641
4360,16.80275619708087
4361,15.982579450970887
4362,17.683542976456607
4363,14.29613775735283
4364,15.99298600135391
4365,16.316639082688734
4366,15.395228189985447
4367,15.304931757691655
4368,15.667267596841908
4369,16.208622110849955
4370,16.49042678757083
4371,16.43765246563025
4372,16.088025881602587
4373,15.269779222030554
4374,15.141314303117852
4375,14.914198948418472
4376,14.14395678027064
4377,14.553980614977114
4378,15.36266887416314
4379,16.50891953138632
4380,14.059564469279843
4381,15.145223206413172
4382,16.492423955208665
4383,16.039633177030932
4384,15.484319771911172
4385,13.799605438170271
4386,15.076275473463328
4387,16.457965023126892
4388,15.21322116353935
4389,16.42045586169591
4390,17.170234695477887
4391,14.292536697170863
4392,16.13230909550806
4393,15.556312724343762
4394,14.560866879376064
4395,14.924549061138872
4396,15.163130535340901
4397,14.333606568924475
4398,15.660058327708102
4399,16.686169884984608
4400,14.824874856951885
4401,16.34175838307008
4402,15.639221686598692
4403,14.8755368502339
4404,16.35662839475326
4405,15.406759597049861
4406,16.085088332933804
4407,15.595537225705048
4408,15.708607921095657
4409,15.539579709728692
4410,16.168484642412825
4411,14.828903951807117
4412,15.572901529284085
4413,17.639708819697468
4414,14.248598308518407
4415,16.050233039364798
4416,15.668238669559713
4417,16.42470685344645
4418,14.113149382030581
4419,14.541649011774002
4420,16.79380471618976
4421,14.872611534638203
4422,14.991091286227709
4423,15.16568125838939
4424,14.238672983605607
4425,15.436507095230928
4426,14.81202487861417
4427,16.19181876324065
4428,15.036482813633622
4429,15.122169831490302
4430,15.139408411431635
4431,15.574377897729573
4432,15.230475162338292
4433,16.16817476947081
4434,15.422660634235033
4435,14.972529963254267
4436,14.035674349016137
4437,16.438143374770796
4438,17.085151072830172
4439,14.896454147736701
4440,15.431914539130904
4441,16.041331626273244
4442,15.121265557816772
4443,16.829001338462298
4444,16.396442438947087
4445,16.666614151490492
4446,16.44270966630127
4447,15.191068145199422
4448,15.822339490472782
4449,16.627321963119826
4450,15.550393451738541
4451,16.104409881493627
4452,15.571367644644406
4453,15.938368102592754
4454,16.001175683075793
4455,16.64218044695179
4456,16.97939442102028
4457,14.51216843239364
4458,16.70446663023385
4459,15.780396824848726
4460,15.28986395973224
4461,15.16841623003453
4462,15.120791673796223
4463,16.243884674865953
4464,16.021063711679748
4465,16.372536737328307
4466,16.62191676552622
4467,18.23032818006358
4468,15.917357631436689
4469,16.255830603428233
4470,16.66031161945972
4471,15.628955768250153
4472,14.558926218807844
4473,14.880553333229551
4474,15.380562632280729
4475,16.428315041581456
4476,16.923680940427978
4477,15.960776197841804
4478,14.266970327322362
4479,14.861610948878752
4480,16.195086565264408
4481,14.262683790077597
4482,15.19357835630262
4483,15.52720399522291
4484,15.614715009313073
4485,15.939731374472178
4486,15.29961896472275
4487,16.21439164108622
4488,15.56534289595076
4489,15.404634397977505
4490,15.651981932300577
4491,16.19846125918612
4492,16.214369237503657
4493,16.346557905794516
4494,15.973968257321069
4495,15.060934834414567
4496,15.655963454451392
4497,16.91508210372057
4498,16.17312847116587
4499,14.352433823891337
4500,16.39888563902806
4501,14.951279213134711
4502,16.245888142985518
4503,13.59858107933674
4504,15.481600830959149
4505,15.474363170382693
4506,15.745444634741615
4507,16.13068210043743
4508,14.395634571989525
4509,16.204158221999347
4510,18.506543803404753
4511,15.90688083044903
4512,15.801357650754557
4513,16.634029829444707
4514,15.794888801154135
4515,15.366755230246083
4516,15.65788679972085
4517,14.737093391350049
4518,14.803841694344882
4519,17.247814472402982
4520,16.864322589258023
4521,16.989912096193017
4522,14.570235320858334
4523,15.587832780373255
4524,15.071678381451807
4525,15.769019314528105
4526,14.615590996278913
4527,16.91757546083855
4528,16.879444589399483
4529,15.165150978051111
4530,15.064952515938362
4531,15.452202741591135
4532,16.055446388362974
4533,16.937722327170412
4534,16.66248406930017
4535,16.42996142273107
4536,14.426712151702457
4537,15.087521795934132
4538,17.11385058758969
4539,16.015396448782727
4540,15.43451338851135
4541,17.107534151234752
4542,16.0366424073122
4543,14.066640716437073
4544,14.682990769162057
4545,14.006168978093427
4546,15.338113544118471
4547,14.460063831205007
4548,15.867148389651211
4549,15.004382883513694
4550,15.476148391331469
4551,16.768239232935713
4552,15.068122085516169
4553,16.211103562052347
4554,15.701618331344305
4555,17.247754954426547
4556,13.990458632783968
4557,14.795973484495335
4558,15.713677712318141
4559,15.675886462285812
4560,16.628620027199386
4561,15.848025797739913
4562,16.090308789231234
4563,14.491706333370303
4564,15.6840377332857
4565,14.936985089169104
4566,16.773036693567256
4567,14.057256142962677
4568,16.443458188828018
4569,16.04449385353551
4570,16.13521961958413
4571,15.014064311163914
4572,16.842602677763832
4573,15.704009125950316
4574,14.130319306643768
4575,14.935946231184902
4576,17.159818800719215
4577,16.38235753009528
4578,14.506690500440653
4579,15.136546768716718
4580,15.889703606534203
4581,17.049669063794504
4582,15.851488814903176
4583,14.273366410658301
4584,14.761119489277963
4585,13.337459719143705
4586,15.323894660505914
4587,13.603745735765028
4588,15.013549267087022
4589,15.590107254506282
4590,15.725322345866164
4591,15.25153476360622
4592,15.476655767676862
4593,16.116513688234733
4594,15.703613791559548
4595,15.01683530380027
4596,15.232666437271844
4597,15.760935073125689
4598,14.814661719053165
4599,15.996971721332239
4600,15.932518621492155
4601,15.370670831174658
4602,15.173439611069357
4603,15.762227161919453
4604,16.040283980143116
4605,15.617694172434595
4606,16.59625643811857
4607,17.436182335553067
4608,16.40713885308284
4609,15.555174627360657
4610,14.681041162235873
4611,14.87176946590044
4612,14.69068903347749
4613,16.017538591094823
4614,14.649039329737706
4615,15.948815140479716
4616,16.35876363556236
4617,14.989976973106817
4618,16.972896644110502
4619,16.19351782625145
4620,18.333653854339605
4621,16.190967443116698
4622,15.991614757576308
4623,15.712031597680621
4624,17.73665018116947
4625,14.563654020458385
4626,15.065914150535727
4627,16.110672744466914
4628,16.789855861078895
4629,15.343895241424994
4630,16.207782846690847
4631,14.708620718532904
4632,16.71404489278911
4633,13.928923363102266
4634,16.10527638229095
4635,16.714021008915626
4636,15.626525466656402
4637,15.532528366346334
4638,14.437185094641487
4639,15.988710686725044
4640,15.343802840616702
4641,14.765224230030483
4642,15.629119503461636
4643,15.728605729933564
4644,15.075386097684872
4645,16.042157229106106
4646,15.600126463263098
4647,14.914123401356976
4648,16.633137102939724
4649,15.41436704994727
4650,15.573347587226035
4651,15.431578364965675
4652,15.434321261139962
4653,16.985973587893177
4654,14.198973209859549
4655,14.67978269099559
4656,16.308471488556293
4657,15.743045485722849
4658,14.633428180330336
4659,16.032413113251987
4660,15.414035227409249
4661,15.762193394831884
4662,15.124181986119412
4663,14.90835885935095
4664,15.0136670882377
4665,14.214256649084671
4666,14.738940580449958
4667,15.66475600545621
4668,16.34028287023976
4669,16.328509419584172
4670,14.982265041027704
4671,15.815944411326015
4672,15.851774140674303
4673,15.175260539676858
4674,15.777557174930733
4675,14.932312507129252
4676,15.769909134835162
4677,15.826126610435022
4678,14.343671103595355
4679,15.183486166966182
4680,15.546125008907033
4681,15.375690731892986
4682,16.65053654397744
4683,14.138016196232385
4684,15.054412119350912
4685,15.299500612639319
4686,16.108620048362077
4687,15.524411922258022
4688,15.76482155923506
4689,15.959462352325774
4690,15.70385850521553
4691,15.434537156157704
4692,15.231689952599746
4693,15.4360460296209
4694,14.911861050679512
4695,17.024107858760683
4696,17.269682346821604
4697,15.19836030663151
4698,15.891079377719644
4699,16.94949051648645
4700,15.442315672425684
4701,14.080513360494077
4702,14.931558696153305
4703,16.378024293436845
4704,15.791032113717625
4705,14.952177618506926
4706,15.099715678353663
4707,15.4876552686949
4708,16.34273228554782
4709,15.388678414168547
4710,16.899450815260085
4711,14.224723664663305
4712,15.777142692169548
4713,15.98695619750056
4714,15.76165070615402
4715,16.247064844959695
4716,15.828621288777068
4717,15.2234687533145
4718,16.42537825043216
4719,15.867545092200151
4720,14.234837561296278
4721,15.686519456556177
4722,16.18936191417002
4723,14.439470794606471
4724,14.413791177524159
4725,14.994905637001567
4726,14.041846670517527
4727,17.01948182467011
4728,14.936693680216962
4729,15.411473671113892
4730,14.17420986302602
4731,14.244282057247716
4732,16.237732838104044
4733,16.020326986083226
4734,15.535447209551007
4735,14.57162436461615
4736,15.946288139421792
4737,15.565413962525426
4738,14.938515423170834
4739,15.596355838371792
4740,15.900617560331087
4741,15.572221413153693
4742,16.95806793249257
4743,14.795630818906346
4744,15.42274660713685
4745,15.665577172605705
4746,14.987344807643424
4747,15.807411796847132
4748,14.071321080162729
4749,17.665994814628988
4750,15.416996287265494
4751,15.333700275130488
4752,14.249391557523246
4753,14.74152198682818
4754,15.126054572905664
4755,15.582501349492306
4756,16.90344665660685
4757,16.41705956553152
4758,15.702348942421787
4759,14.965910259343735
4760,14.420327342157378
4761,15.668789112334142
4762,15.37901211343405
4763,15.830671972998646
4764,17.727890970827467
4765,15.561790000781551
4766,15.540662908467327
4767,16.15167520134484
4768,15.031605256614476
4769,16.261790230522404
4770,15.275349021665791
4771,15.547102931285929
4772,15.561139372126409
4773,15.89577522777154
4774,14.15027010786293
4775,15.848075776667239
4776,14.656844876134612
4777,16.11167342924464
4778,14.64556392759525
4779,16.13470550199661
4780,17.54662609212371
4781,15.7666127553572
4782,14.926752946849271
4783,15.108217526653712
4784,14.47991509213572
4785,15.426611827727056
4786,16.879806243510036
4787,16.595383644273745
4788,15.359914386305867
4789,15.758441884192587
4790,14.656099669468244
4791,16.050899187134235
4792,14.560866860144559
4793,15.374541249029415
4794,16.26191123680385
4795,15.006939843385656
4796,14.946610898491333
4797,16.27972786818834
4798,14.954824456058676
4799,15.716285585946691
4800,15.8135750450322
4801,14.501547733650495
4802,15.87843014038541
4803,16.439670902981536
4804,16.668183015018602
4805,15.896542356696688
4806,16.5685364601509
4807,16.158541753547077
4808,15.892414165922297
4809,17.03131932521152
4810,15.190164213761678
4811,14.848314368891744
4812,16.503150962724384
4813,15.548027450568679
4814,16.393968940855853
4815,15.363480672414807
4816,14.998154181473494
4817,15.4293001859062
4818,15.965662461451307
4819,14.546704668240146
4820,15.070473364123458
4821,14.646407276700861
4822,14.874609172744488
4823,15.492757940617231
4824,16.26881290875213
4825,16.380434222296945
4826,16.742493092574417
4827,14.501965891456392
4828,16.07451610798996
4829,16.32244493311309
4830,15.346184109133446
4831,15.216579592749262
4832,15.909727030193334
4833,15.218281388224222
4834,16.17758541375727
4835,16.42412280634718
4836,16.145904103497696
4837,14.708731038719831
4838,14.722671188082966
4839,15.643904340869758
4840,16.728948586801458
4841,15.983606973980203
4842,16.243305356177288
4843,15.32110895540114
4844,15.245523225933768
4845,16.111828001980747
4846,14.646697344947167
4847,16.32464728060209
4848,15.387950412698748
4849,15.151852328955266
4850,15.91213382136125
4851,14.448541778762005
4852,16.15050737405715
4853,15.496186204410268
4854,15.478651731159946
4855,14.702006300485323
4856,14.892226797836361
4857,14.347617287890634
4858,16.536332765505176
4859,15.841594606456923
4860,15.150412272741349
4861,15.916072065032212
4862,15.980202202645842
4863,15.001088652168233
4864,16.16621381849822
4865,15.0140878071286
4866,14.70251314593349
4867,15.859424603651203
4868,14.443299654979695
4869,15.867420020363646
4870,15.378850827197192
4871,16.634809861767447
4872,15.634393648705876
4873,15.57713206267855
4874,14.914152080936043
4875,14.707047403387453
4876,15.389659495505061
4877,14.194340932133416
4878,16.167481710155823
4879,15.700509308747689
4880,16.550628259995346
4881,16.360266566206484
4882,15.248571068262947
4883,16.606576154398677
4884,17.202605905543635
4885,15.901381738811867
4886,15.183103759213356
4887,16.84315800914091
4888,16.456572690789066
4889,15.147166905158349
4890,16.0392954685675
4891,14.744070586583177
4892,16.467743391682266
4893,15.900599676560805
4894,15.73033131039715
4895,15.122210254549453
4896,16.167126517574566
4897,14.96135676594138
4898,14.328604250088796
4899,15.327415109953392
4900,17.18533512185411
4901,16.363083644739845
4902,15.115810569078327
4903,15.546435949467464
4904,15.327612187512086
4905,15.783075998622744
4906,15.833770641643534
4907,14.96842759326377
4908,16.551163929359813
4909,15.921886597501363
4910,16.445518912582433
4911,15.78441208088186
4912,16.497417782354567
4913,15.147846446443438
4914,14.600567411645642
4915,14.56220436249055
4916,15.312321823932376
4917,15.459356144641005
4918,15.096222638125237
4919,16.22863847880157
4920,14.810581012752328
4921,15.7470281161584
4922,16.00959791475147
4923,16.331490497517166
4924,14.871065547313625
4925,15.947543853350332
4926,16.163924868753778
4927,16.13236409641626
4928,17.157146246533276
4929,16.043570134695297
4930,16.497094195357988
4931,15.887906298587087
4932,15.563408893418071
4933,13.731907015631814
4934,16.327241711618026
4935,15.111873860859475
4936,16.589532307060324
4937,15.233414814279374
4938,16.836290878559893
4939,15.4394042257808
4940,15.331930584906111
4941,14.707630930238015
4942,14.87651407720533
4943,15.113652848441552
4944,15.694231105034293
4945,14.913432965271328
4946,16.302558175707897
4947,17.133311877747296
4948,16.52014392310206
4949,14.899529146066499
4950,16.442999381312234
4951,16.119774356226838
4952,15.01744491781499
4953,16.87984624664184
4954,15.287740194185016
4955,14.413268975228695
4956,14.822772951370059
4957,14.607656666156677
4958,14.467136401062122
4959,16.70542097504527
4960,16.42568219305092
4961,16.433299424312505
4962,16.39542698344552
4963,13.989841115824799
4964,14.783501612182581
4965,14.895077637723324
4966,16.560109679953214
4967,15.4661129676066
4968,15.992680049272101
4969,16.333164816743835
4970,16.25645706800775
4971,13.96516981966697
4972,16.386162682627454
4973,15.711376148889517
4974,16.043090961095054
4975,16.321854057726558
4976,15.605600800852583
4977,14.753025087523154
4978,16.376901750638652
4979,14.442246120577563
4980,14.359603277926844
4981,14.597348230473303
4982,15.82931856254829
4983,16.23182645869058
4984,15.106291161794562
4985,15.844957381962775
4986,16.20934429603121
4987,14.463437817966925
4988,16.236358896137936
4989,14.668344421300436
4990,15.819725411175764
4991,14.8451478604697
4992,14.78825782947806
4993,18.287577591588768
4994,14.98019625041634
4995,14.54656345558889
4996,16.605768398658928
4997,16.045477494768328
4998,15.393203996415746
4999,14.349136172402849
5000,16.73541087322923
5001,15.195124907349758
5002,13.838123150184042
5003,15.170803355554648
5004,16.07737852064811
5005,15.241004129345036
5006,16.702068117229835
5007,16.13321423085944
5008,13.796271423761116
5009,15.453327435655629
5010,15.953714036243936
5011,16.34381298110879
5012,14.848357266046117
5013,15.147601203364442
5014,15.598797211737681
5015,16.29541974368471
5016,15.879941740094779
5017,14.178206642982639
5018,14.71089917192626
5019,16.035415935661053
5020,16.289224693119124
5021,14.764759951348292
5022,17.216724869416417
5023,14.085663229044656
5024,14.91666902128368
5025,15.145445590789244
5026,15.00717849300096
5027,17.22163293008074
5028,14.632922083876222
5029,15.18895443604375
5030,15.487087115975159
5031,17.01749027453621
5032,14.843804589929679
5033,15.403729267334077
5034,14.835641947102358
5035,16.303727582790938
5036,16.780811359192274
5037,15.481873450554076
5038,16.68357608825992
5039,14.492992620163212
5040,15.401559684800052
5041,15.980779856744586
5042,14.818494825542805
5043,14.50132244305702
5044,15.224922596078674
5045,15.521092674955876
5046,16.305216066538723
5047,15.337525051071252
5048,16.072871250796815
5049,16.5225033082098
5050,14.902694302481759
5051,16.856835528978692
5052,15.511149452666565
5053,14.82491484126858
5054,16.27493595406025
5055,16.315943618846294
5056,16.04407810584968
5057,15.549444632439396
5058,15.743288028635186
5059,16.696893450156985
5060,15.302016556533513
5061,15.671427454522211
5062,15.859640924271716
5063,15.518856721479402
5064,14.917866305185543
5065,16.298208503822202
5066,15.657565377466609
5067,16.088766143597454
5068,15.471796558998678
5069,15.899926187990246
5070,16.171568150311064
5071,15.080952533983774
5072,16.711406209985014
5073,16.367849086442153
5074,15.104869926784419
5075,15.048001878372368
5076,15.684042214442817
5077,13.674396765709236
5078,15.33483555487769
5079,15.362086585314835
5080,14.667898471888828
5081,15.013734673642867
5082,14.717804345145455
5083,16.707663223685863
5084,16.292344433558164
5085,15.772213502075585
5086,16.85927016939706
5087,17.218030872383718
5088,14.372233175295463
5089,14.599261277715824
5090,13.632025040223935
5091,16.572336783194892
5092,16.28004025195146
5093,15.800656458057388
5094,16.024552884487953
5095,15.748730473389159
5096,15.893417746006746
5097,15.925049000365615
5098,16.29584277509545
5099,16.734192968526905
5100,15.32178746171017
5101,16.730373855451
5102,15.21152530507644
5103,15.39192026067903
5104,16.511244007093058
5105,14.464602643905026
5106,16.06223780795205
5107,16.497228421253734
5108,14.701776822823819
5109,14.236382308337657
5110,15.747284481145988
5111,17.127667446016265
5112,16.637206072986157
5113,15.47772511580914
5114,16.09349918796645
5115,17.228519743238483
5116,15.43424314314739
5117,17.144014624634387
5118,16.23299236449137
5119,14.435327537666282
5120,15.549180498233179
5121,15.837269876829662
5122,14.42796368480906
5123,14.206585332139142
5124,16.77168098356029
5125,16.185437640198234
5126,16.30104360340097
5127,16.042963813120505
5128,14.264295015805311
5129,15.841683988223192
5130,15.752058705763206
5131,16.141311967761723
5132,17.379662559619835
5133,17.133446001927236
5134,14.628952565793139
5135,15.936793060737699
5136,16.11108570510746
5137,15.46764144927363
5138,15.583814914308986
5139,15.353454123742052
5140,15.38133370451667
5141,15.231897531713535
5142,15.08562676470563
5143,14.744811696319534
5144,15.6900397048745
5145,14.730255889993094
5146,16.090085215481473
5147,15.012057092691089
5148,17.58805924437253
5149,16.11414459835736
5150,16.36457135440483
5151,15.255817805485057
5152,15.191473733788001
5153,16.85176800176146
5154,15.287222693788998
5155,15.141235913331267
5156,14.895896889433358
5157,15.968481054359367
5158,17.013429088059098
5159,17.966193068720376
5160,15.602715640809473
5161,15.961103674171998
5162,17.865673806970932
5163,17.340974107666128
5164,15.112919151843387
5165,16.472396182622937
5166,15.844306861431257
5167,14.828160669648758
5168,16.863685519528573
5169,16.800113259471182
5170,15.556990876561585
5171,14.629588062501844
5172,15.767147690702156
5173,17.07697199980317
5174,15.537152831082551
5175,14.81717610756806
5176,15.008259556976016
5177,16.518972468523412
5178,15.125662740731963
5179,15.54435686607996
5180,14.78854953369445
5181,15.88412794109375
5182,15.86593689320004
5183,15.19232998894961
5184,15.277454285501618
5185,15.786277748655401
5186,16.06570929538287
5187,15.289063665228342
5188,17.24008740996634
5189,15.218358683833872
5190,16.184301483509753
5191,15.651526094834383
5192,16.42579221325344
5193,14.773634841012294
5194,16.20892103770428
5195,14.57339598339642
5196,14.875568927375086
5197,16.324084009111644
5198,16.545196962255943
5199,14.311138248167833
5200,14.884315843987586
5201,15.386907327304106
5202,15.003761579002473
5203,16.281139916844985
5204,15.75954281593358
5205,15.854070393085182
5206,15.22823227336185
5207,16.11567938623146
5208,15.65963324826108
5209,15.82538212982376
5210,14.463952784717247
5211,16.181570609194246
5212,15.303358137148024
5213,15.908560414824894
5214,14.359769803143049
5215,15.353029902660708
5216,13.547464827458999
5217,15.277783666185229
5218,15.65326272819356
5219,14.527989723719857
5220,14.893503565985652
5221,15.757122050461778
5222,17.310508650984417
5223,17.316136021764812
5224,16.788759243787414
5225,16.035756313717723
5226,15.196663159715964
5227,15.480337958415715
5228,15.007506793284135
5229,14.786522106099188
5230,14.286197608236076
5231,17.25489424916453
5232,16.25461642363387
5233,16.16141635271523
5234,15.544773080651185
5235,15.94622160219933
5236,16.108501309392743
5237,16.45671666686622
5238,15.033065193520738
5239,15.148331152044051
5240,15.010115164236298
5241,16.659350536350704
5242,14.972288626173869
5243,15.324363119529153
5244,16.928378787514013
5245,14.550724085306234
5246,14.833288712569205
5247,14.949312596922134
5248,16.727466524597908
5249,16.618393000756587
5250,15.735394486044745
5251,16.406958752942995
5252,15.875457392186783
5253,13.480990272309125
5254,15.657385834980955
5255,16.89531345922325
5256,15.417633527977967
5257,16.264148031426863
5258,15.657208264469313
5259,14.837810115293804
5260,15.630050086711169
5261,14.960180865471532
5262,15.612590466241803
5263,15.637560362403256
5264,16.540065382918968
5265,15.972210155265858
5266,14.750605031167048
5267,15.137101651482507
5268,14.723544680950571
5269,15.216505521367209
5270,14.780277240766127
5271,15.952672071146138
5272,15.509831578066867
5273,15.158721143843952
5274,14.684959981559365
5275,15.956002864326779
5276,15.258084154597672
5277,15.010550404659568
5278,15.162082217595003
5279,15.187048800737635
5280,15.436441058268013
5281,13.737303359542016
5282,15.157369556078228
5283,15.341301154391639
5284,15.856099157619818
5285,15.092462321609887
5286,15.4556336720453
5287,14.692244607343055
5288,15.195078077392752
5289,15.094930699887346
5290,15.2835429215683
5291,16.976990900127685
5292,16.217024943218657
5293,15.460072961625436
5294,16.07407890827532
5295,16.859356945357323
5296,13.88861543461039
5297,17.04237478821531
5298,15.347925098168231
5299,16.71423859846509
5300,15.401420867454924
5301,14.951888264954816
5302,14.549104262073428
5303,15.274345991275343
5304,15.385002712056714
5305,15.54104136938743
5306,16.20287328237336
5307,15.397577305397693
5308,15.536849305185006
5309,15.987236761447031
5310,15.90329548303817
5311,15.441287521697083
5312,15.62474969573488
5313,15.491200794433288
5314,14.59640301975016
5315,17.215168201839933
5316,14.724404924261364
5317,15.87391817744399
5318,13.304221520353586
5319,16.34688238978611
5320,14.44920556934267
5321,15.614896499811362
5322,14.699940422078217
5323,16.27845161816315
5324,16.558180679652995
5325,15.195544548854734
5326,16.149027267521383
5327,15.378705061321188
5328,16.074278741528342
5329,14.534579293006454
5330,14.93408871293676
5331,17.119348118572677
5332,16.892065465553266
5333,15.06272989487674
5334,15.119616731570124
5335,16.18153829093825
5336,15.80267670573888
5337,13.841880540153868
5338,15.529156283728867
5339,14.263775401294398
5340,14.858167205568297
5341,15.283817169632792
5342,15.909380348195707
5343,15.954609742242631
5344,17.652109631602205
5345,16.20900941415984
5346,15.017684323928247
5347,15.425667354470034
5348,15.644624835951463
5349,14.279442010374614
5350,16.836719340238297
5351,16.43529046752545
5352,15.351651337576522
5353,17.689048165919452
5354,15.894446596826098
5355,16.44963310714832
5356,15.612129580399003
5357,16.393638374208987
5358,15.992014625278808
5359,15.06045474605621
5360,15.131968447793046
5361,16.29372049585923
5362,16.24033946173989
5363,15.757936667041514
5364,16.154729669337843
5365,15.615497923295749
5366,15.29898590935486
5367,14.947603379408436
5368,15.40434002817736
5369,15.504713540538505
5370,16.536232973489508
5371,16.350398484037804
5372,15.362294797986126
5373,16.029822248567577
5374,15.115038468036483
5375,16.762126281519297
5376,16.022424059255087
5377,14.40756474693187
5378,14.736731822296104
5379,16.275344652064224
5380,15.08372943356967
5381,15.63274392070114
5382,14.817255431388888
5383,16.64392980473638
5384,14.212711505716758
5385,15.07199143415321
5386,14.418778447323934
5387,16.91304797220186
5388,17.019654066882577
5389,15.826888782831473
5390,16.30292097429954
5391,15.04119011782456
5392,15.613813040189584
5393,14.8780843563148
5394,16.050443245629758
5395,16.35118826953371
5396,14.704696094163193
5397,16.116100544892273
5398,14.92480392454237
5399,14.009173763125833
5400,15.586797630000849
5401,15.388785993854015
5402,15.440078787301143
5403,16.71375815494591
5404,15.473309414068968
5405,15.601739175801935
5406,15.834826120570998
5407,16.679495463455563
5408,15.24737920926061
5409,15.786137819352133
5410,14.750516976516403
5411,15.773647677087729
5412,16.008415674212756
5413,14.76660660780536
5414,17.52768603500135
5415,16.123706537906703
5416,16.151033662617472
5417,15.807793662730337
5418,16.457146377422735
5419,14.94131063586285
5420,17.198783301692348
5421,14.841143173208394
5422,15.059162688980319
5423,16.556371333056045
5424,15.474332366701317
5425,15.385461737193108
5426,15.98511147891093
5427,14.319354463236584
5428,14.98782189442453
5429,14.917831546364667
5430,16.046356673905215
5431,16.816835822702966
5432,17.090383479222254
5433,16.077021038663986
5434,14.317643423836678
5435,16.465937595751697
5436,16.930592647148785
5437,15.17235315639235
5438,17.309553246431243
5439,15.913697466498403
5440,16.294397474577856
5441,15.790677594043279
5442,14.799181824711368
5443,15.606207179618169
5444,14.388256323503205
5445,16.160055597774214
5446,18.353343253441942
5447,16.424097492284886
5448,15.098215907690069
5449,17.44860041534235
5450,15.23684809283884
5451,17.08834879128725
5452,15.451375642937288
5453,16.451925927400794
5454,13.817274893103654
5455,16.042208612286093
5456,17.805517340994932
5457,16.772267729960607
5458,15.767469443873015
5459,15.783653504365864
5460,15.21612433010965
5461,15.991822568212218
5462,16.415066201124134
5463,15.547265505603008
5464,15.413324459264427
5465,17.84633451827572
5466,15.289775031327325
5467,15.05068358037349
5468,16.102649328609747
5469,15.113228352314504
5470,15.893205522642086
5471,16.29810146759941
5472,16.31801270184153
5473,15.54436346830148
5474,16.492667748807342
5475,14.964712195343544
5476,16.072217815447797
5477,16.57508897312813
5478,15.125386329761337
5479,16.633367234263638
5480,17.34257647190554
5481,16.52526500371603
5482,17.393897033414582
5483,15.106752050404587
5484,14.72239564298186
5485,16.225801701871287
5486,15.3343818150117
5487,15.65768977194658
5488,16.329014701135613
5489,15.110184326982937
5490,15.94293529668542
5491,15.28517350199541
5492,15.229073893191028
5493,16.36851574859098
5494,15.540705804750758
5495,14.76095576655226
5496,16.899945792707644
5497,16.838021109906034
5498,14.189650520718912
5499,14.90024709490323
5500,15.080034433848526
5501,15.854957513860224
5502,15.926344680671596
5503,14.739171812537567
5504,16.304671225125745
5505,15.957794802722578
5506,16.23589193150412
5507,15.26492242096596
5508,15.493810459279532
5509,15.77572981222606
5510,16.33386471168211
5511,17.185597569928085
5512,16.543715607981994
5513,14.58104201747807
5514,15.30362737349185
5515,15.227348036267898
5516,18.28196116636137
5517,16.496284148905207
5518,15.114559670739798
5519,15.038751532381182
5520,16.1909911813132
5521,17.267727714152517
5522,17.84587924355654
5523,14.914897299463034
5524,16.114351366057672
5525,13.46230463585397
5526,16.067376678270744
5527,16.80199342976938
5528,16.548490393170592
5529,15.261762791700665
5530,16.69618981155216
5531,15.320682110866453
5532,17.178206104094663
5533,17.264957497815747
5534,16.017254036532368
5535,16.406576097244137
5536,16.710231931084724
5537,16.304396297045756
5538,16.05345537114016
5539,15.279421502695186
5540,14.167153098712069
5541,15.910709553498474
5542,16.084662980129295
5543,14.85294450711491
5544,16.202153238018077
5545,14.980507258706872
5546,16.59755825315904
5547,15.387043755050383
5548,15.694811568874348
5549,14.263116016909576
5550,14.713929467780137
5551,15.091312851481495
5552,14.847589824543688
5553,16.068204686778806
5554,16.408056104431598
5555,16.71122085844885
5556,16.03932126696751
5557,16.347605396086013
5558,17.872394286741237
5559,17.73170088675185
5560,14.756041317568299
5561,15.695468293557832
5562,15.96770493539932
5563,15.782920303664206
5564,16.817446493784328
5565,16.968286092665437
5566,15.75329425175325
5567,15.699230827464683
5568,14.765966342659553
5569,15.344373558805263
5570,15.010146490279466
5571,16.141585875369003
5572,16.51033925667017
5573,16.305819012452574
5574,16.02984602814048
5575,16.653578721813926
5576,16.039568855982736
5577,16.489328762414534
5578,15.884674838714448
5579,14.570167456140052
5580,15.663239782399943
5581,16.97304882040747
5582,16.269202323978288
5583,15.55760061580291
5584,15.309797348166109
5585,16.909377161118055
5586,15.083577522378986
5587,16.45184313718837
5588,15.28122619392667
5589,15.902542984407011
5590,15.202329465193273
5591,14.003620421027808
5592,17.49192840789253
5593,14.876994939299903
5594,14.777184180789208
5595,15.956536680026462
5596,15.227531410446382
5597,14.168665694475935
5598,17.38270147337838
5599,16.90270399477152
5600,14.509867933782752
5601,16.69767345800662
5602,15.118989730221152
5603,16.206526485696703
5604,16.44615500511221
5605,16.003775221342014
5606,15.955897848443152
5607,16.200824000956295
5608,16.96643978590975
5609,15.418703338420446
5610,16.622316920738676
5611,14.988440543958427
5612,16.289896801315287
5613,16.14716965082017
5614,12.966243199516903
5615,15.54416477090369
5616,16.169905634434834
5617,15.656428648561846
5618,15.51540502238927
5619,15.622461026628256
5620,14.72112600796384
5621,15.973598494812732
5622,15.818874976384441
5623,15.652557135575174
5624,15.886998632859866
5625,14.92786546070708
5626,16.31980938031706
5627,15.188190599958025
5628,15.17477186270152
5629,17.185078221287455
5630,14.392549267600094
5631,15.33966073033647
5632,14.167476327472079
5633,13.90061252863449
5634,14.932335742804874
5635,16.56452469346329
5636,13.91904559011092
5637,15.52226111879368
5638,15.132911550735956
5639,15.965138173371674
5640,16.458132037697272
5641,14.50716138722886
5642,15.665524361875423
5643,16.213810276390454
5644,14.945020299270466
5645,16.211141668148883
5646,15.246467123814883
5647,15.205212361787485
5648,17.029283622425915
5649,16.306090077393126
5650,14.680331120746706
5651,15.00802195896523
5652,15.21682231385165
5653,15.440064757984294
5654,15.508816301989324
5655,14.564391535093616
5656,16.508608235440796
5657,14.382174844532111
5658,17.382103776870952
5659,17.226270673685
5660,16.317080224162446
5661,15.919267615949279
5662,16.29977688559609
5663,16.72881312817575
5664,15.397748688941105
5665,15.600439229406508
5666,15.613459645814759
5667,14.56566555805932
5668,16.689594376839246
5669,14.64929879505678
5670,15.802416963656249
5671,16.216401942283948
5672,14.987454014002461
5673,15.459118120165202
5674,15.679074449640506
5675,14.075632370343984
5676,16.303077985012575
5677,15.874340505087776
5678,16.100138329764597
5679,16.40982736459335
5680,17.05781167509033
5681,15.616993750653931
5682,16.16404720820444
5683,14.784321761172952
5684,16.470975711836854
5685,13.65934054209038
5686,14.60066420774152
5687,16.889374649183672
5688,14.581088122543349
5689,16.963146359259266
5690,13.410733413652478
5691,16.1610223867001
5692,15.253736120764094
5693,16.534571282926507
5694,15.55754465172312
5695,16.287424380019274
5696,16.61790326150348
5697,14.716128742789746
5698,15.893544906587223
5699,15.294431328600615
5700,15.236300053540665
5701,15.551757681289619
5702,14.696438903342738
5703,16.196528521393805
5704,17.243511958839555
5705,14.04521735115816
5706,14.878214898369777
5707,17.012693758287636
5708,15.45650726151944
5709,15.467876193577284
5710,15.56682928283077
5711,14.87872851729549
5712,15.442105158818313
5713,15.266482937388783
5714,16.50223059789969
5715,16.405784037344297
5716,15.51364583291138
5717,16.680690320230607
5718,17.270647332184318
5719,15.558728600586834
5720,15.903011062499488
5721,16.782307898831224
5722,17.294003701439973
5723,15.773334270905865
5724,15.94015151884169
5725,15.17471053244666
5726,16.029442859555033
5727,17.413002412155304
5728,15.315058097642462
5729,16.376461259265884
5730,16.25210685657217
5731,15.221211127651241
5732,15.70691684251179
5733,16.610242236610706
5734,15.360148990460418
5735,16.588541643938136
5736,16.44410347426503
5737,16.441235408241628
5738,17.22872075742118
5739,15.342406141159184
5740,16.931351866823174
5741,14.02899955639218
5742,15.719095160302084
5743,16.285640998953795
5744,15.036437699950408
5745,15.04590365841345
5746,16.620133264219714
5747,14.529205593964287
5748,14.892743108103659
5749,15.650177703420411
5750,16.120443088640553
5751,16.350625617507333
5752,15.709371972285561
5753,16.649795938995684
5754,16.075308778010235
5755,15.02347930330529
5756,15.47996243966797
5757,16.82030555390359
5758,16.47083744214626
5759,14.841847298992619
5760,15.784042002484851
5761,15.712027157187936
5762,15.673477412856716
5763,14.530017405701763
5764,15.795434998360738
5765,15.214256930879252
5766,13.798955598953322
5767,14.492056449199692
5768,15.275085281956116
5769,16.90448518533554
5770,15.63742867193737
5771,15.655443676736695
5772,15.27259011298209
5773,15.548819204702733
5774,16.914596861277587
5775,15.34262165246373
5776,16.121753032631027
5777,14.467726826878533
5778,15.24940123558225
5779,15.740101068961428
5780,15.931950028713748
5781,14.944464424914324
5782,15.329904590513106
5783,15.00017204420269
5784,16.631931772641074
5785,15.578328476076946
5786,16.817732642249904
5787,16.525617508124164
5788,14.70044528649523
5789,14.432193335474132
5790,14.678611774715108
5791,15.020515896436507
5792,16.258794363206857
5793,15.868607288630919
5794,15.576317558688189
5795,15.27297993200853
5796,15.45613429129671
5797,16.663928264101372
5798,15.053131256995048
5799,15.055360742168407
5800,16.43850158767791
5801,15.088021975522445
5802,16.424041710212208
5803,16.378268201220525
5804,15.279565405342957
5805,15.093625140412959
5806,15.827600914617502
5807,16.49488571951701
5808,15.147021191355202
5809,15.729214218690428
5810,15.900843420784074
5811,13.791191284902848
5812,14.270456415364581
5813,16.677458180480542
5814,17.537499402569637
5815,15.596493442449955
5816,16.243541608284254
5817,15.733608061979757
5818,15.90716992943896
5819,16.072683972515154
5820,15.234554131242787
5821,15.773127166221945
5822,15.082747248375506
5823,16.10396484392005
5824,15.696830051143834
5825,15.232397444595806
5826,12.564650000548781
5827,17.139519565562363
5828,15.500221517954666
5829,15.901376153581788
5830,15.277281174593302
5831,14.886876715486517
5832,15.168669038582843
5833,15.255132684287565
5834,17.049525364563873
5835,16.578616456521054
5836,15.005168481638027
5837,15.448844518477626
5838,16.630498649107622
5839,16.91741411797563
5840,16.809103336156593
5841,14.963915138783136
5842,15.465341880999368
5843,15.069675705994882
5844,14.413412206728845
5845,15.95103680793271
5846,15.472805692613875
5847,16.201739263355584
5848,15.873149729275447
5849,13.42158475161866
5850,16.463646247102226
5851,15.792134542246648
5852,15.80992272318016
5853,16.719292310744024
5854,16.172076921091765
5855,14.988298285860951
5856,13.727952506773667
5857,16.57573249343796
5858,14.92544847902774
5859,15.227133754173385
5860,17.097754566633864
5861,17.41440134522243
5862,15.638506436842906
5863,14.283871818300627
5864,16.013091361985463
5865,16.12955909164039
5866,15.017773753830944
5867,14.015851806420025
5868,15.390781642586044
5869,15.748810980727646
5870,14.974782730416102
5871,16.21668936597649
5872,14.431938769002604
5873,15.505117671738462
5874,15.250310123052587
5875,15.51851690395656
5876,14.375260227694595
5877,14.227632140603466
5878,15.39995164032172
5879,16.781383821190413
5880,15.654859428999377
5881,16.828590041367995
5882,15.273079765199926
5883,14.375751099673701
5884,15.269656563919392
5885,15.108558840426502
5886,16.076608761719893
5887,16.437089275873845
5888,16.062233491088808
5889,13.621390104133164
5890,14.017030060716708
5891,15.622441398299106
5892,15.280791341115348
5893,14.448997226487421
5894,16.449369822452446
5895,15.21086783467344
5896,15.147328761309629
5897,14.709342030365242
5898,14.712264658965031
5899,15.385726589572748
5900,15.57337983353859
5901,14.719544802471134
5902,16.702303739385503
5903,15.93585170654622
5904,15.474940779152254
5905,14.651639563967919
5906,15.405112617992309
5907,15.43280155483316
5908,16.028249971505712
5909,16.112410901373345
5910,15.666974109107068
5911,14.839424587294852
5912,14.63547860866543
5913,16.788595866080122
5914,14.422637810048935
5915,17.158363565619833
5916,16.983100897314937
5917,14.685893619244933
5918,16.966254657419135
5919,14.980428554663954
5920,15.544183520874002
5921,15.274161932943715
5922,15.991355106997135
5923,15.914149130870921
5924,15.286062688022282
5925,15.115739903959051
5926,15.651736929134806
5927,17.01540651330771
5928,15.259820703330412
5929,15.388826993600347
5930,16.651706879164244
5931,15.84885751485788
5932,14.863151400568153
5933,14.835260603252761
5934,16.44492521489161
5935,15.102702041620551
5936,16.26982725769321
5937,15.886095078333778
5938,17.572939658794457
5939,15.345112141574313
5940,16.882580143445637
5941,16.72629789163057
5942,15.586523025283856
5943,16.999109619004702
5944,15.931304124651309
5945,15.513659654310853
5946,15.274406437906475
5947,15.22502575385598
5948,15.35431348781366
5949,16.282231098690783
5950,15.564701563419161
5951,16.90110928310261
5952,17.610406079374364
5953,15.79262983735536
5954,17.047181726147024
5955,15.164032837058084
5956,16.793052849504825
5957,16.686121916567345
5958,15.634165554670926
5959,14.457207670340923
5960,14.711373302478526
5961,14.575002408449436
5962,16.35947215148904
5963,15.167375091911003
5964,15.263017638312842
5965,15.7386498784535
5966,16.93345898925875
5967,16.44345391024515
5968,15.192772236713784
5969,15.918062105733204
5970,15.716543738045482
5971,16.197468660842674
5972,16.065222830154227
5973,14.833309920613916
5974,15.801956329416447
5975,15.198689512587839
5976,14.765317972339188
5977,16.458610231250855
5978,14.83213870572962
5979,15.12423046679628
5980,14.506531730088977
5981,16.017059659950508
5982,15.434899487757143
5983,15.138226921100767
5984,15.297558766696678
5985,15.008350008382955
5986,14.963914008777811
5987,14.69884759696407
5988,14.152107432754955
5989,15.754660480706653
5990,15.025394832676943
5991,15.133819380078792
5992,16.64712082757771
5993,16.361966692820438
5994,15.191034629312451
5995,17.9980825653224
5996,16.656191051913098
5997,17.385638553992646
5998,14.09146809460831
5999,16.149583695867825
6000,16.71821862331343
6001,16.315969793628575
6002,16.296983265272633
6003,16.10868499399166
6004,16.55218701268454
6005,16.90077015212326
6006,15.419591555801558
6007,16.06026363866257
6008,16.249716490239862
6009,16.2935039722134
6010,16.322951314328233
6011,14.39512657695575
6012,14.724846224671886
6013,15.244626593971054
6014,14.684805060248054
6015,15.749119981768594
6016,15.586528337710707
6017,15.12115123009717
6018,14.575702013466252
6019,15.153225294546209
6020,15.210613384383407
6021,15.444351076152003
6022,15.002118286182657
6023,16.52422813103723
6024,14.939926878441597
6025,15.933516280065449
6026,15.716792928488982
6027,15.177485885840682
6028,16.325102466258244
6029,13.684000623752443
6030,15.04150156993611
6031,15.23968957240233
6032,15.752034996099264
6033,15.453428857725134
6034,15.064505169480364
6035,17.679334090179687
6036,15.843434315371903
6037,15.683962939524587
6038,16.05894173931245
6039,15.176013990272304
6040,14.630600945905519
6041,17.615965226766864
6042,16.555554723619487
6043,15.277500295592485
6044,14.347979398516003
6045,15.906111925862419
6046,16.115188863701817
6047,15.125560423719964
6048,16.006372784511456
6049,14.625294350857802
6050,13.79682625327071
6051,17.01260932349225
6052,15.793639694820303
6053,15.65332147184874
6054,15.791384978151378
6055,14.824254688078064
6056,16.839907543310254
6057,15.3976508672535
6058,16.060689503053194
6059,14.182636396066972
6060,16.390089749871215
6061,15.894294383880428
6062,15.619728791711688
6063,15.42750797870019
6064,16.003378984876317
6065,15.389496149213457
6066,15.132965673799728
6067,15.999618704771288
6068,16.10230428716681
6069,16.86998286947552
6070,14.513517170348239
6071,15.931961437877355
6072,16.34817730327621
6073,15.421617390589233
6074,15.522414781358217
6075,16.29471867427659
6076,15.708281919239372
6077,15.190407291116067
6078,14.628113254983312
6079,16.273785305098002
6080,15.276673976338076
6081,16.137609135761068
6082,14.359502655901197
6083,16.362504688657125
6084,16.54309764500198
6085,16.19928873121562
6086,15.870865284609957
6087,14.737503310012364
6088,15.94890188409175
6089,15.347491694754874
6090,15.287344377564663
6091,15.230065618060587
6092,15.723318654313715
6093,16.335649856994273
6094,15.847559288828014
6095,15.797187465400015
6096,14.961611718931081
6097,16.49304316207907
6098,16.75985208006886
6099,14.707610111413844
6100,15.529881717946603
6101,14.87896587196501
6102,14.615561746326046
6103,15.880728417450992
6104,16.109088121075477
6105,15.710666678740207
6106,15.751546297930611
6107,15.588002840738005
6108,14.828928980144546
6109,17.33596113627674
6110,16.282510503470125
6111,16.86228279955859
6112,15.964397268890444
6113,15.747876541302132
6114,15.83563722258277
6115,15.027231394766007
6116,15.885489714953865
6117,14.945501195248157
6118,15.068456221565677
6119,15.412165986590468
6120,16.180246472989197
6121,17.180986387668707
6122,15.233850677789253
6123,15.867784157208622
6124,14.913797337407612
6125,14.794639681326226
6126,15.484143528215654
6127,15.916494691148284
6128,17.67075316286315
6129,16.117534929356587
6130,16.365356587167696
6131,15.112071756098215
6132,15.849063342599147
6133,15.459730441747782
6134,15.638644660353012
6135,15.783049619238088
6136,15.829108493102298
6137,14.703494868695604
6138,15.026372823678992
6139,16.127735264604386
6140,15.868117563571904
6141,15.189906743164524
6142,14.77476407018404
6143,17.183879027826407
6144,17.56259022359608
6145,16.627462573704573
6146,15.027134694180326
6147,15.644730714445911
6148,15.23595978008438
6149,16.89740148461709
6150,15.281640306744462
6151,18.077935712220828
6152,15.594890584530097
6153,15.657304554590194
6154,15.432249167318256
6155,15.724421091150843
6156,14.507178276460285
6157,14.460178044477708
6158,15.009133940310322
6159,14.356039044224438
6160,15.372362945570842
6161,14.819833256822104
6162,14.648133698713874
6163,15.790066021787686
6164,15.973449562212275
6165,16.976343575363707
6166,16.827619659697845
6167,14.358886094335375
6168,15.038984685420969
6169,15.424145515666098
6170,16.8071245581013
6171,17.2873752589377
6172,16.049463004446224
6173,16.33003872521287
6174,17.040403104426254
6175,17.014910399465368
6176,15.903740359217393
6177,16.011493733142608
6178,16.122290578388817
6179,15.65390815953946
6180,14.638213265357638
6181,15.488024934232822
6182,15.727924433589449
6183,16.16825192467558
6184,16.185503186625873
6185,14.4451972300346
6186,15.312620581162374
6187,15.944257621971987
6188,14.66924088863831
6189,14.497658891379103
6190,15.846517641875229
6191,15.340139411930307
6192,14.684670458360056
6193,15.904772256788794
6194,15.473543091463425
6195,17.693795255702966
6196,15.477164327233126
6197,17.330407646638708
6198,14.889672701600915
6199,15.497236256732105
6200,15.302962227622753
6201,16.714198767040973
6202,15.773671431889287
6203,14.848719398340048
6204,16.870520288323267
6205,15.44093311964773
6206,14.766652302168799
6207,14.259036496390413
6208,17.551029896127172
6209,15.899661849880372
6210,16.674627185583244
6211,15.513976665517678
6212,16.380015455557746
6213,13.33271130460546
6214,17.24893112843486
6215,16.100636857082343
6216,16.538740467605237
6217,15.331099975127641
6218,16.15572733013709
6219,15.34587718475834
6220,15.86563053608697
6221,14.872330727438767
6222,16.4827577029221
6223,15.438268712246993
6224,14.62056945636337
6225,15.935821669102017
6226,17.036830908219663
6227,15.671753370596969
6228,15.949512221990776
6229,13.400307432080652
6230,15.711229463777643
6231,15.475505355672711
6232,14.866121419017201
6233,16.399658210884294
6234,16.88142261605808
6235,14.872834971311375
6236,16.737468680125865
6237,15.62027486580674
6238,16.896373502646703
6239,15.43159617235131
6240,16.13235973311597
6241,15.106337180555752
6242,16.69995801301333
6243,15.574220621164649
6244,14.989525630737162
6245,15.245465640293084
6246,15.851062290679941
6247,16.904432505725904
6248,17.282948842176257
6249,15.838040435382819
6250,16.780281106705868
6251,15.12479211031414
6252,16.16546605069254
6253,14.80675821516877
6254,13.838798713713174
6255,15.480362503481395
6256,16.30513127447811
6257,15.185547293024026
6258,15.821119877468687
6259,15.355265161759695
6260,16.45873525421594
6261,15.349421800338801
6262,14.803714209881813
6263,15.197043601293327
6264,16.69800957816446
6265,15.992443950375996
6266,16.113865829205075
6267,15.535107997827888
6268,15.514775088887495
6269,16.65639234887778
6270,16.292822013386537
6271,15.930352356615641
6272,16.047790138619778
6273,15.459472021618229
6274,15.899924655368274
6275,15.87047991993324
6276,16.018739274677625
6277,15.671331070881363
6278,16.111039539668354
6279,17.72968901337379
6280,15.165671854178846
6281,15.654329532002333
6282,15.47511244559922
6283,15.360456876518786
6284,14.832873170033936
6285,16.1864702920679
6286,15.910513034733981
6287,15.712652880782064
6288,16.226380055663345
6289,15.606314722268078
6290,15.934694733551819
6291,15.607787690331522
6292,15.114130808149856
6293,15.964282546273703
6294,17.795261910904582
6295,15.871948623652036
6296,16.369431683455083
6297,15.041975881488
6298,16.00044227976027
6299,15.497532675487115
6300,15.627933613562433
6301,16.74405267685394
6302,16.230435597330843
6303,14.926769108135327
6304,14.817565061518266
6305,15.49890969375566
6306,16.978579289669703
6307,15.643384040213768
6308,14.236109654332813
6309,14.689632488001202
6310,17.02961986990195
6311,15.528344805253283
6312,15.481192671699397
6313,16.232883620315107
6314,15.679616501066198
6315,16.095342366563337
6316,17.172218705899507
6317,15.39967364942395
6318,14.101211487748742
6319,15.660138468993525
6320,15.894831812182312
6321,15.171270772458609
6322,16.715360692184515
6323,16.31200763968487
6324,14.015121946258567
6325,17.985200586930308
6326,16.746409112556037
6327,15.284165046416266
6328,15.133822008014894
6329,16.548982544598427
6330,15.390298063094935
6331,15.758741666926232
6332,15.267171904973047
6333,15.967406468458924
6334,14.974909255162677
6335,15.20311203309732
6336,15.781652355963775
6337,16.033808315490962
6338,14.998368344219536
6339,15.582386907701625
6340,15.003432759902976
6341,16.646926204427988
6342,14.742977382886359
6343,15.248825135874506
6344,14.946499281947016
6345,15.404332771392157
6346,14.377446666879381
6347,15.1970509903665
6348,14.915731610750107
6349,16.60155492519302
6350,16.058661225587635
6351,16.078350410519178
6352,15.690868316329277
6353,14.638758444076537
6354,15.306510420027195
6355,17.412075172429887
6356,16.53047391681409
6357,16.343016912235502
6358,15.903300722080076
6359,14.54332134224663
6360,16.463468988029835
6361,14.734748854039083
6362,15.870876273387207
6363,15.777497473757517
6364,14.299521268282874
6365,15.430114897797942
6366,14.487995279929171
6367,15.30189964099593
6368,15.686297231522605
6369,14.91398191398436
6370,16.882541001805745
6371,14.9895530706976
6372,15.57265420526255
6373,15.388737935518648
6374,14.789423270202988
6375,15.09934961045278
6376,15.491386350334592
6377,15.513155414592662
6378,17.037230789290216
6379,15.050882881797934
6380,17.193850538716372
6381,16.527029788827537
6382,16.830646756680796
6383,15.45574520436989
6384,15.824984318154911
6385,16.113061805492435
6386,16.17966348698228
6387,16.11201162286293
6388,14.983740704667614
6389,15.464567433765472
6390,14.480753250437786
6391,15.048512512906207
6392,15.977954778752236
6393,16.017692707713177
6394,14.90228914626837
6395,15.324375379213246
6396,13.913765563617902
6397,16.119445973432207
6398,14.729661584766433
6399,16.402274606044323
6400,16.504159847120476
6401,16.089394304224385
6402,15.182458846689567
6403,16.00046056965998
6404,15.360035742059079
6405,15.570425736290584
6406,15.869213470242075
6407,15.93625063619554
6408,17.162210542575583
6409,14.614102198188776
6410,17.18201934173011
6411,16.65124844423537
6412,15.111982381369407
6413,14.704704944351333
6414,14.84219367941307
6415,16.37915471255874
6416,15.490698339075855
6417,16.38953797011449
6418,15.60697521134662
6419,17.710223067919525
6420,15.004366126029728
6421,14.218705121916134
6422,14.438261089390707
6423,14.587426395094912
6424,17.684853356330073
6425,15.052211202921889
6426,15.014857696886876
6427,16.13016310698629
6428,14.099391544520005
6429,15.081650383400097
6430,15.294693762422312
6431,17.3573828415538
6432,16.391272473447444
6433,16.53352496866963
6434,15.877323720304107
6435,15.060106741788658
6436,14.944835406726973
6437,15.949463283114518
6438,16.410618123471178
6439,16.853685946488177
6440,15.207702623007076
6441,15.987728806641684
6442,15.454819350627115
6443,15.770966561657328
6444,16.258963449866577
6445,14.580765170443899
6446,16.86873773727933
6447,16.630001384866713
6448,15.463494519413661
6449,16.31691759772794
6450,15.241884921056522
6451,14.656739542141526
6452,16.344868615244188
6453,16.205713286347898
6454,14.501415085557026
6455,15.91880731899134
6456,16.10048979960108
6457,15.092300627613149
6458,16.229193131323257
6459,16.12133202605112
6460,15.05081060476939
6461,14.838692571018926
6462,15.857077072406257
6463,16.529193960827797
6464,15.843312279724524
6465,15.653979170806096
6466,14.496133304362848
6467,16.475807926353422
6468,15.796665538776084
6469,16.25410153223835
6470,16.50335552779838
6471,14.15921103985873
6472,15.046518821699447
6473,14.733850114223124
6474,15.563926730841132
6475,16.807679206228126
6476,16.349526867361412
6477,14.69963717731176
6478,15.207142730229403
6479,16.266939378588827
6480,16.24843084063534
6481,16.010955078679714
6482,14.573525749513825
6483,14.337156197864518
6484,16.29975843432917
6485,15.748023172270152
6486,14.349702683243223
6487,15.734335856188054
6488,14.700864379157958
6489,16.22285044911105
6490,15.350248017006544
6491,15.620874029542692
6492,14.799702869413089
6493,15.056642988038636
6494,15.741269082229847
6495,15.610531807362399
6496,16.44357954324952
6497,16.12560227934536
6498,15.794848758689705
6499,13.995617289173106
6500,16.72877069816539
6501,15.345712181245673
6502,16.26728079245089
6503,15.900149042611964
6504,15.250443507127803
6505,14.535274812389254
6506,13.962595817767056
6507,16.608897770687406
6508,15.298571928269658
6509,16.793517862897474
6510,15.788494012020875
6511,14.685264000461398
6512,15.35497951315357
6513,16.845205148865762
6514,15.50409221373091
6515,15.727662166444146
6516,16.962449427448515
6517,14.542335331883743
6518,15.936491631465884
6519,16.415195794316617
6520,16.019393999312257
6521,16.184248520713076
6522,14.258040841618131
6523,15.505560819958573
6524,16.458308685437505
6525,14.954522195001621
6526,14.372366577371341
6527,15.755753161078053
6528,16.244127066166424
6529,16.0103436263012
6530,14.853578507839913
6531,15.005344302858314
6532,16.949158540375716
6533,16.361764088538912
6534,15.414165932188167
6535,16.8894291101504
6536,16.07582857318102
6537,15.231977198479603
6538,14.481968572448372
6539,14.44518216764256
6540,14.78143421959461
6541,14.444156443346722
6542,15.529831427338632
6543,16.28587618816555
6544,15.840948430766145
6545,14.339220514031544
6546,15.583035115824869
6547,15.456159126748927
6548,16.04323781241747
6549,15.388566628931544
6550,15.849193206117622
6551,16.03282444050769
6552,15.589275530074875
6553,15.755790862908636
6554,16.00384544534021
6555,15.434117334864004
6556,16.473229352044942
6557,16.30035567003812
6558,16.34559154169134
6559,14.688300740165483
6560,15.401361490094963
6561,15.761256682802873
6562,15.175979296949675
6563,14.36238908254104
6564,16.483811309161545
6565,15.606190515318422
6566,15.446799557518975
6567,15.58776074822276
6568,16.78798039932116
6569,14.920683914026805
6570,15.318626913667229
6571,14.110477078291225
6572,15.70204460709972
6573,16.953216138768294
6574,15.100242009122521
6575,15.01338825372196
6576,14.098983354897221
6577,15.451089408119541
6578,15.451802600761157
6579,15.513935008881397
6580,16.929342941219137
6581,16.54231322032523
6582,16.541488524290674
6583,15.849197203340383
6584,16.015432720447976
6585,15.66558553624589
6586,14.017135034965065
6587,15.528085342429684
6588,15.782413750318062
6589,15.655245734842016
6590,15.085584199073942
6591,15.176115384904076
6592,17.078344452886963
6593,16.625913063914993
6594,16.867796495131557
6595,16.006977444784628
6596,15.551896446185383
6597,16.4296736473854
6598,15.271990384425566
6599,14.94305402614317
6600,15.538884757467468
6601,16.27200941385061
6602,15.22721787171281
6603,16.08965981218684
6604,15.91186389062226
6605,15.398658104096173
6606,16.25671524728698
6607,15.868480755542231
6608,17.3247165567793
6609,15.825036525340193
6610,16.87157328143735
6611,15.62921079087144
6612,15.731618573618585
6613,15.728132232978608
6614,16.767514373716985
6615,14.955530009260674
6616,16.522261519845742
6617,14.859770668807261
6618,16.565178369098707
6619,15.164830142956479
6620,15.666069359356559
6621,15.423227313542357
6622,15.032269364808895
6623,16.250025655987038
6624,15.596576174621061
6625,14.664330659932155
6626,15.46413018403209
6627,15.488158185715296
6628,16.09062375444853
6629,15.071619039479902
6630,15.879671775287601
6631,16.708011131122607
6632,14.876314136457843
6633,14.453180995942319
6634,16.629732156659976
6635,14.782533237937507
6636,16.69541808603249
6637,15.232010713634397
6638,14.285088654367692
6639,16.265810017032443
6640,16.233229171141975
6641,15.50416367348958
6642,16.837552219679885
6643,16.152658407756697
6644,14.045962608673635
6645,15.647027317405303
6646,14.51201906040413
6647,14.384646524801132
6648,16.631993594614435
6649,16.599655691747216
6650,15.474427891594697
6651,15.275440403677965
6652,15.751512112167285
6653,14.978976119234835
6654,14.133216198636426
6655,14.413534774090595
6656,15.511592005231531
6657,14.848842978334888
6658,15.999303851322704
6659,15.885483347890869
6660,14.803399197999768
6661,16.463507845796464
6662,14.755014260561415
6663,15.06211473362902
6664,15.026085544531787
6665,15.533167420038067
6666,15.01454561529027
6667,16.722611625753757
6668,16.4510531990933
6669,14.966780485626224
6670,16.81728892910736
6671,15.645552360872339
6672,17.109101148814478
6673,16.027413420477878
6674,15.122144613712635
6675,16.70827379401179
6676,15.670346110958011
6677,15.92398904809159
6678,16.306134951541576
6679,15.985267335582666
6680,17.132549215641113
6681,16.108635115446326
6682,14.594366208826136
6683,16.78723551511123
6684,14.714906058459258
6685,17.645676270849403
6686,14.729786958535687
6687,15.196478351022659
6688,16.25955160931211
6689,16.29710397718032
6690,16.31805052095306
6691,16.317672398570302
6692,14.524348437800962
6693,16.655094766740874
6694,15.63919660196768
6695,14.422541460717254
6696,17.2860777840621
6697,15.368846937010714
6698,15.401118224679923
6699,15.421154818143133
6700,14.693311194622284
6701,17.09975102839383
6702,14.66269345500401
6703,16.329322933172374
6704,15.1217031746592
6705,15.750980661379685
6706,16.1099414834956
6707,15.796344470774395
6708,16.302799319796634
6709,16.26660218161994
6710,14.564792966693656
6711,14.341739313605732
6712,16.275424807392646
6713,15.665812838045408
6714,15.470303178880515
6715,16.060359018730992
6716,14.964085310084206
6717,15.508191098828648
6718,14.28270879100035
6719,16.524830175522368
6720,16.257916105598753
6721,16.995745131328963
6722,15.469890269011795
6723,16.64429987423805
6724,14.327583992114626
6725,16.302115243827775
6726,16.51108290096395
6727,15.285543831155614
6728,16.483812874338724
6729,15.770683243504894
6730,15.461143456372342
6731,17.007363342619822
6732,13.966444189640134
6733,14.40959220243522
6734,14.803186776934623
6735,14.94051531223818
6736,14.557418508445988
6737,16.47963837987687
6738,16.040082804372616
6739,14.504825334710597
6740,17.469410559475904
6741,16.234257794627418
6742,16.192898865562906
6743,15.211204845021724
6744,16.120429287259178
6745,15.91617214248897
6746,14.283211325613237
6747,15.290731308315436
6748,15.464735245175998
6749,16.380786257933536
6750,16.161187122649043
6751,16.147347189834154
6752,15.011801727471985
6753,15.567143168353711
6754,15.275528014078276
6755,15.916631088406756
6756,16.09866456358686
6757,15.804994466094158
6758,17.261280728214224
6759,15.961883085206775
6760,15.344506179318975
6761,16.740459978311748
6762,16.396088571089685
6763,17.490088403134106
6764,17.074125735142527
6765,16.81535599628467
6766,15.472419079329711
6767,15.388548868276345
6768,16.06660088383444
6769,16.33444451064784
6770,15.343129429888227
6771,15.622217688714452
6772,17.406010331874274
6773,15.188156344371757
6774,15.159485207063238
6775,16.114805933310397
6776,15.271608754625394
6777,15.008539829251179
6778,14.821658152338921
6779,15.073594361574877
6780,14.4793911453743
6781,15.660541420672319
6782,16.129897720541884
6783,14.370506730293805
6784,15.409249712521794
6785,16.41994157867143
6786,14.179008492065712
6787,14.869359994832651
6788,15.083938503029106
6789,15.58974437569275
6790,17.37343918935047
6791,15.923089895686651
6792,15.678236828440077
6793,15.848069146546637
6794,14.977003729794738
6795,15.451390522052701
6796,16.251114535305312
6797,15.70985979228755
6798,15.332870863303189
6799,15.597543293781126
6800,15.266542244981137
6801,15.415422822414364
6802,15.545159662159055
6803,14.267604214796869
6804,15.38923211428068
6805,15.66642584989644
6806,16.157379677525036
6807,16.470774180689926
6808,15.394013708832318
6809,15.982637585355059
6810,14.794119707896503
6811,15.498238961167754
6812,16.17817419797465
6813,16.896204912769782
6814,15.514769233010512
6815,16.376789199325245
6816,15.865979708839891
6817,15.971802110544932
6818,16.75773087705647
6819,15.158397618854597
6820,15.392780453706612
6821,15.249382984092787
6822,16.458550186614183
6823,13.888026727254555
6824,14.851750399852424
6825,17.634547273535095
6826,14.263545577114048
6827,15.586653263195796
6828,16.851093798167913
6829,14.768702644018928
6830,15.134210472546801
6831,16.83302811805814
6832,17.39809530242369
6833,16.03072932491951
6834,14.904348483641247
6835,15.637472102099885
6836,17.33999656330433
6837,16.855289710267865
6838,16.767548045877806
6839,16.133722539343683
6840,15.129108992622694
6841,16.095980058916417
6842,14.936227816036165
6843,14.510091813056201
6844,14.840717855619683
6845,16.564729779322064
6846,16.120590277404613
6847,16.252035927379012
6848,15.512441887090912
6849,16.454853262557947
6850,15.237233106997712
6851,16.45986992863536
6852,15.939376580753361
6853,15.110529618563032
6854,15.972607146480541
6855,15.50058898728627
6856,15.65636357640843
6857,14.812558294326633
6858,15.682012910475878
6859,15.170048652562242
6860,16.56987361469544
6861,16.526469536309822
6862,15.067500266941243
6863,17.61426145057811
6864,15.938532349802076
6865,15.380829531224798
6866,15.819437925816173
6867,15.72186775258902
6868,16.20192385785425
6869,14.688648837899928
6870,15.216356984789806
6871,13.960728117825786
6872,14.068026491496804
6873,15.885035205935894
6874,16.381768370307494
6875,16.88783012582238
6876,14.704862591299207
6877,15.975835136372273
6878,15.697004411557714
6879,16.257143944245666
6880,14.93646772517198
6881,14.585423394030771
6882,15.94543184356524
6883,15.929764062151083
6884,14.91821078309007
6885,15.96142693388309
6886,15.437237873743335
6887,16.975035686515877
6888,17.577795546898233
6889,16.164667768499665
6890,15.184168363843687
6891,16.19239314080037
6892,15.01601769629787
6893,16.300808104179143
6894,15.110236234565601
6895,15.464582256802496
6896,15.9035096228349
6897,15.58530027806735
6898,14.8344054703106
6899,16.608488547808214
6900,15.316909626570906
6901,16.82082065739466
6902,15.658904734767486
6903,15.237583228239355
6904,14.954175020796663
6905,14.661924729910714
6906,15.33706776415673
6907,15.333924962969144
6908,15.74266171631976
6909,15.812434748163453
6910,15.684761319941384
6911,14.551382719541389
6912,16.576449871251906
6913,16.46557858337521
6914,15.009272915967042
6915,16.35289432576983
6916,16.08589132066356
6917,14.975210887522152
6918,17.50214842293226
6919,16.311739979837697
6920,16.8407424701267
6921,15.308434152369127
6922,16.90346585613633
6923,14.981706917925266
6924,15.795523414428876
6925,16.461778793921752
6926,15.343641127506107
6927,16.96232400715187
6928,16.12338311865191
6929,16.132941408341196
6930,16.638245637097604
6931,14.716808680655218
6932,14.651013404756178
6933,16.3124586727324
6934,17.28825085708123
6935,15.966972624146717
6936,16.626996736095393
6937,15.69645849947039
6938,15.006358251412081
6939,15.161830437352021
6940,15.713161704673283
6941,14.74764893039428
6942,15.362609207221203
6943,16.356611805636263
6944,16.00000610495743
6945,16.034656423223314
6946,16.105525956206613
6947,14.980584907000214
6948,14.581099651496142
6949,14.775903661127051
6950,17.130844828623964
6951,16.998393689770367
6952,15.415644539950515
6953,15.77158559900353
6954,15.178597888208207
6955,17.704177974816943
6956,14.311897921945638
6957,16.847731655447497
6958,14.745712445467479
6959,15.29114316589402
6960,14.79415871849571
6961,16.43046215863166
6962,14.167145045521755
6963,15.610459396421483
6964,16.905301008931175
6965,15.40123078639679
6966,15.130252501051181
6967,16.373856461504612
6968,16.06162232548732
6969,15.338791187204716
6970,15.986615535744662
6971,15.76260938447839
6972,15.168152005408562
6973,16.29394737515133
6974,15.1673181898257
6975,17.509931324765606
6976,15.316978752544006
6977,14.545205491878093
6978,15.818928319729562
6979,16.140163910982327
6980,15.254595374938079
6981,15.417739174378793
6982,14.991519844365197
6983,14.989393313202807
6984,15.848412929365578
6985,15.653736443800947
6986,15.945428671333152
6987,15.571228994967203
6988,15.021680655882216
6989,14.318672250488419
6990,15.45564467692341
6991,13.913272307064332
6992,16.718029833056512
6993,16.693340074415474
6994,16.39219202180191
6995,15.177781789979324
6996,15.392766210185865
6997,15.893283233124166
6998,15.110369988150948
6999,15.510306898480918
7000,16.118057039633058
7001,16.02334780728409
7002,14.155977224327016
7003,15.674145880320545
7004,17.006455555485335
7005,15.614128695008132
7006,16.55193293437337
7007,16.005256263789
7008,14.634312068909832
7009,16.29534495134283
7010,16.62099178082733
7011,15.123000386852334
7012,15.453268459115757
7013,16.201680188294496
7014,15.333100118977713
7015,16.651820609715717
7016,16.38968047993175
7017,14.967891110704139
7018,15.343302100658766
7019,15.42570437982981
7020,14.94641828974827
7021,16.153468968933776
7022,16.74538664135635
7023,14.520477625141464
7024,16.3648214443041
7025,15.91923654534025
7026,16.31320309824222
7027,15.440644891983046
7028,16.13625266715484
7029,16.0681197628168
7030,14.690996037748357
7031,17.329697281036797
7032,14.829581157860671
7033,15.478364866078298
7034,16.157497141200054
7035,16.58559192411161
7036,17.286109602747977
7037,15.454045387973858
7038,17.563351721243894
7039,17.004838492276644
7040,15.272539158530199
7041,17.050179844342367
7042,15.640456222266634
7043,15.850903002312705
7044,16.422357888968996
7045,16.12975792024645
7046,15.683750155259329
7047,15.011194420087952
7048,15.781319041949706
7049,14.432402898600099
7050,14.966867968949876
7051,14.631503092051178
7052,14.733763750953942
7053,16.58877465094419
7054,15.33315519724253
7055,16.061543121052097
7056,16.23077091121326
7057,17.3622479885984
7058,14.085017124871628
7059,15.462319706633997
7060,16.786893242413694
7061,14.648229405233241
7062,16.228854229297742
7063,14.455392182399624
7064,15.805283821691724
7065,15.384136655232876
7066,15.03486207422493
7067,15.630928459166707
7068,14.897365138673374
7069,15.025282358621018
7070,16.611605708002084
7071,15.713363555382337
7072,15.237843870734821
7073,15.954674525137605
7074,14.598872215116385
7075,14.750945205997438
7076,15.699587778202092
7077,15.879355663915442
7078,17.57808992702293
7079,16.730483994193747
7080,16.233405995959995
7081,16.28897264000966
7082,15.41257074787677
7083,16.014639799847863
7084,15.369379827825252
7085,14.369308168585738
7086,15.984464063494782
7087,15.806308980614048
7088,16.568651542540767
7089,17.995203193989433
7090,15.749145081222808
7091,16.61300881010352
7092,15.984183711304514
7093,16.438925208075663
7094,13.543764396274353
7095,14.710005611130265
7096,15.469952497396006
7097,13.878416057635222
7098,15.871667953483833
7099,16.012884733943093
7100,16.799857270625065
7101,17.081666794658773
7102,16.10425665472092
7103,14.314907481136336
7104,14.49000468503287
7105,15.668044436677208
7106,16.735443356924744
7107,16.28585415830552
7108,14.846497485729822
7109,15.14567266060024
7110,14.188754639982998
7111,15.41824926411965
7112,16.697304974680545
7113,14.558560436967408
7114,15.299984858764653
7115,15.684774619891114
7116,14.990764343321423
7117,13.242879705910873
7118,15.603807432281727
7119,15.78687284497137
7120,14.72997561366858
7121,16.72006138565644
7122,14.37713827860617
7123,15.646647814206789
7124,15.117779171165797
7125,16.110312235312374
7126,17.53561393261873
7127,14.568486709412168
7128,14.440050401288019
7129,15.32796971995082
7130,17.423582017946696
7131,15.388908959057522
7132,16.129040158024022
7133,16.256551642886965
7134,15.96172748998219
7135,15.590092101344522
7136,16.335914895921956
7137,15.760896992960424
7138,15.553470548134582
7139,16.637171613062964
7140,15.72203436235109
7141,15.2897109674843
7142,15.70133824394992
7143,15.987757500892455
7144,14.845792757753536
7145,15.103514599910497
7146,15.988639039635322
7147,15.104276919560077
7148,15.25075012118529
7149,15.760135168698218
7150,15.007386472154847
7151,15.026077774286673
7152,16.341485662413252
7153,14.486845269168635
7154,15.572659603440222
7155,14.435894499877497
7156,17.13642840256115
7157,16.766787497621937
7158,14.606831538080302
7159,14.757712347651252
7160,15.668048449144646
7161,15.398556162615183
7162,16.31663875304022
7163,15.228582418718641
7164,15.304628520502979
7165,15.646792775753578
7166,14.969372255197293
7167,15.184045700080155
7168,14.80321526142578
7169,16.57699391636425
7170,16.424936391999633
7171,16.487014450715098
7172,16.511708840031915
7173,16.825494625848993
7174,14.280207828712648
7175,15.887661487378578
7176,16.437944341740067
7177,15.930586346347823
7178,16.677290439207027
7179,17.24337073814074
7180,14.185733972034477
7181,15.855913871265646
7182,16.153448800737113
7183,15.197255331046746
7184,14.825844456165306
7185,14.5160748214813
7186,16.88938660041006
7187,15.76545520902305
7188,14.199522278717138
7189,15.075660931890011
7190,15.29252137184977
7191,16.453920113530753
7192,15.842075368951408
7193,15.344376093707629
7194,14.540522614441679
7195,16.549355038140046
7196,15.225539257491494
7197,15.735545891528867
7198,14.066181154428467
7199,14.987791075125589
7200,17.278183015269757
7201,14.08387809968792
7202,15.78068718992501
7203,16.89642821045369
7204,15.026947159750106
7205,16.811719942198
7206,15.6962065996022
7207,16.210802309794264
7208,14.066431311671323
7209,16.259802172959315
7210,16.30493471100305
7211,15.898811083452548
7212,17.18187246857783
7213,15.984537498127233
7214,14.94804698302548
7215,15.545328678179533
7216,15.43395982643277
7217,15.921851731459668
7218,14.56773966814021
7219,14.716599207758827
7220,16.86812810624769
7221,14.71932258855614
7222,14.360694765039574
7223,16.130087367829933
7224,14.725481706056717
7225,16.086678541617434
7226,15.728921692332325
7227,16.39388155816129
7228,14.713075084332162
7229,16.18736713689141
7230,17.072353107314523
7231,14.610324456782724
7232,14.981733522461509
7233,14.143980764330344
7234,16.005809945299987
7235,17.031285446613744
7236,15.754301027957103
7237,15.874700129442141
7238,15.622088060063511
7239,16.150552187061034
7240,15.214913562857932
7241,16.579007824396104
7242,15.917881179029816
7243,13.929355783151415
7244,15.644274902177136
7245,14.947544023792162
7246,15.416483762727633
7247,15.916525808634951
7248,16.04495175278031
7249,15.631833355462106
7250,15.800902415922728
7251,16.85241445797742
7252,16.054416671156236
7253,16.435121512702327
7254,15.239352296970942
7255,18.15989748964892
7256,15.65067749933004
7257,16.069580447081876
7258,16.36363947521096
7259,15.785779007119011
7260,15.756682008977608
7261,15.222845164307742
7262,16.12309480225913
7263,16.70396491763731
7264,14.549517539651145
7265,15.184748501953685
7266,15.314778464404265
7267,16.471854408253023
7268,16.085668142409993
7269,15.906402259547201
7270,15.066498879547883
7271,15.736701497659713
7272,16.875489337229187
7273,14.758862251891577
7274,15.472792793148164
7275,15.619849358453765
7276,17.106193021301333
7277,15.441414466769565
7278,15.585273222195145
7279,15.149887715765976
7280,17.463555429636934
7281,16.34939036588264
7282,16.145294500511444
7283,15.511421796688303
7284,14.778059566511146
7285,15.535312607004231
7286,14.352873076785347
7287,15.478950955171005
7288,15.815645241133314
7289,15.653892133648052
7290,15.474538029598207
7291,15.530911259055062
7292,15.42944909933725
7293,15.838384294317912
7294,15.941891442255958
7295,15.20662949139151
7296,16.2204375315465
7297,15.658437118910742
7298,15.742201297675495
7299,15.424436314411661
7300,15.298373921953422
7301,16.350859116816558
7302,17.36759900029764
7303,15.336777560997472
7304,15.867465503364471
7305,15.733961333904174
7306,15.120582939165876
7307,15.96528071623959
7308,15.076214608744843
7309,15.287809495838522
7310,15.884965372814985
7311,15.30235488291624
7312,17.031713501564706
7313,16.258618635401454
7314,16.80835147548406
7315,15.518755154954247
7316,14.261475374826713
7317,15.735292561957813
7318,16.172932731140204
7319,15.652420447439939
7320,16.157499534031754
7321,14.725574013413791
7322,15.180529709200671
7323,15.467291816923424
7324,17.07007236446003
7325,16.526691584744867
7326,16.28480641104221
7327,15.286223490588087
7328,14.784869351944323
7329,15.331184185263716
7330,15.475300806278176
7331,16.367860512708177
7332,16.681618579661368
7333,15.768508956849148
7334,15.955848225892982
7335,16.527388876866656
7336,16.136327128405206
7337,17.589145973806737
7338,15.591081252657467
7339,16.618391145822393
7340,16.29990974273466
7341,16.365169499601382
7342,15.642282168162685
7343,15.473185130508122
7344,16.59784811087492
7345,15.273530405509934
7346,15.946925960099907
7347,16.93046375436501
7348,18.00966468080157
7349,17.46945539513597
7350,16.278648411886213
7351,14.968883278133303
7352,15.042408700647426
7353,16.406028652934598
7354,15.468989884988702
7355,16.13373943363661
7356,16.87181600112081
7357,16.777928633216902
7358,14.251388280994256
7359,15.681855667730199
7360,14.846500509238435
7361,15.42873700414318
7362,15.451141645147162
7363,15.377079114565527
7364,15.956206301443993
7365,15.063647498108852
7366,15.439970997582424
7367,16.185214146535532
7368,13.956131734054564
7369,16.03969291435034
7370,15.791998228400539
7371,14.887973859362164
7372,17.63855090950271
7373,15.175192111920843
7374,16.357018114313252
7375,14.37199152001268
7376,15.090858990590478
7377,14.968020667247822
7378,14.88832319673791
7379,17.247940946928868
7380,14.307699006154854
7381,15.249428624963102
7382,16.845144066818566
7383,15.4259820673912
7384,16.76456393417136
7385,15.243380384342146
7386,14.82075450722739
7387,16.346751679940922
7388,16.501490489168386
7389,15.456986891015992
7390,16.04724077772097
7391,15.650063627711987
7392,15.44249664300735
7393,15.212976047766109
7394,16.591736362600642
7395,15.58411922651456
7396,15.339162434912293
7397,16.56754171811159
7398,16.042442519782277
7399,14.936114134700462
7400,15.789145975241572
7401,15.240291122432021
7402,16.31143071713373
7403,16.3511122298721
7404,14.714577994657258
7405,15.313985272195465
7406,13.720678779673323
7407,14.436978967240035
7408,15.722345972832356
7409,14.953973006897483
7410,14.807518409248623
7411,16.446672614510383
7412,16.903339989850767
7413,16.1497134599436
7414,16.633845561248236
7415,16.751527105870707
7416,14.851485955190517
7417,15.334423331162775
7418,15.601300483044202
7419,14.246586483553743
7420,14.618287086295437
7421,15.222962782152372
7422,16.757904011764243
7423,15.70788683234755
7424,15.854721847740464
7425,15.450447341659073
7426,14.655364392537317
7427,16.719889879592323
7428,14.871458557071271
7429,15.005760620556421
7430,15.724212618190318
7431,16.062314599252176
7432,15.815882810014006
7433,14.932253911891257
7434,15.612355426011504
7435,16.39165149732768
7436,15.649127608474247
7437,15.596769563111705
7438,16.421739949964767
7439,14.897063578167971
7440,15.610638110716248
7441,14.765576368537308
7442,16.013561795462678
7443,17.383726940988105
7444,15.92371612851198
7445,14.202448424932035
7446,16.330187212945273
7447,14.479764132122314
7448,14.680162690195507
7449,14.178535825100099
7450,16.43332313401123
7451,15.58769067624186
7452,15.00034823612338
7453,13.675204678495422
7454,16.380405955716743
7455,14.3098599794595
7456,15.127501528704094
7457,16.602460135278776
7458,14.544409149572877
7459,17.530883617159766
7460,16.428241027368227
7461,17.3307614995914
7462,15.328775779133746
7463,16.346334446169543
7464,15.598360923104067
7465,15.480387956707737
7466,17.151921242804992
7467,15.686040889064232
7468,13.954288833936916
7469,15.605206254739656
7470,15.96542020197715
7471,16.429131208767213
7472,15.119941051530246
7473,15.52878284063947
7474,16.841282813042728
7475,16.80273712310579
7476,16.54383306999519
7477,16.732207585680996
7478,14.540145320870973
7479,14.93127740265392
7480,15.7256082912199
7481,16.617318578335514
7482,15.571642850129363
7483,15.064975393246673
7484,15.660612936971363
7485,16.103922629546442
7486,15.814031713645347
7487,14.508851700108686
7488,14.439319870714401
7489,16.182935166058755
7490,15.126426733576967
7491,15.83806728881344
7492,15.03014099834081
7493,16.479988200129682
7494,16.09977459130498
7495,15.696232706987015
7496,15.195738985412694
7497,15.660642059002749
7498,14.59080685394327
7499,17.20266425264616
7500,15.849968742447244
7501,15.598274501909202
7502,14.391136047421044
7503,15.35185757994888
7504,14.872441178510165
7505,15.605446108650499
7506,15.998687175924125
7507,15.575966042946941
7508,15.63628832294115
7509,16.37888417407601
7510,15.884230636913918
7511,16.152207247670898
7512,14.86060837255671
7513,15.91274270916922
7514,15.72133425868131
7515,15.425160262259313
7516,16.912516905107502
7517,16.879014798810204
7518,14.98042467434843
7519,15.255264377976529
7520,14.294674928980688
7521,15.283875636978598
7522,14.954141877395397
7523,15.33390706120658
7524,14.370982698050206
7525,16.665451721965876
7526,15.952104836185544
7527,14.201232466700048
7528,16.577464172419607
7529,15.192706481114229
7530,15.106220027984305
7531,15.626806770684146
7532,15.922373452015998
7533,14.844896145174348
7534,14.693970793649214
7535,14.733820812226414
7536,15.282250043897411
7537,16.02366412577225
7538,14.984656906626972
7539,16.26911771360327
7540,14.869287329221537
7541,16.00528946715207
7542,17.03092734155558
7543,15.19962792443765
7544,16.245706412835368
7545,14.130170628080503
7546,15.952238858222604
7547,17.172791499381336
7548,14.980349002023072
7549,16.7795251323801
7550,16.15574585313919
7551,13.984826751566288
7552,16.332143169561636
7553,16.078076671270026
7554,16.359168348409572
7555,15.092064825488432
7556,15.090207777640204
7557,15.124314550282516
7558,16.36035870734067
7559,16.48008184149352
7560,15.089015263829568
7561,17.3143242073415
7562,16.230907183658594
7563,15.355207262846818
7564,16.166249921106058
7565,16.51215140976786
7566,15.547084880507358
7567,14.843712093086548
7568,14.807788876192667
7569,14.490684133817727
7570,17.71928997504989
7571,16.310699240638797
7572,15.5140186401948
7573,14.888700418767028
7574,14.783925881903135
7575,15.78147687756351
7576,15.839658171791653
7577,16.35721071409724
7578,16.388840381306775
7579,15.255505239770814
7580,16.157555424931697
7581,16.071432282003606
7582,15.794492473555321
7583,16.23388282189187
7584,15.663915163416739
7585,17.118380135887772
7586,13.359545978722684
7587,17.101915461838427
7588,15.701774932878966
7589,16.024267646833124
7590,15.063392700489974
7591,16.314542575559777
7592,15.266641742672016
7593,15.65793689411163
7594,14.6862213187311
7595,16.94370525187789
7596,16.053195538021193
7597,16.032875830291317
7598,14.567204925232495
7599,17.08958906015049
7600,15.392530591870667
7601,15.394346646146667
7602,15.469237311752504
7603,15.306208691523103
7604,14.756841410218257
7605,15.51487005127741
7606,15.195169280445393
7607,13.955672975988682
7608,15.28273627260921
7609,16.190890591520326
7610,15.812949471613377
7611,16.23051312756888
7612,16.088971670902286
7613,16.275131546651057
7614,16.93920254378094
7615,15.855231445529846
7616,15.741145687356424
7617,16.018427521409563
7618,14.536597886162594
7619,16.650470848747045
7620,15.547458786069496
7621,16.618664784658897
7622,14.735928223322105
7623,16.60166601861358
7624,14.358294171655997
7625,17.09479015837129
7626,15.935416940682272
7627,15.872811464533456
7628,16.41056949406734
7629,15.63144017240665
7630,15.856435108331343
7631,17.12498928085872
7632,14.779911210564002
7633,15.908895603315884
7634,15.752372465560116
7635,15.839023790502589
7636,16.804806331767384
7637,16.117457582115108
7638,15.269207002882393
7639,14.86381583147178
7640,15.628879501137016
7641,15.540580118414049
7642,16.063184840242965
7643,16.284157035094196
7644,14.896169216484571
7645,14.94500332274141
7646,15.956942359042035
7647,15.47965104813714
7648,15.248451390419238
7649,15.760645246468211
7650,15.267800481053142
7651,15.801827625900112
7652,15.452777598004694
7653,16.041772696000077
7654,15.823873853452985
7655,15.741074397219068
7656,15.272107404644828
7657,14.382995383815597
7658,15.684256461830243
7659,16.0316454519511
7660,15.50225627598056
7661,16.879054928240155
7662,17.17804191990002
7663,15.748486384744563
7664,14.698699565380931
7665,16.560292182612606
7666,17.90261332321682
7667,15.976815770862489
7668,16.676851290472452
7669,16.696916366756415
7670,14.998525098299236
7671,14.767291930433837
7672,15.846415316073001
7673,16.69301259901874
7674,15.3597056576869
7675,15.39832822713669
7676,14.440057023896156
7677,15.133690538832797
7678,16.036166965979092
7679,14.337269881268691
7680,15.328177232168454
7681,14.044559256679705
7682,16.89324408043133
7683,15.042316863870662
7684,16.68650015789363
7685,15.79279100462735
7686,16.07998203176893
7687,17.314913619522866
7688,15.836183166815294
7689,17.05639066187241
7690,15.009980959461108
7691,15.570658487851432
7692,15.730417338060219
7693,15.756269195029427
7694,15.939903662750314
7695,15.636974145946832
7696,15.75699878435844
7697,16.550023409508455
7698,14.368603498933341
7699,16.55556048809813
7700,14.18820564276825
7701,14.868044390738802
7702,15.511854143261422
7703,16.797097727779217
7704,15.611726486578911
7705,15.607737930774627
7706,14.979819844879824
7707,16.71939537387391
7708,15.671789205655195
7709,15.287500071128418
7710,15.91225920015053
7711,16.849136650157075
7712,15.990815726736225
7713,16.102636732626593
7714,14.479590513887484
7715,14.736786751395758
7716,15.203526328343017
7717,14.454223269898637
7718,15.925011196553704
7719,14.588273322222316
7720,15.730382781746892
7721,15.24908850730709
7722,15.73114683548888
7723,15.899756078343803
7724,16.153817273403163
7725,16.386407474783066
7726,16.33395361204634
7727,14.932440987867697
7728,14.251165196915874
7729,15.68510867297693
7730,14.872742120453385
7731,16.164299101840562
7732,15.475480858163573
7733,15.391172994414749
7734,15.742774663400613
7735,15.934089633624517
7736,16.51066692727732
7737,16.801069441901657
7738,15.4839936830985
7739,15.29474211640338
7740,17.000043797803503
7741,16.194221025494116
7742,15.43427614690923
7743,16.210034708360055
7744,15.560900540532373
7745,15.846219732527148
7746,17.17719777179562
7747,14.549592905981802
7748,16.305226171914914
7749,15.718412917353248
7750,15.035219269342303
7751,14.302396874663737
7752,15.753604074354033
7753,14.860605537971631
7754,15.734021044359896
7755,15.382139187301576
7756,15.046363514648492
7757,14.753952383640096
7758,16.117362968473817
7759,15.771369782604065
7760,16.08400814631965
7761,16.58253331494158
7762,14.747927449558539
7763,15.00826413850735
7764,17.173187709453867
7765,14.28214396692915
7766,16.144821088443383
7767,15.566639768212378
7768,15.873930285296959
7769,16.094990020038093
7770,15.880832951589788
7771,15.863310883120224
7772,15.80703697281509
7773,15.10986737494573
7774,16.13183298401706
7775,15.704622451976766
7776,15.742756810717756
7777,15.821906409794861
7778,15.436460547970707
7779,14.425012835260116
7780,14.847244440069238
7781,14.853824791732858
7782,15.72862410996288
7783,15.122269190094215
7784,13.936415023436776
7785,16.47541003503176
7786,15.208429035968216
7787,15.024408203010543
7788,14.594053580801074
7789,15.512582725571006
7790,16.409677490404423
7791,15.120580854702089
7792,16.17359747024249
7793,16.856588991995352
7794,16.285808034762848
7795,15.79582550909883
7796,16.134459428905604
7797,14.682913890879696
7798,16.88074328937125
7799,17.423397362233686
7800,15.122953989159177
7801,16.43110599563617
7802,15.900325196686861
7803,15.398131008334028
7804,14.80700029688789
7805,14.98445863161677
7806,16.144941918375995
7807,15.567789001786645
7808,14.7937756098399
7809,15.89395793561005
7810,16.26671616022976
7811,15.133089080128624
7812,15.537775760975265
7813,15.589250927739814
7814,14.525380799671513
7815,15.838851302379105
7816,16.584331895254856
7817,15.795889525674003
7818,15.650624253355115
7819,16.357750073760254
7820,15.29594527742992
7821,14.352250248287069
7822,15.99347172864205
7823,15.436532694973351
7824,14.804389574558378
7825,14.374703231127153
7826,14.763439604981757
7827,15.531334574815643
7828,15.57390910645339
7829,16.266456868393387
7830,17.440028462622738
7831,14.930401192112566
7832,15.776456002772816
7833,14.823899251071762
7834,17.33853358050745
7835,16.2398911392637
7836,15.797068477136586
7837,16.64370057782414
7838,15.682553723608795
7839,14.590478173855576
7840,16.251980582525523
7841,14.757414080073818
7842,15.576001957300342
7843,13.937313973803855
7844,15.966947140789735
7845,16.37632879061878
7846,16.10065613358041
7847,14.532214822267669
7848,14.641713431685648
7849,15.438700775916503
7850,16.471712984148425
7851,17.945695055795348
7852,15.749986077513578
7853,15.657768569882771
7854,14.372082398515882
7855,15.904457568252047
7856,15.419122597640424
7857,15.359491968040178
7858,15.157485067687443
7859,16.58844686952399
7860,14.94357181323017
7861,15.668307688679214
7862,14.83011251758085
7863,16.798844984354023
7864,15.945698913676734
7865,17.09185104543019
7866,16.68734777458027
7867,16.529950932301745
7868,15.937422364563783
7869,16.793167965595973
7870,16.04330444848728
7871,16.272387429692056
7872,17.435455806242228
7873,14.817513092690795
7874,15.215846991681923
7875,15.81787312551118
7876,16.709446689238934
7877,15.555546120002912
7878,15.897125378237353
7879,15.53300216454908
7880,14.466577735026483
7881,14.82800759315703
7882,16.45967881876471
7883,16.245766889760198
7884,16.87091626692814
7885,14.884131636111139
7886,15.053604495253909
7887,14.451448161957119
7888,14.92531336222906
7889,14.811935747039229
7890,16.115027078790085
7891,16.532577989812353
7892,14.847707436153673
7893,15.849134587741252
7894,15.18178581888837
7895,16.27651354102737
7896,16.87078014589726
7897,16.190775898098693
7898,15.537709737549
7899,16.257593321550882
7900,15.446999985738744
7901,14.959048227732715
7902,15.789006112737926
7903,14.379474394238898
7904,14.817066077178884
7905,15.757706797169682
7906,14.669305548631733
7907,15.558519322730895
7908,16.59879949714909
7909,15.97413425289928
7910,15.473216298279116
7911,16.309524674764766
7912,14.7092871509842
7913,16.24393250853152
7914,16.080519945572686
7915,14.96093701745926
7916,15.697635843238054
7917,15.109778793144889
7918,15.84058536693124
7919,15.665044155022251
7920,16.14891397979503
7921,16.580140454404987
7922,14.978656273666399
7923,15.903807813653897
7924,17.425342009354413
7925,16.663924370899498
7926,15.27380447589765
7927,15.36139304679607
7928,15.050224790171008
7929,15.478044734197303
7930,16.69766848800325
7931,16.40909736772454
7932,15.456163386054648
7933,15.377232547513476
7934,15.857691261255926
7935,16.73973355913704
7936,14.703474877062222
7937,15.625603339402717
7938,15.789145622751482
7939,15.904636332400546
7940,15.36425475882833
7941,15.467672491273508
7942,15.763612303746674
7943,14.502232468691872
7944,15.979385334786416
7945,15.884373695598287
7946,15.862911086436158
7947,15.365839722029289
7948,15.189771151281882
7949,14.383501363190765
7950,15.81487465348966
7951,14.922534479757694
7952,14.83252177290782
7953,14.710537517596592
7954,15.418119975758698
7955,15.778423532234243
7956,16.034219028854817
7957,17.19414075336646
7958,15.306862618272447
7959,16.25807154880925
7960,16.24067267848566
7961,15.06464999607781
7962,16.65927087548706
7963,14.116397265835134
7964,16.279371811734585
7965,15.671312846488696
7966,17.297208492210512
7967,16.573080406548822
7968,15.52665189120475
7969,16.123633665490868
7970,14.50417785160284
7971,15.807515078402188
7972,14.709841962282992
7973,15.648486628755933
7974,17.604186968743434
7975,14.625452403401411
7976,14.928414575706542
7977,14.96617244585844
7978,17.17787950463409
7979,16.001844609643843
7980,17.271074023863125
7981,16.714961765378586
7982,16.183776096397146
7983,16.21505457504114
7984,15.9935365942046
7985,14.005182871105921
7986,14.987820167586749
7987,16.490754844958836
7988,16.190334429053607
7989,16.474236428544998
7990,15.342816339599448
7991,16.55199441477446
7992,15.332361475730972
7993,15.865932115090127
7994,15.812089912014786
7995,14.670549028060686
7996,17.435103893008613
7997,15.820683341658956
7998,15.283821299812793
7999,17.035342554087592
8000,14.857288243912466
8001,15.139372374992561
8002,15.23304288488623
8003,14.277526048901567
8004,16.088341826851593
8005,15.55473004886563
8006,16.30485191109642
8007,14.5377306155264
8008,15.536394972703418
8009,15.53208652641086
8010,15.50319133885733
8011,16.03463933870874
8012,16.558966079372095
8013,16.18179887371547
8014,14.112286149671917
8015,15.673758406962042
8016,16.206616746435085
8017,16.411265230383595
8018,14.908712815049686
8019,16.97977281783228
8020,16.6314647435258
8021,15.819565645628728
8022,15.220371175512652
8023,14.70034708501205
8024,15.949715543018039
8025,15.31152881164378
8026,15.61888108724106
8027,15.058932026758908
8028,15.297916559758484
8029,14.881778612250907
8030,16.314002201779324
8031,15.174699843467248
8032,16.004132861011776
8033,15.867866162185658
8034,15.256260579750515
8035,16.077552822369693
8036,16.52865928477054
8037,14.902968130852928
8038,15.246846346307638
8039,16.74342261655322
8040,14.759703230389832
8041,15.22059366572595
8042,16.647589960016496
8043,16.558550225427705
8044,15.544276206259799
8045,15.800963594592046
8046,14.903267358082807
8047,16.56700309010731
8048,16.905134652887675
8049,15.46417408767934
8050,15.55989084980046
8051,17.00559094377431
8052,16.349042144578544
8053,15.234607305562063
8054,14.99104835113577
8055,15.425793242892768
8056,15.254278042273196
8057,14.891821489715534
8058,16.112671239640598
8059,17.89859036870305
8060,14.724461173887116
8061,15.523161149002854
8062,15.622359854068502
8063,16.600192818488082
8064,15.309029560571576
8065,15.211553513165464
8066,15.254389173157325
8067,16.63957046642014
8068,16.10689049417784
8069,17.081301266608765
8070,14.209961628128164
8071,15.173408267663795
8072,15.552592063906406
8073,15.903668051049461
8074,14.655265782799104
8075,16.38241800417452
8076,14.946372333866977
8077,15.839838260748817
8078,15.385801144558917
8079,15.809705193980285
8080,16.08530788625779
8081,13.666745549134411
8082,15.817730270443985
8083,16.84029405482736
8084,15.09056922574305
8085,14.256847882978452
8086,15.681977845427626
8087,16.117351361947495
8088,16.290906559234077
8089,14.093206950337581
8090,14.751811132781887
8091,15.616937443482438
8092,14.658344407035026
8093,16.618774825992794
8094,16.886736689990304
8095,15.15275887853549
8096,15.121657481328365
8097,15.288755691596686
8098,15.55171501884172
8099,15.463192098471575
8100,16.75601179055317
8101,16.99635148111982
8102,15.873338466030823
8103,16.423015469104655
8104,14.89863035774208
8105,14.585267202070423
8106,14.724461528181466
8107,16.007605609786076
8108,14.806567675103247
8109,15.019955981687001
8110,15.451622008042259
8111,15.819672545751587
8112,14.443771970906406
8113,15.498067176210105
8114,16.71547486859361
8115,15.474298468806044
8116,15.924447070743584
8117,16.111656010526485
8118,14.742277685879595
8119,16.34624705761819
8120,15.272748352672028
8121,15.313370808376389
8122,16.367192042712897
8123,17.2683374568008
8124,16.636632388370927
8125,17.00740036492012
8126,16.034244864067215
8127,13.915309047106806
8128,17.18492406220428
8129,15.396910982825473
8130,15.563483293141925
8131,14.49514960410008
8132,14.740606122321633
8133,16.55726681841279
8134,15.64417951235304
8135,15.162683161782297
8136,15.243890740299618
8137,16.571846743579208
8138,16.263287969661445
8139,14.34800747125784
8140,15.873471234006704
8141,15.7851282585419
8142,15.931603208560064
8143,16.48148982427996
8144,16.785037493813704
8145,14.920547142449035
8146,14.731945682653375
8147,14.746288298413809
8148,15.052025203515411
8149,15.704416196306795
8150,15.018518512900508
8151,16.05719268865769
8152,15.319442554759442
8153,15.250242780334926
8154,16.36306835278711
8155,15.81176395100663
8156,14.688813453318394
8157,16.678424562201055
8158,15.006299467244942
8159,15.79860341239313
8160,14.781932611041757
8161,14.984424376270471
8162,16.94279815001737
8163,16.06167320234897
8164,16.43746737775836
8165,15.991376819344786
8166,15.757874458680718
8167,15.299917012129338
8168,15.274618936412114
8169,16.220415905486377
8170,15.533771197722958
8171,14.764650680700555
8172,15.125841780643762
8173,16.345879321886567
8174,15.560692591505994
8175,17.16483851252528
8176,14.397550503216985
8177,14.580353590654825
8178,14.051278109378957
8179,15.02602916153747
8180,15.60446690545727
8181,15.05589589239048
8182,15.860445297635968
8183,16.763965433498374
8184,14.971636147803967
8185,16.02136959268737
8186,15.78009376908091
8187,14.505665756600571
8188,14.339474348338216
8189,16.10998634622295
8190,17.585098133122276
8191,14.168833859485511
8192,16.355140718821517
8193,15.79386594700349
8194,15.455585533650392
8195,15.895670833863948
8196,13.654051513270947
8197,15.229587789789239
8198,15.204263214292217
8199,15.718675286866375
8200,16.64579452846044
8201,17.241548085090976
8202,14.894283634619287
8203,17.008232234886982
8204,15.980745172309764
8205,15.126759475384343
8206,14.335170007859219
8207,14.777029658603361
8208,15.702529950545344
8209,15.538295988898607
8210,16.42427208573915
8211,16.81584962432422
8212,16.486271325094627
8213,15.027711076466863
8214,15.406391632316883
8215,16.357469416409163
8216,15.983448923777182
8217,14.928943735452405
8218,14.426456967895039
8219,14.336336830317014
8220,15.739140323555912
8221,15.492492607808863
8222,14.919750753232043
8223,16.780898334737426
8224,16.182485197769495
8225,15.97403309596231
8226,16.724152506128373
8227,16.147388871778087
8228,14.832286467896687
8229,15.954156284177161
8230,15.669904016608152
8231,15.717732097725287
8232,15.396658015821732
8233,15.605513857305027
8234,16.050007937635737
8235,15.260015314439908
8236,15.238259974894058
8237,15.773805198483732
8238,15.480113235831256
8239,15.708737170673086
8240,14.606507344929073
8241,15.15605154664901
8242,16.517696584443073
8243,15.10777744520021
8244,14.163105000342972
8245,17.056222127723846
8246,15.114334887256105
8247,15.384991895395801
8248,15.35723037671683
8249,15.336989999533237
8250,16.18807982575973
8251,15.813813286997156
8252,16.4683270818536
8253,14.40940180773042
8254,15.62086829027783
8255,16.467039747065005
8256,15.390308009627596
8257,15.3956207070197
8258,16.84551087844625
8259,14.400262218013468
8260,17.214868668224632
8261,14.88511431166292
8262,15.602272220973568
8263,15.668917712832908
8264,15.029690723958018
8265,15.011898930259283
8266,16.297434461551354
8267,16.96874637999601
8268,14.144865099101146
8269,14.490069778039157
8270,15.184674053818547
8271,15.895747730537783
8272,17.827732626819362
8273,14.569692175404573
8274,15.77373053478172
8275,14.317409379232434
8276,14.13372788915617
8277,16.04064806339169
8278,17.734622508575008
8279,16.164545900134804
8280,16.398714029238953
8281,16.044865874816175
8282,16.53784952540544
8283,15.442304266228916
8284,15.239499545810439
8285,17.626000115498105
8286,15.36609951136009
8287,14.16181513514039
8288,15.58743494529972
8289,15.976593931930164
8290,14.903030392341888
8291,15.99867656488411
8292,14.406807933152155
8293,15.492185068585057
8294,15.95243480427879
8295,15.71583031520376
8296,16.467962983443385
8297,16.46304223857326
8298,14.922398685883405
8299,14.31870112946489
8300,15.470116051031015
8301,14.785365784194195
8302,14.803155641023453
8303,15.406643511104845
8304,15.61810785241982
8305,14.772636813633124
8306,15.548401860455021
8307,16.344813597893307
8308,15.316630100064305
8309,15.213410304192656
8310,16.076002650626467
8311,15.039355983625166
8312,15.210848452973863
8313,15.24018502134452
8314,14.26016576859827
8315,16.42149213619481
8316,16.35883699174045
8317,15.412040199023703
8318,16.013798847233755
8319,15.359083235702416
8320,14.689675050902618
8321,15.353037450710273
8322,14.93301956077689
8323,14.997061675128114
8324,16.48655458326032
8325,16.339764371497456
8326,16.019906573330633
8327,15.486318527977277
8328,15.2389743289562
8329,15.054774252392143
8330,15.190124782383704
8331,14.21078190358149
8332,15.589464842056897
8333,17.065619606981745
8334,15.634202019470628
8335,15.544892199912704
8336,15.382072512820837
8337,16.125217416034424
8338,14.20092206804016
8339,13.694278101236419
8340,15.760181386770816
8341,17.0170782187653
8342,17.897103031431044
8343,15.157598318080217
8344,16.44978930692917
8345,15.60614879623297
8346,14.041601819778949
8347,16.130335038772785
8348,16.652313581204144
8349,14.838983781048945
8350,15.19218105959491
8351,16.273422839498995
8352,16.09482260590768
8353,16.892559677232736
8354,14.847051941848873
8355,15.602722649829273
8356,15.932180904892196
8357,16.2526746386878
8358,15.351397793238702
8359,16.350173318088046
8360,14.906202466848624
8361,15.854093890884023
8362,15.75715414234285
8363,16.469483199341454
8364,15.189065454092596
8365,14.192319722811588
8366,15.269366922902739
8367,16.871827647227217
8368,15.431475233498414
8369,16.988771727311242
8370,14.75900847246853
8371,16.390883357508617
8372,15.225939423094514
8373,16.305098724993435
8374,15.745077579844565
8375,16.914021599568688
8376,16.162118290099126
8377,15.078826996512124
8378,17.28983552686057
8379,15.369908397006261
8380,14.880792500278083
8381,15.010811350499486
8382,14.428759761585852
8383,15.870896702175388
8384,16.17423792859045
8385,15.287114538573967
8386,15.102543167867442
8387,14.24390519627676
8388,15.24268241889773
8389,14.862751602305183
8390,15.506494571130041
8391,15.588692205374024
8392,14.776374739399577
8393,14.721164083028794
8394,15.913793563705427
8395,14.481637866277842
8396,14.763077305911546
8397,15.683708521041428
8398,16.825444513795
8399,16.513005100974908
8400,14.443596299635056
8401,15.947463977739252
8402,15.263929721836528
8403,16.089788891491708
8404,15.372667327500874
8405,14.456559588981017
8406,14.540545573971098
8407,14.937922413336324
8408,16.005484838991684
8409,15.621678421494664
8410,15.011306774918674
8411,14.632103037948962
8412,15.772211989837638
8413,14.724852688275389
8414,14.07509928307155
8415,16.016301923782727
8416,14.680837577189129
8417,15.939928388178707
8418,14.188127802239473
8419,16.39467293019073
8420,15.606554199465611
8421,14.530518481761451
8422,15.761018883215561
8423,15.762566333029394
8424,14.601018748726924
8425,14.661692883033618
8426,16.287369071680928
8427,14.975712622243687
8428,15.626349186298592
8429,15.23161590065069
8430,16.51359598413403
8431,15.112335193852655
8432,14.629907988047288
8433,16.529055323982778
8434,15.15863570365125
8435,16.797159383806964
8436,15.67993450890182
8437,16.024804019738145
8438,15.118826625700008
8439,16.583205098256176
8440,16.018728397733835
8441,14.48705671596623
8442,14.243967535168606
8443,15.59103578106117
8444,17.34544504596142
8445,15.522003737381333
8446,14.549137166447023
8447,17.87578769107882
8448,16.259725520613756
8449,15.579193150308908
8450,15.80977560284181
8451,16.73954233862733
8452,17.053887563529223
8453,14.314710930378109
8454,16.746116171874867
8455,15.152821516427121
8456,15.706127612574242
8457,15.638042132625747
8458,17.110412912680754
8459,15.54977217425744
8460,14.78412880253635
8461,16.899121424239617
8462,13.63015148227635
8463,15.59605777224163
8464,15.954631662518583
8465,16.631989236427227
8466,14.732048177193484
8467,15.48448227187861
8468,16.846075788714163
8469,16.170657728919174
8470,16.10952321681872
8471,15.219073583442777
8472,15.897000163050064
8473,16.238529640814473
8474,16.331437478474406
8475,16.17733558293852
8476,16.567825221592532
8477,14.885020222800973
8478,15.681464597040144
8479,14.860138960030065
8480,14.197024246640147
8481,15.881910107078086
8482,15.644945867379427
8483,15.640123078230996
8484,15.142998155472227
8485,16.612867534339156
8486,14.544337566430078
8487,13.923669140594672
8488,15.97070247842354
8489,16.29257270646608
8490,14.7386699635113
8491,15.003035797917388
8492,16.246721803484476
8493,17.509401208322437
8494,15.888219792837694
8495,15.876646377416666
8496,17.446856429813838
8497,17.264301274745982
8498,15.752366181008796
8499,14.936123605576276
8500,15.11774038173787
8501,16.946824813200607
8502,17.388923027520242
8503,14.950576693831142
8504,15.98705088831283
8505,14.53696893901201
8506,15.036014997741825
8507,16.019799987181354
8508,15.332790662884474
8509,15.343965049338925
8510,15.865956519386192
8511,15.513954006280171
8512,15.009779535031004
8513,15.975308390603105
8514,15.205169247605115
8515,17.289208395281676
8516,14.968351099212494
8517,15.17134258134235
8518,16.18148242952497
8519,15.574471701967335
8520,15.64408645409965
8521,15.623829281767136
8522,16.169764807500773
8523,15.454317957482258
8524,16.141455782974727
8525,16.366793547880842
8526,14.512723249769225
8527,14.75766492418146
8528,15.352854599574368
8529,15.031025849915649
8530,15.741083973533419
8531,15.919324858653956
8532,14.553636238190748
8533,17.105049620476276
8534,15.692265516002912
8535,16.412371282648735
8536,14.875444103991182
8537,14.918346881443883
8538,13.914935884753419
8539,16.052778645965407
8540,15.890865175863404
8541,14.190517775187423
8542,17.148650394346195
8543,15.453436042703352
8544,16.118821881901265
8545,15.252393240120881
8546,14.482154672290322
8547,14.699599769089314
8548,16.63444292490242
8549,15.706663444296732
8550,15.272536516904951
8551,15.81924650164671
8552,15.75304030005729
8553,16.058473219663373
8554,15.355688713934114
8555,16.965505034120262
8556,16.139073515176232
8557,16.71628053146613
8558,15.813173207454117
8559,16.623386401584998
8560,15.256598437402786
8561,15.851346195629118
8562,15.0949506062075
8563,14.005985564158763
8564,14.937895416339073
8565,15.623244668445325
8566,14.70666090735435
8567,14.69685339765459
8568,17.2835690572039
8569,15.218371720697299
8570,15.475786436349422
8571,15.334329986361421
8572,16.369511492156324
8573,15.004791808624221
8574,15.494663149956487
8575,15.999535172659893
8576,15.226378663600913
8577,16.48746276029336
8578,15.103573317758794
8579,14.681630858550207
8580,15.614022057580506
8581,15.675508144211884
8582,15.741551935026996
8583,16.42973293838828
8584,15.649275554932128
8585,14.755055386187255
8586,15.654369853498354
8587,15.374414252555697
8588,15.464758300526327
8589,14.920981339221822
8590,14.975910028520946
8591,14.123408713354225
8592,14.763311470541883
8593,15.410707781594887
8594,17.079512874548435
8595,16.162533121501397
8596,15.469252355401546
8597,16.398240059265312
8598,16.47442598898284
8599,16.373486365491267
8600,17.67146586979227
8601,15.12630129533244
8602,16.479589534370668
8603,16.45191793347535
8604,15.238309702899759
8605,16.64386396906725
8606,15.414783537578012
8607,14.932100535111935
8608,16.176701422947705
8609,14.822090429770359
8610,14.739661751723872
8611,14.57738037025253
8612,14.914735998755583
8613,16.037592818864333
8614,15.36551697692612
8615,15.59237998162938
8616,14.47931969592378
8617,15.96387166406753
8618,15.879723163319836
8619,14.368928929708158
8620,14.011471517562752
8621,17.46916886790351
8622,16.358484235454178
8623,14.819514184021713
8624,16.819011156072143
8625,15.259253358034758
8626,16.07295305344485
8627,15.397690400718789
8628,14.302656058091637
8629,15.453015466073012
8630,17.3172405069075
8631,16.267362542624042
8632,14.973471034633238
8633,17.472096686845255
8634,15.514363185882049
8635,17.688378948176563
8636,14.819655649377628
8637,16.27496527471775
8638,15.782291854350783
8639,16.075934577235337
8640,14.56284605066291
8641,16.930816270642897
8642,15.273762330763413
8643,15.932144136718136
8644,15.13900448830658
8645,16.06071145029917
8646,16.106701943146852
8647,14.762958526888442
8648,14.83876819948659
8649,16.160581131324964
8650,16.79059988551815
8651,15.195389922262047
8652,15.565518851941494
8653,15.49486075187086
8654,16.855974544136156
8655,15.542684167211764
8656,15.084214648843357
8657,16.219521275805324
8658,14.805115380821107
8659,16.284810800840745
8660,15.999875101835478
8661,15.086289636249651
8662,16.657759015179362
8663,16.919577068350282
8664,18.120707566310173
8665,14.915595203244722
8666,15.784386171568968
8667,16.170453126754154
8668,15.58596620596974
8669,17.123651051998117
8670,15.740495037202361
8671,14.696903400932761
8672,15.6235655101956
8673,14.631359736941576
8674,15.558051795421456
8675,14.915374104297303
8676,16.750102558724677
8677,15.081315585724445
8678,16.41903548627468
8679,16.538707354049638
8680,14.052931671129993
8681,16.079467505793698
8682,16.283307233161914
8683,15.767335164610493
8684,16.531996154592044
8685,14.71787767220205
8686,15.964540766452266
8687,14.400361041927663
8688,15.065242798936698
8689,16.74855738204682
8690,14.369105082055706
8691,16.79008348394519
8692,14.908370651015595
8693,14.296665782314127
8694,17.43737619990184
8695,13.549824688972928
8696,16.83073195087886
8697,16.038119377442595
8698,15.469864366199959
8699,16.063557473739223
8700,16.262561018568462
8701,15.139067214752359
8702,15.613256528318757
8703,15.018770526640434
8704,16.760411655159217
8705,15.10080989264201
8706,14.91270045934214
8707,15.557633009374783
8708,15.069067632871807
8709,14.722834797911567
8710,16.839905377870462
8711,15.138841417529813
8712,16.217600629047382
8713,14.857611411286417
8714,15.983539646613252
8715,16.073324766523523
8716,16.26104575278209
8717,16.283443331004705
8718,15.68310484323417
8719,15.791164423882174
8720,15.525887390469885
8721,14.387532231388372
8722,15.391435477536533
8723,16.140114867599525
8724,15.897383223409763
8725,14.258034943391216
8726,15.528277092338943
8727,14.536205579568982
8728,14.603474279349621
8729,14.849125226566088
8730,14.576246443037205
8731,14.216404344128902
8732,16.018073343224458
8733,16.451573586951724
8734,16.26183322572772
8735,14.489655204182641
8736,16.25304283081687
8737,16.12654536923637
8738,15.661166111491342
8739,15.794471501446946
8740,16.26109737865398
8741,16.054843123305076
8742,15.385828270895656
8743,14.901174325102513
8744,16.909293971516433
8745,16.67980168243019
8746,16.4912986713487
8747,15.036685694165735
8748,15.462308863018253
8749,16.423426775301515
8750,15.60866659733626
8751,15.631147256225752
8752,14.863907553331751
8753,13.562252117231159
8754,16.904032255515048
8755,14.358118553006584
8756,16.363399404606504
8757,15.705903052258966
8758,16.17515619684244
8759,16.21745309908783
8760,15.05801560737223
8761,17.028578040416786
8762,16.30506779272295
8763,14.82390163366426
8764,14.496422087319347
8765,14.291544386825482
8766,15.416065104199042
8767,15.632204238026379
8768,15.918805726316316
8769,15.268156499773143
8770,15.746032983529417
8771,14.003727207874084
8772,17.15290047632996
8773,15.952485343053485
8774,16.381409318126035
8775,15.21136068927983
8776,14.535008428800277
8777,14.836145969366894
8778,15.773120269085457
8779,14.634825268685622
8780,14.446097244585781
8781,15.490359018070999
8782,15.4099400621155
8783,16.16966199245757
8784,16.433231169378754
8785,15.362204052074947
8786,16.348924705292404
8787,16.008698147379448
8788,14.889147154726311
8789,16.705580146883804
8790,16.618241314358634
8791,16.23968490876807
8792,15.64243467165777
8793,15.064801855112604
8794,14.040509474287349
8795,15.214319735423384
8796,13.389655423950664
8797,17.8098390548554
8798,16.250380200759718
8799,15.063478383932251
8800,15.166055465450215
8801,15.486576597272322
8802,13.164191935781249
8803,15.514378582132856
8804,16.213920296665368
8805,16.50844308193109
8806,15.616664421463632
8807,14.851088406689325
8808,14.753717545569716
8809,15.354277931220114
8810,15.088097106264541
8811,14.61962535550348
8812,15.05778577046774
8813,14.906587453107358
8814,16.529582401399445
8815,16.67961274599079
8816,15.8348818130101
8817,15.633007044354951
8818,14.23295780502749
8819,16.549139871122712
8820,14.06163928484604
8821,14.345026627077086
8822,14.377276874547796
8823,15.866502899419764
8824,15.04575898590887
8825,17.538431939358084
8826,16.63344868175973
8827,15.208826827698262
8828,14.847601916209946
8829,15.602234537217765
8830,15.600313831790011
8831,14.922598029144671
8832,15.380640248553933
8833,15.156402994301526
8834,15.63381086930647
8835,16.001350203594523
8836,14.789896822960767
8837,16.338531692416275
8838,17.373774181704988
8839,16.037567155880357
8840,16.547523757017025
8841,17.314647361303642
8842,16.216120859445482
8843,16.68922175070423
8844,16.160450785436097
8845,14.970875337508842
8846,15.827996307028023
8847,16.407022064051002
8848,15.464899334909598
8849,16.227360037341434
8850,16.112881517797536
8851,14.63627144518684
8852,15.250971110294232
8853,15.39971948567218
8854,14.5089621556625
8855,15.705764021383825
8856,15.505081353881481
8857,16.242941450491255
8858,15.427998925910563
8859,15.174421086957848
8860,17.369456019629148
8861,16.658189227415047
8862,15.060389388235336
8863,15.25407605387589
8864,15.873804290461587
8865,14.802188095318767
8866,16.895944753117686
8867,15.30039406344367
8868,14.757764963453324
8869,15.834075241326492
8870,15.459131099183555
8871,14.138413567550304
8872,14.375158459102273
8873,15.55011915379344
8874,14.529750327928943
8875,16.424634303607576
8876,16.240273704717094
8877,15.720635757733648
8878,13.256522559687033
8879,15.879081793053178
8880,15.236766529021628
8881,15.09350768867978
8882,15.51269064917761
8883,15.966947196293008
8884,14.650005670486157
8885,16.211442450027565
8886,16.10716319747223
8887,16.22741512283573
8888,17.261082380601483
8889,14.6593985950408
8890,16.26380729275108
8891,15.328002604739355
8892,16.543007227620848
8893,17.101122023696888
8894,16.637616203135785
8895,14.061574858587628
8896,15.16149407795046
8897,16.94947120453888
8898,14.992701878453245
8899,15.577786015275398
8900,16.0557472170362
8901,15.239110832253493
8902,15.998123461300064
8903,16.31261558620431
8904,16.74893122810141
8905,17.030845038140374
8906,15.50539932351935
8907,15.617617739677016
8908,14.791644949550456
8909,14.854215359863854
8910,15.37126925961267
8911,14.566463732150577
8912,17.101243611760015
8913,16.371842720667114
8914,15.820815975666529
8915,16.231661717566528
8916,16.3018666339298
8917,15.945581626048257
8918,14.921735964257932
8919,16.8312755377827
8920,14.208683416522666
8921,15.591580210956293
8922,14.58541511659233
8923,16.34484558262018
8924,14.816991027579725
8925,17.26056034511286
8926,15.571046874038274
8927,15.15830575074358
8928,16.65911765775113
8929,17.26337129716918
8930,14.720681811133115
8931,15.569502498209308
8932,13.558224077149497
8933,15.771692686724052
8934,15.040639554743377
8935,15.093893871395732
8936,16.797752663008918
8937,15.23227237498714
8938,16.564067272373823
8939,17.0842198319847
8940,16.03934658097454
8941,16.10930583187169
8942,15.739091940039994
8943,15.987313313641623
8944,15.934374610175414
8945,14.230291771152288
8946,15.163191830543658
8947,16.580131206199187
8948,15.472504058082041
8949,13.862701498804403
8950,15.561073329072437
8951,17.361433377930798
8952,16.187847578878824
8953,14.56577032001139
8954,16.13775328442825
8955,16.417498990879523
8956,16.325233361958592
8957,14.166640312706363
8958,16.265157045466193
8959,15.824881614041448
8960,15.640976882029838
8961,14.91883280639708
8962,14.609315755366364
8963,15.016610816299705
8964,15.80555417488015
8965,16.038301627641307
8966,15.983011522218797
8967,16.763333654162974
8968,16.099431976939076
8969,15.155667765846136
8970,16.007646107823998
8971,15.702742799859456
8972,15.375837026128165
8973,15.571302824741029
8974,14.540907300010986
8975,16.59483619282502
8976,15.44753072890506
8977,15.348193400133683
8978,15.314916125548423
8979,14.850777545414326
8980,15.458758758893088
8981,15.752094053408193
8982,14.699074309699476
8983,14.638148059766182
8984,16.699561853558503
8985,15.453663546839808
8986,15.904661109159951
8987,14.937529200041618
8988,15.509910261574094
8989,15.83509882169509
8990,15.387343217436198
8991,14.825208452685386
8992,16.406762191560016
8993,16.155034519759376
8994,14.561899866156821
8995,14.724429321613382
8996,17.003427560046312
8997,15.220753596957417
8998,15.75216042790106
8999,14.3839421312466
9000,18.3166029245171
9001,15.864182852233409
9002,17.3205190773379
9003,14.790955331361493
9004,14.893087383954219
9005,15.353805811585254
9006,15.324389226610561
9007,15.849819199621152
9008,16.091635929712663
9009,15.734887836655773
9010,14.987890702319211
9011,14.511117633882902
9012,15.967588380107083
9013,17.607003871212413
9014,15.986972512380273
9015,14.705082225410301
9016,16.921958700216678
9017,15.53978362981047
9018,15.15072448785022
9019,15.61974452983962
9020,16.783696790206374
9021,15.38652076700079
9022,15.818705883721961
9023,14.726453467671975
9024,15.767027435845725
9025,16.447630615353255
9026,16.3048583985614
9027,15.770485962888344
9028,14.738348576032118
9029,15.370625585799393
9030,15.549609842522464
9031,15.422219764294239
9032,15.627618390029193
9033,15.510421443248383
9034,15.772151322784339
9035,15.544158580702838
9036,15.336391563084849
9037,14.983933942270127
9038,15.758185317680443
9039,15.769098135933675
9040,16.356479954458624
9041,15.015433129691864
9042,15.809984377177097
9043,16.810517397835778
9044,14.559025842535831
9045,15.210734476367668
9046,15.727067455529653
9047,15.199876062137823
9048,14.948867878766693
9049,16.11046671230881
9050,16.274267566223735
9051,15.684727722211507
9052,16.177281196116034
9053,15.148470366849354
9054,15.56562390449469
9055,16.256492036528392
9056,14.156507563233472
9057,15.475597850385599
9058,16.19703679410892
9059,15.656926435622886
9060,15.302778029379281
9061,15.603538413996256
9062,16.68074443351975
9063,15.145162271212795
9064,15.775236072439514
9065,14.635072533599871
9066,15.558576009647938
9067,14.752337306287538
9068,14.940219974937834
9069,17.1402976761925
9070,14.928513980745336
9071,16.088668188914824
9072,15.186396036399811
9073,16.290678439744696
9074,14.951442771484313
9075,16.08941783876352
9076,15.326806663785579
9077,14.210266496061525
9078,13.963462413698108
9079,16.085439333816385
9080,16.28684167615103
9081,15.349044929801332
9082,15.910937200438358
9083,15.751517202802296
9084,14.651382298389297
9085,15.212537354414607
9086,16.668780324887653
9087,16.771817257607914
9088,16.307964303604546
9089,16.348080071998606
9090,15.0208273212857
9091,15.549083166224243
9092,15.999948602387654
9093,16.621584314886615
9094,14.002905703455681
9095,14.781811606838533
9096,16.08233641368705
9097,14.873295127421782
9098,16.196908918275522
9099,15.48237212473475
9100,15.888969318872238
9101,17.39986000185056
9102,16.51322860330483
9103,15.731277314031233
9104,14.603151276732177
9105,15.69853223313151
9106,14.40296559390558
9107,14.611513296397852
9108,15.639205707823061
9109,14.868024387989959
9110,16.07830050540537
9111,14.492673813827588
9112,16.784295466328512
9113,16.960782052119818
9114,16.360985308895593
9115,16.951372135690086
9116,15.52837853052523
9117,16.217457852736825
9118,15.99934511240854
9119,16.923636267421344
9120,14.663196086600172
9121,14.702126865657592
9122,16.615795857986917
9123,15.862200859467729
9124,16.459743416369278
9125,15.336430354785684
9126,16.180183652601983
9127,15.133063221158764
9128,15.999404630919551
9129,15.307404878386688
9130,16.355790516472894
9131,15.732517820399144
9132,16.808345393219742
9133,15.334285685168473
9134,16.678295670799315
9135,17.398263259484047
9136,17.371113620044042
9137,15.82790150920284
9138,16.743809300415112
9139,15.581731420992691
9140,15.847789214168948
9141,15.963174297040178
9142,14.685301021884163
9143,14.370480715147973
9144,16.659904400903294
9145,16.109545953621538
9146,15.38313426624675
9147,16.663720708760415
9148,17.564925956895884
9149,16.017931704922503
9150,14.957979376579909
9151,17.10433379117308
9152,16.224089196142902
9153,13.274564333100923
9154,15.383391309193218
9155,16.504485176195303
9156,15.841312927309637
9157,15.38536685925882
9158,16.56122901729522
9159,16.96668671813564
9160,15.638794009887983
9161,13.987751709570793
9162,15.507696381620223
9163,16.31195674187057
9164,16.243357595484056
9165,14.506378252416793
9166,15.175268013397003
9167,16.430431383964905
9168,16.573634454625637
9169,16.863221187584173
9170,16.599342882390502
9171,15.45302587849327
9172,16.12755600719597
9173,15.680366572290165
9174,15.265820336557043
9175,15.041797831155543
9176,15.810588281340141
9177,15.68846398836315
9178,16.73336827698131
9179,15.165521953268915
9180,16.31225412626983
9181,14.199002466025759
9182,14.629185208916327
9183,16.933306224985394
9184,15.732151989581508
9185,15.487744615354098
9186,16.013269425921063
9187,14.615051040772311
9188,15.666776542968831
9189,14.734053670411546
9190,15.908773785402056
9191,16.31185777062151
9192,15.60822393078002
9193,16.04198279296379
9194,15.784470190281677
9195,16.963157013578826
9196,14.261837754490198
9197,14.363448841104747
9198,16.019166326200352
9199,16.73745175204637
9200,16.580167984017706
9201,16.330388370644236
9202,15.209723486459628
9203,17.424742815632847
9204,17.977920216750007
9205,16.59308275276956
9206,14.215946948528302
9207,16.542479304899835
9208,17.05089095644832
9209,15.898313247323038
9210,16.499034453096503
9211,16.08471586696708
9212,16.153412232844126
9213,16.218387164192638
9214,14.830370284381333
9215,15.565737349242838
9216,14.265194344061609
9217,15.064163004232027
9218,15.37816730470568
9219,15.133795601060148
9220,16.242005166095684
9221,15.65119784212992
9222,15.240528328395646
9223,15.171509574437017
9224,15.257557709887594
9225,15.15750214129076
9226,16.34367796080067
9227,15.2419029337009
9228,14.477183840805669
9229,15.128122795681833
9230,14.239200895005578
9231,16.51105830940119
9232,15.162868825319125
9233,17.30768363180894
9234,14.228376492369684
9235,16.52390637716614
9236,15.411809328214398
9237,15.744954077002742
9238,15.47400593293165
9239,16.058870247821314
9240,17.423404030719425
9241,14.734450607628819
9242,15.433242773611033
9243,15.777085504869179
9244,15.930960921935807
9245,15.8033083767434
9246,15.430520129343652
9247,15.316490981916768
9248,16.14447913776654
9249,14.342130766749335
9250,15.092388495878165
9251,15.607957739241687
9252,15.327571111713553
9253,15.758991491327205
9254,14.370091539699835
9255,13.744521143052978
9256,15.635706848752427
9257,16.961311584194174
9258,15.457093570490574
9259,16.81703894768658
9260,15.7696437605116
9261,15.059806653020335
9262,15.963615638111097
9263,14.934965133241398
9264,15.736051825697121
9265,15.038014147850388
9266,16.456472570614935
9267,15.88267742135836
9268,16.579611534593234
9269,15.486508197743733
9270,15.966468078770506
9271,15.082046530629327
9272,15.663857305821745
9273,14.983405555911272
9274,13.91695316826441
9275,14.736468388962594
9276,15.309512020533678
9277,16.312010058118577
9278,16.237945316008293
9279,14.549777142225082
9280,15.968040560124217
9281,16.74100937071989
9282,16.43015930672413
9283,15.752580133494419
9284,14.435552732974443
9285,15.908514173024178
9286,15.986506782175507
9287,15.981478105607122
9288,15.318664662383734
9289,14.92905420030236
9290,16.87402297725406
9291,15.146650952763045
9292,15.138032676834063
9293,14.157666514207827
9294,15.41621960659001
9295,16.89757714730688
9296,14.73410745304176
9297,15.500359845201297
9298,13.706314892712403
9299,15.167751019802669
9300,15.466929153018466
9301,14.961178567425112
9302,15.867202515210037
9303,15.496291150588876
9304,17.33076935413764
9305,17.08188479884702
9306,15.44811134815718
9307,16.897601787842106
9308,16.887320201656102
9309,14.552356985857076
9310,15.049774932654381
9311,14.496534601097387
9312,15.239906447103065
9313,15.176056582592896
9314,15.700096208109697
9315,15.866811113883758
9316,16.12467701769429
9317,15.441574194811341
9318,15.235189852789153
9319,16.02494911409337
9320,16.634603447004515
9321,17.782719065859954
9322,15.251935583686945
9323,15.987599113229708
9324,14.159934787840866
9325,17.285867345924405
9326,14.95870212083748
9327,15.869232728241235
9328,15.441914073106696
9329,16.429037919977787
9330,14.403405067568125
9331,15.20643416751541
9332,17.393350152245947
9333,16.592558102454813
9334,15.575876441698052
9335,15.983476950577716
9336,16.991468828248383
9337,13.88280150788474
9338,15.549829345666812
9339,14.446753203090683
9340,14.452064295258074
9341,15.88793522311985
9342,15.461217536311155
9343,17.57684630896454
9344,15.955651641426027
9345,14.793521645318053
9346,17.298497901884232
9347,15.413523527568657
9348,14.513362521714138
9349,15.32232975990521
9350,16.219844905091797
9351,15.567946296645887
9352,16.03434398504585
9353,15.06093852019876
9354,15.73100358018042
9355,15.275865266051364
9356,16.14870048387449
9357,16.001783481462823
9358,15.726019464675675
9359,15.867223933024773
9360,15.161040026090166
9361,15.365986008596325
9362,14.874406660420942
9363,13.432619214808257
9364,16.36659127991873
9365,16.44982094354716
9366,13.36524214034551
9367,16.251078913374016
9368,15.551161346034384
9369,16.91338671011392
9370,15.601588814417935
9371,14.988996945202175
9372,16.09070695803535
9373,15.724225952474015
9374,14.816842213344273
9375,16.04758720641723
9376,15.415816569350195
9377,16.28062234779204
9378,15.250688664706447
9379,15.906748502293839
9380,16.901825563135656
9381,15.737128538694037
9382,15.505785175330994
9383,15.884220140298464
9384,15.32658866409105
9385,14.46717674102036
9386,16.03830024567429
9387,16.478386669442834
9388,15.947048011312095
9389,15.454389336376117
9390,15.850771928061404
9391,15.336800854269114
9392,15.584897800377075
9393,16.69634042757082
9394,17.2222725483302
9395,14.535229419197323
9396,15.50503509892955
9397,14.15157483792722
9398,15.384930083887198
9399,14.829082435762974
9400,16.00723495088247
9401,15.678746916078378
9402,16.533452352880925
9403,15.557565503684442
9404,15.091379479089753
9405,16.174452011338524
9406,16.820038375144332
9407,16.02157583143188
9408,17.595566692816345
9409,16.12443688286629
9410,16.647412075452905
9411,14.42432377056807
9412,15.889517776790218
9413,15.77612171454833
9414,16.29237440836672
9415,15.645984140151882
9416,16.43468749258525
9417,15.754306741944553
9418,15.518187921322172
9419,14.661169685037178
9420,15.24477741627082
9421,15.700029704283052
9422,13.419635777314149
9423,15.914530952322606
9424,15.95321058198731
9425,16.373605651481462
9426,16.175204036210204
9427,16.327490835328163
9428,15.159758241912892
9429,15.025215116124755
9430,15.441146754294806
9431,14.792324801772407
9432,14.587507793950724
9433,15.476069088649124
9434,15.69672716893179
9435,16.173462350142657
9436,16.542099234291108
9437,15.648770714549524
9438,15.412995538708142
9439,16.112996200112036
9440,16.09295121329306
9441,17.279702573719437
9442,15.50153944862658
9443,15.478210685897292
9444,17.132756516368623
9445,15.785153672544496
9446,15.334828183664115
9447,16.574518701060164
9448,15.454582632001822
9449,15.780674417563459
9450,16.222404829987283
9451,14.839087837383465
9452,15.170619608139532
9453,17.34912536518824
9454,15.070514110031336
9455,15.708980115365614
9456,13.988975597667304
9457,16.79959646882546
9458,16.153720699374315
9459,14.74090403539302
9460,15.690828108935055
9461,16.609345503396167
9462,16.15692439045302
9463,16.64885678342544
9464,15.395186982532515
9465,16.83471028594354
9466,16.10651213044259
9467,16.214496425782627
9468,15.20645635797552
9469,15.286822957629973
9470,15.843083294681415
9471,15.338527767657828
9472,15.121755794175156
9473,16.53673046100073
9474,16.708334805135518
9475,14.827315813114206
9476,15.605577229387086
9477,14.206977969227111
9478,14.042136629567745
9479,16.34166230701416
9480,16.065332682155503
9481,16.199213259926335
9482,14.80664439208938
9483,16.7023263754018
9484,14.977138989587507
9485,16.45528103459422
9486,16.610299756448104
9487,13.975788252769018
9488,13.41485707983995
9489,14.199714206161945
9490,15.196923624992975
9491,15.713521663989251
9492,15.927788980126666
9493,15.454070056405508
9494,15.188169061910726
9495,14.3245141533632
9496,15.179185847393525
9497,16.336502208637434
9498,15.302736242737605
9499,14.765269866868113
9500,15.80432223927091
9501,14.716442249457089
9502,15.703902803765459
9503,14.584635387101839
9504,15.72681600381978
9505,15.407007974987819
9506,14.922198280170498
9507,14.43319653599721
9508,16.59911007268361
9509,15.861644508640834
9510,16.43718474754539
9511,14.523542334983214
9512,14.43785096534476
9513,16.225932784613576
9514,16.231740748169738
9515,16.061572523771627
9516,15.058285384025027
9517,15.123735094930922
9518,15.553356782511194
9519,15.231026435205967
9520,15.80255693730398
9521,16.959309564071066
9522,16.19061403550013
9523,16.600171945069423
9524,16.315879301523065
9525,16.77560273201775
9526,16.29243739574942
9527,14.848034266922594
9528,15.43002364427333
9529,16.338767772973885
9530,16.051063264252164
9531,15.852916898579092
9532,16.047423283124203
9533,14.846574514487326
9534,15.973393784529721
9535,17.401293405963308
9536,16.726816173490377
9537,16.540361642029477
9538,15.429623780336485
9539,16.26433877967974
9540,16.34310256119716
9541,16.101223920896395
9542,15.52376627092372
9543,16.43231230877545
9544,15.511734913501865
9545,16.086219776294286
9546,16.53180147946314
9547,15.643441588237515
9548,15.430866816773587
9549,15.149938666199397
9550,16.162235827969337
9551,14.773837465834958
9552,14.649426606010916
9553,15.699457902848641
9554,16.045989658774094
9555,15.587645587930252
9556,17.170917477931855
9557,16.522411472646592
9558,14.623310990530284
9559,15.464180752973261
9560,15.289011556984738
9561,16.54915929129669
9562,16.956664102958634
9563,16.29532838251014
9564,15.971127308729354
9565,15.640328560739874
9566,15.909150695376606
9567,15.316020048345438
9568,15.317727666557998
9569,15.66484630024419
9570,14.955818990923845
9571,15.650033956292518
9572,15.27015375719259
9573,16.130699779403493
9574,15.035367889865196
9575,17.331849624332328
9576,15.394028704012042
9577,15.67690496500922
9578,15.906328722578861
9579,15.017619558034086
9580,15.828863401024059
9581,18.0300303170232
9582,15.600374750458544
9583,16.9237352491123
9584,16.240253339741944
9585,15.13049439246197
9586,14.956375788083559
9587,16.388806102016055
9588,16.81274184704747
9589,14.590970275011847
9590,15.496949627313722
9591,16.396695989460046
9592,15.680943509892867
9593,14.79036523053947
9594,16.32867981458374
9595,14.953294713299272
9596,16.271592199057725
9597,16.860870943129587
9598,16.142640331706772
9599,15.334118738050668
9600,16.368973222286684
9601,18.1284133592358
9602,15.09970131456256
9603,13.673620709589935
9604,14.438610891804242
9605,14.84738908201815
9606,14.737847791771285
9607,16.197058351664214
9608,16.953491720137045
9609,14.925125845196407
9610,16.476978918773938
9611,14.913517341848603
9612,16.101877502453675
9613,13.825562815703526
9614,15.451421601678428
9615,15.660988519587072
9616,16.350101524445627
9617,15.699650175965488
9618,16.32176808008667
9619,14.940654626567103
9620,14.984017024268876
9621,14.596758969544995
9622,16.427400549759096
9623,15.515518183244453
9624,16.9762238655202
9625,14.579120009042274
9626,15.20874407033212
9627,15.765254279924902
9628,16.09458468422467
9629,15.288483580904167
9630,17.066802274859317
9631,15.142367938515589
9632,15.189143693566523
9633,15.548462894040348
9634,15.458608898524316
9635,14.770764351175632
9636,15.828035346016913
9637,16.587697761081607
9638,13.87521386492798
9639,15.252136908638969
9640,15.522850194499144
9641,16.625274287643784
9642,15.487296975106776
9643,16.127126680765148
9644,15.168072051873507
9645,15.017942081207048
9646,15.651894294341599
9647,14.574787694264725
9648,15.141707452244267
9649,15.97396012425775
9650,15.980327541364874
9651,15.825812751863616
9652,17.526227847145556
9653,15.3763981838375
9654,15.12394878508232
9655,14.448157453299375
9656,15.427811611197022
9657,15.785122627694777
9658,15.206224472688731
9659,15.095932462113518
9660,16.348324423823478
9661,13.935800355790418
9662,15.42678594022409
9663,14.681675625338574
9664,16.290223006839668
9665,15.351104965328592
9666,14.904915077933076
9667,14.644255141100775
9668,15.621063808391586
9669,15.894976581210418
9670,14.03116283623988
9671,16.117806129583823
9672,14.425408219474022
9673,14.23388970820299
9674,17.011231449441183
9675,14.837597722483663
9676,16.192679521713067
9677,14.902501021786259
9678,15.295404468720335
9679,17.13714574487081
9680,17.05121221268044
9681,15.98626572083293
9682,15.43511959041092
9683,16.736133675538333
9684,17.143644193577327
9685,15.094577998620927
9686,13.796073956309222
9687,15.483416344992351
9688,13.647646757318878
9689,15.947940151478942
9690,15.109549531100615
9691,15.04941610923894
9692,16.715579900679323
9693,15.511358257855921
9694,15.151521091302591
9695,16.39224739672057
9696,13.697566775258107
9697,15.072298476030642
9698,16.013523760835394
9699,16.34539696318477
9700,14.575566265260251
9701,14.27592814542626
9702,16.16246026629828
9703,14.91695944248806
9704,17.27477774429188
9705,16.362912900816372
9706,15.14587318187196
9707,16.565024017247385
9708,14.71751406441153
9709,14.260829071943974
9710,14.59704745960381
9711,15.288401322990248
9712,14.735970400476598
9713,15.794648619013854
9714,17.176592954188617
9715,14.715019528863463
9716,15.868239193465618
9717,16.038122915845697
9718,15.853478012075637
9719,16.18730991011597
9720,16.09939471796387
9721,16.20081503244547
9722,14.997109513751147
9723,16.198429626124422
9724,15.331741773322564
9725,15.39164968076859
9726,15.87428818416949
9727,14.633315218388582
9728,15.431140800450736
9729,15.752122465596894
9730,15.495612991381
9731,15.402341653065182
9732,16.020826630335147
9733,16.573611316344998
9734,15.488750142841788
9735,16.856522513470132
9736,14.870818694426909
9737,16.71860326198359
9738,14.303376362390008
9739,15.40424661201511
9740,15.35057242526051
9741,16.5068823285817
9742,14.726940100132412
9743,15.322169039090454
9744,17.492523701712937
9745,16.973134411920654
9746,15.20796400853506
9747,16.211425142002252
9748,15.042140002512363
9749,15.535422807393356
9750,15.596299688269525
9751,15.872750235020385
9752,16.70044600291788
9753,14.549768864159473
9754,16.743387499198676
9755,15.54424009394188
9756,16.369314752691857
9757,16.33693190673578
9758,16.355565877402395
9759,15.485491341012509
9760,16.22980439914844
9761,16.493569645097082
9762,15.301765851459427
9763,16.638267390584936
9764,16.802864243869962
9765,15.21631816045138
9766,16.05384259721231
9767,15.099873110649956
9768,16.83957682890411
9769,16.68356696121421
9770,15.096769027699448
9771,16.19155998901565
9772,15.879524704221465
9773,16.594455479665772
9774,14.923416405890983
9775,14.91041800594459
9776,14.621524864778724
9777,16.215694697081638
9778,16.579700359153883
9779,17.461687500392067
9780,15.671830701982758
9781,16.151746531083596
9782,16.480507096206498
9783,16.14876515673041
9784,16.572869010000943
9785,14.88026476494973
9786,16.073407558411272
9787,15.50708977419209
9788,15.434504299362878
9789,14.429345829990664
9790,16.718734942518754
9791,15.604547890873224
9792,16.863226366102477
9793,15.448280495382058
9794,14.112597098893621
9795,17.186871259974154
9796,14.120053123189766
9797,15.53934261465349
9798,14.686131179805136
9799,16.81700006186871
9800,16.41949232351654
9801,15.530161981748659
9802,16.002230564567572
9803,13.896061754777435
9804,14.320473434393499
9805,15.667589542785844
9806,16.897220235712183
9807,15.708146363303191
9808,16.458330972839633
9809,16.29356217517125
9810,15.278865951057552
9811,14.843838278759417
9812,16.571087652336708
9813,15.729927132119629
9814,16.15070366443433
9815,16.34189182406564
9816,14.901689766064246
9817,15.549504443512523
9818,14.685164746941958
9819,15.289097189841499
9820,16.353813183530665
9821,15.193998541628524
9822,16.234668863671615
9823,15.643715747051646
9824,15.636927331520795
9825,15.046037950426795
9826,16.356120583464065
9827,15.763529340272633
9828,16.948030055220265
9829,15.225519909921244
9830,16.26180191042465
9831,17.161310099623055
9832,15.194886629044754
9833,15.437371408631074
9834,16.436726477907467
9835,15.00120521344501
9836,16.221167998467532
9837,15.805998607989393
9838,16.76215343768602
9839,14.707834124381009
9840,15.619082691121227
9841,17.669951406363985
9842,14.864553560414594
9843,14.526270703086588
9844,15.798408241302472
9845,16.817926985537866
9846,14.770435488289644
9847,16.12474015759203
9848,14.252860221156277
9849,15.947438297796596
9850,16.309670861211824
9851,15.133876827879877
9852,17.256640459833612
9853,15.742918110816266
9854,15.987529635917342
9855,14.775386548794716
9856,15.647843969356877
9857,13.959757579527922
9858,15.521726931839858
9859,14.616806974060005
9860,16.96230938483095
9861,16.366536740903705
9862,15.538331104906433
9863,15.66194241929708
9864,15.953713492164717
9865,15.849498817925701
9866,14.780637468625411
9867,16.273662310452806
9868,16.9212375891417
9869,15.914845773595562
9870,14.840990803050802
9871,15.316335847329972
9872,15.826555182320188
9873,15.959117016911824
9874,16.263998783728745
9875,15.63511380548419
9876,16.12577822239161
9877,13.827964074982402
9878,14.82423897113187
9879,15.533294193033772
9880,15.717494235530932
9881,17.005988105293746
9882,15.796285102565605
9883,15.94139313657247
9884,15.281727092975862
9885,15.86711044253343
9886,17.205303278463987
9887,16.24918382395322
9888,15.678751158107321
9889,16.061598353980802
9890,15.710926882602637
9891,15.855706732037557
9892,16.892292745444465
9893,17.080393036060467
9894,14.656403535174931
9895,15.12374990206642
9896,15.45615827642424
9897,15.913617214297728
9898,14.644045085417506
9899,15.849055068516519
9900,15.844381982543567
9901,16.11663575340994
9902,15.472417541293131
9903,15.718097315298484
9904,15.302453094409403
9905,16.71749073769106
9906,15.096086326391903
9907,16.5780954791225
9908,17.03667062104888
9909,15.87005405741342
9910,15.590276722041168
9911,15.286087337475873
9912,16.39612004477693
9913,17.071341300114995
9914,14.982133646370677
9915,15.28105029576741
9916,14.829542404289656
9917,15.499981772996286
9918,16.070011558306238
9919,16.470239942440994
9920,16.786726855839547
9921,15.800936784887947
9922,16.3622591149908
9923,15.037887211626307
9924,15.850509460898216
9925,15.922723660142918
9926,16.599187556873638
9927,15.771646041026415
9928,15.467864182911466
9929,15.862059720476031
9930,15.55506038607256
9931,15.861492820752673
9932,16.792437206976043
9933,15.28816067885179
9934,14.732481665412024
9935,15.352132569143931
9936,15.346189537735267
9937,15.167616783090352
9938,16.122926452849686
9939,16.09218598108774
9940,16.704300668520165
9941,16.446402881313276
9942,15.918212720417209
9943,15.303488219162276
9944,15.96792101101006
9945,16.604291698161383
9946,15.38171738432016
9947,16.768683050605247
9948,15.131801233225591
9949,17.855213732993832
9950,15.525792831290907
9951,16.38017239410436
9952,15.13153096315638
9953,15.918014684639084
9954,15.283242646735639
9955,15.003130884261939
9956,15.915164308343607
9957,14.44145376277531
9958,16.883124818892227
9959,16.60381839733658
9960,15.391432853324428
9961,14.90260228608177
9962,15.785428723898235
9963,15.287502993115636
9964,14.251206486772508
9965,15.153315961749191
9966,15.406401789649786
9967,15.703744902056474
9968,14.912771918155338
9969,15.789477196662881
9970,16.229846832212846
9971,14.165145633879886
9972,14.005036688001162
9973,16.619088074277336
9974,14.844296540009019
9975,14.65620540221916
9976,13.291026813917098
9977,16.4619640939089
9978,15.760353497426866
9979,16.33746901518973
9980,13.844896922736439
9981,15.772877800060895
9982,16.637454096722692
9983,14.460866491991345
9984,16.296471815713545
9985,15.341006023415229
9986,14.719306648213383
9987,15.637666200552042
9988,15.875301886246595
9989,14.960422761625178
9990,16.003159600456847
9991,16.69462455996257
9992,18.004618343057643
9993,16.255857519403065
9994,16.14803662605277
9995,16.282487117171705
9996,14.507304221010891
9997,15.197851657663405
9998,14.788587671458044
9999,15.876209935713502
10000,17.301988793816896
10001,15.816137150942724
10002,15.426130402480027
10003,15.633795829250488
10004,15.486018566184834
10005,14.26575147921279
10006,15.31955466390183
10007,16.03990198204016
10008,15.959757741612863
10009,15.791629332411388
10010,14.965392138383057
10011,14.969683882537835
10012,16.608632752478602
10013,15.78748752374352
10014,16.26036445684728
10015,16.431453656889378
10016,15.653749293230836
10017,14.699654881391869
10018,16.058566117391777
10019,14.031950510887304
10020,14.824941609616314
10021,16.4983331375502
10022,15.402533855631791
10023,16.001892627837552
10024,14.038477688052378
10025,16.512184331778997
10026,14.65274408573817
10027,16.093518665559518
10028,14.351726180405802
10029,14.867969345329008
10030,14.328856713031918
10031,16.220711014017613
10032,17.293694804574116
10033,16.54697118741065
10034,16.382330031949238
10035,15.994820025632375
10036,14.630623806446106
10037,15.477120514670844
10038,15.963259483801897
10039,15.1241360687531
10040,16.697744913666337
10041,14.604170423829324
10042,17.142878037297184
10043,15.409195639300503
10044,14.984977349432866
10045,16.464541480815065
10046,14.430158867631055
10047,14.966835898763454
10048,15.229756678668549
10049,16.126210095114928
10050,16.297276039468983
10051,15.740051018308577
10052,15.0679423987313
10053,15.760028495864058
10054,15.544776790641096
10055,16.46898317017171
10056,14.899593613633565
10057,16.199999942419897
10058,16.540941915964908
10059,16.411330517867512
10060,17.503398350684105
10061,15.876809118941303
10062,15.418092259115728
10063,16.417005831768012
10064,16.190692144965272
10065,14.90277408767792
10066,16.3722630861983
10067,15.65120104457652
10068,16.180551252352306
10069,16.158342940953013
10070,17.220735086179054
10071,16.00826321141304
10072,15.69585433864086
10073,15.223496302255098
10074,16.576382915079478
10075,15.563384344927371
10076,14.723973368624478
10077,16.17201240866472
10078,16.344680764477932
10079,16.345816647874702
10080,15.44299843928721
10081,14.690216698453579
10082,14.18745955586763
10083,16.642348317445116
10084,16.163771886810245
10085,15.696528697476328
10086,16.506226429061936
10087,14.440260010201627
10088,15.022567610727712
10089,15.647268356610372
10090,15.48460407081011
10091,16.067147994709746
10092,15.007155205483228
10093,14.217859380007791
10094,15.944222396871124
10095,16.552026418332513
10096,16.642642310429164
10097,15.753421799342629
10098,15.639984198730872
10099,15.004360534066823
10100,14.565136265115468
10101,17.34819904895146
10102,16.647200108074756
10103,16.278646907429785
10104,15.884362779983357
10105,17.25419590418592
10106,15.594181284632365
10107,15.618040760783757
10108,16.826619422287163
10109,15.557673420193646
10110,16.226049856561175
10111,15.380235159541876
10112,15.134953418257219
10113,15.653148138240745
10114,15.598463480785481
10115,15.312784722899384
10116,15.106270586428254
10117,15.665204430193471
10118,16.36223000282061
10119,15.977284789399203
10120,15.150750290172141
10121,16.112994342917066
10122,14.479702718329921
10123,16.20292987662569
10124,16.856328728697136
10125,15.93379421625353
10126,15.42013511459215
10127,15.580520352426602
10128,16.397028509095264
10129,16.57993671561576
10130,16.77015204598445
10131,14.345607830093705
10132,14.888842029367485
10133,15.189373224234332
10134,15.628452980757041
10135,15.520273643656974
10136,15.287108622190175
10137,15.190923734062828
10138,15.10719436092735
10139,17.166414612221693
10140,15.10834174129153
10141,14.591177703152171
10142,15.526774974076066
10143,16.427782770570936
10144,15.50375861540726
10145,16.06909504961814
10146,15.0595884947815
10147,16.437678637391357
10148,15.06409356376856
10149,16.080399824594146
10150,14.870507077795612
10151,17.27556167200941
10152,16.548080182623348
10153,14.371557577283847
10154,16.675167923905676
10155,17.04607843041184
10156,16.661146491349864
10157,15.899747412553943
10158,15.141763275280566
10159,16.38569504875567
10160,15.455560227926187
10161,15.354390311296678
10162,14.391397554410048
10163,14.883627160160238
10164,15.958532920937618
10165,14.387932723249639
10166,15.124850826801678
10167,17.307708881868113
10168,15.13677188941203
10169,16.237558647501753
10170,14.573842776408105
10171,16.297839109045313
10172,15.677281490977665
10173,16.699296929438816
10174,15.358194862957046
10175,17.07454712949324
10176,14.179247483878425
10177,14.811203097974449
10178,14.219802421165737
10179,15.234822896151018
10180,15.291870563765228
10181,15.149531920863101
10182,14.809113097783593
10183,15.982428265021092
10184,15.69096718042009
10185,15.65025914576102
10186,16.742590902488203
10187,15.018426188388496
10188,14.99808778368405
10189,14.014197879564302
10190,15.704417133533804
10191,15.353524403963819
10192,16.744608992920597
10193,16.379558087386485
10194,15.871327793219617
10195,15.82784404965406
10196,16.68028897436653
10197,16.5943019401222
10198,15.544043264878878
10199,14.183318985515287
10200,16.680926146378976
10201,15.317205566714147
10202,15.737798275695289
10203,16.300824731064893
10204,13.744762683015523
10205,16.265175389817596
10206,15.04921745939356
10207,14.358542663970931
10208,16.688031769799043
10209,15.291589265764356
10210,16.15931461992336
10211,14.502492482457974
10212,16.093380304233108
10213,15.572726897560067
10214,14.455941451279692
10215,16.154613398264626
10216,15.88223465895892
10217,16.6948325469413
10218,15.892789141557861
10219,15.851403653868605
10220,16.597175114268445
10221,15.596293551722837
10222,13.762639621663824
10223,15.413870537686591
10224,14.599740674742725
10225,15.958497394827331
10226,16.75941242296464
10227,15.414917526082872
10228,15.93044366028323
10229,16.0375819792849
10230,16.639238893517238
10231,15.578508708019795
10232,16.41525273368705
10233,15.65935730057216
10234,15.726617669497857
10235,14.828895481340801
10236,17.52730219045218
10237,16.137423524683513
10238,15.992656992657936
10239,14.576547184378434
10240,16.599498499088824
10241,15.846242602366763
10242,14.94516072167722
10243,14.271177529659397
10244,16.06865258146315
10245,14.80702352494286
10246,15.498815328715487
10247,14.510287267579283
10248,15.032976247412684
10249,15.114794708457872
10250,16.32908999434121
10251,15.814527788282914
10252,15.848940096253513
10253,15.470064731910098
10254,14.62352153369411
10255,15.906508093001486
10256,15.424856263266015
10257,16.50383705790742
10258,17.492192822949225
10259,15.270313293250004
10260,16.978647667267463
10261,15.97008103300925
10262,16.254763809061547
10263,14.759887388312974
10264,15.804327347298292
10265,18.633241392745617
10266,17.458325336864895
10267,15.500694917262122
10268,16.51845955686617
10269,14.382831127554871
10270,15.647048853576628
10271,14.472547131731234
10272,15.311903477491313
10273,14.079384444760388
10274,16.585135203899306
10275,15.366690277998934
10276,16.91656758592661
10277,16.672790574229143
10278,17.25386218949741
10279,16.783765277153833
10280,15.961023633844944
10281,15.141466815228076
10282,15.690904318366407
10283,15.641863723217732
10284,16.533188744804196
10285,15.825605752439335
10286,15.115551053191117
10287,14.817456038796822
10288,15.549882799903544
10289,15.915280939603681
10290,16.184996909783333
10291,16.182955783086012
10292,14.932425091237208
10293,14.580754622439784
10294,14.23962934265092
10295,15.794696919927947
10296,14.24911364045778
10297,16.81134744195601
10298,14.91089843065309
10299,15.822239581606013
10300,15.958576298974837
10301,13.660245803079029
10302,14.834997693000831
10303,15.364804399903514
10304,16.133388655424746
10305,14.745761302905624
10306,15.847081076231984
10307,15.14553798383893
10308,16.584127497884452
10309,16.513190910394975
10310,16.897779029506367
10311,15.683474320483661
10312,14.43474073105864
10313,14.42657309534423
10314,15.259562115331239
10315,14.741896422874802
10316,15.731511271159484
10317,14.561767876876951
10318,16.583868365702646
10319,15.970414560787319
10320,15.527043523365522
10321,15.579633826340636
10322,15.506291900427993
10323,16.276087960021677
10324,16.940820337788004
10325,16.28051654655179
10326,14.857905667426666
10327,15.449056101788969
10328,14.073036593915651
10329,16.953359956945835
10330,15.262751740795279
10331,14.62445085410305
10332,14.610350103762585
10333,15.921751114813746
10334,15.17778633224671
10335,16.864148814360252
10336,17.17421762667835
10337,14.669380961659142
10338,14.602917222148493
10339,16.663514702871183
10340,14.759450492488467
10341,14.323869029304456
10342,18.046870056131276
10343,16.10312586612643
10344,15.751079398154191
10345,15.248421918649292
10346,16.035394140908796
10347,15.168397130511627
10348,16.394899254103024
10349,16.23059057587455
10350,15.284850385824914
10351,15.7095422876368
10352,15.24951101357508
10353,13.99106388073627
10354,15.458898810398814
10355,13.437650231242078
10356,16.108389176312617
10357,16.279792102563345
10358,16.214058148026975
10359,14.666538827785088
10360,14.752260292479775
10361,13.808914032603392
10362,15.280224252972884
10363,16.258987404293013
10364,16.631736256204498
10365,16.887841822886912
10366,14.112090158110705
10367,16.21924172633498
10368,15.162156455658293
10369,14.638534474901114
10370,17.246555797921204
10371,16.499114168419943
10372,15.414219297430186
10373,15.175616443818361
10374,14.655098579989335
10375,16.25127494373107
10376,17.052025693545037
10377,16.900101861208537
10378,16.13132911950041
10379,16.290689165280728
10380,15.985721204948437
10381,17.001619974075076
10382,16.501125712932755
10383,17.070969776664047
10384,14.879310339245635
10385,16.02722516110659
10386,15.196383286594282
10387,16.41860001484806
10388,15.781985835799935
10389,14.08882361089568
10390,15.696792617423773
10391,17.233993607192918
10392,15.00623704620712
10393,15.329377361216515
10394,15.80953266656891
10395,15.470378191215415
10396,17.411055407324387
10397,15.931220723135537
10398,16.960055497412814
10399,15.379771739778308
10400,15.265716933408685
10401,16.171896684448924
10402,16.690231439121014
10403,15.6947145293756
10404,17.263164722632915
10405,15.65622740831798
10406,17.059623884356153
10407,15.123714363394567
10408,15.458995779382565
10409,15.22258026138044
10410,16.27792527997725
10411,15.224491126202143
10412,15.86893651240677
10413,16.249279816775946
10414,17.515058118227742
10415,15.092988992629678
10416,15.193725156499958
10417,16.21260443797524
10418,14.722129213832991
10419,15.869559660534751
10420,15.546425855111728
10421,17.037398950779203
10422,14.981316027839776
10423,16.030231879862917
10424,15.546572871910417
10425,15.976745834123985
10426,15.709283333316046
10427,15.949213595669764
10428,17.488920456235263
10429,16.054782748697736
10430,17.20192614016215
10431,16.196094862409282
10432,14.759995371889877
10433,16.15862168526181
10434,15.619296952082891
10435,14.85443868132782
10436,16.276327913600905
10437,15.346307033273128
10438,15.03072845566906
10439,14.423617881997972
10440,14.494025076449118
10441,15.898022653996932
10442,15.757756113823387
10443,15.988046737253146
10444,15.106096904552341
10445,15.547614576698086
10446,17.54053066843469
10447,15.151773758797512
10448,16.296794416267147
10449,14.463200148952444
10450,16.31337632490143
10451,14.530148291455957
10452,14.453425241530015
10453,16.65241673460195
10454,16.28069863255008
10455,14.2207719109233
10456,15.165838725249067
10457,16.356631009366467
10458,15.764431177998095
10459,16.083878787243936
10460,15.862719281341501
10461,15.352469690080875
10462,15.60051931841242
10463,16.698894916250627
10464,15.340324522667375
10465,14.3782326062829
10466,15.691971210741778
10467,17.167127312683604
10468,15.048306011717898
10469,15.738540381208805
10470,15.797296274706413
10471,16.43037120363804
10472,16.37499665160851
10473,15.311029057893665
10474,13.2373094060832
10475,14.770589543936909
10476,16.004333548870385
10477,16.05039265529596
10478,14.441349166188955
10479,15.431803759037452
10480,15.856157207754208
10481,15.132336713972478
10482,16.227387915258046
10483,15.693137582408198
10484,15.355175954797332
10485,16.09416782398961
10486,16.25444240465386
10487,14.547439335887317
10488,15.764880266453394
10489,16.69938232383406
10490,15.062140396599728
10491,16.463032539313037
10492,15.204639479562688
10493,16.340411213658584
10494,14.95166282576649
10495,15.659953107152697
10496,15.017625142345622
10497,14.905186450113588
10498,15.875855559848162
10499,16.161374458145108
10500,14.990019891919923
10501,15.561784139158146
10502,14.606289045851096
10503,16.26890096359495
10504,15.334876064913992
10505,16.10131654075561
10506,14.815628349628627
10507,15.120334858407459
10508,16.40544910998741
10509,15.69131075807714
10510,16.985607132684066
10511,15.315188032394463
10512,16.772896256566348
10513,16.51960658543307
10514,15.898141293142192
10515,16.589851325619392
10516,15.744104925918526
10517,15.170345307873081
10518,15.221919774789262
10519,14.879164050899917
10520,16.645282351036744
10521,16.169863272637855
10522,14.114167814690832
10523,15.01619159671916
10524,14.601745872131502
10525,15.277833786337931
10526,15.614518998350203
10527,15.684568522350705
10528,16.012637308446845
10529,15.316095908914729
10530,14.942317933078973
10531,15.375201333162433
10532,14.664159916132075
10533,17.534685876294557
10534,16.212436467102602
10535,14.911246671209462
10536,15.479364550245169
10537,14.654478630300002
10538,16.661298884720118
10539,15.689173757623813
10540,16.98499691627197
10541,15.44101413321352
10542,16.132850839853692
10543,14.990395179247534
10544,15.162614122505902
10545,16.800516889027
10546,14.998309512895414
10547,15.915122785327558
10548,16.533483448494504
10549,16.525144158170672
10550,16.489439773506028
10551,17.662041217263354
10552,15.307429391836163
10553,15.222565476807361
10554,15.899340969310002
10555,15.326196324742025
10556,14.83934525962384
10557,15.029445555737077
10558,16.542677864833422
10559,16.926556258463865
10560,17.040837452998886
10561,16.128597103512
10562,16.40304077026646
10563,16.64362200021031
10564,15.854075269338358
10565,15.768877657459269
10566,15.31413467473174
10567,16.825412070476442
10568,16.709195168066497
10569,15.66853895374906
10570,15.325992033839487
10571,16.205673839195622
10572,16.65516894566446
10573,16.50242726144375
10574,16.7676327856357
10575,15.352815021601893
10576,14.806352603774043
10577,15.233055156094641
10578,15.038894218957298
10579,14.595967417056475
10580,16.08574006535302
10581,15.651167005890082
10582,15.539575412495468
10583,16.66310653704647
10584,14.634133380902174
10585,16.112392446643927
10586,15.312245620991032
10587,15.107767792401273
10588,17.05834119452732
10589,17.07372125570396
10590,14.157785454420011
10591,16.462501032739222
10592,14.603606969010327
10593,15.460930281508855
10594,17.033771658364117
10595,16.3883990953069
10596,15.407011168972534
10597,15.167268072266722
10598,15.845846969811399
10599,14.888894529283828
10600,14.488472385297209
10601,14.830467653363678
10602,14.939127786590793
10603,16.440793511606653
10604,16.286743379677826
10605,17.688380482088977
10606,16.685545024197157
10607,15.957317511008103
10608,15.717979299676074
10609,15.17918742473208
10610,15.452438208198293
10611,15.014176884660367
10612,15.758259048499607
10613,16.526513773188924
10614,16.573019639787223
10615,15.938324322010264
10616,15.50766579828274
10617,15.411533934146878
10618,17.045592401525667
10619,15.562772221437026
10620,16.190558043016555
10621,15.496832825663116
10622,15.415146582766813
10623,15.280322235394353
10624,14.645688548895187
10625,15.299128796557085
10626,15.907264321749922
10627,15.86277594069983
10628,15.829725585266809
10629,15.275485435375172
10630,16.577632686466902
10631,16.516743355379518
10632,15.226233694334214
10633,15.098111803924485
10634,14.53086067683762
10635,14.861855624925036
10636,15.805264785574549
10637,16.997664898509694
10638,15.70339744788429
10639,14.427624905935224
10640,16.212160601067186
10641,17.273826878454745
10642,15.246084201878036
10643,14.906445938917868
10644,16.083435617146378
10645,15.796898059435213
10646,15.369020495016715
10647,16.46433890310428
10648,15.97129150648582
10649,15.703646484380146
10650,15.057476632743063
10651,15.617188746856199
10652,16.235666448584332
10653,16.759272529810954
10654,15.440850799814616
10655,15.25480971280275
10656,14.340774916380791
10657,15.228098356523445
10658,14.67663350675721
10659,16.017892777516277
10660,15.962996035257556
10661,16.23389024574158
10662,16.058933357126644
10663,15.819073442223248
10664,16.18805772060844
10665,15.5846556252107
10666,16.27615374144885
10667,15.303080678190968
10668,15.487530714479492
10669,14.786184177541784
10670,15.634483329636597
10671,16.125073150370646
10672,15.423443838548847
10673,14.53897218148563
10674,15.827878672644713
10675,14.800884803670085
10676,15.46547033445138
10677,15.717850959622385
10678,15.737679756706745
10679,16.79174169352878
10680,16.856850700263397
10681,16.32360012306758
10682,16.328371372973685
10683,15.180956402939021
10684,15.62459236085931
10685,15.940715325657358
10686,15.096076080352992
10687,14.625680583006167
10688,14.499721695134925
10689,16.05143426129714
10690,16.66639960276177
10691,14.985237021431118
10692,16.897700005907414
10693,16.192601891574146
10694,15.57826068508593
10695,14.808349737074892
10696,14.664004685052
10697,15.837101685066386
10698,14.447555502782858
10699,17.314454537305753
10700,15.079135580273578
10701,15.299514945132712
10702,16.203656099034315
10703,16.832631522496968
10704,15.124923257134672
10705,16.235540978945515
10706,16.63509745639084
10707,15.55619580822158
10708,14.821862189840651
10709,13.887514734252493
10710,15.712594732165233
10711,16.865130116316642
10712,15.229545619701039
10713,15.140040974619279
10714,14.482741903649382
10715,16.779279580461825
10716,15.045212396655181
10717,16.370553976377273
10718,14.552850946363916
10719,15.63990357828948
10720,15.169548095088954
10721,16.047546920280645
10722,15.280255038117472
10723,16.715012515566897
10724,14.337499082738928
10725,16.682668952139355
10726,15.141292510840492
10727,15.488074100972803
10728,15.764451728263305
10729,16.30718087661197
10730,17.011540775518103
10731,16.234999854853942
10732,17.261660832220528
10733,18.055545061061594
10734,15.607109222873094
10735,15.107994357772709
10736,16.769736221447396
10737,14.02112791257032
10738,15.718185324595735
10739,15.411211968395659
10740,15.490997276522439
10741,15.08479596873131
10742,16.649340921487443
10743,18.18684511053311
10744,16.93249232664958
10745,16.603637340354247
10746,16.418478614295537
10747,14.329972814719492
10748,16.2726333810993
10749,15.482089508448235
10750,17.625132489299567
10751,15.345576642653095
10752,15.96580238253548
10753,17.99448142032747
10754,15.126053734068234
10755,16.14717105735622
10756,15.372994086281864
10757,17.255589101959988
10758,14.863555074809849
10759,15.041002633680309
10760,14.529181441169325
10761,16.137624219904243
10762,15.397405307033653
10763,15.665011002175143
10764,15.771471020137621
10765,16.144666339605333
10766,14.967353083524888
10767,15.312869242936006
10768,14.859154887320507
10769,14.706072767783331
10770,16.710519695971126
10771,15.66676168432835
10772,14.598315125307828
10773,15.444332469772359
10774,15.64990463314694
10775,14.933697884106204
10776,14.152374787650436
10777,15.587556394994879
10778,17.750195539035026
10779,14.823998787477391
10780,15.431871875772948
10781,16.10799132464822
10782,15.519770837291933
10783,15.40382748727913
10784,15.639242718284795
10785,16.170947934561173
10786,15.24043379099495
10787,15.627024482336207
10788,14.68225917862567
10789,14.70307804504031
10790,15.154556544897979
10791,16.34859364464934
10792,16.330830525718603
10793,16.352007745114555
10794,15.189582973892822
10795,15.240269078353107
10796,14.835915270856647
10797,17.17412978435514
10798,15.44344242116394
10799,16.368413245994013
10800,16.397994943012378
10801,15.740448645844062
10802,18.335118249418855
10803,14.561785941511525
10804,15.958912207178761
10805,17.742854376069584
10806,17.648975634164035
10807,16.689229051604517
10808,15.42501317819404
10809,14.863668126585987
10810,16.90619133384383
10811,15.71813138447253
10812,15.942726852024062
10813,16.07085373780207
10814,15.240567435983609
10815,14.919310684875096
10816,14.937095551855496
10817,16.226963782632577
10818,16.64319452863568
10819,16.345627632301643
10820,15.940960595393575
10821,16.649856994869708
10822,13.935178148585763
10823,14.877911099535401
10824,14.880723894172482
10825,15.337152998688328
10826,16.50192656581265
10827,15.683572427411193
10828,16.978052643860046
10829,15.26308495184425
10830,15.213645830834473
10831,16.697389556301232
10832,15.964926597400803
10833,15.896829398825691
10834,16.33603986837632
10835,16.500280029520837
10836,14.716892722071968
10837,17.16270517354528
10838,17.023068760922992
10839,16.09805832784155
10840,14.83971080728224
10841,16.573546155003747
10842,15.691925809354856
10843,17.468766091643833
10844,16.27968259438799
10845,15.411796890254292
10846,15.956858776679338
10847,16.116193791437517
10848,15.243226522226829
10849,14.866081124592956
10850,16.173818931971965
10851,14.775742861467089
10852,14.94327570256216
10853,17.14871233078363
10854,16.86409673658364
10855,15.531827756298087
10856,14.876158822672634
10857,13.623283460329974
10858,15.116543658012391
10859,16.50887468453063
10860,14.881218272938128
10861,17.02468710695327
10862,16.405408399598958
10863,15.899064433342788
10864,17.23371498589137
10865,17.262872763232394
10866,15.648437140749477
10867,14.531256567584917
10868,15.374501915896914
10869,14.75102155705957
10870,16.97907215023411
10871,14.885883823065017
10872,15.488039214163908
10873,16.30520496586521
10874,16.21325335064422
10875,16.29647566209288
10876,14.823735264865716
10877,16.489665168389674
10878,15.500261377888666
10879,16.91311744362246
10880,14.776925827233136
10881,16.590444860583123
10882,16.048815345559532
10883,15.024015529291672
10884,14.889629577577677
10885,16.67874828011123
10886,15.144025664882776
10887,15.76745692124158
10888,15.445282562342511
10889,15.9978693491748
10890,14.947919639112715
10891,15.725863491815948
10892,14.47960060333345
10893,14.707239123282339
10894,15.32447339463451
10895,15.246034158650717
10896,16.400235804954043
10897,15.87901251798618
10898,15.567525966774719
10899,14.970666065317623
10900,15.064422051034995
10901,16.65054452403896
10902,15.643863072762372
10903,16.428321064985973
10904,16.65069461391653
10905,15.742056442911927
10906,15.848627341715245
10907,16.962128694553805
10908,15.934908814064974
10909,16.670019219742375
10910,14.624677485979126
10911,14.745703102994614
10912,14.76380175137272
10913,15.996060370062985
10914,16.662791739185042
10915,16.17556115530128
10916,16.109668799953162
10917,17.66034286901716
10918,16.107312147764127
10919,15.158931447596345
10920,15.308842907871373
10921,15.013485814649933
10922,15.680625665345447
10923,16.35313215887863
10924,14.932364558497317
10925,14.964579037339421
10926,15.139880472556921
10927,17.024312559108388
10928,15.287019204702714
10929,15.151068646232332
10930,16.23274997981559
10931,16.476349669214812
10932,16.405860998743005
10933,16.93019413297188
10934,17.056559787136706
10935,14.864126298325893
10936,15.368299356814797
10937,16.03223071261299
10938,15.524961036621889
10939,15.643142969738042
10940,15.26397051385205
10941,17.681834446059884
10942,14.110310092773387
10943,16.29731439239101
10944,15.676866394850228
10945,16.418212085116348
10946,15.717667475902793
10947,14.944002812825358
10948,15.465799356511429
10949,15.064241746184733
10950,16.291064642006756
10951,15.113784261397978
10952,14.360328991344812
10953,16.12139611155147
10954,14.541470358311242
10955,15.436958885613617
10956,16.846655300129907
10957,15.327474276305065
10958,16.621757307634166
10959,14.63904986897464
10960,16.26808383425928
10961,15.936205567574698
10962,15.083728016410284
10963,17.04328654796957
10964,14.682851681019649
10965,17.111686734113803
10966,16.352143038344433
10967,16.55332652715346
10968,15.684768767241012
10969,17.220610426197368
10970,14.850813231115476
10971,14.726032180859706
10972,16.45910222270148
10973,14.115073133824605
10974,15.927614239130897
10975,14.74343695808661
10976,14.747537257708355
10977,14.696350619515977
10978,16.020461758928512
10979,15.044885446111822
10980,14.216060830057103
10981,17.086308117854248
10982,15.864086999797973
10983,16.27886612864335
10984,15.658657080673057
10985,15.979841890152825
10986,14.708903431153699
10987,14.20606786146345
10988,16.172583516104932
10989,14.824091508554826
10990,15.903714582250062
10991,16.5359471153986
10992,17.111482703703867
10993,15.032983142754064
10994,16.50329274480512
10995,15.62721525723091
10996,14.810561986015891
10997,15.09253568384879
10998,16.731722840612164
10999,15.880620000089106
11000,15.988678258170491
11001,15.960960177868996
11002,16.408222944184246
11003,16.073516012346854
11004,15.037705823245005
11005,15.07496050963559
11006,15.085004211627698
11007,16.52116762379352
11008,15.466094899469596
11009,15.047807370927707
11010,14.808546500779158
11011,15.554206828489477
11012,16.14996223677985
11013,14.366662121404232
11014,15.328549634420902
11015,15.761271278894448
11016,15.18574056076815
11017,16.812997137696797
11018,16.10973617824774
11019,16.32077555063149
11020,14.760312165545372
11021,15.891032049238822
11022,17.182425698918255
11023,16.640787265536687
11024,14.47941933311445
11025,15.006564054537298
11026,17.16336043613793
11027,16.06490856941699
11028,15.794938106456705
11029,15.473637846902134
11030,16.007272263298898
11031,16.079943068105433
11032,15.199134777323525
11033,14.902666542911247
11034,16.108157858397977
11035,15.309888858306953
11036,15.97764646480542
11037,15.47585550712107
11038,15.330303130985964
11039,15.113889644882892
11040,13.117670810451019
11041,15.538508555935266
11042,15.217069091416619
11043,15.587889392892851
11044,15.310967158573884
11045,16.513029092743416
11046,14.866050099389941
11047,16.317451210872417
11048,15.858060940173573
11049,15.041125169500798
11050,16.225741871855984
11051,14.344576889318338
11052,14.21209473519912
11053,15.404986083899622
11054,16.426603071927435
11055,15.632847875339028
11056,15.388754820410641
11057,14.795236053267173
11058,17.008854588818256
11059,16.330271020143318
11060,16.60003208329431
11061,14.429130971299395
11062,15.564946941384468
11063,15.3547293170349
11064,14.858890182362279
11065,16.126222567867725
11066,15.300274638682739
11067,15.551864237701244
11068,14.833283096010764
11069,16.333419169040965
11070,14.705984027127402
11071,15.014795282017293
11072,16.44869695609313
11073,14.53332286151322
11074,15.091551949474129
11075,15.58739353849389
11076,16.92782309813178
11077,16.30043697285294
11078,14.24847909477029
11079,14.71375916588484
11080,14.61842372513937
11081,15.117897852742402
11082,15.619940284022864
11083,14.851989601669201
11084,15.80310476233843
11085,14.757935513373628
11086,16.603167954636838
11087,15.328025099190423
11088,14.751496069151735
11089,14.89615534594673
11090,15.95990005822096
11091,14.714884966992809
11092,16.7365064960462
11093,15.609544986126235
11094,16.732863153217572
11095,14.295382037937122
11096,15.914498012095207
11097,16.21827023520645
11098,15.115314732741902
11099,15.496930053090553
11100,16.699500496042127
11101,17.479191052360722
11102,15.71466693413218
11103,15.612135450272028
11104,16.975284493120252
11105,17.421818254595056
11106,16.004739532940217
11107,17.643565130184765
11108,13.727908109408336
11109,16.071805797734978
11110,14.202255536552983
11111,15.50696447859017
11112,16.06023038414416
11113,14.779975448024825
11114,15.513136716829075
11115,15.711750419238482
11116,15.795237092748426
11117,15.745262208204844
11118,15.562752317931395
11119,15.900201780847665
11120,14.985949983997395
11121,15.622180722419062
11122,15.748934869741445
11123,14.094523656583446
11124,15.651506335338519
11125,17.37653350325848
11126,16.46023976065491
11127,16.192622496310243
11128,15.35743812119715
11129,14.608949378597831
11130,14.152265276561184
11131,15.905170689679352
11132,16.753178275608867
11133,15.247843176979424
11134,16.103048947013406
11135,15.343639670139567
11136,15.299002503245099
11137,17.436528622431464
11138,16.106852749219236
11139,16.26389221572554
11140,16.241216248384372
11141,15.717819509039616
11142,15.507111553015715
11143,15.630323473413194
11144,15.075204539889281
11145,15.581347912934467
11146,14.922670741426531
11147,15.296893134306515
11148,15.908799824377143
11149,14.790217406368722
11150,16.923867235751857
11151,15.580366333732629
11152,15.949182025519251
11153,16.680731121335768
11154,15.410487949767365
11155,16.273186968274235
11156,14.913807927961983
11157,16.419789222281963
11158,16.142583312997726
11159,15.775409837953955
11160,15.511721415112527
11161,16.96946062877522
11162,16.55510661846583
11163,15.005424679070163
11164,16.279973570514013
11165,16.001753374795534
11166,15.402122738024145
11167,14.771309377834474
11168,14.51446085128601
11169,13.382504415741149
11170,14.23865401172991
11171,15.47846289244249
11172,15.783155575124342
11173,15.482246703432127
11174,15.635710570538913
11175,15.432717429689754
11176,15.062478838261352
11177,16.53196078547344
11178,16.56289223812362
11179,16.494631244320235
11180,16.057266767131868
11181,15.156992485699487
11182,17.398180885071827
11183,16.31615259326028
11184,16.020463643821042
11185,16.15109834308324
11186,15.916351007975376
11187,15.21685134177423
11188,16.237783122363904
11189,15.472640199810217
11190,15.68567385290848
11191,16.395700572270595
11192,15.868015219778203
11193,15.925350951482343
11194,15.29900363114727
11195,16.90777943345295
11196,16.70212562545195
11197,16.606693031856143
11198,14.175934620840096
11199,15.328441124866325
11200,14.741124828130665
11201,15.175358932206471
11202,16.21568594021675
11203,15.450061729814646
11204,16.646884112714137
11205,15.482543542413117
11206,15.475830004477512
11207,16.728862504637068
11208,15.061357635266713
11209,15.26054279380434
11210,14.958662775756983
11211,15.549395626012428
11212,15.314982915358812
11213,15.692282363392788
11214,15.51834807079694
11215,14.968467429521294
11216,15.691429475880382
11217,16.085527636917593
11218,16.634361688143873
11219,15.512085394307567
11220,16.397004201271496
11221,14.28359586473924
11222,16.55771604149846
11223,15.43848102320828
11224,18.692919545495236
11225,16.76620413940132
11226,14.945334196035779
11227,16.920903192104564
11228,15.434665965025088
11229,14.529359456190113
11230,15.003654778643082
11231,16.372383926342238
11232,16.033044882288834
11233,15.95512263357426
11234,15.059405296472125
11235,14.67632056738643
11236,15.726994035550058
11237,15.145034705270474
11238,14.94971523939294
11239,15.435616213755502
11240,17.028321989630058
11241,15.941890450646254
11242,16.051955716443402
11243,15.495528972230456
11244,16.70056835190781
11245,14.22586614628785
11246,14.935627673837308
11247,14.429352963130073
11248,16.05032571396188
11249,14.85651839494986
11250,14.643489383625385
11251,15.50421810533247
11252,14.48266019691492
11253,15.419494743762264
11254,16.191625727783517
11255,16.525517943701026
11256,16.9627739148676
11257,15.76625065873133
11258,16.042532958769357
11259,16.959402885209546
11260,16.34135903130029
11261,15.62959358490762
11262,16.671499375265753
11263,17.808666827694225
11264,17.377380211674215
11265,15.463142215311823
11266,14.623746611111702
11267,16.20165276487039
11268,14.596300931747702
11269,17.338743558365405
11270,15.96498731198555
11271,14.765074667229777
11272,15.519370724500089
11273,16.33461167312481
11274,16.37071184405884
11275,16.569896695996956
11276,16.419985092345552
11277,15.402597175133533
11278,16.282551582881954
11279,15.297343115641405
11280,17.60563415396656
11281,14.282302837755886
11282,15.382013968572704
11283,15.736295376025943
11284,17.028976003243134
11285,15.451667114304826
11286,15.030781823445794
11287,15.692284044609439
11288,15.983440361694164
11289,17.077038018889418
11290,14.766708140142418
11291,16.043734128131177
11292,15.101764076507706
11293,15.862707386729959
11294,16.87737709540727
11295,17.196830454074636
11296,15.78602929125304
11297,15.432253982006442
11298,14.395330874208202
11299,15.637703093318386
11300,14.4370028037719
11301,15.161813876278138
11302,14.493080711991587
11303,15.300351510093352
11304,14.375529204317726
11305,15.822133812984315
11306,16.20588284364301
11307,16.329037853877793
11308,15.3969473154691
11309,13.822652446619916
11310,15.977953018119727
11311,15.586263836074627
11312,15.483368149150849
11313,15.82386563594635
11314,15.657219494240612
11315,15.084322625687273
11316,16.957106566300226
11317,15.74349967027785
11318,16.06960809699114
11319,14.98472596045627
11320,15.3220087048463
11321,16.189683132799445
11322,15.500502724216766
11323,14.994445074457461
11324,16.42459725803302
11325,15.574167180965187
11326,15.751491367284718
11327,15.41143159030272
11328,15.205559283762137
11329,16.370587343760054
11330,17.713181199041514
11331,15.70379490521067
11332,14.768374996237684
11333,16.05234733784391
11334,15.004451257783666
11335,16.120593170202614
11336,15.574701333280917
11337,14.204540488243083
11338,15.659399031675212
11339,16.234011472012906
11340,15.030371942211104
11341,15.631485195564395
11342,15.754496519308818
11343,14.606672141995338
11344,14.85322774680977
11345,14.65223407125542
11346,15.436091076246674
11347,14.696338621292787
11348,14.2954905737765
11349,15.045598854633344
11350,15.679165448718367
11351,15.163082327071061
11352,15.207452767520428
11353,13.820722042480647
11354,14.724703738520878
11355,16.070351597848276
11356,16.845724577270225
11357,15.35849557400162
11358,16.32552996224634
11359,14.87136484117138
11360,15.445305058804179
11361,15.215163113756743
11362,14.475055106876885
11363,16.459257525721764
11364,16.850057902427164
11365,15.312431677990354
11366,16.257234728563542
11367,14.882109207443525
11368,15.62622007393458
11369,14.390871452874839
11370,15.879134696664622
11371,16.661018883213245
11372,15.067991154136084
11373,15.045192180240823
11374,15.390806779103
11375,16.393007445361683
11376,16.053142107053592
11377,15.190716862123104
11378,15.13143179525853
11379,15.340791475792138
11380,15.026562114927746
11381,14.892581314859664
11382,14.004346353398086
11383,16.9125797234361
11384,16.424584169059674
11385,15.862215215075489
11386,15.646109817028778
11387,16.05509966443897
11388,14.564773330674846
11389,14.237699638960663
11390,14.950576084361128
11391,15.263030658798677
11392,17.277439473950785
11393,17.594165232796602
11394,14.90275005068354
11395,16.173836893765312
11396,15.2666018216938
11397,15.012496100358735
11398,14.59119019102184
11399,17.07734884619315
11400,15.833345816217918
11401,17.502480662406068
11402,16.059003150687353
11403,16.034202838070296
11404,16.540945864884197
11405,15.366769313978798
11406,16.49931838546028
11407,16.072057768086722
11408,16.874050627607204
11409,15.81913271640239
11410,15.162556881045777
11411,16.335713106786706
11412,15.810131181078114
11413,15.850294124263769
11414,15.21735157576109
11415,15.45697060339465
11416,14.887051930097599
11417,15.369275129264981
11418,16.110604167464913
11419,15.451033685370163
11420,17.03380452494868
11421,15.90508041799375
11422,15.282163047606126
11423,17.617075766754006
11424,15.066289135241629
11425,15.55481630331824
11426,16.492625752276215
11427,14.46021861402977
11428,16.73258728711003
11429,17.172701246590105
11430,15.950016064333008
11431,15.534211894019935
11432,15.664309684364632
11433,15.349440239743307
11434,14.793431609855107
11435,15.807884754958554
11436,17.881531459805895
11437,15.026648125420456
11438,15.176225588874622
11439,14.500178113011762
11440,16.62238645194947
11441,16.19128495524608
11442,16.39778882737924
11443,14.714463144367008
11444,13.737643912964106
11445,16.85563463868137
11446,16.492935846562084
11447,16.9417253083922
11448,15.450478937611544
11449,16.2998351818546
11450,14.595916715819673
11451,15.637473955674128
11452,15.368221935979932
11453,16.156246781595602
11454,16.222165186757863
11455,15.827257287431328
11456,14.073679445950805
11457,16.316715953941163
11458,16.04880174791971
11459,14.69272247121002
11460,17.234493444735357
11461,16.08141881545274
11462,16.03754600588109
11463,16.07522031570623
11464,15.475502303200702
11465,15.588247869921343
11466,16.029069104120744
11467,15.110333107076281
11468,15.842277001495162
11469,16.146314924287243
11470,15.958840188386862
11471,15.829679009383078
11472,16.599599699933414
11473,15.676049167788872
11474,16.32019404357661
11475,14.36794168944168
11476,15.356458208235376
11477,14.164112017803863
11478,13.717339121070548
11479,15.079916600636032
11480,14.428150722521472
11481,16.185850595500273
11482,15.796280461199563
11483,15.255769631797694
11484,16.222207046110327
11485,16.34611207720771
11486,14.336812779955071
11487,16.662364724478707
11488,15.399734128397629
11489,15.284595996117877
11490,13.941003311804094
11491,15.621453404870298
11492,14.004716956142596
11493,16.238232431363382
11494,16.092096341702035
11495,16.14277030894215
11496,16.53466673404709
11497,16.429239461427997
11498,15.956549410969172
11499,16.468282389892035
11500,15.641681054786087
11501,16.176967303341474
11502,15.367682320693115
11503,13.523553078175746
11504,13.671284876101884
11505,15.646966336924605
11506,16.715212394339662
11507,15.32128975842769
11508,15.433512521960221
11509,15.523701598739429
11510,15.919931016407034
11511,14.5054226036224
11512,15.212230608153634
11513,17.453472929114273
11514,14.937368406062884
11515,14.956982924492356
11516,15.798977439562266
11517,16.15936187961218
11518,17.458209268014286
11519,15.497453108146876
11520,14.689422102278469
11521,16.522807820873844
11522,15.851628858929022
11523,15.816832190922895
11524,15.67903992259315
11525,16.953594055373042
11526,15.798642655600759
11527,14.647997880013516
11528,15.964897466990251
11529,14.518017739268023
11530,14.638266813962062
11531,14.574553981482115
11532,16.45154949497831
11533,15.489818705471988
11534,16.238492715652505
11535,15.449739648984051
11536,14.209372200083362
11537,16.106385614816308
11538,16.176550629540593
11539,14.63421628032502
11540,16.601419155592104
11541,15.730393760259618
11542,15.344836210436412
11543,15.736691395388958
11544,16.37712191375474
11545,15.375404818558751
11546,15.649155225489098
11547,15.359957041998376
11548,16.77855607450184
11549,15.005689611298827
11550,15.185804129689132
11551,16.173776230445988
11552,15.286167769016558
11553,15.675261941848962
11554,14.53651912510406
11555,14.744798410585897
11556,15.605117105332063
11557,15.076249512506307
11558,15.359600684766647
11559,14.598661161544134
11560,15.29129071186435
11561,15.461495288813675
11562,16.591241655148014
11563,14.189726951178265
11564,15.768147766035334
11565,14.79139170589084
11566,15.411979817375455
11567,15.319475267046503
11568,15.284625225652208
11569,15.068581112115835
11570,15.474106879237704
11571,15.773871842618544
11572,15.414285977602022
11573,15.037623203766847
11574,16.58812963102222
11575,15.549508573580411
11576,16.44933099079021
11577,14.706403218792133
11578,14.983655030558344
11579,15.754557759519816
11580,17.891506999653085
11581,17.022689460496398
11582,14.424606715195933
11583,16.148197198088884
11584,15.870855942211458
11585,15.351682735241104
11586,16.157088589734116
11587,14.509412186765731
11588,15.52656892310397
11589,16.054294336879146
11590,17.751357762344725
11591,15.036099646981574
11592,15.516183022937074
11593,16.63472633998936
11594,15.126112965165243
11595,17.02068295652047
11596,16.372506890821853
11597,17.96379070836557
11598,16.141116490501147
11599,15.278277222888972
11600,14.307306064268703
11601,15.242158596218252
11602,15.211658796817392
11603,15.471583789332062
11604,15.321050438588976
11605,15.637150147105709
11606,16.660997382172294
11607,15.921467421953658
11608,16.193259871350694
11609,15.925211463818362
11610,14.706197671605967
11611,17.269188331184903
11612,16.453219950405924
11613,16.775162655751174
11614,15.195318034754493
11615,14.616279090807785
11616,15.693874878439601
11617,15.623045385837118
11618,14.600053522371669
11619,17.12960105379335
11620,16.623953444209906
11621,16.04369102505008
11622,15.435475756206062
11623,16.863607680256735
11624,16.48615055357903
11625,15.264241589987762
11626,17.05609219458447
11627,17.27664238927926
11628,15.366912508982088
11629,14.949284953142545
11630,16.80125695048375
11631,16.618501766720502
11632,15.188313365707149
11633,16.225822469329646
11634,16.542435421035286
11635,15.25061090782786
11636,15.144203260894114
11637,15.723695170385843
11638,15.86858980005099
11639,16.839940941561963
11640,14.094835488469915
11641,13.652445277607766
11642,15.946954957227373
11643,16.4402195812767
11644,15.72337720591641
11645,15.641432687315943
11646,16.259696771232765
11647,14.865344584334602
11648,15.57423932417136
11649,14.25648086885698
11650,16.592170425619702
11651,15.5579323042142
11652,16.35008369882763
11653,14.43437930854318
11654,15.605255408328789
11655,14.43955574891558
11656,16.508720460496402
11657,14.748066458949644
11658,16.37687878796657
11659,15.401370446224679
11660,16.372085721683515
11661,14.735445253402325
11662,17.153142900031767
11663,15.089144685889053
11664,16.4900888520848
11665,16.862517742358524
11666,15.460331921756381
11667,14.935526932868182
11668,15.112105673467525
11669,16.823480110685136
11670,15.174090046496875
11671,16.679155932126505
11672,15.98220622522734
11673,14.806978352211306
11674,16.0163988529245
11675,15.76237129236245
11676,15.024834548179147
11677,15.076745950839516
11678,15.311884111049167
11679,14.835096161572997
11680,15.370382831776057
11681,16.420547795970734
11682,16.040719053446352
11683,15.830323476579643
11684,15.753104332771514
11685,16.23933436252393
11686,14.793914430528291
11687,16.187108772644294
11688,16.81143890422648
11689,15.495316883555082
11690,16.589999050062445
11691,16.377292144016995
11692,15.757259866125338
11693,16.15454287171699
11694,15.048277938633364
11695,15.796228342719136
11696,15.295474397050295
11697,15.27749620488522
11698,16.33035222183001
11699,14.47910736109192
11700,14.778739438143491
11701,16.31549491696373
11702,15.768225723816075
11703,16.486872440534064
11704,17.230686919677733
11705,16.452287536918327
11706,16.084585913968013
11707,17.67610312925069
11708,16.821414591401116
11709,15.877693336710356
11710,14.468289371854647
11711,15.851841847527494
11712,16.621228991472805
11713,14.326184254274644
11714,16.477729000663352
11715,16.00148979556437
11716,18.084203035522812
11717,14.522670012038677
11718,16.862509731675306
11719,15.466192676761228
11720,15.003496677550274
11721,14.535056766255646
11722,16.294799758804867
11723,15.594815096314449
11724,15.747121305789438
11725,17.474182847975023
11726,15.538219476835911
11727,15.677770615938908
11728,15.126257134147611
11729,14.453048050681295
11730,15.389789237674702
11731,16.967370747355766
11732,15.40326024935428
11733,15.629821809033881
11734,17.57811406772455
11735,16.100854415044353
11736,15.386123384134898
11737,16.84781458765579
11738,15.456800403969567
11739,16.79833911018804
11740,14.780057816430716
11741,15.772531229676055
11742,14.462710446233707
11743,14.67229197952567
11744,16.64457167059305
11745,15.836015851307923
11746,15.031155771357929
11747,15.749516896976175
11748,16.680511927128784
11749,15.565199999186934
11750,14.982975851851254
11751,15.679022183183728
11752,16.24635862542557
11753,15.57312869567163
11754,16.860629065409494
11755,16.078689003241404
11756,17.251188768901688
11757,14.667843986979305
11758,15.600682128354736
11759,15.727479158430095
11760,16.169232657855662
11761,17.124045001214693
11762,15.21365216089568
11763,15.652358910234643
11764,16.47833421345379
11765,15.083062399112299
11766,15.88986231331922
11767,15.56403302381769
11768,15.030565128404843
11769,15.458435668374888
11770,16.685530242220693
11771,15.599163450306683
11772,15.747599974770315
11773,14.085208568006776
11774,16.20567970668489
11775,15.632191767549743
11776,14.865937973246353
11777,14.782153426191067
11778,16.924826138403773
11779,14.25740841536919
11780,15.68125955228717
11781,15.617119469290579
11782,15.284229663911907
11783,15.421596508786783
11784,15.095429997983091
11785,15.022798592681164
11786,16.79896126466412
11787,14.843868370864268
11788,15.377324306179904
11789,15.685720563733806
11790,15.842052501656662
11791,16.818449475149304
11792,15.872396320583958
11793,14.238634504853145
11794,15.583747553279247
11795,15.216734131738821
11796,18.34583178472719
11797,16.48349831898423
11798,15.05474169959872
11799,14.052819081016938
11800,14.70402674252738
11801,16.4230844125705
11802,16.817259464073366
11803,15.881900186833278
11804,15.979831901594277
11805,15.326165427208487
11806,14.427245011710982
11807,17.75829086001442
11808,14.56979389416025
11809,15.538692931862151
11810,15.58876747080243
11811,16.347836369934644
11812,15.170685152312636
11813,15.069291787058168
11814,16.79007765829044
11815,14.928021396997964
11816,16.238138263221288
11817,16.227203312312255
11818,16.643143705409795
11819,15.662207215911383
11820,15.694882615989227
11821,16.499414891689977
11822,14.816755882076672
11823,16.41300600750623
11824,15.783787579910772
11825,15.044836789003703
11826,17.16464821907397
11827,16.21387515472776
11828,16.868327621920272
11829,15.646848078814212
11830,15.825966640339674
11831,14.565248977346561
11832,14.863392261785842
11833,15.061199551472923
11834,15.176644236041025
11835,15.261318706544968
11836,15.202544140805461
11837,16.169658039374898
11838,14.712790496693325
11839,15.08779497733976
11840,14.556927399953452
11841,16.134828087362564
11842,17.158426044807673
11843,14.947845675417243
11844,15.924453518250292
11845,15.119469653899907
11846,16.990272831004198
11847,16.07491521468865
11848,15.594313110630665
11849,15.868729439555807
11850,16.051298095603848
11851,16.905934736286444
11852,14.70308271244321
11853,16.102045200894004
11854,16.452889210980636
11855,14.214553951931972
11856,14.607699001298217
11857,16.23117565479153
11858,16.10119255386554
11859,16.24492488183392
11860,14.702066425296945
11861,14.208534031649283
11862,14.456306214772974
11863,16.39018497002881
11864,15.558397593248776
11865,16.203026010611303
11866,14.925429608782858
11867,14.47476637403877
11868,15.088361195331924
11869,15.497705157760937
11870,16.58213488370356
11871,15.536679354404855
11872,17.11587617178307
11873,15.712041680678555
11874,15.498965640230223
11875,14.93261068494711
11876,15.0550342240996
11877,13.885164919622067
11878,14.09500971171501
11879,13.837784516569945
11880,15.540162335007874
11881,15.885909631141715
11882,15.400172695708518
11883,15.520159442554345
11884,15.76091688045748
11885,16.40609429285137
11886,17.24475601852547
11887,15.160338913994064
11888,15.752033589405402
11889,15.73473268351022
11890,15.969349562365997
11891,16.65608770553562
11892,15.364515671763826
11893,15.838851838623686
11894,15.640899860127398
11895,17.00030573318712
11896,15.725644315907767
11897,14.751304329100396
11898,16.63289111993058
11899,17.28272101173134
11900,15.270176308317309
11901,16.010602252891296
11902,17.229521133179745
11903,16.18601961425863
11904,16.579545473962497
11905,15.68210028387276
11906,16.135594580927133
11907,15.195074364347294
11908,14.349769040413419
11909,14.449741467420518
11910,15.487181489795608
11911,15.722082177748792
11912,15.761809478732646
11913,15.930378348617339
11914,16.365967323968167
11915,14.25058582957868
11916,14.992551444576232
11917,14.935032787035222
11918,15.715437939078159
11919,15.677922758078427
11920,15.201917253770723
11921,15.949029559368274
11922,16.909657565220137
11923,15.974807853377103
11924,15.462621853511223
11925,15.785093014552487
11926,16.98430599806498
11927,16.36087922668022
11928,16.096082330895946
11929,16.241260916542696
11930,16.13727021098305
11931,15.039788781591472
11932,15.359840977800804
11933,17.993286213878317
11934,15.539829925963094
11935,15.995404093290803
11936,15.027762721521746
11937,14.575503011136139
11938,14.427941709488119
11939,14.949155154198007
11940,15.26226297906903
11941,15.115768209841004
11942,15.886333264354473
11943,15.609947181973716
11944,15.787919704666583
11945,16.15195803487303
11946,14.99508343567434
11947,14.882997772475628
11948,16.096138722071597
11949,15.17262900681983
11950,15.710286404242911
11951,16.61271245256583
11952,15.580964782537388
11953,14.978309456403956
11954,15.74141970593688
11955,15.115802816265727
11956,14.870043763010099
11957,14.274554972996771
11958,15.756427409738608
11959,16.729985692157907
11960,15.862959354430616
11961,16.571072092014894
11962,16.84430607714153
11963,15.955954707161625
11964,16.38242773993618
11965,14.461044989080236
11966,15.96046208961373
11967,16.005277565204768
11968,16.1371007289593
11969,14.997124944026964
11970,14.754631656636148
11971,15.246179422214606
11972,16.440027623869902
11973,15.428342206970179
11974,14.796370177242665
11975,15.579174067783663
11976,16.16635719665498
11977,13.957059153828169
11978,15.28315828540547
11979,17.10776644390162
11980,14.69332508884588
11981,15.278433553860422
11982,14.741701618535629
11983,16.77092527994185
11984,17.012313047945128
11985,15.399404323717494
11986,15.408979934434976
11987,16.680156923214106
11988,17.010578893951035
11989,15.69351855775571
11990,16.277382269775668
11991,15.237463316491759
11992,16.52306097488919
11993,15.004413763056128
11994,14.59563579166523
11995,15.220369375943557
11996,16.259798866055746
11997,17.582978407461333
11998,15.521344396140135
11999,15.2401085811241
12000,14.664352267475218
12001,16.024998145090343
12002,14.29979869469392
12003,15.968152117626333
12004,15.158440298651515
12005,15.378139609422298
12006,14.179446790147558
12007,16.244988934107745
12008,16.76399196667646
12009,15.635727461775396
12010,16.998414331235495
12011,16.311114399510664
12012,15.837180715421358
12013,17.140058098072714
12014,16.163642738323418
12015,16.29739299651475
12016,14.776716003342946
12017,16.933422768046
12018,16.3064257010566
12019,15.574576973096677
12020,15.239803721257982
12021,16.009791463751014
12022,14.141302383091235
12023,14.799228116916293
12024,15.119659892307656
12025,16.93543238857649
12026,14.570937045200465
12027,15.025438057852837
12028,15.42884856825707
12029,13.984099131309943
12030,15.960142451430913
12031,16.086353788496144
12032,15.846173446046372
12033,15.180632592027022
12034,14.051319379047559
12035,15.798896966099411
12036,15.837157577641884
12037,15.890644575358639
12038,16.15535460627633
12039,16.184701421464123
12040,16.844963216783835
12041,14.92130589012874
12042,15.250447732802147
12043,14.23717486389724
12044,16.395502118411535
12045,14.638775787944455
12046,15.451166083653419
12047,15.1610335800776
12048,15.3498685540893
12049,14.01036915192082
12050,15.02758530176435
12051,17.270741317759764
12052,15.883103380889182
12053,15.513934725842331
12054,16.664321093681995
12055,15.74137069881573
12056,16.207887996223267
12057,15.86251333767131
12058,16.211551769727528
12059,17.37533075082576
12060,15.84109794141785
12061,15.194744448392923
12062,14.297538510588787
12063,14.602545071338652
12064,15.803803738438095
12065,15.552110238540461
12066,15.738386154927687
12067,14.345862772830214
12068,16.90702045711658
12069,16.985313471729967
12070,16.35872737332857
12071,14.976450096061528
12072,15.228230287101306
12073,15.88090173504757
12074,15.721445382919063
12075,16.028390521528895
12076,14.327657171684686
12077,15.423787918356318
12078,16.115844146313126
12079,15.677067611583038
12080,15.67962408033367
12081,15.820521244194452
12082,15.322009190223568
12083,14.35767064924596
12084,17.345116454804117
12085,16.154807656193974
12086,17.074664844853984
12087,16.58876769186066
12088,14.915706201340976
12089,16.783798512832263
12090,14.90593326630414
12091,16.625191957328642
12092,16.876669894259944
12093,16.458767157676473
12094,15.619971482583212
12095,15.012453875724471
12096,15.609363915961287
12097,15.632304675494996
12098,15.685823684947545
12099,17.49520005715476
12100,16.477830499585497
12101,15.69991631223282
12102,15.511958492933953
12103,15.160628117846203
12104,16.103819469432736
12105,14.199871148463963
12106,15.979734501402051
12107,15.314651029831644
12108,14.595288669664082
12109,15.898610014995487
12110,16.18060593141502
12111,16.791078247014493
12112,14.740262186090325
12113,15.298831847915528
12114,15.875641380164192
12115,17.42738958157632
12116,15.95893909183921
12117,16.64005460248794
12118,16.428964083333707
12119,15.848170651410696
12120,15.9250699228737
12121,16.812641366289558
12122,13.812554394940227
12123,17.1829542026916
12124,15.298782373086594
12125,15.467409091626584
12126,14.732157446167506
12127,15.160264648348155
12128,14.917666813276634
12129,14.069204605054434
12130,15.456013319163057
12131,14.086310115808233
12132,15.304202330909899
12133,16.611292940754357
12134,15.805912890274238
12135,13.743245938018132
12136,15.072563863348737
12137,15.732076106620946
12138,16.52513301343944
12139,17.100164590576128
12140,14.956808783936461
12141,15.962754750301745
12142,14.800532503928139
12143,15.180047852256203
12144,15.498023601912385
12145,16.335860116232357
12146,15.862300834516368
12147,15.097077189499393
12148,14.259606577594742
12149,15.965544832327868
12150,14.728225730885592
12151,17.210426299904448
12152,15.625588362368603
12153,14.854539582761687
12154,15.493308708799974
12155,16.858905530687352
12156,14.572975594301305
12157,16.953653756595862
12158,14.775875954822437
12159,18.797035396958968
12160,16.314242766688857
12161,15.135929127033041
12162,15.531076537211106
12163,16.673956665601352
12164,14.970948056773512
12165,16.14070221196751
12166,15.509399708650141
12167,16.77398768846043
12168,16.2774585638661
12169,15.43936889294257
12170,15.510763151138137
12171,15.939475359048185
12172,15.93527200881124
12173,15.718005636325362
12174,15.934993834344116
12175,15.417298415030206
12176,14.027967732252296
12177,14.992895675758376
12178,16.53821174117301
12179,15.58286334895182
12180,16.499186563746793
12181,15.209099165615132
12182,15.261561407973593
12183,16.80470367919002
12184,16.21693664573662
12185,15.90810245601443
12186,16.41867461763678
12187,16.882927493672703
12188,15.409493613770502
12189,15.077035955193507
12190,14.770448871184053
12191,15.277373491336268
12192,15.793093501805892
12193,16.683577564311545
12194,14.710585734595824
12195,14.698772043130198
12196,15.484774169949318
12197,16.3384786285726
12198,16.427048261963144
12199,16.294065989530296
12200,15.677190038729417
12201,14.254497299122262
12202,15.001017669167176
12203,15.914905811792924
12204,15.193000115112726
12205,15.798889034382993
12206,16.378823049734944
12207,16.177820545920916
12208,16.223350001507466
12209,16.492326616572825
12210,15.655845775132953
12211,14.62601329404462
12212,15.46575288106448
12213,15.518122850077024
12214,16.64242744531126
12215,16.766597732246716
12216,15.802842519906445
12217,14.978625667186307
12218,15.09920706021997
12219,15.05344661805698
12220,14.967823624975013
12221,15.323341878993054
12222,15.124477864816196
12223,16.28560885831524
12224,15.575240917676219
12225,14.728490470942704
12226,14.16870711701427
12227,17.928759815334374
12228,15.090717145083183
12229,14.749974949115947
12230,15.306905235661885
12231,15.585328343192884
12232,15.530331735660559
12233,14.243652571422915
12234,16.55324780729148
12235,14.348332841585163
12236,15.699377518649454
12237,15.163893440876517
12238,15.213696661966036
12239,16.175488139309564
12240,15.934591773146051
12241,16.44848404388962
12242,14.288252054976144
12243,15.968107227181394
12244,15.924391856681595
12245,14.34698843832659
12246,15.475342976236128
12247,16.188480710932406
12248,15.628602478212374
12249,15.055663492294327
12250,15.02421426258886
12251,16.42688428691141
12252,15.106591747504318
12253,15.533735990457249
12254,15.439925188312436
12255,15.764904117017348
12256,15.884811269150795
12257,16.68103659584053
12258,15.058229138055422
12259,16.904238698772385
12260,16.863518052269345
12261,15.323194388475313
12262,15.539670487870572
12263,14.405208661107514
12264,16.238484508925364
12265,16.474633862893892
12266,14.394880122934492
12267,16.69617735929678
12268,15.17412975856228
12269,15.075259212642147
12270,16.151700169402613
12271,15.683393315321265
12272,15.853046466573486
12273,16.15408800320872
12274,15.998767081245706
12275,15.528285115573928
12276,16.478752730973646
12277,17.201013387391754
12278,15.573106048259964
12279,15.31530964404305
12280,15.40391375517536
12281,15.196945587382777
12282,16.04319626264536
12283,14.201829267546273
12284,14.8353676117034
12285,15.474323097580044
12286,15.61934469224979
12287,15.385090009038322
12288,16.27894690301835
12289,14.871929460852835
12290,16.23747712106314
12291,15.831315001427043
12292,15.316601271468778
12293,15.18062454316218
12294,16.544436099072787
12295,16.25838966505904
12296,15.157322673365048
12297,15.303381553816452
12298,15.37681907467979
12299,15.157429945123859
12300,15.111880957125916
12301,15.697518386955744
12302,17.401832277130207
12303,15.657026104504364
12304,15.673234746020015
12305,16.41635242179374
12306,14.79528448491006
12307,16.344229759416894
12308,16.838293936754557
12309,15.73958297328042
12310,16.34655065808324
12311,15.000783694764117
12312,17.132810853371467
12313,14.986357498299494
12314,16.161601982051792
12315,14.96936558375663
12316,15.412633975497677
12317,15.754890855212784
12318,14.71398471384205
12319,17.12091840305171
12320,16.917050553978157
12321,14.581145406963183
12322,16.184313778507036
12323,17.093630140531037
12324,15.762191415394318
12325,14.907232272835724
12326,14.819089936582609
12327,14.952471747793858
12328,15.46257698873598
12329,16.134778612223695
12330,14.11168379096777
12331,14.518788391723234
12332,17.023474626098274
12333,15.338437337766724
12334,16.282420578137494
12335,15.627912091784246
12336,15.279510854493328
12337,16.428178344985454
12338,16.808667854760238
12339,16.485372155515403
12340,16.571011183409254
12341,14.352775342786595
12342,15.272284569118
12343,14.69111469371738
12344,14.786714078559678
12345,16.236234866043684
12346,17.09895346362979
12347,15.443459962297675
12348,14.545284301813938
12349,15.486001638028192
12350,14.73649928685049
12351,15.724361424686006
12352,14.88737997989116
12353,16.952890855359126
12354,15.48445595827516
12355,15.90806409270414
12356,16.35088246606406
12357,13.335821095075207
12358,17.316803546376683
12359,15.483686301258643
12360,15.235228510869522
12361,16.23571518898065
12362,14.93890798800344
12363,15.266249111932652
12364,15.186905199913742
12365,15.986291097460457
12366,14.63131929813428
12367,15.780012304986291
12368,17.176866730422116
12369,14.746683499083039
12370,16.41609006016138
12371,16.292031493914255
12372,15.7632784935726
12373,16.899549597230944
12374,15.399837594717326
12375,15.97717577716303
12376,16.230285763933104
12377,14.669458733359203
12378,15.396525866200212
12379,14.83019547676418
12380,16.128173264304326
12381,13.409508751673751
12382,16.737775794161834
12383,15.87388509685148
12384,15.020769469193567
12385,14.893568132454122
12386,15.67408947694681
12387,15.403006172143176
12388,14.645256482176672
12389,14.76620403174111
12390,16.291914642623993
12391,14.99983162730767
12392,15.084906071069264
12393,16.657861026223248
12394,14.812561334685094
12395,14.103452530798993
12396,15.559790971358613
12397,14.049849814721874
12398,15.954306898961708
12399,16.452176380099345
12400,15.637272707075187
12401,15.641775944908355
12402,16.392124337307884
12403,16.1936946062498
12404,16.482776207599688
12405,15.653931499197263
12406,16.122474966861407
12407,16.328862132065026
12408,15.356161020858803
12409,15.37612163590065
12410,15.714999728921772
12411,14.537908408461847
12412,16.1187903838941
12413,14.909879590228378
12414,14.52825693022039
12415,15.541035997984965
12416,14.638351106664572
12417,15.888316922454855
12418,14.728334702475701
12419,15.172061700833972
12420,15.049471781490245
12421,14.587012379638288
12422,16.196872343290895
12423,16.058201707258224
12424,15.300084578373086
12425,13.89328320966611
12426,15.338066663147096
12427,14.429850337214106
12428,16.101880568083057
12429,15.638139084604342
12430,15.466865960489827
12431,16.177877608402774
12432,14.935593704217649
12433,15.72549470691365
12434,15.051809764010827
12435,16.190918772246334
12436,14.892478647353164
12437,13.861473608717391
12438,16.592293920434678
12439,16.644979356509076
12440,14.923749863737926
12441,14.728672090390514
12442,15.929994437877895
12443,15.32711920218308
12444,15.815018392213684
12445,15.25845396431549
12446,15.742550018710391
12447,16.65479953336608
12448,14.90317206580806
12449,15.983914627386577
12450,15.936454187046161
12451,14.801777362793366
12452,15.961081671853806
12453,14.86119448961554
12454,15.531854684783985
12455,15.201805403979375
12456,15.8435567552386
12457,16.978679827658617
12458,15.057118555746992
12459,16.163975674879403
12460,17.73872940016085
12461,14.584696715223316
12462,15.549625671403176
12463,15.058128382475894
12464,13.973442681613097
12465,15.425806447746666
12466,15.893704522311001
12467,15.12808317539663
12468,15.337767292353837
12469,16.705628488448692
12470,15.5497532275448
12471,15.820942117343982
12472,15.850421475341657
12473,16.318138735728077
12474,14.909439438278566
12475,16.749033713230112
12476,15.528808954244488
12477,14.975305349519957
12478,16.392835034571245
12479,15.0300240285151
12480,15.406609878914262
12481,16.82226071211784
12482,16.09512805510583
12483,15.97092701491832
12484,15.920202401113542
12485,15.48359846719355
12486,15.4029782135176
12487,16.687361419584352
12488,14.296919472721415
12489,13.862317488676831
12490,15.910659327077543
12491,16.286849741537637
12492,14.526118209787645
12493,14.331540837989504
12494,16.30123430288369
12495,16.75722024050261
12496,15.920552856805903
12497,15.621216033718438
12498,14.4230272846109
12499,14.54754915422567
12500,15.292174794224833
12501,15.162616465110013
12502,16.81978118103895
12503,15.274350667134083
12504,15.14361284408842
12505,13.99076095129155
12506,14.865672935466192
12507,13.958603512348569
12508,15.168851847191078
12509,15.362916883807392
12510,16.761313266092007
12511,15.090329913425911
12512,15.795201219976503
12513,16.00043650763964
12514,17.314902261031907
12515,15.401802418348458
12516,14.917342579757715
12517,15.92360368649924
12518,14.45628067842193
12519,16.10038458102022
12520,15.338652252795685
12521,15.360835676521464
12522,14.22551202936407
12523,14.868453046385289
12524,15.897790925550538
12525,15.327517678076541
12526,16.239222482774334
12527,17.06612783674963
12528,15.870497460785256
12529,16.340697314815777
12530,15.045373794857385
12531,15.61412189758778
12532,15.878280382481968
12533,14.613135627446354
12534,13.853872369918161
12535,16.071795934789623
12536,15.097415471859748
12537,17.65584187276436
12538,16.36083382439403
12539,16.393558434191924
12540,15.537612774759406
12541,15.432158168847922
12542,14.846480140243145
12543,15.032462449057313
12544,15.841945033342268
12545,15.877835132663822
12546,15.47185252490681
12547,15.929459980260507
12548,15.778047163828326
12549,15.595324599366975
12550,15.953276033188803
12551,17.752047782186075
12552,15.514742865891563
12553,14.554738103749754
12554,15.982672301965286
12555,15.921054447154088
12556,15.758036537071169
12557,15.318555464782479
12558,15.979485317999082
12559,15.74683973612485
12560,17.325316065515565
12561,15.544993393057945
12562,15.142938868116804
12563,14.832341519455584
12564,15.446628273892058
12565,15.981292581291612
12566,16.719859351098673
12567,15.044226244910714
12568,13.586410410404246
12569,15.719618008952686
12570,16.30501713146211
12571,16.67528698421977
12572,14.114555714489434
12573,16.97071504337187
12574,14.948978329004404
12575,15.130045295104633
12576,15.623574989555886
12577,16.228389740781253
12578,17.411909963413397
12579,15.641053154760412
12580,15.59076301407035
12581,15.679121379775136
12582,16.079286998962335
12583,17.187642391948636
12584,13.504036802249333
12585,15.198239543312873
12586,15.584019289850655
12587,16.564427673139956
12588,16.094690723817337
12589,16.40797232991078
12590,15.714530630535902
12591,13.818437657970174
12592,15.956855109379601
12593,15.222987123446078
12594,15.13221346137909
12595,16.122885295925524
12596,15.590413160589128
12597,16.865525663241247
12598,16.230618965749127
12599,16.56148789421149
12600,14.982307520485614
12601,15.779316307957567
12602,15.49069483591878
12603,16.47479949957382
12604,16.935582149387812
12605,15.133027338777229
12606,17.973425378526013
12607,14.462730041647399
12608,16.818854343178973
12609,15.485561214941677
12610,15.8714374993155
12611,15.505876150233485
12612,16.635195995326686
12613,15.575721093936227
12614,15.577383229250566
12615,16.25796521915696
12616,14.97663029871249
12617,16.600484699091922
12618,16.63849615642149
12619,15.544153680663152
12620,15.690180064389132
12621,14.156386655380551
12622,14.962965629649387
12623,15.79369974522639
12624,15.209584559763043
12625,15.03153747675089
12626,16.125825462725622
12627,16.77000884406652
12628,14.483055044092673
12629,15.720756960465666
12630,15.374533768122705
12631,15.079389858493489
12632,16.276837533598037
12633,17.388570038922445
12634,15.66109343394949
12635,14.940897028158576
12636,14.432349023248316
12637,16.88557661511448
12638,16.69879428321333
12639,15.61390422573808
12640,16.401516318409712
12641,15.569317643279065
12642,16.442679472619428
12643,16.505424530770018
12644,17.518313155910487
12645,15.176617564256608
12646,17.88746689042161
12647,15.932322774271253
12648,14.696116474580435
12649,16.89331525837133
12650,16.652638889820366
12651,15.244764434002107
12652,15.392748345824284
12653,16.344680018046198
12654,15.876375794937461
12655,15.31324750160689
12656,15.544378514905992
12657,15.243282274039624
12658,15.85562674490433
12659,15.525706678539319
12660,15.675865404310048
12661,15.806443607081494
12662,15.165074354078428
12663,14.708194690478154
12664,17.654128184514644
12665,15.92312900067543
12666,15.41359180905543
12667,14.967576156929434
12668,14.828660963488934
12669,14.25647016444862
12670,15.50646231592057
12671,16.050422625203336
12672,16.170650029488563
12673,15.721111572140854
12674,15.718575490043225
12675,16.612810956242196
12676,15.6462710048806
12677,16.275713624037696
12678,14.955171967790523
12679,15.665158125544746
12680,17.201974927008322
12681,15.426589061433791
12682,16.14416984865611
12683,14.651683641402151
12684,15.607221656769498
12685,15.747298569532996
12686,13.662823103912139
12687,16.68930028668676
12688,15.868202653135866
12689,15.53979318219759
12690,15.275858369472456
12691,16.044588767166374
12692,14.505566797144555
12693,14.466049871975084
12694,16.402025601102004
12695,15.953876969880191
12696,14.915241285408202
12697,14.484976952746008
12698,15.110771922805796
12699,16.639530595021107
12700,15.69302642282069
12701,13.355805994685703
12702,15.683523977247031
12703,17.007007429612376
12704,15.239180357586719
12705,15.868089224736204
12706,16.67325218718734
12707,15.877965753538916
12708,13.52565587234376
12709,15.2774321682623
12710,15.432033769334756
12711,16.015370539485467
12712,14.753388542620156
12713,16.725435777692727
12714,16.26902000095695
12715,16.06393704879173
12716,14.906845981820382
12717,15.35276814573504
12718,15.885913784068286
12719,14.595025439973133
12720,14.863129881768854
12721,14.162387954397229
12722,13.031185619481152
12723,15.6928054011188
12724,15.888995397767053
12725,15.320186966377278
12726,14.55497724079714
12727,16.783469884998848
12728,16.0308769642706
12729,14.968315551291099
12730,16.510520065490063
12731,14.799076515220028
12732,15.809183052603235
12733,16.388575497464455
12734,14.732535581631163
12735,15.359933784721562
12736,15.645559415159967
12737,16.000294586447296
12738,16.125820958632467
12739,16.802308310080726
12740,16.989406105002093
12741,15.871922901968192
12742,16.534343845534387
12743,15.654388896615464
12744,15.635435702859334
12745,15.65752737457858
12746,15.44478592719288
12747,15.240834290105042
12748,15.396727880203962
12749,16.191660746019686
12750,15.730119519027387
12751,16.23480822120324
12752,14.623656768359728
12753,14.498432276042454
12754,16.88405109445416
12755,15.825997624834237
12756,16.131466417825283
12757,16.13899097218208
12758,16.746836636019022
12759,15.119921338921438
12760,15.871891580349908
12761,14.358638652439788
12762,15.661233467372599
12763,14.48287374366484
12764,15.394470691894963
12765,14.892001996935562
12766,15.4123518656587
12767,13.788221721326837
12768,15.24608273226454
12769,15.692800300063027
12770,14.926041674878672
12771,16.079256357094295
12772,16.798721078972658
12773,15.988328020199335
12774,15.22980740624558
12775,15.520606473698578
12776,14.95099014444433
12777,15.038722311400825
12778,14.113843599968996
12779,16.005775629321132
12780,16.80516020856737
12781,16.64523797040948
12782,15.733955101620301
12783,16.267087809736847
12784,14.939223006839885
12785,16.552589816290997
12786,14.583859047608737
12787,15.408786015112293
12788,15.719857319481905
12789,15.055624645467539
12790,16.099537923340304
12791,16.29412561331104
12792,13.9253779446701
12793,15.881147696327822
12794,16.79826823653678
12795,15.812472720952547
12796,16.160992801906456
12797,14.420773364393595
12798,15.258550120887413
12799,14.142295307857742
12800,15.049845322688313
12801,14.995293742680593
12802,16.502905319428635
12803,15.915121413955362
12804,15.72112649663336
12805,15.273206682366018
12806,16.451000826044687
12807,15.497173005982848
12808,15.082596755266486
12809,15.830204275358689
12810,16.57890131673286
12811,15.981300976608264
12812,15.32093069261002
12813,15.805454825043869
12814,15.832673137844445
12815,15.98961542406204
12816,16.7744313076473
12817,16.38589675200323
12818,14.54516572317114
12819,15.666838048326488
12820,15.907396675211182
12821,15.809936524829823
12822,15.362855551376779
12823,14.0890524336653
12824,16.282085844239663
12825,15.524081727953677
12826,14.03138397303612
12827,16.88728855509509
12828,14.255209331014344
12829,15.666782168989934
12830,15.55317136396883
12831,14.095467819989434
12832,14.658417678188863
12833,16.548189552056755
12834,15.645655005381457
12835,16.129029287602688
12836,15.768472150519706
12837,15.587145146015434
12838,16.740164157793934
12839,15.169926935423122
12840,15.343218491223901
12841,15.799166275958225
12842,15.026401558009042
12843,15.283138761732951
12844,13.867413406782664
12845,16.633761602546027
12846,16.737407170675606
12847,16.32887031831481
12848,14.518741213029958
12849,16.071380477771527
12850,14.4730733588106
12851,14.481956171076801
12852,16.759474550493533
12853,15.421226657659695
12854,16.952915073119392
12855,15.902685244213787
12856,15.541534709548456
12857,15.73871770990794
12858,14.851424257357666
12859,15.63302628833826
12860,15.966793015253147
12861,14.592170227739462
12862,17.206828325187796
12863,16.466870808363122
12864,14.489205821440823
12865,14.181568255179227
12866,15.220602634707154
12867,16.74955969087649
12868,16.449556592007422
12869,15.235893279573588
12870,15.255695722994435
12871,15.261685221512417
12872,14.515811572160528
12873,14.39812691901258
12874,15.22463480540658
12875,16.272654907242806
12876,15.093143049035309
12877,14.833229329273292
12878,14.83668510716964
12879,17.284145338858128
12880,16.020167011843007
12881,16.471374432788444
12882,15.423021113984044
12883,15.285843478424123
12884,14.96338560680527
12885,16.28765144461608
12886,16.406179549884797
12887,15.36677579156561
12888,16.6372954366728
12889,15.676932007482469
12890,14.885779154978072
12891,16.984092594793985
12892,15.861047623572517
12893,16.14272023698039
12894,17.295038545845756
12895,16.564464348861357
12896,15.641164693017787
12897,15.59608868142651
12898,15.85775758505483
12899,15.837036289810179
12900,15.665681577241658
12901,14.757974436073166
12902,15.333958223533655
12903,15.17928721974813
12904,16.3908384275497
12905,15.72563884236073
12906,15.987919554257449
12907,16.720537691232455
12908,15.469002616221857
12909,16.468307343260136
12910,16.82903617916871
12911,15.32485065841535
12912,15.968694901483364
12913,17.20516115198511
12914,14.760199806871107
12915,15.609235810650276
12916,17.053187169256468
12917,16.338375820190805
12918,15.805418184000773
12919,15.482937172439495
12920,15.606589553099532
12921,15.60277152182652
12922,17.412810607705396
12923,13.50762697139184
12924,15.67615369066153
12925,17.15220410980773
12926,16.300798253831736
12927,14.792486693086365
12928,17.653239810188374
12929,14.457371204956885
12930,16.695856608285723
12931,14.09200951198562
12932,14.907940990444663
12933,14.877556773621322
12934,15.70455848656674
12935,15.113999745049538
12936,15.869628686293975
12937,15.454532904292316
12938,16.467930952002813
12939,15.727408051452558
12940,14.408743206253183
12941,15.91190010428326
12942,16.951158004086615
12943,14.263184879463447
12944,15.557972845713063
12945,14.33990769803509
12946,15.823873178149492
12947,16.25609599648221
12948,15.178897593387752
12949,14.675191535174827
12950,14.825984799775183
12951,16.482397330369494
12952,15.29392211134833
12953,15.774824872318852
12954,14.589098970175886
12955,15.111621200482313
12956,15.798548180982012
12957,15.783607679537539
12958,14.61886862028224
12959,15.921595040136529
12960,14.387464246853591
12961,16.316200264026744
12962,15.738020029868341
12963,15.380376625724637
12964,15.500249813815046
12965,16.3641296006578
12966,15.637018272239736
12967,15.572302288535706
12968,15.785359066763844
12969,16.30965499984787
12970,14.808328846116243
12971,14.908046740254555
12972,15.553905795418391
12973,16.68533209519164
12974,15.787873505888856
12975,15.785681799614194
12976,14.404752200879711
12977,16.96830480604234
12978,16.035517500742046
12979,16.927313605695623
12980,14.856842823188435
12981,16.399480559322882
12982,16.59040349299079
12983,15.871010223542548
12984,14.39835158414101
12985,15.392580364216734
12986,15.707421913499555
12987,14.201226042311042
12988,15.585109902482188
12989,15.788055561501249
12990,17.18184992622088
12991,16.190546157241272
12992,15.1652241063766
12993,15.473654715353343
12994,16.203628344689015
12995,16.706861993749893
12996,14.698801087349414
12997,15.13188444410163
12998,14.878196915908605
12999,17.207983500159038
13000,15.227053922747963
13001,14.723340333528517
13002,15.156879018949965
13003,14.282660989363764
13004,14.848264535864423
13005,15.251670580599976
13006,16.343940227341392
13007,16.24175287193245
13008,15.493232082201628
13009,16.64599991017044
13010,15.20231681301119
13011,16.53099125821928
13012,16.77727993309019
13013,15.816927579065746
13014,15.499782162791893
13015,14.682506724814996
13016,14.9695851016551
13017,15.101087583536017
13018,15.249068493985167
13019,15.231659353334402
13020,15.851340332739381
13021,16.67231370787537
13022,14.408902383063662
13023,14.686542495629775
13024,15.200687177528817
13025,15.374168921255032
13026,15.38476206375761
13027,15.1042912086432
13028,15.172788273183867
13029,16.28910225952682
13030,15.14523645174764
13031,14.71737173018403
13032,15.404996059302707
13033,15.152974784080557
13034,15.624400711086587
13035,15.200527165070573
13036,15.210916695771601
13037,15.694793650512562
13038,14.864719109465714
13039,14.314501544300677
13040,15.524907034153486
13041,16.536983217521584
13042,14.59238507025072
13043,15.613951303874027
13044,15.93748255445972
13045,17.427590966360057
13046,16.162477528574737
13047,16.105424285988722
13048,14.800385566128691
13049,16.542054165603894
13050,16.176876164873036
13051,17.223143502481022
13052,16.630249493804744
13053,15.860271568560458
13054,14.969173842978934
13055,15.301524097732356
13056,13.950357727974003
13057,15.370110273361846
13058,15.086640944784083
13059,15.039967762450626
13060,15.10770909878535
13061,17.180402825779442
13062,14.786429905021818
13063,14.737017805825229
13064,16.119597824520056
13065,16.12651346239787
13066,14.443793469130675
13067,16.156058082273518
13068,16.57862859806859
13069,14.67765923956003
13070,13.729655900131483
13071,16.733427517164852
13072,15.898405438120161
13073,15.965631034262152
13074,15.976576777380773
13075,14.143157036872628
13076,15.057662281640953
13077,15.220982227426205
13078,15.000967459003768
13079,15.277694755723081
13080,15.634995721161108
13081,16.141404430208013
13082,16.541722027943223
13083,16.229142012536265
13084,15.302083925457408
13085,17.50463961151952
13086,14.799976244779852
13087,16.68199162911718
13088,15.68715498724109
13089,15.215952903510782
13090,16.761604525593658
13091,15.296016238765167
13092,16.430088831211105
13093,14.671551411920664
13094,16.34854587240986
13095,15.39355664376096
13096,16.82672181903702
13097,14.427068182475685
13098,17.258883878088554
13099,17.138846324205037
13100,15.918505783143
13101,15.237015593852162
13102,16.808594859694143
13103,16.401818916130548
13104,14.991599720268132
13105,15.904764976462937
13106,16.949573522583538
13107,15.090739735503577
13108,15.664781314348044
13109,15.875597190180716
13110,16.743480395898118
13111,14.95698799775646
13112,14.76219257204669
13113,15.093416526419375
13114,15.459048528371408
13115,14.871130253353307
13116,15.712470914356608
13117,15.066346508724777
13118,16.77451765707711
13119,15.864957857528044
13120,17.284715187354003
13121,16.200301616720004
13122,15.841985448112219
13123,15.87372161970734
13124,15.116765619021859
13125,15.153228336891647
13126,16.92794718903318
13127,16.869173870838093
13128,14.799011987103961
13129,16.99796687857512
13130,13.93983319820647
13131,15.86388467581093
13132,16.925400183334194
13133,16.775795840196594
13134,15.386345538919327
13135,17.330992815449257
13136,14.3540965180579
13137,14.78957848837398
13138,16.23576252391795
13139,15.229004493676214
13140,15.875011436481207
13141,14.456675138205044
13142,17.58635792374383
13143,15.201600948235619
13144,16.31785990111079
13145,16.332860251072475
13146,15.77118488999346
13147,14.944413347956393
13148,15.35215147014429
13149,15.781365405806918
13150,16.426400399755245
13151,15.059989559210061
13152,15.207078606540362
13153,15.105660244725394
13154,15.563100391966934
13155,15.18850014246349
13156,16.322173430370825
13157,15.866753910124471
13158,15.421384247916
13159,16.9288920225408
13160,15.812256671083121
13161,16.316816215197576
13162,15.62799285055017
13163,13.908196748743885
13164,15.638716732885268
13165,15.647875756202284
13166,14.474348590771921
13167,16.680406856748938
13168,14.359815559412363
13169,15.960517759786542
13170,14.859390692614731
13171,16.042416234377647
13172,15.483700707307834
13173,16.790172660942908
13174,15.965122611544563
13175,14.580201065460294
13176,13.912937960013283
13177,15.854624682997553
13178,16.16399367967011
13179,14.688800835846063
13180,16.20880479392203
13181,15.320516419005802
13182,14.374165552290295
13183,14.881457381157283
13184,16.58385293326803
13185,15.592705515238984
13186,15.793077656788919
13187,14.432524030530319
13188,15.10397728372008
13189,15.990081554803854
13190,16.18908063808441
13191,15.808573894546793
13192,16.42651974981828
13193,14.947543485192753
13194,16.277039213762702
13195,14.69736748707625
13196,16.111989228043168
13197,15.493855639647483
13198,16.289159011375908
13199,16.08008352983112
13200,15.45080488096035
13201,15.413334450285149
13202,15.349620295774296
13203,16.431378623669623
13204,17.4656972768312
13205,14.472033374849874
13206,15.21060132098399
13207,16.784688463817314
13208,15.48973241455984
13209,14.876976561746707
13210,16.28440379702751
13211,15.08614757949862
13212,16.344906472764997
13213,16.98053098135008
13214,15.602670571680923
13215,14.844723178075093
13216,14.301803149417818
13217,16.867389027939044
13218,16.891501391982377
13219,16.216900075283977
13220,14.41885937674197
13221,15.333027690903048
13222,15.764522656987396
13223,15.355672272751601
13224,17.050394129056635
13225,15.945353986492272
13226,17.538104407970987
13227,15.123282194421515
13228,16.56464085942409
13229,16.0288966986124
13230,15.53020004553228
13231,15.788120619329803
13232,14.560532183346798
13233,15.675411011768452
13234,15.115524860504808
13235,17.297709202113303
13236,15.979873141490684
13237,15.343839651198197
13238,16.715887978407526
13239,15.866003784374819
13240,15.436970835217007
13241,15.075530471904926
13242,14.924008910229876
13243,16.928673817545725
13244,18.06213908456852
13245,14.39160117566292
13246,14.240078894476634
13247,16.455457302466602
13248,15.112836067998236
13249,15.32434101697638
13250,14.713429904488963
13251,15.531863474054397
13252,15.207773461051056
13253,14.801939704005907
13254,15.634945498940967
13255,14.705300201674614
13256,16.08881888100409
13257,15.154880452237313
13258,16.320073145822207
13259,14.723045182410335
13260,15.83711231477378
13261,17.42002719514606
13262,15.16330535332639
13263,17.004181765221194
13264,15.297915620412637
13265,14.840388777714752
13266,16.66170352241396
13267,15.093667419241346
13268,15.505879357124886
13269,16.897456814824903
13270,16.323940408239128
13271,15.199556888927528
13272,15.684340028315145
13273,16.528575496599863
13274,15.067189941064077
13275,14.151089030897326
13276,15.343061450432295
13277,15.730531752137036
13278,14.21866126957015
13279,14.336478633078004
13280,15.738730209548125
13281,16.415364212718384
13282,16.642497661657675
13283,16.20343230176599
13284,15.509637301927926
13285,16.622657800223447
13286,15.872036499359325
13287,16.037766043438037
13288,17.050925488001717
13289,14.938732696202402
13290,15.257212567064872
13291,14.929920710777063
13292,16.403505576091085
13293,15.642767181924345
13294,15.947344631402585
13295,14.137474255883008
13296,14.606764367662151
13297,15.011047947158815
13298,15.577677613433375
13299,15.213303034146568
13300,15.460405660691206
13301,15.514507946446617
13302,15.827342351834277
13303,15.157114870333395
13304,15.624853858989901
13305,14.404363560186631
13306,16.680988507541485
13307,15.760978962778095
13308,15.683215065686019
13309,15.75675264311338
13310,16.47428778366491
13311,15.292124533423392
13312,16.128317988881296
13313,14.381829036109384
13314,16.164774157255973
13315,15.869899449179739
13316,15.95102792039547
13317,15.077586052179521
13318,15.139227926009518
13319,13.905680205410889
13320,15.426414717520311
13321,15.963170551473837
13322,17.201861000462955
13323,15.057645410951967
13324,14.219368016213892
13325,15.716025636583387
13326,15.788479803941264
13327,16.43083570832631
13328,16.06830543322583
13329,16.839593655358055
13330,16.461422308892733
13331,15.437858857713344
13332,16.390628956432785
13333,16.32858783246517
13334,15.39395921379171
13335,15.009029281579508
13336,15.651474822400289
13337,16.081667002931145
13338,16.33677254120155
13339,15.26469818077833
13340,15.390811894337602
13341,16.312589707689863
13342,15.541937418639819
13343,15.043656507053038
13344,14.541022240728358
13345,16.19783059141822
13346,13.937110607518054
13347,15.91723898475756
13348,15.128949969228223
13349,14.700321133702298
13350,15.702996583301024
13351,16.50657991977112
13352,15.235025512311537
13353,16.48364227714899
13354,15.70086388292103
13355,15.677787085446118
13356,15.371705120726162
13357,14.667793802107383
13358,17.227672236439886
13359,16.736125656521143
13360,15.549924890568922
13361,15.230800857039108
13362,15.26035759694069
13363,15.738253677506943
13364,15.452532578848968
13365,15.962909822039274
13366,14.952807763411807
13367,15.5827116992682
13368,16.287683959418356
13369,15.060559457630216
13370,15.531492917149329
13371,14.988363089962096
13372,15.956118816562174
13373,14.91217385733912
13374,14.846977025846654
13375,15.677115658201364
13376,16.929554702280587
13377,16.487484894618756
13378,15.698228388932549
13379,15.380635203615027
13380,16.59595160329227
13381,15.086151570167218
13382,15.006741785742856
13383,16.942007236285612
13384,15.98956851141942
13385,15.669978655591269
13386,16.22951201841624
13387,14.495554194946209
13388,16.976872859213376
13389,15.551881722349684
13390,16.935136149599504
13391,16.463818852020662
13392,16.142774156553532
13393,14.368829683333605
13394,15.093786284285295
13395,16.06621922285434
13396,16.4181015407184
13397,15.77823806529458
13398,15.700127532003808
13399,15.764068882166859
13400,15.255573064786839
13401,15.859932142099868
13402,15.569871818676381
13403,15.487519704104903
13404,16.6113087069262
13405,15.070345121709071
13406,16.382160994462314
13407,16.22151481500496
13408,15.948128662291253
13409,17.368276313692927
13410,15.675443902341334
13411,16.030104108458048
13412,16.72292111617705
13413,15.250768103566099
13414,15.942760936480813
13415,15.743359808845215
13416,14.525226069953291
13417,16.15746481394874
13418,17.1471215081098
13419,15.944840558434514
13420,17.100329224642444
13421,15.355629770033438
13422,16.329026848791052
13423,17.011893567538063
13424,16.383130990332152
13425,15.947806422714805
13426,16.18285666875614
13427,15.677571607687034
13428,16.229790010204756
13429,16.68691081747454
13430,15.058454316768197
13431,16.43183511683413
13432,15.192390783166383
13433,14.950178064862925
13434,16.12645821352655
13435,15.755591241226298
13436,17.129238698681643
13437,17.02286751838304
13438,15.968749334892365
13439,16.624869277838908
13440,15.547448191302456
13441,14.301967465663145
13442,14.197332064585424
13443,15.559246529217283
13444,16.343675463160125
13445,17.18285921708658
13446,16.648525135380773
13447,15.166297366124251
13448,15.564360731183296
13449,15.205489657312073
13450,14.822497554867942
13451,15.601534358718299
13452,14.726285254903889
13453,15.93090747470602
13454,15.852462367489576
13455,13.448495020831107
13456,16.02616827532818
13457,16.663476458906935
13458,16.121347079297166
13459,15.633495056315924
13460,16.348054229146285
13461,16.27879670887371
13462,16.11808906922548
13463,14.600886559107877
13464,15.267249688976674
13465,15.776269706288602
13466,15.661556786365587
13467,15.167129642219168
13468,14.245651534271147
13469,17.244340617257443
13470,15.552930223726786
13471,15.437680137840124
13472,16.242719730154267
13473,13.737081482026152
13474,15.855695237175038
13475,16.92942618213566
13476,15.171796661173419
13477,15.88499473069321
13478,15.326080653344397
13479,16.199828974860115
13480,16.43512262103261
13481,15.536299125100543
13482,16.25485218923474
13483,14.573105176758178
13484,15.371000532165757
13485,15.764598270112945
13486,16.505318891343418
13487,17.527868014165083
13488,14.78533817057935
13489,15.435143991650136
13490,15.816957531625924
13491,15.474611738095202
13492,15.625468498885324
13493,15.234293811383319
13494,16.194513220245575
13495,16.155133596530423
13496,14.538205819902535
13497,16.483461073049618
13498,15.211691397954551
13499,16.439579562465287
13500,15.22975168651349
13501,16.127908900978994
13502,15.788080924075205
13503,15.183315191717453
13504,15.43867179031058
13505,15.96923681820802
13506,15.76669727074535
13507,15.156452853087336
13508,17.174366372589198
13509,16.445258904489965
13510,17.89250109067613
13511,15.794459294900141
13512,16.02091060317864
13513,14.424749747973795
13514,15.015899433481428
13515,16.759306868806814
13516,16.956665837044817
13517,14.379827483950947
13518,15.945859929933391
13519,15.78664373164913
13520,15.581575490818368
13521,14.21109828548661
13522,16.7504347568203
13523,16.359842101933904
13524,16.232278826623382
13525,15.653484795867296
13526,14.391553383026904
13527,15.837772067375816
13528,16.41258736083018
13529,16.67134997195649
13530,15.400786100707426
13531,15.734109665275474
13532,16.25212223779392
13533,15.475552184696424
13534,15.172766922375192
13535,15.539891382391989
13536,15.89514432854854
13537,16.002708572870997
13538,16.293875426010313
13539,15.237560880744075
13540,16.023880424303773
13541,15.196342601960474
13542,16.33289696158809
13543,14.654716091176923
13544,15.702793871196137
13545,15.747464565810962
13546,15.038180377239646
13547,16.50884097978298
13548,15.699002813214321
13549,16.15286712877483
13550,16.20596247825938
13551,16.410641226531457
13552,15.968263863878674
13553,16.396325302796225
13554,17.403080775033075
13555,15.450939639502286
13556,16.05721592140333
13557,15.892969041287195
13558,16.34767706450103
13559,15.069663326913462
13560,14.961339290728432
13561,14.675952027155803
13562,15.7820032697851
13563,14.404881728111437
13564,16.98057060220154
13565,15.359851413173288
13566,15.732467137076895
13567,15.807570368137664
13568,15.739686839339955
13569,14.938924894107785
13570,16.174130844847163
13571,15.49956839798887
13572,16.179244383597652
13573,16.50234073774945
13574,14.824288786635082
13575,17.195495612076556
13576,14.209803488404225
13577,15.925244862034809
13578,16.99017525549093
13579,16.14116723511262
13580,16.29215429537455
13581,15.779062830380333
13582,16.068241817886527
13583,15.764771859863023
13584,16.770375018906726
13585,15.577767133778599
13586,16.165554976077967
13587,15.57493332540029
13588,15.819238509014577
13589,15.690040445012052
13590,15.64170019911432
13591,15.139446610718496
13592,15.849161778464865
13593,16.3595902659874
13594,16.00771653135768
13595,15.120905511242329
13596,15.393535745084492
13597,15.606853222828077
13598,16.860849528200447
13599,15.0152216292745
13600,15.02864607991341
13601,16.074392044348578
13602,15.03382013021251
13603,15.104725722182291
13604,16.753337375843845
13605,15.98828564403388
13606,15.75209567564166
13607,15.857090474192637
13608,14.923080310775841
13609,15.75272229916633
13610,14.893425175294748
13611,15.48750431784056
13612,16.580561339650384
13613,15.324714356604057
13614,15.994406298736521
13615,15.728357297159086
13616,15.147563852736626
13617,16.623344015302447
13618,16.174599120775174
13619,16.040330618296217
13620,16.55949076187255
13621,14.236850140368999
13622,15.149893750539736
13623,16.63107994245753
13624,16.210117576850855
13625,13.755516546234022
13626,14.832327854554322
13627,16.38708131966244
13628,17.061885905750188
13629,16.979088223839685
13630,15.860540602872513
13631,13.859443267999914
13632,14.928694855541188
13633,16.528423125903984
13634,14.693432406991517
13635,16.516880314140217
13636,16.37116138538723
13637,16.26593246657581
13638,15.205402501073703
13639,16.265687482407998
13640,15.551141240885675
13641,15.436437463132119
13642,15.497417247598337
13643,16.614797239973814
13644,16.346842008793022
13645,16.156412322845178
13646,15.463301576552231
13647,14.773540019478826
13648,15.411573229353078
13649,14.999108295613514
13650,15.159513222186762
13651,14.472906521241983
13652,15.1516210358974
13653,17.263576956893296
13654,15.373683018319255
13655,15.155270448038333
13656,15.447019754769673
13657,16.373144428313108
13658,15.294559379900742
13659,14.709415310010213
13660,15.915402956702476
13661,14.620180029071513
13662,16.100364261259802
13663,17.024203017438147
13664,15.273006854266194
13665,15.223176164103133
13666,16.32151397374189
13667,16.49618905588205
13668,16.05227829472576
13669,16.397942837425795
13670,15.378479737791771
13671,17.048034227634048
13672,15.511001834393566
13673,16.174764560643865
13674,15.997552967141557
13675,14.958009544933871
13676,15.808374563879086
13677,16.689253872270765
13678,14.30493186571079
13679,15.476812346965119
13680,15.732222080488652
13681,15.446219868184885
13682,16.05038105177278
13683,17.171367545155004
13684,15.766716375205236
13685,18.44810829382978
13686,15.296228347299815
13687,15.71800486764395
13688,16.301311433613026
13689,16.058119321656527
13690,15.26794750449163
13691,14.282480667058078
13692,16.41915910305633
13693,15.659996391592925
13694,16.79947175302014
13695,17.041089771554805
13696,14.544499212375523
13697,15.481698731951726
13698,16.231872753907638
13699,15.618224906775207
13700,15.00267355128522
13701,15.527155419040279
13702,15.410052901732632
13703,16.416592774332113
13704,16.7027682008333
13705,15.867286296952486
13706,15.976677330188819
13707,16.280654315167734
13708,17.585002718355266
13709,15.529345539326643
13710,14.659470251375016
13711,17.35194434653673
13712,14.612457217275049
13713,15.828385225257383
13714,14.192712250909993
13715,14.798114855968205
13716,15.715715717485365
13717,15.750871959366942
13718,15.400838508061721
13719,15.954943161741527
13720,15.093806150004985
13721,15.68622490374262
13722,15.852723219055457
13723,15.294812662653412
13724,15.761769362541322
13725,16.83791388851113
13726,13.883051696312489
13727,14.616780194215941
13728,15.284069226896847
13729,14.439642100337629
13730,15.79121156844206
13731,16.880407522429493
13732,15.497452537199297
13733,18.20565354136271
13734,16.188832861518637
13735,15.160968800936638
13736,16.132183423213686
13737,14.631842617501968
13738,16.694841403455868
13739,15.03474305786897
13740,14.641165064303216
13741,14.588147338123713
13742,16.771200234216458
13743,14.771508464652005
13744,16.473244490130515
13745,14.206185788665023
13746,16.25074743339169
13747,14.863355905538944
13748,16.478065925081612
13749,15.925871829932905
13750,15.442232570100218
13751,16.14355476836608
13752,15.933395556418791
13753,13.09858766234057
13754,15.35389343463282
13755,13.76375706763747
13756,16.17507644554833
13757,15.809720002624609
13758,16.661971431056287
13759,14.280283255075537
13760,14.346672861734143
13761,14.782543789573566
13762,17.13928972970083
13763,15.502525631716289
13764,15.923911313245576
13765,15.465766482410896
13766,15.68817828843953
13767,15.049607437586506
13768,14.68116474873392
13769,16.028947257719814
13770,15.610711312568105
13771,15.139670638845542
13772,15.664759062944636
13773,15.554673843359764
13774,15.307686961284585
13775,14.793393791596499
13776,16.594384044953788
13777,15.96016461961664
13778,15.646289138045532
13779,14.501597688306521
13780,16.33050623785411
13781,15.08113937588926
13782,15.478081601215793
13783,16.43502607970088
13784,15.108504287892158
13785,16.0953073068266
13786,15.940157225323958
13787,16.024001584874828
13788,15.73286924270296
13789,15.002254542208027
13790,14.924002991305496
13791,15.209278954157032
13792,16.984805493203954
13793,15.520559147077623
13794,15.407635355064803
13795,14.254111037400113
13796,15.27274610140627
13797,14.906125789960976
13798,15.688435784434315
13799,15.96732756581241
13800,14.969659579905397
13801,14.854242791330712
13802,15.570757928308446
13803,16.293253614838594
13804,16.55231997920843
13805,14.229353108971647
13806,15.82061124812623
13807,14.999812107198643
13808,14.268469900294951
13809,14.910196231157817
13810,15.690921905107073
13811,15.668538155118709
13812,15.97002282699295
13813,15.805504205471184
13814,15.168576891160127
13815,17.238507252209597
13816,15.951539331809297
13817,14.25776318031778
13818,15.082139142401806
13819,15.167602084061503
13820,15.604478663190923
13821,14.908855772489872
13822,17.02561446021373
13823,16.717778499590914
13824,15.16024016359512
13825,16.1346144689157
13826,14.03719672782991
13827,15.679961791629287
13828,15.579080353103315
13829,14.929548525825021
13830,16.049075092008515
13831,15.690422083900012
13832,15.027775309008483
13833,15.962069265814415
13834,15.294248402224113
13835,14.852035407604625
13836,15.17561070097078
13837,15.616450977366505
13838,15.770770936533015
13839,15.959801326496418
13840,16.055441317715463
13841,15.786274012606015
13842,15.25520079356585
13843,15.886010852071363
13844,15.61121406166824
13845,15.978300227680204
13846,15.20815846241252
13847,14.94200223450737
13848,17.267210144347807
13849,14.103946552788607
13850,16.268569815367304
13851,17.221194727671136
13852,16.11906418595229
13853,16.774024126189854
13854,14.64634798944538
13855,13.56030985593823
13856,15.016661043577674
13857,15.820745369041736
13858,15.536960441182618
13859,15.465922835616574
13860,15.838930311289099
13861,16.211350437775266
13862,15.480753398307609
13863,15.473130116474902
13864,17.24226119470473
13865,16.652162771833897
13866,15.26236263363046
13867,16.966843686340116
13868,16.19743549942841
13869,15.337038771708109
13870,17.064745327955478
13871,15.40951390787026
13872,15.863213898274038
13873,15.863947846102835
13874,17.471625737367802
13875,15.233239835760275
13876,15.40945199626621
13877,15.780496340062001
13878,14.907701519169269
13879,13.812294078444868
13880,15.304344582397153
13881,16.0679324876312
13882,14.2777368625368
13883,15.214939999953392
13884,17.011983664098565
13885,16.798218998102744
13886,13.871995899423847
13887,16.768977602155548
13888,14.441478427892878
13889,16.450757300581195
13890,16.588077250617886
13891,16.363743999738915
13892,14.695845127868779
13893,17.22292726609235
13894,14.234596550915366
13895,16.014154991259144
13896,14.423321308309804
13897,14.01748168243506
13898,14.858441644415935
13899,15.370737309255938
13900,14.998791304275649
13901,15.850475647455896
13902,14.115735738863433
13903,16.519276203835197
13904,16.266987934867135
13905,14.10626325076453
13906,15.964081535238236
13907,14.901448236046107
13908,14.957878146006033
13909,14.752160880176387
13910,14.627659405607243
13911,15.6949445828755
13912,15.822523844986184
13913,16.027416317548223
13914,15.819500435502517
13915,14.436499412646757
13916,16.109601354016004
13917,15.186759242467833
13918,15.186400475959225
13919,16.257050970556595
13920,16.018350008967854
13921,16.5306740394613
13922,16.07008338355838
13923,15.713015924022757
13924,15.748383255020306
13925,14.814565712514582
13926,16.160028497341855
13927,15.407060769840484
13928,16.383199823528436
13929,16.201767176405607
13930,14.589726282036237
13931,16.529958374406366
13932,15.408345228517636
13933,15.806802617455718
13934,16.443944976289455
13935,15.096202874312679
13936,14.809705799245116
13937,15.649956475380352
13938,16.465316356506804
13939,14.81319349838228
13940,16.074067667290468
13941,15.273779094814138
13942,14.658920979148634
13943,14.891651464741106
13944,14.737885244995384
13945,15.629261738989609
13946,15.285338967562467
13947,15.944294031198645
13948,15.317115045487743
13949,16.112057357545833
13950,14.484478289951609
13951,14.514417487453816
13952,16.113474705183492
13953,15.695819562619201
13954,15.06048194972067
13955,14.056624975566294
13956,15.04635798012631
13957,15.462612911704655
13958,16.28450254638388
13959,14.77142013262415
13960,15.245649573359419
13961,15.38156121539635
13962,15.161178272907911
13963,16.126621315237703
13964,15.607509531766969
13965,15.782980261255684
13966,15.609690606143092
13967,15.13540879432013
13968,16.0730864709643
13969,14.458166016170901
13970,14.520787416289725
13971,17.543522907734392
13972,14.632171327469356
13973,16.76201716393738
13974,14.293129343283349
13975,15.284190811568607
13976,15.33347313424518
13977,15.916787864254216
13978,15.249061538857044
13979,16.592515858502995
13980,16.545233716793273
13981,16.574595134279686
13982,15.357523853165622
13983,16.147044443164397
13984,16.382702821490454
13985,15.029747089085637
13986,16.395673811560837
13987,16.647724184937527
13988,17.079243667358632
13989,16.063569222610585
13990,15.73000788263873
13991,15.335940458479348
13992,16.281790907399973
13993,13.487695499472682
13994,15.248036550863143
13995,15.337004727399126
13996,16.005185093557603
13997,15.46680583556819
13998,16.04305279462719
13999,16.488880355521076
14000,15.245335362414629
14001,14.979575130136187
14002,16.18012405411447
14003,16.820063578509792
14004,15.90129703009918
14005,15.259862203968716
14006,17.313990669603125
14007,15.988730568163938
14008,15.452760483350687
14009,17.511862688469687
14010,16.257280096315544
14011,14.545760113504155
14012,15.803055472692128
14013,16.50801770227416
14014,16.30351111921863
14015,15.92558079863326
14016,14.099073118708892
14017,14.851822755633695
14018,15.19449625671563
14019,14.27629491596822
14020,16.16406974675125
14021,15.147852728000464
14022,15.221773833079176
14023,16.299686309450422
14024,15.67445271550355
14025,16.68440213029419
14026,15.619787945817453
14027,16.162302004743868
14028,15.3182164774951
14029,15.664354458892184
14030,15.277702307377979
14031,16.14557837115399
14032,15.15672002790473
14033,15.244628708277327
14034,15.385075184500312
14035,15.95696030617627
14036,14.705875978013038
14037,14.946656169628389
14038,15.694231891835743
14039,15.194097735947045
14040,16.9675559696008
14041,15.929597657370268
14042,15.274120321419568
14043,15.014619432216632
14044,16.7163914450365
14045,15.524400599886858
14046,15.996157986489667
14047,16.92091437390531
14048,15.768252745340819
14049,14.994692978797428
14050,16.687079868347666
14051,16.087575702063752
14052,16.28419331776667
14053,17.430252536983097
14054,14.927279741083222
14055,16.232197106649224
14056,16.046609177424788
14057,15.949882006118944
14058,16.012370805623092
14059,15.236696697588691
14060,13.949280895742138
14061,16.61823388526449
14062,15.059462807008996
14063,16.19238061959907
14064,15.936594361725735
14065,16.134270528598332
14066,15.24724810596887
14067,15.313769336856488
14068,16.858111182362336
14069,17.132712515536724
14070,14.191449651789513
14071,16.02965157191959
14072,15.811015717211042
14073,15.153321290794347
14074,15.9906314441753
14075,15.540326364231042
14076,15.589326493769477
14077,14.305124541982254
14078,16.750978200348523
14079,15.757942931380022
14080,14.640897581582442
14081,15.330581327573528
14082,15.599351099204856
14083,15.830941456712203
14084,15.304332462130786
14085,16.830206624737144
14086,16.285589181984207
14087,14.768273650230697
14088,14.661780144090931
14089,16.046616158484067
14090,15.396749624945839
14091,16.81623888614316
14092,15.590352388709702
14093,15.035044515076326
14094,16.170161158409364
14095,15.99390337112201
14096,15.62187312470648
14097,15.424071939811569
14098,15.013006690434882
14099,15.183788319746744
14100,15.491656088293482
14101,14.665490371065005
14102,14.505100832884258
14103,15.990770498569841
14104,16.017059022308224
14105,15.921013165578925
14106,15.970061499681917
14107,16.887819017537176
14108,16.53006115936831
14109,15.766921422374281
14110,14.448477723804443
14111,15.449790473630737
14112,14.297441817386664
14113,14.980010696412913
14114,16.511552653706325
14115,13.750696530565381
14116,15.544406810784992
14117,15.90175025030987
14118,15.32513099066386
14119,15.625204695681884
14120,15.310525877053271
14121,15.526080133484625
14122,16.376235498978282
14123,14.472033630026607
14124,15.708454949232495
14125,16.03575759734884
14126,14.731153979505
14127,15.199100990758435
14128,14.534052127369575
14129,14.174414341795146
14130,16.785575995896856
14131,16.136834091411764
14132,16.216042912628115
14133,16.077106597860453
14134,15.916217846692307
14135,16.137284189357864
14136,16.180007762352172
14137,16.344082335439058
14138,16.460932788801568
14139,17.885229862710997
14140,16.071868353611002
14141,16.451084990981645
14142,15.39626470913876
14143,15.89589211124837
14144,14.16845491122956
14145,16.01202086379339
14146,15.20553641347598
14147,15.132995599096894
14148,15.874793851084206
14149,13.803524662041971
14150,14.516555537118462
14151,16.229595755045086
14152,15.79749361550683
14153,15.389289311573323
14154,15.601793324331048
14155,16.170565112222477
14156,16.27749334069241
14157,16.474576715148157
14158,17.493085647947247
14159,16.53585361611976
14160,14.023736978418569
14161,16.01284626717737
14162,16.84516678657617
14163,14.627438673827397
14164,16.32017963418589
14165,15.771731192954356
14166,17.40730931120404
14167,15.51133518998967
14168,14.192368474353637
14169,16.11983439999952
14170,16.045632609268715
14171,16.422369127518937
14172,14.199984641191977
14173,15.577143692490187
14174,16.91708679020182
14175,16.493133302819693
14176,16.420314259871223
14177,17.124463992940527
14178,15.095510829088921
14179,16.3247616419322
14180,15.66331368276479
14181,15.038507165437343
14182,16.42390163125118
14183,17.175501923351035
14184,14.135762811288348
14185,15.039981916942041
14186,16.177581192472033
14187,15.149085567812111
14188,16.65581966922562
14189,15.793855663887992
14190,16.91776561609189
14191,15.422381783383296
14192,15.390101330190053
14193,16.603740464600246
14194,17.096312517277966
14195,14.920640190717526
14196,15.576052988801823
14197,16.026116987838726
14198,16.138909227206035
14199,16.748916681714302
14200,15.08616841036955
14201,16.155542631403105
14202,15.663235484236797
14203,15.698671812105278
14204,16.17442650186111
14205,15.148424790171532
14206,16.162510619777347
14207,16.120047179320515
14208,16.30542360067959
14209,15.377171199935935
14210,14.73337234833108
14211,15.0986970814911
14212,16.71694443229348
14213,16.242004786948613
14214,16.834821378649334
14215,16.204077012353007
14216,15.67834479718374
14217,15.15710005318851
14218,15.707529431112558
14219,14.788148001640398
14220,15.824174938285559
14221,16.486416299841753
14222,16.780586107067226
14223,15.027286923877968
14224,16.582979834386315
14225,15.231191133820777
14226,14.77858069656811
14227,15.805812869964216
14228,15.931657470525066
14229,16.325604295255598
14230,15.936145910073467
14231,15.405350997424994
14232,14.856442636089964
14233,15.992015849869366
14234,16.059923749900864
14235,14.54696361993972
14236,16.683888833668483
14237,15.387936589461361
14238,14.255783437513276
14239,16.302108915684883
14240,16.686604668389016
14241,15.748143197969922
14242,16.109625515960037
14243,15.763959600239485
14244,15.534608678465492
14245,16.653360118926976
14246,16.163547005596428
14247,14.446547139149502
14248,15.748585577495342
14249,15.126085604731415
14250,16.311255065801774
14251,15.949622697201454
14252,17.412570596237682
14253,16.290363821954035
14254,15.625381821324124
14255,17.079314834589173
14256,15.740873123193138
14257,15.895531572278509
14258,16.846669855350658
14259,13.929473406402824
14260,16.051071431709495
14261,16.38628558505344
14262,15.019046858729583
14263,17.174628486734893
14264,16.425811554526824
14265,15.557427948470448
14266,14.989184689544524
14267,15.96609919228591
14268,16.258827113360795
14269,15.932435372606568
14270,16.68444630044019
14271,15.139846044088644
14272,15.364794176828132
14273,16.215762215643522
14274,15.792437285346935
14275,16.30853158517353
14276,15.688402143096141
14277,16.175757890036348
14278,16.34255473131241
14279,15.462934741095735
14280,16.011665225818273
14281,15.093102748565254
14282,16.32800204150823
14283,16.71726117039179
14284,15.092051904516643
14285,16.047924045943784
14286,16.05289926369516
14287,14.641920822666098
14288,14.70870432373716
14289,14.693213047858771
14290,16.880132752293353
14291,14.750769943266917
14292,15.351023216637099
14293,15.791889278545682
14294,17.034395169717413
14295,15.574032198526165
14296,16.04596806087706
14297,14.681298544406342
14298,17.06704238658457
14299,16.746790488912893
14300,16.805521166811765
14301,16.341832931906904
14302,15.776018060211463
14303,15.115271098367064
14304,15.788168030478982
14305,13.13028038731862
14306,15.219094477123589
14307,14.921183704757231
14308,16.32311047300711
14309,15.805121596396669
14310,13.709026959888268
14311,14.517994493221146
14312,16.212650184536365
14313,16.348777048542118
14314,15.544553546397163
14315,14.414218637811379
14316,16.14186934888713
14317,15.398738350125353
14318,14.758473683205693
14319,16.737891188926334
14320,16.007197331998775
14321,15.333159945840622
14322,16.921247797339127
14323,16.8778048430561
14324,16.458460294796296
14325,15.340611616381006
14326,15.27176261457741
14327,15.515555399053051
14328,15.349095712188458
14329,15.597258156477789
14330,17.572126169584003
14331,16.572963612685292
14332,16.3148052023328
14333,15.096231954482594
14334,16.364454382595675
14335,14.496192693043746
14336,15.569603095872992
14337,15.596482326017778
14338,14.17872089752371
14339,15.767754191637755
14340,16.393324619737555
14341,14.436174648222163
14342,15.863147404547908
14343,16.027722454576992
14344,15.447855029469988
14345,15.910973805399472
14346,15.310270304819921
14347,18.012409335693647
14348,14.538042008272837
14349,15.792080824203119
14350,14.959479330251712
14351,15.644025563977706
14352,15.000676355309817
14353,17.31138692296042
14354,15.197510218495442
14355,15.287376287236375
14356,16.089315433098438
14357,16.06654219391961
14358,15.637186970087237
14359,15.650001864223736
14360,16.09595526631189
14361,17.40772224600143
14362,16.806179896638824
14363,16.08204464541451
14364,15.923935446042872
14365,15.06578559040339
14366,15.345682522633592
14367,16.242800770635913
14368,16.950768080869334
14369,15.204260471466382
14370,14.900907969759523
14371,16.053625425579188
14372,15.545234552071026
14373,16.328648738841434
14374,14.991994153782976
14375,15.891258961364054
14376,14.80394914162901
14377,17.765373654109414
14378,15.053715923035162
14379,16.133743454461737
14380,15.457547417197288
14381,17.296859206664518
14382,16.805689437238385
14383,15.573462688764765
14384,15.304399189975259
14385,15.4852371191752
14386,15.818516182963615
14387,15.471664091736788
14388,16.341506730136604
14389,16.925530623032966
14390,15.804217394154218
14391,15.386378796533187
14392,14.730135995107283
14393,15.691063590838672
14394,15.085720108416472
14395,15.768747818722746
14396,16.281429513886653
14397,15.076922577222192
14398,15.095069555575737
14399,14.95959428103872
14400,15.68665584093605
14401,15.42332845290457
14402,16.271881851324725
14403,15.46505643665578
14404,16.43557456438461
14405,15.561323540688988
14406,14.371777859855918
14407,14.987917028122824
14408,16.897545731019985
14409,16.266892108013046
14410,17.476117134150126
14411,14.596719888023493
14412,16.671768607426465
14413,17.352304764242852
14414,16.18484666262034
14415,16.143958185232357
14416,15.67396709321179
14417,15.810576859040077
14418,15.097109440945037
14419,14.960532975583206
14420,15.906645462135211
14421,16.791973018493316
14422,15.765430995736656
14423,15.675956289462967
14424,15.134835979135673
14425,15.752839785470133
14426,16.046863159984582
14427,15.26513261731012
14428,15.459635687191838
14429,15.155862672818607
14430,15.798232665124273
14431,15.353125576354053
14432,15.658474940578154
14433,15.785362453264417
14434,15.639001379665359
14435,15.803123903791157
14436,14.597993448139077
14437,15.41198649567847
14438,16.058962833913718
14439,14.850194206675072
14440,15.292039303258784
14441,16.425743557577064
14442,14.866207874568419
14443,16.198835096165094
14444,16.086897134265254
14445,15.337090597095205
14446,15.675716538247112
14447,15.836731017244306
14448,15.721649533155109
14449,15.271367102571102
14450,15.000138636983735
14451,15.32340308783764
14452,15.87985518641624
14453,15.867726424668863
14454,16.311151610068247
14455,14.888317652420044
14456,14.029723654104304
14457,16.16645074377531
14458,17.14614976804936
14459,16.150081033878543
14460,15.339677453524674
14461,15.89067145015632
14462,14.995154212844122
14463,16.00087589855995
14464,16.480362278015427
14465,14.412473717837672
14466,14.261420692390173
14467,15.78979212104253
14468,16.047157433074464
14469,16.751106685268606
14470,14.568127682507479
14471,17.47268329721407
14472,16.31210999240767
14473,16.614016778848008
14474,16.230830584540318
14475,15.678696238907511
14476,15.725740350773306
14477,15.526955266042743
14478,17.12927690735116
14479,13.962145071686878
14480,15.940904898860046
14481,14.946009444994468
14482,16.30547178745627
14483,14.3269064183419
14484,15.241652752849683
14485,15.284617591023741
14486,16.3597226123679
14487,13.437135011930037
14488,15.327579934493814
14489,15.614238091501761
14490,17.05285346630853
14491,16.01013313142326
14492,15.729771216663755
14493,17.27472081097182
14494,15.688262708513234
14495,14.656915607278348
14496,15.055776631239798
14497,15.732361027075626
14498,15.424263580453585
14499,14.860544753144755
14500,15.014435333382323
14501,16.52043792714
14502,15.444043568327396
14503,16.706340410600863
14504,15.531232449496617
14505,14.282314709719145
14506,16.0383480951035
14507,16.727642494785638
14508,17.529203316713062
14509,15.855332586810832
14510,16.51217815784218
14511,17.148655338446044
14512,15.348970117151978
14513,15.532181078669108
14514,16.00734985201267
14515,15.628588630112521
14516,16.642140680647085
14517,14.758543037069657
14518,14.491509110130522
14519,15.090765121622209
14520,16.194494010272045
14521,15.208221288528772
14522,15.40948797632743
14523,16.6833628214476
14524,15.697112789418268
14525,16.62708546346124
14526,16.321805097327562
14527,15.981591005083928
14528,16.971450793924642
14529,14.693302228474778
14530,15.15929719175386
14531,16.161128234161175
14532,14.498100640663521
14533,15.510179261500102
14534,14.288944403901521
14535,16.9709015714428
14536,15.059485836209944
14537,17.237836086452134
14538,14.702506454826798
14539,14.702716884873748
14540,15.763664507981105
14541,17.221217355173653
14542,14.926150850262642
14543,16.13315593606198
14544,15.570964941704226
14545,16.393722334069913
14546,16.696262545728032
14547,16.337862722510664
14548,15.588770222385241
14549,15.471918388333439
14550,16.238694932057257
14551,14.89490866250724
14552,16.213210377713718
14553,16.098005700354264
14554,14.355138696617189
14555,16.089476070210804
14556,16.586479507560863
14557,16.486528382334452
14558,15.771876630837825
14559,16.50317904039913
14560,16.774598530759683
14561,15.653562890694246
14562,17.067865041125856
14563,14.79631168165321
14564,15.625329272495891
14565,15.011314564907462
14566,16.353222426167605
14567,15.738008302206227
14568,15.462905057475485
14569,15.286296735908879
14570,15.567011788777505
14571,14.039422284974545
14572,14.519073621544852
14573,15.02852679983119
14574,15.180779783842803
14575,16.097302001928
14576,16.125386943383216
14577,16.26629192989125
14578,16.95061876544667
14579,16.279910288755886
14580,16.125767319197916
14581,15.490400802840204
14582,16.50055698574622
14583,14.91963914360596
14584,16.49957296154301
14585,14.754344645706286
14586,16.886448425047938
14587,15.975287798014685
14588,16.220217026339178
14589,16.013488312287738
14590,15.87790438780002
14591,16.03851508630079
14592,14.06459024441629
14593,15.814298963086165
14594,15.981315131399631
14595,15.362732314923553
14596,16.246688428712808
14597,15.026848015074771
14598,15.85429074173862
14599,14.929664181130274
14600,15.49504613232383
14601,16.383276500201134
14602,15.96365422235944
14603,15.978313656664792
14604,14.296495858430852
14605,15.052949224852318
14606,13.919862789116582
14607,15.24472780515407
14608,15.93647905281517
14609,16.20642015597774
14610,15.708498468377574
14611,16.556179194936604
14612,15.80180809527436
14613,15.359681003763377
14614,15.942117508311034
14615,15.934922123412434
14616,15.576185512544019
14617,15.595733720825507
14618,17.492877755665738
14619,14.551362256858773
14620,14.760750732470767
14621,15.768959503543467
14622,14.952785589663476
14623,15.299763632840035
14624,15.707925198415328
14625,15.033459724891994
14626,14.71848932451331
14627,14.698887134212201
14628,15.913991842894388
14629,15.481000920098818
14630,16.03655693146585
14631,16.722861193119183
14632,14.553829604245694
14633,15.096737889353921
14634,15.096732129687444
14635,15.744336865327345
14636,16.385802794683382
14637,15.505411416887565
14638,14.681353034306483
14639,15.40020467059937
14640,16.20317096173922
14641,16.82015010012927
14642,17.39437718388536
14643,16.403823079168472
14644,15.500907346442478
14645,16.368472085776954
14646,16.358682024267154
14647,16.627947508900334
14648,15.681423062338869
14649,14.846855920471464
14650,15.149591673953672
14651,14.313604424961335
14652,16.401985005421228
14653,14.92968460398566
14654,14.65743229650194
14655,15.385387864738307
14656,15.579244390064815
14657,15.871526479813442
14658,14.1848457266879
14659,15.144112380469103
14660,16.14870494422996
14661,15.961057030997956
14662,16.111570768259543
14663,16.47911386897728
14664,15.516376653550854
14665,14.671100705722095
14666,14.5649008323593
14667,15.889726227855324
14668,14.24608227406153
14669,16.217209581605324
14670,15.192843574712406
14671,17.416198071355502
14672,13.636527282893686
14673,16.971125656812724
14674,16.54732124156146
14675,14.164204106287183
14676,15.235474053961298
14677,15.375961812240641
14678,14.344420159232032
14679,15.144497138649117
14680,15.34869057218185
14681,17.273417880133874
14682,16.23314049660192
14683,17.577827164954027
14684,15.756669278578594
14685,16.30638801598051
14686,17.44730511094634
14687,15.608610436665417
14688,15.093682391873259
14689,15.156152130090243
14690,15.18539666184981
14691,15.485364796832945
14692,15.063089281753157
14693,15.549830298020384
14694,15.832317184386971
14695,15.242615803410713
14696,14.696492368586206
14697,15.908895425651334
14698,15.745401975403173
14699,16.275018141570282
14700,14.651854834818234
14701,16.031744771005023
14702,15.518506844339734
14703,15.320455982021484
14704,15.73331155452459
14705,16.552834948866632
14706,16.21659456235452
14707,15.204798636172422
14708,15.175624122325871
14709,14.83498964026618
14710,16.141651126499085
14711,15.879291569043497
14712,15.86512429728645
14713,15.969026754936316
14714,15.483431449957283
14715,16.313582080513626
14716,15.885394896985172
14717,16.24850205324795
14718,16.388161627931975
14719,15.289271728508472
14720,15.547552037736345
14721,15.928655770988252
14722,15.395824170346462
14723,14.120206743296338
14724,14.726981196830208
14725,15.559884297947287
14726,15.925754319499402
14727,14.669747830517428
14728,15.869033578479028
14729,16.73978777548598
14730,16.006952527796603
14731,14.951147919487589
14732,14.737056468050376
14733,16.022305764296167
14734,16.678460638955137
14735,15.973041514097874
14736,14.67669253206249
14737,15.640536265993834
14738,16.391744854186648
14739,14.537491596124855
14740,17.60916892866426
14741,16.012441442543818
14742,16.5935667655613
14743,14.879194658484785
14744,17.234487294448357
14745,15.133813703310443
14746,16.72895792838081
14747,14.972927424645656
14748,14.540004442534478
14749,16.139232835239532
14750,14.96799111064089
14751,15.817829551761792
14752,17.087801612928434
14753,13.703602803623294
14754,16.430079994674767
14755,15.337682641448032
14756,15.822929173030035
14757,15.609955547758014
14758,15.685762272482894
14759,15.607988579307584
14760,14.791133348120354
14761,16.106756554270593
14762,14.827930378998749
14763,17.43970749131487
14764,14.099938671203427
14765,15.857338115446796
14766,15.705176790298637
14767,14.901376053879378
14768,16.241453866190714
14769,15.623029364914508
14770,15.82989183402699
14771,15.284545784397281
14772,15.549556393912187
14773,14.593596302255193
14774,17.505121319681752
14775,16.636994674015032
14776,15.854762092996028
14777,14.953814798683165
14778,15.167399738699354
14779,15.73791337775909
14780,16.786418314227856
14781,16.943452898962445
14782,16.411833373403148
14783,14.979984351256036
14784,17.313882679199015
14785,17.127533328778135
14786,16.24696220035341
14787,15.972068042655765
14788,15.69708724527068
14789,16.2937069901689
14790,16.157869876238323
14791,16.342199476033592
14792,15.110664744671778
14793,14.775724192381226
14794,14.716373883877528
14795,16.656037164830554
14796,15.519353051941174
14797,14.384196012120087
14798,15.754013752674199
14799,16.223799520183157
14800,16.80786816741794
14801,16.037218236914434
14802,14.886834240814903
14803,16.069701112667886
14804,14.23039505531375
14805,14.34919122903642
14806,15.761670551065217
14807,15.584933519988255
14808,15.224961094862039
14809,15.414125923575062
14810,17.690389733270848
14811,16.28193264883803
14812,16.951328993207888
14813,15.644567535976648
14814,13.994368989885015
14815,14.711375257535318
14816,14.909428196758657
14817,14.933670035317306
14818,14.528555839278814
14819,15.01714468562231
14820,14.621507898691226
14821,16.875195963606366
14822,16.210882751839176
14823,15.694235771707051
14824,15.730822422912187
14825,16.69861401040456
14826,16.6549102457656
14827,16.1378405364682
14828,14.773516971414873
14829,14.791067252203215
14830,15.590203702757506
14831,14.702822790151124
14832,14.8448121328224
14833,15.195321697774189
14834,14.53935682705354
14835,14.463527628282177
14836,15.059968665634688
14837,15.516374886870544
14838,14.865459584349578
14839,15.908670165628127
14840,15.1439284680451
14841,16.061449144574002
14842,15.720321002868186
14843,15.853565862467981
14844,16.126289299508436
14845,15.371090129601601
14846,16.248480974497653
14847,16.1607016154544
14848,15.730565651658495
14849,15.46354090084241
14850,16.482616361179232
14851,15.121602431277834
14852,16.839508121369384
14853,14.015442092150968
14854,16.88295275863571
14855,15.058924225949012
14856,15.40324887624313
14857,16.252942148333936
14858,15.158193935987144
14859,14.23836970235274
14860,15.667530740745331
14861,15.204629370605886
14862,14.934037914859756
14863,16.13322676302502
14864,16.72495387898088
14865,16.17762298664533
14866,15.479090557541317
14867,16.757510728848345
14868,15.716427924087105
14869,15.831212620694608
14870,14.983296150204524
14871,15.33690175328332
14872,14.756560185901957
14873,15.845544258976354
14874,15.087641623569988
14875,16.727288878285805
14876,14.532177709729961
14877,15.720377974518605
14878,15.634114637548826
14879,15.649766036804209
14880,15.234393418266029
14881,15.461834770934544
14882,16.389558512056812
14883,14.429783433371702
14884,15.578756974896482
14885,15.357153681945938
14886,16.343238612149523
14887,14.572274159734379
14888,14.870216278689023
14889,14.756319743286697
14890,15.768357611057892
14891,15.84822056061139
14892,16.10524089379933
14893,16.63225587197866
14894,15.895491117231836
14895,15.1790026357893
14896,15.452860440734318
14897,16.03583152563749
14898,17.717624531924063
14899,15.453925527444389
14900,16.069145490343885
14901,15.489442815684216
14902,15.858585575169457
14903,16.04174748320854
14904,14.954649854420246
14905,17.302577801203164
14906,15.45615236988477
14907,16.26660658058622
14908,14.549841726379324
14909,15.277474803931863
14910,16.027946852251066
14911,16.370880299176903
14912,14.797390490617923
14913,14.732709124407705
14914,16.12311545306678
14915,16.59372021741643
14916,16.312370973742368
14917,14.739654769262744
14918,14.828233497376862
14919,14.748010897586818
14920,15.332867297966311
14921,15.513670790903335
14922,17.147802794681247
14923,15.515230696435104
14924,14.84182065045594
14925,16.54075966313826
14926,14.781117237808806
14927,15.760591695908523
14928,15.675845325844701
14929,16.063368057157305
14930,15.707477366434748
14931,14.428446293253169
14932,16.131048527648975
14933,15.110873967260146
14934,16.118908971503732
14935,17.22917364981128
14936,15.52085037849509
14937,14.597811756277405
14938,14.481895452799485
14939,15.16195766924512
14940,15.405812284998206
14941,15.029016617043792
14942,16.193585480795083
14943,15.72656781436006
14944,16.476753084597497
14945,15.399091763036745
14946,16.235130358752443
14947,15.022124863885349
14948,15.346948395778627
14949,15.59159284071761
14950,15.470950888279376
14951,15.530549128148104
14952,16.715122043916377
14953,14.440220522269845
14954,15.299757911747728
14955,14.936029828148948
14956,15.17620032565467
14957,15.80204925058199
14958,14.589575867951627
14959,16.291652923608225
14960,15.406559815167334
14961,14.340513200087162
14962,15.80841730417251
14963,15.005888440563927
14964,16.31385098474999
14965,15.735032551956861
14966,14.874339662468458
14967,15.408073519399958
14968,16.147593869986537
14969,13.61590394007467
14970,15.147992670776418
14971,16.17570025584143
14972,14.583081289215295
14973,14.54824919359032
14974,17.12654193892904
14975,16.933222460130832
14976,16.754609869664776
14977,16.08897583193098
14978,15.98697700987442
14979,15.621892427836233
14980,15.459517025738037
14981,16.24679134827995
14982,16.11127691855562
14983,15.906280835236922
14984,16.256696511357205
14985,15.654911238037464
14986,15.868136869415725
14987,16.003366213549025
14988,15.999126222237756
14989,15.427367522939038
14990,18.16202852952548
14991,15.995983539861154
14992,15.291214354418669
14993,15.43011027548279
14994,14.998943645482793
14995,16.69875182091723
14996,16.685727854294687
14997,14.900328591901983
14998,14.86656423945537
14999,14.89194652896758
15000,17.549318582308487
15001,17.318817247670648
15002,16.140616001542423
15003,15.84508246543883
15004,16.92873308881764
15005,15.56619175908725
15006,14.760168380550798
15007,15.973207791055785
15008,16.085795732394654
15009,16.843766598805267
15010,14.313106286707667
15011,17.324087672284765
15012,15.69308666160446
15013,16.159095947813498
15014,14.613197457990298
15015,16.293920864655416
15016,16.327948767384772
15017,14.890381181812856
15018,15.16912170989294
15019,16.53337520086224
15020,17.08150405485862
15021,14.67649082822468
15022,15.218137343108582
15023,15.975023223910432
15024,16.302204913185854
15025,15.91654718766799
15026,15.975028231142698
15027,15.009056977241029
15028,15.609951634710107
15029,15.9255877369725
15030,14.97935600888389
15031,15.675213939435299
15032,15.189788318548944
15033,15.478439490995997
15034,16.08640321546393
15035,13.961001143812004
15036,14.696291933276244
15037,14.516534792497383
15038,15.691381557789997
15039,16.514388033319623
15040,15.606491764924344
15041,15.22214843694476
15042,16.549914419004203
15043,14.435372243562515
15044,15.252607334324706
15045,15.315954259570733
15046,14.84335646897462
15047,15.458789108479293
15048,15.067469120462635
15049,15.62139563658977
15050,15.534177396018002
15051,15.987289051780262
15052,15.517202668138554
15053,17.359471000612164
15054,16.007231124538215
15055,15.292933196558185
15056,16.451370803549768
15057,15.342336703327021
15058,17.621389104234947
15059,15.871557775838827
15060,15.978719295074095
15061,15.836286796084105
15062,15.805648098222854
15063,14.985578959459275
15064,16.261593238560884
15065,15.148891416123304
15066,15.638751973213445
15067,16.023998756786835
15068,16.507649004150558
15069,15.713635071517432
15070,16.03286156241186
15071,16.60827058170245
15072,15.267680798174755
15073,15.902351589314137
15074,13.525330164334843
15075,16.654964421505454
15076,16.411430007982986
15077,14.914213005950042
15078,16.52100532917059
15079,15.981507112956882
15080,15.080430863190088
15081,15.185898796361913
15082,15.47440790209714
15083,14.84571235776957
15084,17.026296324410335
15085,15.368552041180708
15086,15.017001253136533
15087,15.996054327260449
15088,16.709409374582343
15089,16.716506856343063
15090,15.818346205991551
15091,14.564891968396916
15092,14.091877678156408
15093,15.720484156319658
15094,14.363994754417131
15095,16.175361100907356
15096,17.45937029666424
15097,13.980735806731484
15098,16.60028954832729
15099,14.934533077821454
15100,15.770514194786722
15101,14.965527487376688
15102,16.582977014340397
15103,14.516478380198606
15104,14.682672682651205
15105,15.96786911352695
15106,15.662602905968523
15107,14.487887199364254
15108,15.075378775511416
15109,14.407261020111521
15110,16.32218985383464
15111,16.308908811678332
15112,13.2883804055852
15113,14.793072391889469
15114,15.959733343353959
15115,15.138791008528987
15116,13.956989786692201
15117,14.662604849151363
15118,15.400671539466389
15119,15.785287865554723
15120,15.173568675082882
15121,16.758847388880575
15122,16.308518248123665
15123,15.741120053721687
15124,14.675760110651417
15125,16.01138324258465
15126,17.442059359268523
15127,16.153289361968536
15128,15.36824696427576
15129,14.876831820388034
15130,15.701171084887898
15131,14.667113346316828
15132,17.134242532710324
15133,16.046962954340742
15134,16.54077137915996
15135,15.913450359900427
15136,15.565410185802238
15137,13.549980206338017
15138,16.85784140070747
15139,15.440539555754034
15140,14.72102828776931
15141,13.981236138710932
15142,14.922585740462413
15143,16.50939969613097
15144,17.196740987012593
15145,15.353210900469533
15146,15.438780834529302
15147,18.265433846121013
15148,14.617839802446106
15149,18.335709337396125
15150,17.022155648486766
15151,16.17658150660107
15152,14.30463198531046
15153,15.61386291061867
15154,15.00374994504083
15155,16.622651057118986
15156,16.31322331490406
15157,16.089502927857243
15158,15.158393467816747
15159,17.301418729871774
15160,14.577771251761904
15161,17.459341188183902
15162,15.760210077786741
15163,16.414957177017353
15164,15.67168453840991
15165,15.414041336627498
15166,16.5227701639672
15167,16.846104879686777
15168,16.002850765808418
15169,15.381235994461836
15170,15.915110639875957
15171,15.926776516465383
15172,15.447461999497357
15173,14.866762074680917
15174,14.95299930675511
15175,16.067769780362006
15176,15.751361762256266
15177,14.903371359543682
15178,14.28824160845672
15179,16.121423818309815
15180,15.344231349216894
15181,16.30851065734069
15182,15.9764118442401
15183,15.80005352269297
15184,16.413859102844864
15185,16.37767441962862
15186,15.864439034153005
15187,16.53414140413251
15188,14.129256818115838
15189,14.848696225494319
15190,15.969054720577812
15191,15.040567989253361
15192,15.645213412419798
15193,16.437520781916312
15194,15.146236056231038
15195,14.752429779588278
15196,14.940340199756182
15197,14.878402654319464
15198,16.03138406045299
15199,15.54192509553236
15200,14.343959962814596
15201,15.508044073436237
15202,17.64017252436488
15203,15.166794419066068
15204,15.047891454894803
15205,15.373142069256266
15206,15.759823975969919
15207,15.885309595433384
15208,15.348090892701245
15209,15.997518286361098
15210,17.143466264613146
15211,17.114353700340267
15212,14.511266328347743
15213,17.40484756549518
15214,16.266620737884313
15215,15.879359175869817
15216,15.012512018763433
15217,15.624957924774161
15218,15.379786696272197
15219,14.612128805175857
15220,13.50448121603155
15221,16.8019225314586
15222,17.01444707255411
15223,16.193937944649107
15224,17.705524885803133
15225,16.854954849446504
15226,15.419920836403312
15227,15.2947559460732
15228,16.47724090022359
15229,15.999366580319172
15230,16.04928451092583
15231,15.735699318291017
15232,15.022236529855164
15233,17.260229566767983
15234,15.05600114895655
15235,15.359401440178797
15236,15.157799017403267
15237,16.128326159480014
15238,14.446326716589782
15239,18.17839928243885
15240,14.22364918975106
15241,16.071068626148584
15242,16.810160306127436
15243,15.180151861548477
15244,15.622297487863081
15245,16.00788674352159
15246,16.101427326607347
15247,15.929469594733481
15248,15.849220798444549
15249,15.147641294498413
15250,17.270535911716266
15251,15.818983250061624
15252,15.660343323250109
15253,15.757306008667147
15254,16.174747357076622
15255,16.364418367281615
15256,15.038732817943652
15257,15.693084022332647
15258,15.288352086290804
15259,16.378113970761213
15260,15.171843522368233
15261,15.916429262743591
15262,15.413221367087218
15263,15.706143638052241
15264,14.95358592501581
15265,15.219893661952417
15266,15.16875863039158
15267,15.974410559460955
15268,15.119435827372289
15269,15.960410211674661
15270,14.586311355156385
15271,16.807817771764945
15272,15.344947095523219
15273,15.540189320596495
15274,15.47046404601497
15275,16.081615563329947
15276,16.284773967288167
15277,14.27134720720609
15278,15.858248769621966
15279,16.712112662371474
15280,16.398271921616082
15281,15.66231422594161
15282,16.071766366770728
15283,15.469715797902786
15284,15.44177510460298
15285,15.45209693970276
15286,15.35405326659395
15287,16.43578163772522
15288,17.746515040282393
15289,15.962791334426319
15290,16.535757710805438
15291,15.662821961860987
15292,15.433801187094172
15293,16.50042028040245
15294,17.00552620743681
15295,17.471051680626427
15296,14.778573180898988
15297,17.246623665674274
15298,15.573603504406394
15299,16.703523720240074
15300,15.919501910433581
15301,15.379277265559237
15302,17.29153961718235
15303,16.489427954282878
15304,16.43080171276153
15305,16.27555017822951
15306,15.48966073201109
15307,16.270794463242613
15308,15.023599847399561
15309,15.604611502626692
15310,15.374465337663091
15311,15.822425028241321
15312,14.826318312182831
15313,15.917771538013117
15314,15.262236139765127
15315,16.95554812641194
15316,15.39091444762234
15317,16.08940009571343
15318,16.728812422819782
15319,15.634165542752912
15320,15.471996427109483
15321,16.261466006330096
15322,14.4046891430122
15323,15.729766004530145
15324,16.487486872180803
15325,16.868080301191398
15326,15.295675927672749
15327,14.763724320030573
15328,15.49950845930918
15329,16.106416001179298
15330,15.39751348734375
15331,17.107747647314397
15332,14.993815784641226
15333,15.23569448085669
15334,15.643057344291257
15335,15.602022369021615
15336,16.46051132838035
15337,15.988349492289412
15338,16.739989254468696
15339,17.185202098339303
15340,16.179685899141916
15341,15.449307112078934
15342,17.721764585572952
15343,15.80227358513468
15344,16.185161562398783
15345,14.670055982461596
15346,14.249586873228179
15347,16.05142045046696
15348,13.76023028917158
15349,15.494309738877773
15350,16.407295868257652
15351,15.367554777767655
15352,14.71133930654221
15353,16.109270419399408
15354,14.608044227148813
15355,14.504414055234502
15356,14.255574616527182
15357,15.764156475372417
15358,17.134911947633157
15359,16.090168953856733
15360,15.789108215038453
15361,16.611342095558133
15362,16.12140105172612
15363,14.685998484096364
15364,14.891229691798895
15365,14.980872936712831
15366,15.703193835918507
15367,16.186192093009723
15368,15.109527621354186
15369,17.38712574773275
15370,14.552343763599495
15371,14.592172755156321
15372,16.11960484318472
15373,16.352827595615828
15374,16.5775211552359
15375,16.437587841547497
15376,16.093831640158474
15377,15.783731147101804
15378,16.42073529217163
15379,15.378031371371307
15380,15.083246540904025
15381,14.92497464514636
15382,15.872514147764093
15383,15.272245278325045
15384,16.219357497913535
15385,15.414201824101808
15386,14.886254619055382
15387,14.513446596945576
15388,15.458486502592866
15389,16.38849910194885
15390,15.32198897613962
15391,15.966677333762965
15392,15.811484786975248
15393,15.478158007155095
15394,15.664681981771793
15395,14.317837940185589
15396,17.80602028646967
15397,14.134995024796407
15398,16.53883255196321
15399,16.149901953203116
15400,15.267532287250402
15401,15.581961034868568
15402,15.623478521165975
15403,15.81267506424619
15404,16.567984586060117
15405,16.159231509942146
15406,16.145790113194607
15407,16.08749667526547
15408,16.412817513298
15409,16.424865880209374
15410,15.71157874757523
15411,14.347313104024275
15412,16.1265535148586
15413,16.637279927209057
15414,16.916722015440325
15415,16.04318451553239
15416,16.314950511871235
15417,16.57855445067504
15418,15.449265740603083
15419,15.7306348467919
15420,16.256740763882334
15421,16.776940975933336
15422,15.229180553178608
15423,16.250267177440872
15424,14.97984155683161
15425,15.652552422181166
15426,16.610424197716966
15427,14.64065463640133
15428,15.78730927062136
15429,15.002997419942593
15430,16.10067242706626
15431,15.776170515074519
15432,15.01943121321882
15433,15.811175074191736
15434,14.64993444368636
15435,16.120374195633808
15436,15.317223476779358
15437,14.966033426122552
15438,15.164290656062164
15439,14.672278356200954
15440,16.92459144753682
15441,14.071013706853718
15442,16.724367524231106
15443,16.291215272916286
15444,16.109977720493205
15445,15.578071045649198
15446,16.808715590487285
15447,16.69750814751061
15448,15.182493662432496
15449,16.258351250814197
15450,16.69447772946174
15451,16.076747299457278
15452,15.387788077823803
15453,16.93030414679593
15454,15.309061538897495
15455,15.215443841842449
15456,15.72396964613316
15457,14.632510232381176
15458,16.264551477369036
15459,16.479279234930953
15460,14.88499812592109
15461,14.992828844387553
15462,15.635998705662097
15463,14.62066770797639
15464,14.76407065553475
15465,15.899268341540987
15466,16.17969490262977
15467,15.293621563383992
15468,14.878923638230363
15469,15.225812298120982
15470,14.449950336783088
15471,16.3421160521807
15472,14.81029057677543
15473,13.438000353630967
15474,16.57197971529401
15475,13.549037092956086
15476,15.773794416438545
15477,14.704806609651728
15478,16.534635332203585
15479,13.846167077783212
15480,16.241054945280293
15481,14.796312648999821
15482,15.871445238349258
15483,15.983553131319207
15484,15.701664434865014
15485,15.083946975335532
15486,15.773048209186625
15487,16.77578933673842
15488,16.78027333723373
15489,14.050427350180856
15490,14.380587925583466
15491,14.584078954351043
15492,15.640061934119435
15493,14.831363843603743
15494,16.275205986201648
15495,15.99244302044609
15496,15.032652129602633
15497,15.595282696710305
15498,16.805949432049292
15499,17.109415665927113
15500,14.714851542836678
15501,15.705213068299042
15502,17.492551094287023
15503,15.737222880545858
15504,16.019456450672294
15505,16.2727897822024
15506,15.43625413334744
15507,15.916596839884402
15508,15.163104322873632
15509,14.584445370587172
15510,15.205046866421604
15511,14.868153140649282
15512,15.603387331540281
15513,14.588937292580054
15514,16.567949807551187
15515,15.55021938527301
15516,16.011683250312892
15517,15.317313346465612
15518,14.55993366245238
15519,15.419818048743236
15520,16.33560659083718
15521,15.176827398446298
15522,15.856652569518275
15523,16.40916864548843
15524,17.020075884525827
15525,15.700358362568247
15526,15.829851284543347
15527,16.788955597999355
15528,16.559681560811427
15529,15.020893808570873
15530,15.386547996370451
15531,15.718615350509843
15532,16.388641218425764
15533,17.759753956321692
15534,15.316803836805986
15535,15.422989330549239
15536,15.836152015362167
15537,16.4824434275285
15538,15.908901657242044
15539,15.756229420781809
15540,15.774134953005824
15541,16.688212934875967
15542,15.174381580065905
15543,16.420713435281098
15544,16.159879804764632
15545,15.065602773481885
15546,15.17496217068015
15547,14.866447846341398
15548,16.894300423858063
15549,15.14372588005164
15550,16.33984238267772
15551,15.447450809737655
15552,14.875999060676623
15553,16.806920277077523
15554,15.345254819600376
15555,14.800127902497453
15556,16.40964905164315
15557,15.510850047961357
15558,15.984673151281054
15559,16.254834322010147
15560,14.46286165943331
15561,16.093397135706404
15562,16.73113961539216
15563,15.950688000176939
15564,17.35117860857517
15565,14.901186281492073
15566,16.00708109161073
15567,16.465145239200606
15568,15.330549254527073
15569,15.768787957845909
15570,14.635475280116086
15571,17.089451355614028
15572,17.33821750179015
15573,15.3144178113647
15574,15.30474933271668
15575,16.010126950985235
15576,15.068064529318816
15577,15.648221849726498
15578,14.364762278693476
15579,16.674340174135253
15580,14.77006982301188
15581,14.144755187985483
15582,15.468835635627556
15583,14.59916239658903
15584,16.12410776323804
15585,16.415465056673455
15586,16.061853719262572
15587,13.46222007910647
15588,14.938346169388245
15589,14.055314432302952
15590,16.739125314291726
15591,14.67188675426197
15592,16.20566288467583
15593,14.732742895103948
15594,14.652537027407153
15595,15.056849129805041
15596,14.022264649903152
15597,15.32141891719076
15598,17.33963774206314
15599,16.179388910762007
15600,15.257768286204369
15601,14.737812857044892
15602,15.707654544430504
15603,16.432620824623598
15604,14.774189578038838
15605,15.158590344796217
15606,15.47926121551198
15607,16.35593034832657
15608,14.445762233946224
15609,17.08332586650592
15610,14.854887106217054
15611,14.948110562060915
15612,15.270439340595837
15613,17.40125719424414
15614,15.156233375698605
15615,16.300797755721234
15616,15.122738037874498
15617,15.12737288978051
15618,16.135790040294946
15619,15.263600782087082
15620,15.690837341025494
15621,16.03070042384796
15622,14.860400763125938
15623,15.780184933818935
15624,14.46141629842304
15625,14.922123462088303
15626,14.832534433960367
15627,14.419996341437336
15628,16.03480671893231
15629,15.836138137237034
15630,15.80236881569577
15631,16.013071760325353
15632,16.54415230391945
15633,14.621561005914868
15634,16.918049518915666
15635,15.968245592874737
15636,16.584258266939834
15637,15.320724216142086
15638,18.102049478228743
15639,14.103760504404748
15640,17.04736353022601
15641,16.45975487282721
15642,15.054276379689478
15643,16.110765907836235
15644,17.14452628066506
15645,16.321813268824325
15646,15.545482292003443
15647,15.592264196007411
15648,15.641418491550471
15649,15.777618062181215
15650,16.784542321873694
15651,14.865531785713081
15652,14.841509819982328
15653,15.930628990287191
15654,16.801865803136533
15655,14.432017142462138
15656,15.708968604837192
15657,16.501271581811704
15658,15.616175105601954
15659,16.260358525823985
15660,16.26486425129308
15661,13.800739395535134
15662,15.845992822718237
15663,16.021554755042576
15664,14.297357853017788
15665,16.13031585310049
15666,15.731102970197188
15667,15.122097242514878
15668,15.934118102742096
15669,15.803591769714355
15670,15.47445075990237
15671,15.034913597665206
15672,15.714084594283952
15673,16.77646718634103
15674,15.669095744424794
15675,16.63754971712618
15676,15.391616103852337
15677,14.508463200124233
15678,14.702064604555039
15679,15.28358522657733
15680,14.641930113688778
15681,16.76394133089346
15682,14.652566122023751
15683,14.855210841123377
15684,17.831600576187697
15685,16.413166981839574
15686,15.428377104832157
15687,17.210611956075482
15688,15.798130225930906
15689,15.54583780794883
15690,15.42978402197745
15691,15.14598081411791
15692,18.273940874920477
15693,15.52795942291529
15694,14.798438144164981
15695,15.388579339306972
15696,14.293025517228827
15697,16.12439592145728
15698,15.539885581737865
15699,16.617938740416243
15700,15.39026685652555
15701,15.74576040688834
15702,15.51694800582379
15703,15.927096122591076
15704,15.146314802256555
15705,17.193403665644684
15706,14.449795439556333
15707,15.773103465124768
15708,16.91597919906692
15709,14.730994234146037
15710,16.627246287272218
15711,16.420623361336325
15712,16.24416938582943
15713,15.159141622828328
15714,15.237495613837782
15715,17.000661541871747
15716,15.427390941032424
15717,14.749557350608429
15718,15.770002204182912
15719,15.227963566170839
15720,15.20003562345421
15721,14.941112651328858
15722,15.58436448790458
15723,15.468610704065599
15724,15.088362882822262
15725,15.8037847006283
15726,16.93224000836777
15727,15.18798161873509
15728,16.661337741901722
15729,14.377877943560312
15730,15.916240360673694
15731,17.109932291756305
15732,13.883671851730261
15733,14.554937955821583
15734,15.319620441104648
15735,16.50410601102529
15736,16.949359518276914
15737,16.60123489075908
15738,17.11558377078417
15739,15.309420563145549
15740,14.10000005968128
15741,15.939748171619083
15742,16.446342860915863
15743,15.168989141914079
15744,14.84903314948486
15745,15.672335927895864
15746,15.015072848184714
15747,14.625678655054053
15748,15.057533584858913
15749,14.218190070669808
15750,14.048103623678431
15751,15.484351972739079
15752,15.387106633951372
15753,14.91374485481097
15754,14.356715554159118
15755,15.539161056360378
15756,15.564602683674856
15757,15.856897845068639
15758,16.76646600996289
15759,16.373354220563506
15760,15.885154578480634
15761,15.05715414646279
15762,15.265266487156342
15763,16.341698804347345
15764,15.604228304529286
15765,13.91369306246209
15766,14.915107956125244
15767,15.414480181883246
15768,15.48543116183417
15769,15.011185489188806
15770,15.831199454306395
15771,16.414821126270933
15772,15.507583389335382
15773,15.738414546226387
15774,17.263449028681503
15775,15.897242415611588
15776,16.227591087496794
15777,14.819681871164974
15778,14.954097737547734
15779,16.281848848647872
15780,16.038773492430256
15781,15.195973726960895
15782,16.150835040732872
15783,15.931325974160902
15784,16.542269626947316
15785,16.94674886057427
15786,16.536307346162847
15787,16.760955572297366
15788,16.566977261441124
15789,16.596274578483605
15790,16.293213368738968
15791,14.808704431326131
15792,15.105018068322206
15793,16.093982754588644
15794,14.18338282487917
15795,15.735262748769463
15796,14.634742737409633
15797,14.908172601883543
15798,16.064671862304657
15799,15.722861083175934
15800,15.850176101494803
15801,15.395316425367904
15802,15.00513892974756
15803,17.021803895858557
15804,15.036817571969214
15805,15.352362352808631
15806,16.85692248572118
15807,14.327660363126583
15808,17.33112561126424
15809,15.991489063059253
15810,16.634448006879044
15811,15.1773418097815
15812,16.142654747607217
15813,16.50238065237339
15814,16.53205343104158
15815,15.957926364694625
15816,15.836769313183776
15817,15.526870294618712
15818,15.017749314692072
15819,15.575671274723616
15820,15.92930253517414
15821,16.496931038423643
15822,16.1352843094508
15823,15.480243703733922
15824,15.008810976763298
15825,15.382528960305569
15826,15.40287717640413
15827,14.829824946629785
15828,14.141370524930105
15829,15.033158413785157
15830,14.266293305872043
15831,15.34981973220396
15832,16.379771333132155
15833,15.183257176670491
15834,16.021144291098157
15835,16.092950689768642
15836,15.654227341427505
15837,17.20165614966556
15838,15.588767190900326
15839,16.785138262111843
15840,16.04779872569281
15841,15.119186700759835
15842,14.948940315987077
15843,14.409121563145906
15844,15.327229209918233
15845,15.414985545371595
15846,15.94385516341304
15847,14.426686735170055
15848,15.284383985459085
15849,15.01560161512507
15850,16.22437484384031
15851,15.724263856008863
15852,15.512339228551069
15853,15.25423936192897
15854,15.593088499324093
15855,15.57584788954907
15856,15.982896839350454
15857,14.29489308791753
15858,15.471333994014067
15859,15.627292556276174
15860,16.551994123642064
15861,16.745226406439922
15862,16.242438370926045
15863,15.15009568848562
15864,15.942416180356055
15865,16.150886887557935
15866,15.605430928861352
15867,17.273146730735455
15868,14.544644321363453
15869,15.118710034658111
15870,15.505713712639608
15871,14.282490394704515
15872,15.05030021361206
15873,14.650396447645424
15874,16.50563143387668
15875,14.833880251003135
15876,16.84757854955128
15877,15.768449327922823
15878,15.509283459751279
15879,15.843017257257705
15880,15.354460828391717
15881,16.19179181488095
15882,17.079103225833425
15883,16.237238105420314
15884,14.297383054167673
15885,15.438987243454676
15886,15.760856235444637
15887,15.39945037304129
15888,15.426082276723466
15889,14.99420480865574
15890,14.878344295459932
15891,15.966303117374746
15892,15.787144360817077
15893,17.064788894672294
15894,14.470794130436245
15895,16.702802111154053
15896,15.227053861801622
15897,17.76963519012587
15898,17.271181538390927
15899,17.059228239212157
15900,16.297545139630913
15901,17.374759314375048
15902,15.484325604420281
15903,15.997792320597348
15904,15.881347781976109
15905,15.939804364691001
15906,15.306287580783149
15907,13.466007257921842
15908,16.133754759360894
15909,16.73476617578075
15910,15.897505708739047
15911,15.166125395168354
15912,16.0958179227202
15913,15.800352273508906
15914,15.370696062183685
15915,16.185466141804703
15916,15.624434849810074
15917,15.587112160300116
15918,14.534123520482403
15919,15.616623689319189
15920,15.753636873624036
15921,16.092996103303946
15922,16.703107039064324
15923,16.584372437220914
15924,16.932745791851858
15925,15.287239952405768
15926,14.538172748543325
15927,16.204370907384337
15928,15.922919199582864
15929,16.40476239631315
15930,14.913314667838417
15931,15.136095624155752
15932,17.772726163497513
15933,15.634828598218174
15934,16.895820223784114
15935,16.002646303951085
15936,15.317615255023707
15937,15.35680881611263
15938,15.325804634016581
15939,13.307745510694538
15940,14.761674140784333
15941,14.629986825101177
15942,14.353132554934755
15943,15.482332823461226
15944,15.885239252296348
15945,16.106729883551417
15946,15.695311849630734
15947,14.436306947401416
15948,15.531731054057836
15949,15.677430100726493
15950,16.480781850839954
15951,15.960075712846626
15952,14.175948635456445
15953,14.994238802832609
15954,15.783971068421778
15955,16.813717500637285
15956,14.611698133644142
15957,15.779915539475875
15958,15.456636588909042
15959,15.570391625848321
15960,15.147772973345344
15961,15.14733248713524
15962,17.589456424453488
15963,15.528582378952663
15964,15.076862188871587
15965,15.990224042161973
15966,13.646430531561695
15967,15.606984736598882
15968,16.765499264370806
15969,15.535784327022201
15970,15.34525109884039
15971,15.452175106189781
15972,15.9576192496552
15973,15.576813717172318
15974,15.28112280527578
15975,15.99706134538562
15976,16.395428981523324
15977,15.266374482540378
15978,15.000054316486382
15979,16.204709343421058
15980,16.753567035096935
15981,15.969902432491665
15982,15.545401225206906
15983,15.369153174371865
15984,16.443609530339305
15985,14.889339749566949
15986,14.500121119680156
15987,16.202247685258087
15988,16.466541162223546
15989,15.801619826668949
15990,15.414249321939401
15991,15.597695156893973
15992,16.916917535349327
15993,15.664877888773562
15994,15.719459700795516
15995,15.549314398636298
15996,16.956882016994193
15997,15.49703375752476
15998,15.2069357852982
15999,14.14405149511247
16000,15.83992822927297
16001,15.312574800212722
16002,15.467249488712959
16003,15.529006867992187
16004,15.86749483302163
16005,15.900889794445296
16006,16.02877306803518
16007,14.524511846809547
16008,14.336316200679198
16009,15.459462482964684
16010,16.18412445190676
16011,15.806882197598116
16012,16.070057512324272
16013,16.282159020745667
16014,15.729473000478526
16015,15.06994344588464
16016,17.043448069969088
16017,16.375150131691434
16018,14.901088542039805
16019,17.26038985642902
16020,15.922118194224147
16021,14.282911536973405
16022,16.221983578747402
16023,16.374063834606876
16024,15.312899565033254
16025,16.34763013147368
16026,16.57549334919085
16027,17.362329688053144
16028,14.961770044616317
16029,15.843616016591957
16030,16.121660836556934
16031,15.622187674867916
16032,14.756052239505797
16033,15.67522014360588
16034,15.56557333771922
16035,14.990562385738164
16036,13.952681134812455
16037,15.591113815372552
16038,15.850048947662355
16039,14.861769885562662
16040,16.24196816653617
16041,15.861361738888492
16042,15.83778749063225
16043,15.500605858335877
16044,16.451583920817402
16045,15.484725457985938
16046,15.451400490063723
16047,14.95555727560163
16048,16.1243504272076
16049,15.726122678519015
16050,15.124683972141293
16051,15.332648491440885
16052,15.85879421471353
16053,16.0458522370996
16054,15.870308056915153
16055,15.760587186385216
16056,15.103918296026752
16057,13.755448693338458
16058,13.897518322161371
16059,15.135467660859469
16060,15.813343859344192
16061,16.241839833229825
16062,17.106141368722746
16063,15.77326863414481
16064,15.644661599849941
16065,16.25320078804561
16066,15.155309338426255
16067,15.794192791520947
16068,15.637678940638125
16069,16.30400668659538
16070,15.167356826650085
16071,15.14819069551097
16072,16.73015914658795
16073,16.207339856405685
16074,16.26793090375022
16075,14.684331239411646
16076,15.314641693732323
16077,15.333946440346667
16078,14.777904089570995
16079,14.618055022306631
16080,14.137041152347177
16081,15.293980431976484
16082,14.856953091210828
16083,16.4709965088248
16084,13.99189222235534
16085,15.931131929479067
16086,16.945317743828138
16087,17.297132248747992
16088,14.162501728716427
16089,15.11424740071748
16090,16.93065948459638
16091,14.892869469123609
16092,15.006583662700598
16093,15.752561599017648
16094,16.022997250325286
16095,15.050097128894421
16096,16.266421465993638
16097,14.965630336114414
16098,15.085580679523114
16099,15.533105579618791
16100,15.619730507352791
16101,14.60610476772427
16102,15.586910039433544
16103,15.019641985841064
16104,15.372603383040747
16105,14.9589250339669
16106,14.925101208163687
16107,15.1033438487186
16108,16.784070498588587
16109,17.65759689419028
16110,15.332074875855266
16111,16.38985782597046
16112,15.663332105280876
16113,13.345946403347822
16114,17.270528939387763
16115,16.289721668281576
16116,14.629046399005347
16117,15.091150157976434
16118,14.209110176514823
16119,16.060063862258023
16120,14.823925558894379
16121,15.815278377693096
16122,15.925837911761885
16123,17.010308281801528
16124,17.010128604042446
16125,14.754045672651923
16126,14.89537852026428
16127,17.243172333623082
16128,14.875007028638993
16129,14.950327630388966
16130,15.904632931802404
16131,14.909558793441251
16132,15.313272850083855
16133,16.816294571447514
16134,14.081530170569094
16135,17.45252659070414
16136,15.314407139535462
16137,17.098909349936505
16138,15.796253921222315
16139,17.86691942485357
16140,15.022626862649611
16141,13.951483437747868
16142,15.331287353009975
16143,16.21579228314796
16144,15.960702400628612
16145,16.363800349942668
16146,14.936595972915256
16147,16.721085385354776
16148,14.414974229647049
16149,17.079356924500935
16150,15.152813513440279
16151,17.149104014197036
16152,17.00421922173897
16153,17.944180166377844
16154,15.79649959838773
16155,15.50442055901925
16156,16.97492702348114
16157,15.220226838061015
16158,16.269497878937653
16159,17.206703061319143
16160,16.140786959593576
16161,16.202693826438566
16162,15.323276342813935
16163,15.953304269916574
16164,14.804928495698645
16165,14.921732923675634
16166,15.447308697076274
16167,14.126152131593203
16168,14.900155254057188
16169,15.166230716410546
16170,16.87428508560104
16171,15.126827189665306
16172,16.404268877617643
16173,14.996277610427912
16174,17.487074874375594
16175,14.343638816087134
16176,15.924899223365557
16177,14.802339890088017
16178,14.86354487561864
16179,16.867726238376353
16180,15.950345121658053
16181,16.559521909385946
16182,16.30802066816678
16183,16.310644541982317
16184,15.147247865129913
16185,15.904413024108873
16186,16.274378265080138
16187,15.631865570557412
16188,15.373442232308857
16189,15.144671312577522
16190,16.16564475288142
16191,14.94005473045621
16192,15.653629626743758
16193,14.878145941336758
16194,15.446525155842503
16195,15.164724954440024
16196,17.08880871831377
16197,16.985856219483946
16198,16.598811858934816
16199,14.51172501802104
16200,16.32145753389834
16201,16.717241010099006
16202,15.622690825670174
16203,14.102384788437767
16204,15.945308878374167
16205,15.843661349598294
16206,15.220612815839747
16207,14.998223869812474
16208,17.69564083201104
16209,15.430468953530342
16210,16.728340797197845
16211,16.07015521733828
16212,15.623519599457486
16213,14.730317455710365
16214,14.572689159300653
16215,15.181364685710072
16216,15.613892528214675
16217,15.897404664321167
16218,15.528219018150647
16219,16.511456029102852
16220,15.058237106579192
16221,15.921475277526522
16222,16.68386644976114
16223,16.482230709613724
16224,14.929953376051465
16225,14.949415624081858
16226,16.258532736390187
16227,15.496198619268036
16228,16.5588742923732
16229,14.556046786394981
16230,16.527980589078528
16231,15.229448587650124
16232,14.461166202475225
16233,13.87423439978256
16234,16.352870815728767
16235,15.852467316626809
16236,15.293353141717915
16237,15.12128899160023
16238,15.238563296339558
16239,15.481207581804533
16240,16.558865033966477
16241,15.834009494752767
16242,16.670689297417045
16243,15.35447292707687
16244,16.587529985717953
16245,17.535488597826948
16246,16.502412083158042
16247,15.51590812228138
16248,15.011599917514546
16249,16.45411566598641
16250,15.196232493516176
16251,14.711330119758724
16252,15.456719258411438
16253,16.09207170610046
16254,15.15496321455088
16255,14.960147834455922
16256,15.913837728958338
16257,15.264798998704796
16258,14.39179265578287
16259,17.769339888848442
16260,14.964022825419187
16261,15.229095445649165
16262,14.588606339763361
16263,15.513213336017571
16264,15.637100970096975
16265,17.078138288688642
16266,15.296702180050547
16267,15.468731629942106
16268,13.569106017326652
16269,15.74898024956113
16270,16.175479600962746
16271,16.831549712787794
16272,16.366504999777174
16273,16.946766217198633
16274,13.702158460010645
16275,15.426077209261583
16276,14.848018051487555
16277,17.49731966778593
16278,15.77052141157955
16279,15.013251422936928
16280,15.930093243197392
16281,15.373942017242031
16282,16.159132992512514
16283,16.37898151811915
16284,14.475245782845397
16285,15.739619655242581
16286,14.066202064755805
16287,15.061792487125743
16288,15.345474550213455
16289,14.850732970565176
16290,15.06214137503613
16291,15.068617465793535
16292,15.548213977284485
16293,16.0660961596931
16294,16.39739312156398
16295,15.138700755333707
16296,15.710789148034795
16297,13.884637765106119
16298,14.9315527372137
16299,15.633181522762294
16300,14.659639153066538
16301,14.60826465542344
16302,15.43376057157848
16303,14.579922098806646
16304,15.856786180727852
16305,15.753758026009136
16306,15.648038537675646
16307,15.87851294231959
16308,16.378519538461415
16309,15.347752102063344
16310,14.7113481851857
16311,16.235139402112175
16312,16.373568760343314
16313,16.90438825492509
16314,15.099666030801497
16315,16.4148951218474
16316,15.784090871683102
16317,16.579039298285934
16318,14.845866406549774
16319,16.577097186573905
16320,13.889087239551658
16321,16.11756905265648
16322,16.007797831933484
16323,15.48900936205577
16324,15.553930673104682
16325,16.969656965313785
16326,14.118575120732121
16327,16.091699410356956
16328,14.84377322370418
16329,16.43424243609937
16330,14.770106785611738
16331,15.826691409425845
16332,16.250247233050235
16333,15.705372519437448
16334,16.009643102060608
16335,15.92032888412348
16336,15.242768808455732
16337,15.468596817903489
16338,15.683473073113575
16339,15.218813546354962
16340,16.344466133246218
16341,16.903141412544684
16342,14.719029294411536
16343,15.588627393372748
16344,15.659711057583284
16345,14.538989974550546
16346,15.620106929247303
16347,15.760137399500822
16348,16.175689442772057
16349,15.80844296203316
16350,16.56181178520682
16351,14.620383157784197
16352,15.507819261825908
16353,15.046789665406093
16354,17.339265394707276
16355,14.425568530944437
16356,16.556925262163894
16357,15.096663744065925
16358,15.981871082276832
16359,15.737716364841525
16360,15.110285820657582
16361,14.748850901832517
16362,16.092149737475854
16363,15.520267052260841
16364,15.737655240985141
16365,15.573373931518642
16366,15.880711473978394
16367,16.25221364827872
16368,15.918887117955581
16369,15.590552009819707
16370,15.007949154234868
16371,15.07511711155845
16372,16.904288975749687
16373,15.169516658578855
16374,16.158918735339903
16375,17.565438729651756
16376,16.02250798181744
16377,14.69635549411844
16378,16.146394743649314
16379,14.28798190176974
16380,14.80405015016611
16381,15.94412503510967
16382,15.480954662576526
16383,16.173424321864477
16384,14.576987340717142
16385,15.65382682054659
16386,15.804671305772152
16387,15.39759762493527
16388,15.625088545529264
16389,15.006649696639828
16390,16.1571392763051
16391,15.644071249181017
16392,17.11692656374566
16393,16.053867778841383
16394,16.07750619300194
16395,16.713778445535045
16396,15.395502400987858
16397,14.884217317190528
16398,15.605882765760596
16399,15.507852161641889
16400,15.714257164402884
16401,16.065500151549795
16402,15.25854540004557
16403,16.4988563239772
16404,16.87829271542281
16405,15.163780407388945
16406,14.605683693882966
16407,16.508417633509357
16408,16.31175845567327
16409,14.768225129736324
16410,15.716913177317451
16411,15.992108498850449
16412,15.366631206436326
16413,16.038687827765706
16414,16.249974898420323
16415,15.498172987230637
16416,15.157425654218873
16417,14.533331003134196
16418,17.308162736595882
16419,15.837597578932176
16420,15.504267517270558
16421,16.549205880135588
16422,15.5000550073617
16423,15.075767184176009
16424,17.752568800370593
16425,16.74140147350996
16426,15.697390386154636
16427,14.457940598786116
16428,14.391856600481644
16429,15.796685518359142
16430,16.734798769418827
16431,16.983460014395174
16432,16.06843556853261
16433,15.517312990736214
16434,15.429376984968439
16435,16.25351598094597
16436,14.571361161725154
16437,15.611036078646983
16438,15.308360637311612
16439,16.420345804082963
16440,15.3596143442606
16441,15.734864328009525
16442,13.094881694712406
16443,16.795625191018345
16444,14.890635449888107
16445,15.178558303368094
16446,14.945615902508038
16447,15.84994657836097
16448,16.34279973925463
16449,16.241808789161396
16450,15.603142946455215
16451,15.689047910865654
16452,15.939965286078138
16453,14.445474782168379
16454,15.709065661849444
16455,15.694376143170391
16456,16.17476698380063
16457,15.127771601798841
16458,15.143191035733587
16459,14.76719169882234
16460,15.938578288629467
16461,15.782982725247006
16462,16.54518554486482
16463,15.656008062618973
16464,14.38126911269154
16465,16.869669403214612
16466,16.444971658028127
16467,15.916332231268584
16468,15.452275984578979
16469,16.326931056947906
16470,15.132901671681235
16471,15.67098863691585
16472,16.11161342905279
16473,16.202372920156265
16474,14.089569901729444
16475,15.35873416620735
16476,15.892793724466795
16477,13.996078631546608
16478,14.764157662974915
16479,14.768403923591622
16480,13.8129063877447
16481,15.119288061323047
16482,16.025932095934294
16483,14.664953252249683
16484,16.52422133863305
16485,14.890131294085135
16486,15.838618521066136
16487,16.78553656739449
16488,15.700331944483501
16489,16.222896128895204
16490,16.376789293162876
16491,14.733326407305047
16492,14.158943806455156
16493,16.348340546782318
16494,13.69613314673605
16495,16.549184270394846
16496,14.783703313629324
16497,15.195968390936983
16498,15.164993332731582
16499,15.330146855202328
16500,14.60971429602563
16501,15.380217422263165
16502,14.699209413219961
16503,15.2692344195002
16504,15.789380567411406
16505,15.665325497056818
16506,14.651235794556888
16507,16.464555310211328
16508,15.431033304759803
16509,15.937431523053219
16510,16.300962373523326
16511,16.30590405869262
16512,14.827241172919134
16513,14.494183578532077
16514,16.013253362962217
16515,14.754944479874979
16516,15.097305621630703
16517,15.138120849495685
16518,16.63373996623487
16519,15.793572741860809
16520,15.666112343042313
16521,16.633461995766204
16522,14.60984598421571
16523,15.763369219366876
16524,15.828762978185102
16525,14.71050571163168
16526,15.645518327367535
16527,13.966278263266469
16528,14.974116929661456
16529,15.87815955216676
16530,15.509192640008113
16531,16.888993616681674
16532,14.897451517003203
16533,15.451594388175
16534,17.002940411940084
16535,16.32090007335171
16536,14.906820295120768
16537,16.180787294446173
16538,14.585086939688747
16539,15.489047666711242
16540,16.1612144548877
16541,15.812264933458849
16542,15.72866751540058
16543,16.78558849494306
16544,14.309988245860145
16545,14.620316113894303
16546,13.838918369365908
16547,15.333356420218383
16548,15.558231639579413
16549,15.328754946352403
16550,14.559665020069714
16551,16.022062802746117
16552,14.859452675348791
16553,15.208314520412193
16554,16.324002842180334
16555,15.582174914744874
16556,14.157025343754459
16557,15.642042464033235
16558,15.252912627550105
16559,15.944836661765407
16560,14.752046764164756
16561,14.729791062464173
16562,16.51165330047163
16563,15.889206178824233
16564,16.14574923286728
16565,16.648818323166658
16566,15.887893373944873
16567,16.816274500291293
16568,15.617370213371812
16569,15.311772805344889
16570,15.81874926238726
16571,15.37764465596915
16572,15.135446700050691
16573,15.611867387753177
16574,15.336528297448716
16575,15.661775862816334
16576,15.704375297883395
16577,16.660769747432106
16578,17.031171475184312
16579,15.754783374326655
16580,16.50399445642688
16581,16.004194916210565
16582,15.390339405058628
16583,14.701116625526234
16584,15.653681303206907
16585,15.347735877579735
16586,14.859971663092178
16587,15.578724053754717
16588,14.635116108099727
16589,14.59291322704966
16590,16.317228923186853
16591,16.638323590352268
16592,17.582920213840353
16593,17.897363295400467
16594,14.97671881255229
16595,14.871774099223005
16596,15.97835943278992
16597,15.719570380448804
16598,15.44709221703259
16599,14.992435781578228
16600,15.533227792544574
16601,15.689208470849284
16602,14.353601717682457
16603,15.962202130703878
16604,16.169009052523098
16605,15.351271606198319
16606,16.19976867231341
16607,16.209841585171134
16608,15.201772282294764
16609,15.786237091776524
16610,15.133912822184138
16611,15.961464672569722
16612,17.855803803356572
16613,15.865278407988113
16614,16.353250248866715
16615,16.629026832281212
16616,16.13776809459027
16617,15.30892913941761
16618,15.194511543266353
16619,14.774442642758427
16620,15.595144146986403
16621,15.402478352423493
16622,14.957607060290467
16623,15.309143965586442
16624,15.346934042992615
16625,15.967131784074786
16626,15.700263303403425
16627,15.343505066993627
16628,14.628839770234183
16629,13.345799610253655
16630,15.517966704581767
16631,14.544285651414196
16632,15.401045305519771
16633,15.388525882497031
16634,16.580873241000578
16635,14.559349040027097
16636,16.952758299058683
16637,15.275675625018902
16638,13.588484664956667
16639,16.344056913505018
16640,15.151171263842508
16641,16.082067668742766
16642,15.664219770509174
16643,16.295526276306454
16644,16.17832809516802
16645,17.046280056274103
16646,14.803003722410523
16647,15.136483866872585
16648,15.519673277070453
16649,16.4675886967697
16650,15.722796311369883
16651,15.170671950294746
16652,15.490309091110058
16653,15.395073438380635
16654,16.327471444600867
16655,16.308664756831476
16656,16.779404872466827
16657,15.323667266695088
16658,16.109155290321596
16659,15.173847124290257
16660,16.089485265865143
16661,14.019633107874622
16662,15.203127807251716
16663,14.587808640049893
16664,14.045541239088404
16665,15.021633718063342
16666,15.748529256972615
16667,15.375319981667877
16668,15.07709655698862
16669,15.582331848692611
16670,15.582705589678714
16671,14.526719870062115
16672,15.80699746381793
16673,16.198677061720232
16674,16.274877047041457
16675,14.629526800187755
16676,15.736310599228707
16677,16.138785641654238
16678,16.063367304960916
16679,15.282845718393926
16680,16.764264525094788
16681,16.24997577062242
16682,15.449526176620832
16683,15.650520680395976
16684,15.985293805414859
16685,16.429033284181916
16686,16.233877838500018
16687,15.428855949714906
16688,16.44406263918797
16689,15.886671505391345
16690,15.504348213133394
16691,16.158738039334708
16692,15.347817568050926
16693,15.972685168054605
16694,16.952444725042763
16695,15.318280148380968
16696,17.671933991122508
16697,16.286056731183866
16698,15.592181459807428
16699,15.306036736661857
16700,13.937480378443912
16701,16.764698243727107
16702,16.38046230527094
16703,16.86275669141564
16704,15.545666809122006
16705,14.490164974967646
16706,15.19307162417547
16707,15.744606697996174
16708,16.109690279135872
16709,14.750911450585681
16710,16.622247597297946
16711,15.132193741821453
16712,15.98183616598535
16713,15.406860690834426
16714,16.01267044898089
16715,15.741141594830067
16716,16.09242701115605
16717,15.465791090107597
16718,15.536304542920785
16719,15.933199869908472
16720,16.524872737712712
16721,15.009100854636086
16722,15.057095053815535
16723,15.54936060847407
16724,15.6726961942995
16725,14.878684766726526
16726,16.783085623969242
16727,16.883436548615528
16728,16.262124608858134
16729,16.35348717169779
16730,15.348740972630395
16731,16.311853666120594
16732,15.98595393900619
16733,14.827872578153485
16734,16.76468172990666
16735,17.05034793562452
16736,14.603143463387607
16737,15.660407825882745
16738,15.35537710353527
16739,15.027011595408263
16740,16.246656074855814
16741,14.566020077953862
16742,15.672118329102192
16743,14.628007893262554
16744,15.70480934793958
16745,15.962423249985735
16746,15.795631221448513
16747,16.93472677796939
16748,16.424472653711145
16749,16.84932088245945
16750,15.709103777842376
16751,15.096636679085874
16752,17.29508270782108
16753,15.349612102626665
16754,15.362281221836836
16755,16.84683123410061
16756,16.416639386041137
16757,14.792541628385267
16758,14.902199810298193
16759,15.785032570368228
16760,15.808488795646289
16761,16.54325896084949
16762,16.242644135103177
16763,15.436162209108323
16764,15.575275556080257
16765,15.483638488259558
16766,16.148395130440164
16767,15.726790686359804
16768,14.742530001857967
16769,15.079973469750469
16770,16.67687666604459
16771,15.725054294140763
16772,15.992630506697731
16773,15.494582136094731
16774,17.298567354660364
16775,16.667586313586614
16776,16.79094560379663
16777,16.23111884629025
16778,15.794764760033873
16779,14.566559885834698
16780,17.01548053517094
16781,17.38946453724669
16782,15.654481105933225
16783,17.474686545537676
16784,16.93056177972744
16785,16.408917800548977
16786,16.947981119545478
16787,15.036569666438272
16788,16.034257270912768
16789,15.879076145585568
16790,15.701007587897607
16791,15.05544307435413
16792,15.290488586678562
16793,15.511305185455917
16794,17.30489145042975
16795,16.93153929275103
16796,16.077993790610975
16797,15.552521891830573
16798,15.6933740485156
16799,15.61463631464735
16800,16.19718493699368
16801,16.821108121865837
16802,14.999413348989188
16803,15.768044931090104
16804,15.240984703418006
16805,14.58433726511023
16806,14.069235361162503
16807,16.870387831942672
16808,16.470644869094865
16809,14.953812867466942
16810,14.773847303994975
16811,16.12966953346905
16812,14.580578623114398
16813,16.024021344576663
16814,15.685292806952585
16815,14.972670489537228
16816,15.180089278573055
16817,13.715294492470765
16818,16.84211749369481
16819,15.949601865463684
16820,17.096557928475203
16821,14.930131960479951
16822,16.384485155470088
16823,14.949280848681287
16824,15.564886650356096
16825,15.937426074036225
16826,15.419383593637658
16827,16.729343444263353
16828,14.660850476271696
16829,15.53935780233101
16830,15.086605700897248
16831,16.739558994302477
16832,15.928309466969775
16833,14.068257489272051
16834,15.072392131222994
16835,15.566944819054218
16836,15.288851062763172
16837,16.270320560692465
16838,17.168753500244147
16839,17.239459833093687
16840,15.603853725986529
16841,16.079448203750008
16842,15.694060292383632
16843,15.190693570405573
16844,15.109118387257649
16845,17.15609049795566
16846,16.415951679999118
16847,15.787488403201886
16848,15.510771983900367
16849,14.493634451243743
16850,16.63112119493287
16851,14.771615802110013
16852,14.448516668785448
16853,15.266721650372153
16854,14.59104862001767
16855,15.675739867698535
16856,15.863244242018546
16857,15.036050728911675
16858,14.406780155212942
16859,15.272541879529593
16860,15.598617706440397
16861,15.603818342475197
16862,14.98691418518568
16863,15.275319647099217
16864,16.488161900248716
16865,16.409752131049142
16866,16.09461670349722
16867,15.264432937320755
16868,14.709299980291126
16869,15.746279639729964
16870,17.698594140626692
16871,15.452692679677511
16872,16.014143433282797
16873,15.439058166019395
16874,14.864947132185913
16875,16.404147370890783
16876,15.80409296597914
16877,14.834110459767349
16878,15.298250497075246
16879,17.515702097554243
16880,15.070125309066485
16881,16.1302410181205
16882,16.49746273597052
16883,15.435509152136941
16884,17.204470459817472
16885,16.288380793270605
16886,15.357291588074666
16887,15.779669949686474
16888,17.186310642862352
16889,15.908850070393253
16890,15.976569717231301
16891,16.11273221496853
16892,15.885773951913595
16893,14.639148707051602
16894,15.950359517019898
16895,15.180704434294242
16896,14.139323788157803
16897,14.621706457411253
16898,15.925314057866046
16899,15.949146610953788
16900,16.0268640558098
16901,16.91796595199752
16902,14.499888413638304
16903,14.847671811544505
16904,15.808602440567936
16905,15.01460606705604
16906,15.138048257342437
16907,15.993209587367177
16908,15.71536774829597
16909,15.310026512876934
16910,16.94831282647585
16911,15.328543898083156
16912,14.719104745332213
16913,15.28517811986162
16914,15.094952936270756
16915,15.373000213991055
16916,15.685722085776634
16917,15.544651939875902
16918,15.63886550228704
16919,14.976968245284473
16920,15.544149110354153
16921,14.779733505876754
16922,14.773814844461
16923,15.246082642028048
16924,15.097883127126826
16925,16.456760184011923
16926,14.764104039376807
16927,17.887353933718828
16928,16.70385534872189
16929,14.572808944496574
16930,16.105516391774685
16931,17.099486264530956
16932,16.020700001166595
16933,15.940166884437897
16934,15.82102419367464
16935,15.562938875242358
16936,15.751122825221973
16937,15.499282337853215
16938,14.474975923309637
16939,15.646544095145229
16940,16.833392091721734
16941,16.308205550822866
16942,16.81390044028407
16943,16.563615476778295
16944,14.846628430661028
16945,16.74452017760444
16946,15.832562762228308
16947,15.352090093804076
16948,15.201956503907454
16949,16.367017787807406
16950,14.627208022080655
16951,13.99867971760853
16952,15.19792052488385
16953,16.14066692686498
16954,16.407205184714655
16955,14.479189450889626
16956,15.80323083254599
16957,14.842355950773122
16958,15.846992561547042
16959,16.585608044530975
16960,14.886726643624032
16961,16.080964090323043
16962,16.17722572635047
16963,16.022407941408037
16964,14.942022287347637
16965,14.811014053852968
16966,14.686199560792206
16967,15.094507920903036
16968,16.80180702978785
16969,15.379825474668465
16970,14.730941910976567
16971,15.85990744617725
16972,16.390670372261187
16973,15.315166867465875
16974,15.365516942023868
16975,14.166685413907286
16976,16.55237851552781
16977,16.56916910102643
16978,15.597616294707832
16979,15.117328220377537
16980,16.684812296527742
16981,16.81671874364493
16982,16.297571165130012
16983,16.032083563323
16984,14.668458475599092
16985,14.319949395772785
16986,16.384552526554796
16987,16.378822069982817
16988,17.054274047405684
16989,16.19258627753858
16990,17.136322099840697
16991,14.270830222411064
16992,15.042993145944845
16993,16.23138593530298
16994,15.082595780275721
16995,15.581038448497917
16996,14.232124863634452
16997,15.628695297822478
16998,15.221295242224127
16999,17.12421155584283
17000,15.733973488019876
17001,15.774523892913763
17002,13.795241232242086
17003,16.573801267386933
17004,17.01258297583352
17005,14.59801471520344
17006,14.612109686556087
17007,15.291127664425174
17008,16.35374828827475
17009,16.005962178611245
17010,16.217073288139275
17011,15.797336755605599
17012,15.957028566492967
17013,15.51259386094053
17014,15.292099101655971
17015,16.00940659927845
17016,15.557168888731482
17017,14.560706534550137
17018,15.282374548841796
17019,15.337973532563652
17020,15.889007481802148
17021,15.11377543010335
17022,16.45805366647011
17023,15.99615159695316
17024,17.11353778679123
17025,14.704971683635376
17026,14.26271041506151
17027,15.729129889053283
17028,16.197300020043812
17029,15.172395009041747
17030,17.297354894172344
17031,15.539913700414912
17032,15.65053587093229
17033,16.155950535146193
17034,15.234234178058717
17035,15.238978753530517
17036,16.565949621200865
17037,16.227818927673344
17038,15.054874344692854
17039,17.362257410788843
17040,15.323214326441432
17041,17.052552534793687
17042,14.140822060860144
17043,15.652518891302392
17044,16.515435052725984
17045,15.941702228328772
17046,15.482689077010775
17047,15.657047231851337
17048,15.126411161044343
17049,15.64010995266309
17050,16.768590258612694
17051,16.81115874007023
17052,15.911846751370588
17053,15.575665655336897
17054,14.863030779382878
17055,15.814751473301477
17056,15.941708039561949
17057,15.63210920981033
17058,15.675307888878445
17059,15.912636942583351
17060,16.407872902589325
17061,16.764731357081892
17062,15.750577132981645
17063,16.113585451196172
17064,16.04114910233803
17065,15.967952462866455
17066,16.060804627967702
17067,14.884385932596782
17068,14.586003931303457
17069,15.700758188539611
17070,15.966385089989245
17071,16.38721826241029
17072,15.740042083172055
17073,17.090234490876885
17074,16.618864950137162
17075,15.465159077366051
17076,17.36760164155281
17077,14.381243740910689
17078,14.6746922664081
17079,15.7328987200012
17080,16.06898304222766
17081,15.381592263949294
17082,16.566830764504235
17083,16.87229146839941
17084,15.829699259365075
17085,15.435466550470341
17086,15.531379331901892
17087,15.504270527971647
17088,17.052546015769202
17089,15.96503668953618
17090,16.531502348881528
17091,15.964656691736602
17092,14.861686720684444
17093,15.401944659231859
17094,16.322575671594056
17095,16.132520396853803
17096,15.823640749824705
17097,15.708826223149503
17098,16.274133148696823
17099,16.535994992348378
17100,15.077159621586256
17101,14.85927535883704
17102,15.892276872595874
17103,15.152680606217423
17104,16.902616748799833
17105,16.010406502384914
17106,15.051970622406156
17107,14.72265052088704
17108,16.42217177569831
17109,15.782215533214393
17110,15.933966953311142
17111,16.038627434684297
17112,16.91934681491319
17113,15.446239670909474
17114,16.064385649670886
17115,15.626553978179457
17116,15.204222320010118
17117,13.702045086312237
17118,17.370834624521414
17119,17.42491385326896
17120,14.463283774446168
17121,16.754330546129253
17122,16.00334898062495
17123,15.294982140925043
17124,17.701419871095577
17125,14.58648612478058
17126,16.268403547287996
17127,15.81726545506888
17128,14.492272886193188
17129,16.49577850872838
17130,16.5697134878756
17131,15.898087483615237
17132,14.64939506852379
17133,16.655098010298687
17134,14.09677137544084
17135,15.840809166755982
17136,15.331974448017167
17137,15.634447885998174
17138,16.502690813335477
17139,14.412600427570442
17140,15.017964305715065
17141,15.138178387787272
17142,14.37015045580855
17143,15.249023870872797
17144,14.776495956380849
17145,15.766346473072016
17146,15.390763217352232
17147,17.73281524593434
17148,15.505569955129326
17149,16.40233159137649
17150,15.523980431597362
17151,16.21433305152004
17152,14.828456537379672
17153,15.405107237767979
17154,15.26816392524599
17155,14.868142958091838
17156,16.19561777194688
17157,14.405830494534
17158,15.710894010300397
17159,15.313365680411403
17160,15.33999102677448
17161,14.941309378116886
17162,14.784933399975419
17163,15.82340193150667
17164,15.650790111070362
17165,15.391037371962108
17166,15.861200477857125
17167,15.244903290811331
17168,14.794214625557737
17169,16.497785047418176
17170,15.639557997718642
17171,15.219961596561886
17172,15.14994522585127
17173,16.117748933757564
17174,16.855460622444916
17175,15.57723014687188
17176,15.532678955481506
17177,16.097443877181295
17178,15.131788590816793
17179,16.382350685055645
17180,16.144790776866145
17181,15.921075784112338
17182,16.673731101302984
17183,17.269432523612807
17184,15.667226352081052
17185,17.228981451752787
17186,14.956479399673006
17187,14.9508430232557
17188,15.3883965345915
17189,15.290260958985764
17190,14.87561457347221
17191,14.661907101428504
17192,16.722137442811544
17193,15.646917565517693
17194,16.358494040470376
17195,17.269653947736245
17196,15.658769013706083
17197,14.850831322026073
17198,14.834399634121525
17199,15.983875680168234
17200,15.695453961491479
17201,15.579358830049543
17202,15.065042339280081
17203,15.815194056759399
17204,15.06665255131918
17205,14.95852368339787
17206,14.256083294276573
17207,16.55107408881332
17208,15.587306212626228
17209,17.039600353938358
17210,15.131107561160816
17211,15.272850255055165
17212,15.420998988448787
17213,15.704895888668357
17214,15.9261533070074
17215,16.13258550486149
17216,15.210167844075757
17217,14.172769968885506
17218,15.986437675524511
17219,15.581753862179024
17220,14.807058040733693
17221,15.110803102247166
17222,16.150997991038604
17223,16.918930576101804
17224,15.585254056036888
17225,15.92226459874139
17226,14.182976103555085
17227,16.055664854655472
17228,16.143929157327246
17229,16.660381314470083
17230,16.592829232060613
17231,15.754958233021656
17232,16.299464047666028
17233,15.944607436716131
17234,16.159591415272427
17235,17.109069184082813
17236,17.747531674287217
17237,15.288529348582605
17238,15.743873777374407
17239,14.481258677841375
17240,14.049188924391066
17241,15.040155430998624
17242,15.87754773876023
17243,15.576863026733054
17244,16.34720960532292
17245,15.700829697194033
17246,14.744680729694476
17247,15.629201731668626
17248,17.833336169963022
17249,15.159294628046524
17250,16.03279332113749
17251,14.661565794618587
17252,14.71782915292602
17253,15.75917895921494
17254,14.310403830313168
17255,14.755377444559596
17256,16.283893414923984
17257,18.16928198769355
17258,16.214051871553124
17259,14.890645173311873
17260,14.674681050408036
17261,14.656628465539237
17262,15.178003239954425
17263,15.370373001970107
17264,15.729080876913805
17265,15.59873916485249
17266,14.597202226090214
17267,15.63796111608442
17268,15.463299061912764
17269,15.251877100355252
17270,16.57330874532395
17271,15.442046539567611
17272,15.119140563763617
17273,17.318489975641143
17274,14.373247917778029
17275,16.215731089238375
17276,17.65501589539156
17277,14.364723102891226
17278,15.573570212532134
17279,13.699975743796069
17280,15.886786300877395
17281,15.232551762978739
17282,14.94148374108956
17283,16.370466449203928
17284,14.268596035516415
17285,16.065661194262862
17286,14.870147687989045
17287,15.963796317434456
17288,14.195858054924035
17289,14.212055348890066
17290,15.198337403232228
17291,15.990934479121835
17292,14.335841495204695
17293,14.348227094071959
17294,15.686727690756307
17295,16.157793929492527
17296,15.250141053527924
17297,14.84468598044864
17298,16.332146585281247
17299,15.815389677061535
17300,15.410789178518508
17301,13.66164288732932
17302,14.937149010761607
17303,15.198497071382068
17304,15.485680611293168
17305,15.202104340686747
17306,14.591538813960886
17307,17.047133242713894
17308,13.804087542434166
17309,16.071936884269096
17310,16.744123104522195
17311,15.939429939870024
17312,16.99820337795075
17313,15.916295597639857
17314,15.383827690798078
17315,15.987350060188293
17316,17.281763912707028
17317,15.495347136180495
17318,15.11163896674052
17319,16.992716113792177
17320,16.257774687891242
17321,16.484811426934108
17322,15.882957307987505
17323,14.227251129334112
17324,15.40021112210645
17325,16.039969002558205
17326,15.344723036245592
17327,15.045818972991256
17328,14.208158504531738
17329,13.992496709097223
17330,17.215597660080554
17331,14.67462937535691
17332,15.580041160765175
17333,15.78442064183237
17334,16.717400416564384
17335,15.420332895693027
17336,15.529285460310913
17337,16.484489717320432
17338,15.381695326604124
17339,16.34872357285682
17340,16.57547020573278
17341,15.11776066553688
17342,15.226512235860433
17343,15.033010255075414
17344,15.910198015886376
17345,16.340247167753628
17346,15.483219906827589
17347,15.434438913767474
17348,14.306607772939644
17349,17.91690043553206
17350,16.064950828343655
17351,15.933636432711632
17352,16.16613815954813
17353,16.219823314240386
17354,16.13973319693759
17355,15.433737842874537
17356,14.162231608930881
17357,17.27151682329769
17358,15.80066845530742
17359,14.53433673823041
17360,16.713582687602184
17361,15.048139510070026
17362,14.576959244828199
17363,16.487262492077893
17364,16.70058798408108
17365,14.469839926603024
17366,14.62271925749662
17367,16.05122250300294
17368,13.031616401286097
17369,15.004921904977362
17370,14.7471493972332
17371,15.187128377696716
17372,15.092724820617558
17373,17.040603723690758
17374,15.654277325812437
17375,15.008308965237784
17376,16.1632621121328
17377,16.57592804535214
17378,15.062423192746866
17379,16.90880878260637
17380,16.17196362004686
17381,15.158162012148248
17382,14.954539412775295
17383,15.362033690340427
17384,14.73373615007096
17385,14.644785821555434
17386,15.12039805069628
17387,17.228654691829945
17388,14.0663264803785
17389,14.489752161864349
17390,17.038138081863945
17391,16.853326259654267
17392,16.39437225275243
17393,15.900077703946794
17394,15.71864352056071
17395,16.270704458554626
17396,16.323073586765105
17397,14.751229475510431
17398,15.463265637313345
17399,16.023912795747982
17400,16.587977221102324
17401,14.874303998107546
17402,15.66848472394114
17403,14.286670070823286
17404,17.649186789645608
17405,15.221999368569172
17406,16.37941807044498
17407,17.284604907346093
17408,16.24705378222471
17409,15.279218309324003
17410,16.153620348142557
17411,15.218496722946298
17412,14.700632099008606
17413,15.446753740255133
17414,15.48776298216156
17415,15.446402988325781
17416,16.067016765758307
17417,16.209259490411515
17418,15.768644463545888
17419,17.67359934454395
17420,15.371509900938753
17421,15.927359449796501
17422,17.438492391140915
17423,16.128730986135277
17424,16.790489716993353
17425,15.954914581227357
17426,16.006641708377206
17427,16.76327538571216
17428,15.35882471364395
17429,14.943571875440337
17430,15.283791467773296
17431,15.232917910342236
17432,15.717871475005548
17433,15.996638240545897
17434,16.235430784733957
17435,16.225903650533716
17436,13.637595815330707
17437,14.530960741665078
17438,15.454860092386417
17439,15.309496500135978
17440,14.887217099965628
17441,15.475106600287047
17442,15.919344830303297
17443,15.545196172940104
17444,15.392065642846866
17445,16.425525797389025
17446,14.929476153541318
17447,16.042914404792764
17448,14.412877212238508
17449,16.814111175277777
17450,15.691133817755016
17451,15.982018380028995
17452,14.708801497682092
17453,16.398621487106194
17454,16.686635128469643
17455,16.480263413107938
17456,15.216191446335806
17457,15.066214357506855
17458,16.11066667121984
17459,16.14044172730979
17460,14.771391095718995
17461,14.352545232397352
17462,14.414029357516595
17463,14.606997873165213
17464,16.068104274778694
17465,15.191845024021326
17466,13.015374816171654
17467,15.878155131947288
17468,14.83951684563418
17469,15.484171022027649
17470,14.770966598383335
17471,15.852037382509458
17472,16.997281201813056
17473,15.445716454393503
17474,15.579366262943422
17475,16.61593419972902
17476,15.42737692476379
17477,15.939782229708516
17478,15.85920282289146
17479,15.445979914296393
17480,15.704369184660148
17481,15.845136255820487
17482,16.052815945695674
17483,15.630237485216549
17484,14.8252608446179
17485,15.215419284161253
17486,14.17992707042785
17487,15.50594895003416
17488,16.232461888261057
17489,17.442091155284153
17490,16.209160985715943
17491,16.150960002231983
17492,15.351938259201557
17493,14.688878288221039
17494,14.033902769799854
17495,16.421040970745317
17496,15.622050966512528
17497,16.49236664976835
17498,15.112675007516073
17499,14.609834739908269
17500,15.587943797190036
17501,15.50675653146788
17502,15.31857680215518
17503,14.13747987698926
17504,15.598340739242872
17505,16.113533147954772
17506,17.658799418997926
17507,15.732731221770154
17508,15.202302886132491
17509,16.11669852930091
17510,15.989631938647602
17511,15.831995535544065
17512,15.003739899595221
17513,15.581679654033511
17514,15.41021509273395
17515,16.156797495966263
17516,15.562391548476453
17517,15.229071933176646
17518,15.257352892459574
17519,15.34328640853856
17520,15.35669198557578
17521,13.187569645861423
17522,16.608334355937398
17523,17.225804184119472
17524,15.605476753018541
17525,14.376420606250784
17526,16.410050557828008
17527,16.248863644312788
17528,14.588300794471003
17529,16.662500956243335
17530,15.84269833251374
17531,17.38169009588587
17532,15.487908418984635
17533,15.645166547611291
17534,14.509748718469062
17535,15.056699287687282
17536,14.175500940723614
17537,17.038940614142543
17538,16.159847392458182
17539,15.130413397190418
17540,15.426584342390228
17541,15.640815908998169
17542,14.838435354882622
17543,15.170652631385773
17544,15.928533468605714
17545,14.779751067700616
17546,16.028368258028554
17547,14.952258092756196
17548,16.189566870537465
17549,15.56402379377465
17550,15.112344229967094
17551,16.558607129063915
17552,15.735458890039137
17553,15.091251118807978
17554,15.864299118130248
17555,14.428538694479762
17556,15.39995834890756
17557,16.142275905580217
17558,17.053407448151564
17559,15.140625115071245
17560,16.71845087850614
17561,16.480105938936514
17562,15.330899522533185
17563,13.7829874026373
17564,16.003801861553843
17565,14.815206530365597
17566,15.293577676546207
17567,16.16605698193798
17568,15.84397212603921
17569,16.200091071615965
17570,16.59289668253211
17571,16.35329518112217
17572,13.952166866088087
17573,16.21333738019619
17574,14.772680157903416
17575,14.161515392304175
17576,13.86364767449879
17577,15.503261102154651
17578,15.832552989392584
17579,15.186129712899517
17580,14.143498429752572
17581,15.056126196188153
17582,15.786153102014174
17583,15.95306685311302
17584,14.319653755117171
17585,15.314864583602127
17586,14.845566598461291
17587,15.750726757465994
17588,16.376902921596955
17589,15.321830447838414
17590,17.143473231394037
17591,15.097904110738833
17592,17.46487587420859
17593,14.448533928279266
17594,14.66916740671707
17595,14.822583828605957
17596,14.423104846185996
17597,15.068355159278976
17598,14.613054120454185
17599,16.165146299703085
17600,14.61799319826527
17601,16.885776931644234
17602,16.515455277550263
17603,14.342691788357696
17604,14.621159343074744
17605,15.911327679284454
17606,15.729832608873807
17607,16.526619489165014
17608,15.44437304545662
17609,15.622826024662793
17610,16.962105677428372
17611,16.230026981874172
17612,14.02961522618303
17613,15.687833575801093
17614,16.56957332282299
17615,15.991106267143538
17616,15.963198628554172
17617,16.81767426443872
17618,17.106634570565593
17619,15.742120418148353
17620,16.95229582383722
17621,14.545798473527723
17622,15.779144636878675
17623,14.106564718983238
17624,16.022438225713035
17625,16.037711358434176
17626,14.819887384947203
17627,16.208634399663385
17628,14.668557266532124
17629,15.333525342394024
17630,14.311940536846812
17631,15.734109805825112
17632,14.950371870744966
17633,14.752738651827372
17634,16.58634732515012
17635,15.840335330241851
17636,16.272713229659068
17637,14.952957677481475
17638,15.697918554779859
17639,14.397240114427646
17640,16.060026949344962
17641,16.73526740440867
17642,16.745299917956807
17643,16.148836697690985
17644,16.30280406920693
17645,17.025009478784398
17646,16.01586495671939
17647,15.607254608024961
17648,15.530845392118692
17649,15.852154183570551
17650,15.540352261402589
17651,16.6702860903087
17652,16.470438524181525
17653,15.60236217546629
17654,14.113863672501498
17655,15.834858251583903
17656,16.122005639003337
17657,16.235904215479014
17658,14.100805836669645
17659,15.499448875266335
17660,15.582677598451301
17661,17.01719589587913
17662,14.975018111456942
17663,14.538706841239957
17664,14.06035782770744
17665,13.748758816455256
17666,15.406956862081254
17667,16.38545164069449
17668,15.451379380962313
17669,15.44540472018048
17670,16.86232932397151
17671,15.254530903448732
17672,16.336199826801398
17673,15.147537037152162
17674,14.881367644595967
17675,16.0938416423797
17676,16.064078206388846
17677,16.936736089622176
17678,16.87707134855523
17679,15.896606545733732
17680,15.07528964585213
17681,15.061477247526017
17682,15.610360705123387
17683,14.516474642488948
17684,16.60940616576141
17685,15.19730996461705
17686,13.685278726988997
17687,14.209280614671421
17688,15.437064721382816
17689,14.318218485227543
17690,15.516314601424511
17691,15.85019973751234
17692,16.747984493110604
17693,15.401840341363767
17694,16.08551885488146
17695,14.697300790437161
17696,14.907737142253197
17697,15.817455178460555
17698,15.77937633686071
17699,14.559698331202512
17700,15.742577714952327
17701,16.450762924989725
17702,14.942459336275133
17703,15.858155490974122
17704,15.109965148119725
17705,15.574023049216414
17706,17.308866052786236
17707,16.133949868996407
17708,15.447750958013764
17709,16.141914583876222
17710,15.825321500051542
17711,16.40463871971507
17712,16.210501182871432
17713,16.935480473121938
17714,16.022321947275508
17715,14.808436421941636
17716,13.962630189499212
17717,16.255093692803896
17718,15.329914670033475
17719,15.179308192142212
17720,15.305484614266522
17721,15.042654773481704
17722,16.36257191187238
17723,15.718400127925653
17724,16.655027940122423
17725,15.180099558648907
17726,16.202396977715498
17727,15.609181795677213
17728,15.892662400533375
17729,16.550814960526427
17730,16.217595297513938
17731,17.01399268451862
17732,14.694677981310848
17733,16.45273810338424
17734,15.745631020420763
17735,14.89539784167056
17736,15.101012096176776
17737,14.627544350775954
17738,16.503034327922197
17739,15.249178832199057
17740,15.421101006778883
17741,15.31829274815768
17742,14.415489244387539
17743,14.044605762069352
17744,16.997413290691266
17745,15.193792604182903
17746,15.121203859428565
17747,14.905644746293232
17748,15.823245661445346
17749,14.148723896586771
17750,15.302476443542831
17751,14.186810455776163
17752,17.610247251664703
17753,15.187511726087536
17754,16.108048685536705
17755,16.775110053952805
17756,16.375056578143447
17757,16.308244421232953
17758,17.21991518968615
17759,16.72058485764527
17760,16.657220764681576
17761,15.926621181551544
17762,15.75962254960979
17763,13.144960088801902
17764,15.481505299141233
17765,14.909352848456914
17766,16.460069387203756
17767,15.527593833160996
17768,16.18093214459117
17769,15.323439403389797
17770,16.758828200813603
17771,15.32501874763228
17772,16.38059363582437
17773,15.252191458827845
17774,16.748246118870224
17775,15.587351769076419
17776,15.087600549093413
17777,13.872258590866004
17778,16.20023750722827
17779,14.37268986659888
17780,15.508581311842256
17781,15.71327151432733
17782,16.388321475168922
17783,15.458613543010097
17784,16.648930162806067
17785,15.280914139848887
17786,16.768473690452286
17787,16.21260451175557
17788,17.66977040899659
17789,15.812019317087373
17790,15.689417634883123
17791,16.43440955070115
17792,15.04608432177331
17793,16.519947815980213
17794,13.711835486062776
17795,15.84312213617088
17796,15.706617112148814
17797,14.90096947341545
17798,16.881289578929067
17799,16.35860107063262
17800,16.36074707745198
17801,14.706129478552786
17802,15.477380620908749
17803,16.507291003600788
17804,14.706097436036972
17805,14.540167265471686
17806,14.806522883537562
17807,15.217130798335079
17808,16.158170466879337
17809,16.944076797909
17810,16.99836430621395
17811,16.127624561255345
17812,15.378926266105672
17813,15.137386774779785
17814,15.813244251382242
17815,15.714417562544314
17816,14.404178987567944
17817,15.738474702591162
17818,14.475547939469234
17819,16.043731743924067
17820,15.399994189635034
17821,15.44021583449923
17822,16.82074842032743
17823,15.828628219873819
17824,14.628752068181182
17825,16.94142188043451
17826,14.396808301428354
17827,15.157050161901696
17828,16.148334541381118
17829,15.724705068901779
17830,16.86407416667249
17831,16.545853051779307
17832,14.80785522898849
17833,16.223445459413703
17834,16.472153837341505
17835,15.420906262025229
17836,16.47659062552333
17837,15.63283933533273
17838,15.67567816264141
17839,15.198510575502814
17840,16.449043396347456
17841,15.779588771215337
17842,16.397357199923714
17843,15.940784006104657
17844,15.477285505111494
17845,15.143634786453246
17846,16.668808079257357
17847,16.43647762686427
17848,15.962466169041274
17849,16.405199094597545
17850,16.639842032627143
17851,15.070205965651128
17852,15.837923073424287
17853,14.198813048451603
17854,15.561393776048632
17855,16.172070444846064
17856,15.293101926326157
17857,15.611451899359887
17858,16.751006758873544
17859,16.28894665481749
17860,15.560062441117772
17861,17.470734622583773
17862,15.920010297856969
17863,16.563855359323288
17864,16.1080773047007
17865,16.70418614705995
17866,16.384825529523123
17867,15.318719018177942
17868,14.956567756526866
17869,16.799471110993366
17870,17.539434783089877
17871,15.115600887917106
17872,16.245586384588087
17873,15.42857180990921
17874,16.704644512579833
17875,16.647865706345808
17876,16.795306126355666
17877,15.04443370665042
17878,13.631735213195956
17879,15.35287766535548
17880,15.94117950160935
17881,15.030776013683539
17882,14.027381275004242
17883,15.153783144109033
17884,16.17804401380923
17885,14.816443194225887
17886,15.037024199341664
17887,15.993508794779542
17888,15.98271422248877
17889,15.982821963857665
17890,14.934798361170381
17891,15.76752184625437
17892,13.729513831995869
17893,16.009942645050877
17894,17.002766683622045
17895,16.63194489768754
17896,15.418281039659371
17897,15.342323942755963
17898,16.084444072867615
17899,15.595819117746464
17900,16.77468454844672
17901,16.83206033389392
17902,15.016012667061062
17903,14.42945846875202
17904,16.287497288198754
17905,16.16644129063865
17906,16.65793771227525
17907,16.317777632275728
17908,15.233354009551714
17909,15.97502445765161
17910,15.83847727657178
17911,14.736263540259124
17912,16.71236678779856
17913,15.564227416375187
17914,14.21773500364002
17915,17.437685129027322
17916,15.164051860620383
17917,15.954868505441988
17918,16.184968922002472
17919,15.3293953164715
17920,14.811838880385483
17921,14.37615581633414
17922,14.012729481522088
17923,14.785968382342249
17924,14.690276112254589
17925,16.21211025781436
17926,16.315053135541874
17927,15.223663105663539
17928,15.165020079334766
17929,16.561562955887553
17930,14.907093021221858
17931,16.100802773751198
17932,16.951838825569766
17933,15.095990888121527
17934,15.914276017685934
17935,15.947399741412148
17936,14.579348716839737
17937,14.230364327679832
17938,14.439628946516637
17939,16.487200024026986
17940,17.546566655617713
17941,15.46985710700526
17942,15.519996348124813
17943,13.864423862725724
17944,15.673995662218681
17945,16.304169523711174
17946,13.792625827286383
17947,16.23794845441081
17948,14.580073394190544
17949,15.822074300722194
17950,14.909463192089468
17951,15.1091248896245
17952,15.643499237768614
17953,15.637954480443298
17954,15.263760483297274
17955,14.732687741736395
17956,16.649667197445012
17957,15.334482410372726
17958,16.6743114713388
17959,15.92205922971719
17960,15.644050206184081
17961,15.732442135831384
17962,15.032617982226597
17963,14.957834651261797
17964,14.662431640266028
17965,13.433794071530661
17966,14.569422978213215
17967,14.93950332077675
17968,15.773773848147313
17969,16.807499889587564
17970,16.068546789478464
17971,15.946187432967779
17972,15.066160326490381
17973,15.626900487687319
17974,15.195831559194653
17975,15.300498152401177
17976,13.969268376859057
17977,14.49912233271641
17978,14.917374459044737
17979,15.440188968095807
17980,15.749020709826503
17981,14.975374053320484
17982,16.432816671810468
17983,16.016348923737432
17984,15.665770942560027
17985,15.07098031787059
17986,15.895637051662423
17987,16.190187195334808
17988,15.78545131105441
17989,15.977366437876244
17990,15.646918145746495
17991,16.6529788786544
17992,16.10885225048449
17993,14.160780079924631
17994,15.243699173402575
17995,15.82156402055585
17996,15.996773640931222
17997,15.16118282185207
17998,15.360365111751735
17999,15.35532281692013
18000,15.44147360143165
18001,15.73561683255989
18002,14.429570318439831
18003,16.90408082216591
18004,16.000663168154208
18005,15.069453153220078
18006,16.698605923278546
18007,15.22779389249312
18008,16.71146342869424
18009,16.52503020717777
18010,16.256532350111964
18011,15.464651580929145
18012,14.839898280698936
18013,15.850625031994825
18014,15.193104492627185
18015,16.12747947212499
18016,16.758572846741263
18017,16.133834593503256
18018,15.381597803721654
18019,14.376896975525447
18020,14.739678907603514
18021,17.443092112049843
18022,16.039121496651763
18023,16.009052394306117
18024,15.27596033626574
18025,16.88046509794865
18026,15.709239262642605
18027,16.377508422435614
18028,14.890352061482915
18029,14.479108905096389
18030,14.776832081123517
18031,15.59700552436853
18032,13.865091806626564
18033,15.765357617397564
18034,16.270856603841192
18035,16.083504977622294
18036,14.433883160409984
18037,14.604024651744263
18038,16.6802149461991
18039,14.862540878968112
18040,16.836207038035365
18041,15.186711190033046
18042,15.86662156055278
18043,15.230630732280973
18044,14.15361797070049
18045,15.765447906658487
18046,16.253217973284414
18047,15.764351689327075
18048,15.539494129874448
18049,16.06903749942823
18050,16.535048122802117
18051,16.27123344467333
18052,15.9831251462292
18053,14.837740344520286
18054,16.251450797967248
18055,16.445647977389076
18056,15.338348263680995
18057,15.487589218273534
18058,15.906470948889307
18059,15.23631955185183
18060,17.886781633008574
18061,16.20006793965921
18062,16.549217600822963
18063,15.978129622752483
18064,16.6592803905544
18065,17.035327280916405
18066,14.106798127801618
18067,16.54906900554078
18068,15.023493399715907
18069,16.907854406786775
18070,15.437589933066151
18071,16.906105267060493
18072,14.892061770802517
18073,14.431161552245817
18074,15.989757931256067
18075,16.738595796212724
18076,14.862730674648482
18077,14.580860223005105
18078,16.423744894112765
18079,16.414245379636224
18080,15.821016015799598
18081,14.750723418218756
18082,14.116176815779419
18083,15.41013535734721
18084,16.22373260504627
18085,15.107821336470822
18086,15.936793609386402
18087,16.86337278638056
18088,15.398616108409398
18089,16.25321082583108
18090,16.981752644263963
18091,16.31653781332766
18092,16.108805869138806
18093,15.541706278004868
18094,16.309751796660635
18095,15.459845123323928
18096,16.636387936231625
18097,16.633433753662235
18098,16.68163949642025
18099,15.690159818090986
18100,14.745063428084764
18101,16.061399384569047
18102,16.963468418950544
18103,16.127195083339124
18104,15.381369902631608
18105,16.339257712140256
18106,16.32063507291289
18107,15.346089025254832
18108,16.40357604592759
18109,16.529814779034066
18110,16.82830429553008
18111,15.02056970588626
18112,15.505143243727934
18113,14.744348507430463
18114,14.872986337842395
18115,15.694947634408257
18116,15.561004912317683
18117,16.340159638431487
18118,15.091269654084009
18119,13.511322410610356
18120,13.918337222382524
18121,15.710060235142606
18122,15.893111264302707
18123,15.968640319758707
18124,15.139029438429557
18125,16.15704727865272
18126,16.786328727664337
18127,16.08637165718672
18128,15.15653465689598
18129,15.055102021094385
18130,15.731407511896418
18131,14.596758439749157
18132,16.142280618491338
18133,15.73841855322614
18134,16.262435825432227
18135,15.155053937372374
18136,16.169315748797267
18137,15.677592224275944
18138,15.79818259563011
18139,14.720419460163146
18140,15.42258339425914
18141,17.00448125892818
18142,16.0639174705623
18143,15.457979432772214
18144,15.980981522283754
18145,15.518687463970236
18146,15.618766107583227
18147,15.524171761592418
18148,15.114299120522562
18149,16.579701131542297
18150,17.50981969985606
18151,16.072661337882533
18152,14.763985318474491
18153,16.7385305452739
18154,14.057412754904217
18155,14.218631955065922
18156,15.172814669520367
18157,15.727870626518577
18158,15.319676881387585
18159,13.912631281115296
18160,15.04983765499126
18161,18.03020224843933
18162,17.052998287425467
18163,14.492522800263966
18164,15.561587047546148
18165,15.245262010970087
18166,17.60047803423304
18167,15.059972808044613
18168,13.744118694729549
18169,15.089887076268274
18170,15.978368831570977
18171,15.000309822667079
18172,16.40110574448678
18173,15.127767654757669
18174,15.43026936530739
18175,16.49926967041229
18176,16.688383594608727
18177,16.23193219135155
18178,15.96556414437224
18179,16.107861367403938
18180,16.08709711062601
18181,16.745682325739157
18182,14.177017820082412
18183,16.712195386645263
18184,15.596240217992989
18185,15.989108228456951
18186,15.875154181882468
18187,14.835240210648676
18188,16.62324757674778
18189,15.559520813498242
18190,16.08200887665703
18191,15.414195895940463
18192,15.305752572198365
18193,15.199506868166674
18194,16.045177986852284
18195,14.072046444499033
18196,14.61554526689146
18197,15.040725349449568
18198,15.582084850433121
18199,15.623570364484086
18200,15.977543231665212
18201,14.748668554751033
18202,15.176916003897876
18203,16.337707724488446
18204,17.121975699930196
18205,15.438024256904175
18206,14.637186662438772
18207,15.288579571214637
18208,16.61558117070222
18209,16.34465749926631
18210,14.905607832411363
18211,15.840213345516503
18212,16.421413017104243
18213,15.481577546093511
18214,16.812064645353
18215,16.011509338424318
18216,16.75185647336914
18217,16.297921342604432
18218,16.331512772017277
18219,14.936118820780594
18220,16.26578241332218
18221,16.68150568753017
18222,17.172974922763647
18223,14.755739606110257
18224,15.1465272002612
18225,15.959248318667155
18226,14.457701536770365
18227,16.336058946677834
18228,16.495159468669556
18229,15.193345448742681
18230,16.91707167982109
18231,15.629508930448878
18232,16.648513290309545
18233,16.163659518639772
18234,16.50554044824058
18235,17.111923481557817
18236,16.145894304392968
18237,17.164306687911044
18238,16.405051942438163
18239,15.528259727769758
18240,15.079676396135115
18241,15.511749884549479
18242,15.789407600555009
18243,15.23550433128225
18244,16.358350466551403
18245,14.857083901439244
18246,15.082731600263504
18247,15.596533170953997
18248,15.799975588936523
18249,16.75603710660456
18250,15.097254046251098
18251,14.705602402857298
18252,15.413200699038619
18253,15.029807414539107
18254,15.723484940697713
18255,16.707533961880177
18256,15.559545138783395
18257,16.512652998944834
18258,16.174210600811435
18259,15.414228882574687
18260,16.130240427439162
18261,15.127141254618945
18262,16.20955543537665
18263,14.881083617097346
18264,15.5637799881999
18265,15.422284853468303
18266,15.403481453515862
18267,15.892772710349197
18268,15.614939712850752
18269,14.630863787034368
18270,14.868690263865261
18271,15.497057940712462
18272,15.248173243041679
18273,14.95442668177962
18274,15.108192754628485
18275,15.689804032406602
18276,17.10922323907999
18277,15.309206307400418
18278,14.406286089762693
18279,16.43119590973141
18280,16.30520130082575
18281,15.616573663641057
18282,15.71891025342635
18283,15.366013033167643
18284,15.21180768400653
18285,15.942033802438074
18286,14.971526280167186
18287,14.948597552230913
18288,14.875891535765403
18289,16.18258329422695
18290,16.365836639520037
18291,14.248580643343631
18292,15.686570396611543
18293,16.87818943155498
18294,15.775350945499602
18295,14.967375764457026
18296,15.550704403339186
18297,17.316340192268147
18298,16.559696393194365
18299,15.732074525198358
18300,15.01294657693256
18301,15.270918971367003
18302,15.71643925286014
18303,16.461915945546476
18304,16.673291093452846
18305,16.72959470408016
18306,14.803457186210995
18307,15.221442296946437
18308,16.531270992718675
18309,15.645478654148082
18310,17.457017943619064
18311,16.02258390052551
18312,16.01673880904319
18313,16.13600471844804
18314,14.96933538516232
18315,15.78766841019178
18316,15.721162927878144
18317,14.559283286504161
18318,14.967285135899834
18319,15.580886009494838
18320,15.805719453151392
18321,16.327387249907083
18322,16.394671007971713
18323,15.49420972168396
18324,14.69147156383977
18325,16.091486381802675
18326,16.02016229316491
18327,16.60620612344395
18328,15.712307732436425
18329,16.136240209810495
18330,16.812925890750694
18331,16.027254549136003
18332,15.933542913971316
18333,17.486950910489323
18334,15.580106897698995
18335,17.068039157833553
18336,15.782424578176238
18337,15.186041161142514
18338,15.546608137891617
18339,15.10008447803806
18340,15.809062091008489
18341,15.402977565949715
18342,16.469252552105672
18343,16.072615017043915
18344,15.471215456434987
18345,15.454852658562642
18346,15.244932507667604
18347,16.82837597386632
18348,14.98992225779161
18349,17.154749104264525
18350,14.349515525570045
18351,16.75238355033888
18352,15.689588810321766
18353,15.451012546448794
18354,14.449404633752655
18355,18.049438477795686
18356,14.791503585622278
18357,15.766223829435594
18358,15.028280513676442
18359,17.244175377070363
18360,15.120945492221258
18361,16.689699504472486
18362,15.77797534286926
18363,15.696779536168382
18364,14.7781903008629
18365,14.75240659274544
18366,17.037484542475813
18367,14.875618914831945
18368,16.55749611209475
18369,14.719946253860961
18370,14.526362023379457
18371,15.447438588331497
18372,15.428024787786935
18373,15.75175302345474
18374,15.714807507364705
18375,15.469571997265694
18376,16.931068445931192
18377,16.768374255285693
18378,14.541967164139761
18379,15.150358730399276
18380,15.766483928464634
18381,16.406505156604545
18382,14.581548622171823
18383,16.279386653096065
18384,16.000099741742684
18385,15.516696993191449
18386,16.09812358875766
18387,15.237019872099488
18388,15.926991405825301
18389,15.185995581523445
18390,15.294536790371108
18391,16.413402298430995
18392,15.894367455398054
18393,15.102060116351156
18394,16.514659238035897
18395,16.213979680638097
18396,15.062934151811763
18397,14.21946068494022
18398,14.809710605204362
18399,15.0831541239663
18400,16.28206735489859
18401,15.572260212047784
18402,14.999775588475753
18403,15.835165047337677
18404,15.766752783569439
18405,16.40402625884775
18406,15.03626658152497
18407,15.4049751550696
18408,14.526296592616145
18409,15.406109000584527
18410,16.14351497407664
18411,17.04185015392522
18412,15.568692515407902
18413,15.925249616345935
18414,16.632217906033638
18415,14.562985660286357
18416,16.054274472152223
18417,16.7050150519329
18418,14.890520067445133
18419,16.274301417724708
18420,14.558328248902955
18421,15.121350380570679
18422,15.232452051750533
18423,15.519393781225173
18424,15.553639034950372
18425,15.509836966655698
18426,15.990134694696788
18427,15.660138822936455
18428,15.766010768165849
18429,15.543173203839821
18430,16.59505627611366
18431,14.141837671793951
18432,17.098108252025245
18433,17.310190807193734
18434,15.32707674673661
18435,15.50662685324112
18436,15.8585207675349
18437,16.174431360959996
18438,16.9137600894443
18439,16.639278449155224
18440,16.895476078854983
18441,15.37766249371681
18442,15.044988426269125
18443,15.420146983727635
18444,15.29845952121063
18445,14.66279758159237
18446,15.708871388443521
18447,16.105580174252253
18448,15.87476290482102
18449,15.170077344583989
18450,16.19890910306422
18451,16.498281236524065
18452,15.508919313182302
18453,15.283975642375118
18454,16.12978101338399
18455,15.846781514179627
18456,14.256362491263724
18457,14.769508645638872
18458,15.4648369289768
18459,15.605949231707813
18460,14.850738547552103
18461,14.589118558551032
18462,16.176418645296152
18463,16.36207773966593
18464,15.359493877675456
18465,15.74690161814078
18466,15.646589302630185
18467,15.998107564802366
18468,15.341737987855169
18469,15.03271167289759
18470,14.301586206376188
18471,16.36749506774418
18472,14.626253870616205
18473,18.065238984666493
18474,14.0299316336597
18475,15.283518770530195
18476,15.769145619321694
18477,15.944300825770341
18478,16.1968419359075
18479,15.090622174213799
18480,15.340790610839358
18481,14.858684690629357
18482,16.10388030156208
18483,15.754819559516168
18484,17.128280653688257
18485,15.92849986087452
18486,16.855554923727187
18487,15.782081412991369
18488,15.569717080649594
18489,16.812511996029937
18490,15.249727197468582
18491,14.491330719387948
18492,14.47701608471164
18493,14.303317048408655
18494,15.25887118589483
18495,15.494982373647396
18496,15.699863310370084
18497,16.239226248603206
18498,16.05798470878205
18499,14.446653344406947
18500,14.210379000440161
18501,15.18961126153255
18502,15.231847886250575
18503,15.428425347625023
18504,16.140133119176365
18505,15.208374958008001
18506,14.548934019010428
18507,15.662212189197833
18508,15.501875260548301
18509,14.026934399775609
18510,17.12227909410141
18511,17.83924985171418
18512,16.465790290512967
18513,16.73023541006253
18514,16.308709497170128
18515,17.57197628828346
18516,17.213551906257738
18517,14.943936705290858
18518,15.08553438402791
18519,15.434633263854472
18520,14.94885658935297
18521,16.063702248744207
18522,14.94887892017383
18523,15.842482211216439
18524,15.237493706009644
18525,16.501592767480453
18526,16.31077017947247
18527,14.462667184974936
18528,15.670288669575687
18529,14.69752044924942
18530,16.037306660291485
18531,16.669482452059533
18532,14.629569901662498
18533,15.459072639463558
18534,17.863075418720125
18535,16.419889161029495
18536,16.694130756817785
18537,16.260885127223304
18538,16.89053828429989
18539,14.397082781860071
18540,15.83552869099259
18541,14.922781875421276
18542,17.634620795600917
18543,17.007498818751277
18544,15.412162255596877
18545,15.256046050791376
18546,15.178210277799884
18547,16.34737260374443
18548,15.259168859550275
18549,15.155344652419549
18550,15.303608489084501
18551,15.362626422951436
18552,16.430640247001712
18553,16.221718492194025
18554,14.665464003824347
18555,15.28573578522581
18556,17.043184968110364
18557,14.459019178039672
18558,16.009519283754063
18559,15.419024866332641
18560,16.046107020826618
18561,18.333194235485397
18562,14.581962831750745
18563,16.21068075355606
18564,15.586064206366256
18565,15.365166505230494
18566,17.244906660717536
18567,14.032307605865372
18568,16.0122619711129
18569,16.16336743339843
18570,16.939908914101824
18571,15.08347729501702
18572,15.4539097200172
18573,15.690587831351127
18574,16.20810794627357
18575,14.656946268057427
18576,16.187449258035027
18577,14.693865918240208
18578,17.161878109688633
18579,15.285447287760125
18580,14.569900523932688
18581,16.023393439606068
18582,15.976999905855912
18583,14.562123713979686
18584,16.719098154485362
18585,14.806695643170741
18586,16.35416075447656
18587,16.200307557613403
18588,16.755014928177342
18589,17.015337697857124
18590,16.352960176575788
18591,15.532294538826347
18592,15.6652331594806
18593,15.993587345407983
18594,17.160424741468525
18595,17.258122252179835
18596,14.749956405123859
18597,14.944932971700865
18598,15.219648257453342
18599,15.990886518912047
18600,15.455521295360308
18601,15.339437476682894
18602,14.520512553090809
18603,15.413886195857971
18604,15.261715192814972
18605,15.335948265418986
18606,15.592492654946586
18607,16.014755474200093
18608,15.184122761726986
18609,15.975410459596484
18610,15.934416881140718
18611,16.312753897316824
18612,15.734739018890968
18613,16.39767643409749
18614,14.175945703509473
18615,17.47786618029052
18616,15.978386745557534
18617,15.229650432117383
18618,14.943718273887788
18619,16.669264190711125
18620,15.695978046071982
18621,16.022758289721377
18622,15.851379894011771
18623,16.793556345742168
18624,16.65792909128344
18625,14.6694758228187
18626,14.837952858654864
18627,15.318880369905717
18628,16.06167015636027
18629,15.343641383333408
18630,16.5729764220387
18631,15.781284932788935
18632,15.267955471367362
18633,13.931582295184668
18634,15.00742878717802
18635,15.904108798825233
18636,15.906752863304368
18637,16.32302660019124
18638,16.002398085617077
18639,15.549017909061417
18640,15.724299342973348
18641,16.290845930462215
18642,15.859798156925311
18643,14.675753036619477
18644,15.99457932648154
18645,14.179878520128272
18646,16.602833712313153
18647,16.99031442298061
18648,14.590220752586138
18649,15.464506419650519
18650,15.24620108779431
18651,16.923148583653177
18652,16.01762780468773
18653,15.061779407768444
18654,16.13454427801427
18655,15.770426011647254
18656,15.84762543941671
18657,14.274370238040227
18658,14.877962347152058
18659,14.253903070599828
18660,17.569688976995717
18661,15.874228413071057
18662,15.60171341766099
18663,16.45423921816674
18664,15.241134220020738
18665,17.6742575565499
18666,16.74148362439047
18667,16.555189333852777
18668,15.025529356545352
18669,15.930013948519434
18670,16.296475888077342
18671,14.555391424983283
18672,15.596759859524699
18673,15.747849334208983
18674,16.36719308459884
18675,14.691910890144195
18676,16.954138569147307
18677,14.898610777543858
18678,15.551471228651893
18679,15.623029303174302
18680,14.43917009775269
18681,15.842947928520811
18682,14.608325161953458
18683,15.580750441267089
18684,16.357584013698308
18685,16.486061637882575
18686,15.755205955811093
18687,16.041021854598082
18688,16.196058053609022
18689,15.865916332342938
18690,15.85396579148726
18691,17.274793164657336
18692,15.923625248824447
18693,16.349177153666204
18694,16.32890150318371
18695,16.06777642052087
18696,15.429748505994203
18697,16.334720344200612
18698,15.97443621143249
18699,16.885641913545793
18700,15.654025084609962
18701,14.133344862239676
18702,15.825797141733835
18703,15.36459409589282
18704,16.518654332753677
18705,16.839180994078617
18706,15.543900679138911
18707,15.546908009738509
18708,14.413299617864979
18709,16.292475411349205
18710,14.628094541769574
18711,16.73902164316377
18712,15.25716541371239
18713,15.720959440491727
18714,16.949193974207393
18715,16.57067113886768
18716,14.86462644153498
18717,14.35193108767516
18718,15.745085504156725
18719,15.64987760939978
18720,16.779577456791905
18721,14.884677253264721
18722,14.676372077482016
18723,15.578112909142254
18724,14.58107464187063
18725,17.185294942889744
18726,14.899926259931396
18727,15.553331912339372
18728,15.782259589998965
18729,15.284999826078272
18730,16.04226462783667
18731,16.60904840870338
18732,15.416102442956513
18733,16.986115993669966
18734,16.01459420989391
18735,14.473477624368929
18736,16.392889830688112
18737,14.728391146752317
18738,16.10198411920855
18739,14.997645648181182
18740,16.738072299969446
18741,16.759240489917957
18742,17.02273420032124
18743,15.28224475074809
18744,15.824417328295683
18745,15.356814508651757
18746,17.50390302632825
18747,15.99123942716017
18748,15.92882324854967
18749,16.266113118120643
18750,14.839946856515466
18751,17.109454532852116
18752,14.70328681299348
18753,16.330019227102362
18754,15.368656604541467
18755,15.936559871869102
18756,15.183053265897064
18757,14.831318437223329
18758,15.080821520674267
18759,13.916550352583496
18760,14.768798691830144
18761,15.354111160806758
18762,15.27856975731208
18763,16.079920784917366
18764,14.758320081090886
18765,15.409993852570137
18766,15.131811317711556
18767,16.871749334621303
18768,16.062055511120157
18769,16.160315930097013
18770,14.204395482714277
18771,16.64255052075812
18772,15.53111299437211
18773,15.89719332393444
18774,16.075412375325012
18775,16.134658164071823
18776,14.901824793116118
18777,14.78991149429866
18778,15.95312869657736
18779,16.86733866200467
18780,16.774554573295216
18781,14.76811806837006
18782,13.358603470260876
18783,15.311798110208738
18784,14.727548977583611
18785,16.479161935332137
18786,15.899827510340304
18787,14.314753612725024
18788,14.034611110901293
18789,14.984101676244496
18790,16.936311714497908
18791,13.779959250989261
18792,16.468610732974362
18793,15.710275838689794
18794,14.944758794906928
18795,14.531312326449633
18796,15.322838920081466
18797,15.174303439001664
18798,16.351188820367334
18799,15.408220753975591
18800,15.836139889769301
18801,15.44957901541901
18802,13.388602347906236
18803,14.583575621076925
18804,16.22280152083134
18805,15.648532338499061
18806,15.94873549278243
18807,15.37627014450002
18808,15.7551292038272
18809,15.756947500186666
18810,17.876060712262973
18811,14.995760764082373
18812,15.48156598657478
18813,15.79235105907672
18814,15.704159933438486
18815,14.950550391090708
18816,14.478540483845697
18817,15.851450448403709
18818,15.583918843610608
18819,17.598430398721156
18820,16.54698712687721
18821,13.590249212620588
18822,16.116329884351057
18823,16.160222988122175
18824,16.230166041953563
18825,15.455783149685113
18826,14.708683814739517
18827,14.155324085489255
18828,15.116993624360015
18829,16.0409737892266
18830,15.814625929571841
18831,15.825552569796711
18832,15.628536397236935
18833,17.184654512008255
18834,15.54183765807256
18835,16.002615014887454
18836,15.469102920803708
18837,16.202860672122114
18838,15.320824892924358
18839,15.014269104797679
18840,15.216169204990576
18841,15.828746369163829
18842,15.504610673729125
18843,15.471575765306621
18844,14.974447688221533
18845,15.418949815047622
18846,14.458046100794414
18847,16.37604275194154
18848,14.500560240496085
18849,15.09429226775029
18850,15.171159109909055
18851,15.962097523978546
18852,14.244282291185838
18853,15.572493217910406
18854,14.944716636189858
18855,17.09208292615143
18856,16.614073144627817
18857,14.257820179222325
18858,17.290452747487656
18859,16.662677988655773
18860,14.728570127411784
18861,15.306815398759207
18862,16.609316036817138
18863,15.120524600081593
18864,14.97532920355618
18865,16.24881346743448
18866,16.467823071558634
18867,16.43138933072699
18868,14.676757879608683
18869,15.074591894884893
18870,15.311777180500039
18871,16.720360442582013
18872,16.498868533757758
18873,17.305936884499157
18874,17.119992988866542
18875,16.274376118418918
18876,16.53699440728453
18877,16.04816130178093
18878,15.16648242025951
18879,14.397488291767427
18880,15.71646627413283
18881,14.76010534685984
18882,15.576213440133358
18883,14.205500120782602
18884,16.417927611017046
18885,16.407088029143182
18886,15.9966714906592
18887,16.090947822281233
18888,15.18147160371319
18889,15.567635555309597
18890,14.752471826262052
18891,16.46955808132777
18892,16.968832631737055
18893,15.948264386641306
18894,16.053581271008916
18895,15.607514375322003
18896,15.868724705667153
18897,16.52196583179559
18898,14.255093444382746
18899,15.206890340043268
18900,14.913730508585815
18901,15.209075722110594
18902,15.99644082615393
18903,14.991688136149799
18904,15.512567162436063
18905,14.925771616671836
18906,14.908614899391932
18907,15.69086187277797
18908,14.612156001966722
18909,15.478561157893532
18910,15.553305923030354
18911,14.853019414307342
18912,15.846753568032122
18913,16.095830966832334
18914,14.974454040889178
18915,15.91105091423121
18916,16.866007449901293
18917,15.22240952572424
18918,16.199311190855983
18919,16.19622520372249
18920,15.768829934025156
18921,15.491911343763359
18922,15.256700719942046
18923,15.427244234727668
18924,14.090570356459523
18925,15.199886370740073
18926,16.292901974838035
18927,15.973307759849884
18928,16.70948778311141
18929,15.9617531919081
18930,17.403453804069066
18931,15.67212364626834
18932,14.829867570919372
18933,15.26679650628441
18934,16.213145433997376
18935,16.1997757289518
18936,14.719536035764982
18937,15.888042749288099
18938,14.84872941248458
18939,15.856533011728368
18940,16.127721870322063
18941,16.317360693092677
18942,15.154073047589538
18943,15.033200163754039
18944,15.107973650776152
18945,16.28624353116233
18946,16.990814626402447
18947,15.634912262603459
18948,16.10139888195302
18949,16.08525850603334
18950,16.729769541960042
18951,16.370333450191673
18952,15.346617115842928
18953,15.951870073413696
18954,14.517423957941634
18955,15.822294822470939
18956,15.721897233721855
18957,16.90714313258932
18958,15.52943084167505
18959,15.193891468228715
18960,16.10580440861037
18961,15.342662646750924
18962,14.980459726799907
18963,15.241292416333456
18964,14.58937679970636
18965,15.140912914671066
18966,15.460472867683777
18967,15.469645621499915
18968,14.666269510829283
18969,16.403319998618304
18970,14.593303757730407
18971,14.979627701700654
18972,16.102640219588377
18973,16.49731821979856
18974,14.360690856448366
18975,16.02169793188663
18976,14.859961521821301
18977,16.235061437704577
18978,14.950616120313644
18979,16.369880490630816
18980,16.42753952211785
18981,15.928909435863824
18982,15.187098956771374
18983,15.534912996862287
18984,16.928945036780156
18985,15.606737734374839
18986,16.410969826883047
18987,16.4288980103522
18988,14.826561707068754
18989,15.060440601058737
18990,16.82040320567827
18991,14.699906261581663
18992,16.503081128134966
18993,14.166618401681836
18994,16.124370216371073
18995,15.319505182729296
18996,16.440737192289284
18997,14.624726886612502
18998,15.076808413245645
18999,16.71107788520039
19000,15.43329924706272
19001,16.165940701205358
19002,16.050818013254634
19003,15.302379637821574
19004,15.311941124621715
19005,16.109377650849545
19006,16.590673565859156
19007,16.249222655158086
19008,16.292704113441786
19009,16.054610681587015
19010,15.7625436848862
19011,16.574338774020703
19012,15.270593832357635
19013,17.616367269475603
19014,16.14862213894208
19015,16.746010054638255
19016,15.069427196459566
19017,15.47834151125423
19018,15.969980486410982
19019,16.68951931942328
19020,14.928495286484877
19021,14.638934001500486
19022,14.575184640333667
19023,14.532147072779434
19024,14.974969556180739
19025,16.787699079521282
19026,14.65437810198695
19027,15.724168204926329
19028,15.41015113273415
19029,14.697724135385645
19030,15.383445316779381
19031,15.444040852131671
19032,17.828484883785855
19033,17.02057118922554
19034,15.638675863153447
19035,15.078556377507342
19036,16.941840854362272
19037,15.30141583572498
19038,14.111679195403237
19039,15.05441753166782
19040,15.857156675028273
19041,15.663679534187818
19042,14.456508152086954
19043,14.123262020154906
19044,15.944186378507357
19045,15.18085903717768
19046,16.43774396979267
19047,16.278082711686643
19048,17.43130228289064
19049,16.507423709660397
19050,16.479001630732323
19051,16.02579812674795
19052,15.307879581715401
19053,16.394515958452157
19054,14.330731058860671
19055,14.80544976555748
19056,14.531514066410821
19057,15.802622962076914
19058,15.296564776769236
19059,16.90133747789271
19060,15.845304870434274
19061,16.361552258628215
19062,16.205401856876676
19063,16.252659078574098
19064,15.18837332791538
19065,16.32440516478231
19066,15.81561498481133
19067,16.103074342900218
19068,16.452699250343578
19069,15.552811275080536
19070,15.389664825915405
19071,16.475885200401667
19072,15.785683131905875
19073,15.05106170273647
19074,15.556945777413935
19075,16.220862260370385
19076,14.519128142745851
19077,14.940256772514259
19078,14.466019340732553
19079,14.911528300291913
19080,17.645938617188285
19081,16.909011864568644
19082,16.83456121344378
19083,16.034463460281152
19084,15.829922498150726
19085,16.765388727107258
19086,16.586708447968537
19087,17.403478398219864
19088,15.418943099706706
19089,16.031359778657137
19090,16.508160963680705
19091,16.194433487752562
19092,15.834264572477684
19093,15.821279297349804
19094,15.073571645346785
19095,15.819863786773626
19096,15.639551639720766
19097,16.74509047435056
19098,16.70561751253928
19099,16.632944881874643
19100,15.941797161693327
19101,14.460944587422139
19102,15.682025237934374
19103,17.24085402692233
19104,14.94728942682644
19105,15.932114775729314
19106,17.209574535881405
19107,14.721559271769605
19108,15.647373062090285
19109,16.46543117370666
19110,13.891645696569809
19111,15.945460702624906
19112,16.172668802777775
19113,15.698744168215036
19114,16.209355824998
19115,17.0356343805419
19116,15.926496250476385
19117,15.744613380330653
19118,15.482767910416246
19119,15.452235523782592
19120,16.401217764827603
19121,15.45567748564997
19122,15.426528421552762
19123,14.578994382425908
19124,15.875910990682934
19125,16.606503826545786
19126,15.703156765922055
19127,15.678686810946104
19128,15.706329669901193
19129,16.01123399137581
19130,14.56026352471306
19131,15.499164432454196
19132,14.654510929940779
19133,15.834242844615899
19134,15.037497736419207
19135,15.581322874626208
19136,17.110109518338415
19137,15.21789627108801
19138,14.804650691868716
19139,14.850665595903353
19140,16.299999592888334
19141,15.215037247789562
19142,16.009380636417472
19143,16.1429391017415
19144,15.137566825943324
19145,16.044489566324327
19146,15.852124610973036
19147,16.693028609675636
19148,16.397730598201775
19149,15.536681285097922
19150,14.407353783095653
19151,16.43834387011116
19152,16.689471007136014
19153,15.143561424093122
19154,15.6398569957109
19155,16.872618422973154
19156,15.537550552021058
19157,16.964357313608893
19158,15.768036494276306
19159,16.69708206970264
19160,16.581553085272006
19161,16.236017046258578
19162,16.435175060969772
19163,15.971712058491718
19164,16.08801122038619
19165,15.690021051140121
19166,15.668098760155692
19167,15.60954599117963
19168,15.191853958400806
19169,14.881079635875876
19170,15.642508529310202
19171,17.009883393528728
19172,15.747947899312525
19173,15.573239266582556
19174,16.585159175435734
19175,15.81348698475963
19176,14.23261333431279
19177,15.075056240764447
19178,15.168317620960465
19179,15.584754772449458
19180,15.630467173535408
19181,13.62864166113791
19182,14.692732043365032
19183,15.45646409436542
19184,16.20088975957109
19185,15.111250444008716
19186,15.433700071763909
19187,14.956030862756402
19188,16.889181306044502
19189,16.02227098637881
19190,15.372340487755872
19191,15.111943755294245
19192,15.69930839670173
19193,14.661867826392191
19194,15.233883862947195
19195,14.537062810603489
19196,14.144379631268563
19197,16.133703089842417
19198,15.242792942076962
19199,16.539699954808476
19200,14.861057225435605
19201,14.512687292818429
19202,15.899957857249824
19203,15.72291459589943
19204,16.784844313275844
19205,15.518293022474833
19206,15.883126755910496
19207,14.74028033400868
19208,14.623711349733947
19209,15.57722442272073
19210,15.495882593404414
19211,17.236941699795047
19212,14.370338024073043
19213,16.78881021792631
19214,15.576206845241085
19215,15.970495561557946
19216,17.249520503869697
19217,16.435129347346862
19218,15.205635620774219
19219,14.76887522004892
19220,15.859851676596605
19221,14.79596569903858
19222,15.88946403469941
19223,15.843184434235875
19224,15.55684217424373
19225,15.560182439970747
19226,14.248322529073999
19227,15.00694031599546
19228,14.753786406680524
19229,15.74894937571126
19230,15.305331294068223
19231,15.120274873164655
19232,16.395789072151466
19233,14.16600618786729
19234,15.768099214998271
19235,15.92146788710004
19236,15.311050473112982
19237,14.994382614231915
19238,16.258557416814565
19239,15.161951343159675
19240,16.206771789867776
19241,15.474209022116176
19242,14.811329547995458
19243,15.763366374992366
19244,15.8886580118826
19245,15.00184761470105
19246,15.540090723869207
19247,16.231702964262524
19248,16.872408298994806
19249,16.510313157012565
19250,15.942631788262926
19251,16.069135277076253
19252,15.898778137756516
19253,17.546393608635757
19254,14.692327085243246
19255,16.579586254386957
19256,14.288682880638916
19257,16.037738625700516
19258,17.726693756357093
19259,17.596413698439566
19260,15.341558732486126
19261,15.573009777455876
19262,15.514424683258394
19263,15.88637590995775
19264,15.262062147574477
19265,14.611028808002095
19266,15.061131445037114
19267,15.087468084764685
19268,14.780142350852204
19269,16.160824977698184
19270,16.2424229988258
19271,16.573440613405523
19272,16.72618693601614
19273,14.640968036437744
19274,16.428575375562502
19275,15.227575426710404
19276,16.36900335257203
19277,16.0744882744212
19278,16.730393619973558
19279,15.690527571082157
19280,15.642101212383416
19281,14.481448652789755
19282,15.951034409613122
19283,14.538164541906351
19284,15.957480317421718
19285,15.637684203894551
19286,15.830872635772343
19287,16.55377206604536
19288,14.964331928012424
19289,16.055866285387594
19290,17.654195600845178
19291,15.71256594271024
19292,16.06291895089686
19293,14.690624044395404
19294,15.147252392616975
19295,15.723942642006618
19296,15.304580731441243
19297,15.885426230120762
19298,15.228246450204823
19299,16.08189311223197
19300,16.69201470659366
19301,16.00677986858982
19302,15.36744206965798
19303,15.15981810834316
19304,15.50833493830091
19305,16.71942298905276
19306,14.694327276655907
19307,15.728667351391499
19308,16.439932012868958
19309,15.662163959161806
19310,16.407853493587638
19311,14.786856428406256
19312,16.67459914248844
19313,15.774016300675214
19314,15.433618735272557
19315,15.966013373174343
19316,16.694725944973673
19317,15.611737017562191
19318,15.21553358068347
19319,16.910566104157592
19320,16.076880399120675
19321,16.130025702610716
19322,17.100821593293585
19323,17.665544704184217
19324,15.689044780473774
19325,15.477000322875304
19326,15.943063715677326
19327,15.442538326280284
19328,15.387737730237815
19329,15.665794755409568
19330,17.2881014603303
19331,17.57667422944664
19332,16.059840621736782
19333,17.00756484473289
19334,15.167254320696587
19335,15.74656028277364
19336,16.168832123952317
19337,14.903759924040822
19338,15.365304088422695
19339,17.26536683732052
19340,14.877936523415372
19341,15.743407976843848
19342,14.598233224649197
19343,15.591081956457659
19344,15.22893511033983
19345,17.38766467501044
19346,15.294635195501531
19347,17.060536540764634
19348,16.49184061501588
19349,16.02201585966158
19350,15.724096788863731
19351,14.639418241953535
19352,16.13898866704283
19353,15.265482006810997
19354,17.25760297661612
19355,16.275360628110548
19356,14.77266682255874
19357,16.7223844629104
19358,15.889403159591588
19359,15.63418982704254
19360,13.817574498344243
19361,15.07621458613153
19362,16.226126990254603
19363,15.873186642801898
19364,15.184178728091553
19365,14.70975423173837
19366,16.0933005807653
19367,15.992893015604386
19368,16.641962510663348
19369,16.489945502061722
19370,16.08370284008287
19371,16.336740738603638
19372,14.528108205599017
19373,16.349044392175138
19374,16.8087577130167
19375,15.83482534020283
19376,16.46075547741061
19377,15.145892179572018
19378,16.68322697569752
19379,16.261656592378113
19380,16.38541644988187
19381,15.925843586477553
19382,14.272140129703777
19383,15.49520713973722
19384,15.272406821905
19385,14.537496791366658
19386,15.033410424084995
19387,16.87182901206099
19388,16.096445999116046
19389,14.940071589410232
19390,17.594742431753676
19391,15.72219860947354
19392,15.926767273599133
19393,16.03306054860315
19394,15.495949014293439
19395,16.98226766578201
19396,15.794002932673605
19397,15.594454043911021
19398,16.980444295526006
19399,13.92998808046074
19400,15.734519632690581
19401,16.580637709930848
19402,15.852037225714712
19403,15.543143159245131
19404,17.060645301830256
19405,15.618859118209112
19406,16.708256257096195
19407,13.871154719324869
19408,15.356038343150644
19409,14.874541440738291
19410,15.649532105904179
19411,16.23395862482915
19412,16.074932631888476
19413,15.767881476383254
19414,15.684837320907452
19415,14.76130135753823
19416,15.426081725686606
19417,14.606438590433228
19418,15.906345819008106
19419,16.264661987983505
19420,16.38633286538629
19421,16.67919744429316
19422,14.747504219200993
19423,15.686887359840055
19424,14.204419063391308
19425,16.022122490844897
19426,15.617592560812673
19427,16.14650272406141
19428,14.964952763070833
19429,14.874881241961873
19430,16.193913790418335
19431,15.677465117020118
19432,15.6486566162111
19433,16.558178107680433
19434,15.422311898436494
19435,15.172502881108466
19436,14.950691121975597
19437,14.533011271741216
19438,16.26255562993936
19439,16.035763790374094
19440,15.01472812344625
19441,16.03271716296237
19442,15.244840794510257
19443,14.552321457386856
19444,15.831441715921267
19445,16.547717371176866
19446,16.69813076740657
19447,15.895087306419924
19448,15.184784271159646
19449,16.56359024656323
19450,16.0180573789209
19451,16.26610441872452
19452,17.359822208953418
19453,15.809613643651055
19454,15.972857340665223
19455,15.363626603330575
19456,15.517924119343267
19457,15.987848818439575
19458,15.689853455005146
19459,15.692670078740194
19460,13.180701478862611
19461,15.991814436059453
19462,15.27969432803203
19463,16.018628459499055
19464,16.6749412061679
19465,16.305176708421186
19466,16.473565668898768
19467,15.656508732626724
19468,15.431320444894617
19469,15.42183396285489
19470,16.257798251435716
19471,15.667325458714993
19472,14.861509441003651
19473,15.75225873992325
19474,17.184856025484034
19475,15.899686598673805
19476,15.228160121099686
19477,14.787290451963155
19478,15.980946650161279
19479,17.165379109642288
19480,16.1263557838683
19481,16.539938112659943
19482,16.463353071270806
19483,15.235041112022081
19484,17.0927726443591
19485,14.803475973700946
19486,15.269255270047315
19487,15.383164019191742
19488,15.710961239811162
19489,16.610274033969585
19490,14.51661691875344
19491,16.73841954962279
19492,16.102123613918334
19493,16.40242550613047
19494,14.85013101991751
19495,15.27385061695877
19496,15.98012178944262
19497,16.78991821347501
19498,16.49321037377074
19499,16.188517074129344
19500,14.370765784970475
19501,17.298148689091985
19502,17.41152384561635
19503,16.914328718689898
19504,16.440944557579652
19505,16.691946444454832
19506,16.578336856500574
19507,16.229502934212
19508,16.375549322388704
19509,15.226346031056663
19510,16.676364615473116
19511,15.328939823946268
19512,14.005704275351958
19513,16.46083773142852
19514,15.747759657164188
19515,16.97992553319979
19516,15.309939524817889
19517,15.968888705704664
19518,15.74172662657537
19519,15.585540784563435
19520,14.714853867560834
19521,15.199980965635975
19522,15.806800100904226
19523,15.317006036228818
19524,15.459328118092548
19525,15.35422121132323
19526,16.945811779241925
19527,14.682342243602285
19528,14.685141194953115
19529,16.900023615538874
19530,15.79145138295899
19531,17.61540794813297
19532,16.063821546457863
19533,15.414967373914049
19534,15.59164388047547
19535,17.924068184773308
19536,13.478339987497357
19537,15.170055067249352
19538,16.323939880217377
19539,14.67843414449748
19540,17.877986615592075
19541,14.94073088857332
19542,15.888280787426503
19543,16.79184263538048
19544,16.206932878040266
19545,15.416761311610529
19546,15.278796559105723
19547,15.179791149821495
19548,14.894196561467217
19549,14.445007736696676
19550,15.859461183417705
19551,16.160570641249475
19552,15.732057098827358
19553,14.041126344479585
19554,15.04197861910607
19555,18.291886787743312
19556,16.16973019706772
19557,14.021462183559564
19558,16.33009172761936
19559,15.94074394055078
19560,15.927993327619577
19561,15.575945733556978
19562,15.437715882796875
19563,13.648815367225247
19564,14.33452154577185
19565,16.122432671233497
19566,16.53042954606644
19567,17.523836926132432
19568,15.765064210959318
19569,14.846482584941006
19570,14.718604414782146
19571,14.889298191834179
19572,15.075958665813872
19573,15.67830264445938
19574,16.925570758712603
19575,14.695334846910798
19576,16.190039303098107
19577,16.847499485339803
19578,15.305669842723512
19579,15.034340786950315
19580,14.95467745577512
19581,15.480168614691042
19582,17.51861899025924
19583,15.0779815634607
19584,15.561084182411726
19585,16.56979999037515
19586,16.914724441085824
19587,15.682928282895569
19588,14.615250726777436
19589,15.279267823403135
19590,16.54140875959751
19591,14.635202416524274
19592,15.533891933463941
19593,15.510934098788859
19594,16.36493478151942
19595,16.372617206930624
19596,14.39902342242263
19597,14.702116359970686
19598,15.546727355042417
19599,15.104578626593202
19600,16.02058092345598
19601,15.409405870781463
19602,14.36631570920876
19603,15.934072421828573
19604,15.001224941593673
19605,17.33840841581953
19606,16.152339944892326
19607,14.419112211914289
19608,16.43268606509302
19609,15.087506467445488
19610,15.072533153462075
19611,14.936850947106683
19612,15.903531211323308
19613,16.827353760478342
19614,15.303174312508018
19615,16.28201139106063
19616,15.225832110388879
19617,14.969983862074708
19618,17.061675684670877
19619,15.637159591266201
19620,14.806439914990838
19621,16.584169176726846
19622,16.164899043102874
19623,15.907275501928554
19624,14.895504482123584
19625,15.205326004802641
19626,14.771793614511342
19627,16.44688510683038
19628,15.648714678653588
19629,15.184563147061706
19630,14.457418484647576
19631,14.714932355003334
19632,16.756106341532128
19633,15.646557444503973
19634,15.083861049316514
19635,14.56946591869759
19636,16.399546882272297
19637,16.102325214142194
19638,14.584300712194043
19639,16.008380933789056
19640,15.688301412600957
19641,16.536204663127528
19642,15.259751215191955
19643,16.580011277384855
19644,17.075124871538023
19645,15.159373223955614
19646,15.338727363667111
19647,15.127558791648012
19648,15.662464140144635
19649,16.021574851000256
19650,16.206094809609713
19651,14.605092589296168
19652,14.898496889122136
19653,14.533987738614803
19654,15.933255981721196
19655,15.882345841107472
19656,16.473878132220786
19657,15.484447866517268
19658,16.246435376541438
19659,15.388309332548387
19660,15.77830661667052
19661,16.5902463117822
19662,15.904926344495902
19663,15.591039338105428
19664,16.856297599089654
19665,15.485152149933299
19666,15.83275283946955
19667,16.173045596250518
19668,15.740017455589657
19669,15.297305513440845
19670,14.642630166496222
19671,16.41004514546298
19672,16.371246891007512
19673,16.76942598277788
19674,15.6330210174764
19675,15.249901649727798
19676,15.500121265572593
19677,14.822514102353042
19678,15.394188365153594
19679,16.372090549795647
19680,16.062831671185215
19681,14.971894607435628
19682,16.457026920005088
19683,14.386479369953884
19684,14.26743776981628
19685,15.289527467870478
19686,15.693395383413876
19687,14.20643777696478
19688,15.962199267569144
19689,15.113888722453817
19690,14.95023530841079
19691,15.929111039778496
19692,16.11483302568898
19693,15.560134219164249
19694,15.55859144611536
19695,13.944777874056747
19696,15.485634431830722
19697,14.71895242576879
19698,16.40612533037032
19699,16.31388162755148
19700,16.179868456447227
19701,15.916939099340391
19702,15.719298084865866
19703,15.6631949759983
19704,15.334340264305684
19705,15.918001872623496
19706,14.961995052379768
19707,16.029863826103238
19708,16.647207460766197
19709,15.201761936703802
19710,15.919362065420538
19711,17.21971650490745
19712,16.112291904705764
19713,14.708515340448951
19714,14.833171886507461
19715,15.414620571801606
19716,15.543073829990556
19717,14.525314573661491
19718,14.803643297044486
19719,16.49331003465875
19720,15.047406314563894
19721,15.487147475729332
19722,14.7565251580981
19723,15.167902498365807
19724,15.714907323766166
19725,15.505428091605689
19726,15.312233818399339
19727,16.095604900963107
19728,15.516320483426538
19729,14.101328196717615
19730,14.900653811590448
19731,15.778111939728323
19732,15.701048989263313
19733,15.247364888749098
19734,15.50132774916101
19735,14.977724793274914
19736,15.900230252572035
19737,17.194800326517672
19738,16.613553484025225
19739,14.956154107803185
19740,15.222943224106276
19741,17.535495664834315
19742,15.143757262701891
19743,15.543776006740076
19744,14.960976211980144
19745,15.64274529622422
19746,15.838225599814331
19747,15.680871329750756
19748,15.584773960330336
19749,15.547151185298786
19750,15.225321305840444
19751,16.103899552428114
19752,15.560291520578135
19753,17.393382185420446
19754,15.91579621003851
19755,15.846309147635491
19756,15.839313636729939
19757,14.714061084634464
19758,14.945328143360307
19759,16.789095128944243
19760,16.47765598592691
19761,16.177311271172133
19762,16.216042151302982
19763,16.040391833646943
19764,17.1248127139276
19765,16.85336575966788
19766,15.239946754931648
19767,15.351038480002394
19768,14.034681507582814
19769,15.567863375961446
19770,15.487205566028571
19771,16.122071377567806
19772,16.502399803528352
19773,15.286492835914828
19774,14.737970521551672
19775,15.431912375969725
19776,15.858436785493074
19777,16.202990406367686
19778,16.29569501503144
19779,16.671679146175062
19780,15.941178843168068
19781,16.73544432179398
19782,14.756262911738196
19783,15.830614319990614
19784,16.03817883938002
19785,15.998663425012452
19786,13.501156314375738
19787,16.82497040055636
19788,15.526028833159454
19789,16.394881579296246
19790,15.17728467587518
19791,14.898082127601528
19792,16.542331514926257
19793,15.040233723908894
19794,16.571548855829754
19795,14.512188607961681
19796,15.479346029374398
19797,14.273973076498637
19798,15.687666644409985
19799,15.181901568665856
19800,16.256015121292034
19801,14.84164171141463
19802,15.482070120652118
19803,15.49729927791873
19804,15.814757414163118
19805,15.305622776077692
19806,14.246636793117917
19807,16.135075409259624
19808,15.380659994810301
19809,14.660148046953022
19810,14.914526666929092
19811,17.579245998793738
19812,15.469576341010953
19813,16.037484451744554
19814,15.419863823651005
19815,15.516127193453041
19816,15.32598742724545
19817,14.86975387233495
19818,15.778220221966281
19819,14.149288714221024
19820,14.36958703537932
19821,14.970473673505564
19822,15.491290682192712
19823,15.756422411281799
19824,15.342455973495163
19825,16.40466100936756
19826,15.967019756859607
19827,15.394368162622643
19828,16.195308742287317
19829,16.729868909796124
19830,15.195835604868885
19831,15.302657209755235
19832,15.160053980134373
19833,15.550149796678532
19834,16.912154885966128
19835,15.371161226644938
19836,15.858025620490302
19837,15.821701370850004
19838,15.484856518128566
19839,15.683381913730475
19840,16.228179180488883
19841,14.171722849253737
19842,15.254264252865989
19843,14.001312219879285
19844,16.201474918745465
19845,14.834102746883918
19846,16.809391070452364
19847,15.268598506528587
19848,17.00861683612973
19849,16.20088313199897
19850,15.74256147857642
19851,14.953301452134582
19852,15.301468176728969
19853,15.804333254106082
19854,15.154900889578068
19855,16.03115918318502
19856,14.285875003715894
19857,18.142545062321982
19858,16.358623772652635
19859,15.515603398509828
19860,14.556758243467872
19861,15.272778485478218
19862,16.080615561902903
19863,15.337721151594954
19864,14.98367456223585
19865,14.035985901229267
19866,14.025442673806827
19867,15.9136463251509
19868,13.965925784791967
19869,14.765826139301154
19870,14.42730339488751
19871,15.54666501740756
19872,16.450754937887123
19873,15.54751251556509
19874,14.801596235204432
19875,15.830536045668506
19876,16.211211700332093
19877,15.93807131777555
19878,15.565306130891658
19879,15.437858887342893
19880,14.44297908961055
19881,14.866379173200833
19882,15.049235584922107
19883,16.29364710908345
19884,16.330258613752154
19885,15.216148398442769
19886,16.36551048798404
19887,16.685524636940794
19888,16.362232760991674
19889,16.387648327281305
19890,16.78573490724815
19891,17.24244864890368
19892,15.505556262718382
19893,15.947061169537909
19894,15.374771582244215
19895,16.95880735317638
19896,15.145900564906944
19897,16.022268409602244
19898,12.966802636163967
19899,15.73117153452014
19900,16.53438541565912
19901,15.924135764765147
19902,16.07530275532432
19903,16.459169272328385
19904,16.048677085523085
19905,16.81065786487642
19906,16.28129387627529
19907,16.521024892982574
19908,14.461131665348418
19909,17.165952671023845
19910,16.78477146265781
19911,15.253183239778254
19912,15.389927904638526
19913,14.221902740393599
19914,17.03063072446828
19915,14.472936634118025
19916,14.786298698169489
19917,15.40747357637521
19918,15.941909555415114
19919,15.164441893661152
19920,15.068423617907039
19921,15.917934456978148
19922,14.669114595885041
19923,16.530554032701314
19924,15.8242538605251
19925,16.018965497185835
19926,14.960023675959015
19927,16.09500869618
19928,15.54901100321312
19929,16.164370042987404
19930,14.79187382633024
19931,15.665524820906644
19932,17.229446779882625
19933,16.720132259383263
19934,15.691952752910423
19935,16.51060401691319
19936,16.0971762631349
19937,15.145490752692515
19938,14.552666118087275
19939,15.351263606670718
19940,14.647044937133934
19941,14.963998534499563
19942,16.132512574525197
19943,14.39934095132192
19944,16.383032534469127
19945,15.766080237315403
19946,14.226576280961376
19947,15.228611529040835
19948,17.403558426433545
19949,16.71633976673102
19950,16.849050565765154
19951,15.632737429102995
19952,15.649598471960502
19953,17.327610319152388
19954,15.062609459628368
19955,15.800525608614336
19956,16.674661664502704
19957,15.314345565150589
19958,15.17903194248005
19959,13.980419478272681
19960,14.954501051639822
19961,14.561950600986277
19962,16.861507255610142
19963,15.599015360038463
19964,15.284772862781184
19965,15.860630918024594
19966,14.169943173483011
19967,16.25324207589866
19968,15.950557828146339
19969,16.134946229479564
19970,14.19695984281008
19971,14.848787847400159
19972,16.09020851399956
19973,16.57339240668023
19974,15.869383991246409
19975,15.507687148758889
19976,15.427472001551974
19977,15.289102140780212
19978,16.6917141634929
19979,14.91318629621969
19980,14.80228974238457
19981,16.550518014149333
19982,15.164415992103798
19983,15.305999977554215
19984,15.475090558113454
19985,17.120814100301917
19986,15.775012079101844
19987,15.413766182201037
19988,15.766458004576972
19989,14.107756379387602
19990,15.269328381127826
19991,14.493931141193912
19992,15.84793473046423
19993,14.396986026471781
19994,14.333556298103339
19995,14.032500109988815
19996,15.927525934887704
19997,14.97730515454592
19998,16.206047058178978
19999,15.330073274377643
20000,16.95625870004552
20001,15.038944951720046
20002,16.55624152271505
20003,14.923485915203534
20004,14.882103540807414
20005,15.370410187114908
20006,16.394336804845636
20007,14.942126926489228
20008,16.37886753598933
20009,18.08192045233744
20010,18.145292876169908
20011,14.501741394283258
20012,15.890661594174793
20013,15.531628422343752
20014,14.821911347407642
20015,17.102238183033837
20016,14.667612273960104
20017,15.674824349113093
20018,15.160872786301976
20019,14.484092505790347
20020,15.844531849750208
20021,17.068429775775023
20022,15.286027483121057
20023,14.729250088239711
20024,14.883319900394861
20025,15.427048378127434
20026,16.888519133795967
20027,15.4760452382082
20028,16.18256408376658
20029,15.972097632591913
20030,15.460999720502791
20031,15.854208490936902
20032,16.840813946924502
20033,17.22036397781462
20034,17.26020986556436
20035,15.329988976341467
20036,15.45071098763184
20037,15.607068774089871
20038,15.349523452025686
20039,15.42805575719683
20040,15.56589420013086
20041,16.199911171135174
20042,15.995848284259033
20043,15.767619010676116
20044,17.17704967220969
20045,16.77400878353371
20046,15.027329906388333
20047,16.38152992501173
20048,14.866948820217095
20049,14.321587698902336
20050,16.500216093046262
20051,14.905813545750313
20052,15.244614643367246
20053,14.814647228477005
20054,15.851929201501855
20055,14.813680408561112
20056,16.415398471504933
20057,14.284100261341063
20058,14.132475450067425
20059,15.229627908079275
20060,14.836237275316995
20061,14.936232332144858
20062,15.946328279047615
20063,14.792462774724326
20064,16.48774313826333
20065,15.546212828671859
20066,15.156813717133186
20067,15.969449155654566
20068,15.768234716927145
20069,15.506718315800931
20070,15.939054582603058
20071,16.154529881877707
20072,15.866369617093572
20073,17.29842431125861
20074,14.494971895551442
20075,13.914774689970674
20076,13.897234408303742
20077,16.285055708862803
20078,15.028883291129526
20079,15.321373637159306
20080,15.702763845120668
20081,15.200083399965761
20082,15.308191960151731
20083,15.712051848616337
20084,14.263978666692763
20085,16.355013652737735
20086,14.707283271120208
20087,14.336491977694672
20088,15.335674178088176
20089,14.902620060464674
20090,16.017017226549175
20091,15.530147651421743
20092,15.604641964022454
20093,14.829387528517643
20094,15.228700592627105
20095,15.512623169865481
20096,16.858108203641358
20097,14.536953555656345
20098,15.806370584496422
20099,15.909590057488586
20100,15.872090490731072
20101,15.039293321761546
20102,16.70020948833938
20103,14.659642185678763
20104,15.917887564076688
20105,16.81632717960779
20106,14.746752515126584
20107,15.566908089644826
20108,14.707595989508617
20109,14.307856032991804
20110,14.425130167293293
20111,16.529879232842447
20112,14.418153147801405
20113,16.52503695481162
20114,15.080919526060383
20115,16.722171825961624
20116,16.10563259945995
20117,15.450056186573953
20118,16.643209137337056
20119,16.023931307041877
20120,16.308493048725435
20121,15.813025611886069
20122,15.59114146901361
20123,14.246337911538237
20124,16.321905152595242
20125,16.367347622436604
20126,15.19967171954179
20127,15.888093156721427
20128,15.507935496452227
20129,15.95728177333966
20130,16.351235480107004
20131,13.926247783992267
20132,14.916697532486012
20133,15.874101647029443
20134,15.861449479433006
20135,15.724576811110559
20136,16.219948171351746
20137,15.104605370865674
20138,15.79877291386548
20139,17.237800825760186
20140,17.28031124923986
20141,14.420496556418644
20142,16.116256147841575
20143,15.488912036563926
20144,15.835729283624937
20145,14.74983754753733
20146,15.85398942112723
20147,14.536109129981183
20148,15.07894137209329
20149,16.85929590700207
20150,15.547696452304182
20151,15.299729662097878
20152,16.033110109650945
20153,15.366686162431693
20154,15.128947767964029
20155,15.50006905197202
20156,15.50049266550494
20157,14.895122205179684
20158,16.04530069786041
20159,15.114837610618624
20160,15.285657300402042
20161,15.582225578924922
20162,16.13118006195902
20163,16.517166273695484
20164,14.963511473457324
20165,15.940632467394513
20166,16.36071198908058
20167,17.220727854851077
20168,14.954290111697155
20169,17.007035947173442
20170,16.355273317180192
20171,15.688427111410476
20172,14.547229361114288
20173,15.016151412968817
20174,14.891123036748192
20175,15.593003541323563
20176,15.187927470696188
20177,15.35329063697711
20178,14.521610037403953
20179,17.165582243552223
20180,16.43810843629076
20181,16.898634012395398
20182,15.269291629817445
20183,16.235986503679033
20184,16.774629244242238
20185,16.12278504236937
20186,15.155476448364913
20187,16.73441628406903
20188,15.332394757750185
20189,15.998829932789134
20190,17.70689671227061
20191,16.216171259239683
20192,14.610667376319158
20193,16.484474112103623
20194,16.16234125294539
20195,17.239477099859467
20196,15.101622158673448
20197,17.160018132767473
20198,17.278504373579516
20199,15.94601985331263
20200,15.8917467193484
20201,15.539727666220756
20202,14.941479098003807
20203,16.204102245717507
20204,15.134994415582028
20205,14.805870397805004
20206,15.683245328771282
20207,16.30843832290254
20208,15.692797938974042
20209,13.779611272611671
20210,15.770339569297406
20211,16.178802532984047
20212,14.956274629447211
20213,15.04809617290586
20214,15.417089299313785
20215,15.535323104962009
20216,14.538725384209627
20217,15.357552217923345
20218,15.715684068607686
20219,15.708792143060569
20220,14.433121882746752
20221,15.549147070164693
20222,15.830214292101017
20223,16.660581359614174
20224,14.118839002205492
20225,15.538025236590935
20226,17.299318109148718
20227,16.528187638192932
20228,14.683348654721303
20229,16.79897101095073
20230,14.764517948792212
20231,15.487570101098536
20232,16.11010571532791
20233,15.553327536202735
20234,15.146321570061316
20235,16.19516729937831
20236,14.314616862215622
20237,17.598371803624214
20238,13.973932088153164
20239,15.888093176587686
20240,14.929326868665498
20241,16.548515868954183
20242,14.900013067492276
20243,15.323401228158463
20244,15.231289821536766
20245,15.166188348275375
20246,15.159995642786575
20247,15.444188573441462
20248,15.763228245455478
20249,14.804062328796869
20250,15.410765022707329
20251,15.068891923009627
20252,14.224380232408942
20253,14.968026305402272
20254,15.643094339179985
20255,15.21001370384437
20256,16.328286635051164
20257,16.743433845834474
20258,16.18759353166236
20259,17.10282970781388
20260,16.060494133924063
20261,14.656776586784261
20262,15.571669325600157
20263,16.71814912438931
20264,17.66311932753333
20265,16.626065595810875
20266,15.094558586750013
20267,14.77136404017305
20268,15.073230710984944
20269,14.618082646854697
20270,15.891982685413186
20271,15.41467085545148
20272,14.927914166281743
20273,14.590384774750742
20274,14.510207629067557
20275,16.180191699073404
20276,14.739736954476387
20277,16.395077334943455
20278,16.961882363838694
20279,15.37271476218945
20280,14.864872163195411
20281,15.267236880799892
20282,16.21789037604443
20283,14.922196318441227
20284,15.889293032803561
20285,15.851996650595003
20286,14.884104763744844
20287,15.897956109442594
20288,17.194147286439716
20289,15.887804433325751
20290,14.929179862858154
20291,14.845449570621097
20292,15.767820981414783
20293,15.343649723830204
20294,15.856679928562617
20295,14.648214686773702
20296,14.95050585758128
20297,15.192727418144084
20298,14.434313134040998
20299,14.543566966432968
20300,16.544915393142283
20301,15.926299120266275
20302,15.609526856223255
20303,15.209143430814406
20304,15.952021609197717
20305,15.172024499126879
20306,15.491698678562175
20307,17.216269082870948
20308,16.487891183564393
20309,14.542780953829562
20310,15.12136198068069
20311,15.915919692060713
20312,16.283947870502022
20313,16.90345103340982
20314,14.379124559529119
20315,15.864920432142306
20316,14.738594582145097
20317,16.157472375963497
20318,15.136056005474813
20319,14.996239885904435
20320,15.956309606233072
20321,16.29433883994389
20322,14.952636980745412
20323,15.381932869342618
20324,14.471404558984776
20325,14.584900060415828
20326,15.727827034594025
20327,14.976272572433421
20328,17.239893077735715
20329,15.277927533391425
20330,15.258994988927604
20331,16.904404489765785
20332,15.528797117747805
20333,15.293615850228882
20334,16.34062979768991
20335,15.909701913010396
20336,15.704862399831743
20337,15.974351674829238
20338,16.21703193045897
20339,15.025310860244295
20340,15.948400786766818
20341,15.458557251854547
20342,14.449471482831415
20343,14.797151597833095
20344,15.241422851183183
20345,15.618686099171692
20346,16.04794933041031
20347,15.241927364834016
20348,15.413274726332292
20349,16.05166947632438
20350,15.98426550137246
20351,15.41722826176563
20352,15.340433417428821
20353,14.148017234660598
20354,14.81916380527572
20355,14.672500530046682
20356,15.540746095793768
20357,14.88433860626727
20358,15.438404142033349
20359,15.676999903473474
20360,16.815596464291797
20361,13.34789794243732
20362,16.05293357124623
20363,14.271346496238046
20364,14.986918708191903
20365,15.339448820096392
20366,15.793051254391862
20367,15.833180345421646
20368,17.185579988668533
20369,14.750708096231724
20370,16.66165105837486
20371,14.913902190306622
20372,16.557818166551712
20373,14.255663772562535
20374,15.444869747227218
20375,16.224047606548833
20376,16.135640042342192
20377,16.975173041081845
20378,14.880972790106515
20379,15.98300460064811
20380,16.656358387396622
20381,15.352534027346843
20382,15.065306126883591
20383,15.978834193891567
20384,16.138694271957476
20385,15.105453396051614
20386,15.086089587873172
20387,16.12391405346123
20388,16.841386628443363
20389,16.11050034440993
20390,14.714665559743514
20391,15.45215226604126
20392,16.188152103213998
20393,17.36168952631634
20394,15.389500463083646
20395,15.868241460177927
20396,15.07881827834777
20397,15.633676143287904
20398,17.33723055415539
20399,15.435894231632506
20400,15.321745276316804
20401,16.527045797953395
20402,16.40183447185318
20403,15.913808680329796
20404,15.26762309754584
20405,14.571768239350137
20406,15.962112091160938
20407,16.994916716597583
20408,16.233786678423268
20409,14.188301246021647
20410,15.552738582992514
20411,14.892925045681297
20412,15.806411810148832
20413,15.533942230619186
20414,13.890605802032729
20415,14.057562073013177
20416,15.546112282175365
20417,17.03885738594834
20418,15.055880857190695
20419,14.863808489278018
20420,15.491871804874439
20421,15.611680169987789
20422,16.20164909275568
20423,14.499555767978382
20424,14.721183889242631
20425,16.016290686690486
20426,16.218268149872568
20427,15.730421841979705
20428,14.60478127013815
20429,15.978670999743144
20430,14.734233388463798
20431,16.16141915268978
20432,16.12247745608769
20433,17.165001451599405
20434,15.062611630017136
20435,14.640847881611384
20436,16.467945708496515
20437,16.778926501910156
20438,15.58052231325685
20439,14.824739482710466
20440,16.46728075979051
20441,16.145013255915178
20442,15.87344343210057
20443,15.014133400241024
20444,14.186115420007482
20445,14.596777011364916
20446,16.029886489751465
20447,15.670284239308721
20448,15.97402134917983
20449,14.440911344010459
20450,15.537377381846914
20451,14.696584321008894
20452,14.596164931613044
20453,16.286121135650433
20454,15.415341181469746
20455,16.123245439834992
20456,15.406558872178648
20457,17.13365764220302
20458,16.4486192022958
20459,15.82687651365605
20460,15.365736524586584
20461,16.22813063077515
20462,16.643222106605283
20463,14.622219543850738
20464,15.639394938141292
20465,15.490193993515764
20466,15.661999317861053
20467,16.63877508496649
20468,15.795184140760725
20469,16.202065016434524
20470,15.723503866016719
20471,16.496878043933652
20472,15.563682788294196
20473,17.07471600309403
20474,14.417138613070255
20475,14.837877480636658
20476,15.379603034723361
20477,15.499048983136234
20478,14.126049366793445
20479,15.069312371875506
20480,14.91006262903992
20481,15.204675471833005
20482,15.726206775786615
20483,16.728077506166485
20484,16.7083075404889
20485,16.117489802318953
20486,15.876456626952923
20487,16.38597145884235
20488,15.53243147918073
20489,16.376875922793925
20490,15.970353966886208
20491,14.259229723930957
20492,15.615011583037175
20493,15.372782683829485
20494,15.825363894394595
20495,17.307429619962868
20496,16.14902947749192
20497,16.856423170280735
20498,15.701615063161192
20499,16.026536466961737
20500,15.636700216597239
20501,15.678506112306362
20502,15.660081202243447
20503,15.513775223032539
20504,15.281865146363499
20505,16.161258218837006
20506,15.605806627141487
20507,15.440400110857421
20508,15.487266791862366
20509,16.00588100157166
20510,15.328595379839607
20511,16.102927171144202
20512,17.179861927705186
20513,16.187493355181584
20514,15.239070627007706
20515,15.437643474154802
20516,16.35503004016569
20517,15.778970442750365
20518,15.004736941814157
20519,15.833324623586325
20520,15.714686953114304
20521,15.55165139666543
20522,16.153357108462256
20523,16.543885672221403
20524,16.65253320345205
20525,15.879606338991126
20526,15.200913164775878
20527,16.894865077551838
20528,14.851155259799905
20529,17.481494640311386
20530,17.205390939169227
20531,16.357324305007673
20532,14.937907006488794
20533,15.264076264600664
20534,14.641474454433647
20535,17.31409552895877
20536,15.313438084095273
20537,15.156862746728283
20538,16.056489149683898
20539,14.844586944746432
20540,16.14832860137434
20541,15.690090920617457
20542,14.768863452390553
20543,15.969946939354191
20544,15.673841675784221
20545,14.652060768977517
20546,15.864239420150726
20547,14.689651421186166
20548,15.206848631033631
20549,15.117507297100106
20550,15.676032293157828
20551,15.775364819494905
20552,15.336019492289452
20553,16.36748250424653
20554,16.240686005292268
20555,15.838621271138816
20556,16.024512655341276
20557,15.170619123440028
20558,16.265414374717565
20559,15.64519075597096
20560,15.46535404851278
20561,15.450023934725914
20562,15.73532029020299
20563,16.688441311787994
20564,14.814708266902894
20565,16.557757342822356
20566,15.794937306886325
20567,15.04144169489138
20568,15.88667364092438
20569,15.735241552798318
20570,16.204446185011903
20571,16.046627165875282
20572,16.52817790099597
20573,15.809104500094575
20574,15.455290816359822
20575,15.574747467165382
20576,15.36566601335878
20577,15.894278058358688
20578,15.53625464945352
20579,16.6605137984179
20580,14.938144390047379
20581,15.513939210446386
20582,16.042124380250222
20583,16.649791815226116
20584,16.04628163929908
20585,15.380926517145351
20586,15.663957244995583
20587,14.824723001558281
20588,16.38100178251364
20589,17.031762729012943
20590,14.69824960119555
20591,16.69346550418113
20592,16.895748010731193
20593,16.36670007955965
20594,17.09080692054306
20595,16.06023000291601
20596,14.045342311289131
20597,16.946846320321193
20598,16.029027774711455
20599,15.334238753964852
20600,15.21287634413792
20601,13.86351067174862
20602,16.049497257858594
20603,15.536745324830532
20604,15.802097315489142
20605,14.862642468263251
20606,16.59637623265526
20607,15.470888685536638
20608,13.89551616171074
20609,14.942519880165403
20610,17.066776875586886
20611,15.438910144712898
20612,16.15752645636817
20613,15.233980903741493
20614,15.710054223330522
20615,16.346093998474426
20616,15.051997406619343
20617,15.22930472376859
20618,16.076874541218835
20619,16.727279427969204
20620,14.42339050693901
20621,16.127619234040285
20622,15.249030785862306
20623,14.962803226498778
20624,15.48205861246544
20625,15.475853600620356
20626,15.305104808456957
20627,15.656721058365687
20628,15.412492313249372
20629,15.161069691618177
20630,16.170871865168127
20631,15.912171211249293
20632,14.678926016175867
20633,16.403432769657005
20634,15.912251344894697
20635,14.968888633341559
20636,15.181592805859712
20637,15.094072724083011
20638,17.84204938127862
20639,16.33342255168742
20640,15.132529768081787
20641,15.389100750817137
20642,15.407375112749035
20643,16.979276515087626
20644,16.93984546800919
20645,15.49154364853045
20646,15.979754012226055
20647,16.357080885053673
20648,14.524055173091709
20649,15.2859474125321
20650,14.620217707891987
20651,14.486923874089609
20652,16.447156017387876
20653,15.755263946857374
20654,14.513583018333264
20655,15.260402044489688
20656,15.958800449150232
20657,17.56486652869397
20658,14.621281212702428
20659,15.793695856737079
20660,13.622500627786208
20661,15.585731590455692
20662,14.93535574242936
20663,15.936544476295255
20664,15.654332921683338
20665,16.597022886578003
20666,17.200772587364696
20667,14.384430668705695
20668,14.678176915460583
20669,15.63532930929084
20670,16.011245037074474
20671,14.939248597113698
20672,15.94473311189777
20673,16.525954948374203
20674,14.299028929600302
20675,15.179789190598855
20676,15.82883368831175
20677,15.059626200225189
20678,16.295485646499014
20679,16.017711382804958
20680,15.47735221080664
20681,16.957116898018402
20682,16.178467604489406
20683,15.148672422486774
20684,15.739762292971106
20685,15.762847430669423
20686,16.138136438771863
20687,15.172755862312423
20688,16.092166204836275
20689,14.666550370853429
20690,15.805008924958418
20691,14.235225771416246
20692,15.397633244208224
20693,16.39948642376969
20694,16.419357322196397
20695,15.53379903245006
20696,16.807154268536763
20697,15.727954990539041
20698,15.680790095726296
20699,16.364504733950366
20700,17.273429563526754
20701,16.198887647673686
20702,17.082124367747813
20703,14.326983045935101
20704,16.407963744942514
20705,15.663006907383075
20706,15.119058258117608
20707,15.433444620735585
20708,17.331569925264226
20709,15.781186366187862
20710,15.972892885883871
20711,16.527489338576785
20712,17.328608404054695
20713,16.47314116354639
20714,17.754664006295307
20715,16.76565197713186
20716,16.628671937940496
20717,16.03298983681059
20718,16.60467895451047
20719,15.276933683949512
20720,15.721599304366967
20721,16.396267280268965
20722,17.308205821239603
20723,16.020868211677403
20724,16.241818440376157
20725,13.945964847720802
20726,14.744341144157017
20727,15.73931950563703
20728,14.827762747472155
20729,16.004883667332155
20730,15.23274575946445
20731,14.866300564810603
20732,15.781188979137418
20733,16.24398395064357
20734,15.199110456934871
20735,15.082080078117361
20736,15.24870196527388
20737,17.455843114775345
20738,15.247581249403854
20739,15.66270135324703
20740,17.310414977122196
20741,15.776250977772861
20742,16.70822646878831
20743,16.02014681116471
20744,17.606914125278983
20745,15.981243436811727
20746,15.945115873073057
20747,16.143252376338374
20748,15.676866423283899
20749,16.11902752064026
20750,16.860582986029552
20751,16.356364409009473
20752,14.417823808899819
20753,15.565395190438942
20754,16.154662575011578
20755,14.867637855008619
20756,15.560226324948523
20757,14.320686386064823
20758,13.947585830460884
20759,15.667095078026419
20760,15.329917222047111
20761,16.403446691700683
20762,15.527428959165627
20763,15.618829633192659
20764,16.034947174148147
20765,15.276488870253221
20766,15.893481306756447
20767,16.254823701097536
20768,16.071386443686333
20769,15.374996920697143
20770,15.113007303023995
20771,15.541208414454312
20772,16.37734265406897
20773,16.19137187701017
20774,15.530048177179479
20775,15.448825149795171
20776,14.901972280420273
20777,15.768718714863512
20778,14.67547365495677
20779,16.01083187731249
20780,15.830907213174646
20781,14.362406615005662
20782,15.34537729058365
20783,16.40278258975342
20784,16.060050295108816
20785,16.744656814776942
20786,14.47533963004949
20787,15.054486115590022
20788,15.07642058692016
20789,15.587465128309946
20790,15.513020667505566
20791,15.81341997450757
20792,16.14221827199652
20793,15.641508705939273
20794,14.284808141657587
20795,15.153395950678684
20796,16.069995546928883
20797,15.147730266092951
20798,14.916333589510494
20799,15.993956326297388
20800,16.692453139726837
20801,15.952384357048118
20802,14.746400686896601
20803,15.077518747324271
20804,14.857877428074344
20805,17.066269569857752
20806,15.251572489966886
20807,15.836162164240006
20808,14.2976391977253
20809,13.60201141008254
20810,16.058968440543065
20811,14.712983929563618
20812,15.056755189243038
20813,15.510287563418842
20814,15.701515812646907
20815,15.957769441444857
20816,16.727671443245523
20817,15.885032410690703
20818,15.457765434633686
20819,17.28124916155234
20820,16.722548971246194
20821,15.455310100297446
20822,16.441551993215317
20823,15.781398530765113
20824,16.69563319375515
20825,16.37090607760318
20826,14.685604095701327
20827,15.607711624091765
20828,14.293723309467552
20829,15.305794749040647
20830,16.261503211223197
20831,15.260609912492164
20832,14.918762513157887
20833,16.228305853738217
20834,16.426344241767385
20835,16.03593716954968
20836,14.771144575614612
20837,15.672314693404353
20838,15.94739735613512
20839,14.146954487643324
20840,16.87002822795148
20841,15.362235400419213
20842,15.410018630100785
20843,15.778860063390855
20844,15.095064992088005
20845,15.683215264822396
20846,15.972160127412385
20847,15.670173045354295
20848,14.663726827696014
20849,16.455080217329847
20850,16.419884255616687
20851,15.8882596302833
20852,16.585911720581468
20853,17.986209673677624
20854,16.29666632764394
20855,16.137977802511653
20856,17.20444498269933
20857,16.740360121882144
20858,15.814127102453448
20859,14.083292251848553
20860,14.490760762299596
20861,15.866639813122546
20862,15.086084793185018
20863,15.46410558629327
20864,16.541679811551308
20865,16.20772395720687
20866,15.2949620586937
20867,16.514774210871263
20868,16.357217195343296
20869,15.586952815606125
20870,14.916044641501104
20871,17.12201606613773
20872,14.753025125452803
20873,17.41487518170278
20874,15.893722670339585
20875,15.27930962969607
20876,16.891523399129888
20877,15.504950464310227
20878,16.331450299710404
20879,15.727232086126323
20880,15.516263275075461
20881,14.384796012869337
20882,17.12705483337303
20883,16.919830997328784
20884,16.922905315367178
20885,15.193587473637432
20886,15.680545232756927
20887,15.318054625302041
20888,15.528767390888806
20889,15.749403258954192
20890,15.06009304172012
20891,15.314257003856435
20892,16.763381548228345
20893,17.08746522515765
20894,17.391548753651673
20895,15.368620106293807
20896,15.701829162480273
20897,16.280964822430995
20898,15.114091287372782
20899,16.933365804713745
20900,15.335031632333008
20901,15.954571130813111
20902,15.719690272505158
20903,16.510002725113218
20904,15.717317183983374
20905,16.57842845711991
20906,16.067958129196594
20907,15.123635279946603
20908,13.726839911924873
20909,15.680079411641811
20910,15.260605114183525
20911,15.124558680420158
20912,16.48709060174532
20913,15.221650826166872
20914,14.552248224812827
20915,15.14317672559107
20916,16.24654616192779
20917,15.96444931804871
20918,17.280275306445958
20919,15.141578009097334
20920,15.42299662895015
20921,16.354198693807852
20922,15.499135707235425
20923,16.351725426040353
20924,15.644698591805955
20925,16.205356442962124
20926,15.809946374307913
20927,15.25078189062715
20928,14.936594153517907
20929,15.563921473098304
20930,16.228993070918076
20931,14.759849845209908
20932,15.782779434123086
20933,16.168516128421278
20934,17.07885605705598
20935,15.669081823091513
20936,16.897721562881166
20937,16.495674999363878
20938,16.244103178373194
20939,14.858136369072087
20940,16.317132259760776
20941,15.787519636256436
20942,14.44257613415752
20943,15.177508883841684
20944,14.919516935934558
20945,15.684927288257713
20946,15.952706936646495
20947,16.09987795883739
20948,15.680931087093448
20949,16.609267602329385
20950,14.61896858883572
20951,14.199835285486243
20952,16.42656297378365
20953,15.96590661972854
20954,16.347781573102832
20955,16.8301592312191
20956,15.777676555703952
20957,15.333962869170787
20958,16.381701237232203
20959,14.217600620276897
20960,17.31473776136646
20961,15.016724091003132
20962,14.159438346815383
20963,14.593722464947593
20964,16.172293820025725
20965,15.531657819112159
20966,15.823884297252368
20967,15.203672017206623
20968,14.954507244904558
20969,13.476555117604613
20970,16.22910630721829
20971,15.855718010820183
20972,16.469193133919326
20973,15.333554886727187
20974,16.316133644187772
20975,16.78353296235286
20976,15.071991889303819
20977,14.34929718262869
20978,15.112866970979564
20979,15.390391662868938
20980,15.321065718337248
20981,16.10465191266333
20982,16.210235703101926
20983,15.118541006490679
20984,16.97217501663929
20985,14.792540308830484
20986,16.224553453263173
20987,15.849550094471967
20988,15.825993525040252
20989,16.740336832009937
20990,14.976630420658575
20991,16.97135386213832
20992,16.509767030061845
20993,16.35934024370237
20994,16.785886300930514
20995,16.4346564430825
20996,15.250370431075364
20997,15.132220826405309
20998,15.46170673400601
20999,15.950751634953312
21000,15.802751267573182
21001,17.21282587817246
21002,15.334883982228659
21003,15.170271532262994
21004,15.061265804420202
21005,14.636997187911321
21006,15.615384083006965
21007,14.99866091267236
21008,15.630375703408477
21009,16.813780853214524
21010,15.548664696536054
21011,15.412142611204214
21012,16.573078003878866
21013,16.875089457049274
21014,15.124068665989597
21015,15.722034258670678
21016,15.517835064042632
21017,13.790041979146649
21018,15.839778219879038
21019,15.87660442103474
21020,15.641329810059705
21021,16.438170991922046
21022,16.08468935815621
21023,16.476074543550883
21024,14.097669010509257
21025,14.716884392571103
21026,15.680850826517442
21027,16.06009100437828
21028,17.23558113449599
21029,14.604958687263462
21030,14.654101208090257
21031,14.877079087126239
21032,16.212301649614236
21033,18.03398737097898
21034,14.723098022811826
21035,15.111424356803893
21036,15.932781863031083
21037,16.675412824448383
21038,15.118222974610411
21039,15.881453084805703
21040,15.092150564810282
21041,16.45261201058241
21042,15.954573438957228
21043,17.160138354161408
21044,15.0515643462817
21045,15.034327268293978
21046,15.342713574451972
21047,15.409706988422933
21048,15.295535151122799
21049,14.987391038896458
21050,18.09538487582668
21051,16.008804152411173
21052,15.600835005003452
21053,16.31520557099202
21054,15.782733356644332
21055,16.881276926633376
21056,15.5024308495723
21057,16.255817877714616
21058,14.572903970143983
21059,16.49818956596612
21060,16.52510644266351
21061,16.505744228285078
21062,15.298314506680276
21063,16.738257705238404
21064,15.160947704769885
21065,16.05168437208983
21066,17.46097325881372
21067,15.443174784241954
21068,15.873361856011465
21069,16.60855751798074
21070,15.835574654235504
21071,15.098918343440884
21072,15.65851480063634
21073,16.522579749531534
21074,16.878890898960503
21075,16.647388741651973
21076,16.403179614534782
21077,15.797468378569928
21078,14.13491978841952
21079,14.620716342993708
21080,16.227949006113366
21081,15.710069559058727
21082,16.709515337535663
21083,15.308510493453392
21084,14.614833735504236
21085,15.30625801843666
21086,16.289614996033755
21087,14.967127434512888
21088,17.5692070161347
21089,15.134416508083127
21090,15.353996658704927
21091,15.284136592012802
21092,15.122828209475184
21093,15.585270164763111
21094,15.414411581860229
21095,17.192074341796726
21096,15.449970965252376
21097,14.898300210179755
21098,15.90760929298702
21099,15.806240747130271
21100,15.551376331966017
21101,15.636812359271888
21102,16.745662737528903
21103,15.015940356660199
21104,15.521634677604009
21105,16.02284059966665
21106,15.821602048258367
21107,16.56604158362754
21108,15.582073224673561
21109,15.013520050148898
21110,15.228971208560848
21111,13.270164357886674
21112,15.546117402370015
21113,14.84096397145812
21114,16.802951818323464
21115,15.260217688027247
21116,15.64010136287704
21117,15.525702112215379
21118,16.040751078442213
21119,16.470838339916067
21120,15.467711642192059
21121,16.350989599486315
21122,15.678307975935969
21123,15.90187415884463
21124,14.752786132860825
21125,15.094832753617284
21126,17.171317197267246
21127,14.555545796089694
21128,15.221736358553608
21129,14.825111132251386
21130,16.451607079381873
21131,15.379782213459913
21132,15.444211237014033
21133,16.57224471241568
21134,15.528416690222597
21135,14.582728723537395
21136,15.651688613936217
21137,15.596932196438066
21138,15.672552701978036
21139,15.442152344910028
21140,14.691801671574632
21141,15.446480259457827
21142,14.738494916851257
21143,16.486248311437357
21144,13.86109187852757
21145,14.630385597899163
21146,14.118032189073517
21147,15.995413346112075
21148,14.522218699962073
21149,15.237026110372767
21150,16.846000929346385
21151,15.219165737787835
21152,16.476738684669748
21153,17.695867442113364
21154,16.639635378080396
21155,15.257052275493947
21156,17.046944462150694
21157,15.377382529567981
21158,16.681525519798434
21159,15.242236774035788
21160,16.278250573519465
21161,16.36295912464629
21162,14.253257763683008
21163,16.94233990186875
21164,17.34843020258984
21165,15.023583934558271
21166,16.08621805836054
21167,15.07540752106093
21168,14.855524829563581
21169,16.178319790520646
21170,16.593295098693943
21171,15.928871920304427
21172,16.15462085143568
21173,14.664762045710868
21174,15.64745786260183
21175,16.383187040020157
21176,14.56828759743543
21177,17.352735659654748
21178,15.187391352398242
21179,16.974001364135795
21180,15.868664476522088
21181,16.180090894901763
21182,15.881073479507585
21183,15.75403853876845
21184,16.348692987564224
21185,14.800743006445742
21186,15.922551046689392
21187,14.595603525827876
21188,15.22690196580452
21189,16.61719316881686
21190,17.285365102623125
21191,15.968110032656375
21192,15.560676485933197
21193,16.113621026361113
21194,16.414355596492417
21195,14.79940702579746
21196,15.808046994299211
21197,15.073050561989302
21198,14.806527902112672
21199,16.045492291189074
21200,15.902333052437069
21201,15.601230168865364
21202,15.55345152747245
21203,16.09192894363915
21204,15.983357744301633
21205,14.904171373999832
21206,15.623780377467275
21207,16.687791940699533
21208,17.478646033574705
21209,15.37281696076795
21210,15.23846589301616
21211,14.596518947728994
21212,15.458249134074487
21213,15.399995474463164
21214,16.26025471554809
21215,15.868984645889366
21216,15.226029552200238
21217,16.521773112260583
21218,13.873069712523732
21219,17.176990966467322
21220,15.657655871709098
21221,17.07000680462233
21222,16.042725623062932
21223,15.684244653604784
21224,16.08193832896394
21225,14.679393545346441
21226,16.419068486377338
21227,16.763730853481988
21228,15.176990751773216
21229,17.205101666366254
21230,15.682154410736365
21231,15.503821925730744
21232,16.264095560292024
21233,15.780705141615009
21234,15.737232991257804
21235,16.094586449585016
21236,15.777845652448537
21237,15.989537660066913
21238,15.45012335745273
21239,15.063781132939729
21240,13.646199326329274
21241,15.49728623669232
21242,14.96503418496622
21243,16.076192977520154
21244,16.69054938569848
21245,15.733896893198079
21246,15.668115284322337
21247,15.152812740469457
21248,17.185852691482147
21249,13.478911288305964
21250,16.082475488517787
21251,16.406672014480343
21252,14.459301859861656
21253,15.77887172449765
21254,14.970372098187521
21255,15.538067507260319
21256,14.050011289542807
21257,16.58525773590691
21258,16.48608337151191
21259,15.948826771645951
21260,15.495826000335086
21261,14.439426007908535
21262,16.007192484241997
21263,14.556520751210261
21264,15.226675001244237
21265,15.148244581523844
21266,15.084775780467316
21267,17.480767737082452
21268,15.659399752372607
21269,16.917537855627693
21270,17.106179451815866
21271,16.168710899808257
21272,14.03131589487473
21273,15.44174613174557
21274,15.167067405167302
21275,16.629094938956015
21276,14.787889276578733
21277,15.27518396212742
21278,14.08274964279373
21279,16.431828997496616
21280,16.42767870551886
21281,14.422548518442074
21282,14.557095199736326
21283,15.442234178140001
21284,14.403165124224909
21285,16.050931402979
21286,15.59295687655526
21287,16.956422434954042
21288,16.030505936007412
21289,16.10384414148991
21290,15.523144902798885
21291,16.80424286565024
21292,14.494914086688757
21293,16.28930626916502
21294,16.3646293991811
21295,15.2065336586386
21296,16.626136469585237
21297,15.905592601273641
21298,16.02929414655291
21299,15.919384274395181
21300,15.232985835651473
21301,15.007967120381856
21302,14.894500679405942
21303,15.953562664680698
21304,15.682761917404457
21305,16.51763823181893
21306,16.136655336211113
21307,16.026108378091635
21308,17.07891050688841
21309,17.857681839938177
21310,15.39448420883389
21311,16.482100059828323
21312,15.969463102683934
21313,15.777232841475938
21314,14.32767586376033
21315,15.161891261656057
21316,16.27473925319302
21317,16.19803502896288
21318,16.159511389380988
21319,14.315931006829203
21320,16.748995717902936
21321,14.542291714582024
21322,15.151328608150356
21323,15.333196819426046
21324,16.53570329742574
21325,16.106024381185144
21326,15.787834434369094
21327,15.209134699805864
21328,14.219736450777221
21329,13.910558667594959
21330,14.931943010629842
21331,15.283824414280293
21332,16.363676895291075
21333,15.647418126360597
21334,16.00825724449245
21335,17.283499394306258
21336,15.8870452798032
21337,15.775226679121248
21338,15.587748056094277
21339,14.656309610343044
21340,16.15186123777171
21341,17.740341688985943
21342,14.75615995294648
21343,17.221963185454346
21344,16.06015741688795
21345,16.721361212461538
21346,15.094795016496366
21347,15.738406187487296
21348,14.550854710089077
21349,15.523975742714477
21350,16.014131597889403
21351,16.646664240362696
21352,16.4816695966033
21353,15.372812540977996
21354,15.361129524240365
21355,15.638930721489857
21356,15.924370640517084
21357,15.55495283671089
21358,14.819128160754616
21359,14.56259360077598
21360,16.71931516244332
21361,14.674436680949581
21362,14.816131646471005
21363,16.1601582312912
21364,13.85274728835117
21365,16.00035371476539
21366,15.587665712131756
21367,14.23684421857013
21368,15.762247012226696
21369,16.70147165373391
21370,16.883344116290832
21371,14.716047681186096
21372,16.016245953418903
21373,15.563749150185297
21374,17.547519198004107
21375,15.738342147908616
21376,15.200895369979092
21377,15.402905279332032
21378,16.076660853084302
21379,15.41737134185903
21380,15.072861511937123
21381,15.997235874513292
21382,15.904635656978332
21383,16.94910331904933
21384,16.53646175091413
21385,15.278770482134219
21386,14.867114597022418
21387,15.917497379010921
21388,14.826100215313893
21389,16.187227803428677
21390,16.019021935247963
21391,15.382823300679567
21392,16.13575214187921
21393,16.46199864291896
21394,17.68275508074885
21395,15.429490906133305
21396,17.443375562560984
21397,14.576048021253044
21398,15.826225950069746
21399,15.50825614114898
21400,15.091814785202628
21401,16.010433490394973
21402,14.875890384316884
21403,16.698522507751502
21404,15.857830370209145
21405,15.502055958227048
21406,16.77390187513621
21407,15.30668295963263
21408,16.708529651716567
21409,16.444506991336603
21410,15.802667263524153
21411,15.621255565899103
21412,15.325809404484671
21413,17.179715639796036
21414,15.790396075852499
21415,15.14338205626162
21416,15.400627193701034
21417,16.62837390568702
21418,15.81657868133694
21419,16.05965141442899
21420,16.073346386467893
21421,15.037871402488614
21422,15.17541248216506
21423,14.982828001311578
21424,16.766958042329957
21425,15.805821839663759
21426,14.669102253452024
21427,15.728494169084444
21428,14.484172013157261
21429,16.397225048122007
21430,14.962803912109983
21431,15.785577001508424
21432,15.311944888634766
21433,15.295909193905654
21434,16.343568495303504
21435,13.547522624505387
21436,15.016396811878899
21437,15.235981561404758
21438,15.254673433259859
21439,13.46067505495516
21440,14.187397370167215
21441,16.67971222479818
21442,16.313919778943664
21443,15.546265164321484
21444,14.206350315492617
21445,17.663788510819526
21446,14.77520235255433
21447,15.87507966927303
21448,15.792600585544644
21449,16.933847062477664
21450,16.205956840419105
21451,15.601032728435152
21452,15.232270209098113
21453,17.094741085088625
21454,15.845534978492116
21455,17.80326872170128
21456,17.10246206138361
21457,17.081635260812597
21458,16.06639914946551
21459,15.749874337636841
21460,16.685931873671183
21461,16.128986035553734
21462,16.12182597134203
21463,15.390103076265923
21464,16.232904017892032
21465,16.23149728849028
21466,15.078999031885752
21467,15.37536643630111
21468,15.558646801991275
21469,16.53340507891845
21470,15.18420351444554
21471,15.09416335551849
21472,13.797023300716628
21473,16.738603824468182
21474,15.383352582293034
21475,16.34095279423657
21476,15.755991003889623
21477,15.134846311709394
21478,16.34864759246761
21479,16.239026188157705
21480,15.519968199052588
21481,15.840524596002183
21482,14.768540405318898
21483,14.308024910820542
21484,16.48557038397133
21485,16.251649510024695
21486,16.321354874417057
21487,14.844711866225307
21488,16.059335060226765
21489,15.198606884417893
21490,16.445004672188844
21491,15.685127386335182
21492,14.867000593707475
21493,17.05751936371997
21494,14.05234970574374
21495,16.260227037202007
21496,15.921810576602553
21497,16.116774492936653
21498,16.9135695377611
21499,15.563078358683146
21500,15.590415452790818
21501,16.766726350361225
21502,16.009416096601626
21503,15.51384526124577
21504,15.072652039671846
21505,16.702400617198446
21506,15.706073080564352
21507,16.187391978717162
21508,14.932686206648121
21509,15.466635831106192
21510,17.24076370222874
21511,14.513594929010873
21512,16.688366998377365
21513,16.19432309367217
21514,14.261165766052546
21515,15.360906288309138
21516,14.721069338442993
21517,16.75279287656857
21518,15.40390642943256
21519,16.48233556487854
21520,15.716713967122084
21521,15.465250141881244
21522,14.847046762527665
21523,15.437232749997172
21524,14.37523072856252
21525,17.24551947637245
21526,16.489463638791108
21527,15.963202453325264
21528,16.041433134775456
21529,16.023279174590524
21530,16.56787301208739
21531,16.01842250075585
21532,16.415728447721623
21533,16.826648096246096
21534,15.988215475343953
21535,15.986623247601408
21536,14.890413667774467
21537,14.624558495151454
21538,14.762379294494428
21539,14.956778731798606
21540,15.258429817943457
21541,15.471075214968021
21542,14.661137153033811
21543,14.705570960877495
21544,17.510195440446495
21545,15.163440709428901
21546,14.607110294060067
21547,14.916880004600246
21548,14.479858955264454
21549,16.822928800519193
21550,15.08747493986361
21551,15.095251760419675
21552,15.724882098707514
21553,15.851680405904187
21554,16.20752330634648
21555,15.194459360133875
21556,16.14759756092614
21557,14.493679173582532
21558,15.997934503240307
21559,15.193945407278123
21560,15.592350217478481
21561,15.240241297023362
21562,15.609386271214744
21563,14.887099575272314
21564,15.155797518094298
21565,14.928199328148313
21566,17.3946588969749
21567,15.241186963601862
21568,15.013082050113384
21569,15.135402299477743
21570,14.967890062959212
21571,14.660842034614612
21572,15.807237694635639
21573,15.889885663514878
21574,14.34110292928232
21575,15.97593093173916
21576,15.607125247916185
21577,16.641725329774054
21578,16.38335619581033
21579,14.001554290411216
21580,15.326714792346712
21581,15.794080387925177
21582,15.566856867994955
21583,14.299954465287891
21584,17.02122958169003
21585,15.461360997380103
21586,16.307832941621193
21587,15.875284971707583
21588,15.961578222877037
21589,14.763588413901903
21590,15.49741389791141
21591,15.86995977483472
21592,14.823605983299222
21593,15.520517967937378
21594,15.57071850396613
21595,15.486267502376707
21596,15.139813204303573
21597,15.411522475920586
21598,15.438716963179717
21599,16.176870691866092
21600,17.689269912559805
21601,13.98742538582457
21602,14.768564149968928
21603,16.178571825240176
21604,14.255160339455845
21605,15.833055216223054
21606,15.029839908152063
21607,15.020633081809631
21608,15.482924793649547
21609,14.823796279799792
21610,15.963493981776843
21611,15.261916402669712
21612,15.495169189479894
21613,16.71316858453165
21614,15.772773927706748
21615,15.277200409247515
21616,15.261706979303975
21617,16.531891282811173
21618,15.978920303850375
21619,15.207194420964736
21620,16.628888311564996
21621,16.11087249020687
21622,16.274091204316445
21623,16.2829773907617
21624,16.72397323972765
21625,15.793047603351557
21626,17.520682380609323
21627,14.325661309954626
21628,15.656833594440874
21629,15.006225102000347
21630,16.330487266483114
21631,16.231897118781028
21632,15.540452290371835
21633,16.767401989966075
21634,16.451754045533082
21635,16.004808887323904
21636,15.801356856628821
21637,15.399060118167403
21638,15.563183184162124
21639,16.538892323192133
21640,15.609637079289243
21641,15.523188405312059
21642,15.82932345790625
21643,15.309541002270555
21644,16.514933098185285
21645,15.676297589232982
21646,15.48911501120942
21647,15.61210638420411
21648,16.637744437090905
21649,14.163450520674294
21650,16.00642123074656
21651,16.338672978082318
21652,16.728592403695554
21653,16.917576512778783
21654,14.852019761751514
21655,17.058550987077766
21656,16.069422732240817
21657,14.327521600024491
21658,14.96729668710226
21659,14.787426762316892
21660,15.289301043901323
21661,15.394511089224707
21662,15.380768221350566
21663,15.649004191677948
21664,16.321561739245283
21665,16.304773009357245
21666,14.97390028116414
21667,15.926181443967085
21668,15.719364404018982
21669,16.357714993761384
21670,16.44954278460257
21671,15.220631729716638
21672,14.99421430519142
21673,14.995073167745485
21674,15.286291914673724
21675,15.659337530522272
21676,15.400833901268724
21677,16.023931502519492
21678,15.8800471209948
21679,14.642647132774403
21680,15.746446804675061
21681,15.8000219029819
21682,15.954541380068678
21683,14.811312950458838
21684,15.96233401000529
21685,14.805127868360499
21686,15.545331347037854
21687,15.090522466302405
21688,15.127278998338436
21689,16.403059947637935
21690,13.556241530114113
21691,16.04769489470276
21692,17.91335082797734
21693,15.074766706490056
21694,16.248839799636464
21695,16.352494086347306
21696,16.393290349496667
21697,15.67220445662798
21698,16.70267313016736
21699,15.115374011329926
21700,15.848921013833452
21701,15.631036957115825
21702,15.314584131303981
21703,14.57777305355945
21704,14.661132904687344
21705,16.23823442700013
21706,14.891964375798922
21707,16.08617339929772
21708,14.345237244428715
21709,16.72722059828525
21710,14.962045169576902
21711,16.84171867208658
21712,14.831947679872723
21713,16.0259392529434
21714,16.446858350239637
21715,15.74221585550417
21716,15.099777509007069
21717,15.170294046654638
21718,14.439346436378308
21719,14.896542792441517
21720,15.851803320496417
21721,16.364313522792923
21722,16.613617689590715
21723,15.64268984301911
21724,16.922258863635236
21725,16.239156311463883
21726,16.438166020185236
21727,16.980958862778927
21728,15.09219930421873
21729,15.52873885941622
21730,15.425012951752775
21731,16.84729671443864
21732,16.75138318666039
21733,14.264838049622428
21734,14.876585324223456
21735,14.300290787156591
21736,15.95756533940693
21737,16.731915175546263
21738,15.266978220025386
21739,16.52135931309401
21740,16.67139437155042
21741,15.267608904202781
21742,15.4124270920942
21743,14.814850975535753
21744,15.39427725670065
21745,15.418131572544553
21746,16.733183975899667
21747,15.702757500149607
21748,15.456553874504447
21749,15.349021430026102
21750,16.09979870006037
21751,16.298191373696444
21752,15.594709122723904
21753,16.184441527547367
21754,16.06235077386434
21755,15.129616883648186
21756,15.831903637513637
21757,16.573513869483943
21758,16.72447833141478
21759,16.06893216917978
21760,17.25877649761367
21761,16.10479877735903
21762,16.339226154919782
21763,16.58867911235466
21764,17.619038637921754
21765,16.886872575536145
21766,15.798473471115647
21767,15.69396591305333
21768,15.542372232917744
21769,15.084176696385931
21770,15.587604424384198
21771,15.433425328695545
21772,17.49509499344526
21773,16.42054558319311
21774,16.62882579364831
21775,15.716010394392397
21776,16.418595009205287
21777,14.727434235981521
21778,16.430131588062682
21779,15.529642214178269
21780,13.891410924118007
21781,15.870870752659432
21782,16.411979509349035
21783,16.5269223836234
21784,16.227295860717458
21785,16.602559049529876
21786,16.160769257500448
21787,15.311738767027718
21788,14.86446228607892
21789,16.57370483310407
21790,15.400734407606796
21791,15.834381522293697
21792,15.62720910300688
21793,14.589762811323572
21794,15.27515909633521
21795,16.50157115661386
21796,16.753629464589775
21797,16.11084301990286
21798,15.29374357715862
21799,15.23707880779813
21800,16.22204232794381
21801,16.485836982601374
21802,17.26879531317914
21803,15.227047046439957
21804,16.10149736064952
21805,16.406827662351166
21806,16.195555515571257
21807,15.82094136236883
21808,16.62718253726416
21809,15.043492515700615
21810,15.022534496786987
21811,14.65833256381471
21812,15.728038809582989
21813,15.184672753562857
21814,16.152002654041482
21815,16.013267414664124
21816,15.529996445548393
21817,14.77774575227984
21818,15.49961702435181
21819,16.864707622571444
21820,16.2004851278977
21821,14.186436369544596
21822,16.48516219847113
21823,14.87870200220437
21824,15.208260135481716
21825,16.026912229637745
21826,15.024944384751777
21827,16.295523793510895
21828,16.44480253443315
21829,16.157127951158753
21830,16.640314206315537
21831,14.35540148035919
21832,15.89063114223979
21833,14.924397083875665
21834,14.568541280982839
21835,16.631364777998865
21836,15.336543085600804
21837,15.513904115131297
21838,15.42209122859361
21839,15.744515697121484
21840,14.103137049470734
21841,16.692581857493185
21842,16.25144207907803
21843,14.506675383069938
21844,14.503908370016715
21845,14.995618878231573
21846,17.250700999747163
21847,15.240310881590785
21848,15.667019294244618
21849,16.457520397402636
21850,14.797139323727148
21851,14.542994677566499
21852,15.269046001118774
21853,15.259539077401893
21854,15.655635407091648
21855,14.49634690271543
21856,14.939572810431052
21857,15.604258988391688
21858,16.203973393869713
21859,14.672454422238763
21860,16.8042147100101
21861,15.144239031247677
21862,15.664395806743272
21863,15.573210372848278
21864,16.318098439769187
21865,15.852869427309308
21866,15.444156292796665
21867,17.313579207973202
21868,16.53318174504143
21869,16.667056295664654
21870,15.369786023681183
21871,15.230064821232364
21872,15.759046420297866
21873,13.136758232856895
21874,15.896497031030428
21875,16.141836217125675
21876,15.432382959604135
21877,16.82187533955533
21878,16.966884090677457
21879,15.729105764671093
21880,14.84857079610442
21881,14.727972992207874
21882,16.01072160363846
21883,16.54718438352029
21884,15.452035631550979
21885,17.146552593933677
21886,15.493469357845324
21887,15.876422763855746
21888,15.831772033832284
21889,14.989509111126994
21890,17.09905446816214
21891,14.653412354368239
21892,15.726829850509535
21893,16.931362029953764
21894,15.710502297512031
21895,16.06646032687328
21896,15.283110744434483
21897,17.34971184908369
21898,16.918547810855074
21899,14.892898234474943
21900,16.374504010155285
21901,16.525930469747916
21902,15.917488198211078
21903,15.424653486474389
21904,15.452849384584718
21905,13.926059207130557
21906,15.310542601236106
21907,15.132568587631743
21908,15.906751979674127
21909,14.777059911760174
21910,15.222781440496208
21911,15.54582292128804
21912,17.338602471427564
21913,15.357403915506726
21914,16.356166711517826
21915,15.284788129735663
21916,16.897112784096155
21917,15.537570861505438
21918,15.234586688983166
21919,16.824813459635692
21920,15.700196872131547
21921,15.098677818009586
21922,15.444302865838507
21923,15.472699085403534
21924,14.96156425716341
21925,15.64907213327164
21926,14.410886573379418
21927,17.270596256404538
21928,15.456896292783572
21929,14.505912334136434
21930,14.352132399248745
21931,15.315458370823059
21932,14.940488634697788
21933,16.50135965362151
21934,17.344795528991384
21935,15.855483159046484
21936,16.64277882849704
21937,14.729441123884529
21938,16.198481340706937
21939,15.4498394248784
21940,15.590062371556776
21941,15.124915527655752
21942,15.599647602196095
21943,14.88961643261044
21944,15.372899130258384
21945,15.526507921533012
21946,15.51789750980867
21947,16.43167113775348
21948,16.239155175865683
21949,15.08678623457497
21950,15.709504524339918
21951,16.009974664670487
21952,15.096236565460972
21953,15.410346927140077
21954,14.984778693186176
21955,14.573673008728841
21956,15.34726143374115
21957,14.895550276276921
21958,17.15900086293644
21959,15.941105081402057
21960,15.712519957458012
21961,15.7101738736153
21962,14.184303610672703
21963,14.576474750206676
21964,15.854938429680644
21965,16.25575633041877
21966,15.237976527351154
21967,15.102771725610628
21968,15.877164197401038
21969,15.309229091397835
21970,15.413327243497617
21971,14.455758370854245
21972,15.270523901993737
21973,16.253432855001357
21974,15.187422999277848
21975,15.830332311131748
21976,14.439295196076413
21977,15.084554984220583
21978,18.075267631283705
21979,14.26780003917128
21980,15.892450323282874
21981,16.230910524372046
21982,14.475919376579604
21983,15.892222377077013
21984,15.77882914858823
21985,14.202968811571434
21986,16.53435159752088
21987,14.740415244146876
21988,15.011678337187075
21989,17.21321195505705
21990,18.001788995277668
21991,16.719726709312532
21992,15.366580278005408
21993,15.832590549429831
21994,16.798263499877432
21995,16.62107741760577
21996,17.26556120799915
21997,15.394281273547326
21998,16.144717211716603
21999,15.216411502595092
22000,16.151989916322012
22001,16.673031414280423
22002,16.471275442811773
22003,16.099732711677284
22004,16.14581346804089
22005,15.386377144881747
22006,16.185547634591874
22007,16.25669905021189
22008,15.037192256621788
22009,15.819865128473985
22010,15.805570116014406
22011,14.696610119031073
22012,15.910391846579246
22013,15.220256067564787
22014,13.83185298188466
22015,17.497183924081504
22016,15.591405911381845
22017,14.661024716508408
22018,13.871128700487438
22019,15.805129857367033
22020,15.277387018989213
22021,15.474739025165182
22022,16.96165274156088
22023,15.41250232399085
22024,15.64349035367254
22025,15.245811052490305
22026,15.783761420735884
22027,15.284587784012881
22028,15.590928926110154
22029,15.769099133422392
22030,15.648374180189219
22031,15.461380111912822
22032,14.956036703689444
22033,17.503753621966624
22034,16.784816717995646
22035,16.48186757662385
22036,15.314544245930694
22037,16.587041196505666
22038,15.560114932044224
22039,16.88606090075851
22040,15.443179263146096
22041,15.85461677223083
22042,15.330649097068678
22043,16.249078377251394
22044,16.423555385075634
22045,15.449731603261695
22046,17.5563659299367
22047,15.76649064132932
22048,16.60563127741908
22049,15.721897195937272
22050,15.223220507577311
22051,16.901666361736254
22052,15.879624451107134
22053,15.691933382672332
22054,17.383680353631064
22055,18.09743987981922
22056,16.317380248815503
22057,15.200688323722446
22058,15.71133166394256
22059,16.224319883555196
22060,15.13590861710814
22061,15.31589362536624
22062,16.053895327771443
22063,15.791755174062015
22064,16.229386829256164
22065,16.820275489386344
22066,16.030655448867698
22067,15.015307162126454
22068,15.212833032135928
22069,13.714919233810278
22070,13.666044230092593
22071,17.116817095799366
22072,15.254948462751246
22073,16.261532096833378
22074,15.760735169303816
22075,14.806322841376481
22076,16.630996069028505
22077,14.575144613298587
22078,15.029257576054059
22079,16.2554870496128
22080,16.285767263193595
22081,16.06357819127969
22082,15.13068256369403
22083,15.273029391517323
22084,16.523200354101753
22085,17.01934511014791
22086,14.038767709513474
22087,14.950046186864615
22088,16.36520364898854
22089,14.85590993094546
22090,15.77397363279123
22091,15.98450938576501
22092,14.703409780596747
22093,16.757672981091826
22094,15.128062655364234
22095,16.071242036225264
22096,14.947562359848947
22097,15.439827891267601
22098,15.544989834990037
22099,16.759140214971406
22100,15.419291597480825
22101,16.325931041762377
22102,15.795941852151019
22103,15.284373289318443
22104,14.69346716411946
22105,16.412476976672355
22106,15.627389395561224
22107,15.791629814155892
22108,15.663996300807263
22109,14.773384440787416
22110,16.487068966039686
22111,15.20971865734414
22112,15.057776596453003
22113,17.042162805925116
22114,16.19989757773407
22115,16.49817588285293
22116,15.879737334355706
22117,14.3443273188059
22118,15.965080683979837
22119,15.502947837275753
22120,15.419065498122638
22121,17.140847540703128
22122,15.931917704285794
22123,15.24483630036671
22124,15.387223271259524
22125,14.116017376780697
22126,15.179132793092121
22127,15.643453706643086
22128,15.729411111431594
22129,14.567171675041461
22130,14.31472027716425
22131,15.741772086760772
22132,15.535687959847548
22133,14.216105898893316
22134,16.263796005417866
22135,15.770578809559549
22136,14.538624091752036
22137,15.278001688461572
22138,16.710320760788203
22139,15.848742877596832
22140,14.890724138854571
22141,17.128112380552114
22142,14.233622508026757
22143,14.946214503713279
22144,16.310208463967516
22145,14.60955353099344
22146,15.3923779980018
22147,15.626808932407148
22148,15.931899473378214
22149,15.638628435745234
22150,14.20743164580888
22151,15.541778751998812
22152,15.965279828922123
22153,15.312971132048016
22154,15.0213373947384
22155,16.05454261404887
22156,15.261068066220366
22157,15.91689232408455
22158,16.914998449698828
22159,17.757406721002354
22160,15.041177214667742
22161,15.171699695775008
22162,15.326909195359992
22163,14.995064102000406
22164,15.825007361218342
22165,15.08383597832711
22166,15.95344207376244
22167,16.394615610622196
22168,15.776449406228346
22169,16.610217428878173
22170,15.542841684791883
22171,15.807667393824174
22172,17.05968886122604
22173,16.475757856092294
22174,15.786557138568154
22175,17.05007845072198
22176,15.219027573366366
22177,15.962910134590473
22178,15.023823135788229
22179,15.84541473482697
22180,15.480999035876644
22181,16.25647808930094
22182,15.460776563022668
22183,16.118293277859994
22184,15.79514531451168
22185,17.059909346253928
22186,15.580457975799876
22187,15.013168542135167
22188,14.02702963323305
22189,17.16634440073062
22190,14.902029256715643
22191,15.356489677388373
22192,15.782687419878583
22193,16.01258626776576
22194,15.905864395487809
22195,15.390971353165977
22196,15.554850943004958
22197,15.432329520303997
22198,16.137651623043887
22199,16.67074016908135
22200,15.790972031304207
22201,16.909403232561534
22202,15.381056152564891
22203,15.12830813681719
22204,16.12069609746288
22205,15.160624182174539
22206,15.003415536957228
22207,16.23019240418747
22208,16.244438974999955
22209,16.000674880121764
22210,14.145838224678945
22211,14.890662822285261
22212,15.631012127494001
22213,15.584541923437778
22214,14.815323963415066
22215,15.542525904255777
22216,16.36295770739253
22217,14.651290754722742
22218,15.237499367043219
22219,16.69109444337642
22220,15.93237822556397
22221,15.909034789335038
22222,14.937227272608885
22223,15.675749469591247
22224,15.500698225812464
22225,14.266962856918902
22226,15.049475507735071
22227,15.292395776384721
22228,15.375603629943303
22229,13.629196374397441
22230,14.727650115111032
22231,15.100075964804542
22232,15.990105834669457
22233,14.931523458550911
22234,16.608327992254416
22235,15.642617440555876
22236,14.242362035821598
22237,15.44739681028776
22238,14.437576233104581
22239,16.093547308393855
22240,15.18822026421718
22241,15.699119325175879
22242,15.575509623544328
22243,17.23803755043884
22244,15.210224699827894
22245,15.93589016930095
22246,15.172407838044894
22247,15.723303268634307
22248,15.304909225465622
22249,15.78918047968089
22250,16.563539371808968
22251,15.37716407907137
22252,16.205526459029066
22253,16.459640841689634
22254,15.375186108217473
22255,15.268839041677857
22256,16.68573717712403
22257,15.485639813049785
22258,15.42360574249159
22259,15.17693360565727
22260,16.28920629212257
22261,18.06257852740068
22262,14.397481507883374
22263,16.168730703110107
22264,15.662884231502394
22265,14.055542194390828
22266,17.114276086119865
22267,15.415988839097075
22268,15.858946277635656
22269,14.395925429029
22270,15.638068419852907
22271,15.162455720489481
22272,14.94156621731959
22273,15.377811826124095
22274,15.53186711419645
22275,16.04233003040121
22276,16.120376837935467
22277,16.383095662657126
22278,14.597846376716644
22279,16.175940928349338
22280,15.866173105460414
22281,16.060186717709943
22282,15.974051114884036
22283,14.674602987527294
22284,15.55515198235397
22285,16.885098688123573
22286,15.02873080870793
22287,15.591300454377182
22288,15.27979990620136
22289,16.36543763293863
22290,14.947817254544423
22291,16.098117563323672
22292,16.985219580440454
22293,15.881260535913299
22294,14.911129034789415
22295,14.439508423396731
22296,13.966022489980128
22297,17.855420818049037
22298,15.498294873075196
22299,16.711891766556267
22300,15.663208329321499
22301,14.58977871468371
22302,14.535480569054691
22303,15.528634903874812
22304,15.507143402476927
22305,16.302056039936488
22306,14.695526057286955
22307,15.732678440704293
22308,17.02430659403408
22309,16.845992723572262
22310,17.61670424330906
22311,14.902783600720802
22312,16.079128356001053
22313,15.411762526551533
22314,14.99918639184079
22315,14.531473205485838
22316,16.552938720321023
22317,15.052862922219445
22318,14.853014817777513
22319,15.223458382727365
22320,16.10015869653613
22321,16.122423808554824
22322,14.841510562973456
22323,17.27815588578729
22324,17.1609849556462
22325,16.662373280675816
22326,15.765753640980533
22327,15.977500212161901
22328,13.801622298257458
22329,16.35052574856874
22330,15.39852696351737
22331,15.847356958824221
22332,15.17862368881685
22333,16.15122441804071
22334,14.705279002304628
22335,15.363957647139879
22336,16.39100450824394
22337,16.027450405565993
22338,17.001215798628785
22339,15.506321117228074
22340,14.178066258216353
22341,15.275591524385353
22342,15.82036132176122
22343,16.34349065215616
22344,15.543085384804927
22345,15.00458027029734
22346,14.386015314272079
22347,17.17910631103053
22348,16.063850238177515
22349,15.594632289999169
22350,16.058450717159413
22351,15.514877158462916
22352,15.013430407768672
22353,15.459065289280929
22354,15.65085093264856
22355,15.854275088448883
22356,15.64941460089981
22357,15.345595538345812
22358,15.686618559225156
22359,14.593880210553799
22360,14.82136869780052
22361,15.377172377775988
22362,15.968194426788369
22363,15.523872023037283
22364,15.97645089135607
22365,15.67604274394921
22366,15.255760947423417
22367,16.358054087018424
22368,16.499373415080942
22369,16.62793395336404
22370,15.10631710946757
22371,17.05978482745284
22372,16.467716416657133
22373,16.420833073322058
22374,15.010775180505027
22375,15.280512414346191
22376,16.288879011476737
22377,15.232034656271912
22378,18.156996282835454
22379,15.170797294861345
22380,16.063658228899623
22381,15.774051873609064
22382,15.277530715524083
22383,17.62545113091672
22384,16.748563491441963
22385,14.790939769559959
22386,16.137306733188975
22387,16.54422401817455
22388,15.59070025296958
22389,15.281704207062512
22390,16.202316477262684
22391,17.08205898394701
22392,16.23516350300844
22393,15.381279653656536
22394,15.033316312898485
22395,13.851265870238391
22396,17.057470497899647
22397,15.22763221773523
22398,16.79342461813407
22399,16.619112486010767
22400,14.562536819040146
22401,14.939948907346967
22402,14.043012290193463
22403,15.640473931081964
22404,15.65253326638604
22405,16.483831257208507
22406,15.2280251642575
22407,14.813248829619992
22408,16.31806638862634
22409,16.116138011548227
22410,16.309206363952605
22411,16.473948945627402
22412,17.394593260142457
22413,15.463263969260934
22414,15.004159711297467
22415,15.043498087989828
22416,15.522221536010942
22417,16.4470684934817
22418,15.329283929508541
22419,15.74420657269776
22420,15.464152606025587
22421,14.516009652224366
22422,16.849121823492567
22423,15.011523456345024
22424,15.66325047268686
22425,15.776574628893643
22426,15.168935998510376
22427,15.234866423956824
22428,15.96503301214419
22429,16.517878804607257
22430,14.725467692448621
22431,14.370720136837338
22432,14.72658037931956
22433,16.295707841581162
22434,15.774923766393842
22435,15.129285370266528
22436,16.522815728515575
22437,15.164907583471601
22438,16.161679328953205
22439,16.065993945798827
22440,15.53485543194728
22441,15.904064531757188
22442,15.693639414461583
22443,15.837336814107717
22444,15.234870690357772
22445,14.927306993140617
22446,15.786612766508592
22447,15.630742438875053
22448,14.675539778779225
22449,14.993520329160669
22450,15.498607519753277
22451,13.721394648948728
22452,14.633429173871827
22453,17.78053057516931
22454,15.748491516636639
22455,14.895184045661036
22456,15.304424349486906
22457,15.623543799229347
22458,15.248914356825411
22459,16.062155795469838
22460,16.448806047061506
22461,16.469699886942134
22462,14.759776467596335
22463,15.082092621867305
22464,15.012980577352597
22465,15.079524494620953
22466,15.608637782075649
22467,15.261285376327077
22468,15.385026867487316
22469,18.162170825748607
22470,16.226867368968584
22471,16.429967784327918
22472,16.270704575242693
22473,14.637231348379176
22474,13.8302102555254
22475,15.893770581159641
22476,15.614064835800223
22477,15.456178650936398
22478,16.07817872209305
22479,14.809004360969219
22480,14.92320250342604
22481,14.862590634240314
22482,16.36239735888868
22483,14.542944252044453
22484,15.590582484794712
22485,15.377695342502127
22486,15.759151670048695
22487,14.90830136038753
22488,17.206058097291425
22489,16.064360454449186
22490,15.266779688473601
22491,16.15510611789452
22492,15.623261120074094
22493,15.82926750988182
22494,15.784942727122868
22495,16.95492685983074
22496,16.215543268276427
22497,16.63186107989616
22498,14.10166824655262
22499,15.470450559456815
22500,16.37507747548058
22501,14.620609288922973
22502,16.05566632806199
22503,14.603155299586227
22504,16.704622876688923
22505,15.317333489772475
22506,15.21380341748755
22507,14.926414546661793
22508,16.188569163552046
22509,16.716610163934057
22510,14.956447402731111
22511,15.467802951100504
22512,16.563433232730162
22513,15.582270598792567
22514,13.641343763544395
22515,13.87702489836637
22516,15.406102033487437
22517,15.355926882769127
22518,15.34783138389295
22519,16.07071192102305
22520,15.909398847860174
22521,15.766798991493888
22522,14.634136993315577
22523,15.852093985899923
22524,16.273427914672105
22525,14.712374589183488
22526,16.412069499519816
22527,15.401403888982639
22528,15.537861824535526
22529,14.894138284968127
22530,16.730777859780122
22531,13.850578517435917
22532,15.656337522484778
22533,16.602028037767173
22534,16.865505196392796
22535,15.349419909196683
22536,15.97802552142243
22537,16.301344132497295
22538,14.058703708790588
22539,17.22043382880145
22540,15.780736254168742
22541,15.85999158858472
22542,14.891788543997235
22543,15.320690451026984
22544,16.717327792601136
22545,14.289021034258106
22546,15.657877477334152
22547,14.925730210939694
22548,16.186543681520305
22549,15.621766485987695
22550,16.17212574202292
22551,16.28928270440704
22552,17.970950912068776
22553,14.227669492652973
22554,15.705547002647036
22555,15.470065500498292
22556,15.418672679119068
22557,14.902494896286285
22558,15.634968671770006
22559,15.685618459685097
22560,15.60749679523792
22561,13.768602841446478
22562,15.448897277601107
22563,17.613241405751207
22564,15.973697488736178
22565,15.163503127335694
22566,16.000026870029707
22567,14.48417529866696
22568,15.719341091072002
22569,17.289823286037077
22570,15.656292821905524
22571,16.132556559315567
22572,15.667674165834901
22573,15.518940444894833
22574,13.945596013370567
22575,15.480259224817145
22576,16.224620098875103
22577,14.730145529784432
22578,17.037186927663328
22579,15.499862594213042
22580,14.4736074579241
22581,16.061926876359916
22582,15.162262586812416
22583,15.501880485435425
22584,16.446152173334227
22585,15.815143711518354
22586,17.207341276347474
22587,15.027512297583273
22588,16.904355867396557
22589,15.116725943315634
22590,15.589357004630756
22591,13.800776488706003
22592,14.927436495012106
22593,16.03794306179865
22594,14.172203240995874
22595,16.01944463651853
22596,15.388677183248651
22597,15.94916691683503
22598,15.922424820393205
22599,16.23192368429373
22600,15.517399679681994
22601,14.056629925957166
22602,15.786775162803787
22603,15.024048827373818
22604,14.95622922910499
22605,16.787753893263133
22606,16.25865477372855
22607,15.043892061926872
22608,15.457584571736694
22609,14.458742399685919
22610,16.64573848683651
22611,14.39724806668261
22612,15.652869748495737
22613,14.000219821640691
22614,15.920569756104918
22615,15.846381561942517
22616,14.455511719122343
22617,16.337344960428474
22618,15.111436365587414
22619,17.246118838934116
22620,16.147005729434273
22621,16.550630594571444
22622,16.726512802829127
22623,15.004025424883325
22624,15.456688392682715
22625,16.414594523077472
22626,16.146211610674907
22627,15.180589572709072
22628,14.328461598848964
22629,15.565628963898904
22630,16.612801389871255
22631,15.326690202366173
22632,15.577434900290339
22633,14.695389741850168
22634,14.464595851519814
22635,15.407561511373666
22636,15.398775087715125
22637,15.037004499148466
22638,16.845343069748672
22639,14.774060236929879
22640,15.087269076586288
22641,15.64733238438126
22642,15.861507454765068
22643,17.19393986460962
22644,16.4560381137353
22645,14.538477446230532
22646,15.911175678517653
22647,15.461437193308164
22648,15.70898428032817
22649,15.301867983905975
22650,15.555329611294246
22651,15.183702791264736
22652,15.740554516488029
22653,15.97061875292633
22654,16.10533312147462
22655,14.671203429285764
22656,15.93113452966111
22657,15.76042752802056
22658,17.741942047781183
22659,15.482497393498821
22660,15.325561857747193
22661,17.035368686049445
22662,15.604324692206738
22663,16.185601615360117
22664,16.17882379648846
22665,16.4620385248994
22666,15.29158114505298
22667,16.46396615413064
22668,15.780422575656761
22669,17.02702668847849
22670,17.34435103230614
22671,16.044443786628108
22672,15.61956958764637
22673,15.136742257651372
22674,14.559683456515588
22675,17.191422626405895
22676,16.103435078399777
22677,15.7967510661703
22678,15.765226632042284
22679,16.02925062995276
22680,16.169464625502272
22681,16.58711518967101
22682,15.683307018767943
22683,15.059715025518377
22684,14.140346614012863
22685,15.120620782799042
22686,15.068476733832956
22687,15.428169338905821
22688,14.728832211284667
22689,14.986021728603628
22690,14.717943513642071
22691,16.765972704995473
22692,15.528572501551865
22693,16.055405254968605
22694,15.36245939002491
22695,14.228352134414594
22696,15.671766007763116
22697,15.829364168230526
22698,15.872818388754055
22699,16.446917162062196
22700,16.513149856952037
22701,15.61996986348278
22702,14.514143924649327
22703,16.342950669184958
22704,15.194784877918735
22705,15.140576385625117
22706,15.53744548743589
22707,15.630102706931789
22708,16.444071465675304
22709,15.887127946082732
22710,16.20764935809165
22711,16.475655927811925
22712,17.534224587433094
22713,15.945250446775393
22714,16.995667845172974
22715,16.215347503317407
22716,15.732741916601457
22717,17.39684110807061
22718,17.300507956243944
22719,15.927487657617403
22720,16.28775371557982
22721,14.134850136284411
22722,15.353306210961655
22723,16.6315403712409
22724,16.633847849576437
22725,15.127478593626355
22726,16.73497568487534
22727,15.333354061947697
22728,15.90267348207561
22729,17.07761613910502
22730,14.769558786730956
22731,15.683574885956359
22732,16.16358933125905
22733,15.581351933975665
22734,16.335217966966564
22735,14.527865242380997
22736,17.02152529539044
22737,15.524856743772979
22738,15.302301221510842
22739,16.304126493270104
22740,15.170996728302866
22741,15.489257904808909
22742,15.365039401206404
22743,17.391219353694666
22744,14.929689692711975
22745,15.934472969582744
22746,16.794934354254277
22747,16.199728453943294
22748,15.626134727095028
22749,15.040271815501578
22750,14.763859545870831
22751,15.176756274468957
22752,15.84419157923045
22753,14.864225159314676
22754,15.185873520310944
22755,16.337699315820597
22756,15.859426611838229
22757,13.957097712696791
22758,16.21783661897523
22759,14.51917792184479
22760,16.863976027696346
22761,16.749640115358186
22762,15.536670377373087
22763,14.32237745645842
22764,16.34237137665314
22765,16.402446914910985
22766,15.62266632437488
22767,14.738969237176839
22768,15.045501120055931
22769,15.887037908618105
22770,13.607246110394833
22771,15.689772730769462
22772,14.659182564092275
22773,15.441422055988347
22774,15.920113873153484
22775,15.635587346252425
22776,16.69900659441802
22777,14.075297088941353
22778,14.504286018112396
22779,16.32550422006013
22780,15.011798416725048
22781,15.581643142878006
22782,14.997688411110076
22783,15.55299006852019
22784,14.255461381495868
22785,15.586606740654057
22786,14.207424992170546
22787,15.76867539362484
22788,16.41067149736095
22789,16.83521915124861
22790,15.992909623896654
22791,15.307066751758473
22792,15.538556217069953
22793,16.568353810967285
22794,16.111003520598455
22795,17.451814800646087
22796,15.487681941233934
22797,14.808305962742693
22798,15.138498811817582
22799,16.208052520996144
22800,14.766230066559585
22801,14.534069870272216
22802,16.446100692240456
22803,18.312031621647492
22804,14.898590885023413
22805,16.05292527400692
22806,15.38040548161876
22807,15.707525590314498
22808,16.420014375388565
22809,16.452257197784004
22810,15.8453766856999
22811,15.437240257752098
22812,15.018965573733398
22813,14.863364710744369
22814,14.806789569466705
22815,15.05366038391198
22816,14.526065043087254
22817,15.665699261038418
22818,15.676360338335488
22819,16.56298868198426
22820,16.381851911859037
22821,16.615652458322224
22822,15.519939022266383
22823,14.250610639500364
22824,15.596951057810518
22825,13.855787351221222
22826,16.668669246067715
22827,16.008069366723205
22828,16.604229794783897
22829,13.570860168179339
22830,15.32178000866759
22831,15.61555598475318
22832,16.714074036236287
22833,15.572092306602828
22834,15.885079334101464
22835,16.252392899314223
22836,14.708893183480727
22837,15.170267969431418
22838,14.253691322554396
22839,17.413214043246317
22840,15.617213817358865
22841,16.050039615368707
22842,15.78717778356027
22843,15.628264938142868
22844,16.679300327410555
22845,14.979493837027258
22846,16.755862112151103
22847,15.24313107962648
22848,15.029181215090464
22849,16.064485107905018
22850,15.497843310417089
22851,16.101260296774107
22852,16.839032285458764
22853,15.457812906424396
22854,15.891130481515674
22855,14.718698947762961
22856,16.45195370350901
22857,15.961468717383559
22858,15.310175596122205
22859,16.19818827409448
22860,16.556508274425923
22861,15.599832877141067
22862,15.394369752324664
22863,16.10434048606642
22864,14.616130974411906
22865,14.442857076512533
22866,16.25142171697841
22867,16.286213394358004
22868,14.762010862275769
22869,15.239716006337927
22870,16.435044019790062
22871,15.325338869465739
22872,15.738262978099177
22873,15.993477790948253
22874,15.98858523298512
22875,16.38026569540973
22876,17.273853828683738
22877,15.371645909817648
22878,16.612822798214285
22879,15.084342409411267
22880,15.169141050599558
22881,14.905328368695622
22882,16.448201869742867
22883,16.050697336625866
22884,15.184143565540696
22885,15.171464372068156
22886,17.084649829771543
22887,16.942069445260874
22888,15.074531405492815
22889,14.185077090698849
22890,15.599414971623304
22891,16.641897914924673
22892,16.238829551093797
22893,16.316733461764883
22894,16.96225775226085
22895,17.084263785558292
22896,15.22222645643952
22897,15.354598498196163
22898,16.546212704916734
22899,17.77042887671967
22900,13.918100693264686
22901,15.40609494321836
22902,14.977971345628195
22903,15.133005083504168
22904,15.241764313732533
22905,14.997688916839847
22906,15.432663198928354
22907,15.155430036784708
22908,15.919871612739145
22909,15.136536883266684
22910,15.037592593544977
22911,14.753317429112425
22912,14.89787492914764
22913,16.200162543249796
22914,15.600221668482858
22915,14.561801408641655
22916,14.994642567948178
22917,15.864310444466925
22918,15.102577562999677
22919,16.819927887658128
22920,16.238579414188948
22921,15.320295029729026
22922,16.09420443126778
22923,16.53220895685387
22924,14.306465396111898
22925,15.092733986318926
22926,16.543373319328587
22927,14.42363214375813
22928,16.505011161440404
22929,15.810886539983814
22930,15.858038319860983
22931,15.811288795252848
22932,16.550480104595614
22933,14.17476420368767
22934,15.315793464421791
22935,15.674877470521295
22936,15.305842265421546
22937,16.234261614803906
22938,16.103479489240573
22939,16.120650219355216
22940,16.455158837234748
22941,14.816528641657921
22942,14.63330791653499
22943,16.001906934874604
22944,14.966072670974466
22945,16.22983203112662
22946,15.505235170283004
22947,14.770319531065857
22948,16.10435289260145
22949,15.511697617314743
22950,14.878286052430406
22951,15.651131975859679
22952,16.203402752734714
22953,16.237638476097118
22954,16.520875981743714
22955,14.895509114808938
22956,15.058354872825035
22957,16.88619136155166
22958,15.804151224911854
22959,16.214967655586538
22960,15.98599297511904
22961,15.09818798673584
22962,14.627359118134125
22963,15.667420862687175
22964,14.18967027331688
22965,16.805254294114288
22966,16.125451896284734
22967,15.58296295220232
22968,15.801425861626415
22969,16.662110865730412
22970,15.068770008535045
22971,17.13157453214537
22972,15.628831960476454
22973,15.514094092864378
22974,15.66374867058677
22975,15.66386344540083
22976,15.960436118265019
22977,15.847208705782393
22978,15.108716249388978
22979,15.9198302737225
22980,14.882859725946094
22981,14.983532048168982
22982,15.06561986286533
22983,15.570810753409445
22984,15.839963756789807
22985,16.98862423380019
22986,15.550222549454258
22987,15.645912751700106
22988,13.884539947973021
22989,14.627205650487111
22990,15.328718553022583
22991,15.535029153041666
22992,17.048431492058906
22993,16.755670159673045
22994,16.04008999539789
22995,15.388900172749299
22996,16.072374274428988
22997,14.986278047147401
22998,14.724667099166071
22999,16.04357253815073
23000,15.730943803402644
23001,15.83268586080333
23002,13.817818554143933
23003,16.689380144661385
23004,15.03017082067363
23005,15.746112217067921
23006,16.004384233392535
23007,15.770385987897049
23008,15.896968485968358
23009,15.331515029068592
23010,16.86566045487958
23011,15.736497483535858
23012,15.398700711422695
23013,14.780231431019725
23014,15.79644914166129
23015,13.947896438092547
23016,16.41097349494676
23017,16.169828323512586
23018,15.264225499148452
23019,16.963430624382614
23020,17.405388816536522
23021,16.202994218190234
23022,15.614453769278288
23023,16.40409901040379
23024,15.155968039798276
23025,14.867892718274325
23026,15.766873717284602
23027,16.29477394022309
23028,14.676284303563488
23029,15.900199064034762
23030,16.886934905792938
23031,15.409648451243815
23032,15.385375029765845
23033,15.75948357359174
23034,17.566211346364895
23035,15.880595918597216
23036,16.84544006699242
23037,16.83359336052086
23038,15.715997917085701
23039,15.581829037167516
23040,15.55633816477015
23041,16.800382434175276
23042,15.031839750400415
23043,14.834975127910264
23044,14.34967742810598
23045,16.04906988692365
23046,16.201415162899593
23047,14.767417134125049
23048,15.415551929291908
23049,17.427516591981274
23050,15.464257924893214
23051,16.807386328268933
23052,16.05209811752777
23053,14.875899592038559
23054,15.281574797869624
23055,16.478380938829716
23056,15.182172639815702
23057,15.33390400263828
23058,15.460769560993745
23059,15.948475570053505
23060,15.680896889039232
23061,15.18414071100223
23062,15.72835651515992
23063,16.723407933314054
23064,17.076483471732292
23065,16.962368852469382
23066,15.318585043527568
23067,15.05028641570365
23068,15.22658791245234
23069,15.113219505649289
23070,15.026518227163487
23071,15.907374090454214
23072,15.3674167859668
23073,15.830459377656538
23074,17.157048596733055
23075,15.034038125595854
23076,15.93948912514091
23077,15.426326894623955
23078,14.174712366324277
23079,14.874976693310634
23080,16.109128884688396
23081,16.431686397288303
23082,14.725963755365402
23083,15.401075755962628
23084,15.82290567675607
23085,16.645667324398143
23086,16.38694608309416
23087,15.833947066436128
23088,15.013022411998044
23089,15.920681663184986
23090,16.18973054937498
23091,15.793047860073415
23092,16.470888588488382
23093,17.29676369555393
23094,15.9896703319295
23095,15.908712415816415
23096,14.856589077754546
23097,13.896879643125425
23098,15.363125329279082
23099,14.231733150878956
23100,14.420846266819064
23101,15.92627136829487
23102,15.123795569881702
23103,14.174107186136906
23104,15.076930776104986
23105,15.055897232476218
23106,15.557479497548169
23107,15.843559572455732
23108,15.758592042361286
23109,15.605391911143254
23110,14.25160474610505
23111,16.349316532727467
23112,15.88405255491838
23113,16.49445845243298
23114,16.22649289144417
23115,15.418353224648907
23116,15.834982221268028
23117,15.386636184719745
23118,16.164860443807612
23119,15.251720576170502
23120,14.986876099490042
23121,15.123946957484813
23122,15.242185071287146
23123,15.47088698975044
23124,14.286929422885008
23125,15.285074101397417
23126,15.775650050903405
23127,15.189160332575414
23128,14.635740154331389
23129,16.17370595202055
23130,16.396848211247427
23131,17.73518843129362
23132,15.54425469008095
23133,15.28294277311669
23134,15.4107056108771
23135,16.47692163807674
23136,16.18024059889712
23137,17.759542944855557
23138,14.443916201603976
23139,15.510950945815484
23140,17.661469468260385
23141,14.617282550439459
23142,16.259608402183268
23143,15.846021427338446
23144,14.205646219776307
23145,14.879702719221589
23146,15.758489587004044
23147,15.188746240596018
23148,15.00371792447906
23149,14.709260610405583
23150,15.983187153854137
23151,14.351946347529879
23152,15.62343145697396
23153,16.055586557503865
23154,15.150784320551955
23155,13.764870761100463
23156,15.479350614336868
23157,15.316871086437258
23158,16.531144373261803
23159,15.917449654392138
23160,14.963915140327252
23161,15.361646919957447
23162,14.876412064573499
23163,15.573949374900717
23164,16.742775005807676
23165,15.71510317439166
23166,16.62609967393537
23167,14.941846241680194
23168,15.29629377379784
23169,14.964963647704776
23170,15.632867470980637
23171,15.204936151396005
23172,15.422220930233783
23173,17.14794097533998
23174,15.533504276925127
23175,15.223345846390451
23176,17.28535481025651
23177,17.517378304365444
23178,15.430852980667737
23179,16.189548906883356
23180,16.224063806094968
23181,15.081885029353385
23182,16.798884880196496
23183,15.791013581240431
23184,14.072868290721365
23185,14.843979315762663
23186,16.71118777499017
23187,14.029878679733171
23188,16.293344186143507
23189,17.120857877508598
23190,16.224314930484965
23191,15.038876905145775
23192,15.001426602961102
23193,16.22399977620833
23194,15.636473199656665
23195,15.508684764299659
23196,14.52834031825558
23197,16.197669883442455
23198,16.049283593708765
23199,15.715504073600252
23200,13.998273170221465
23201,15.08545816194268
23202,16.584256824792284
23203,14.818761061413467
23204,15.183769145121518
23205,15.96902720003968
23206,16.124118587411857
23207,16.75302349801533
23208,16.053720168208347
23209,17.560640304793715
23210,17.26748475623994
23211,16.191531407706393
23212,16.89520533812013
23213,15.328798780569947
23214,15.918569413806875
23215,13.852097796828726
23216,16.715294839279338
23217,15.653346785447582
23218,16.369509414966032
23219,15.137449105566558
23220,14.786378256038912
23221,15.433886484907665
23222,16.060975169823568
23223,16.312240928744288
23224,15.28159794586385
23225,16.858107198174203
23226,14.802188010276325
23227,15.564228073126426
23228,15.930201702261785
23229,16.168836259394652
23230,16.092524742277792
23231,14.86127077555076
23232,15.956167773165783
23233,17.070219324421064
23234,14.875467827713473
23235,16.037609119890988
23236,17.767910481061115
23237,15.053971079701023
23238,16.134603687654796
23239,17.23968711856996
23240,13.58040276458964
23241,16.221147577609226
23242,16.51809880745553
23243,14.111309280887694
23244,16.262932993452395
23245,14.604546000346632
23246,15.486397230929597
23247,14.192177488259029
23248,15.934482082417315
23249,16.111610230484484
23250,14.889212973214637
23251,16.205919728098593
23252,16.486341969397724
23253,16.106584129716264
23254,15.293705316831755
23255,15.80464186830313
23256,14.025025935176672
23257,15.667982142021994
23258,15.08612142211694
23259,13.999264483583607
23260,16.564382802723195
23261,15.872695011561323
23262,15.748816843463796
23263,14.630574406981555
23264,15.999387064918974
23265,14.90772411425516
23266,14.743392323839897
23267,15.551545978569893
23268,15.610699620263993
23269,16.0582827233622
23270,15.032479667002551
23271,15.076135698428189
23272,15.573547603143243
23273,14.595109564862538
23274,15.896340587496026
23275,15.095024700654184
23276,15.35254751306551
23277,15.782134638698437
23278,15.585422097134852
23279,16.773932131238478
23280,16.956835016520746
23281,15.469966857533601
23282,16.285545737820815
23283,17.37062413570809
23284,14.897349804406268
23285,18.62375917489958
23286,14.808362493973357
23287,16.98577728293672
23288,15.832473969523635
23289,15.954690734050448
23290,16.269858531297235
23291,16.531732787618786
23292,16.27280050645528
23293,14.48694777979786
23294,15.36129434310343
23295,14.394523164511044
23296,15.566294757025931
23297,17.1983065138228
23298,15.44129245244224
23299,14.252012402670726
23300,15.196891656023437
23301,15.140063537598417
23302,15.081221399324829
23303,16.141325411995005
23304,17.26467385883773
23305,15.495037168857685
23306,16.69566100101962
23307,15.910328861177282
23308,15.695588682789893
23309,15.720599873550135
23310,16.387783953580357
23311,15.385323989206142
23312,15.627759991734907
23313,15.25694892464631
23314,17.234451596270045
23315,16.347506964254354
23316,16.361766189418457
23317,15.439667054569952
23318,14.956311007435984
23319,16.17722230296579
23320,16.528248847016734
23321,16.531637131692182
23322,15.371430990016275
23323,16.1395262012217
23324,16.6298226809727
23325,16.501389327195326
23326,15.660135422469157
23327,17.4117489165529
23328,17.1533275014986
23329,15.985677876512058
23330,16.0788082117019
23331,15.192738081292376
23332,16.023532289526315
23333,16.530642971500054
23334,15.288580255486991
23335,14.953595179475805
23336,15.95416304444284
23337,14.210909687184522
23338,16.344880203028367
23339,16.474264124113116
23340,14.707463459611137
23341,15.633945541035306
23342,16.346815004103185
23343,16.078504957764657
23344,15.142774215938624
23345,15.546671180836615
23346,17.010991005133523
23347,15.821306907128566
23348,16.673902263047765
23349,16.883641949103417
23350,15.447417201872334
23351,15.367508045729448
23352,15.140423536148145
23353,16.69283837594069
23354,14.520234619689038
23355,16.378830655123178
23356,16.569394272193886
23357,14.446566784870093
23358,14.412211389581545
23359,15.783425155954149
23360,14.626679066049148
23361,15.806883102530708
23362,15.391111325356553
23363,16.358822924099872
23364,16.387003727969358
23365,15.76923385873476
23366,16.630824227835195
23367,16.476918415826816
23368,16.60626824765948
23369,17.267525959898816
23370,17.62882295040766
23371,15.759414356549819
23372,15.675360953531928
23373,15.287675619262311
23374,14.422361090737995
23375,14.84609365176085
23376,17.173254738327167
23377,14.794368648757763
23378,15.680759429467136
23379,16.82702327806079
23380,16.266807021217954
23381,15.432070381571702
23382,15.599952222328714
23383,14.985965656585725
23384,15.423936820024196
23385,16.02344653518322
23386,15.729602922799703
23387,15.249561910074247
23388,15.444340165434687
23389,14.127111825684363
23390,16.103469579521043
23391,14.449914278954406
23392,17.155056474399384
23393,16.527737227818186
23394,13.71571597406951
23395,16.17590653757816
23396,14.68993353210858
23397,15.175617600373855
23398,16.14873559078697
23399,16.243022671870392
23400,15.313969996062486
23401,15.708769159574944
23402,14.908141906640983
23403,13.93418031054589
23404,15.86470160507887
23405,15.639959740980004
23406,16.203086263513054
23407,13.6539580945521
23408,17.143162562926562
23409,17.05810530780573
23410,16.733484416249947
23411,16.017469734392794
23412,15.904703502979709
23413,17.232134275519574
23414,14.010159298386542
23415,16.998261009115524
23416,14.006445842417206
23417,15.539000061455962
23418,15.200890729435155
23419,14.806397901853549
23420,14.525039103193125
23421,14.988773095365694
23422,15.634849768102383
23423,15.777893775666566
23424,15.918409727837963
23425,15.524621128607016
23426,15.306230898381763
23427,15.01121925606172
23428,15.079000719205592
23429,15.483115377668193
23430,16.44746429120053
23431,15.062691313771259
23432,15.532610429137499
23433,15.231258779100736
23434,15.68196602937803
23435,15.140287002714613
23436,16.449702388339915
23437,15.005660399946466
23438,16.992820906000166
23439,14.956895434009073
23440,15.859318388959878
23441,16.049811190145682
23442,16.522766835879477
23443,15.136836397005723
23444,15.361284285430441
23445,15.04803246991087
23446,15.009938126208917
23447,15.159938010443263
23448,14.735490012835792
23449,15.998400027444374
23450,16.086945519103114
23451,15.979238135833777
23452,13.875467295840158
23453,15.449825223209182
23454,15.07046136488237
23455,16.504341702525277
23456,16.599940702578326
23457,16.017751896077492
23458,16.421013005679118
23459,16.073860068927154
23460,16.18566773679673
23461,15.35518161296541
23462,16.17686984852967
23463,15.431591893963741
23464,15.099641044998778
23465,15.431147379662134
23466,15.708220743793282
23467,15.98750468082835
23468,15.976958302808226
23469,15.303486067950068
23470,15.073122748589988
23471,14.755263436979293
23472,15.829718353586616
23473,14.672235791881635
23474,17.448101646440605
23475,16.373963027199256
23476,15.212584192473763
23477,15.492215714274312
23478,14.658693624587833
23479,15.197994340134114
23480,16.107018080913694
23481,16.614009007996486
23482,14.685379760267098
23483,14.666718780221766
23484,14.546832652323568
23485,15.574566818078942
23486,14.727521373091637
23487,15.56607593593836
23488,16.181235496734885
23489,15.61866323373191
23490,15.349740682564244
23491,15.510042052510435
23492,16.38823818838787
23493,15.67685267936948
23494,15.126737251174596
23495,14.319160895905279
23496,14.123944836149242
23497,14.627077873999125
23498,16.17137503754783
23499,15.095745115404265
23500,16.782324737515594
23501,15.960713233375827
23502,16.10774483539673
23503,16.884017772573852
23504,15.800126567596463
23505,16.108278383685505
23506,15.197112817556755
23507,15.739814374011555
23508,14.634903507704376
23509,14.958855581166386
23510,15.247477041793934
23511,14.385265199807355
23512,15.58750783672425
23513,14.948669554180247
23514,15.67980194389109
23515,14.65885974907976
23516,15.29906762424419
23517,16.285006075492547
23518,15.743300248462509
23519,16.82742333091197
23520,16.659614054492916
23521,16.194392556417366
23522,14.206843153668666
23523,16.845657096878995
23524,16.716811296401893
23525,15.57410871440155
23526,17.985218124573944
23527,16.993907761585596
23528,16.092781927999233
23529,15.979320757226153
23530,15.972212087182758
23531,15.378033464083295
23532,15.223929319885864
23533,15.994908579777881
23534,14.984274818608961
23535,14.819181853274687
23536,14.84650938500457
23537,13.957714101581601
23538,17.00039946708839
23539,16.535021043762875
23540,15.731681350021178
23541,15.446800164974363
23542,16.01758361146431
23543,14.987688743685647
23544,15.082271948810785
23545,15.480318960526072
23546,15.66514296645986
23547,15.343373231759907
23548,15.463331758914064
23549,16.84369561388694
23550,16.79056444476784
23551,14.352633767597407
23552,17.399874351807572
23553,14.560590817452695
23554,16.732843862909725
23555,15.076034932831757
23556,15.09778412185453
23557,15.116376204479298
23558,14.868702451416127
23559,15.2769734284416
23560,13.730363510220515
23561,17.494620805045074
23562,15.334689696282378
23563,16.401851419557385
23564,16.524421178119937
23565,15.618798928038279
23566,15.895152906112573
23567,15.312287834566316
23568,14.950913390368889
23569,16.526279533397688
23570,16.074592033773605
23571,15.385756306038735
23572,14.861087425141676
23573,15.459487715072694
23574,16.208784031048037
23575,16.30729516997005
23576,15.361697116158881
23577,16.70675178696929
23578,16.037302378537767
23579,15.37021498607831
23580,15.73869575855746
23581,15.754671958913374
23582,15.737818369658429
23583,14.806133966596018
23584,17.483989556197685
23585,14.663440090532156
23586,15.690635358592177
23587,15.427174482680282
23588,15.172332744740759
23589,14.728234079318376
23590,14.814956201558147
23591,17.832392735216906
23592,15.890390233299124
23593,15.765365341413393
23594,16.260448588584275
23595,14.01828153045383
23596,15.33325160415909
23597,15.433746093807155
23598,16.721333145312244
23599,15.52016430634603
23600,17.022727763828495
23601,17.18332750358856
23602,17.028498681028676
23603,16.096459689994706
23604,15.742916884737305
23605,14.63018260210373
23606,15.162874064094671
23607,15.44067507123871
23608,15.6104426244975
23609,14.960079022612657
23610,15.875390900320221
23611,15.246167079503993
23612,15.026254759972751
23613,14.76588440474667
23614,16.988479415816006
23615,16.64823330789283
23616,15.338614496831973
23617,15.408858493653323
23618,15.120250045193528
23619,14.339594958949306
23620,16.63057509205581
23621,16.421664158871035
23622,15.303428528019829
23623,15.689284034951116
23624,15.692704524931361
23625,17.62779415010584
23626,15.120265603335934
23627,16.025333230650876
23628,15.839209346744761
23629,13.655316919411407
23630,16.030541590174916
23631,16.17126961988391
23632,14.492031575538123
23633,15.882716261076535
23634,15.166826662892829
23635,15.806985874376213
23636,15.039543827190297
23637,13.996021209919087
23638,14.657432498091962
23639,18.152588040446137
23640,15.874726379831834
23641,15.334381842857567
23642,15.112888317630683
23643,14.587600451189681
23644,15.833917351048902
23645,14.886709320320232
23646,15.257752715623624
23647,14.772715527928304
23648,16.604927009453686
23649,16.824132238539097
23650,16.28092972816563
23651,15.30759274884405
23652,15.325693077668806
23653,15.486271519516793
23654,15.208354189767324
23655,15.343157527632943
23656,16.27463522468161
23657,17.162399067012142
23658,15.326614613671119
23659,15.38149806017872
23660,15.889712986402559
23661,15.624239531980296
23662,14.930051250312028
23663,16.626147078200656
23664,15.403446454765229
23665,16.82213606143799
23666,14.860823366299527
23667,14.668525543222286
23668,16.3937972618105
23669,16.462404436061462
23670,15.648182907545236
23671,14.941234944786396
23672,14.540939925820663
23673,15.196843773845192
23674,15.029248399825635
23675,15.900679500950796
23676,16.815809561056945
23677,16.969444516290807
23678,16.381214138514522
23679,14.637455754344087
23680,16.163553016572077
23681,15.13074410926244
23682,16.044522306427368
23683,15.701787381331014
23684,15.097211068365631
23685,16.19874680103987
23686,15.844167080909655
23687,16.259373664240037
23688,15.34498621966321
23689,16.94977752237377
23690,16.64557799167357
23691,14.217560805299795
23692,15.124941335205023
23693,15.693116744341173
23694,14.494593978113459
23695,16.136023306809903
23696,16.334608499093093
23697,14.94772299767454
23698,15.155497854172191
23699,16.382689069808976
23700,15.822778878022483
23701,15.320793593547316
23702,15.209253880551225
23703,16.07439076569139
23704,15.088701961679954
23705,14.97903740963518
23706,13.634365016931994
23707,15.333826553835536
23708,15.595596502985813
23709,15.179409659236923
23710,16.527353183638784
23711,14.863474546102868
23712,16.768236286118974
23713,15.529713171966442
23714,14.791487324268006
23715,16.50247304506297
23716,15.446472840406269
23717,15.953232051725692
23718,15.994318644302473
23719,15.223362153787885
23720,17.40036428845678
23721,16.24616860629673
23722,15.969595504904982
23723,15.66668414489585
23724,15.286967769363882
23725,15.388714066836874
23726,15.2599130968567
23727,15.716279868963746
23728,15.418424458253464
23729,14.990424043140534
23730,15.758401315099691
23731,16.541449262334282
23732,14.857607807226684
23733,16.79055537862535
23734,17.15709924438986
23735,15.859969107526544
23736,14.98367023428184
23737,15.005418039825699
23738,15.62449712873274
23739,15.998596118629543
23740,16.183203727693854
23741,16.89492321884366
23742,16.562915094664138
23743,17.106379102736735
23744,14.885040650669621
23745,17.02878624836239
23746,16.492584800248117
23747,17.334833532490215
23748,14.556902704871515
23749,15.840521577341926
23750,16.166637649846848
23751,17.294852782738523
23752,15.369354912010873
23753,16.61744560738257
23754,15.635689198270732
23755,14.364828133147238
23756,15.800620442791718
23757,16.684225293935064
23758,16.05625681440379
23759,15.897533308564052
23760,15.74938893419791
23761,15.244070355877287
23762,14.83409388477928
23763,15.386066388059673
23764,14.985258584204018
23765,15.860043495176384
23766,15.900929655372995
23767,16.371187842256884
23768,14.81156871553659
23769,14.807612221523966
23770,16.667437120308254
23771,16.06334005211174
23772,15.615747722761013
23773,15.930102231030295
23774,15.66245068609686
23775,15.774328930264797
23776,15.130368431361957
23777,16.70707255511015
23778,15.796561868898534
23779,16.06139676567096
23780,15.389163498897243
23781,14.848773079394917
23782,15.893487286682179
23783,15.206165662981721
23784,15.309961815227219
23785,16.585965434636005
23786,15.07982208934559
23787,16.22847775602137
23788,15.384834205870263
23789,15.710819205407624
23790,16.421462328581356
23791,14.355972357234496
23792,17.16473064518456
23793,16.14743504250115
23794,15.044930678517114
23795,16.535875148303933
23796,15.23778484088815
23797,14.496417310940673
23798,15.284437213634774
23799,15.897885964528324
23800,15.564834150536196
23801,15.259832426487073
23802,14.516107547094027
23803,16.527796357589846
23804,16.55877163670216
23805,14.61788375319272
23806,14.570958229749456
23807,16.311112445266787
23808,15.672855567222259
23809,15.12889229256426
23810,15.80590033559078
23811,16.80785811595001
23812,15.284094721736825
23813,17.435913653792277
23814,15.45790896330583
23815,15.825847653349003
23816,16.066253821932886
23817,16.62204548698384
23818,17.067423044317042
23819,16.701455615053437
23820,16.265870071816675
23821,15.886916097914233
23822,15.872669279859327
23823,15.63376787520812
23824,16.1724905707108
23825,14.403049451227949
23826,17.225392235954658
23827,14.54884504779603
23828,15.674389120181786
23829,18.841726006098693
23830,16.270803818412656
23831,14.824150870460008
23832,16.132671037886784
23833,15.287955301872021
23834,16.086784467435912
23835,14.606926730906551
23836,16.407619370812714
23837,15.196164987475239
23838,14.375755170395417
23839,15.781563047595323
23840,16.350908445207903
23841,14.7777038738348
23842,14.87450373042829
23843,16.587039215753272
23844,16.555438006629842
23845,16.16702745475399
23846,15.221806697811536
23847,17.27747723430923
23848,15.609249643600261
23849,14.595292931890686
23850,16.76753283018985
23851,14.843221742740221
23852,16.268657035097807
23853,15.263337603473317
23854,15.478383111813576
23855,16.999808906538075
23856,16.609113816169987
23857,14.898880403529908
23858,14.994642950302195
23859,15.553772352975793
23860,14.859137191771271
23861,16.63034742460059
23862,14.882067412417284
23863,16.782796715202508
23864,17.03520873047321
23865,16.701984697183896
23866,15.88133966764601
23867,14.905579229310748
23868,16.743753431453698
23869,15.38654358546382
23870,15.314501331216592
23871,15.100044167328484
23872,14.887683931873243
23873,14.761762165058565
23874,15.192185119877392
23875,15.92412254493059
23876,16.15564766946033
23877,14.845929873496825
23878,16.42731529744561
23879,15.398990232147444
23880,15.915536859230142
23881,15.762844900062404
23882,16.70797595127097
23883,16.632884101120634
23884,16.572302733465676
23885,15.983153974474408
23886,14.520847011353663
23887,15.703694141282238
23888,16.2880483802594
23889,16.732902378132678
23890,15.624007079053627
23891,16.697875225480665
23892,17.084842966168555
23893,15.41739395501579
23894,15.668288631527888
23895,15.223776994229597
23896,15.345844619207435
23897,16.981871104030652
23898,16.577548246900253
23899,14.437580921825063
23900,14.00461310708694
23901,15.700077841003186
23902,16.834679778386008
23903,16.539410481753304
23904,14.237469677239032
23905,16.48144833883588
23906,16.237650853803114
23907,15.701389110890087
23908,16.83739199075265
23909,16.279535562283755
23910,16.215873867026353
23911,15.619640394740552
23912,14.784849749220616
23913,14.372110516477456
23914,14.434788913815261
23915,14.611682260614304
23916,17.129880070238087
23917,15.855894651912656
23918,17.575558500769507
23919,14.879562108561698
23920,14.521093654845366
23921,15.022398331692266
23922,16.57542099361979
23923,15.437911912086413
23924,15.897280274411894
23925,15.811477780322548
23926,15.426519650848803
23927,16.49802497306488
23928,15.858317094280814
23929,15.199547304490382
23930,16.168602011677816
23931,16.74446649416088
23932,15.43114567242782
23933,15.970170918180507
23934,15.23855086186866
23935,14.275472307956212
23936,16.63731572868134
23937,14.783178910515325
23938,15.136046995245284
23939,16.516369270440304
23940,17.034411473048998
23941,15.846284452192092
23942,14.623695071837412
23943,15.67211217001821
23944,16.37409891926996
23945,15.943339024587857
23946,15.574318346405493
23947,15.196458016472578
23948,15.573230300111582
23949,16.70130852286999
23950,16.011739532766878
23951,15.708026097733816
23952,14.787080223858279
23953,17.33109203010363
23954,15.815632096686294
23955,15.48249047021451
23956,16.305334084458643
23957,14.619725968190393
23958,16.70683890580613
23959,17.588613377558445
23960,15.14242703601919
23961,14.881531670876008
23962,15.494417903181029
23963,15.043437818386376
23964,14.657671584885914
23965,15.612152867663873
23966,15.280110673255532
23967,14.06930750812181
23968,15.527810501093674
23969,15.186954072025376
23970,16.083746798320863
23971,17.656495873719454
23972,15.135115035214818
23973,14.429186042860552
23974,17.234146538742923
23975,16.52068239675024
23976,16.15548345614775
23977,16.00697218180198
23978,15.677395280624962
23979,15.7370111714624
23980,15.814380254175259
23981,16.917184009438156
23982,13.873080265960905
23983,15.085702312872675
23984,15.706047627209909
23985,14.969920746900229
23986,15.468438317335846
23987,14.338950117736093
23988,15.885850155060014
23989,15.38466246633485
23990,14.497330821005486
23991,15.094022008969851
23992,15.22437085559967
23993,16.74278872894677
23994,15.520869532276247
23995,14.950420206998965
23996,14.999006784676023
23997,15.61548348838587
23998,16.929017785812178
23999,15.998465077023043
24000,16.43102893773863
24001,14.844372114562377
24002,14.668197973522991
24003,15.764068422724959
24004,16.205368290200838
24005,15.075203690322274
24006,16.004316222833356
24007,15.970408020759178
24008,14.09161962784864
24009,15.73540595346905
24010,14.112592514926384
24011,15.71590067619646
24012,17.66396370786598
24013,15.359273291204198
24014,14.556541102586282
24015,16.16736682005973
24016,16.25824123208798
24017,15.428440308193457
24018,16.341468065125103
24019,14.852068487147378
24020,14.802931359447971
24021,15.708512592274458
24022,15.621146929181567
24023,15.166091994371316
24024,16.826333066673023
24025,15.55556917032606
24026,15.228571636721448
24027,15.909556149948418
24028,15.001576085804146
24029,15.741755960812686
24030,15.844052012643223
24031,15.989531598244785
24032,16.40831596388963
24033,15.269272929745151
24034,14.746868042369154
24035,17.262475342181087
24036,16.702991304710963
24037,16.661530752251867
24038,15.606112691705386
24039,15.916204536490872
24040,16.532344154977896
24041,16.921979824951677
24042,16.983183887893745
24043,16.47969506414617
24044,17.45900803330748
24045,14.623895143766465
24046,15.42150356081038
24047,16.34392770705598
24048,17.520211237945084
24049,15.185105541833488
24050,14.669735789622216
24051,16.358159517437798
24052,15.687120701657355
24053,17.379324314116865
24054,16.66367011900376
24055,14.509492031981754
24056,16.09912088102554
24057,17.78249353523648
24058,14.602727899142733
24059,17.653324540206068
24060,15.757703985619775
24061,16.490028862155608
24062,16.535295828265056
24063,15.92377424507475
24064,15.605632741702191
24065,16.340643088086292
24066,16.12562585443363
24067,16.128947288726952
24068,16.118414882741654
24069,15.974819127519957
24070,15.786951953697264
24071,16.28398614988286
24072,16.01622104943915
24073,15.399938181655486
24074,15.386379434770761
24075,15.845735532924929
24076,16.20985260895201
24077,14.66329997508019
24078,16.203658726534698
24079,15.385657509004025
24080,15.179588254480665
24081,15.424153161736303
24082,16.48167593016632
24083,15.1728216562031
24084,17.02420076299626
24085,16.27268915803433
24086,14.496072906373762
24087,15.188077740561917
24088,15.429919100923646
24089,14.165311847994465
24090,15.67585452756232
24091,15.483217993878199
24092,16.038568732897794
24093,17.681451191351815
24094,16.039393763025043
24095,16.99486100471169
24096,14.137039304501966
24097,15.226891456182225
24098,16.5130445476414
24099,15.547749949448235
24100,16.444557325339154
24101,15.121843189055204
24102,14.412203190304565
24103,15.272601478104757
24104,15.986225931683162
24105,16.523050903443
24106,15.657835652111512
24107,14.233865285326953
24108,15.440010063146344
24109,15.011857195045701
24110,15.052853786057904
24111,14.4040365676797
24112,16.221572191527706
24113,15.340473152430462
24114,15.828374221794896
24115,16.33070842169483
24116,14.985959136646784
24117,15.556075426674433
24118,15.184546116585938
24119,14.831108843682495
24120,15.487424696438229
24121,15.66792540977746
24122,14.321469834640085
24123,16.493642684577303
24124,14.702666720104896
24125,15.630456609018262
24126,15.135537728049544
24127,15.787807076230592
24128,16.402788421201397
24129,15.921886928126554
24130,15.925781032603197
24131,15.816022195105758
24132,16.78431333420727
24133,15.797262792406817
24134,15.836338218466203
24135,17.2377956778668
24136,14.577042052919685
24137,15.696447557668538
24138,16.140162217133263
24139,15.903748046688657
24140,16.357514330408414
24141,14.936236447601408
24142,15.018708044504981
24143,15.9306687374507
24144,17.05115043564847
24145,16.434730930338876
24146,16.184780336342694
24147,16.919108702023728
24148,15.792620717691808
24149,16.692277907593834
24150,16.01498987332295
24151,16.85747414085152
24152,14.790225429154782
24153,15.247608080096418
24154,14.845727379304487
24155,14.072679316406004
24156,13.89652343099292
24157,16.097360998504193
24158,15.58612137063661
24159,16.643315785358435
24160,15.505416431824353
24161,15.356216709250372
24162,16.041002632359977
24163,16.031337557454933
24164,16.218723538068478
24165,14.386857868930779
24166,16.994101772959315
24167,15.266623216250713
24168,16.690475761006855
24169,14.524799518751644
24170,16.44743672439781
24171,15.709557615880419
24172,16.15437903713715
24173,16.37185812843922
24174,16.68816673788441
24175,16.521248659760865
24176,17.04733381118043
24177,17.12794943131211
24178,16.79689231384976
24179,16.3101846066863
24180,15.247631726265455
24181,14.734763865604513
24182,16.072842161347825
24183,15.119151797700157
24184,15.515132901318692
24185,15.984380393243248
24186,16.405994212126974
24187,15.764107915397151
24188,16.426382193565683
24189,15.193579734830537
24190,17.12915899020094
24191,15.643032305237412
24192,15.769052310868503
24193,15.87141859650908
24194,16.164959116526592
24195,14.691440801643475
24196,14.837602877195849
24197,15.227556597150473
24198,15.792371278313128
24199,15.016604996664187
24200,15.775027923852665
24201,15.248113688463363
24202,15.799402307160879
24203,16.225818694468988
24204,16.90468740531013
24205,15.600750141169373
24206,17.030120707183837
24207,15.777230815693265
24208,14.791398341096235
24209,15.827497859411595
24210,16.77349109446605
24211,16.38200818463721
24212,15.202506786464683
24213,17.281499839244795
24214,15.182670271215251
24215,14.706605346152129
24216,15.670488649196617
24217,15.437018860747681
24218,16.516807171323475
24219,16.379632869411196
24220,15.159802231335288
24221,16.498811230701705
24222,16.064483370516204
24223,15.165362013382621
24224,15.597448950692458
24225,15.61298194305636
24226,14.836570612048737
24227,15.253095745737248
24228,15.439383082080278
24229,16.412331620824748
24230,16.522745792041096
24231,15.725736917260459
24232,14.503062237200792
24233,15.970926855973936
24234,15.61563032329617
24235,16.482408357498585
24236,16.89052410695526
24237,15.57385526318989
24238,15.51691820497967
24239,15.060367509443504
24240,16.207111139807463
24241,14.920119853133789
24242,14.614665656455387
24243,15.644649038392586
24244,16.45745745026889
24245,16.333268346215448
24246,17.328257691168712
24247,16.505018766052395
24248,15.696298804711036
24249,15.167327772643654
24250,14.250417162370297
24251,15.926735885785451
24252,16.761597271757147
24253,16.244538356137515
24254,15.575287452680929
24255,15.865642038420335
24256,15.980632161982841
24257,15.093783693709339
24258,15.537206433308086
24259,16.073555184419543
24260,16.248045697219787
24261,16.64133269418829
24262,16.391601223200528
24263,16.38710473264363
24264,15.594357014209315
24265,16.054510452819944
24266,15.723357988472719
24267,13.999254495540601
24268,14.828549268064524
24269,15.23410167394912
24270,15.6913066521589
24271,15.510583114279044
24272,14.616200463003116
24273,15.63570445486659
24274,16.037810145301233
24275,16.207261620043596
24276,14.67426352366928
24277,14.938243069263141
24278,15.276941476675029
24279,16.59034735287167
24280,15.175410277251258
24281,16.161959654780055
24282,14.412666654602281
24283,15.445535456088937
24284,15.611879208209709
24285,14.287270678336414
24286,16.369739770161523
24287,14.232350793164356
24288,16.673734480051998
24289,16.886466420902824
24290,15.627348554469362
24291,15.26230965233655
24292,16.584085329049724
24293,15.665406525302293
24294,14.750757117673077
24295,15.405903598118874
24296,15.479024099506377
24297,16.611476497573367
24298,13.744688323974989
24299,15.986601392655338
24300,15.37378029573047
24301,15.327607323206312
24302,16.478492204706573
24303,15.26952653051592
24304,15.921172255027692
24305,14.953148329388432
24306,17.024170363462485
24307,14.962041556740763
24308,14.563103908771815
24309,15.468463353795835
24310,17.218230815616966
24311,16.396595672345658
24312,15.583456688167125
24313,15.565876775610393
24314,14.816427577383292
24315,15.12570491819125
24316,15.404375826146637
24317,16.24166902237366
24318,15.23116062274328
24319,16.435080508997807
24320,15.365703112157435
24321,15.981563863530823
24322,16.25247144861696
24323,15.888425352032403
24324,16.05199347799477
24325,15.181380921337244
24326,15.451882431747338
24327,16.747084384180635
24328,15.290606900674755
24329,16.593736623875674
24330,13.137905026493783
24331,17.181010573217108
24332,15.913926271906357
24333,16.05434788387738
24334,15.879558183252142
24335,16.641027642915535
24336,14.82970441218585
24337,15.820543922743047
24338,15.620727856574836
24339,15.627793685612861
24340,15.181944094073486
24341,16.127576549556288
24342,15.947074957589898
24343,15.102954174922269
24344,14.994739343031819
24345,15.381561244923898
24346,15.90993947825181
24347,14.468279123401272
24348,14.48156297126224
24349,16.658610846175275
24350,16.18000363471702
24351,16.522726012084604
24352,16.175823452883193
24353,16.615687839133205
24354,15.938329071827905
24355,15.999316929512592
24356,16.291169802981933
24357,16.03042456728556
24358,15.723060558277462
24359,15.586675145624309
24360,13.237401148950216
24361,16.239010978468535
24362,14.013071789830228
24363,16.808077345184106
24364,15.227922861120257
24365,16.842374002720895
24366,15.382150548763791
24367,15.173118272668722
24368,15.768951825936883
24369,17.188995872242156
24370,16.65180876296456
24371,14.965614276164663
24372,15.572910060293932
24373,15.774564699399548
24374,17.3429425509809
24375,15.202035246897175
24376,14.642123772259499
24377,14.274676477500766
24378,16.21920971316719
24379,14.282569710892927
24380,16.345982299665803
24381,15.420442637938631
24382,15.932475344686862
24383,17.790616534564926
24384,16.774422361876365
24385,15.816509753765752
24386,15.456812095388791
24387,16.403187074576643
24388,16.604809253824552
24389,15.186521150136905
24390,16.013046055705818
24391,13.812951324132417
24392,15.946553525391984
24393,18.116077523684556
24394,14.964076662446685
24395,16.306969565485055
24396,15.052302784303773
24397,16.630939116685003
24398,15.141207245447895
24399,15.793759420413028
24400,15.794822195302103
24401,16.827598735378274
24402,16.069442938562986
24403,15.642173251616345
24404,14.305663573625225
24405,15.175079634978896
24406,16.923975923284093
24407,15.820228975308689
24408,14.986353206304
24409,15.990061843293903
24410,14.50712024653694
24411,14.489386001135149
24412,15.67284286737221
24413,16.085827221433934
24414,14.720292597127232
24415,15.218524177111332
24416,14.667613313849984
24417,16.401066049644026
24418,16.067425949103118
24419,16.3594478937307
24420,14.697340768814145
24421,16.969380311108456
24422,16.687727155297
24423,16.356720717445516
24424,15.288710192642837
24425,14.982271899369492
24426,15.090788554527974
24427,15.504852468897571
24428,15.197037033319635
24429,15.473510371308677
24430,15.954252084878114
24431,15.925394732906431
24432,16.398575285022837
24433,15.558884983237993
24434,15.163959884450323
24435,14.185698857394257
24436,16.898341907541887
24437,15.288965510804656
24438,15.321693208991693
24439,14.339510376448514
24440,17.21822567737419
24441,14.463378775322894
24442,16.14540506098054
24443,15.750026910199143
24444,15.028902803659046
24445,17.089398449483994
24446,16.05308295589794
24447,15.251853581718384
24448,16.40638986930889
24449,15.154479818958363
24450,17.302263515628628
24451,16.865375210806295
24452,15.678289560509516
24453,17.148116327636487
24454,13.858869165067427
24455,15.297306519717278
24456,16.303172082770267
24457,14.52842364984723
24458,15.747276145840294
24459,16.524717514131854
24460,17.078937066310704
24461,14.669219456635487
24462,16.113892372937002
24463,15.440144536401638
24464,15.935253923169876
24465,15.013312259936805
24466,15.270962638731044
24467,14.885176898910693
24468,16.340424468322613
24469,16.915345272935742
24470,16.611643052668953
24471,13.544493574089778
24472,14.398664410014835
24473,13.788029151451468
24474,15.471999243464321
24475,15.108869499935436
24476,15.567999970328902
24477,15.985495284890176
24478,14.87900265032279
24479,16.72157037806861
24480,14.479212442732907
24481,16.24339597600268
24482,15.47859266331477
24483,15.904338884420994
24484,15.92467050297923
24485,15.805488750779768
24486,14.518350306597663
24487,14.151977863196963
24488,14.028837864108885
24489,15.796348426088946
24490,15.53960393434779
24491,14.755553683572048
24492,15.863721394619708
24493,15.685047041003113
24494,15.782047630491116
24495,15.500842594107857
24496,15.787010921239956
24497,17.578489027521954
24498,16.178575708155595
24499,14.857500951090124
24500,15.632778447857648
24501,15.711592007582079
24502,16.77118712199573
24503,16.38841573448236
24504,15.482009601944688
24505,15.366224051441971
24506,16.719989835714593
24507,14.140079959242055
24508,16.19376800772104
24509,16.71847652011068
24510,14.899135543501401
24511,15.242514991688978
24512,17.21485035223072
24513,15.31026370530101
24514,15.482338174175434
24515,15.390648381851078
24516,14.989383583901168
24517,14.665760260963898
24518,14.751701238507591
24519,15.18607799843365
24520,15.656609408197152
24521,16.453308299586283
24522,15.703871847553842
24523,16.13455037842449
24524,15.057456051498443
24525,15.54522580665881
24526,15.308416286035115
24527,15.749747834924404
24528,16.659529739898463
24529,15.533514914954836
24530,14.94962411576257
24531,15.103879875271089
24532,15.193925229730766
24533,15.061102372219981
24534,14.98486300848147
24535,16.868680504918522
24536,15.165338426131553
24537,14.92713688760654
24538,15.623491638812014
24539,16.407884673135012
24540,15.13298395470489
24541,15.514145698057307
24542,15.01121698893017
24543,14.862064437032904
24544,15.72411173348031
24545,13.576820087026318
24546,16.714519420028672
24547,15.338451280825353
24548,17.44211299386265
24549,16.041093806234418
24550,16.08913329562533
24551,15.575032858515113
24552,16.07020154026324
24553,15.02235260479812
24554,16.070092385481853
24555,15.087143907250498
24556,15.76586163985644
24557,15.059283327023776
24558,16.930632847390605
24559,14.821994838751156
24560,17.59990877024761
24561,15.32863957672226
24562,15.531680160442306
24563,15.89687429622268
24564,15.420132103888688
24565,16.15448285801213
24566,16.40350256384886
24567,16.018253303140867
24568,16.540162632130716
24569,15.735870282127586
24570,16.446172954244368
24571,15.243851616916867
24572,15.03337589611839
24573,16.61382391361071
24574,15.4288730588828
24575,16.748204442530003
24576,14.642112324135601
24577,15.656331890343195
24578,15.999769949468188
24579,15.840605906642724
24580,15.322724738559236
24581,15.708684798695277
24582,16.035469415486027
24583,16.688791374664774
24584,14.99354883286968
24585,14.832569901652976
24586,15.605525759566856
24587,16.307763281977056
24588,15.73517239597158
24589,17.52376930110717
24590,16.205220836835515
24591,14.32210094230964
24592,15.270805529400876
24593,16.146656617006034
24594,16.327348749015137
24595,14.30165524759943
24596,14.972261177728615
24597,15.537391212225359
24598,15.399117793420375
24599,14.24302799280973
24600,15.757697144581964
24601,16.65836036946756
24602,14.993927914872412
24603,16.656228696288736
24604,15.488956588081301
24605,16.450505498670186
24606,15.198542610145502
24607,16.7337063909652
24608,16.146351325889437
24609,16.220692909357147
24610,14.327775325493457
24611,14.268754577761415
24612,16.185326097087337
24613,15.68209876572959
24614,15.084094143414212
24615,14.382958504868597
24616,15.659139896565929
24617,16.037499489819368
24618,13.811544834418513
24619,15.081244436921597
24620,15.645151738374716
24621,17.133949924448626
24622,17.738738043005977
24623,16.510689247646507
24624,17.319675969146097
24625,15.986192721049775
24626,15.933964205409191
24627,15.115730435154045
24628,14.907658642470762
24629,15.3593534659655
24630,16.909795262663668
24631,15.931245648193903
24632,15.702032326768501
24633,16.259222541364107
24634,14.831869249887635
24635,14.252254967821452
24636,16.333285391002896
24637,17.004693435523517
24638,16.612858510817155
24639,15.660512792551886
24640,15.492365187450538
24641,15.106370613224595
24642,16.3127721256589
24643,15.798002978382883
24644,15.958103513842731
24645,15.055355859299997
24646,15.039535911160629
24647,15.264054657825977
24648,15.012315160965835
24649,15.32700881202812
24650,16.05991823202163
24651,15.922323325037404
24652,14.462418337361324
24653,15.909103449665961
24654,15.85745780455314
24655,15.82624349583734
24656,14.882812921679689
24657,15.32178800085418
24658,16.81392511277187
24659,16.086326933377634
24660,16.729241298133097
24661,16.15152432992556
24662,16.01538107331536
24663,14.992990786446775
24664,14.486584036604167
24665,14.446633592993022
24666,14.287675415139585
24667,15.524689610289586
24668,15.967917735765052
24669,15.611968114553076
24670,16.18101928833126
24671,15.286831652724134
24672,15.71382729534078
24673,14.953095568925269
24674,15.961349259424145
24675,16.22271365081484
24676,16.2414560285047
24677,17.144834541553845
24678,15.9153344659248
24679,15.389382669652287
24680,16.255748211340535
24681,16.77516030641135
24682,15.520018770896462
24683,16.061076032157423
24684,15.143243986053866
24685,15.860764151398966
24686,15.578310928249936
24687,15.703736270595074
24688,15.556323864290777
24689,16.232713721966267
24690,16.4221509178343
24691,15.64096139811473
24692,17.104391693593364
24693,16.30933080324538
24694,15.744911801248184
24695,15.341847697733325
24696,14.805662040454534
24697,16.381285268197672
24698,16.576106380612632
24699,15.7445436870434
24700,13.476622306782676
24701,14.706804728459806
24702,15.330604312474865
24703,17.05548264793999
24704,16.930478239346584
24705,17.137789879466474
24706,16.674691341389895
24707,16.252304253428022
24708,15.39107152306099
24709,15.299861505273421
24710,14.0838564854292
24711,14.59799419706016
24712,15.87040967975198
24713,16.11089451505935
24714,14.677524210157587
24715,17.190212830687386
24716,15.436202795325666
24717,16.332614412042414
24718,15.15176957895194
24719,15.671596605312384
24720,16.12918427208523
24721,15.7794788562385
24722,15.003525981696484
24723,14.68709147826265
24724,14.571326227807138
24725,16.55135193705302
24726,15.39273943919314
24727,17.11902363148963
24728,14.628513941417465
24729,14.839801528144077
24730,14.51105587494961
24731,16.643843590747174
24732,15.774631776960916
24733,16.623028877706794
24734,15.872112952364533
24735,17.31708199772776
24736,15.91015091980084
24737,15.870821509944077
24738,15.96325165592099
24739,14.886451715751509
24740,16.095101083939543
24741,15.557807498686454
24742,16.322902409565106
24743,15.153694156851543
24744,15.737322412794198
24745,16.204742117813765
24746,16.18960232129071
24747,15.436470872223099
24748,15.379812539974704
24749,15.904444826434279
24750,16.449173201527703
24751,16.734017136481004
24752,15.645740115433632
24753,16.520460383477186
24754,16.12543368033536
24755,15.93764158515876
24756,15.465834717143501
24757,15.548824094292016
24758,16.869945538111587
24759,14.31595624196332
24760,14.429507594600661
24761,14.044806513695855
24762,15.686739181567097
24763,15.843023378323345
24764,14.6392691970716
24765,16.148513191343365
24766,16.28370714751653
24767,15.46299365224781
24768,15.800427987252764
24769,16.176014795641677
24770,15.800776128252187
24771,16.90939052062327
24772,16.52527776778896
24773,15.380436093129216
24774,16.159529429536374
24775,15.876995975428791
24776,15.933501857003318
24777,15.940074646774386
24778,14.871099142821915
24779,16.592920866590084
24780,14.93735318647182
24781,15.607368717651468
24782,16.19415955919898
24783,15.204650507204239
24784,14.564108185872346
24785,14.812193659223865
24786,14.70863133696048
24787,15.21799649477133
24788,16.050921111567924
24789,16.776905187774346
24790,14.658482928684748
24791,15.295917258260241
24792,16.550556617913596
24793,15.177051820170403
24794,14.1301650694432
24795,16.628797933187585
24796,14.476764422018912
24797,18.374593156396493
24798,14.286782465163483
24799,15.553372378310929
24800,16.20902080045544
24801,15.403466352513442
24802,14.496390712159332
24803,15.966672238649112
24804,15.493044523011845
24805,16.272680062687503
24806,16.223759246280395
24807,15.148327599147807
24808,14.517510216850292
24809,17.526139542165435
24810,16.508010666163056
24811,15.104852027081433
24812,15.614574611783516
24813,16.450287656322296
24814,15.913303766659862
24815,16.091880342119882
24816,16.051436445201066
24817,15.112597454307194
24818,15.102367211447737
24819,14.500207137108537
24820,16.684701183918047
24821,16.55252679618504
24822,15.928720604956021
24823,15.935749974462563
24824,15.050512573047321
24825,15.416094545708992
24826,14.97225960697956
24827,17.120031007114687
24828,15.630051555508752
24829,16.810577209389958
24830,15.994234967351176
24831,15.54445651800126
24832,15.473309050920916
24833,16.186294818652172
24834,15.573583251038919
24835,15.367904040205262
24836,15.007214823757785
24837,16.286335457351054
24838,17.527834796527237
24839,15.691829319168267
24840,16.905950733065904
24841,16.2243169920023
24842,16.752892439105
24843,14.319901799301874
24844,13.835958143246051
24845,16.868435234700243
24846,16.606787700613285
24847,17.22186652160921
24848,15.735724808585868
24849,14.827485607620794
24850,16.449790668527164
24851,16.0388505336275
24852,15.870531501762843
24853,15.09700283842704
24854,15.239332041997308
24855,15.897322033356174
24856,17.328903588127677
24857,14.449682077685047
24858,15.539425507265017
24859,14.76283388267478
24860,15.923235224610563
24861,14.623582069194851
24862,16.526819623097
24863,15.384911927169101
24864,15.50434570957758
24865,15.519175983772746
24866,16.167254903029313
24867,15.631236046862908
24868,16.42308507390261
24869,15.688697458888678
24870,15.190891771707918
24871,16.233194322070766
24872,15.995152813166445
24873,14.547194698982494
24874,14.81054660590051
24875,17.489352279674293
24876,14.913131423502694
24877,13.698298769355928
24878,15.161826085865023
24879,15.419436335127749
24880,15.249031911211167
24881,15.25621564760726
24882,15.100934843268588
24883,16.73352146756067
24884,16.14138111826806
24885,16.688962444753226
24886,15.866069706244039
24887,15.010117186714023
24888,14.810723056753606
24889,16.97289965395567
24890,15.026363579372877
24891,16.66711858781306
24892,15.951589622143405
24893,15.809160056622954
24894,15.596973260314801
24895,15.39482875175312
24896,16.581332603526935
24897,15.77425806566454
24898,15.536580969616743
24899,17.170935754338704
24900,16.249487467532695
24901,17.302954026871564
24902,13.866568780890287
24903,16.351958429531997
24904,15.477981508873617
24905,16.227887892303524
24906,14.926392212895946
24907,17.69247560328212
24908,16.27581495246632
24909,16.256559526995368
24910,15.655154583780622
24911,15.874050264060068
24912,16.651465376407316
24913,15.30747876854234
24914,16.80754573899628
24915,15.57603531377162
24916,14.906154375559272
24917,13.660798985885327
24918,14.123974930660271
24919,15.741943423625893
24920,15.761557876856143
24921,14.904408533084801
24922,14.38616986054244
24923,16.137567181698888
24924,14.047642423106787
24925,15.717387057032429
24926,15.444077140334102
24927,15.978004962769122
24928,15.583836320237806
24929,14.865898054787015
24930,15.065029095456943
24931,15.806135807812705
24932,15.942520664094252
24933,16.662276247694248
24934,15.90295954017899
24935,14.38944263939491
24936,15.940442662285228
24937,15.643685079220086
24938,15.782579409284292
24939,15.670910268784077
24940,16.149194470391148
24941,15.720229332384822
24942,17.081740167760767
24943,14.688328652433263
24944,15.718051591779693
24945,15.417359409873411
24946,15.557876535637618
24947,16.60519027958425
24948,14.897609139042068
24949,14.678543774732644
24950,15.284759388336198
24951,17.38836790119316
24952,15.415571708943412
24953,15.466293869963478
24954,16.022392155426747
24955,13.921611454623179
24956,14.470343819309711
24957,14.98224999645221
24958,16.034419519456097
24959,15.634274907700878
24960,15.719143763822556
24961,14.416467832144455
24962,16.68364947545482
24963,15.375326045938758
24964,15.153129156962278
24965,15.400072449733807
24966,15.378571985377226
24967,15.570042857308806
24968,15.713281351202118
24969,14.631717048542635
24970,15.928481648905807
24971,17.231164929056636
24972,17.040175092970582
24973,15.653168979813252
24974,15.191013682545202
24975,14.741751755917607
24976,14.958050077716772
24977,15.715965220838642
24978,14.991056663899336
24979,17.355488339827055
24980,15.518188598568209
24981,14.35578238446683
24982,15.881183062655735
24983,14.059828970681194
24984,15.644302953365829
24985,14.383286499752899
24986,16.177809681910478
24987,15.53056886941643
24988,16.77552823710399
24989,15.980389817428643
24990,16.724378406250747
24991,16.181007212188078
24992,16.320272765283757
24993,15.33376120669586
24994,15.054552112403863
24995,15.663352556698285
24996,15.904674286178052
24997,17.702332360037605
24998,15.627118202467905
24999,15.436913813971357
25000,16.46339555450065
25001,15.067300971594385
25002,14.755482307488363
25003,16.68584982193711
25004,15.887903126128093
25005,14.035089536519328
25006,16.220447481210226
25007,15.013536821867518
25008,16.250428816996987
25009,14.871190578665349
25010,16.131713774296866
25011,16.24664378732794
25012,15.985048170631455
25013,15.16438888166133
25014,14.598137967778296
25015,16.39014919238093
25016,15.024450791184615
25017,15.873863930906026
25018,14.78279311381676
25019,15.04448943118809
25020,16.027288198765152
25021,15.784254774999237
25022,15.903257786342323
25023,14.122240896347048
25024,16.350107599368922
25025,15.264157743262123
25026,15.445639237482247
25027,14.901942032739875
25028,16.249604061411212
25029,17.715509020971442
25030,15.077467570440072
25031,14.076517249202624
25032,15.908922394475095
25033,14.975983965335061
25034,14.682145456794105
25035,15.540564234772896
25036,16.917219644373393
25037,16.31157854444355
25038,14.57747419264839
25039,16.12283125651829
25040,16.358996972178712
25041,15.276826147592924
25042,15.04888696323531
25043,15.11491717925316
25044,17.077824193893683
25045,15.911101284460779
25046,15.645447368121138
25047,15.570711923253642
25048,16.577205063768567
25049,15.110638065311639
25050,16.13225479025675
25051,16.393438617878612
25052,17.440299116465724
25053,15.133811135258123
25054,15.947143332375562
25055,15.829813903970228
25056,15.79087214884652
25057,15.915281351226366
25058,15.351715903981411
25059,16.232847832878132
25060,15.815850893672959
25061,15.267573513012733
25062,13.728432774206006
25063,16.126965926293074
25064,15.754075219990822
25065,16.958951489217696
25066,15.988819508103132
25067,15.482695280255271
25068,14.245174450149515
25069,16.288382043218366
25070,15.939100638282476
25071,14.998474439689193
25072,16.097062692345855
25073,16.365472952360623
25074,16.338728221010204
25075,16.141327645415053
25076,15.586037541111768
25077,15.923338174166293
25078,15.361206100981127
25079,16.03169695730622
25080,16.182412904819905
25081,15.424490617308798
25082,16.182133989698137
25083,15.233967691063162
25084,15.143999884723577
25085,14.811829269923244
25086,15.661726343285686
25087,15.423434694891805
25088,15.786664070719118
25089,15.115919216520455
25090,16.062708249865963
25091,16.045798507101292
25092,16.379674871947966
25093,15.505182210868648
25094,15.022758313010918
25095,15.86719855382718
25096,15.506817037061888
25097,13.789305026292435
25098,16.286958761267567
25099,17.361751047107106
25100,16.533285980691737
25101,15.25878479581658
25102,15.597213232944773
25103,15.284804792291743
25104,15.891792975779008
25105,15.09031315725639
25106,16.67776538078529
25107,15.162951703027286
25108,15.783807588536572
25109,15.375750325041398
25110,15.737461719272428
25111,15.586680306255081
25112,16.704067778704545
25113,17.385080513656234
25114,14.360211594451041
25115,16.044031043931394
25116,16.314979290778318
25117,16.06917344817725
25118,15.468853260793887
25119,16.372241454309453
25120,16.30403211190749
25121,15.092101059142726
25122,15.624241255807929
25123,16.39420904910147
25124,16.292045027474835
25125,16.90741725410604
25126,14.907264950605024
25127,16.120497132042363
25128,15.762569584367172
25129,15.440589649449247
25130,15.762835289756307
25131,16.260162044093327
25132,17.381891542450234
25133,16.499258039146863
25134,15.517049992954549
25135,15.871892393324151
25136,15.843583667409622
25137,16.48064415255124
25138,14.310285415884666
25139,14.926696238099789
25140,16.231189609839618
25141,15.984839880621395
25142,17.698667399244357
25143,17.475095289145862
25144,15.744864099709021
25145,15.187135349161785
25146,16.914593747010734
25147,15.781958759570216
25148,16.14001357128915
25149,15.926093535610784
25150,15.450287919874723
25151,12.923506513713447
25152,16.32492902382744
25153,16.445678205458847
25154,16.330574666879496
25155,17.601243713994023
25156,15.555840688190626
25157,15.667797692657349
25158,16.325104461585298
25159,14.805194796287696
25160,16.08538582550329
25161,17.32464519742653
25162,15.547589597033932
25163,15.214044474153548
25164,15.202071454544004
25165,15.612033382294152
25166,16.37359402391932
25167,16.67191023150072
25168,16.734178337775454
25169,16.092078580924746
25170,16.077525752973457
25171,15.890848037507002
25172,14.881386787299634
25173,15.514359982361485
25174,14.875039887835007
25175,17.699593982436507
25176,15.441323751352066
25177,15.774245645940013
25178,13.62117538706736
25179,15.558114628596671
25180,15.51683231120788
25181,14.77010696076786
25182,14.8189820202743
25183,14.831883253003413
25184,16.029329379066063
25185,15.768432172114638
25186,15.917243755863012
25187,15.605778485959815
25188,14.959737678794335
25189,16.899686732054388
25190,15.580828651066739
25191,16.179449334516303
25192,15.205650909352999
25193,15.617952748524132
25194,16.054857351469042
25195,15.802497065470094
25196,16.07624760682708
25197,14.45133212358702
25198,16.274396642239118
25199,13.597542887932425
25200,17.666006744838356
25201,15.703125169675637
25202,15.391607107550962
25203,15.50246839830991
25204,16.36567211512298
25205,16.360777320568033
25206,15.705701448094235
25207,15.64749743379637
25208,16.889546581134034
25209,15.849584434038615
25210,14.541080897008422
25211,16.808717008691143
25212,14.942096676422697
25213,17.308962127360946
25214,16.058231222468486
25215,15.096471598736219
25216,15.796316277114895
25217,16.37343132646584
25218,15.642895997426546
25219,16.10525104328376
25220,15.252448164887241
25221,16.424138564549537
25222,15.604374690734357
25223,16.859245970615717
25224,16.433254242618457
25225,15.898611614856247
25226,16.450210113832256
25227,13.97048510685009
25228,15.314123238379599
25229,16.45124955939881
25230,16.427644023327566
25231,16.70669007151789
25232,17.148551839909008
25233,16.672995612861136
25234,15.024873345374505
25235,15.17381044109669
25236,15.487077269106917
25237,15.211355379230643
25238,16.365281919222767
25239,15.836417653710633
25240,16.341104572655095
25241,14.982994762259898
25242,14.902090840977468
25243,16.268401643451885
25244,14.98308521971689
25245,16.60993651016275
25246,14.200194185049488
25247,15.685499234804674
25248,15.469243934180684
25249,15.940518060081825
25250,15.696054467146457
25251,15.368806774810785
25252,15.975963775105445
25253,15.837077842553278
25254,14.500417547064647
25255,16.135909822104235
25256,16.538164273671246
25257,15.987496347957018
25258,16.444551462025
25259,15.450140151870139
25260,15.436250410980202
25261,15.258855643639482
25262,16.158502730578693
25263,15.904683007882667
25264,15.946552597886296
25265,15.472741934638789
25266,15.9788489497149
25267,16.833951511034712
25268,16.396753282271096
25269,15.556587582007582
25270,15.75007624076079
25271,14.491039344451183
25272,17.326767218802537
25273,17.021295812190413
25274,17.54496467136046
25275,16.440758678522876
25276,15.461600919195147
25277,15.278929267456295
25278,16.141543408881574
25279,14.25748957347643
25280,16.761389478488592
25281,14.922534824024293
25282,15.532883990830378
25283,16.257201077780085
25284,16.87184090101341
25285,16.421183585118214
25286,15.819175973929255
25287,16.65672928299116
25288,15.590531701047503
25289,16.59233285992782
25290,14.201644546495848
25291,14.169345325695877
25292,16.199701592964832
25293,16.539433557753416
25294,16.708870376289898
25295,15.298200778460387
25296,16.396400185889384
25297,14.923036013734515
25298,16.032504970270644
25299,16.592695359277695
25300,16.723859674782446
25301,14.214814118781579
25302,15.595345704961643
25303,14.454023143109536
25304,14.290928768177812
25305,16.021068214208714
25306,16.726464397727064
25307,14.667356165098782
25308,16.659773760379167
25309,15.353159434313191
25310,15.211735906454468
25311,16.0399262465876
25312,15.838065626487461
25313,15.274164700203775
25314,14.597749213519696
25315,15.72328742852882
25316,15.210404387791508
25317,16.54160129331355
25318,17.222945442784305
25319,15.760040968443622
25320,16.83033698019785
25321,14.981834188123095
25322,16.012270638432778
25323,14.908423927013642
25324,15.389087553308212
25325,17.82934289437352
25326,16.102232971356244
25327,16.054571778905427
25328,16.714522530893525
25329,15.958029131967784
25330,15.241956873937754
25331,16.785172199267123
25332,15.671760099186761
25333,17.033770837106417
25334,15.671685405574147
25335,13.909520858872172
25336,16.501836651803938
25337,14.018539291806494
25338,14.620064787828678
25339,14.531357028993533
25340,15.18287512670629
25341,15.548551323186059
25342,14.624879345444844
25343,16.093912532348888
25344,17.285987123576472
25345,16.535521324228537
25346,15.250902609539676
25347,16.859339588796903
25348,17.09255482558673
25349,16.67268204699034
25350,15.272746312946868
25351,15.748269819055343
25352,16.592685429486366
25353,16.452849845167076
25354,15.892592299551156
25355,16.121739222854224
25356,14.635048899865483
25357,15.760660025552301
25358,15.921874795295487
25359,15.98472881694094
25360,14.524425883811917
25361,16.25142223017296
25362,16.095415425879626
25363,15.701275683469195
25364,15.945658704796198
25365,16.352094882867767
25366,15.950558029357177
25367,15.554373224432103
25368,14.3304318634232
25369,16.637835875542734
25370,16.219612868855982
25371,16.170645104679714
25372,16.808590274915208
25373,14.463087236093603
25374,16.8054111542958
25375,16.249642624512507
25376,17.25129115155035
25377,14.688261660090188
25378,15.495414057145453
25379,15.04387924625232
25380,16.04192498624786
25381,16.660333893307488
25382,15.581616821861829
25383,15.819959350897687
25384,15.1976822615716
25385,14.994773584866538
25386,16.00471150147459
25387,14.605150407110951
25388,16.727896770504906
25389,16.455583399771424
25390,16.10157162183441
25391,15.314754449569525
25392,15.165959909778586
25393,17.1157333693448
25394,15.958269060199857
25395,15.793948922821246
25396,16.233248111701815
25397,16.185204534299743
25398,15.902969038620473
25399,15.034381376296597
25400,13.746666044667595
25401,14.807871563631997
25402,14.796873568948406
25403,17.099308938988514
25404,15.338677668306921
25405,15.002415044502218
25406,16.035486679655552
25407,15.693229948393927
25408,15.645193217482484
25409,15.112557504035562
25410,16.18661011161927
25411,15.054501694829721
25412,15.680910748702017
25413,17.180373387732523
25414,15.417143745595226
25415,15.118917417548102
25416,15.740318092918152
25417,15.076413090589798
25418,16.99078713287757
25419,16.25273702605758
25420,15.210783824800519
25421,16.12036180387121
25422,15.150890161397774
25423,16.075612861302435
25424,16.775195376802436
25425,15.656916373304988
25426,15.491052812504408
25427,14.409343601068107
25428,16.959180470526064
25429,16.673403572179602
25430,14.555924467038489
25431,15.04731331076699
25432,16.75709759394074
25433,15.267753736113148
25434,15.663052771447791
25435,16.623546339214634
25436,16.43258714722777
25437,14.154546338821094
25438,14.609008853927191
25439,16.417714716278166
25440,15.593210724175671
25441,15.826242765169233
25442,17.387132547033804
25443,15.228967541868643
25444,15.497635514680766
25445,16.64535628257518
25446,15.394506739736563
25447,16.228571221451695
25448,15.421787515435446
25449,15.596905347343212
25450,14.489773021680278
25451,16.710486231108593
25452,15.659358637519489
25453,15.382324408151463
25454,16.37651367331639
25455,15.298785506855667
25456,15.883881161985377
25457,15.464282474470094
25458,16.08844192030604
25459,15.431174285072531
25460,15.881530065060597
25461,16.241941158358575
25462,16.06698104400283
25463,17.591269231535204
25464,15.195308721868928
25465,15.444206779776719
25466,17.21152557791714
25467,16.901684354503335
25468,15.129162802600087
25469,14.68337104876188
25470,15.470336805717473
25471,14.108221892155413
25472,14.921717881591185
25473,15.77075863312724
25474,14.780979751276126
25475,15.609106227315351
25476,15.446921081545673
25477,15.872619462160957
25478,14.85635267367993
25479,15.142793777132898
25480,16.87129758519941
25481,14.040321190605189
25482,14.546661387877592
25483,14.538687782615625
25484,14.37154905715083
25485,15.078086873396906
25486,15.23636500640585
25487,16.612979833210115
25488,15.360204550196984
25489,15.255416250338346
25490,16.216524768474944
25491,15.829825610567793
25492,15.889978527527438
25493,16.63913446898012
25494,15.21667859999691
25495,15.83448573066803
25496,16.011534598130584
25497,16.233233070204022
25498,16.153268307959664
25499,15.431958613771585
25500,16.623526569538786
25501,13.870236884060892
25502,16.315827218851943
25503,15.708628381384592
25504,14.892700930733415
25505,16.89269958262945
25506,15.84207776074472
25507,17.530065622973964
25508,14.869974441633914
25509,13.773130545404243
25510,14.821136544152544
25511,15.823636540527511
25512,15.223582210096126
25513,15.507235971573447
25514,15.87490243970547
25515,16.04299052963305
25516,17.304814041756767
25517,16.02122188184108
25518,15.297562704408959
25519,14.638262123547904
25520,14.356749038214033
25521,15.042445306572535
25522,16.57892852933587
25523,15.062729637808811
25524,16.59262536824443
25525,15.334130270546291
25526,14.327237229203966
25527,14.801636978456413
25528,16.396473789087047
25529,17.37819527576537
25530,16.148029055848063
25531,15.883632790211779
25532,15.71255406071836
25533,15.76767375519533
25534,15.520999392024557
25535,16.01134449029661
25536,16.70140348201162
25537,15.832694422360719
25538,16.08107764923462
25539,15.329585875076127
25540,16.275069937307332
25541,15.44641077812733
25542,15.004289169311914
25543,13.719342954200904
25544,15.35387848172269
25545,14.754876134064745
25546,16.003430808758612
25547,16.404492078729113
25548,15.193321202573541
25549,13.854308128813338
25550,15.828476480600756
25551,15.994068591865043
25552,15.537916212702003
25553,14.540061721071941
25554,17.14718586024995
25555,15.114407586793451
25556,16.143859186560896
25557,16.469515356785127
25558,15.664782516414347
25559,15.8612395050635
25560,16.05422762593587
25561,15.59454193126215
25562,16.16510334289371
25563,16.45618231638806
25564,15.953466384199405
25565,13.938753999667512
25566,16.400887250944177
25567,15.25182891373797
25568,15.013105783822681
25569,16.61138094541241
25570,16.1149069820781
25571,15.204567584621831
25572,15.75606865310262
25573,16.56569007879294
25574,14.773584058786794
25575,16.055372634296123
25576,17.030037423279378
25577,14.518089775680453
25578,16.725607588028524
25579,14.99609568925939
25580,17.725171229815132
25581,15.559058535384509
25582,16.027563685585413
25583,16.246565223547226
25584,14.762020247232206
25585,14.781578314837171
25586,14.320521849555066
25587,15.938337245032132
25588,15.214700078746047
25589,15.642414373805067
25590,15.428392723818911
25591,15.913558290238766
25592,14.536959438303509
25593,16.75953762262996
25594,14.275860892723445
25595,15.176878872739891
25596,15.316607057441658
25597,14.118986156654286
25598,15.426573115460018
25599,16.89752107375765
25600,14.359945845222853
25601,15.67046235835246
25602,16.504450259378967
25603,15.927087956187671
25604,15.338457641478215
25605,15.594805984180532
25606,14.581636690578023
25607,14.691730111099474
25608,15.2818455394584
25609,15.506910308152841
25610,15.536507418028876
25611,16.13022071219926
25612,14.874978216252801
25613,17.463452691804292
25614,14.403128793547143
25615,17.21163660581084
25616,16.0239535777396
25617,17.357077546149434
25618,15.902599396497369
25619,16.301948695108244
25620,16.323840466335717
25621,15.200886597893929
25622,15.78447040462715
25623,16.98214664320237
25624,15.55935012030783
25625,17.584482442975823
25626,16.10534825022007
25627,15.73157577771365
25628,15.685225314577282
25629,15.480713267906744
25630,16.585021677546443
25631,16.076149467722093
25632,16.492990185666283
25633,17.281418433712275
25634,16.78078422773896
25635,16.64827448971234
25636,15.0733769297776
25637,16.253784714970028
25638,16.10471435776713
25639,16.56657767074863
25640,16.99006486082447
25641,17.551817584623826
25642,16.783236847380785
25643,16.053137777355605
25644,14.92729902466115
25645,16.688064390046804
25646,15.023513564612838
25647,16.22277041072745
25648,14.910138505876947
25649,16.17408592288807
25650,14.745448226297123
25651,15.89161799392361
25652,14.765596799067938
25653,16.198287537610245
25654,16.76694737004191
25655,15.988977602489998
25656,15.712939901440516
25657,13.769251378569386
25658,16.51002101907363
25659,15.376452653625526
25660,16.16299981917765
25661,14.92939046293139
25662,15.395597526591468
25663,15.613054004537114
25664,15.40267312992931
25665,15.915180054108657
25666,16.196065791208852
25667,15.817681639415571
25668,16.737207695904353
25669,16.646188966558373
25670,17.056749397468945
25671,15.285090999283657
25672,16.657781685193903
25673,14.5262872586707
25674,15.495007644088835
25675,16.22473367778548
25676,15.890955625952326
25677,15.067048165558026
25678,14.656132997609836
25679,15.078012900819326
25680,15.611530698067115
25681,16.57929515321195
25682,15.424935199229472
25683,14.859151273869196
25684,16.062414578498785
25685,15.72503710146809
25686,16.37951693163476
25687,14.379848133448682
25688,15.892848820375525
25689,16.87525483346725
25690,15.9272469538237
25691,15.64590101709683
25692,16.792478801250727
25693,14.94516172534671
25694,14.869410124460572
25695,15.528228296758112
25696,15.294027972917702
25697,14.906271408764313
25698,15.884868921539217
25699,15.342388289434183
25700,15.67607393994041
25701,14.726535240156698
25702,14.928141928396085
25703,16.629121277843097
25704,15.603858455374125
25705,15.655815680950063
25706,15.316012437758154
25707,14.37913981012549
25708,14.67463083931347
25709,15.568005817175713
25710,16.076781782586764
25711,17.007723752012847
25712,16.232033604392722
25713,17.716601646243063
25714,15.927299191801396
25715,15.359318223257313
25716,15.828740558206391
25717,16.08950127225133
25718,14.860931082797457
25719,15.52730046484311
25720,15.013765480835483
25721,16.422502213130585
25722,14.129651661816824
25723,15.498417655077338
25724,14.830484592593852
25725,16.106016410522923
25726,16.9464044757336
25727,14.96306676341197
25728,15.15044370661325
25729,15.548438402918572
25730,15.979311472201323
25731,16.42222996598333
25732,16.020127943526273
25733,17.004153746440874
25734,14.344214519526476
25735,16.27972313651118
25736,15.498194824074941
25737,15.275117229397283
25738,16.48710938743867
25739,15.099556459799977
25740,14.84874989031625
25741,16.11918591136338
25742,15.163038916510255
25743,15.273575797584169
25744,17.26161406195675
25745,16.288063304561256
25746,15.287500945877294
25747,15.121555275885848
25748,15.793487809694877
25749,14.553010657480304
25750,14.668742206749618
25751,16.29551950829178
25752,16.286032084021844
25753,14.695777664066838
25754,15.570967405610322
25755,16.41435199445645
25756,14.706899644632475
25757,16.35178074042761
25758,15.395035161579434
25759,16.288811931594466
25760,15.581425511161305
25761,14.830538321084944
25762,15.285232119868398
25763,15.365357774712786
25764,14.877933918557236
25765,17.039327217338457
25766,15.814672978691291
25767,14.926305296267872
25768,14.691801714596405
25769,15.19266298950721
25770,13.864434062527359
25771,14.888769892293904
25772,14.074496421056722
25773,15.185988770424466
25774,14.993253976214598
25775,15.181309927241342
25776,15.486496930331729
25777,14.663082514455633
25778,15.292583383053543
25779,16.37687199102959
25780,15.149421787629999
25781,16.318720927141946
25782,14.521140424897805
25783,15.299965563825161
25784,15.274720768543139
25785,15.253924886530301
25786,15.01203065492267
25787,15.668481350713739
25788,17.070090809604455
25789,16.187708003792906
25790,15.77286440333693
25791,16.336620150577957
25792,15.847622912388974
25793,15.404166186625293
25794,15.46924870451488
25795,16.277593853966835
25796,15.867062472753476
25797,14.231582284925341
25798,15.880027215969083
25799,16.823591917781975
25800,15.640397141475571
25801,15.395604852094163
25802,15.753815187834485
25803,14.878504197143966
25804,16.212147306386115
25805,15.81143030902924
25806,16.933670675962013
25807,17.825962881012977
25808,15.283343200841163
25809,16.090788508817194
25810,17.556477141015634
25811,16.781446032401536
25812,14.55401336663048
25813,14.18036164194138
25814,15.46691450122069
25815,15.124957533172621
25816,15.653773540050443
25817,14.993790953623831
25818,15.335122866400138
25819,14.125158907670215
25820,16.331000710442297
25821,15.475917534746912
25822,13.916230127322056
25823,16.09357888906267
25824,14.733150694699379
25825,15.626577369872546
25826,15.410401581220821
25827,14.543764749659196
25828,15.155385246374935
25829,15.623369894421586
25830,14.293886153728952
25831,14.816333146230605
25832,15.919969105337644
25833,14.98152134168584
25834,14.977462007018232
25835,15.707993874380271
25836,16.239866400919386
25837,14.343603129262162
25838,15.586610973721312
25839,14.824669786764579
25840,16.867958396921047
25841,17.404661642357645
25842,16.448918808140782
25843,15.04866225562724
25844,16.022197295125093
25845,15.330485737259087
25846,16.169079784869844
25847,16.743797124513716
25848,15.35488912254338
25849,16.646863089814815
25850,15.94465761719344
25851,15.828892215683164
25852,15.291587802692709
25853,15.067462819563094
25854,14.118404875714296
25855,14.376704556324775
25856,15.452766197913327
25857,16.611350996260942
25858,15.239222369154376
25859,16.256067631341796
25860,16.493015166903643
25861,16.734018255145692
25862,13.84578502940656
25863,14.994600866131199
25864,15.46510819029026
25865,16.39185585079229
25866,15.747985005843889
25867,16.342904441365285
25868,15.551135250766626
25869,15.604374272273994
25870,16.814414760062366
25871,15.605338657928682
25872,15.156391843759444
25873,15.958486711860573
25874,16.32925710746948
25875,16.471385730795912
25876,15.981916858070248
25877,15.808045696416146
25878,16.14254687177265
25879,15.407531353338593
25880,14.806767293237009
25881,15.15391486347965
25882,15.479910244366167
25883,14.332071606042124
25884,16.87957843907285
25885,15.550582783679005
25886,16.01706849233249
25887,14.91279424260816
25888,13.31085830637538
25889,15.33479061700319
25890,16.165027983842403
25891,15.497272699510619
25892,16.56460562063379
25893,15.623499163864063
25894,16.120852545525928
25895,17.341412888645742
25896,14.199989896341371
25897,16.787399532363075
25898,14.54381235611292
25899,14.872868130618777
25900,14.756554668819403
25901,14.75779638493063
25902,17.60444985179923
25903,15.540447390578397
25904,15.30118230442878
25905,15.61234375091722
25906,15.04059718489908
25907,14.632661602979779
25908,14.100887910670373
25909,15.71492692803286
25910,16.00758357905768
25911,16.61570953710652
25912,15.743377808226205
25913,16.03697419612109
25914,14.626138329957616
25915,15.087321546248885
25916,17.28710570399711
25917,14.903999939107488
25918,16.77170644882462
25919,15.005616683944748
25920,16.671614044502387
25921,16.35148153993319
25922,16.747630501369212
25923,15.889348041981577
25924,15.92428319530441
25925,14.559455739651742
25926,16.51978594743856
25927,15.982576607200835
25928,16.59505587924769
25929,17.512639227456837
25930,16.547010260456073
25931,15.236319863426349
25932,14.598979177874977
25933,15.817058016275867
25934,15.603487854713377
25935,16.9720274502514
25936,14.322043421757888
25937,14.497502768839919
25938,16.595122891629064
25939,15.75602834986265
25940,15.803077225295095
25941,14.841663535455229
25942,16.10451528417891
25943,15.08323718074673
25944,15.980740656634001
25945,15.531320906808322
25946,15.15721300044762
25947,16.759920005085398
25948,17.881492775697012
25949,14.81770503994498
25950,16.40444093457511
25951,14.408667947604311
25952,15.316745157363435
25953,16.701577597898876
25954,15.300219458625929
25955,15.280171238118609
25956,16.333649265988456
25957,15.248300257400551
25958,15.404631762072794
25959,14.561127856668024
25960,16.092825560247125
25961,15.61760027507869
25962,14.374877751943986
25963,16.579890629652915
25964,15.465795181211787
25965,14.46620994567912
25966,16.50771575985768
25967,17.20932929156735
25968,16.166453771650545
25969,16.085808266645763
25970,14.153071806989763
25971,14.912367123790261
25972,15.470106092648711
25973,15.691105266825536
25974,15.244110626499225
25975,17.145053526870004
25976,16.30266681516357
25977,15.934559860011072
25978,15.46551809315789
25979,16.531622899345955
25980,15.423476359732511
25981,15.939029365400957
25982,15.266486456739324
25983,13.8599045126864
25984,15.342412045369457
25985,16.782678535815567
25986,15.801222670406593
25987,14.9716282512711
25988,15.893384645436818
25989,16.864261279024692
25990,16.739989944952246
25991,14.948232201473216
25992,12.79011365146869
25993,16.24192665678516
25994,14.973689127967356
25995,15.383868612539723
25996,15.839020268727882
25997,16.200947941179415
25998,15.670977240447735
25999,15.308461716382217
26000,17.364857643732186
26001,15.820255931283032
26002,16.517320710062084
26003,14.875546662660133
26004,14.895572682656898
26005,15.397513356649972
26006,13.888396317863315
26007,15.853500891834953
26008,16.29838946764292
26009,15.928470556861432
26010,15.611456922630852
26011,14.69569549566907
26012,15.029702655279658
26013,17.588943784781407
26014,16.62663359373839
26015,15.57087261007103
26016,17.619180306376318
26017,14.721402028743885
26018,15.557961565132556
26019,17.31088552954139
26020,17.374523997927827
26021,16.667263021987196
26022,16.124913535100326
26023,15.653558267245044
26024,15.576194110590821
26025,17.121906161723853
26026,16.38563681295574
26027,16.620625514042707
26028,14.484335506287042
26029,16.992656019253396
26030,15.963349658281723
26031,16.394724789121657
26032,14.941648388644557
26033,16.390163565782
26034,15.085284024541117
26035,15.562119057034709
26036,17.112008533893512
26037,15.875711884500232
26038,15.960001212910354
26039,17.727395821516282
26040,15.350068076234837
26041,14.17958730282432
26042,14.860367531481526
26043,14.38393612485488
26044,16.05617014795117
26045,15.615514126249993
26046,16.657578561298674
26047,16.15452041615964
26048,14.979066164262445
26049,15.77033354327747
26050,16.330896048755058
26051,15.11495734449464
26052,16.0337745573652
26053,17.042259717239716
26054,17.103799924176165
26055,16.992618214928548
26056,15.861624270370514
26057,15.512090997140819
26058,16.845874512310196
26059,16.569668060521984
26060,15.51933025770395
26061,15.923367112851452
26062,15.81125354184763
26063,17.006802644895156
26064,13.98667371053853
26065,16.188810092242385
26066,15.362839477628789
26067,14.847832543688416
26068,16.348624550259764
26069,16.99220276895859
26070,18.65329451722171
26071,15.595399426332696
26072,15.910833733379903
26073,16.649516843879628
26074,16.61335263405735
26075,14.89839972133686
26076,15.574793838897829
26077,13.84282712912006
26078,15.120855173708684
26079,14.629256258051438
26080,14.15494267485064
26081,16.492712104095133
26082,16.571824079234936
26083,15.090108332460158
26084,15.986418049113269
26085,15.405739480868831
26086,15.100521616826052
26087,16.951837917370668
26088,15.257856100060447
26089,13.919972211908183
26090,16.26114972500085
26091,16.37013003025393
26092,14.914177984373474
26093,15.810474317265447
26094,16.155633655812117
26095,17.248545452841203
26096,14.954198307657746
26097,16.981706057261984
26098,16.505732344893964
26099,15.235155544321765
26100,15.431315610639631
26101,16.632105996944283
26102,16.27923442582748
26103,16.26827225452077
26104,15.436971023772802
26105,15.463630352183621
26106,14.246560468572387
26107,14.822479079734713
26108,14.3538806402855
26109,16.886118730114134
26110,16.147376323275363
26111,15.394681714428518
26112,16.45916865603309
26113,14.692320150644473
26114,16.294919861346116
26115,17.11602416502791
26116,14.887815268117164
26117,16.185444154605403
26118,16.524534989093695
26119,14.486858355175832
26120,15.37285632994479
26121,15.562852227040784
26122,16.386879787230704
26123,15.542280887530545
26124,15.018085990090446
26125,16.34860410887203
26126,14.405389276641163
26127,15.065309389941461
26128,14.391917952566885
26129,15.816125570581347
26130,16.234901613552253
26131,16.63218192967895
26132,15.662835258831892
26133,16.46250187175326
26134,15.554796265173605
26135,16.68605878044112
26136,15.186890890013379
26137,15.031588608505427
26138,16.033822663178643
26139,15.041034039528386
26140,16.83278551659031
26141,16.65863620980535
26142,15.642100393472733
26143,15.283106333636688
26144,16.183849265513974
26145,16.30052688380591
26146,15.8929328118775
26147,15.553417549791963
26148,14.436612114831107
26149,15.648034151533155
26150,16.018431027360602
26151,17.049265860305564
26152,15.04178162026155
26153,15.806271284676919
26154,16.717724944011245
26155,15.46978027840846
26156,15.289742861910042
26157,15.750659961325528
26158,15.426967389201211
26159,15.730893476782462
26160,16.96094832156628
26161,16.642681271424706
26162,14.886353480074266
26163,15.825818538977241
26164,16.563046365149912
26165,16.32461553342084
26166,15.490772501518622
26167,15.020924253259844
26168,14.652516470998266
26169,15.96222256941303
26170,15.685703625159647
26171,15.650469427671956
26172,17.569568614493836
26173,15.597936845847954
26174,15.179416227471183
26175,16.164267463812703
26176,15.25838341988377
26177,15.184139631083653
26178,15.553019024718001
26179,16.174963812517806
26180,16.352737170522133
26181,17.564470036355335
26182,15.478585659777288
26183,15.018847853672504
26184,15.795705103714315
26185,16.722461764658444
26186,15.508143844525987
26187,16.08265313849803
26188,15.767757056329499
26189,16.884425997484243
26190,16.349562973473557
26191,16.808333317315746
26192,15.313064659461626
26193,15.938935823426423
26194,16.5990502067465
26195,15.119232374187355
26196,15.210544473775297
26197,14.5054114396129
26198,16.575697907122287
26199,16.38228195445304
26200,15.341434221872543
26201,16.25808303603854
26202,16.625180763215983
26203,15.37223723921307
26204,15.671952774525039
26205,15.466836771806374
26206,13.595801030596396
26207,16.589991376539647
26208,15.735740138774132
26209,15.711515054071661
26210,15.651830451375716
26211,16.01961537316651
26212,14.913488466971145
26213,15.062980064060092
26214,15.059225514713356
26215,16.421919825128633
26216,15.594043624487368
26217,15.765083972722776
26218,15.718799070185206
26219,15.502647080809327
26220,15.006109906699901
26221,15.10125015575688
26222,16.705366958913157
26223,16.62302850641053
26224,16.98171254077832
26225,15.736914013602973
26226,15.253446830892923
26227,14.747645816241395
26228,16.304823531745793
26229,15.75206115299343
26230,14.194810741213447
26231,15.508001197290447
26232,15.270768186137305
26233,14.671621591441388
26234,14.724690358445862
26235,16.258781864958195
26236,16.39769458864368
26237,14.630337482180664
26238,15.188015091555517
26239,16.107490126615886
26240,17.01303419125306
26241,15.72481282324064
26242,16.498786024464724
26243,15.069786655994536
26244,16.05194739702378
26245,16.787679509458933
26246,16.08591279316534
26247,15.075343309915697
26248,16.302189149939796
26249,14.424661964121883
26250,16.815450120451167
26251,16.16965176321005
26252,14.672130022874985
26253,14.488639525159842
26254,17.151938339006914
26255,16.44150462142948
26256,16.326071193126094
26257,14.836281237514054
26258,16.378640194969467
26259,15.898432571491313
26260,15.20725462391683
26261,16.138932831892856
26262,17.076391104617787
26263,14.923919758361972
26264,16.44550355731881
26265,16.885109809841584
26266,14.994026563706319
26267,14.805633463194587
26268,14.645485984942045
26269,16.00882362109948
26270,14.84796589312424
26271,14.429293120193895
26272,16.878543178669894
26273,16.69728505452475
26274,16.501277298335545
26275,15.69664802601971
26276,15.30951558592103
26277,17.0095351568883
26278,15.366569185507243
26279,16.546427080015935
26280,16.078495780630526
26281,15.315629523532621
26282,15.889097804786372
26283,15.984530551372314
26284,15.991410178942854
26285,15.06246389840599
26286,14.51994923302716
26287,14.473360886469733
26288,17.12832693321586
26289,16.439053686807437
26290,15.623799088098592
26291,15.842538538825735
26292,15.510752119245963
26293,13.997830996231656
26294,16.504616087234133
26295,16.038992897963695
26296,14.02312331869082
26297,15.65919449889481
26298,15.086349691872712
26299,16.576002751874952
26300,15.881102468511068
26301,17.21920764361113
26302,16.807736418201962
26303,16.95052254645617
26304,15.979820278915065
26305,16.232793915895726
26306,15.306894061065039
26307,15.86464552741931
26308,16.267532213749192
26309,15.024845373975817
26310,17.201739574564243
26311,16.83590478917422
26312,15.629104128809058
26313,14.526240113403981
26314,16.49243460165685
26315,14.683916380281019
26316,14.367872423709102
26317,14.555667229818175
26318,15.530003133790807
26319,15.79850227252992
26320,16.006938035593333
26321,14.884992183956433
26322,16.87312794162057
26323,16.59243764265863
26324,13.784662997104203
26325,14.731705266614593
26326,15.763228473488562
26327,17.117070970385605
26328,16.62114537270817
26329,14.93559444175911
26330,16.2579171546954
26331,15.567002705598396
26332,15.966350417669409
26333,14.024436450414232
26334,14.698701818036623
26335,17.343857740510913
26336,16.401278377491398
26337,14.954253690452019
26338,15.707088268016728
26339,15.768320549893353
26340,16.013903234597663
26341,17.248196916051334
26342,14.214451658533257
26343,14.297359973546481
26344,15.279483696560922
26345,15.927846222277678
26346,15.739855117574205
26347,15.155903039767239
26348,16.32847360190373
26349,17.246041891188526
26350,16.18168919946746
26351,16.26134822704652
26352,15.194209417932642
26353,15.266816623310454
26354,16.26938468410949
26355,17.019373423219044
26356,15.15984969401718
26357,16.374430154657727
26358,15.114247385648078
26359,17.327446766896035
26360,15.9159472258017
26361,16.223617574810813
26362,14.823197323980102
26363,13.984365652662305
26364,14.552644854733002
26365,15.545472037118135
26366,15.065992072818169
26367,16.45606450157999
26368,17.11756024934762
26369,15.362691853332466
26370,16.82118157921937
26371,16.161675530828685
26372,15.689612651491595
26373,16.077543071182742
26374,15.561219448094985
26375,13.956063636413898
26376,15.92811226921981
26377,16.89192289018823
26378,15.48667986552229
26379,14.825338116509457
26380,15.641032962234018
26381,14.338594421247063
26382,15.689132763964437
26383,16.683679635852602
26384,16.4409430603428
26385,16.08618838062182
26386,16.34469912006642
26387,15.269920665843859
26388,14.916652174996317
26389,15.467791022575753
26390,14.80960569575514
26391,16.350626160960914
26392,15.57276215203833
26393,14.842059250942887
26394,16.339680332810964
26395,15.403574795617935
26396,15.291929401821395
26397,15.79669839632047
26398,16.248650620235704
26399,15.719668437306906
26400,14.84665985075972
26401,16.05555967018036
26402,14.310809081705699
26403,16.13129388160901
26404,16.667042302059997
26405,15.279867578598894
26406,16.619008660135076
26407,16.434857522365387
26408,14.80403475184338
26409,16.572303856985116
26410,16.38460539807908
26411,15.234922762758673
26412,14.598919555224555
26413,14.876345053815486
26414,15.842396340926976
26415,16.29654183401629
26416,17.004546238509054
26417,17.277778850335316
26418,15.46047434044305
26419,15.617021480298886
26420,17.901190588137514
26421,15.675385560190616
26422,17.15618984954306
26423,16.57442983041218
26424,17.063986534981034
26425,15.665030646798924
26426,14.640079754811511
26427,15.307420280761466
26428,16.4660971999111
26429,15.33199896510474
26430,14.415766672987061
26431,16.35912781508171
26432,14.973329047679934
26433,15.620533573093237
26434,16.876320691524644
26435,15.298994070120859
26436,16.559389321048627
26437,15.549501505539824
26438,16.111083262974258
26439,16.297638184858794
26440,16.203869064211858
26441,15.816480426492927
26442,17.015190366925257
26443,14.862464106653205
26444,13.129643551235894
26445,16.56599476181176
26446,16.290937544145255
26447,16.7196139020104
26448,15.505137633608733
26449,14.768544828463803
26450,16.655142793711722
26451,16.51523306532066
26452,14.970687879322805
26453,16.436086785622447
26454,16.29470590056376
26455,16.618962391421285
26456,15.859459001337854
26457,15.247264912161242
26458,17.20156223140354
26459,15.816081158186579
26460,16.24961080406575
26461,14.959940079803543
26462,17.27160113074104
26463,14.774652672158416
26464,15.231767517672715
26465,15.461473688363933
26466,15.757449327714104
26467,15.040292854524363
26468,15.133936264656763
26469,15.902769821550764
26470,14.400573590572229
26471,13.894264172630288
26472,15.954847115575593
26473,14.469034207318863
26474,16.243910810510396
26475,15.785863487833085
26476,16.858072085521375
26477,16.55400960767949
26478,17.112546822259645
26479,14.865183263854137
26480,17.68259813763874
26481,16.172118136919718
26482,16.780700493036445
26483,16.83668987417238
26484,14.111270125697347
26485,16.394890419712112
26486,15.400684433563447
26487,16.12381871279545
26488,15.337774339769368
26489,15.7669682597583
26490,16.392322010154192
26491,16.189011182143265
26492,16.663137924249362
26493,16.08678670638116
26494,15.70247474888967
26495,13.669939477676943
26496,14.209111567300134
26497,14.931614703104138
26498,15.256661041512245
26499,15.85780677341223
26500,14.752265070335383
26501,15.934824382120993
26502,15.771154688153567
26503,15.81952643755851
26504,16.13162445302659
26505,14.791399080671065
26506,15.753173085477933
26507,16.10556492745831
26508,15.000443526644213
26509,16.31627641465537
26510,16.586332893859478
26511,16.594403754926745
26512,16.591163157771206
26513,15.863447607049194
26514,16.662854228045628
26515,15.680321357639224
26516,15.270443892984833
26517,15.716280596657143
26518,15.48092663894409
26519,15.596078531815845
26520,14.87129011504058
26521,15.023672534503744
26522,15.971517195762166
26523,16.95750160770621
26524,15.84199791845429
26525,15.703158016924606
26526,15.22221501424324
26527,16.59664692698917
26528,14.730914664914785
26529,15.95568329708041
26530,14.535330343250479
26531,18.01856157901668
26532,17.188824146865738
26533,15.723548868718805
26534,15.849858835250393
26535,17.275068078794476
26536,15.81280217888581
26537,16.05151621627146
26538,13.909398255363358
26539,14.630683030934108
26540,15.116778761179315
26541,15.33508774511362
26542,14.120637003858247
26543,17.6193105843722
26544,14.633669814678706
26545,15.468508122747291
26546,17.019116886081736
26547,17.994923046557478
26548,16.25163645733316
26549,15.066829792239213
26550,15.968885530739687
26551,15.669545939109549
26552,16.10184477289666
26553,14.364427284206304
26554,15.900823942443626
26555,15.217952126337039
26556,14.124712255649566
26557,14.856462819427142
26558,17.014500081262703
26559,16.445521791837617
26560,14.425171014868974
26561,17.232995744261945
26562,16.121153976278336
26563,15.173916486744156
26564,15.013521093707096
26565,13.46422963086895
26566,16.183613453214182
26567,16.10950442538977
26568,17.509062793622174
26569,15.82377989654466
26570,15.550180932094513
26571,14.352986897373256
26572,16.631996589284743
26573,15.742679731252599
26574,14.665596161368576
26575,15.09076554959796
26576,15.824276586527944
26577,15.373105422723757
26578,16.482597830564995
26579,15.596929719136664
26580,15.821885217131667
26581,16.152387845929574
26582,15.203176440346462
26583,15.278771949357061
26584,13.585000203833125
26585,16.50805705729662
26586,15.199428468106637
26587,15.371169053618758
26588,15.277109531212043
26589,14.590348925375359
26590,16.504424173425722
26591,15.943821722186316
26592,16.855490331574956
26593,14.70816354750377
26594,15.389839049093734
26595,14.282468647435735
26596,15.849107449694255
26597,16.832551445611006
26598,16.159185779773168
26599,15.25309396014363
26600,17.29456952101775
26601,14.489063287512959
26602,15.060557188490078
26603,16.40184173550876
26604,15.972904637707705
26605,15.04721463265884
26606,15.261435227313662
26607,15.385290298712167
26608,15.582891822824074
26609,14.909355080448549
26610,14.17630821073409
26611,15.52933408906748
26612,15.014605165486808
26613,16.08355327754978
26614,14.92803891262979
26615,16.411250603867384
26616,15.077157142126111
26617,16.77040204177443
26618,15.689145689680585
26619,15.487620706179781
26620,15.991556715413775
26621,15.992231433016299
26622,16.186286250332365
26623,15.717704614580018
26624,14.503713061561475
26625,16.91826932946377
26626,16.16820674930373
26627,15.491582794276018
26628,16.462365350519324
26629,15.476131691729329
26630,16.511897736175424
26631,15.893790107981536
26632,15.524333983644285
26633,15.59101636231778
26634,15.820528532672018
26635,15.357334584636616
26636,15.932120427166652
26637,15.503722941161513
26638,16.23735953023272
26639,14.414173239813563
26640,16.98279171177065
26641,16.573969071640484
26642,15.565367835008068
26643,15.290152735565066
26644,16.095672309722303
26645,15.584843138548896
26646,16.56266865172574
26647,15.980436947223746
26648,14.727997386840146
26649,16.271220305475058
26650,15.945495444893528
26651,16.80173453256337
26652,15.27175532045102
26653,15.30641138431861
26654,16.706674171269498
26655,15.807786417150782
26656,14.921189032754365
26657,15.243811499995045
26658,15.33866696671341
26659,16.1897258344826
26660,15.342473000308003
26661,15.242058921929091
26662,15.078144636301046
26663,15.336731040802714
26664,16.45430994966673
26665,16.628243821989244
26666,14.847558610072488
26667,15.147921459875775
26668,14.685213241291521
26669,14.178625477716608
26670,15.152982603631177
26671,15.08005553505877
26672,16.39130212602431
26673,16.165978869977177
26674,15.304736530073573
26675,15.380073818550047
26676,14.960797937459077
26677,16.728026358406915
26678,15.819048589970567
26679,16.378984905591693
26680,15.415374762634581
26681,17.191868334752616
26682,16.48031513818576
26683,15.067426201246533
26684,15.43686786422567
26685,16.208080005285353
26686,15.26530404246744
26687,15.848306756901778
26688,17.585356751973507
26689,16.967979604775067
26690,17.281338688897677
26691,15.939098453028512
26692,15.78848441314782
26693,15.898472886003734
26694,16.381806005733587
26695,14.992474009399372
26696,16.80740384934142
26697,14.838696113035141
26698,15.380277217748347
26699,16.323882365021692
26700,17.04203177468949
26701,15.798446395245943
26702,14.054198315194208
26703,15.031944901479788
26704,15.982782339275241
26705,16.44552209886575
26706,15.99606877095495
26707,16.8086818047961
26708,15.700986758106822
26709,16.797822488290734
26710,15.306371207657106
26711,16.95850460474977
26712,17.326506271648604
26713,16.213921924938848
26714,13.742007355020474
26715,14.847015494342124
26716,15.192562359039128
26717,16.268213678339038
26718,15.801636106203924
26719,15.690921108390786
26720,17.15985822245492
26721,15.823804996052594
26722,16.554239244128137
26723,16.562457708687724
26724,17.221928846429737
26725,15.385395364404113
26726,15.297294583327051
26727,16.021020086653078
26728,14.910993660535592
26729,16.360589723425655
26730,16.31595003665649
26731,16.47969889424888
26732,15.427596301467563
26733,15.731189376201877
26734,15.472036438802254
26735,15.14770840645868
26736,15.570223434375206
26737,14.82558928842708
26738,15.650425954217244
26739,15.441911444683493
26740,16.00597734663462
26741,14.898346783238255
26742,14.858858824593952
26743,15.414148777653397
26744,15.60292896283586
26745,13.889300278260283
26746,14.97211740357552
26747,15.382772460113145
26748,13.972477210096136
26749,15.456455054172856
26750,16.178448124561903
26751,15.258496877391037
26752,15.09284684792016
26753,17.236880798395536
26754,15.224854275847559
26755,14.614469878843765
26756,14.928815293883343
26757,16.23029913760308
26758,16.02372905844194
26759,16.585639275066423
26760,15.705117581656832
26761,15.218655963766047
26762,14.16881821792783
26763,14.853514455317592
26764,14.679837801320643
26765,15.1697898255724
26766,14.151614720491125
26767,17.30531778639555
26768,16.19258813423773
26769,16.671983387381392
26770,14.279991296686129
26771,14.796946200575496
26772,15.614876729228078
26773,16.334479856604535
26774,15.385161551987
26775,14.88647226843032
26776,15.933427222731401
26777,15.211369867232632
26778,14.897709638190102
26779,13.986760508075378
26780,15.147784373889575
26781,14.804474457312867
26782,15.876435669484747
26783,14.315887650901328
26784,15.448849136707594
26785,15.99356626318685
26786,14.78700678049875
26787,13.912295634905549
26788,15.59042830859107
26789,15.534571914658223
26790,14.748621688688756
26791,15.613255491493346
26792,17.030535060694195
26793,15.01978842194932
26794,15.719219987107687
26795,17.433939708211618
26796,16.546695286634964
26797,13.743147718860051
26798,15.635514797538606
26799,16.50407974859781
26800,15.022258132267291
26801,15.450203281792575
26802,17.524718504433036
26803,15.784325955050914
26804,15.568051107435425
26805,15.729017763170068
26806,16.21346870435774
26807,15.954864180930802
26808,15.188525687166733
26809,15.498874363744715
26810,14.593662368111028
26811,15.851344924905604
26812,17.331723206268453
26813,16.62260041264462
26814,15.946816793203926
26815,15.167875753977654
26816,15.305660304493522
26817,15.476612495621058
26818,16.01881739586703
26819,16.42906391535737
26820,15.48600204126747
26821,14.704200226645352
26822,16.182365298593545
26823,15.019472907677944
26824,16.143190584754752
26825,16.929222250439214
26826,15.443096384681605
26827,15.902605613490365
26828,15.396241802384923
26829,15.343539195009418
26830,16.519677219040314
26831,13.885165367876573
26832,17.222830195900784
26833,15.240101563376326
26834,14.828789559754824
26835,15.899672410230954
26836,14.141039327815824
26837,15.616479902586738
26838,13.79262787614678
26839,15.757754108713563
26840,14.419833257643461
26841,14.400990254194934
26842,14.666896191070304
26843,15.588879460987792
26844,16.514937709302178
26845,16.658514109197345
26846,14.276069885149829
26847,14.276370480352552
26848,15.756712630739992
26849,15.925209701744725
26850,15.086837713761096
26851,15.297238134476066
26852,15.47381612803935
26853,15.317760885929102
26854,15.79944045036713
26855,15.185817122674427
26856,15.624037192825922
26857,14.01575518056328
26858,15.550141793349642
26859,16.837377753313188
26860,16.874461853925386
26861,15.631077335016247
26862,16.476707981112398
26863,17.86239394737552
26864,17.006117437627363
26865,15.531210983900294
26866,15.209323332531731
26867,15.183252074689742
26868,15.959373046408881
26869,14.132215927294336
26870,15.969989185735642
26871,16.661810211034936
26872,13.692561269680715
26873,15.928331064120597
26874,16.370334326113177
26875,16.160954566084907
26876,15.27936358725976
26877,16.311806891653
26878,16.057757661573092
26879,16.020149559259167
26880,16.619000536757312
26881,15.493754242103465
26882,14.497395009978797
26883,14.892141049233182
26884,16.366626210290555
26885,16.379448039570615
26886,18.355056013974796
26887,16.88074475798629
26888,15.372323908944797
26889,16.063715614854573
26890,15.947085775224766
26891,15.613856261536668
26892,15.851629572612207
26893,15.467666645537282
26894,15.155568170818725
26895,14.63021954248204
26896,15.9721794348015
26897,15.584024906439469
26898,16.17666247505677
26899,15.41588611770101
26900,16.519218199344074
26901,15.376417664443945
26902,14.923539117210252
26903,16.126721261280075
26904,15.602018645463232
26905,16.096583791190824
26906,15.244527325420389
26907,14.752892551048378
26908,16.42181330546327
26909,16.804685487634007
26910,16.390025015040063
26911,16.582690196284076
26912,16.46590593448749
26913,15.739841762729439
26914,14.960467952965779
26915,16.112882869624464
26916,16.799739504356957
26917,15.423751725808307
26918,15.826660464549061
26919,16.49222346189576
26920,17.12771008088055
26921,15.284299342070996
26922,15.715874710071915
26923,15.72353332851565
26924,16.30529304378883
26925,15.152126897776606
26926,17.042877654822046
26927,15.417081111945768
26928,15.296214773064941
26929,16.5088658057298
26930,16.055503678954654
26931,14.912050517258361
26932,15.798808849863885
26933,16.598010285470547
26934,15.082196581492097
26935,15.639491039762776
26936,15.308885529871423
26937,16.537552502296844
26938,17.207081873764764
26939,15.853200197185362
26940,15.414977366721198
26941,13.628165670190619
26942,15.72266847116865
26943,15.777785692511394
26944,15.670945784698118
26945,15.576390459688852
26946,15.128151856137327
26947,16.596272275015217
26948,16.376259041189307
26949,14.182823914177877
26950,16.30242942801329
26951,16.411481915051915
26952,15.051624987088463
26953,15.111447203093904
26954,14.425003896501162
26955,16.31896863975025
26956,15.83359608780206
26957,14.777925384427748
26958,15.127138576518533
26959,15.541161822312802
26960,14.770782254024326
26961,17.433953068854148
26962,17.30145097756152
26963,16.793812401279574
26964,16.100220606665538
26965,14.687661079402528
26966,16.17157512836432
26967,16.0606079389419
26968,15.558631742896138
26969,15.999145443416529
26970,15.891122207780393
26971,15.791323521691126
26972,16.717482673553455
26973,16.445344770344875
26974,15.787519654639047
26975,16.634437689145877
26976,14.823706695774261
26977,16.6944117531742
26978,16.14298478837051
26979,16.193909014771585
26980,15.648998766199666
26981,17.6341289617206
26982,14.591254348848858
26983,16.803538062490585
26984,15.922218726183754
26985,15.422626277657821
26986,16.248069394605224
26987,15.469346094890467
26988,16.327269628661746
26989,16.5472680346351
26990,16.406072666562018
26991,14.840042888848997
26992,13.925022515865479
26993,14.22469506194635
26994,16.05089084305222
26995,14.59551954203801
26996,16.499725235806633
26997,15.619801252369808
26998,14.162672120583693
26999,17.45293632700138
27000,16.810409857002625
27001,14.389369854881032
27002,14.44812271170301
27003,16.40625720815707
27004,14.913823533967776
27005,14.848680615209455
27006,15.145584231699075
27007,15.589271381986707
27008,14.025591423106805
27009,16.91866698688852
27010,15.340166744060719
27011,16.544517633869262
27012,14.679368479162255
27013,14.347204924723066
27014,16.131569259249257
27015,14.561949186083316
27016,15.275899020057212
27017,16.094329963773333
27018,16.509065495298387
27019,16.1732108737591
27020,15.915162842319706
27021,16.210227371858345
27022,15.554040908760708
27023,15.863379651558395
27024,15.118627457579496
27025,15.880923380963107
27026,16.36121240307998
27027,15.200344544444274
27028,15.863324649611757
27029,16.053382236927153
27030,15.911837091440784
27031,15.734049951186114
27032,16.177826505468484
27033,15.561866351108012
27034,15.517279791055135
27035,15.305747128649074
27036,15.85775145681367
27037,14.738105755431034
27038,16.555103458820366
27039,15.169337416459816
27040,15.350655135990417
27041,15.408973126019758
27042,16.034730589227088
27043,16.34245857568358
27044,16.289593147749386
27045,14.309053692466438
27046,15.27176205996198
27047,16.75360099576622
27048,14.602613131371218
27049,17.37906705667649
27050,15.93850785334834
27051,15.179844369627563
27052,14.951027450389821
27053,14.910158512917603
27054,14.611714320080342
27055,16.24421566969477
27056,15.47068961349822
27057,14.768458433068258
27058,15.969462897201906
27059,16.318776890544665
27060,14.921578017465455
27061,16.28141587907327
27062,16.22373462375469
27063,15.882813779729833
27064,16.230902370691204
27065,14.641175329965519
27066,15.89860381792413
27067,15.923590148314169
27068,15.50878498568434
27069,14.403948721221468
27070,15.135527155612644
27071,16.741148161911
27072,15.47756451352707
27073,15.499058966576033
27074,17.27428538789841
27075,16.017251055195086
27076,14.694689411019306
27077,15.587534097329696
27078,14.77177844312702
27079,16.354348830071043
27080,14.257534799272774
27081,16.330843177628026
27082,16.15896420000841
27083,15.172620448470518
27084,15.2719213034907
27085,15.762888818893154
27086,15.929453715286826
27087,16.60984230336742
27088,16.466138610749233
27089,15.631831566235475
27090,15.614536435309398
27091,15.848117253486267
27092,16.25274731903813
27093,15.943440018367875
27094,16.475903858862885
27095,16.537057083735817
27096,16.10761963850275
27097,16.05910473216129
27098,16.05042029650538
27099,16.2235314235822
27100,15.329409637621678
27101,16.175131984787278
27102,16.60845844007814
27103,13.89556681345696
27104,15.24366240102527
27105,15.399934170576936
27106,15.625302831387915
27107,16.766426423808866
27108,17.06057056813027
27109,16.266607220992565
27110,15.319905305750522
27111,14.618397295276473
27112,15.203788143106918
27113,15.666823380605425
27114,15.60945109034559
27115,15.371649896040813
27116,15.985946018099053
27117,16.125880022549392
27118,15.834767665997983
27119,14.944391647762801
27120,17.0336477658744
27121,15.52105945660212
27122,15.995352349302713
27123,14.655112387349272
27124,15.311434327089327
27125,15.183293739963405
27126,16.226806167576175
27127,14.866586547196285
27128,14.831643418933684
27129,16.652637635227777
27130,15.336473019721048
27131,15.05582402571786
27132,17.407049464919123
27133,16.479016145227245
27134,15.379303782345314
27135,16.087661355169708
27136,14.983360513594105
27137,15.90014651472187
27138,15.691805222011185
27139,16.072380716350075
27140,15.616669304518242
27141,16.619695180149762
27142,15.617399091376663
27143,16.28063823648221
27144,14.361451186921341
27145,16.073908731142424
27146,15.891675738702581
27147,15.138584727921113
27148,16.324520963002648
27149,16.80793465539542
27150,16.356977389130336
27151,16.33105778260326
27152,15.43820108476149
27153,15.22046976523446
27154,17.04241354427481
27155,16.917988600972755
27156,14.89314545442091
27157,16.44515248896404
27158,16.808203364371963
27159,15.704729670584024
27160,16.24366730764995
27161,15.661039653728917
27162,15.529441653293953
27163,15.734052400949409
27164,15.780474899385394
27165,15.851217989962532
27166,15.131509407371656
27167,15.37033583818393
27168,15.55106177520282
27169,15.47605935502896
27170,15.86731553718866
27171,16.217298253723737
27172,14.408285237926572
27173,14.72765928709066
27174,15.655430119619103
27175,17.27470519439261
27176,15.650516688018712
27177,16.90633759791349
27178,13.865485074049612
27179,16.00474281421467
27180,15.205166098572986
27181,14.252385886524603
27182,15.362539622219927
27183,14.06000511119606
27184,15.36685736458947
27185,17.07444399203014
27186,16.489682594983027
27187,16.068142651525875
27188,15.427346879543412
27189,17.022530435611987
27190,16.42285120120697
27191,14.95923205510736
27192,17.21927624975426
27193,14.689501274036111
27194,15.174288658825331
27195,15.09348708378603
27196,15.20558540315733
27197,15.174274314804435
27198,16.688442006493013
27199,16.484392650351218
27200,15.720499618121794
27201,14.937687485606077
27202,15.325491201360137
27203,16.10394136809953
27204,16.107756434732394
27205,16.113986403414074
27206,16.046865869564634
27207,15.874047536800303
27208,15.78906926030968
27209,15.134258083793725
27210,16.189181436564592
27211,16.586174940323453
27212,15.772854397506094
27213,15.598343427402177
27214,15.13617909419288
27215,15.673160847775124
27216,16.208257369743777
27217,15.373927640237595
27218,17.04041813515493
27219,18.034111942223085
27220,16.1602992465038
27221,15.392258179965822
27222,16.456711086874225
27223,16.287177391932875
27224,17.35800544741278
27225,16.037539385581972
27226,17.105539773918476
27227,16.67834306361762
27228,15.73737782122517
27229,15.58772122052591
27230,17.27223394040463
27231,15.48876179670789
27232,16.77314563757853
27233,15.848013192491132
27234,16.15887910466407
27235,14.791953321168291
27236,16.327930375657093
27237,15.72226883373837
27238,15.30285480522758
27239,16.494620365586577
27240,15.56198065534111
27241,16.10114111090354
27242,15.176551073244424
27243,15.259181107890301
27244,17.065045828947717
27245,16.999825137113014
27246,15.612914472943073
27247,16.53724007044181
27248,16.7225826582682
27249,15.186008178777138
27250,15.931667713233715
27251,15.774759928775792
27252,15.278202979613262
27253,15.798933856517555
27254,14.809868790376964
27255,15.493962613479143
27256,14.423425452711193
27257,15.330808586289088
27258,15.91153368149398
27259,15.169225620700171
27260,16.561912729835043
27261,16.01680835668163
27262,15.841398346608253
27263,16.88390698453682
27264,15.349109938179625
27265,16.13733353433438
27266,14.55086157168114
27267,14.50780534216257
27268,16.34698654850498
27269,15.651935200401729
27270,16.412764100961592
27271,17.52250169191303
27272,17.355898687115157
27273,15.570267885751527
27274,15.025560610277713
27275,15.232530073074873
27276,15.464600907840614
27277,16.403503039579654
27278,15.637124229106929
27279,16.3091158333046
27280,16.36198517734227
27281,14.90296682111212
27282,16.198217851863085
27283,15.548294749983217
27284,15.78185572703202
27285,14.1483274952059
27286,15.847280217339641
27287,14.546671073233046
27288,13.726685397281022
27289,14.959051904974599
27290,16.526295706282703
27291,15.4058186582493
27292,15.959955793818995
27293,14.909001704941263
27294,16.677426266275983
27295,16.28923125185462
27296,15.67510659429993
27297,15.582398610466784
27298,14.997433871931626
27299,14.717428178748893
27300,16.56162521518577
27301,15.37972602525765
27302,17.150594366127127
27303,17.36577399357537
27304,15.677952160427727
27305,16.21222045450883
27306,15.603634197456941
27307,14.431625942306962
27308,15.200150231222137
27309,16.421663399164494
27310,16.245775420302436
27311,16.433277840420295
27312,15.647470239879736
27313,15.251693331443667
27314,16.46225694927922
27315,15.855815941049709
27316,16.148172147805283
27317,15.876084110759132
27318,15.866682939906088
27319,14.715364635015677
27320,16.232594527453337
27321,15.927795589450731
27322,14.093620749492253
27323,15.18818289369496
27324,14.949230804027135
27325,16.216489900392233
27326,15.392834173187367
27327,15.34821911005151
27328,15.755593987947584
27329,15.89055603224744
27330,15.241453399446929
27331,15.715180526166442
27332,15.702469475512318
27333,16.682807173463726
27334,14.890184309328687
27335,15.216128255310236
27336,14.939615347239284
27337,15.360643027703599
27338,15.564675939606015
27339,16.08796810304165
27340,16.163761179562826
27341,14.64689639010105
27342,16.459450012154182
27343,13.905360603209818
27344,17.14343509832634
27345,14.980062985526324
27346,16.157026722848304
27347,16.38602179321292
27348,16.22145315288349
27349,14.607772166360203
27350,17.361135939325436
27351,15.121789253127028
27352,16.652884778470536
27353,13.42055015982669
27354,15.742542832023142
27355,14.96756904456852
27356,16.505134478075277
27357,16.70723405251037
27358,15.722866945043426
27359,16.081938303864625
27360,15.444951126154162
27361,14.592424036936878
27362,16.05360772653575
27363,15.159605018855885
27364,16.59144288450187
27365,15.026866973196254
27366,16.183642867796284
27367,14.752419114289864
27368,14.912369481867646
27369,15.36949405179059
27370,15.431767973760648
27371,15.844228774332572
27372,15.473878463668822
27373,16.502352131636535
27374,14.715402389041124
27375,15.93003261636556
27376,14.879068622021359
27377,15.892583769461165
27378,16.536786089172054
27379,16.7755782586748
27380,15.992308288386626
27381,15.957121214650053
27382,15.129336694594983
27383,15.933508705598687
27384,16.40522066994706
27385,15.003936584640972
27386,15.62474170956003
27387,13.749726954586174
27388,15.707767058480663
27389,17.00822517594024
27390,15.134702153671727
27391,15.234847750515687
27392,15.822352571069183
27393,16.693209085053514
27394,15.417380498391923
27395,14.150127964709288
27396,14.604210540299569
27397,16.482261887466706
27398,15.562603006355191
27399,17.61270718305448
27400,15.862342375525186
27401,15.120697656011673
27402,15.889511277451264
27403,14.798129752400794
27404,16.328328579184426
27405,15.902243781282248
27406,16.215825582887906
27407,15.869204534898465
27408,15.42398925648587
27409,17.16394114796877
27410,15.513472532714196
27411,17.024506107270366
27412,14.773473168693846
27413,16.067911095106275
27414,15.596488758498866
27415,17.3607339081088
27416,14.671113523251716
27417,16.19476030583672
27418,15.54152526607386
27419,16.35284309525245
27420,15.59349371327723
27421,16.208834566520842
27422,16.369790199714952
27423,14.551180966309401
27424,15.663568306426509
27425,16.454169783441365
27426,14.454691525188496
27427,15.688402243756697
27428,14.645228892604136
27429,15.805856297531726
27430,16.241702307818652
27431,15.151052942575005
27432,16.232385815044122
27433,15.794742499642048
27434,15.367387287972532
27435,15.14807522481668
27436,17.484017688669027
27437,14.461977171191778
27438,15.816775216447322
27439,15.663239402405994
27440,15.89377199832846
27441,15.679652513730636
27442,15.143896874840756
27443,15.262381651325786
27444,16.85134042555319
27445,15.996237673195642
27446,14.479495226900697
27447,15.915784938086995
27448,16.043981503305496
27449,16.74956497216885
27450,14.794726300989302
27451,16.00025509038083
27452,16.580374048841097
27453,15.968123129258514
27454,16.329584907052798
27455,15.008754841494493
27456,14.503589283767889
27457,16.610358567721207
27458,14.840842693427298
27459,14.645912326081739
27460,14.859602761696546
27461,14.595804412809946
27462,17.446378052332268
27463,15.347135573812348
27464,16.859597909277937
27465,14.938694341350367
27466,16.515392527922987
27467,14.080849422159176
27468,16.407710396389238
27469,16.079721340588186
27470,16.46196671071886
27471,15.530095560368974
27472,15.570001198086361
27473,16.890171052463465
27474,15.48137089774399
27475,15.450925303275984
27476,14.91425506901469
27477,16.564628059557045
27478,15.622281600367408
27479,15.970600723048346
27480,16.262708070218125
27481,15.278151062200106
27482,13.946765033019288
27483,16.032384725081094
27484,15.27016610556265
27485,15.220170826154913
27486,14.72133893628553
27487,15.524958863529694
27488,15.085997760084991
27489,15.339813540976435
27490,16.45264705041729
27491,15.588026277980482
27492,15.768164996325874
27493,15.552328028097593
27494,15.751894959951333
27495,15.910304236821693
27496,14.397513853221861
27497,15.987433021935912
27498,16.170339104059284
27499,16.13558542893516
27500,16.158010451312943
27501,14.526272386089303
27502,16.092614318410384
27503,16.099051724082965
27504,16.373893676857413
27505,16.022919246271368
27506,15.642759542456705
27507,14.530406359651472
27508,15.70026807917291
27509,16.79636873955333
27510,15.216903466799844
27511,15.783718985947653
27512,16.391922300605643
27513,15.868510439120303
27514,16.58642306083224
27515,17.29312910046377
27516,15.795664448132344
27517,14.700582068413846
27518,15.312936824405826
27519,14.961268334193397
27520,16.333885512426026
27521,15.72169476420637
27522,16.01849076600314
27523,16.568635706826253
27524,16.963180381645117
27525,15.31314600209262
27526,15.437498957753798
27527,15.617618909929586
27528,16.01947701210871
27529,16.01466165489248
27530,15.996734484996814
27531,15.773778525510842
27532,14.319905390375853
27533,14.913754024735907
27534,16.721730719063448
27535,16.125986552180944
27536,14.574533835439373
27537,15.71328291418858
27538,15.884107947777416
27539,15.429870649098609
27540,14.913072145312627
27541,15.821219382645447
27542,14.528511752637817
27543,17.131897788969468
27544,13.547301147436217
27545,16.767498335338733
27546,16.89060618926988
27547,16.32216215922306
27548,16.35005653032627
27549,15.301558807019454
27550,15.595056352319887
27551,15.572959410011693
27552,14.77325005785915
27553,15.88022456376029
27554,15.02866835927939
27555,15.498388332736988
27556,16.409380768087907
27557,15.298299606707316
27558,15.665765825090324
27559,14.816228687935808
27560,16.685047299346948
27561,17.56818721272183
27562,16.426251367954666
27563,15.042735093108305
27564,15.870083144837045
27565,15.725614478616805
27566,15.004205206512891
27567,16.467554423413127
27568,15.601053930807325
27569,15.96154600611812
27570,15.165223801618826
27571,16.16008880750627
27572,13.673450012736438
27573,16.0758411595223
27574,16.010827607128043
27575,15.540446265836835
27576,15.123031656599908
27577,14.271006742101754
27578,16.094333735583398
27579,15.311825307836598
27580,16.005630666912168
27581,15.042897272451421
27582,15.666350702958859
27583,15.828480930709185
27584,15.940090542412173
27585,16.34879817128522
27586,16.62572195654069
27587,16.949532008089733
27588,15.952782237659203
27589,14.972399967974138
27590,17.19373553015169
27591,15.930334805997756
27592,15.96294585611361
27593,14.439623314209223
27594,15.876271389831654
27595,15.581062622576827
27596,16.297698340660155
27597,15.308204827026815
27598,16.021919912124552
27599,15.208238752104137
27600,16.173190092277004
27601,14.143005644890803
27602,15.953276092318186
27603,15.729388517143818
27604,16.1903868458627
27605,16.16180101160666
27606,16.43532037568096
27607,15.794000363856854
27608,16.025051570148243
27609,15.269645041515178
27610,16.282854084702237
27611,16.601792960904348
27612,15.56183068221814
27613,15.53343917094279
27614,16.11153876128888
27615,15.298203680938613
27616,15.212322853700746
27617,15.72077515007721
27618,14.71536614385839
27619,16.447563953115235
27620,16.42169173934845
27621,16.509511707130414
27622,16.042125909115242
27623,16.99749439743327
27624,15.602058223403933
27625,16.112013424470998
27626,14.545578067726327
27627,16.269595459620863
27628,15.04064515975479
27629,15.058736854883248
27630,14.4342327462956
27631,16.483754088990125
27632,16.050486931917106
27633,14.822839596308388
27634,16.615818610630686
27635,13.997172686341772
27636,15.208975615041894
27637,15.536032668729577
27638,16.012005863288152
27639,16.993665180221402
27640,14.977125589874678
27641,14.818223068980684
27642,16.895668284124206
27643,15.057321246477063
27644,17.079272213806764
27645,15.011181234662216
27646,16.17620558899854
27647,14.91389012107488
27648,15.060057529496943
27649,14.594066848723964
27650,14.767074358245491
27651,15.300965061186682
27652,15.113833295443477
27653,15.952789229035206
27654,15.702218342113673
27655,15.760767427801278
27656,14.932306654177575
27657,16.15005689812576
27658,16.24474254688076
27659,14.953626093967447
27660,16.312658483263487
27661,16.682563255857424
27662,15.812611187909978
27663,15.420922698719298
27664,16.401500096373166
27665,16.25905752033174
27666,17.485318074936036
27667,16.88117023762501
27668,15.782814302495595
27669,15.503751319476592
27670,17.0378358949509
27671,14.330171294086831
27672,16.101455995874097
27673,15.087057825978746
27674,15.717954714170292
27675,15.740271341036244
27676,15.864728192828652
27677,16.170363629440978
27678,16.681555599453883
27679,14.91966206831536
27680,16.573563701163263
27681,16.4785494856729
27682,14.826093389654394
27683,17.211378028208962
27684,16.01129513846367
27685,13.779891570498323
27686,15.734658296048975
27687,14.10154386788566
27688,15.978345208736702
27689,15.8280339060309
27690,17.377400242097394
27691,16.72912516714088
27692,14.976922371082717
27693,15.640067300398874
27694,16.495269890430887
27695,13.822791533234213
27696,15.672237034494747
27697,15.877163994827551
27698,15.621353773465755
27699,15.95624269075207
27700,15.040350039764043
27701,15.192002014496985
27702,16.368940590541666
27703,16.588088860034627
27704,15.399005529976732
27705,13.549751805859287
27706,15.874910660427604
27707,13.912690012897425
27708,16.512030200160712
27709,14.28376230663213
27710,14.805834566829043
27711,16.45563020275945
27712,15.075848779802318
27713,14.929553949754363
27714,15.06317144171106
27715,16.555880700098637
27716,15.75039989585182
27717,16.78904452650062
27718,15.17777389821629
27719,15.111938641456783
27720,15.884858238570082
27721,15.684654762724522
27722,16.82975818604186
27723,14.969365281238572
27724,16.247745060126185
27725,15.291892694737736
27726,16.487176921902922
27727,15.919391064982081
27728,15.119682663497462
27729,14.68861030001404
27730,16.183531129143088
27731,16.511700447616228
27732,16.478868687934266
27733,16.352941634938105
27734,16.63671069119546
27735,16.252397561590357
27736,14.47790274035862
27737,16.663392714375668
27738,16.80692132413605
27739,16.936110383088323
27740,15.425600900133752
27741,15.949514904543365
27742,15.072567078886628
27743,16.244339456486134
27744,15.612434685040137
27745,14.01722708041802
27746,15.611440863055503
27747,16.006534771062313
27748,18.050178643652742
27749,15.2558497277846
27750,17.002361679179057
27751,15.08768451697849
27752,14.731709191560036
27753,15.589086378027975
27754,17.42107140283279
27755,16.205906216718674
27756,16.04012175088533
27757,16.566424027832667
27758,15.570154977979819
27759,15.679851645958758
27760,15.975727720604887
27761,15.242782234089606
27762,15.978328273430014
27763,15.399058442450189
27764,15.229536060007614
27765,15.762437440768919
27766,16.68238005609342
27767,16.127123990170137
27768,15.099514908323847
27769,15.93792135281242
27770,15.982730141609707
27771,14.570139011456028
27772,15.756240470436847
27773,17.630292190238713
27774,17.128562769375584
27775,16.143897794314253
27776,16.682784745999996
27777,16.427782600559052
27778,14.33799598651196
27779,16.619567247179305
27780,14.612318183837445
27781,15.728069553138834
27782,15.309752699944962
27783,15.857136330001273
27784,15.3042976752171
27785,16.29529983872232
27786,14.46466572875368
27787,16.43481787926565
27788,16.03940620070901
27789,15.632091575703692
27790,15.301807993786426
27791,15.418936717746055
27792,15.546824141312205
27793,16.113174033908603
27794,16.21208800557644
27795,17.538927767148994
27796,14.914585355157849
27797,15.031434764941077
27798,15.641561611412161
27799,15.603951070972135
27800,16.06197214484009
27801,16.36701741556565
27802,15.91547939424824
27803,16.913571188396155
27804,16.00856845114731
27805,15.362820750583477
27806,15.234536961069594
27807,16.434025235898464
27808,16.563846435594265
27809,15.656191766100104
27810,15.205676855808028
27811,15.573972690889178
27812,15.553653106753657
27813,15.410887721351468
27814,15.726094745456336
27815,13.804078461140602
27816,17.361627947191966
27817,14.903664055809266
27818,15.830452411332598
27819,16.637841443411794
27820,16.098651878493246
27821,15.211869935008242
27822,17.137567216581747
27823,14.274094510774493
27824,14.931915344577762
27825,16.670835212212893
27826,16.768347377502753
27827,15.909513502620793
27828,16.133302596905914
27829,16.605119751530562
27830,14.636395394240349
27831,16.67204221515549
27832,16.700246582505077
27833,15.39050355544899
27834,16.547300142711904
27835,14.110665406133547
27836,15.2220025623326
27837,16.046506243113086
27838,15.207832089508022
27839,14.098773537779495
27840,15.963428000995522
27841,15.331352581329106
27842,15.481943416173253
27843,16.570633983706685
27844,15.721256024381859
27845,15.51584874317385
27846,15.089934046029372
27847,16.382597470092065
27848,14.040035560353406
27849,15.651707808894965
27850,14.986576038967222
27851,15.726484505934662
27852,15.86122277509955
27853,15.72214524903534
27854,17.013176761414645
27855,15.864616615302442
27856,16.620904185679077
27857,14.369840280056946
27858,15.032700642992342
27859,15.753443700528058
27860,16.484574108699572
27861,16.130017970504074
27862,15.778529600679613
27863,14.85132052228302
27864,15.33059757534205
27865,13.901923596148894
27866,15.430040329926868
27867,16.95932418953927
27868,15.384254027545644
27869,13.052269194579903
27870,14.801839757007066
27871,15.082197424994128
27872,15.099081233113129
27873,14.871442396975986
27874,15.99110349509576
27875,15.681161010976085
27876,15.30651865766273
27877,14.754055613985521
27878,15.538900904184617
27879,17.22566635704752
27880,14.343387755121517
27881,15.643408014794971
27882,16.012232733434352
27883,14.723128579617486
27884,15.345871097365432
27885,14.033590084557115
27886,14.785150619592589
27887,16.229234013568146
27888,16.507471235369056
27889,16.176488823672308
27890,15.277083531807927
27891,15.922412986717978
27892,15.971471922781122
27893,16.037601918756447
27894,14.967759324204488
27895,15.663012197015533
27896,13.917416109207055
27897,15.111382462916161
27898,15.186140177891424
27899,15.718378481814865
27900,15.30274539472844
27901,15.577580982293549
27902,15.451044620224678
27903,15.147362527648779
27904,16.185529404598547
27905,15.496284949468503
27906,15.947626739518112
27907,15.709937169469107
27908,15.680212780049285
27909,17.283754153853817
27910,15.388797678181819
27911,13.499279678745543
27912,16.66844475260448
27913,15.509178772981302
27914,14.649923086014285
27915,16.386345191404533
27916,14.649028094405779
27917,15.542204613705985
27918,15.87505674664856
27919,15.479365887381496
27920,14.796202497137012
27921,15.072138474862738
27922,15.30493924422189
27923,16.0859123315463
27924,16.982893851403556
27925,16.601656443224044
27926,15.845116420212971
27927,15.943202225390678
27928,16.255561018329317
27929,16.052408163733816
27930,14.636277861652127
27931,15.765015389978426
27932,17.808584069984942
27933,15.624154388747113
27934,15.48798384761261
27935,16.168819211804056
27936,15.76350504855716
27937,14.701193284094073
27938,15.324028234942116
27939,17.20652105230066
27940,15.458763937692344
27941,14.132539403557706
27942,16.887674573282286
27943,15.716526708357032
27944,17.181698298423804
27945,16.305073259600704
27946,16.192245916389997
27947,14.545444228479768
27948,16.013902845164026
27949,13.968700364043897
27950,15.92897279984388
27951,15.96213584049197
27952,15.900176559782068
27953,16.427802041168913
27954,16.101012458062392
27955,16.411142848499843
27956,15.262926951113936
27957,15.875808185498283
27958,16.553717425580704
27959,17.197697595017534
27960,15.665201701984886
27961,14.969609546978665
27962,16.138131483396393
27963,16.48487855671808
27964,16.015149362585312
27965,14.90727779841405
27966,14.564648969270348
27967,16.56562134571009
27968,16.59667109738888
27969,14.667456902565176
27970,16.209908427727132
27971,15.293699484538744
27972,16.153147391463186
27973,16.909196457256638
27974,15.747394914095718
27975,15.222899081324842
27976,15.987165475306968
27977,15.7792620675616
27978,14.322817975681792
27979,15.393618958360925
27980,14.77654039828685
27981,15.260482308594394
27982,15.905298603196009
27983,15.344225788760287
27984,15.486761647599657
27985,15.110504819953489
27986,16.43200313597769
27987,15.697564192736422
27988,16.135954541544134
27989,15.646947337530658
27990,14.085407532479918
27991,15.105129841853413
27992,15.319270527072199
27993,15.949636249545833
27994,16.880020586530183
27995,15.26440752924307
27996,14.791474927650556
27997,16.799986365064132
27998,16.614940133913464
27999,16.317662569034653
28000,16.753445979518286
28001,15.3666306090627
28002,15.767962544874461
28003,16.488180720487506
28004,15.58073248229474
28005,17.70360543701271
28006,16.41769049927989
28007,16.148009773686173
28008,14.50073375921722
28009,15.041441384125774
28010,14.72889358601333
28011,17.55853833169576
28012,15.725997090412466
28013,15.026973048990085
28014,16.538117912320278
28015,14.890196831454821
28016,16.089197551571672
28017,15.83378558417663
28018,15.824431906584168
28019,17.11751386650075
28020,15.574362189199412
28021,15.570479617886246
28022,15.32250649043455
28023,15.749137602816212
28024,14.378757117291142
28025,14.281903757820455
28026,15.991256794673896
28027,15.301348353464833
28028,15.182058544454332
28029,14.777200850123839
28030,14.481894344407879
28031,16.06905421019277
28032,15.483828922109762
28033,16.048163721092756
28034,15.988046786665938
28035,15.780078683077338
28036,15.454976968497075
28037,15.907278230465055
28038,13.495083833968108
28039,16.322795020524257
28040,15.63934541840438
28041,17.332175541158946
28042,16.70265564715653
28043,15.071344262904553
28044,17.29419402530679
28045,15.658064207259267
28046,15.6563594291137
28047,15.8631469248582
28048,16.133129291438
28049,16.463354068849746
28050,13.838793716839568
28051,16.056151320341336
28052,16.52954662298591
28053,14.687680202734807
28054,15.781013380773164
28055,14.0076678676538
28056,14.404323214956412
28057,14.87371303753376
28058,14.164470495585018
28059,15.956841442255667
28060,15.66320156239178
28061,14.715363647712621
28062,15.132462815599789
28063,16.070606624222883
28064,16.3194409719858
28065,16.101841415327
28066,16.950672803094463
28067,15.367795559887243
28068,15.55102177660805
28069,16.08014283975712
28070,16.491260437753468
28071,15.975917006531214
28072,14.208611011233058
28073,15.093672839351814
28074,14.40094078337297
28075,14.238242229856077
28076,15.290363482113479
28077,16.016388070336014
28078,14.83686409378311
28079,15.296111639104598
28080,16.648685592943924
28081,15.560995378261143
28082,16.688301351686995
28083,14.365135876875199
28084,15.066469274179687
28085,15.380298770277893
28086,14.88681615753448
28087,16.03283016981744
28088,16.722816146097333
28089,17.696856614746434
28090,15.916985584410009
28091,16.848698748330783
28092,15.824668313471477
28093,14.683418986623238
28094,17.246420861942134
28095,16.060872468434756
28096,17.324920557402983
28097,14.829818678867838
28098,16.520424840683084
28099,15.573234491052078
28100,14.952099070056637
28101,14.450178366869777
28102,17.20625872646886
28103,15.574505240042187
28104,16.11631008112852
28105,15.755389237392249
28106,17.063355042354246
28107,14.54628290525298
28108,15.427012239325498
28109,16.045801474844406
28110,14.43518819728411
28111,16.34463290216904
28112,14.004140376733965
28113,14.761084949041516
28114,15.57478654065799
28115,16.581984629712625
28116,15.857192016551169
28117,14.753139607485227
28118,15.97913414616877
28119,16.874615428526145
28120,14.933330063832175
28121,15.390808882762473
28122,16.02279160355149
28123,16.199840851579676
28124,16.103866403787126
28125,15.87736408468844
28126,15.434767036642596
28127,15.117009764006074
28128,16.274849880294266
28129,16.060931102032892
28130,15.136712194277287
28131,15.96521454708465
28132,16.56007854400283
28133,15.809890869056238
28134,16.155792246150828
28135,15.934133004135461
28136,15.437024260732244
28137,16.38291598691198
28138,14.122757020215742
28139,15.976966860986616
28140,15.494569582573298
28141,16.263227103128255
28142,14.898700860000918
28143,16.19800210537933
28144,14.328926879522486
28145,15.977897011110265
28146,15.342241572492842
28147,16.24852671710353
28148,16.722314406848348
28149,17.43272029859169
28150,15.545389552492711
28151,16.918001281178324
28152,15.626729150051446
28153,14.788707479016338
28154,15.60524214311376
28155,14.832911779072143
28156,14.422469156016946
28157,14.816937967439515
28158,14.565938922106689
28159,14.741808798168268
28160,15.01848939788032
28161,15.462630243462023
28162,15.244895808956702
28163,14.606116575896275
28164,14.205814516484635
28165,15.628276506342305
28166,14.522670641733265
28167,15.939749709175771
28168,15.079291272795798
28169,15.817838119986583
28170,16.05164138917016
28171,14.462653260985364
28172,15.065487888134259
28173,16.51885275534137
28174,16.09612583370521
28175,16.284130379777334
28176,16.643929715481303
28177,16.075937970385986
28178,15.323318010281506
28179,16.3676317688019
28180,16.76052793526785
28181,15.903026932470082
28182,15.102293701954771
28183,17.310028494977157
28184,14.811720030960117
28185,16.9554018062647
28186,15.379283363349499
28187,14.821165205783117
28188,14.60383307970995
28189,16.73512177488893
28190,15.65422483518588
28191,14.862528885697767
28192,14.721738754599384
28193,14.958525657956773
28194,16.167695334620916
28195,15.303849789533942
28196,15.76720278719006
28197,14.563090146701413
28198,15.596516947597408
28199,15.58199910289579
28200,14.771400832631485
28201,15.320684532699797
28202,16.18400215663715
28203,15.163408574838977
28204,15.784971149606227
28205,16.47860589076952
28206,15.904777415990862
28207,16.8029793939254
28208,15.51255476436003
28209,15.342715111804766
28210,15.859024351396487
28211,14.285799639770284
28212,15.93344776422744
28213,16.335372275469958
28214,15.293542789499115
28215,15.711996917442088
28216,16.60969194267842
28217,14.556357395286991
28218,17.27593836655632
28219,15.691152511585052
28220,15.81598667920063
28221,13.82264456899981
28222,17.118357950442604
28223,15.559803329120623
28224,14.803810987016703
28225,17.252740987447556
28226,15.150846772586004
28227,13.918170324554364
28228,15.685387488555664
28229,17.119398859315385
28230,16.731836570670204
28231,15.791978301682088
28232,15.384184818150501
28233,16.2322890412957
28234,15.199216992082222
28235,15.517682405711533
28236,15.212915845083392
28237,15.826534621824333
28238,16.392416282471693
28239,15.847075856697291
28240,16.396007806308
28241,15.013922811433908
28242,16.51169307603007
28243,14.895838715235756
28244,15.78763226696288
28245,16.565134082935124
28246,16.853186827934202
28247,15.49183161067208
28248,14.36748489332413
28249,15.829257874006554
28250,15.781650663633185
28251,14.944414230350013
28252,16.33123480192508
28253,15.081270471800508
28254,16.029031512731702
28255,15.737903925298715
28256,16.05334644251074
28257,16.160483422803363
28258,15.098770981998944
28259,15.05285965471488
28260,15.663324380525365
28261,17.678888996388686
28262,14.892112570205844
28263,14.87216053527236
28264,17.08254941211372
28265,16.3398401705856
28266,16.290171436699538
28267,14.58266509888819
28268,15.971113850603817
28269,16.343470489014805
28270,15.474425885056387
28271,14.11344984577671
28272,15.558041132222051
28273,14.99051215503376
28274,16.065268773627515
28275,16.52173220940776
28276,16.670445314484937
28277,15.87278396517349
28278,15.784281605024463
28279,15.715120003866236
28280,15.2340693420063
28281,14.178853162216441
28282,15.130083025635944
28283,15.804015284061123
28284,15.4655694067843
28285,16.424173790310917
28286,14.572021915650796
28287,16.15949826084672
28288,16.416416286783633
28289,18.059578752434525
28290,15.30743697617876
28291,15.22922249456347
28292,14.80145772373668
28293,14.937490791747823
28294,14.467096296449784
28295,14.747530381665365
28296,16.906172031059956
28297,16.65687835787009
28298,16.54276684925197
28299,15.169894599419187
28300,15.371722154026664
28301,14.494698685679822
28302,15.716838741276593
28303,15.356888748616177
28304,15.890266963677064
28305,15.491799899300638
28306,14.62464145587956
28307,16.781251630108006
28308,15.39027002839546
28309,15.277215138653046
28310,17.461247974023912
28311,14.519824294544723
28312,15.282847848864753
28313,15.234956152149046
28314,15.538868401721583
28315,15.545046400013058
28316,17.43548208807684
28317,17.118169467478552
28318,16.267236864431545
28319,15.624317629218337
28320,14.124293481590156
28321,17.92793615915902
28322,15.190955937459922
28323,16.167571981957046
28324,16.81244946435469
28325,15.614718703165781
28326,15.638731377161568
28327,14.989922431362642
28328,14.965003382045209
28329,16.507274252787347
28330,16.869345671844282
28331,16.486682922256257
28332,17.188949893456112
28333,15.131276432059497
28334,15.61861444400736
28335,14.871023381212769
28336,14.470156934666408
28337,15.517620889918074
28338,16.312691791852945
28339,16.681255765061803
28340,16.252651747438378
28341,15.226649014592226
28342,16.862784845412392
28343,14.942126041834761
28344,15.305887077382936
28345,14.899731919316842
28346,15.103150224098101
28347,14.742082056242618
28348,16.440944630143637
28349,15.614903698157118
28350,16.034345456581686
28351,15.3833126722368
28352,14.960561896626558
28353,14.227009397868807
28354,16.868905670556504
28355,13.702648130241954
28356,17.01643285747006
28357,14.67355199138273
28358,15.049204148424016
28359,15.836858436729017
28360,16.5542344417517
28361,14.919261304207389
28362,16.23721086295511
28363,15.809740868748124
28364,16.923935844688028
28365,15.633764095549742
28366,15.565625245487887
28367,15.627589740300936
28368,16.12895683198746
28369,15.439871564794574
28370,15.909484301721882
28371,15.593228985947313
28372,14.39361108010977
28373,15.901033040444835
28374,16.09226683376018
28375,15.829096768982783
28376,16.30018393096423
28377,14.023756838852975
28378,15.337773230687798
28379,16.7606337864301
28380,16.024596525140268
28381,15.290576354328543
28382,17.075240633994753
28383,16.023059720534242
28384,16.073846732339902
28385,14.8592209709192
28386,17.100003085976148
28387,15.106406998601296
28388,13.97615455862992
28389,15.440756403281197
28390,16.86691334652893
28391,14.83742668548283
28392,15.398851085574423
28393,14.289321880228798
28394,15.616826302757875
28395,15.174132439544735
28396,14.931958142186675
28397,14.485534963100651
28398,16.886249662467023
28399,15.320943658462067
28400,16.576071621795816
28401,16.434862914807137
28402,15.90952411113218
28403,16.130390883596952
28404,15.66652510061717
28405,15.644020054596083
28406,15.806532281723882
28407,16.043028227975878
28408,15.82533521310125
28409,17.044389832462855
28410,16.036372080620993
28411,16.34992017655453
28412,16.396285537479088
28413,16.27610039663596
28414,16.151404904587903
28415,15.103685904647584
28416,15.488779277019008
28417,13.993879098769646
28418,16.1280666508226
28419,15.134692992132353
28420,15.016971782036274
28421,16.271450400581596
28422,16.00842895735111
28423,15.893160532080248
28424,17.476254888522618
28425,15.4898481346071
28426,15.53820775673555
28427,18.13299864131656
28428,16.827095714463123
28429,15.849941961610957
28430,14.319438526971707
28431,14.857184116111771
28432,13.952357412964725
28433,14.600359305640467
28434,16.69360753405615
28435,14.483318175127863
28436,15.827245496292806
28437,16.0853627638425
28438,15.384580483606285
28439,15.275965678795107
28440,16.95500146853639
28441,15.634148240523608
28442,15.901491365377927
28443,15.519491251923993
28444,15.96085951759873
28445,15.580024773627242
28446,14.930670672861579
28447,15.958372496823731
28448,15.778773572520667
28449,15.401893661874293
28450,13.70421175640886
28451,16.94683366926173
28452,15.272862469854633
28453,16.080793278365434
28454,14.726140735138658
28455,15.561120236389774
28456,16.58530161153984
28457,14.693049653003833
28458,15.914446941941705
28459,15.716985745108666
28460,16.71562453356445
28461,15.544683759345627
28462,15.547882328832753
28463,15.698363594128292
28464,15.864805927567847
28465,15.455510538943125
28466,15.978941064972407
28467,16.272840401058236
28468,15.356346943715218
28469,14.752001737568444
28470,14.240429966993462
28471,16.373281165296966
28472,15.490404701462726
28473,16.350864156983324
28474,15.066405310848191
28475,16.134276309371433
28476,17.509309651099095
28477,15.685000216897137
28478,14.644452993727917
28479,16.955981564192623
28480,16.07298029920456
28481,15.488648867022437
28482,15.861579625980983
28483,16.298822882701316
28484,14.775333322503334
28485,15.70750199668526
28486,15.761023828901667
28487,15.507062437772484
28488,14.532172188680649
28489,14.212163494859526
28490,16.020641028791598
28491,16.496033150848227
28492,16.932199846393317
28493,15.894351285824998
28494,15.945664612338275
28495,16.587122006023254
28496,16.685743518271977
28497,16.429676593109985
28498,15.520882088204246
28499,15.222775075631585
28500,17.229147746737063
28501,15.485176690175255
28502,14.471459010815078
28503,15.734048799612754
28504,15.838391992152838
28505,14.788111983656517
28506,16.19480594344886
28507,15.074218717115397
28508,16.070015580688672
28509,15.327211429907452
28510,16.22620731475765
28511,15.800212060050765
28512,16.185245809488343
28513,17.0459003868178
28514,15.588284541222443
28515,16.20737327482591
28516,14.92451093066611
28517,15.611472238167718
28518,16.814053603882968
28519,15.44761033535968
28520,15.207907254650777
28521,15.580740455097441
28522,15.07395391390525
28523,15.259467201464801
28524,15.95530148441192
28525,15.604657564918478
28526,16.01074730404756
28527,15.630322128609288
28528,14.627335682620247
28529,13.727769646977048
28530,15.920518305846958
28531,16.10549066620004
28532,15.581039863129591
28533,15.977056359780608
28534,15.650190830915518
28535,15.675089146257665
28536,15.658711685361963
28537,15.009130866245485
28538,14.828104861337273
28539,15.391268544931702
28540,16.482708858957462
28541,15.61029780330872
28542,16.859823484621124
28543,15.459244547377997
28544,14.79846068150542
28545,15.702486853925295
28546,16.100678361724672
28547,17.1090546685936
28548,15.83951599124386
28549,15.930419574554294
28550,15.74969601262404
28551,16.96648547429058
28552,15.759143488057965
28553,16.52478937811667
28554,14.813512878438324
28555,16.311969963143916
28556,15.430040576912075
28557,15.213967146406164
28558,15.056791118055388
28559,15.966108355281909
28560,16.681395338701684
28561,16.46983165439068
28562,15.050353890096877
28563,14.833290393676371
28564,14.247575292888584
28565,16.33115176159737
28566,14.872503183643168
28567,14.76769369703044
28568,17.168750426882436
28569,16.4087233584512
28570,14.576928429212076
28571,16.102426885223963
28572,14.907048854758523
28573,15.664439591904019
28574,16.583087290772117
28575,14.635977074349302
28576,14.233483316881163
28577,15.000251688444383
28578,15.572607429765494
28579,15.85476803000832
28580,14.152908844367694
28581,16.100616924793187
28582,15.596932107146882
28583,17.03941162877355
28584,14.78030760475586
28585,15.007764503822234
28586,15.735449692822005
28587,14.544010953533462
28588,15.76414146210764
28589,14.96106636778525
28590,15.254008515370527
28591,17.153720355717702
28592,14.816381605423436
28593,14.771296408994067
28594,14.41194365682536
28595,15.180499525679734
28596,17.561978666886617
28597,16.40678422018852
28598,17.46085967537033
28599,15.176586843538228
28600,15.018443825334204
28601,17.272131118336098
28602,16.99716620760484
28603,16.050673091556373
28604,13.440561949249014
28605,14.478765046309272
28606,16.229895921042484
28607,16.714449731078123
28608,15.96592130874483
28609,16.36644657453544
28610,16.93382477472532
28611,14.948673294990877
28612,15.165367462271426
28613,14.91420156983605
28614,16.43958334770887
28615,16.562561430693094
28616,14.478490516767984
28617,15.470327908721247
28618,15.527869107871378
28619,16.911746950496457
28620,15.542043625619604
28621,16.055835195499704
28622,16.698330221375432
28623,15.139905438412288
28624,15.876275395548882
28625,16.558201642365454
28626,15.468823377988478
28627,16.115042443207575
28628,14.900596220768426
28629,16.263855123240443
28630,15.323593775020019
28631,16.93756937723247
28632,15.368619032767677
28633,14.769880085682386
28634,15.097593363753505
28635,15.102725888618473
28636,16.57961189598203
28637,16.29847948301851
28638,14.917552650239443
28639,14.527952047900403
28640,14.959962226551806
28641,15.687094260330904
28642,14.684200400151697
28643,17.560668609976002
28644,16.333968000592265
28645,16.111919854209305
28646,16.3114659744123
28647,16.275114264313615
28648,16.50587376855455
28649,15.955371522977405
28650,16.54564597280552
28651,15.311428363957576
28652,15.2391175363335
28653,15.936611503025272
28654,17.199916538418197
28655,15.05939624512196
28656,17.385731724883186
28657,15.712263246868083
28658,15.302731631418352
28659,15.413588069168252
28660,14.986634313230379
28661,15.507204304103247
28662,15.091899008368976
28663,14.244980820526902
28664,15.42588606751762
28665,16.543794144206664
28666,17.000602135893576
28667,16.267105445386328
28668,15.419495882555996
28669,15.491902658077962
28670,15.207981984625162
28671,16.726080893504086
28672,16.44652759782722
28673,15.18020848706846
28674,16.444876917427145
28675,15.231961099110695
28676,15.15917283499021
28677,16.570840001162185
28678,13.792387200363644
28679,14.232870682319529
28680,16.791907764626767
28681,16.406732651158574
28682,15.497773968642825
28683,15.339315736429494
28684,15.92387229036077
28685,14.714709393093717
28686,15.276641102967048
28687,15.984574929135537
28688,16.477081680522915
28689,15.214637788294832
28690,15.381143069327349
28691,17.116436291024172
28692,15.997484379562705
28693,15.31670183585578
28694,16.213162313913926
28695,15.523912960093025
28696,15.995867328864064
28697,15.818148282869881
28698,16.656803105177882
28699,17.345044113940535
28700,15.426060457565093
28701,15.35011535370072
28702,17.130815368302244
28703,15.727419840282158
28704,15.124027147013924
28705,14.784599808586771
28706,15.665473364149836
28707,15.10071830787742
28708,15.49108294194121
28709,15.719268628809209
28710,16.182659988920758
28711,16.905834931378013
28712,15.7910725341886
28713,16.474078522629682
28714,14.617464232702364
28715,15.110446050755334
28716,15.099060188002943
28717,15.355195436202015
28718,14.665470472465076
28719,16.61086424416341
28720,17.07508531348052
28721,15.280792104084066
28722,15.016855132983025
28723,15.101692007463333
28724,16.63022793067165
28725,15.329076859239564
28726,16.040455616172128
28727,16.23261956167551
28728,14.683323229189787
28729,14.89388251738396
28730,15.155807440936403
28731,16.36180272907505
28732,14.365643223753535
28733,16.782129439906114
28734,15.756773457227998
28735,15.59058214473294
28736,15.393251687921083
28737,15.604015635344187
28738,14.959689521149901
28739,14.057164875069912
28740,15.789593297925416
28741,14.063054850776613
28742,16.326707957928942
28743,14.535325041356504
28744,14.629307611602252
28745,14.53462831371048
28746,15.822890394332084
28747,15.874637132412618
28748,15.81061136894256
28749,16.15208922373766
28750,15.403439685662637
28751,15.889908367815263
28752,15.067419849401158
28753,15.096968066250247
28754,15.204404623502125
28755,15.0656555186737
28756,15.85476087299927
28757,15.0114597856328
28758,14.364451328221076
28759,14.598578448011944
28760,15.366934750203347
28761,15.964608380875177
28762,16.43548430815133
28763,15.151731767862032
28764,15.812987189858935
28765,14.969068184602374
28766,15.319857012848903
28767,15.500901494321456
28768,16.38904021728878
28769,14.973235457347988
28770,15.776118122292905
28771,15.216114086868116
28772,14.989488622025865
28773,16.80875850935069
28774,16.010058979696602
28775,15.056886820267989
28776,14.163788226505442
28777,15.031585466536907
28778,16.484205671614173
28779,16.37616757504965
28780,15.960304243645064
28781,14.645806126782665
28782,15.83666045786169
28783,14.350948758710334
28784,15.796311843621437
28785,15.990278882291163
28786,14.825439988668684
28787,15.679427037598934
28788,15.077791195504505
28789,16.568151807398415
28790,16.35184060864989
28791,16.091229315887745
28792,15.091635528597728
28793,16.106024304387503
28794,15.04698117556188
28795,16.044673834365636
28796,14.012923931731033
28797,15.4920539433886
28798,16.08502395450146
28799,15.583311896532619
28800,14.86647961120874
28801,16.292071147758318
28802,15.436889810863269
28803,17.716307113054935
28804,15.934308841178748
28805,16.4787097116837
28806,16.261597943119064
28807,15.615505615640416
28808,16.871260877606158
28809,15.8679136448895
28810,15.62220300005222
28811,16.642843703971042
28812,16.963913732604155
28813,15.976208789211553
28814,17.765398850512565
28815,16.974269329541848
28816,15.37355408965882
28817,15.495674512982065
28818,15.15649481924673
28819,15.879166849245134
28820,15.070752543044652
28821,14.912668910043521
28822,15.505082364726471
28823,15.945943264958595
28824,15.571172972009045
28825,16.54143663565749
28826,16.14280759897407
28827,16.428280162304937
28828,16.087877614583558
28829,16.932041730488482
28830,17.040895515950638
28831,14.554853732273482
28832,14.570336855517182
28833,15.011297821463579
28834,14.499672422003078
28835,14.534554819158162
28836,14.8414651535588
28837,15.174407150282788
28838,16.435285890437996
28839,15.91308165133709
28840,16.179027266494842
28841,14.908452802887018
28842,16.740061258019733
28843,16.37375915068488
28844,15.792005552403987
28845,15.824473017134743
28846,17.771569082177695
28847,14.541906712649578
28848,16.912751369235245
28849,16.70245102369115
28850,17.618537228310988
28851,15.426506110198016
28852,16.347140739431758
28853,15.51960061773652
28854,15.083514387591666
28855,17.420055041324
28856,14.270080337858058
28857,15.766549110390562
28858,14.8814281547119
28859,16.33609632104687
28860,17.417684124435834
28861,13.887835742400556
28862,16.416232805350404
28863,15.861120584257836
28864,15.085038365097335
28865,17.34485337034093
28866,15.267534554577129
28867,16.006839585537143
28868,14.989270712243004
28869,16.111165328379506
28870,15.629391810435328
28871,17.222162310049875
28872,15.638062152804654
28873,17.067035479022913
28874,15.52863540309746
28875,16.509703102895116
28876,14.618344669961598
28877,15.808262973011301
28878,16.89374077149541
28879,17.30309378183083
28880,15.466486810479596
28881,15.26974389980665
28882,14.399136248611077
28883,17.265781097045018
28884,14.985049708743718
28885,15.958455832149467
28886,13.46778467900164
28887,16.014129195030865
28888,15.114141822101159
28889,15.805937919311743
28890,15.7789963185315
28891,16.223295113825586
28892,15.45131648830545
28893,16.478042057306734
28894,15.617264848052558
28895,16.536940050445363
28896,14.893915206647247
28897,15.436092031467966
28898,15.969963935020662
28899,17.144711081144695
28900,14.658175117176324
28901,15.664989029268565
28902,18.105282461259016
28903,16.789223335710535
28904,16.15236202067594
28905,15.19514777378719
28906,14.936799918020215
28907,16.246716090483638
28908,16.020227552976298
28909,13.820747425045548
28910,16.143692921173447
28911,14.884631075714752
28912,15.034261572976432
28913,15.595344893231966
28914,16.770256044369198
28915,15.203849648902738
28916,15.19837848496093
28917,15.804683685820953
28918,16.52490036779979
28919,15.139588795595662
28920,14.793226050814432
28921,14.507947066343899
28922,15.363310930240258
28923,15.67164867665634
28924,14.607794696904516
28925,17.14408453310721
28926,15.454838602303028
28927,15.772919725585814
28928,14.731192856973218
28929,16.023891958529315
28930,14.761844377648593
28931,15.723200260306779
28932,15.62831031633206
28933,15.043103517958192
28934,15.946729896599722
28935,16.46781082474528
28936,15.83385372035247
28937,15.081181519254848
28938,15.951550347155118
28939,14.848202115850778
28940,14.930311898206734
28941,15.742568172930545
28942,15.681384227308696
28943,16.10073558818739
28944,15.541493285528784
28945,14.258680556717419
28946,16.468961170828933
28947,15.675006470579811
28948,16.031569545924164
28949,15.037550440854423
28950,16.091737542010733
28951,16.643718884561576
28952,15.950913264085472
28953,15.51638115317784
28954,16.339604096827617
28955,14.316296648588606
28956,15.923773299398642
28957,14.389349561707355
28958,14.520758740902597
28959,15.559240036062421
28960,15.882084019084003
28961,16.05591664853315
28962,15.204859847095245
28963,14.728411928763277
28964,14.668693439400002
28965,17.01686255773911
28966,17.326857781347208
28967,15.684929543797763
28968,15.703490981871825
28969,15.081381794528761
28970,13.36528890044196
28971,16.284248266023635
28972,17.833889851247775
28973,13.769180662217714
28974,16.14309270570405
28975,15.006393710947103
28976,16.71402367874338
28977,16.28468062466427
28978,14.261850849205672
28979,15.435279740719755
28980,15.112938057415027
28981,13.974961751160524
28982,15.0111333718579
28983,14.300953578127766
28984,13.981794973776735
28985,16.159459672059967
28986,14.548316358248977
28987,16.584743948985402
28988,16.86747175531225
28989,15.560159385156503
28990,15.570274141861814
28991,16.064308638914813
28992,15.890648392565463
28993,17.531208209703912
28994,14.168422170869949
28995,15.146461113304841
28996,17.924887870329375
28997,17.080621743325672
28998,14.95791727795769
28999,16.266501142787252
29000,16.172196421590186
29001,17.006401108096675
29002,16.48301921448535
29003,15.647302510438983
29004,15.755940030028329
29005,15.854209787601528
29006,15.29780102637738
29007,15.021887043166638
29008,16.036048586214772
29009,15.942389297609266
29010,16.168341245736073
29011,14.207282668999625
29012,17.32281504388761
29013,17.64501230948618
29014,16.676328299670608
29015,16.009299919755776
29016,17.194209833102022
29017,14.395920572729707
29018,15.764900333890644
29019,16.46749022086271
29020,16.147177874219665
29021,15.289521060818519
29022,14.226427050831601
29023,15.697568415973267
29024,15.863699460078736
29025,14.47757751734625
29026,14.538057646822779
29027,14.922733236186456
29028,16.210894667724293
29029,15.680198956327489
29030,17.93566625640739
29031,17.95855623170801
29032,16.145467889369144
29033,16.000158736875957
29034,15.443811142468125
29035,14.556568829010669
29036,18.12696022727606
29037,15.09494886537555
29038,13.172858135182326
29039,16.413039728653793
29040,15.600774218104583
29041,16.08449181164842
29042,16.31220692518663
29043,15.192880938399732
29044,16.41316159001069
29045,15.796406606559678
29046,14.34880618638335
29047,15.091562641101973
29048,15.999415280085854
29049,18.165639099555502
29050,17.651885434903555
29051,17.07049306450138
29052,15.842221916239037
29053,15.04000720169504
29054,16.023638668239045
29055,13.818194074412617
29056,17.585458899950304
29057,16.39996291957049
29058,15.664429176539782
29059,16.21051994858309
29060,15.74835639283473
29061,15.695571906518294
29062,15.691398990050056
29063,14.795911378561174
29064,16.056958454233968
29065,16.33798358506899
29066,14.644268075039088
29067,16.04008783076307
29068,14.256506451023109
29069,16.28322988444086
29070,14.867473884926609
29071,15.712610805499828
29072,14.792874836688235
29073,14.682939155010287
29074,14.270584530411988
29075,14.914325146123561
29076,15.41206120978844
29077,15.371015665860986
29078,16.434708040690545
29079,14.591567489418704
29080,14.259721842764009
29081,15.582971481289935
29082,15.579667731340068
29083,16.262578431726773
29084,16.545801671752095
29085,16.426238392650053
29086,16.827334388807227
29087,15.951463612593198
29088,15.35706165890435
29089,15.179597344152258
29090,15.22519883404666
29091,14.018049775729766
29092,15.215363380759301
29093,15.517362809127638
29094,16.385946588129634
29095,16.599714881174858
29096,16.019260407136418
29097,15.601185549851142
29098,15.678698445277583
29099,14.790111533553775
29100,15.561801302814006
29101,15.268497006881699
29102,14.974056011649706
29103,14.229876644107089
29104,14.332269612243334
29105,16.129635932186776
29106,15.717004519672223
29107,15.851609449973266
29108,15.72722535069244
29109,15.200714342109059
29110,15.884536557360724
29111,16.250852570707416
29112,15.125503241872906
29113,16.174674609651653
29114,16.762177210823825
29115,14.327651884954621
29116,15.307894310379385
29117,15.68135499496674
29118,15.694142647158861
29119,16.004588024862635
29120,15.575486469473216
29121,16.00209445236387
29122,14.547663700399273
29123,15.830793099143241
29124,14.444850607410649
29125,16.443687037980197
29126,17.219727254141656
29127,15.62223825687995
29128,15.018494546901605
29129,15.0247703456769
29130,17.265759282938472
29131,17.006507093063533
29132,14.872802670520192
29133,16.22976193590009
29134,14.587149336934218
29135,16.106294279618872
29136,16.095881740026172
29137,15.122199995929329
29138,16.64137092085415
29139,16.0728359902188
29140,14.464695189086424
29141,16.041165884899186
29142,16.421805437399343
29143,16.755891421115678
29144,14.626896448029067
29145,13.818731583371049
29146,15.037067657244814
29147,15.35729765438249
29148,16.087056755511
29149,16.800442388301494
29150,14.834966909000277
29151,16.06714058279757
29152,15.876492960610111
29153,15.566589232417025
29154,17.259728228057174
29155,14.977567069986476
29156,14.828075563857498
29157,16.018849398829218
29158,15.932425467264096
29159,15.847134752592309
29160,16.42462301903518
29161,14.610767622378198
29162,15.14643411719733
29163,16.53825226211643
29164,16.380980311814447
29165,15.190706378070551
29166,16.92477636199355
29167,14.850693006265868
29168,17.2213493199085
29169,15.391318144689622
29170,15.271820929349069
29171,14.604440586255212
29172,15.612636323240736
29173,15.139232952411486
29174,16.504770657431802
29175,16.199354096590604
29176,15.403217875869306
29177,16.569594590676257
29178,15.57463353444601
29179,16.221520158768385
29180,15.176513749998641
29181,15.251361588487256
29182,14.819977111795549
29183,14.11732190323281
29184,16.95742789307463
29185,16.461042022385733
29186,16.223041014635065
29187,15.959767776466242
29188,17.171987896774098
29189,15.893224034735686
29190,16.191103456627552
29191,14.856075368948877
29192,14.671414973206648
29193,15.077795819920453
29194,13.831984559343272
29195,16.07176711028415
29196,15.067172276089844
29197,15.774105546212335
29198,15.088422045179472
29199,15.17607982945665
29200,16.2405006292354
29201,16.160554887708837
29202,15.290733398398212
29203,15.54193116143677
29204,16.997961073724635
29205,15.429356095630512
29206,15.10290084807372
29207,16.429200244653668
29208,15.083965334162688
29209,16.371536239594487
29210,16.61347719652463
29211,15.026043051669298
29212,15.228544444420889
29213,16.14883325277129
29214,15.407833940405718
29215,17.05562871651693
29216,15.3482061020535
29217,16.600530505921306
29218,15.659069423762274
29219,15.438777813529512
29220,17.661763599627886
29221,14.203342801650843
29222,14.34482662834062
29223,16.382463213053107
29224,16.440040187484747
29225,14.347006906064129
29226,15.886422563493825
29227,14.921844623961677
29228,14.228398250741236
29229,14.568619003244878
29230,15.09729537861878
29231,15.959829671801145
29232,15.389467374651163
29233,15.589810503533483
29234,15.056936129151044
29235,14.223242556269161
29236,14.225322796825909
29237,15.785986442114506
29238,16.54256770523145
29239,14.721641602932328
29240,14.802547227361362
29241,15.934951689170267
29242,15.061897073753705
29243,16.489735399461935
29244,15.539373280892526
29245,16.209443860412858
29246,15.202871374497219
29247,15.089667910998825
29248,16.120281046293687
29249,16.50143388349392
29250,15.311543894840483
29251,16.410528150125728
29252,15.400360792899786
29253,15.88626353018413
29254,15.57408997041013
29255,16.650750545844435
29256,16.036889884905264
29257,15.296519078581479
29258,14.327933685807944
29259,14.936162425023518
29260,16.62075006003377
29261,15.364833761211386
29262,15.505202643515577
29263,15.28110545388465
29264,16.06919470295262
29265,14.698211400694381
29266,16.340735861184186
29267,14.075914472458352
29268,14.707295297090758
29269,16.699279822130418
29270,14.920556035685172
29271,14.865459658024744
29272,15.962727018571686
29273,15.047386935537034
29274,15.860000504677794
29275,14.22231200854333
29276,16.588368227042018
29277,15.488505530287657
29278,15.471281026180778
29279,14.993256100400652
29280,14.896500973818636
29281,15.973569727917734
29282,15.463276506860486
29283,15.080981712043823
29284,15.190243644402987
29285,14.715472451805317
29286,15.974556186147781
29287,16.74931213396132
29288,15.552209593236398
29289,14.530712955302151
29290,15.09976126218869
29291,15.512336353650657
29292,15.658693909508681
29293,16.374268853213195
29294,15.255609658943548
29295,15.189253998857577
29296,15.272040504306121
29297,15.225729172917259
29298,15.309637307227097
29299,16.64782194572187
29300,16.33106059421379
29301,16.3891411228808
29302,15.553112688316652
29303,15.748188452215432
29304,15.158994821537775
29305,16.062279327700235
29306,15.480841048610229
29307,16.42419021171028
29308,15.789367150171701
29309,15.922226681265663
29310,17.3050349470803
29311,14.713962300898835
29312,17.133601707606175
29313,14.6739503438793
29314,16.620597748129214
29315,15.766546212816161
29316,17.555678002588255
29317,15.543038106018114
29318,15.029016754900281
29319,15.21460837849001
29320,16.86227144633416
29321,15.829324780179718
29322,15.902112352793406
29323,16.42940886181599
29324,16.001384858212507
29325,16.045423758998677
29326,15.627320045051642
29327,16.428511886462957
29328,14.729651767198744
29329,16.02790919023152
29330,15.473641020465314
29331,16.275453962121144
29332,15.24024334267617
29333,15.918459840969364
29334,16.66402490663371
29335,16.928686079296956
29336,15.181296014193759
29337,16.92775038684871
29338,13.979161475388205
29339,16.829426297031745
29340,15.429467257761704
29341,16.537808237622876
29342,16.928420640697933
29343,14.470006883452555
29344,15.688726797857443
29345,17.194583450152702
29346,15.868997212499984
29347,15.838601875612143
29348,15.702833072593615
29349,16.21141480650173
29350,15.475560696383365
29351,15.81461375602967
29352,16.48697050532737
29353,16.949037268746046
29354,14.839212511688656
29355,15.293323933355877
29356,14.021673612287909
29357,15.837524404902162
29358,17.6451989208626
29359,14.583813421970945
29360,16.294576781284
29361,15.246644361505437
29362,15.359901421185576
29363,14.86825357602321
29364,15.717130827060577
29365,16.185762117077484
29366,16.080056127114766
29367,15.653134142577994
29368,17.25949258421845
29369,16.12456723904986
29370,16.535199356597673
29371,17.137262863140467
29372,17.063614191896566
29373,15.83871983273811
29374,14.937680674197184
29375,15.459704490501775
29376,16.28346982929245
29377,15.636331205905833
29378,16.115675819973344
29379,15.850977188217284
29380,15.708910164488502
29381,15.181007491179917
29382,15.516682413052116
29383,15.460892605872262
29384,14.836120361500566
29385,14.497762027270408
29386,14.687411353837701
29387,15.940898365786365
29388,16.204800660560913
29389,15.74082790405854
29390,15.609570264886381
29391,16.81360002819744
29392,14.226279012905724
29393,15.928825099715647
29394,15.39793552578356
29395,17.60561526602608
29396,14.725107620727378
29397,16.087068583457917
29398,16.182295631984342
29399,16.345851190018283
29400,14.596418299431848
29401,16.467470483854775
29402,16.25800721701028
29403,16.37547615994959
29404,15.446852654802914
29405,15.980061620673146
29406,15.640419159628442
29407,16.12730522952848
29408,16.036463481300995
29409,16.219889346496398
29410,16.86819854817948
29411,16.31521736372842
29412,15.060414980308224
29413,16.3310149670223
29414,14.961002751785255
29415,16.66399447704677
29416,15.712189782544492
29417,17.080750546772638
29418,15.409585947317051
29419,16.39040113263057
29420,15.272621576507664
29421,15.481781258131937
29422,15.725967015811964
29423,14.791301155969345
29424,14.982481099521713
29425,17.563784437027138
29426,15.93805681027659
29427,15.934754893818553
29428,15.471352936974103
29429,15.10659793508046
29430,15.178106536727862
29431,15.583192938268345
29432,16.343410473535695
29433,14.519833297440877
29434,14.96834332434079
29435,15.400495393861464
29436,14.597959439296634
29437,15.505984101996225
29438,15.239134122845641
29439,15.980671378992874
29440,15.221981961348988
29441,14.297191374925795
29442,16.40711620720594
29443,15.062908201894313
29444,16.603387969772655
29445,16.861068616999795
29446,16.36848760969748
29447,15.968728971331657
29448,16.157520237172683
29449,14.275398232020764
29450,15.193923701235951
29451,15.593811748094257
29452,15.26559377414331
29453,14.687496448671197
29454,13.921674674828461
29455,15.548892055960717
29456,16.366155215913306
29457,16.047600578631446
29458,15.715835929398875
29459,16.121323468391722
29460,13.605399851457115
29461,14.341643895988724
29462,14.655055358896341
29463,17.116525473497134
29464,15.793318628767565
29465,15.595590870694485
29466,16.62847431505732
29467,16.595456309237836
29468,15.332728440639737
29469,15.562224330506453
29470,16.103448546015336
29471,14.233141401806249
29472,14.9060466277396
29473,17.358084571744158
29474,15.915187673934309
29475,16.421655070108276
29476,15.415416608666739
29477,16.2798872399065
29478,15.31003457184255
29479,17.38091208019232
29480,16.33616134536519
29481,16.104074654390722
29482,16.834512929429405
29483,15.608263859437463
29484,17.090999185900316
29485,16.089802101616247
29486,14.96411677670686
29487,15.929407145221399
29488,15.48810249306944
29489,15.13270433297493
29490,15.15228540080491
29491,13.81730049494707
29492,15.441779748217932
29493,15.708296181162824
29494,15.942278816351175
29495,15.535570885270452
29496,15.111379718504743
29497,16.29952717768942
29498,16.360933438859416
29499,14.844805112205263
29500,16.316558824362286
29501,17.347407117826283
29502,16.26690451324346
29503,15.887458855721514
29504,16.146441104882037
29505,15.239460022718509
29506,16.365142709636682
29507,16.175665994646447
29508,14.797537109745784
29509,14.722930452369688
29510,16.440279622229816
29511,15.186048339928593
29512,14.573011069870535
29513,14.074993084894084
29514,15.701080478061574
29515,14.656955192932859
29516,14.607980106538689
29517,14.87870407336378
29518,16.764728242068276
29519,15.593647552320201
29520,15.561439136440441
29521,13.994047585439247
29522,14.610678521945937
29523,16.024709058807456
29524,15.757069684581147
29525,14.062744914379381
29526,13.96137607575597
29527,16.1724834041758
29528,15.641027197268963
29529,14.860059760205582
29530,15.898060333038485
29531,16.011977045509386
29532,14.672991734284839
29533,16.06951487918817
29534,15.617633130946135
29535,14.977094754279152
29536,16.990764797855473
29537,16.9085361754283
29538,13.666674583856135
29539,17.24635094729399
29540,14.715584534003085
29541,14.715252745105762
29542,14.453288104195348
29543,16.55330716685608
29544,15.915402244410679
29545,16.5039642087518
29546,15.646604961345197
29547,16.24265149928636
29548,14.686757729826875
29549,16.605190634024407
29550,15.903388273413677
29551,14.691906466234801
29552,15.840771009858889
29553,16.24951815672817
29554,16.64503437982176
29555,15.491776235751509
29556,15.112823382343676
29557,15.638207973424723
29558,15.209621506095413
29559,14.88214426028344
29560,14.738177570343524
29561,15.84533409246604
29562,17.50339447974341
29563,13.846644165018763
29564,13.708726655173779
29565,15.844003899274556
29566,15.761948665734073
29567,14.297715745792024
29568,15.4992815570311
29569,15.902506392423465
29570,16.975012737546585
29571,15.560554257085464
29572,14.313390026915053
29573,15.258961896574078
29574,15.330412405208373
29575,15.005328971553181
29576,16.003404969322546
29577,14.979827313501733
29578,15.814386086392814
29579,15.310831004926284
29580,15.80657907912751
29581,16.701362273129924
29582,16.20351073081089
29583,15.329229531032048
29584,14.65444264648836
29585,16.474125188446326
29586,16.323725323697616
29587,15.228036677277025
29588,15.854455298285366
29589,15.227558075820227
29590,13.979596249175305
29591,15.271196454915513
29592,15.499588971033594
29593,15.988136674905109
29594,15.802133778267077
29595,15.311331549842707
29596,15.07259834635947
29597,15.612755215306782
29598,15.23309092741267
29599,16.18421428545841
29600,15.851256416648953
29601,14.275625343875358
29602,15.903926949879862
29603,15.887873949844877
29604,17.041296370698284
29605,15.232918727481204
29606,17.36638120839035
29607,16.64971614234439
29608,15.97425821296255
29609,15.181820909892089
29610,15.414915242385886
29611,15.364270024395118
29612,16.270119872824434
29613,15.798603489674788
29614,17.141513288787415
29615,16.274687230812905
29616,14.700229133168504
29617,16.627808054318994
29618,16.386153453575243
29619,15.196040728107633
29620,16.54575651788029
29621,16.301016863329448
29622,15.680451333171257
29623,15.385404124099116
29624,15.612340158406713
29625,15.93701597505598
29626,14.609087437011635
29627,15.795126867946466
29628,16.409610022901322
29629,14.02348737348677
29630,16.905066549926403
29631,15.958098786406293
29632,15.934682837873668
29633,15.569839405311127
29634,17.15592109297053
29635,16.453696087539
29636,17.463606520442042
29637,15.811009530223222
29638,17.368983738047092
29639,15.342357111955964
29640,15.770452498331576
29641,15.269079348626747
29642,15.32858183923973
29643,15.044601779785696
29644,17.351530696924232
29645,14.204157565603653
29646,15.074691119742882
29647,15.296631788863813
29648,14.149944339201841
29649,15.107709168610377
29650,14.721767581784023
29651,17.929050402138557
29652,16.63821979506399
29653,15.669194717171608
29654,16.205240809532736
29655,16.062284111875996
29656,16.589801221875884
29657,15.690430021491535
29658,14.274620559277903
29659,13.712645730150692
29660,16.240062060740094
29661,15.527453536132047
29662,15.868486858765483
29663,15.392218837867741
29664,15.585446468836075
29665,16.034619328451384
29666,14.551998890091957
29667,16.707935507290586
29668,15.689847727880535
29669,16.225771971772723
29670,15.433891569668726
29671,14.594569435419018
29672,16.258279224817542
29673,15.202986133278573
29674,15.170134840821644
29675,15.021804358029542
29676,15.62583337659989
29677,15.381417280908858
29678,16.144782140752532
29679,16.13328858048491
29680,16.887474542247755
29681,16.732281803538935
29682,14.98691351462176
29683,15.846441135664243
29684,14.722130392296238
29685,14.471175719641863
29686,15.445036913118205
29687,15.784063825453396
29688,17.029179192171988
29689,15.416649607490227
29690,16.025778005871565
29691,17.49519820163622
29692,15.4007608000501
29693,15.412517527260562
29694,15.563667860985026
29695,14.801387126327723
29696,15.308261385200597
29697,16.11347478504501
29698,15.000169572587627
29699,14.589958070317124
29700,16.27181708345175
29701,16.355878436035553
29702,14.910976768500397
29703,16.270809181676633
29704,15.839639595798191
29705,16.608219155098286
29706,15.73764236137805
29707,14.730746043593507
29708,17.03411694189963
29709,15.95829025174167
29710,16.767450096053796
29711,14.846071695070064
29712,16.230139794473434
29713,15.559350069477418
29714,14.556219392515588
29715,15.470865320128995
29716,17.157468333750387
29717,15.028815088480185
29718,15.980593154664561
29719,16.263634205617176
29720,16.554913369942458
29721,15.968171017865869
29722,16.171606608934663
29723,14.995947813278075
29724,15.075088096603924
29725,16.389362353017944
29726,15.95831959228814
29727,15.177175543471883
29728,14.45640461490248
29729,16.243475009471986
29730,16.472333316179526
29731,14.626236684934728
29732,16.83175877332555
29733,14.588990183561538
29734,16.05130831260067
29735,15.3926334051735
29736,16.474657918276062
29737,16.973024827432823
29738,14.726305026340428
29739,16.503034480273932
29740,15.183226708032874
29741,15.37777275111611
29742,15.606776615368563
29743,15.876400244803847
29744,15.131931926263938
29745,16.189793041191848
29746,15.839878442405016
29747,15.990529798389634
29748,16.36577574705971
29749,16.372756011626368
29750,16.379971450735244
29751,15.327398112290565
29752,14.825204177152072
29753,15.366889916726702
29754,15.681672191573242
29755,15.104507900351827
29756,16.360942765595492
29757,16.229630437222074
29758,16.02579064643653
29759,14.683820264068737
29760,16.17865866344718
29761,14.561699995247594
29762,15.80744723885357
29763,15.760668162151843
29764,15.89008039372489
29765,15.483395284668763
29766,15.141877184641066
29767,14.437961816569722
29768,16.188904912468526
29769,15.447162470230452
29770,16.13575534004222
29771,15.913668681347797
29772,13.720723006726917
29773,15.829500929151877
29774,16.118748976383504
29775,14.813644725586414
29776,16.70162963225144
29777,16.01340714805761
29778,15.083237693303394
29779,15.427235658442454
29780,14.612381496661586
29781,17.579390626197203
29782,15.040253108982373
29783,15.841572414131907
29784,15.612069561470916
29785,16.671958698088964
29786,15.453840421327099
29787,16.841074697836095
29788,15.925905997949458
29789,15.406706000390551
29790,15.27715812041751
29791,16.135599872488836
29792,16.02585597526958
29793,15.89116046242169
29794,15.058279357050669
29795,14.803382186594488
29796,15.49201980319258
29797,16.30353278617164
29798,15.829371299035111
29799,14.344006582008817
29800,14.323135305253626
29801,16.067857032688426
29802,14.698201807129658
29803,15.889987445361472
29804,16.7567896291908
29805,15.326200286776231
29806,15.556840127805783
29807,15.47290349357919
29808,15.625259357088154
29809,15.25487700010682
29810,14.972921034507454
29811,15.869507740195916
29812,16.839025396118785
29813,16.517783455842103
29814,16.60846619512677
29815,16.112500924595018
29816,17.11665590360929
29817,15.689548780268689
29818,15.5411658882686
29819,15.634225779189153
29820,16.581768437589936
29821,16.75393242421702
29822,16.650328723603288
29823,15.78200495468131
29824,16.168248987818057
29825,15.677918281388976
29826,16.203137181941972
29827,15.634678195121031
29828,15.938809910124707
29829,16.309251295337575
29830,16.134214183335185
29831,15.540041804258294
29832,14.012076848844801
29833,15.777854181166921
29834,15.599048183019137
29835,16.102225318575137
29836,15.807636829644125
29837,13.782314471907403
29838,15.590440745067044
29839,14.2318164981444
29840,15.08492081370276
29841,16.041750093272366
29842,16.818739331116497
29843,16.246288712017876
29844,15.899487075095731
29845,15.169723763589392
29846,15.300995265131453
29847,14.798496801851165
29848,15.140328244696576
29849,15.17153670786221
29850,16.55521462472627
29851,16.08008286203295
29852,16.24554034487836
29853,16.23968430804013
29854,14.117611267758395
29855,15.7224335595249
29856,16.898933500100824
29857,13.837710261975005
29858,15.6310581812629
29859,15.19054387520091
29860,17.796632628597834
29861,13.493374868353165
29862,14.839284290192376
29863,16.402143434284277
29864,14.958072390848894
29865,16.31324300238514
29866,14.234621444752388
29867,15.347052292488815
29868,13.895639676075705
29869,16.17911116790057
29870,16.57418434398218
29871,14.301187352692432
29872,15.444237669469246
29873,13.827839566223153
29874,15.622346971365843
29875,13.75834925191081
29876,16.09237166356219
29877,14.093047978873992
29878,16.114520874792163
29879,16.107056379440007
29880,15.69143450115075
29881,15.070910380221354
29882,14.733375633272924
29883,14.64626041340235
29884,14.952251698440415
29885,15.41876871564827
29886,15.699789708661084
29887,16.45100597994778
29888,15.575833686927705
29889,14.25660494683882
29890,16.164300031975625
29891,17.70224329740237
29892,15.67657530896201
29893,15.964925411583273
29894,16.10140991154043
29895,16.989703951321474
29896,16.10093293674234
29897,14.820160308490232
29898,16.12234568701202
29899,15.322922517247855
29900,15.408263810385192
29901,15.833027513842596
29902,17.24612147966061
29903,15.059888299802058
29904,13.85285350019376
29905,15.493623780064649
29906,15.870411803118706
29907,16.076199437643684
29908,14.968373879779563
29909,15.810682959717191
29910,17.003723922633235
29911,15.804688580421915
29912,15.841114128980605
29913,15.19698989863245
29914,16.130788089894104
29915,13.40892404057532
29916,15.614929927575176
29917,15.33649958460202
29918,15.655801775617626
29919,15.431989947233575
29920,15.984038387717694
29921,16.589323611550974
29922,16.052001705489666
29923,14.338074133621824
29924,15.201790698669218
29925,15.211551415085863
29926,15.899964296840576
29927,16.446400110150794
29928,14.871848716611497
29929,16.629903068073766
29930,15.590673403394515
29931,16.339667111340795
29932,15.821415485383339
29933,16.871872747922648
29934,16.59782065341365
29935,16.2925413752391
29936,14.954252182456157
29937,15.427355558175883
29938,15.575384268491995
29939,16.009122232141348
29940,16.51316428028008
29941,15.455146107689748
29942,16.39376669653884
29943,15.424553281779449
29944,16.280535392964286
29945,16.11556024665716
29946,17.42366277437347
29947,15.133920537753639
29948,15.046834225914386
29949,17.52698706772128
29950,15.304576272173051
29951,17.166028902065605
29952,15.470575761801626
29953,14.84018890555075
29954,16.575836012403816
29955,14.353952658644973
29956,15.350715822688073
29957,15.232176679056433
29958,16.31490890525072
29959,15.525147037798975
29960,14.976069165954103
29961,16.225040849762117
29962,16.539525796178324
29963,16.736944333267335
29964,14.30994814421024
29965,14.51253137367886
29966,15.307666443236078
29967,15.245798099395948
29968,15.955600006990492
29969,16.39456868116384
29970,15.773461083461758
29971,16.086677878125304
29972,16.1844275760879
29973,16.268356907952732
29974,17.091038035356572
29975,15.063075385340964
29976,16.0646796679312
29977,16.469115506953354
29978,16.266485577036978
29979,16.608090280085733
29980,15.368129970545947
29981,14.60096006910623
29982,16.277688792910972
29983,15.71673418766733
29984,15.229876769755641
29985,15.615116039548111
29986,15.240050967506676
29987,15.548629065988356
29988,15.668551813043065
29989,15.821672453590114
29990,16.01314275890996
29991,14.42009815561142
29992,14.815434242324484
29993,14.739438818509942
29994,15.984688688529728
29995,14.672998144829176
29996,16.10160764959891
29997,16.2876317625473
29998,14.658729252633295
29999,14.22330551854373
30000,15.426629534307338
30001,15.404572935551013
30002,15.21630807612206
30003,14.117211835513832
30004,16.409495852534615
30005,15.888405647842422
30006,15.235873880568938
30007,16.169165593197473
30008,14.044441488142239
30009,15.028084626321869
30010,16.091504347843703
30011,16.063063249096817
30012,17.712049785600932
30013,14.534854835975047
30014,16.781573306409296
30015,15.004049484145375
30016,15.152983754845327
30017,16.3960037722328
30018,15.623236662575476
30019,15.303775968020993
30020,15.64835896614464
30021,15.714560197865943
30022,15.106571593356373
30023,17.142849791920955
30024,16.07633471178833
30025,16.369391202865522
30026,14.738494038286184
30027,16.33853986425333
30028,15.418095614120189
30029,15.940710662657363
30030,17.10097165100085
30031,16.139438734334412
30032,15.484777980479945
30033,15.411283602518957
30034,15.511363303089553
30035,15.800266948398905
30036,15.674805519922648
30037,16.4988702071812
30038,14.694799366050963
30039,15.465945111895191
30040,16.611254840035137
30041,14.755492988803462
30042,15.1643062361921
30043,15.325869668828329
30044,15.30965735932077
30045,15.913978361012818
30046,15.913979058477896
30047,14.584738992575986
30048,14.8669011984957
30049,14.986753279975849
30050,16.284978851309848
30051,16.022708631246434
30052,14.490956645919606
30053,17.1176458690878
30054,16.874692811572523
30055,16.11842578614865
30056,17.157474603400658
30057,15.811682095428365
30058,16.361982019702538
30059,15.451187638834066
30060,15.589402224598707
30061,15.55485797512526
30062,15.328261515837069
30063,15.631658158649909
30064,15.821301304564452
30065,15.571929580263639
30066,14.20383894324597
30067,15.447087775556305
30068,14.029854272633917
30069,17.34406785834572
30070,15.387703168215552
30071,17.517795144606307
30072,16.27529936598422
30073,15.782896791615375
30074,15.074848834974036
30075,15.317413970909241
30076,15.718423109413333
30077,16.503097045197848
30078,16.207394204696794
30079,15.622987636589285
30080,15.45924838955533
30081,14.108167011312814
30082,14.49922432866961
30083,16.40030164182569
30084,15.519948509480948
30085,15.659025720942491
30086,14.543760463112969
30087,15.692867214112379
30088,15.407170016577911
30089,16.046943827828567
30090,16.168296403297276
30091,16.11827472992635
30092,16.16429360327357
30093,14.809506747185171
30094,15.1979103143929
30095,16.616154782532973
30096,16.080008776369294
30097,15.673376580369135
30098,16.590122150007986
30099,15.122276655179759
30100,14.827385634747158
30101,15.393266256211678
30102,15.08756665793049
30103,17.151969043521927
30104,15.008117124798632
30105,14.725244025023175
30106,15.456148212221901
30107,15.22544975139178
30108,16.29975254006944
30109,15.319165278404798
30110,14.97170781799037
30111,15.837082695530603
30112,16.211087726575307
30113,14.407156609442263
30114,15.918521595191137
30115,15.055391611241314
30116,17.21576485963963
30117,15.990684573791304
30118,16.476824686111996
30119,15.069823928982597
30120,15.587169068428237
30121,16.514094107345365
30122,14.14205127237382
30123,15.103362498223925
30124,14.642795660568657
30125,16.288454564361714
30126,15.606510792208383
30127,14.916666615447944
30128,15.675749162227783
30129,15.629096971423163
30130,14.88835600095421
30131,14.855628443555927
30132,14.366023715859729
30133,15.26084441691748
30134,16.93961731541899
30135,17.148156190092063
30136,14.464656143803841
30137,16.144587649663293
30138,16.312446655085665
30139,16.423982905417535
30140,17.823146454017508
30141,15.179909884010648
30142,15.258316688401337
30143,15.305239039990783
30144,14.486996956258437
30145,14.648017139542874
30146,16.231530371792136
30147,16.643707095247706
30148,16.492653690756526
30149,15.6371277422242
30150,14.76207924129855
30151,15.394335603675737
30152,15.241051111832736
30153,15.272747189198238
30154,16.461410102774412
30155,15.989800528508908
30156,16.522094946570473
30157,15.753068664786229
30158,16.6530379357576
30159,15.621140961951939
30160,15.527973490002372
30161,15.128079582907194
30162,15.564398835786728
30163,17.181648750840697
30164,16.849818918117194
30165,14.578916150720955
30166,15.612231350305365
30167,15.274112787055886
30168,15.600313908043713
30169,14.861015972806305
30170,14.285697308993473
30171,14.372031898183812
30172,15.831929451916341
30173,16.018658618688452
30174,15.760490329614932
30175,15.334319579513371
30176,16.341496858969823
30177,15.932509460668328
30178,15.648103357238869
30179,15.820839855678233
30180,14.720353482021242
30181,15.28439185532386
30182,14.543525718093912
30183,14.963492794825642
30184,16.16786170533716
30185,16.175968289270077
30186,16.466527388351448
30187,15.210413624298724
30188,15.457399012557083
30189,15.102172053358144
30190,15.116889437666083
30191,15.715930924054579
30192,14.222857278696294
30193,17.40367820044815
30194,17.51623318784949
30195,16.18056765707435
30196,15.555478794082925
30197,16.575192263934408
30198,14.26503470717891
30199,14.941748130809682
30200,16.027036688837875
30201,16.39937688148946
30202,15.906388531985815
30203,15.785171214833463
30204,14.524194927230768
30205,16.019477004392442
30206,16.94811758818735
30207,14.916693933872587
30208,15.69197214870856
30209,15.999717695941872
30210,14.725548023941716
30211,13.688252880451452
30212,14.819510014792636
30213,14.047589044297041
30214,15.226691434192736
30215,14.450857514057311
30216,14.753275461422414
30217,15.919633580191336
30218,17.15633740788991
30219,16.351818220206383
30220,16.113761521331746
30221,16.107775801692938
30222,16.736168821698296
30223,14.601830084160216
30224,15.29267575356697
30225,13.969319654507565
30226,14.588666563985734
30227,15.379053034492442
30228,16.851882850250554
30229,14.629799937568578
30230,15.461994606967718
30231,15.437097113528692
30232,15.992419574963746
30233,15.328804356628865
30234,15.47530685597534
30235,16.49215632342688
30236,15.450389644967634
30237,15.317676602090012
30238,15.230111699335044
30239,15.517375383303683
30240,16.636876466874533
30241,17.16388940288104
30242,14.967780935306223
30243,15.721206498670504
30244,15.439051886878644
30245,15.37173150331957
30246,16.776470921086602
30247,15.112134696566715
30248,15.319779280357182
30249,15.420176384074963
30250,14.922850390461845
30251,16.092621462919563
30252,14.929878913006995
30253,16.94160610956706
30254,15.090757033932276
30255,15.932045800159237
30256,15.155457109710664
30257,15.644525929364361
30258,14.10046050671128
30259,15.862678750366575
30260,16.18425057319374
30261,15.902178021882973
30262,16.234199901064553
30263,14.990182771467646
30264,15.243985974589203
30265,15.667681032052784
30266,15.596060860918525
30267,13.940829464425065
30268,16.62874295234838
30269,15.081781684557614
30270,15.47477988701891
30271,15.339352445778262
30272,16.557540144790885
30273,16.588652230091515
30274,14.068211886366896
30275,16.263251789553397
30276,15.457705467654066
30277,14.976089496193495
30278,15.867484477866421
30279,15.280477923286412
30280,17.36082646360402
30281,14.635034129126495
30282,13.82120011247547
30283,17.566628413052204
30284,15.751709161631124
30285,16.27227612210623
30286,15.483214278255277
30287,16.049576594149723
30288,14.888883615377795
30289,16.85446770727765
30290,16.477788102995728
30291,15.546933873676041
30292,14.12493125621203
30293,16.354636593217556
30294,15.913601965301167
30295,16.026628718537832
30296,15.747108324523998
30297,17.29329126141711
30298,15.388388647981527
30299,14.725178504905115
30300,15.349205858186872
30301,15.885747918345546
30302,15.46674463253188
30303,14.975227052520356
30304,16.223794610355977
30305,16.239333729711745
30306,15.261752977840393
30307,14.832967874829889
30308,15.138651928794205
30309,15.355158038440903
30310,14.483102641640297
30311,16.57436431493785
30312,14.606885543849685
30313,16.10888857995767
30314,16.38115881961345
30315,15.587903361135789
30316,15.419521378789842
30317,15.702958418845151
30318,17.06543798339021
30319,16.381771762249265
30320,16.104492603022145
30321,16.02650306669202
30322,15.2853322384355
30323,15.82190329148098
30324,15.185796334352808
30325,15.472134474332645
30326,15.687191574450834
30327,17.185657678231216
30328,15.194966183240073
30329,15.991057662713585
30330,14.601966864813777
30331,15.485850365291128
30332,15.843090341665786
30333,14.855794290260496
30334,15.442870006592681
30335,15.953012595943827
30336,16.893433733936185
30337,15.624120135100265
30338,15.441776111128766
30339,16.75985080876119
30340,16.270216144497354
30341,16.11206396508626
30342,16.130117773901166
30343,16.85009568730164
30344,15.648603793470462
30345,16.80738693256699
30346,18.3788263869742
30347,15.805432538101924
30348,16.126652276785524
30349,14.633534372641055
30350,18.233381360657255
30351,14.550124161221927
30352,15.066768854459921
30353,14.739638949075312
30354,14.574279216553057
30355,14.872058420800668
30356,15.666927132260573
30357,15.0322205598563
30358,15.13160215761165
30359,16.5505903407749
30360,16.529941542118664
30361,14.963575348983051
30362,16.534380742957712
30363,14.605103323570127
30364,15.763772544668848
30365,14.779308662197511
30366,15.120386591801333
30367,13.486092233541937
30368,17.797969685369345
30369,14.099262487424689
30370,15.796027066071856
30371,15.046672617633746
30372,14.209712609699924
30373,15.73375177550095
30374,16.999447628013602
30375,14.873491885087875
30376,16.187383938283038
30377,15.546654500282715
30378,15.95846047348971
30379,14.406223911587965
30380,16.605315382530826
30381,14.706269316171499
30382,14.966777188884645
30383,15.170303812699947
30384,15.224493882916882
30385,14.602224761543196
30386,17.52323622111953
30387,15.167231943782644
30388,14.783723547364783
30389,14.305542045175264
30390,15.771860492426056
30391,16.338281791649894
30392,15.688796047742295
30393,15.0938044985644
30394,14.53536717247506
30395,16.486465425534323
30396,14.305483486722776
30397,14.591822616029326
30398,14.845350515623737
30399,15.291612933969217
30400,15.296031768855828
30401,15.881770803046132
30402,15.14861874035425
30403,14.081411811483333
30404,15.692787354956613
30405,15.239594416246009
30406,14.745647031465042
30407,17.011247193083932
30408,17.29076616177921
30409,14.875212292396741
30410,14.181767066796729
30411,16.530916823748992
30412,15.327531210355103
30413,15.511226059881647
30414,15.723289393312653
30415,16.189718051777696
30416,14.733861365916882
30417,15.384677827435837
30418,15.465812005817117
30419,17.582062459267455
30420,15.322157502130977
30421,16.1897418821988
30422,16.165313140932792
30423,15.774583302689406
30424,15.275281316884637
30425,16.572000868447404
30426,16.65894940389012
30427,15.276203757183959
30428,16.02903915528664
30429,15.748888025391093
30430,14.09861150592072
30431,15.298105253493414
30432,14.031254869382904
30433,16.14492809847174
30434,15.655703838522564
30435,16.572412837134674
30436,15.374392299857163
30437,15.965500129577979
30438,16.143475606932267
30439,15.942949633989544
30440,14.206785532080142
30441,16.939423088403558
30442,14.235687351295761
30443,15.055306448987091
30444,14.947838273158167
30445,16.484453738721903
30446,16.23674910574211
30447,14.810096157863427
30448,15.68566390952897
30449,16.578155853846486
30450,16.20609866658505
30451,15.376072904608067
30452,16.50611119725245
30453,17.44033200604082
30454,16.06373017559348
30455,15.002347788974438
30456,15.957262834596571
30457,15.665029092070592
30458,16.33246083105751
30459,14.71263191335578
30460,16.346312331208054
30461,16.644980850894118
30462,15.440193148558023
30463,15.046377258370638
30464,17.255324439285182
30465,16.734001555949426
30466,16.094471189097607
30467,16.241828714201898
30468,16.082738810871877
30469,16.890191144120358
30470,15.7623216911076
30471,15.161047109708544
30472,16.007530392312155
30473,14.284300134886792
30474,16.419929621563252
30475,15.652387089771286
30476,15.639313566979549
30477,16.115215386631675
30478,15.11140784943349
30479,15.47701253150313
30480,15.925505738968226
30481,16.037617134373438
30482,16.01234552880448
30483,16.52393299508427
30484,16.940527326691125
30485,14.973761363101179
30486,16.097842721283577
30487,14.848526107310018
30488,16.05923852047739
30489,15.202513449148258
30490,15.06706420727122
30491,14.311754486648574
30492,16.51071631382265
30493,16.029971987720185
30494,15.721602619082157
30495,17.17236145084869
30496,16.918715979800027
30497,15.628530090371312
30498,14.700464019527079
30499,17.554225149789996
30500,14.365663368783746
30501,14.898380000954516
30502,15.721243983607325
30503,14.664321404491817
30504,14.782775102219317
30505,14.938636414281165
30506,14.776764027646792
30507,18.190867359755565
30508,15.62264372120174
30509,16.10161989935721
30510,15.885136541690198
30511,16.483443569572138
30512,15.288205483689211
30513,15.790818846029516
30514,16.398902581616944
30515,15.557468660194985
30516,16.360537089012727
30517,16.588431224780827
30518,16.451555223032845
30519,16.209004398004865
30520,14.805992248171568
30521,16.105247345405683
30522,16.579466657964172
30523,14.817536822455
30524,15.888508869702772
30525,15.971104338177648
30526,14.836755696188499
30527,15.68471511211596
30528,16.15272692379364
30529,14.95310911439637
30530,15.492876996237854
30531,15.060836830637696
30532,15.226973092488276
30533,14.550108505927355
30534,14.645368141433515
30535,15.777579175331704
30536,15.892517160983909
30537,13.891361387566771
30538,17.490300647680602
30539,14.881239538518196
30540,16.28947551596933
30541,14.774953225845586
30542,14.138435605614172
30543,14.998338450901183
30544,16.225500054943645
30545,15.182754877007845
30546,15.0758316242323
30547,15.117556596914932
30548,15.061738612653647
30549,17.022878342025532
30550,15.171743329370257
30551,16.000715737254986
30552,14.798354529957798
30553,15.564645563084532
30554,16.083394183977294
30555,15.559605410971866
30556,16.08172034245913
30557,15.125579166859453
30558,15.261560234987387
30559,14.03059362589825
30560,16.158322367996714
30561,17.00398182109169
30562,15.828432174394937
30563,16.462288309300966
30564,14.29391545748126
30565,15.57350682058623
30566,15.363335014410856
30567,14.737528830063754
30568,16.959951780004243
30569,16.977168009960693
30570,15.710858559489028
30571,15.271065625249319
30572,16.543598212935827
30573,15.61366752517071
30574,14.912183517033103
30575,16.233830327515545
30576,15.833304169178719
30577,15.292591730460256
30578,15.050523208627771
30579,14.239660355637842
30580,15.33826285795008
30581,16.141616937398723
30582,16.281804118979085
30583,14.83225228201924
30584,15.209272736046984
30585,16.761659251718935
30586,15.082173495684453
30587,15.2890076409605
30588,15.525887592728306
30589,16.128839630381574
30590,15.899132100980543
30591,15.243601961442234
30592,15.722023478493833
30593,14.637834127897385
30594,15.79198102008872
30595,15.416279460944022
30596,15.069844592476265
30597,15.89268716748118
30598,15.155564383647198
30599,15.505898099119179
30600,16.94001426032819
30601,15.472174606856312
30602,16.037255131568266
30603,14.783245309529935
30604,18.01470329360977
30605,14.906912316851011
30606,15.846865757627668
30607,15.485866323109459
30608,17.252813225348373
30609,14.8858514196133
30610,15.665781952627388
30611,14.559506483218126
30612,14.729285429496487
30613,14.971630185924939
30614,16.246717335518895
30615,15.875532394683539
30616,15.548106788944038
30617,15.077104239614878
30618,16.025222263487944
30619,15.418145106095063
30620,16.084515368760563
30621,15.89168132214403
30622,15.173982318208305
30623,14.820546541917468
30624,16.278838263202324
30625,16.76629535748577
30626,15.561018647489519
30627,16.051941081919928
30628,16.19385798488189
30629,14.892877196125546
30630,16.18859778324203
30631,16.628261116094276
30632,16.445970044639182
30633,13.738604962666722
30634,15.233113822919265
30635,14.471212419161532
30636,15.715783009524216
30637,15.285553506322847
30638,14.671618688848339
30639,16.544152050665524
30640,14.64219426245791
30641,15.889712416182991
30642,15.921308570694178
30643,14.499339583868464
30644,14.980049373648196
30645,15.911810012333587
30646,15.886653472975736
30647,15.347567953771428
30648,14.917598720009929
30649,14.160492671146393
30650,16.04109869842902
30651,14.025552534737772
30652,15.332594908219951
30653,16.11436044440691
30654,16.044034512111452
30655,13.711320142267533
30656,16.190539027070546
30657,17.49801016886175
30658,15.328939823174007
30659,16.536767443503273
30660,15.458302822526864
30661,16.496959139900458
30662,15.453587729555936
30663,15.94147769395919
30664,15.125808967753507
30665,17.297844875854096
30666,14.315401948805683
30667,14.83694241488201
30668,15.601405932706916
30669,16.3263429005125
30670,16.49207944539842
30671,15.894331280031533
30672,15.795487368150605
30673,16.015873470315388
30674,15.550010196533444
30675,16.03689245603996
30676,17.47795149284893
30677,15.373086809052538
30678,15.448054204048201
30679,16.08067020674535
30680,15.658114580180637
30681,15.979290485987303
30682,16.154632013701384
30683,16.639883382299608
30684,15.631862516504697
30685,15.780666153072342
30686,15.193018094622492
30687,13.879623355448945
30688,15.228420211073184
30689,14.039873379317783
30690,15.457239718449355
30691,15.215978236519069
30692,15.326158611465749
30693,15.500860575767138
30694,17.090446247276102
30695,16.68058160372424
30696,14.873065919754485
30697,16.222263517945425
30698,15.223617403358261
30699,15.507133355749993
30700,14.686116493126105
30701,14.863019059631407
30702,16.532340233942012
30703,15.456766077444916
30704,15.414952424258518
30705,14.863754027845248
30706,16.367515303659562
30707,16.677680564238823
30708,16.65013725480469
30709,15.04175758851539
30710,14.331720559492041
30711,14.465144084075952
30712,15.749911281338434
30713,15.036670063158374
30714,15.41681465790335
30715,14.98170987407349
30716,15.369138859117006
30717,15.730763523402404
30718,15.621700871417088
30719,16.02594691986865
30720,14.024630680205213
30721,15.457767847923394
30722,16.59474224926019
30723,16.169747228764745
30724,15.644441079435968
30725,15.871520778574448
30726,14.490526873636258
30727,15.489408464841599
30728,15.25294213778605
30729,17.045688241296283
30730,16.166543473405316
30731,15.824819521313785
30732,15.72633859253715
30733,15.835033045428197
30734,14.68254720184216
30735,16.188482584921505
30736,15.228481969691215
30737,15.69329249331962
30738,15.818899762877399
30739,16.289211770160136
30740,16.17941251229254
30741,14.832534691711851
30742,15.767334952383521
30743,15.097069846096785
30744,16.243169853715358
30745,16.11549559191151
30746,14.358304696228732
30747,15.088797603069722
30748,14.9269700344467
30749,16.70562833510969
30750,16.050548615447102
30751,15.31680213904737
30752,16.432740142208733
30753,15.34376065327249
30754,16.10558743724717
30755,15.630697107810837
30756,15.315828015802277
30757,14.366699075598921
30758,15.626027847210434
30759,15.495925112128637
30760,16.496881277051884
30761,16.013916413291472
30762,16.635261984786208
30763,15.526215266725337
30764,16.261188687167532
30765,15.654473031008857
30766,15.598497130301086
30767,16.079392326482843
30768,16.290481155363004
30769,16.12855739152007
30770,15.721636114086184
30771,14.490985919924396
30772,14.913097039671756
30773,14.343241891858275
30774,14.861754020176141
30775,13.955217514707595
30776,16.16511858860576
30777,15.555048839117461
30778,15.39011938299892
30779,14.470250053521303
30780,14.424552126474147
30781,15.229428550121762
30782,14.41355476500798
30783,15.449470764124952
30784,15.664391683484643
30785,15.291012671314856
30786,15.517871111730717
30787,13.556066200448255
30788,15.157007201901013
30789,15.551707811870317
30790,15.571240175983853
30791,15.580638551637128
30792,15.39569267972564
30793,14.566246539421837
30794,13.989608208086521
30795,14.676882179676822
30796,15.834659372380953
30797,16.64924657994997
30798,15.679502402816931
30799,16.54484533541388
30800,16.20547230703876
30801,15.61814350684735
30802,15.814237812704926
30803,15.827652268606798
30804,15.557959795964505
30805,15.932881330079402
30806,15.777444643085623
30807,14.482820569111798
30808,16.32564611074122
30809,15.14399468677007
30810,16.05059756034715
30811,16.34049160564905
30812,13.982646883958315
30813,14.892221387303696
30814,16.406955482241678
30815,16.33765066318064
30816,16.90173188842402
30817,16.953913135779416
30818,14.690164094304784
30819,15.694693438966054
30820,14.982895000120164
30821,16.047369191718225
30822,17.289122617712277
30823,13.347380771776733
30824,15.836812251353132
30825,15.429333946685677
30826,14.806155994655086
30827,15.919656683657799
30828,16.009236567072033
30829,14.79910280066713
30830,15.427513407129245
30831,15.209787988308094
30832,15.912180385343973
30833,14.064081091963123
30834,17.195899149491968
30835,15.164065185934257
30836,15.363733907751213
30837,15.802306897603234
30838,16.21921384763917
30839,15.405088839481055
30840,15.938970387524003
30841,14.200064749557722
30842,15.964243496387521
30843,16.583718447769325
30844,16.515553394856894
30845,16.02658625610348
30846,15.417709711069957
30847,16.319605675917494
30848,15.183288359852524
30849,15.762562043424964
30850,15.739582053534301
30851,15.258891009822262
30852,16.09275881451358
30853,16.252776898553716
30854,16.497319210147904
30855,15.272068426366479
30856,16.2265129143017
30857,14.63923491203167
30858,14.470688403486893
30859,17.7202295011278
30860,17.06011396613398
30861,17.545127469379757
30862,16.157523630529514
30863,15.205376408648315
30864,14.512016881380122
30865,15.877196934541148
30866,15.506252164962426
30867,14.572164380222311
30868,16.164401548228405
30869,15.586951865799525
30870,17.549044815202397
30871,16.645453725104534
30872,15.829706710534055
30873,16.233576798870065
30874,15.465278338685232
30875,15.855959044298418
30876,15.48129112178518
30877,15.845054998211008
30878,16.351750284417577
30879,14.802969047362568
30880,14.663109383949667
30881,14.050968571216934
30882,15.755552530544694
30883,16.167061852621103
30884,15.347495044710561
30885,15.917514878609273
30886,14.669401741757017
30887,14.887944502940265
30888,15.682098361872587
30889,14.773662672639016
30890,14.828113847229112
30891,14.285079290480153
30892,15.004782179972334
30893,16.05109422409869
30894,16.14381978675603
30895,17.203805414593006
30896,15.115691220064765
30897,16.68703356837544
30898,16.864407893113384
30899,15.209985483091415
30900,15.903609932315868
30901,15.996328182689524
30902,15.552546143413643
30903,16.5964998107058
30904,15.299496786331904
30905,16.210128798591796
30906,16.489071535602704
30907,17.116364996097666
30908,16.2362914789125
30909,15.899146914744055
30910,15.06599025478651
30911,16.384960801982533
30912,15.661071845623031
30913,14.458707764842009
30914,16.372217499823893
30915,14.54255368180851
30916,15.775773730772185
30917,14.540053531320268
30918,14.60104744299755
30919,16.12944717039836
30920,15.38573595471137
30921,15.55862360229925
30922,15.002806382044666
30923,15.498287138154838
30924,14.485244249859328
30925,14.502646931607712
30926,16.16275334866402
30927,16.720723248916112
30928,15.927527015386888
30929,16.735209901104895
30930,15.3548930279883
30931,16.34044971483014
30932,16.207194654530078
30933,15.343559638404411
30934,15.567579767624059
30935,13.670712585538332
30936,15.5695344220794
30937,14.64843667966143
30938,17.739011540535564
30939,14.480043962789694
30940,17.40325122924501
30941,16.104096627898862
30942,17.3608088106604
30943,14.428381561920153
30944,16.189925687914286
30945,16.320619958250795
30946,15.849880471456835
30947,16.388027535614928
30948,15.184807956393852
30949,16.269084001991473
30950,15.73264228517703
30951,16.10507311593863
30952,16.618111769785113
30953,15.02675216214616
30954,15.638697778018425
30955,16.050422085648815
30956,16.65249711617518
30957,17.05148324093699
30958,16.2950408839481
30959,15.801444369946033
30960,15.857413351936914
30961,14.514251443940042
30962,15.936605076039893
30963,16.233159343612346
30964,15.648096749202551
30965,16.03560598268911
30966,16.367954744083157
30967,15.702160259660198
30968,14.851658709914867
30969,15.464647558924858
30970,15.872072032864079
30971,14.59635781038732
30972,16.761388310047682
30973,14.863116105006181
30974,16.35046808425781
30975,14.773638734343113
30976,14.96166000334216
30977,17.016944308395804
30978,14.37919902008534
30979,13.959387770255509
30980,15.962645952651743
30981,14.341308953839452
30982,16.704184587443166
30983,15.127567865465657
30984,15.312401289681109
30985,16.319395969270914
30986,14.97362636173712
30987,15.527722545176188
30988,14.751735936043566
30989,14.543960833463736
30990,15.341703349464572
30991,14.808608871308376
30992,16.30708470303203
30993,14.881822908781034
30994,15.387511627138966
30995,15.467893156050938
30996,16.360643536134546
30997,16.07644763038429
30998,15.939480070736634
30999,15.412086117182975
31000,14.004972883374434
31001,15.040683147140692
31002,15.519356312512395
31003,16.744693932459874
31004,15.440088560045083
31005,15.585518708479364
31006,16.02284450623421
31007,14.368526302460985
31008,15.256499607861318
31009,14.928213796571898
31010,14.67565328475203
31011,15.203169354842487
31012,16.272400800945814
31013,14.284473648117629
31014,16.642643989121456
31015,16.21350181703543
31016,15.491279693896804
31017,15.96634776380991
31018,15.915821371405007
31019,15.879564328108025
31020,14.652691459566308
31021,15.780965830156315
31022,15.371114099880497
31023,15.502011767366685
31024,15.036055597107367
31025,16.67499636140808
31026,16.03959687798415
31027,16.904540248406402
31028,16.301502759981254
31029,15.143796940060883
31030,16.975004431492273
31031,15.005194365614923
31032,14.557812290816965
31033,16.527464329143395
31034,15.39491502528602
31035,16.775317259266387
31036,14.33187780849532
31037,16.781742352284727
31038,17.64541952199493
31039,14.877001940737399
31040,16.54562669984334
31041,17.049039814406292
31042,14.43758850334809
31043,15.3675424967328
31044,14.105561307656773
31045,14.117614254199655
31046,17.182957998334377
31047,14.849381508753806
31048,16.335924326115677
31049,15.891961393305255
31050,17.72505232371218
31051,15.03537824865826
31052,15.708951856930772
31053,15.943862314378334
31054,14.92263823161449
31055,16.165479718520213
31056,15.320490479769473
31057,15.579078441273332
31058,16.241463636015705
31059,16.081623403029717
31060,16.791463268641394
31061,14.155066507098708
31062,16.715986861492144
31063,16.686951783828242
31064,15.361879983785165
31065,16.425982203026003
31066,15.781721430134166
31067,16.534030641897683
31068,16.158178002765226
31069,16.247780716627645
31070,16.837087065932128
31071,15.507758160656008
31072,15.566822688858645
31073,15.68679327517571
31074,14.83781418247487
31075,15.675745347621783
31076,14.90126800777239
31077,15.854041261450147
31078,16.01260533936988
31079,15.105809814750922
31080,14.287737538138218
31081,16.417733607349742
31082,14.472672876794725
31083,15.123122613807467
31084,15.905663534104749
31085,15.840856900206363
31086,16.149684605956974
31087,15.72242551070233
31088,15.79744975392926
31089,14.574708452087778
31090,16.770527799831555
31091,14.86062151748812
31092,16.769683443866185
31093,15.947287990306197
31094,16.706440862460457
31095,15.83336627629102
31096,15.701216000397576
31097,15.986792376318974
31098,15.292396270913262
31099,16.096394578143194
31100,14.113478195535189
31101,17.241593906369058
31102,16.139977352154993
31103,16.521817014679772
31104,15.950062438110391
31105,16.748913239244008
31106,14.689098867438664
31107,15.848635576497298
31108,16.70069218532649
31109,13.99342086028018
31110,17.40811710507802
31111,15.51001920179239
31112,15.573309072884445
31113,14.537248226589009
31114,14.941623045766843
31115,16.100673230564833
31116,14.661276186822928
31117,14.916039113024398
31118,15.533786613649546
31119,14.383720149863867
31120,15.638929478086983
31121,14.80066383853397
31122,16.99336440804115
31123,15.249869370289456
31124,15.98010986783604
31125,15.919161709797544
31126,14.962468235651263
31127,15.029440532838734
31128,15.240625470718609
31129,14.334067719617478
31130,15.652601163925773
31131,15.463583421648872
31132,16.516459884462236
31133,17.11849157720937
31134,15.295124253766168
31135,15.254981419966805
31136,15.463228304015207
31137,15.27513442793743
31138,15.864842625005124
31139,15.200999026878426
31140,15.396345712438457
31141,15.717947783205252
31142,15.409593451070148
31143,14.624313493901262
31144,16.767110404727926
31145,17.18278283955891
31146,17.096635974590097
31147,16.87493337289401
31148,15.709588141277266
31149,14.80434787716493
31150,16.97695003038246
31151,15.902351991101657
31152,15.460938035112306
31153,16.09666175724825
31154,14.305084839558965
31155,14.078837502956302
31156,16.32274697195196
31157,16.135947646444258
31158,16.169000503736363
31159,15.20288979835566
31160,17.608077711440693
31161,14.461438786066243
31162,15.44459058396513
31163,14.303333115771533
31164,16.739394787235057
31165,16.044412015954787
31166,15.897208995957026
31167,15.832816190068028
31168,15.95051532208957
31169,15.91236976452841
31170,16.391252115958206
31171,15.639847276082742
31172,16.77724413476929
31173,16.63240645708048
31174,15.917034489320985
31175,16.406070416202247
31176,15.893781256991923
31177,14.760334200292224
31178,15.967913888017332
31179,17.109576200585316
31180,14.924752463933698
31181,15.465661060409193
31182,16.6400926850943
31183,14.413850464243216
31184,15.191373411034535
31185,16.08331488818543
31186,15.116233028058103
31187,14.769503875652832
31188,15.151118176042878
31189,15.26971106230284
31190,14.037676133408821
31191,15.544989072492987
31192,14.6963491515636
31193,16.10071991607328
31194,15.932525886452881
31195,16.49875789888494
31196,14.997352435983105
31197,16.8758500708132
31198,15.725528012688143
31199,16.35782413991361
31200,15.918926298961683
31201,16.136399303557
31202,15.868937879279024
31203,14.31428980072037
31204,15.042303407385887
31205,15.664106158061578
31206,16.69640646175016
31207,15.602129834861607
31208,15.604368645518447
31209,14.743779189777506
31210,15.495252160625665
31211,16.89646652731995
31212,17.867843767140098
31213,16.3478306471718
31214,17.84165529595256
31215,16.411716859537993
31216,15.933672755673184
31217,15.496171174767662
31218,16.97173964256449
31219,15.71140694573108
31220,15.950689284642385
31221,14.47482068029653
31222,16.79897546872366
31223,15.19648928824523
31224,14.95204702063244
31225,16.500480744691895
31226,16.48604688169351
31227,15.561645138546421
31228,15.83553389473907
31229,16.89096298778018
31230,18.106474664382148
31231,15.098399569846938
31232,15.125305983324978
31233,16.57871903749977
31234,15.87504781105682
31235,15.981362186145153
31236,16.639642244310238
31237,16.697630561267268
31238,14.882117419637407
31239,15.251577656394195
31240,16.279662490570022
31241,15.075099921053887
31242,15.005687793247551
31243,16.47948995985163
31244,15.061388275447651
31245,15.972792766291438
31246,14.789972811662736
31247,16.523091050226522
31248,15.635958513181887
31249,14.9744996837267
31250,14.032272180576038
31251,14.584140718602102
31252,15.1326224934055
31253,16.35501612337059
31254,16.387192607642525
31255,14.279154293743831
31256,15.191136595428882
31257,16.695585968769098
31258,15.246241468630254
31259,15.315859664157147
31260,15.787979158632487
31261,16.576632616174003
31262,16.284983319647704
31263,14.896669996713158
31264,15.370816803296803
31265,15.90965306570607
31266,16.041547516338987
31267,15.487095459423347
31268,15.454776861409862
31269,15.652047410059208
31270,15.023829235120765
31271,14.677655793758252
31272,15.987982462034449
31273,15.733535785443463
31274,14.511221806775216
31275,15.413030799447954
31276,16.00936198566661
31277,15.215560324190646
31278,15.05144837360772
31279,17.447306737577723
31280,14.790747535936799
31281,12.935261433895995
31282,15.601369520752776
31283,15.604817266535076
31284,16.103915019693716
31285,15.10673229908151
31286,16.321884091636115
31287,14.735862330883132
31288,14.728702307768796
31289,15.380731926216107
31290,14.37392527002377
31291,15.93534393332572
31292,15.659500566041984
31293,15.61938149989533
31294,17.136954146558303
31295,15.841974166551418
31296,16.326817455108568
31297,15.487871945909617
31298,14.999434661767383
31299,13.693270434574181
31300,16.010722209401084
31301,15.83823113871174
31302,16.204478864024672
31303,14.965777745323624
31304,16.027306189986657
31305,15.690813371022257
31306,14.7939450262964
31307,17.231295701179764
31308,16.412948156244994
31309,16.232860453525706
31310,15.653516336442562
31311,14.76900624673181
31312,16.45516857555821
31313,15.256152742797271
31314,15.10766594991642
31315,15.478031440810247
31316,16.48055528900248
31317,15.029625524689513
31318,15.08579435041718
31319,15.10299910358409
31320,15.710193436661646
31321,16.142657728988656
31322,15.924852232135882
31323,15.462491378778244
31324,16.695236748566835
31325,15.721803234674594
31326,16.258825655197437
31327,15.623702656363761
31328,16.197357533663382
31329,15.710503157696989
31330,14.626700935077215
31331,17.64654560374028
31332,14.464281279332122
31333,16.192087532738018
31334,14.408566895852566
31335,15.801575268639432
31336,13.647535123905364
31337,15.549260747172847
31338,16.121053220651756
31339,15.744453303384995
31340,15.511270109745546
31341,16.88207885756743
31342,15.540307235587195
31343,16.2802172383163
31344,15.272440615092467
31345,15.698972371601247
31346,16.395361705572814
31347,14.078300047162802
31348,16.119681679186908
31349,15.61362647067344
31350,15.626563005242327
31351,15.017524764059225
31352,14.96476805765254
31353,16.236123780966654
31354,15.664451136129351
31355,15.763353093716601
31356,15.950403821370266
31357,15.101746031117557
31358,16.116631096481967
31359,13.955536600544356
31360,14.916072606107525
31361,16.415219354349855
31362,14.826706053962106
31363,16.046843627375488
31364,15.504784655037382
31365,15.86078662905521
31366,15.386019929799508
31367,16.191171945395965
31368,16.236961403462026
31369,13.790573804380676
31370,15.740260488086362
31371,15.681763531649263
31372,15.29080607559694
31373,16.790481975402958
31374,14.105903887710014
31375,14.979064967715889
31376,14.660718678753001
31377,16.53296388806497
31378,15.518365188832824
31379,14.5483893907011
31380,15.24909952477686
31381,16.06288391308533
31382,15.871808939157875
31383,15.269069938098836
31384,15.41398860612551
31385,17.36847575748074
31386,14.785459520399131
31387,17.401973911630414
31388,15.374385139744014
31389,16.550222622402462
31390,16.40911549344328
31391,15.502061503066441
31392,14.550521948885377
31393,14.509648213229164
31394,14.307442101210134
31395,16.819971138420414
31396,15.401216877821957
31397,15.733507219468704
31398,15.377587835394728
31399,16.101675227726737
31400,16.154354857437447
31401,15.111464137435561
31402,16.555394933307234
31403,16.07913567526792
31404,15.675209382603807
31405,15.758626529102647
31406,16.664080640992847
31407,15.610603809231351
31408,15.766575313851327
31409,16.244724824114783
31410,14.093406262539867
31411,15.58603985535836
31412,15.607262349176809
31413,14.736694242779118
31414,15.33181982697513
31415,15.145211686883004
31416,15.02518978596475
31417,16.209579086608244
31418,15.893361291292413
31419,14.346664547146586
31420,16.23161142970861
31421,14.514626902926084
31422,14.623179146950863
31423,14.95863658464253
31424,14.691299437700799
31425,15.85931264813599
31426,16.35409289273302
31427,16.60930338367973
31428,15.654484278246
31429,16.27011009511069
31430,15.081439648367647
31431,17.21813674401993
31432,14.498781171432201
31433,16.661369266260333
31434,15.01395280483597
31435,15.544723318183404
31436,15.750725792421235
31437,16.180454379674725
31438,14.89990989278942
31439,16.11979845764138
31440,15.13705210617734
31441,15.81255591918523
31442,15.005731149967467
31443,16.61631452939277
31444,17.228880610893054
31445,15.285423648427313
31446,17.592623426068222
31447,13.982319150405809
31448,16.6891265569034
31449,16.57381828641554
31450,16.894763057121718
31451,16.174518492551613
31452,14.918442535128866
31453,16.642947499244052
31454,16.897796328322638
31455,15.19961505696271
31456,16.134839930192243
31457,14.194725391009786
31458,15.450300439013839
31459,15.117061649256986
31460,16.70193277930689
31461,14.951938649867081
31462,15.958134706200779
31463,14.903351133129961
31464,15.46336192595377
31465,16.47270642106499
31466,15.494869746245831
31467,15.15773384073651
31468,15.508241681569709
31469,15.419979912120349
31470,15.853717870891161
31471,16.302324736754638
31472,14.784768934326786
31473,16.457336562041956
31474,15.445777983424126
31475,16.29462493660581
31476,16.1334122236554
31477,14.989492771594726
31478,15.834129061078904
31479,14.57039854183411
31480,15.562835009372371
31481,15.07127675974361
31482,15.642504033612166
31483,15.547273121038259
31484,15.30916106493905
31485,16.267351838294438
31486,14.923182387376446
31487,14.77734608635461
31488,16.500954362583816
31489,16.466096439316576
31490,16.094049364293753
31491,14.796933258025318
31492,15.587336413772096
31493,14.683015746365548
31494,15.381911273221364
31495,15.432677831024678
31496,16.86741502838733
31497,17.101829438175603
31498,16.067277357490337
31499,15.416499803897276
31500,14.867115762200466
31501,16.08165620773866
31502,15.992935636482274
31503,15.100125473737332
31504,16.635358231544963
31505,15.570160605274614
31506,16.16082637679037
31507,15.366061467179719
31508,13.909839959611963
31509,15.986589702597275
31510,15.789469414437733
31511,15.257967958607429
31512,16.635443952694697
31513,15.344126993607595
31514,16.319233649722783
31515,15.357783113790354
31516,16.833999976918143
31517,15.534416675311762
31518,15.987702671320374
31519,15.700487961206282
31520,17.109123951602623
31521,16.592220395542334
31522,16.375516365241964
31523,15.880657320945202
31524,14.940780540496903
31525,15.666951348236573
31526,15.3614324770694
31527,13.8431119977281
31528,15.636759653433458
31529,16.18177470279073
31530,16.512764801327876
31531,14.896108414031408
31532,15.912587116831261
31533,14.778709206978371
31534,14.720406038141382
31535,15.15667104633445
31536,16.906895570674884
31537,14.303388765934573
31538,15.9969306122734
31539,15.4268860858907
31540,15.183176303107846
31541,15.061823272155621
31542,16.27898246612258
31543,16.822859454533486
31544,15.523484227569208
31545,16.227993339429315
31546,15.245211036428435
31547,14.155182498946415
31548,15.91509607345233
31549,16.056916490406834
31550,15.302708710869046
31551,15.200654412883456
31552,16.221117663864444
31553,14.274448592438736
31554,15.300478729243752
31555,16.438596896297344
31556,15.862017561537398
31557,15.758748071481667
31558,16.44193396858502
31559,16.823739887690213
31560,15.640108370404914
31561,15.547904248694401
31562,15.915667183986775
31563,15.187180530044941
31564,16.308546157332252
31565,15.256012010573828
31566,17.08662755437222
31567,14.822061970857096
31568,15.630364250495116
31569,15.188884746955063
31570,16.33467187457465
31571,15.620794909709337
31572,16.051235243026355
31573,15.822557970137048
31574,15.865167861815562
31575,15.279062525491275
31576,14.801376881104758
31577,15.813892821540257
31578,16.575671963859993
31579,14.886980445872997
31580,15.932141266750502
31581,16.034856424632217
31582,15.049631901871336
31583,16.6870129445127
31584,15.76562349910077
31585,15.89434983867147
31586,14.778755113718834
31587,15.948440992977648
31588,15.217554394133243
31589,15.083654625482326
31590,15.64007367085748
31591,16.807957908629316
31592,16.34343014142916
31593,14.581161560267047
31594,16.397876949136016
31595,15.538329888795161
31596,15.983162764032675
31597,15.319322445031998
31598,16.079490687302496
31599,15.550589248032873
31600,15.557137907593008
31601,15.431316020000654
31602,17.01287155607203
31603,16.02585327068581
31604,15.190756100321721
31605,15.640735486707678
31606,15.88351016220139
31607,14.664783526047223
31608,15.831088194635207
31609,15.595502703987252
31610,15.4403044467468
31611,14.560112415242392
31612,16.88399647342621
31613,16.22081679451961
31614,15.885616193451256
31615,15.97320113786795
31616,15.207315695829573
31617,13.529412747006297
31618,15.659785077489143
31619,16.878180964088006
31620,15.726800701924654
31621,14.92151986899313
31622,17.14177815697512
31623,14.896339248280182
31624,15.380057132988973
31625,15.860795462600557
31626,15.47364242974706
31627,16.339664524690033
31628,15.050890903074878
31629,15.789259141736308
31630,15.146491500596976
31631,15.271785274793118
31632,14.451617837940255
31633,14.778772381142915
31634,16.44787400288229
31635,14.843790691099317
31636,15.844723641341112
31637,15.760979955099623
31638,16.30547086151165
31639,15.789671878615287
31640,16.07616629912935
31641,16.35311468017772
31642,15.105920358608206
31643,16.6660904762404
31644,14.81042036779282
31645,14.00293284271247
31646,14.611823212447279
31647,16.636608438993605
31648,14.860902807159023
31649,16.25677769597764
31650,16.878968925179574
31651,15.064381217614358
31652,15.774201774436326
31653,17.05101715271244
31654,13.162348964714917
31655,14.914831555636178
31656,14.586759547536326
31657,16.23382801340168
31658,15.542291359422075
31659,15.634360898035268
31660,13.788918259193126
31661,15.815907566009237
31662,15.713523245804241
31663,15.270001418722542
31664,14.76234254406871
31665,16.814863267865007
31666,15.536754492050294
31667,14.989902117379073
31668,15.300187406393412
31669,15.524591888964713
31670,15.792197519498968
31671,16.363999724380783
31672,15.259927148216098
31673,15.532327141567176
31674,15.386318386242003
31675,16.116648745146495
31676,15.808178562580412
31677,17.879489418037622
31678,16.488932486387416
31679,16.941815328266774
31680,15.285761559532775
31681,14.722310564153652
31682,15.036388601140054
31683,15.052798478872939
31684,14.715947121629144
31685,15.549398749649157
31686,16.05315324541232
31687,15.508906055849003
31688,16.380595718706548
31689,15.923134767209936
31690,16.486670955813718
31691,14.585879606290938
31692,15.468959563271522
31693,14.375161120570485
31694,16.203997712933365
31695,16.27559505269345
31696,14.40453816282368
31697,15.84306456122908
31698,16.47028215975786
31699,15.316264327431929
31700,16.133101373782278
31701,15.982729731161013
31702,15.796706562932359
31703,15.88663674620681
31704,16.073719262127927
31705,15.469371949064085
31706,15.026831990553802
31707,14.687910290602552
31708,14.641467714361275
31709,16.157234976418923
31710,13.247884562730182
31711,16.21595527877641
31712,15.483686827819326
31713,15.180885002781176
31714,14.71476308785639
31715,14.393656716604228
31716,14.653819846329935
31717,14.670911913630944
31718,16.099574429423537
31719,15.94996538066078
31720,15.223060337140403
31721,15.748192990932973
31722,15.09201555358957
31723,15.76584736554161
31724,16.204732354902966
31725,16.687217068957242
31726,15.417568850865988
31727,15.642266021191851
31728,16.40542310861445
31729,16.701165710970066
31730,15.044637939561921
31731,16.330669937986706
31732,16.94368504214817
31733,15.355450733282265
31734,15.288151408147188
31735,14.88142935068671
31736,16.094790072877988
31737,15.547734532709425
31738,16.395211694997247
31739,16.195916324567275
31740,17.14734134819406
31741,16.98412543146528
31742,15.11145760943788
31743,16.521509326767767
31744,16.233913490129666
31745,15.500352968849056
31746,14.376273493276674
31747,16.34755859205005
31748,17.305697989363804
31749,14.49091877068133
31750,15.64771203970088
31751,16.244052985465775
31752,15.140494104038359
31753,16.99252740680555
31754,15.282725333147711
31755,15.497385154998787
31756,16.430331008206153
31757,17.552973808929764
31758,15.65423892241454
31759,14.78944457696983
31760,14.929291593776318
31761,16.86919387557347
31762,15.35932204522678
31763,15.507042028333768
31764,15.699157841076719
31765,13.826268210793199
31766,15.319344141616762
31767,16.590004877625606
31768,14.578664356369044
31769,14.473990601072883
31770,17.473305875828093
31771,15.424482612994883
31772,16.16472864599817
31773,16.740029006567823
31774,16.74337839902938
31775,15.214568558175275
31776,15.12913896833782
31777,15.93503224190253
31778,15.204458030081717
31779,15.003220293607427
31780,15.605392607825154
31781,16.24577142555777
31782,15.259328398341852
31783,14.285910652102094
31784,15.362684815430459
31785,15.77260411407134
31786,16.040796742513024
31787,16.255131042821073
31788,14.968701406505883
31789,16.5040631686322
31790,15.093084434463618
31791,15.52829962709116
31792,15.46817822274402
31793,14.972622578529577
31794,15.261347755558669
31795,14.603421880192915
31796,15.670235766640834
31797,16.17355327077315
31798,13.821487932066141
31799,15.559120829012027
31800,16.9879137654026
31801,13.673600836982724
31802,17.023280439968364
31803,14.315481758233043
31804,15.51241031932297
31805,15.806718458555284
31806,15.715830931975958
31807,15.902109579841174
31808,15.553604290988554
31809,14.858976763056665
31810,17.286215653385597
31811,16.629291781675956
31812,15.586588574647589
31813,16.398377495175716
31814,16.180405667212884
31815,16.60329933671069
31816,15.48726767965677
31817,15.194864512617169
31818,15.411192261519655
31819,15.686299569616947
31820,15.304641928285655
31821,16.302885483723326
31822,14.835841059503323
31823,16.123513034461986
31824,14.609310034325691
31825,16.974182418356072
31826,15.064652441082316
31827,15.242268699261578
31828,15.956719150929914
31829,15.75505698262061
31830,14.735907861455424
31831,17.105892562086932
31832,17.15344353720356
31833,14.712050355431616
31834,15.150457211149067
31835,15.188260812058052
31836,16.513214653409403
31837,15.578801713831433
31838,16.040528597895637
31839,17.043810581097883
31840,16.23896505930204
31841,15.562349944290812
31842,14.525721622052897
31843,16.538268577212595
31844,17.708103847113456
31845,15.738742414461473
31846,15.581794775921477
31847,14.038900686569189
31848,16.811388900500564
31849,15.965796160329004
31850,15.511735482320491
31851,16.84052146328577
31852,16.286986925599958
31853,15.222654808662053
31854,15.080667065181833
31855,17.16358088434785
31856,17.170755166297347
31857,15.920141862120838
31858,14.387691481452897
31859,15.057002201000946
31860,16.017868832876434
31861,16.624500175581172
31862,14.666238517684718
31863,14.374038139145492
31864,15.407366500586516
31865,16.810551509762984
31866,14.712506960421162
31867,14.187367251726679
31868,14.562420697899013
31869,15.497439744257502
31870,15.552462988570765
31871,15.265725638515633
31872,14.522414336365493
31873,15.843696301671809
31874,16.57868676471168
31875,16.585892619023554
31876,15.50833443857785
31877,16.235329709947713
31878,14.347217385534025
31879,15.789807295047098
31880,13.00001718775071
31881,15.703851249469144
31882,15.508381229488103
31883,15.785858755105066
31884,15.297016731881467
31885,15.131924557876486
31886,16.281299585364295
31887,16.116992271290908
31888,15.180334577157216
31889,15.784382085748838
31890,14.292576269084588
31891,14.998748927802588
31892,15.954571600563947
31893,12.653165580193969
31894,13.477666981233696
31895,15.780155852698636
31896,15.659047179571516
31897,15.485341674414688
31898,16.935349083896885
31899,16.740495490175412
31900,17.038979668310585
31901,16.586098631438666
31902,15.196346822094991
31903,16.398696398816828
31904,14.400898729932642
31905,15.47822406765625
31906,16.929676653528677
31907,14.642375487660674
31908,15.268500461411817
31909,16.171794215951742
31910,17.332970431837282
31911,14.69775823263083
31912,15.219906162217285
31913,15.685887937606145
31914,15.594519753848987
31915,16.66814815552766
31916,15.03490430962922
31917,14.813517465933735
31918,14.149703355224702
31919,15.25050517198502
31920,16.96358715442655
31921,17.600035480132377
31922,15.100065554871636
31923,15.839417467482157
31924,15.781858810305918
31925,16.322416474454016
31926,15.242643118142544
31927,15.69761713392823
31928,16.040543425427984
31929,16.211440675253403
31930,15.563377154263375
31931,16.04592610336161
31932,16.697784234709232
31933,16.523641597222838
31934,16.131708763786744
31935,15.814966846726149
31936,15.258392211520741
31937,15.336094697654437
31938,16.069632073127426
31939,14.298241339149785
31940,15.928463431151302
31941,15.14116493476703
31942,15.340607287686748
31943,16.378160087147805
31944,16.250788892565332
31945,14.666556032632169
31946,15.545717202829557
31947,14.682966140846325
31948,15.783866428294406
31949,15.830197511602664
31950,15.847419595268724
31951,16.17447787987119
31952,15.160879488023433
31953,16.359779603190372
31954,15.513843896903133
31955,14.886347438096733
31956,15.719043161560107
31957,15.832900224051611
31958,15.932028853825114
31959,16.05131732655482
31960,15.585778351285663
31961,15.598538738877176
31962,15.261098517874178
31963,15.691861598512263
31964,15.091580538041445
31965,16.219036082904
31966,17.1473178338253
31967,17.72463397276937
31968,16.673473436976845
31969,16.027549745980274
31970,18.160795695759937
31971,14.691795643780683
31972,15.760582984674796
31973,15.192108557296368
31974,15.90385354995515
31975,15.871366475956613
31976,15.017794455979994
31977,16.08003567713456
31978,14.69904512625635
31979,16.678904884153724
31980,14.547851810223408
31981,15.732573267531938
31982,15.120344341351728
31983,15.114141036517223
31984,15.207649668976579
31985,14.459834713985298
31986,16.15830151308742
31987,15.748699247910096
31988,16.501920758258443
31989,14.938479025244563
31990,15.129857865580323
31991,15.516090058282327
31992,15.454703131342747
31993,15.095231035322756
31994,15.760351776533218
31995,15.702261042403576
31996,16.398443325942893
31997,15.851997106451796
31998,15.29247396341856
31999,16.682236452950573
32000,16.651799273280808
32001,15.19375183868121
32002,15.955244977514885
32003,15.560101398611392
32004,15.394439010894827
32005,16.15228063475897
32006,14.7080645698722
32007,16.15075083331062
32008,16.095559450736857
32009,15.100392833471881
32010,15.245997058371547
32011,16.81416177201584
32012,16.019959013862618
32013,17.254302691590954
32014,16.46703555055331
32015,15.248539254952503
32016,15.326788692757063
32017,15.006902520574652
32018,16.254743876974533
32019,14.851331781854155
32020,16.580179980780034
32021,15.992054970522013
32022,15.534814462468885
32023,16.18757210915548
32024,15.0594706131554
32025,14.672955600097005
32026,14.785140525349343
32027,15.990767263978821
32028,14.670600775244802
32029,15.534231597673127
32030,13.517823582969031
32031,15.629823633326723
32032,16.048477356454434
32033,15.341426992428733
32034,15.261599646785575
32035,15.734296967479002
32036,14.69551433880895
32037,14.437134772398418
32038,14.425315161335146
32039,15.54611534283749
32040,14.59012262797871
32041,14.8542782472145
32042,16.221171687957767
32043,14.254061872651485
32044,15.730081034449967
32045,15.82724341066415
32046,17.68837222364137
32047,15.976251343518125
32048,15.086052283258361
32049,16.068020178456297
32050,15.423675061840484
32051,16.82538784212172
32052,16.636700558730322
32053,15.566938254980567
32054,15.83682451724157
32055,15.911986307525845
32056,16.855371621962508
32057,16.17233885832158
32058,16.442690054214935
32059,15.389823982830759
32060,15.21117798938454
32061,15.021449175479226
32062,16.317639941074734
32063,15.885262952757314
32064,15.2961495098358
32065,15.211554894246724
32066,15.041305931091918
32067,15.759170480245043
32068,15.463521285168166
32069,16.666756933015318
32070,16.17480243630265
32071,14.78492175139965
32072,15.712892139176507
32073,15.22707881034442
32074,15.417195563260119
32075,15.596169460502516
32076,16.27021828982023
32077,15.44083888869289
32078,15.200848263491753
32079,15.354804742555222
32080,14.74800692605679
32081,14.424716891864133
32082,14.179368795042564
32083,15.70138078459899
32084,16.35310631545529
32085,15.124718788269735
32086,16.929802890103343
32087,15.446803791995812
32088,15.06606490444966
32089,15.41435301188425
32090,14.764943677535907
32091,15.97042011837979
32092,14.516416492517326
32093,15.218594013015144
32094,15.229520179100794
32095,17.44105075626918
32096,15.770497694624291
32097,15.35458513936267
32098,16.030412928072323
32099,16.50710724539931
32100,16.212089804399294
32101,15.808157161009225
32102,15.21070752256401
32103,15.820308341707246
32104,16.911731955381125
32105,16.366723848285297
32106,17.429990932616665
32107,14.894161479645017
32108,15.700283751520182
32109,15.128673308140517
32110,14.695833258415632
32111,16.03297650195185
32112,15.020778700383651
32113,15.02998226641589
32114,14.961501978745686
32115,14.78007382257155
32116,16.34383955588014
32117,15.81986427451891
32118,15.360112252065415
32119,16.234526865904336
32120,14.337058183059758
32121,15.894710407144654
32122,16.901718785483837
32123,15.63346139954302
32124,16.656836245854908
32125,15.091400557780055
32126,16.64360907565882
32127,15.542791505616206
32128,15.436068981124972
32129,16.95719488059354
32130,15.341811326643308
32131,14.750433546028274
32132,14.864631392805897
32133,14.77035160512246
32134,14.993494478316144
32135,14.346964742787051
32136,15.679037546184016
32137,15.703210768359387
32138,17.103709636129384
32139,15.67724776046269
32140,16.256894445836355
32141,15.569076048133404
32142,15.63031670079172
32143,15.826855532135177
32144,16.417265961792708
32145,16.119303639689136
32146,15.625386697364222
32147,14.720842358095073
32148,16.406942661909454
32149,15.593522624720386
32150,17.80958275645246
32151,15.363044947210405
32152,16.8984992256099
32153,15.05298761548553
32154,15.381068472956715
32155,15.806543727297127
32156,16.163438763237416
32157,15.46607061947591
32158,15.035497708370862
32159,16.809183460641556
32160,15.749637196145038
32161,16.287127621499494
32162,14.593298140732612
32163,14.971723007511589
32164,16.230413815229014
32165,14.1877474635124
32166,15.068390813171487
32167,15.690039195516015
32168,13.926159990661732
32169,16.07678536401749
32170,15.333521042162966
32171,17.109536523918496
32172,15.672790625123755
32173,15.137318939471808
32174,15.808131898905918
32175,17.02515539814726
32176,16.569153601165418
32177,16.638374514298135
32178,15.21590564232666
32179,15.422776559804733
32180,16.16048838398823
32181,15.780726537237232
32182,14.890014017529603
32183,15.063353739093415
32184,16.67774479626725
32185,16.587720082005745
32186,15.747770140734174
32187,15.352590223305828
32188,14.830944650940811
32189,15.657597684543212
32190,15.127056205453055
32191,15.117001819537931
32192,15.152302246698754
32193,15.495773885586628
32194,17.757900336202912
32195,16.42705093906582
32196,16.384588329872837
32197,15.21985273137986
32198,15.355325631993944
32199,15.6348201504331
32200,15.194109456735116
32201,15.43040781583335
32202,16.015411326523704
32203,14.819382439302974
32204,16.20786194221047
32205,16.780788892658467
32206,16.097180495608228
32207,15.507322333443815
32208,14.935185407574071
32209,16.841891738843007
32210,15.044960815785
32211,15.494704167687322
32212,17.13405128340995
32213,16.30106669918303
32214,16.56626369268479
32215,15.919973941326912
32216,16.90424488895562
32217,14.651111582710802
32218,15.435280709568966
32219,14.504236430396842
32220,15.263512296294035
32221,14.433093786005173
32222,15.704659227472606
32223,15.945280877381185
32224,15.958749973766967
32225,15.780197925990807
32226,16.84005020854698
32227,16.420527877212525
32228,14.908192006244828
32229,16.474710773432804
32230,15.843032876070978
32231,14.706433983864027
32232,15.495373120175644
32233,15.888644403315734
32234,15.72910544149785
32235,17.18877535436614
32236,15.677312457808373
32237,16.027662338050472
32238,16.19347235990794
32239,15.990304106538801
32240,15.358783693425607
32241,16.29092647195613
32242,16.308157674551786
32243,16.9320561022272
32244,17.09579976208957
32245,15.10720916591125
32246,16.06013629636026
32247,16.374810297215507
32248,16.318851737853578
32249,15.722606559504147
32250,15.895310074450897
32251,15.526368512745174
32252,16.276561975728544
32253,14.596803868004141
32254,15.359237515608163
32255,15.60874993867234
32256,15.570646100632672
32257,17.489704451118282
32258,15.4674905515482
32259,15.188203632622102
32260,15.193092008370524
32261,15.942732684599193
32262,14.090798296325545
32263,15.945049680838608
32264,15.065442856138544
32265,15.030857921903745
32266,14.235924634669521
32267,14.942039403130513
32268,15.894997937071068
32269,15.223747409520424
32270,15.543924241435965
32271,15.74251630059122
32272,14.884526839364712
32273,16.24819674924013
32274,16.750803880141817
32275,15.582872876888414
32276,15.758737333352267
32277,16.020645849835425
32278,14.565714979393585
32279,15.054522624849978
32280,15.041558735759896
32281,14.989564079721399
32282,17.10200908356231
32283,14.991504376379831
32284,15.679686744955566
32285,15.297757176030325
32286,16.126001917031537
32287,15.94883070373433
32288,14.981989460051006
32289,16.24677645087442
32290,17.3532698472635
32291,14.95470890568843
32292,15.145601272631161
32293,15.975281767602022
32294,16.33659904642691
32295,15.789932953844673
32296,15.563680192259886
32297,14.76554789408357
32298,15.318252316920555
32299,16.10870669658575
32300,16.465917939392778
32301,15.550402516219979
32302,16.138772230098652
32303,17.09214000978486
32304,14.670050957977981
32305,13.967330979841002
32306,14.81765230424394
32307,16.08331753236482
32308,15.465328952260343
32309,14.376655456709608
32310,15.704493981038732
32311,16.466919861754395
32312,16.738039883850153
32313,14.165984505257223
32314,15.557001487218368
32315,15.48221090430822
32316,15.90600924426585
32317,14.8947694055331
32318,15.237334866419603
32319,15.977674014451326
32320,16.13736429421395
32321,15.928722127477101
32322,15.686877814140324
32323,16.879763598529014
32324,14.773539144389806
32325,15.587117367749816
32326,15.189419559111467
32327,16.226594558733776
32328,15.748464809100362
32329,16.21759792836728
32330,16.025727118230556
32331,15.687319232882501
32332,15.585393803367554
32333,14.885408978086973
32334,15.371642265277979
32335,15.679343873822688
32336,15.560969843694304
32337,15.994953745811317
32338,16.744930456263173
32339,14.955793830105312
32340,16.59389187540241
32341,17.615061077076962
32342,15.90000430612447
32343,16.569827871354015
32344,16.380997743913756
32345,15.971307399658668
32346,15.819871467756295
32347,15.98291825840442
32348,14.957122538179396
32349,15.969941073735095
32350,14.510084036817279
32351,14.463272102896877
32352,15.158374770721329
32353,15.466159515521827
32354,14.461057124773438
32355,15.447141015178842
32356,15.104000339722893
32357,16.52098928704282
32358,14.957758014261824
32359,14.596401381231324
32360,15.0719786407995
32361,16.324777606318275
32362,16.48719183928634
32363,15.93127684910857
32364,15.802230097319663
32365,16.65474429262246
32366,13.967425547229105
32367,16.202502595073966
32368,15.201112281378064
32369,16.278107291563472
32370,16.121982055084903
32371,15.258184141929306
32372,14.083134151864186
32373,14.451173602653022
32374,14.026981528130202
32375,15.816280416203396
32376,15.789093625974779
32377,15.372713079923106
32378,14.720441112136232
32379,16.231598655916034
32380,15.911390992457454
32381,16.07187510571261
32382,14.979883909191605
32383,13.800177780984534
32384,14.938427109579516
32385,16.018001748544723
32386,14.961264007491955
32387,15.378706391598696
32388,16.05878062947492
32389,16.733717246123668
32390,17.357863497034753
32391,15.634049486440697
32392,15.886247398487336
32393,14.931417116633828
32394,15.435652926509487
32395,16.422191707208004
32396,14.628117246926868
32397,16.078419867718996
32398,15.35047223720278
32399,17.14334851868247
32400,14.604446660214151
32401,14.69148578358302
32402,13.786494962956308
32403,14.582970332545555
32404,14.296005913952518
32405,14.766182747884278
32406,15.935657720772204
32407,14.926906896203556
32408,16.57663034598389
32409,15.228666528736747
32410,16.522734553127997
32411,14.26742857076168
32412,14.879033518949962
32413,17.01884651779114
32414,16.185200465974614
32415,16.911281764267585
32416,17.10979102344881
32417,15.326548309043568
32418,14.791266755897105
32419,16.307485339788215
32420,15.475454938882063
32421,15.44079399236003
32422,14.400141383098116
32423,14.876540064940555
32424,16.013406842141947
32425,15.36547021630707
32426,16.886108874946018
32427,15.996585275725279
32428,15.94032008696446
32429,15.225489385418834
32430,16.102430600833454
32431,14.574204190037342
32432,15.378582218557941
32433,14.460393190067808
32434,15.134354455817045
32435,16.928835114246645
32436,14.311774936530425
32437,15.712656828579403
32438,15.708058870567234
32439,15.714926982507611
32440,15.551098007026944
32441,16.644548512312387
32442,14.838009264079634
32443,15.535192591046412
32444,15.811687574685472
32445,15.992946320273381
32446,15.919910519984178
32447,15.332514346369841
32448,15.421955003439438
32449,15.2839029705804
32450,15.37783917946984
32451,15.225685595461963
32452,14.87214957795404
32453,16.31140006457746
32454,15.908329550114392
32455,15.930095363396017
32456,16.24085019023861
32457,15.125077042522646
32458,16.919500590020398
32459,15.012668537032132
32460,15.107135987639685
32461,16.556194109961982
32462,15.861769985435386
32463,15.599823002400418
32464,14.787857906806915
32465,16.201873910179817
32466,14.46869368531
32467,14.794385088399881
32468,14.154078446552203
32469,15.43617589845321
32470,14.144666532534078
32471,17.251981134703968
32472,15.212715885816825
32473,15.271593968786602
32474,15.45458076663692
32475,15.262776477430418
32476,13.804412951214758
32477,15.843903613475623
32478,17.340711249152175
32479,15.961689533988302
32480,15.521167317567832
32481,14.5441341251353
32482,16.659286750519556
32483,14.690265365599428
32484,16.16043904697878
32485,16.269355663785863
32486,17.02684985881696
32487,16.775858588500945
32488,14.630399705148537
32489,15.002861461841269
32490,15.662685538331385
32491,16.154699567871447
32492,14.105684295515971
32493,15.705654612240398
32494,16.277859105975185
32495,16.667802469805917
32496,15.73750462892297
32497,15.32512280652268
32498,15.332035729649531
32499,14.877631746108824
32500,17.20047543766528
32501,16.30129212829797
32502,14.727347909209751
32503,15.675188957929661
32504,14.606940343345503
32505,15.45218627744643
32506,16.277471545542856
32507,15.3163162656412
32508,14.64054706973039
32509,14.901036881592063
32510,14.987961527008249
32511,16.12371624889432
32512,17.081408000162856
32513,15.521755458910555
32514,16.25349255374548
32515,15.084676883526798
32516,15.896672765409775
32517,16.66674485245339
32518,14.964308661343168
32519,15.936367048831604
32520,15.222778564252481
32521,16.373054630275494
32522,14.574537267097037
32523,16.471984255962663
32524,17.223692942085012
32525,17.04119248981775
32526,16.41206102956742
32527,15.530319852973088
32528,15.362474855554558
32529,14.877177488718823
32530,16.051767651590968
32531,15.457234057371767
32532,15.341807981076112
32533,15.776458232444277
32534,15.619516461678302
32535,15.407546888391943
32536,14.410493549547637
32537,15.568482079610805
32538,15.100469717532325
32539,14.304860865672437
32540,16.22159147320083
32541,16.255799687550738
32542,16.121599982889652
32543,16.472824090649897
32544,16.506727603626647
32545,16.93853448166126
32546,16.336435933122655
32547,16.752031660139686
32548,17.11505090774103
32549,15.34299418581816
32550,17.421815581823058
32551,16.239062672741785
32552,15.207332128470929
32553,16.549336938333713
32554,16.078268766312434
32555,17.90563567991079
32556,15.137379324625874
32557,17.81326380048319
32558,15.086293507809357
32559,17.52332883548804
32560,14.916323004673945
32561,15.778746166194022
32562,16.542368600448093
32563,14.801240931774807
32564,15.894588436728947
32565,14.914841112444261
32566,15.929637245079023
32567,16.547214899131813
32568,15.235498657733912
32569,15.318643722835947
32570,16.598941024547944
32571,16.1329479989281
32572,16.11658159410452
32573,16.0915165759611
32574,15.343699825020359
32575,17.46604563810725
32576,15.7756102246576
32577,14.582930612915684
32578,14.148878780496604
32579,16.644160688803463
32580,16.461259298865045
32581,14.630705327706764
32582,16.271270806509015
32583,16.430480578258777
32584,17.14422800673771
32585,15.931274859411012
32586,15.106337027420627
32587,15.589665122209507
32588,14.943740341223373
32589,15.901237049132098
32590,16.41136877603078
32591,15.75248941056025
32592,15.311307388508277
32593,15.346755115728481
32594,17.06368593990488
32595,14.972246838993593
32596,16.647754634702643
32597,16.651446416540637
32598,14.588715086993634
32599,14.342831151185072
32600,15.140001012624435
32601,15.768614846027361
32602,15.85428779359916
32603,13.938765671813432
32604,14.583353933502275
32605,16.61291178170169
32606,15.288250287182708
32607,17.56356452664114
32608,16.58991387543189
32609,16.219255258974755
32610,15.701627533593289
32611,16.959495814863832
32612,14.869561707509101
32613,15.66299593492717
32614,15.822697892972332
32615,15.751927738153714
32616,15.871086777719832
32617,15.523970239308673
32618,14.711500354536062
32619,15.310608038562865
32620,15.41971237114694
32621,16.299436226502785
32622,17.007511216149897
32623,16.220088217727973
32624,15.729373054462515
32625,16.778291940282145
32626,15.818509721415955
32627,14.467208568585637
32628,17.172982559649018
32629,17.34425519798952
32630,15.559621663186613
32631,16.359313986018684
32632,14.839567307776791
32633,15.981693601378485
32634,16.3112734992507
32635,16.174441041152058
32636,14.82703283311429
32637,15.138837769024391
32638,15.262179698513151
32639,15.20696686549662
32640,14.998440801574906
32641,16.263219011720444
32642,16.233216394809855
32643,15.837683224922571
32644,15.464943584421977
32645,17.328096816939855
32646,13.772510908263872
32647,15.20886309112078
32648,14.753407781165912
32649,15.04087166065766
32650,15.22399577329955
32651,15.687505100174274
32652,14.616883542043773
32653,14.936750538902986
32654,14.288755095935315
32655,15.396649976849352
32656,15.128432835210015
32657,16.06580071751309
32658,16.68698917770639
32659,15.970812364840228
32660,16.511634923926866
32661,14.19659288666517
32662,16.1462315059991
32663,16.846829280080662
32664,18.133609213140296
32665,16.27903354839449
32666,15.466575003349135
32667,15.568992445767414
32668,14.229523774775117
32669,16.196918526655587
32670,15.439653190345096
32671,15.289413934163074
32672,14.813852892787823
32673,16.604120852541943
32674,16.38031308973514
32675,14.914795998835368
32676,16.97498699355261
32677,16.30368756736847
32678,14.906933629446053
32679,17.097282993786518
32680,15.407005454958886
32681,14.315739685277785
32682,14.893514994403478
32683,14.51916614436652
32684,14.732363506226458
32685,14.808266222340599
32686,16.252115621410642
32687,14.99362198447403
32688,16.784622617165915
32689,16.283546297086694
32690,14.812901803043287
32691,15.55293666434046
32692,17.99748015510236
32693,13.633909393175584
32694,15.72610381583429
32695,14.593189459313473
32696,16.60933501387607
32697,14.841530163569828
32698,16.03421440402856
32699,13.661510858371528
32700,17.8280335642023
32701,17.36712283353041
32702,15.640608550320877
32703,14.751379170608034
32704,17.080852941314667
32705,14.660966667140396
32706,15.588373628536152
32707,15.448940330538944
32708,14.840246517492785
32709,15.870723506900728
32710,15.95071530992718
32711,15.186705750344057
32712,16.279903514691146
32713,16.528588640860182
32714,16.635852219095185
32715,16.15765356399546
32716,15.685159925614316
32717,14.80916817050526
32718,15.712241994795946
32719,15.391966741814935
32720,16.07976816536969
32721,15.357059273996223
32722,15.691968604155916
32723,14.765788113028885
32724,15.615026820535036
32725,14.10099851631639
32726,15.704401137461936
32727,16.80428844361558
32728,14.192538576648284
32729,14.77099708450304
32730,17.750721333145435
32731,15.59322223474617
32732,13.232505040840168
32733,16.371131492143164
32734,14.398594770619582
32735,15.893105287451183
32736,15.71020572051499
32737,16.301113172766286
32738,15.410727131373896
32739,14.952610165629386
32740,14.395216516038587
32741,16.662504326220844
32742,16.07518291957218
32743,14.381074293480964
32744,16.53120460734301
32745,14.711151570250665
32746,15.140803664459249
32747,16.591659377049808
32748,14.37718326862086
32749,16.955464485118668
32750,15.801418932067778
32751,16.46920541567842
32752,14.67596936457617
32753,15.444125363903357
32754,15.388738924936222
32755,15.892882703360312
32756,15.338389897506111
32757,15.642381767887718
32758,14.733694688416598
32759,17.139641647859634
32760,16.36009664307756
32761,14.929117011945602
32762,15.80229085101708
32763,16.46816409515805
32764,15.761264914495328
32765,15.715531660227464
32766,15.69268192893084
32767,15.150290360572399
32768,17.711979136608626
32769,16.303770609953208
32770,15.991184951593882
32771,16.272156416101996
32772,16.486187964384232
32773,15.515287621971162
32774,14.484665454787148
32775,13.996637432725558
32776,15.172809265287507
32777,14.846822064890517
32778,16.145145091253514
32779,14.992623793459982
32780,15.355424257105843
32781,14.698340180689055
32782,16.079855410077553
32783,16.16762593149096
32784,16.62421863022882
32785,16.505172450677197
32786,15.76205535823375
32787,15.912372006005445
32788,16.555422540689133
32789,14.715123682404089
32790,17.581542337692913
32791,16.324410813818126
32792,16.683622231192636
32793,15.280989557357769
32794,16.074625152823938
32795,17.61958154256121
32796,15.981606588060878
32797,15.611229178755595
32798,16.62585378702865
32799,14.915712410786934
32800,14.846244244627604
32801,16.866809888191796
32802,13.398393146366079
32803,14.365393092578952
32804,15.731416177465318
32805,15.675395922435825
32806,16.314046549847927
32807,15.575224918805365
32808,15.797965859458772
32809,14.537635016864764
32810,16.583631797206294
32811,15.386774263839708
32812,17.877729419659275
32813,15.179572887901536
32814,15.233868835330638
32815,15.239212869118818
32816,15.863136544400236
32817,15.43871570599731
32818,15.855101466958287
32819,15.631826032900456
32820,16.368554554286096
32821,15.858075208485742
32822,15.61448153204426
32823,15.332736436068094
32824,16.694257884400937
32825,17.092261924904182
32826,15.344787024703434
32827,16.996796987684526
32828,16.044727257730337
32829,15.46642125339352
32830,16.293167359036286
32831,16.42863847709267
32832,16.19734064689157
32833,15.310578437213136
32834,17.069805395469924
32835,13.859445833244965
32836,15.004489638849238
32837,16.306506366122978
32838,15.760926418305088
32839,15.700478735519575
32840,14.72844632348685
32841,16.01933371893323
32842,15.897391674786636
32843,15.514370626287771
32844,14.14541274246852
32845,16.494335834031485
32846,15.182626748405797
32847,15.973526181556911
32848,15.694144811183216
32849,15.573879985968686
32850,14.760426893818833
32851,16.11988784709708
32852,15.01974305003786
32853,15.989481341611702
32854,14.863912849907464
32855,15.395384749641929
32856,15.397712525024826
32857,15.637273895629091
32858,15.899135496893717
32859,15.896560295679429
32860,16.368092766375216
32861,14.60874654836118
32862,15.139347176395265
32863,15.712673760553969
32864,17.106240144971036
32865,14.629496282079867
32866,16.28890280042302
32867,16.412145421462455
32868,16.0121100359429
32869,15.774592586713531
32870,13.455138153600307
32871,15.222588958992155
32872,16.51919491278251
32873,16.321320952107616
32874,16.958980568928315
32875,13.559504111737533
32876,14.998712328912255
32877,14.00796534186019
32878,16.281740369769047
32879,15.951064009163193
32880,16.52441784879244
32881,16.048352907997533
32882,16.005004494733697
32883,14.748039366813366
32884,16.53949646755941
32885,16.085404415537017
32886,15.768835862658092
32887,16.125050758208047
32888,16.998447075886876
32889,15.440651699659469
32890,13.543183268534499
32891,15.396009427700562
32892,14.700019759410763
32893,16.25324462598156
32894,14.64962459113443
32895,15.288055052313053
32896,15.55705670499339
32897,15.067130461013619
32898,15.225933485738548
32899,16.265314255053386
32900,14.08194035185881
32901,15.041151569393627
32902,15.940718916413879
32903,15.424659126781025
32904,17.21475202925473
32905,15.97298780293831
32906,16.808624132445146
32907,14.149272186098441
32908,14.867856030160135
32909,14.782036681634816
32910,15.877872872284737
32911,16.965400045642824
32912,14.913434380544933
32913,16.018090156481744
32914,16.06313332190752
32915,15.400380579938467
32916,17.72939023486383
32917,16.236140032671496
32918,17.058193837940664
32919,15.06750777072106
32920,15.859186405878944
32921,15.880161247595835
32922,15.714550434570418
32923,15.987786305896085
32924,16.039853370774797
32925,14.954486022948618
32926,16.163793390790083
32927,14.887606608563443
32928,15.429207745474743
32929,14.609785943413673
32930,16.458918284706275
32931,15.493959291516685
32932,16.44232927034974
32933,15.159809407684069
32934,14.396855961612076
32935,15.996848464254004
32936,14.866172326703978
32937,15.92086489612188
32938,16.428049296433414
32939,15.875469384424452
32940,15.85210808311411
32941,14.363029472620852
32942,14.95891038686686
32943,16.02356229402562
32944,13.92105707512127
32945,16.891332635549986
32946,14.936041333574813
32947,16.282273323129335
32948,15.81763174126932
32949,17.52018480988395
32950,14.923991345455347
32951,16.54490193495463
32952,15.630031238375077
32953,15.106452701116979
32954,15.978161060057653
32955,15.576493362752686
32956,15.880351205929585
32957,15.85276981806319
32958,14.708535809716375
32959,14.91107557576132
32960,15.214771433759974
32961,15.854804837463186
32962,15.584212452506787
32963,16.09149566515071
32964,16.075046123421686
32965,16.035156712032776
32966,16.923125152593183
32967,16.178382971482527
32968,15.319560742648502
32969,16.539414415851844
32970,16.925208712970075
32971,17.154006288269603
32972,15.59674055845825
32973,14.997765519746725
32974,17.167694832442717
32975,15.447109273319489
32976,15.332694979381461
32977,16.124188040299984
32978,15.798345357675625
32979,15.80157750176765
32980,17.079812446763928
32981,16.55381220666313
32982,17.041074132407758
32983,16.46357012982056
32984,14.655503129801852
32985,14.686528655210388
32986,15.169373769691168
32987,14.749814565025194
32988,14.634307546394364
32989,15.880025595049462
32990,15.416406582698349
32991,15.89942237300527
32992,14.14850714946051
32993,15.836692566717495
32994,14.487326744382468
32995,14.706547750659357
32996,15.087439244130996
32997,15.614673723656459
32998,15.501964068145389
32999,14.693269472655139
33000,14.685992731753736
33001,15.30012674233257
33002,14.818141979946752
33003,15.62238951459832
33004,15.387981896740545
33005,16.190391022413383
33006,15.539545401469567
33007,15.607002606329186
33008,17.333941246782935
33009,15.313991816962043
33010,15.844685746292724
33011,15.616424211301055
33012,14.420106245869428
33013,14.372831715855032
33014,17.185292295896144
33015,16.393327697528033
33016,16.09842318027045
33017,15.172856666489407
33018,15.000342056105142
33019,15.085161989254194
33020,16.278776321002255
33021,16.45649237978787
33022,15.477391995941865
33023,14.736699495725574
33024,16.51641065491533
33025,15.81470454063379
33026,15.953134474663196
33027,15.883287892229728
33028,15.163180120705338
33029,16.095192606792786
33030,14.964131092792913
33031,17.078477409555845
33032,16.880380972770265
33033,15.122932434287613
33034,18.014143149511117
33035,15.099197913019667
33036,16.43365207762179
33037,16.470282962841804
33038,14.748008282523648
33039,14.049159962375562
33040,15.133849413553698
33041,14.427490321785147
33042,16.067202422549247
33043,14.881492641263968
33044,15.265259892263474
33045,13.400587288496618
33046,14.849152198472437
33047,16.506061784270695
33048,15.416313748204287
33049,16.508632233338215
33050,16.432115190942632
33051,16.6367892500931
33052,15.192308370749096
33053,15.699772798889668
33054,16.49982245003156
33055,17.233268335491847
33056,14.873411509121997
33057,14.789096079355577
33058,15.632576184014509
33059,16.79106239973315
33060,16.072417357797395
33061,15.9111576339022
33062,15.855580597932278
33063,14.745876645715905
33064,16.069311286611377
33065,15.678483497974183
33066,16.349965119316547
33067,17.48081148228609
33068,14.827054686580674
33069,13.62300127709956
33070,15.166950309626635
33071,15.372608729410185
33072,14.462750475782723
33073,14.447000376224233
33074,15.786274245070366
33075,16.205548783439376
33076,15.415742007967314
33077,16.170629936960793
33078,14.76354031142056
33079,14.339108531769943
33080,13.796484864093957
33081,15.647054871860897
33082,15.261398912638102
33083,15.37277541776461
33084,14.428294982787104
33085,16.99415984232737
33086,14.242335473309852
33087,14.034435777188037
33088,15.012515953078154
33089,14.621262763618095
33090,15.11798624337516
33091,15.614842205305228
33092,16.066546805851498
33093,14.82502175519241
33094,14.589968381917448
33095,15.46842446891265
33096,15.354291720422841
33097,16.594823293762694
33098,16.463591227056547
33099,15.818195523427951
33100,14.820001828088277
33101,15.459685929982623
33102,15.528482324489199
33103,14.46260498414269
33104,15.30926669443798
33105,15.98257087514718
33106,15.949767715240897
33107,16.15285128972844
33108,15.881085545239747
33109,14.963355470265844
33110,16.056961056185763
33111,14.784515127609694
33112,15.966522124185158
33113,16.308852715400256
33114,14.256637410507928
33115,15.355709633976456
33116,16.955592151970507
33117,15.792633844510359
33118,16.493009070186986
33119,15.515708487206918
33120,14.52111591703449
33121,15.536486004215627
33122,16.19960054452264
33123,16.32350634228197
33124,14.856882969102449
33125,14.884977024624463
33126,15.109105366854127
33127,15.010783778266335
33128,14.051321391992367
33129,16.143969372261385
33130,15.842857972021244
33131,15.48234348052993
33132,16.08733043872731
33133,16.054397379251753
33134,15.068178455381123
33135,15.552306513071397
33136,15.206630871108295
33137,14.353217164597643
33138,16.16466522719252
33139,16.40850993570709
33140,16.25699728113717
33141,16.00937670753775
33142,16.02990247833782
33143,15.991434974413542
33144,14.151369139918211
33145,15.19074999774739
33146,15.98453998164697
33147,15.034701234859657
33148,15.659762478938443
33149,15.638618741002176
33150,15.045158976200069
33151,16.683723998039397
33152,15.01608728849906
33153,17.473216777844776
33154,15.58544666008722
33155,15.121830010596659
33156,16.841554424041078
33157,15.716631620777083
33158,16.64264864381041
33159,15.976444786261874
33160,16.03458048193389
33161,14.513588271477253
33162,16.471402201078334
33163,15.714297629403381
33164,16.64433621062522
33165,17.266236962873872
33166,16.01477295713455
33167,15.251986363172579
33168,14.526425526331613
33169,15.911286753924742
33170,16.88897293763707
33171,17.389065630196036
33172,15.400083403219151
33173,14.64839915882721
33174,15.748602926535138
33175,15.402468433745913
33176,14.68154636721969
33177,14.987038477633279
33178,15.072679256482687
33179,14.900375197016041
33180,16.25577093399282
33181,15.931212089765218
33182,14.030350772295064
33183,16.767956259393966
33184,15.543056785301701
33185,15.099783642644127
33186,14.67923265129069
33187,13.45659944725079
33188,15.477528877991308
33189,15.092656303121073
33190,15.563606486275964
33191,15.358297026164218
33192,16.594785729915625
33193,15.84562656787624
33194,15.91221823937084
33195,15.87060701475663
33196,14.293738127069627
33197,17.226497114750345
33198,17.743253938757814
33199,17.524670195066424
33200,15.282494930434018
33201,14.769674567876939
33202,15.866549351311038
33203,15.23048403028879
33204,16.805832181245535
33205,15.491434243941368
33206,16.230859182937387
33207,17.745483219449724
33208,15.340040512325263
33209,15.028838413488224
33210,15.738597952396484
33211,14.129171013229753
33212,14.326844155612001
33213,15.760803705917894
33214,14.484714161767428
33215,15.316390896344195
33216,16.20095116994752
33217,16.097284799688957
33218,16.289615842603446
33219,15.0805395415615
33220,15.074458836546993
33221,16.82540748261947
33222,14.981829398479492
33223,15.722716538388104
33224,15.11564095580351
33225,15.36756371929644
33226,15.734903160798432
33227,15.354847415622666
33228,14.98644382050684
33229,16.20357337877012
33230,16.43745350146982
33231,15.967605383657292
33232,15.615446731015217
33233,15.475596251519718
33234,15.646877502682203
33235,15.057758444756143
33236,16.555271255217743
33237,15.659653965628419
33238,16.635792276202185
33239,14.492774138775255
33240,17.06008106949071
33241,16.90701216018809
33242,14.890669240138363
33243,16.773088432150466
33244,14.834879014968909
33245,15.092129918781028
33246,17.806593317115944
33247,14.844017218132672
33248,15.37871727516495
33249,14.940982385752545
33250,17.30763114317406
33251,16.193314661038194
33252,15.883208254467572
33253,14.604598425629467
33254,15.318458040874205
33255,15.641299655059608
33256,16.666148684238443
33257,15.21952024135088
33258,15.644684922494221
33259,16.942787062537295
33260,14.848287321359111
33261,15.206510460656478
33262,15.998812108064397
33263,14.915721551818113
33264,16.57819216040428
33265,14.972934911797894
33266,15.519334518174869
33267,16.16502402885551
33268,16.018256864687515
33269,15.844342357064214
33270,17.670752801803303
33271,15.916728172193954
33272,16.477074992546157
33273,16.63221862780239
33274,16.029094568532226
33275,15.24712707896952
33276,15.520272132780386
33277,15.298244060030433
33278,16.784418478537678
33279,16.03573864574885
33280,16.176982282976404
33281,16.35472896930267
33282,14.807237167128838
33283,17.459205715317655
33284,16.274484112702424
33285,16.30056140566539
33286,15.609043282516806
33287,16.24515500242814
33288,16.23116566076971
33289,15.529881027684084
33290,14.825696234249747
33291,14.857555034453055
33292,14.933786971771843
33293,15.794130526186017
33294,15.686394986200842
33295,16.136134698201708
33296,15.001155071164671
33297,15.508358874208023
33298,15.094350290371997
33299,15.89823050989984
33300,15.559438449921547
33301,15.404024218390571
33302,14.514511460707494
33303,16.983744460141896
33304,16.26661024932182
33305,15.010567314748368
33306,17.886729515558912
33307,15.005976807748828
33308,15.197158874176052
33309,15.927692052661879
33310,16.03144112016822
33311,15.858955343128184
33312,16.22108878896239
33313,16.46475092615584
33314,16.372699211491703
33315,14.997086165710794
33316,17.185895340707134
33317,15.87501415553408
33318,14.573609174974173
33319,15.266981194051638
33320,15.026668744457796
33321,15.611568588529753
33322,15.330287606251146
33323,16.325157899810733
33324,14.984852951623443
33325,16.25470629073058
33326,16.89378880487707
33327,15.52067404247069
33328,15.336781915170677
33329,14.060690224621617
33330,15.29383559517782
33331,14.113261669129429
33332,17.11686565750835
33333,15.9825044529642
33334,17.004250061125553
33335,15.463437329147633
33336,15.91252718624395
33337,14.243062348335714
33338,15.25301877835775
33339,16.49597956513299
33340,15.464182255556347
33341,16.201175761606578
33342,13.471790237178835
33343,16.645084122138783
33344,14.258031315284477
33345,15.075940278230947
33346,15.853789859601047
33347,16.683978002390052
33348,16.88245391902884
33349,15.966589136463194
33350,15.948620066561057
33351,15.388848704215862
33352,15.595173344729064
33353,16.016229841864877
33354,15.541177338137791
33355,14.323002731364966
33356,16.731378133401275
33357,16.176323904314284
33358,17.14689463190597
33359,15.863099281980476
33360,15.297376006672138
33361,16.245708857399816
33362,17.526238491420497
33363,16.9096385998023
33364,15.680257835582934
33365,15.341299985864392
33366,16.828677030743332
33367,14.970327676257993
33368,15.819630005726017
33369,16.01525475924198
33370,15.405572983074375
33371,16.176860871577304
33372,15.512362033854567
33373,16.355603118798477
33374,15.739933326022054
33375,15.958816050515376
33376,15.631695006809393
33377,15.302975738190135
33378,16.08030289362629
33379,16.174931095044105
33380,14.96599137980776
33381,15.660528299971674
33382,15.631370442508336
33383,15.177858236685404
33384,17.502680973270763
33385,14.885162283378646
33386,15.185349030802575
33387,13.9607677780472
33388,16.67607423771617
33389,15.656690034595591
33390,14.29912653737096
33391,16.72130156793086
33392,14.933576173300839
33393,16.678589426476663
33394,16.35112237834956
33395,14.882433342751453
33396,15.325263646699264
33397,15.49013484280284
33398,16.077680008772585
33399,15.5077634549696
33400,16.66641772585035
33401,15.846965532829135
33402,15.290914558336805
33403,16.282844676686697
33404,15.440888045598998
33405,16.16908814992268
33406,15.70760908986502
33407,14.975928271364829
33408,14.770650078516738
33409,15.75146396909322
33410,15.053200135963845
33411,14.241371053408026
33412,15.686814800712511
33413,16.925818512350787
33414,15.89271782087862
33415,15.116121146712993
33416,15.352215712623295
33417,16.100795496869623
33418,14.90003372481964
33419,14.826903789304035
33420,16.60868516628191
33421,15.48320252997371
33422,14.77471911421533
33423,14.567190135369751
33424,15.06012476188788
33425,15.255940835651094
33426,15.44673078182243
33427,14.660173717428798
33428,14.554869854613353
33429,14.715895437551309
33430,15.115520147111916
33431,16.842045945038077
33432,14.678815002064358
33433,16.546578189488464
33434,15.311756304142799
33435,13.831007232142994
33436,15.32458224815038
33437,16.762833356487636
33438,15.99737015669699
33439,15.819474049126509
33440,15.948028369630887
33441,15.388034755249093
33442,14.733502684114615
33443,15.362694302161621
33444,15.137077575793787
33445,15.865385258405809
33446,15.320463676132682
33447,15.132305391270558
33448,15.365391794810742
33449,15.489773207921656
33450,15.850286888073295
33451,16.43539625101249
33452,15.475686852724422
33453,17.095370232213153
33454,14.87077927892759
33455,15.200377066369589
33456,13.951861265911639
33457,15.837460507192166
33458,16.351421360846267
33459,16.230346908793152
33460,14.301510117821696
33461,16.38546157379621
33462,15.872070692516754
33463,15.12645857041709
33464,14.963155971800964
33465,15.85434145472818
33466,15.722815433835935
33467,15.64672872292405
33468,16.54311027309163
33469,15.011481965725112
33470,15.102339888506998
33471,14.969958998127106
33472,15.698811625647073
33473,15.340084601567339
33474,14.486293388981341
33475,15.256232391844254
33476,16.249037471981275
33477,15.904126201973359
33478,14.092442600860318
33479,16.699068194418878
33480,15.571484865097514
33481,15.148361258225803
33482,15.724173624823663
33483,14.61731445921074
33484,15.573828920765385
33485,16.377432906211617
33486,16.691159310456342
33487,16.533953663724862
33488,16.45694462259826
33489,15.780497659721606
33490,16.23083169605129
33491,14.025949008238317
33492,15.95079016973604
33493,14.376017543118545
33494,15.206622262317934
33495,15.360135052555526
33496,13.634498521721364
33497,14.40403226940045
33498,16.127338000816962
33499,16.756158206695726
33500,15.65211479808625
33501,14.451481549419327
33502,14.893282761724576
33503,14.72213595880408
33504,15.587294713968314
33505,15.994269064157487
33506,16.15465723706974
33507,15.941438651111111
33508,14.520610670470743
33509,15.582783868230292
33510,14.524132396214487
33511,15.67546936813777
33512,14.919903608236327
33513,15.128183510939337
33514,14.382719077412274
33515,14.971317173218056
33516,16.13924129219111
33517,15.165689118126508
33518,17.697605789764427
33519,16.18847933107497
33520,15.548624015368176
33521,14.157363138029172
33522,15.024611604023526
33523,15.204831336522206
33524,15.262188103234577
33525,17.107187802960578
33526,15.601874189681377
33527,14.218188113181792
33528,15.732460628303384
33529,15.424621912380415
33530,17.077538448974728
33531,16.21678097445389
33532,15.09223291043447
33533,15.052363544489193
33534,16.186958700699787
33535,14.278067454151675
33536,16.37629747377836
33537,16.856221193002664
33538,15.119131954043286
33539,16.373174037354616
33540,16.496993445868405
33541,16.840090121925435
33542,16.245053171089747
33543,15.440459208004786
33544,16.30886162510481
33545,15.225932014714212
33546,16.348064089695796
33547,15.357928550527834
33548,16.037167707158904
33549,15.267423291793326
33550,16.25017029587616
33551,15.847239876117204
33552,16.583050445462337
33553,14.885216647484375
33554,15.059287729639452
33555,16.879006779122584
33556,13.914730344243836
33557,17.212350417818715
33558,15.464304357198545
33559,14.601237403938569
33560,15.923446862516085
33561,15.985243525454523
33562,15.251993195796103
33563,15.846451512289475
33564,16.944799592723776
33565,15.82588632381954
33566,13.690564939052404
33567,17.04240686878859
33568,16.85221243392657
33569,15.881216020392001
33570,15.717484069501474
33571,15.964341403445033
33572,17.300446471460663
33573,15.498503478270836
33574,15.98488409870097
33575,16.539567717135224
33576,17.15959136480166
33577,15.527042851881143
33578,15.088002850723107
33579,15.846121229140921
33580,15.37953338296762
33581,15.417281398077833
33582,13.670996808533035
33583,15.884027239264155
33584,16.75231790877582
33585,15.43674620383878
33586,17.30117613706353
33587,15.807668463846033
33588,15.375945244803532
33589,15.70653974149702
33590,15.37193684558553
33591,16.79067095021993
33592,16.01254545672518
33593,16.45852806126876
33594,16.709528384329015
33595,14.860001959307068
33596,14.629936441233587
33597,14.080279461488361
33598,15.135094266349322
33599,16.666237502507673
33600,16.805300302882852
33601,14.706952113912134
33602,14.711253583063256
33603,15.528873045279713
33604,16.85749676040914
33605,16.480409997033824
33606,15.330631535652994
33607,16.221212492374846
33608,14.597958281986454
33609,16.555068428871728
33610,15.203066348514898
33611,17.12832735646993
33612,16.34550321145244
33613,16.97645453235852
33614,16.435056137866464
33615,14.691618765772272
33616,15.384872647422444
33617,15.472217168514797
33618,15.569909994072251
33619,15.326428349905925
33620,13.471971634949126
33621,17.22547655717351
33622,16.007200462577053
33623,15.036260869888686
33624,16.82232626316367
33625,15.470613886046541
33626,15.679326777041101
33627,15.572188260255501
33628,15.135656738869127
33629,16.44649531347983
33630,14.84702961128305
33631,15.93257608250309
33632,17.11723195314688
33633,15.965726464236914
33634,14.627029193905258
33635,15.435991077260175
33636,13.75314002104445
33637,14.490064068522807
33638,15.024909638791607
33639,15.485793643935411
33640,15.476529872700585
33641,15.019834799794863
33642,14.91224086675534
33643,15.559705441397176
33644,16.479978666570027
33645,17.28130463745516
33646,15.487403257223162
33647,16.30981799859242
33648,17.004333792083056
33649,15.429658518090543
33650,15.6506731885547
33651,14.009992851900828
33652,15.250113995730455
33653,16.580024917271935
33654,16.85141255429713
33655,16.473682575967857
33656,15.031985494593647
33657,15.499814290898676
33658,17.086142870948226
33659,13.213282346305144
33660,16.050644060389974
33661,16.629799410363532
33662,15.852594793608295
33663,16.956804193233484
33664,15.874994294880992
33665,15.23552789050044
33666,16.07180591198031
33667,16.765990559439803
33668,15.892388673956237
33669,16.100565365189276
33670,14.572862700632047
33671,15.221887178158804
33672,14.023148106214531
33673,15.583287310224382
33674,16.086951267036923
33675,15.678126105259016
33676,17.003753240798932
33677,16.25293624902491
33678,16.206046103576497
33679,14.679945605259105
33680,14.77084173137446
33681,16.569149010636902
33682,17.088664187076628
33683,15.434172585644504
33684,15.797968493081179
33685,15.56014068003851
33686,16.83443850348441
33687,15.994614723223686
33688,16.17125915320636
33689,17.637589031229385
33690,15.473969465563531
33691,16.739742291888447
33692,15.09106713164871
33693,15.923143905417787
33694,15.831786542409025
33695,15.669132492403264
33696,16.499004358141082
33697,15.838085808053792
33698,15.354239495816723
33699,14.862624054399275
33700,14.298169088818778
33701,16.559188867109018
33702,16.32547823707132
33703,15.642077855210053
33704,14.390538165432341
33705,15.436275081858156
33706,16.22935063038051
33707,16.365518273278504
33708,15.798199049508098
33709,15.617583488009595
33710,16.055762325580286
33711,15.280863243120246
33712,15.97676653145946
33713,15.883746202520536
33714,14.521055061074568
33715,15.55801815183236
33716,14.395255953790672
33717,16.348749838107526
33718,16.767149718121853
33719,16.92946544540132
33720,15.320342522282973
33721,16.41116574877605
33722,15.437064785038125
33723,16.448317146458923
33724,17.389665233247417
33725,16.297522863742714
33726,14.642617742509088
33727,16.4382043949511
33728,16.263136876669673
33729,16.377577837187086
33730,14.471078915850324
33731,15.074485881955244
33732,16.076956592107177
33733,14.201827427354388
33734,14.81989017184437
33735,14.76502353013629
33736,15.657230643733303
33737,15.158294574907412
33738,14.85356236224674
33739,15.50174279216789
33740,14.911075049895794
33741,14.02577599637966
33742,17.41415509063577
33743,15.089895982620982
33744,15.840143714628418
33745,16.199661570828706
33746,14.851985700872438
33747,16.475267123021318
33748,15.362398717583357
33749,15.484247002302052
33750,17.106757044108264
33751,15.372620381163589
33752,15.01633006876728
33753,15.875173121975354
33754,13.967764279242415
33755,16.26317684144794
33756,15.749666648184396
33757,16.36976570176944
33758,16.744616702147678
33759,16.356820947329837
33760,15.642390442376804
33761,14.811921048387513
33762,15.437443652833087
33763,14.793232351752273
33764,16.519370909074787
33765,14.50372299009198
33766,15.95715153553699
33767,16.473142520153544
33768,14.696819402331839
33769,17.496189717366864
33770,16.14361573934669
33771,16.47888944718661
33772,16.39061564446619
33773,16.87738489207669
33774,15.991859467702255
33775,15.96424634401706
33776,15.575780139831036
33777,16.345976953563266
33778,16.240546070602203
33779,16.512086507022037
33780,15.595651476023626
33781,16.0714646984159
33782,15.801096735485164
33783,14.334204526788382
33784,15.094731685782744
33785,15.491055169429384
33786,15.094355339655076
33787,14.198938152859515
33788,14.63584262644806
33789,17.160690128567733
33790,14.864038738583147
33791,17.065410599232436
33792,17.185223905858777
33793,16.105472760332304
33794,14.648449580426519
33795,16.33824382149766
33796,15.865230492996728
33797,14.862025620531185
33798,14.815328248936188
33799,15.160572421017987
33800,14.704165033331723
33801,14.985381970797498
33802,16.547834904722485
33803,17.061679227213503
33804,15.251920010237235
33805,16.169905406166738
33806,16.40207221912943
33807,16.63929126204019
33808,15.193901058008203
33809,16.22604419840156
33810,14.957523336196557
33811,15.251348393390323
33812,14.842518307289437
33813,14.959926775532413
33814,15.421665542066034
33815,16.26907384272474
33816,15.23017394382367
33817,15.904036974452342
33818,16.315380437709674
33819,15.783888471721832
33820,15.738181904196079
33821,16.321584885407887
33822,16.825530439146505
33823,16.119689382116466
33824,14.82469729335854
33825,15.952073733957306
33826,15.11330286093673
33827,15.520587522705613
33828,14.632843048012
33829,14.929128838002214
33830,14.654443146663539
33831,15.196662553148446
33832,15.653013786755984
33833,15.080805770465995
33834,15.720884257747462
33835,15.386246632498823
33836,15.420710143315889
33837,17.2650588985777
33838,16.27225782255571
33839,15.00770762508893
33840,14.023185103168641
33841,16.35673261245819
33842,15.936803559030922
33843,15.829729366179919
33844,16.34659492880984
33845,16.387059553582862
33846,16.00094475174451
33847,16.152270454587022
33848,15.263630626545591
33849,16.0135407032973
33850,17.169475583546596
33851,13.742057370996068
33852,14.95489748071451
33853,14.826549455992744
33854,15.62728573126475
33855,15.638678834831763
33856,16.569889694819686
33857,15.607927187324176
33858,14.941843734902102
33859,16.498001042646226
33860,14.425564639695327
33861,15.239124546317807
33862,16.20660204376932
33863,14.898878231240676
33864,16.453869203579178
33865,16.853485737909878
33866,15.180322308452723
33867,17.464937259344588
33868,16.611739716819507
33869,16.03054788734161
33870,16.044016627334916
33871,14.720064340569829
33872,16.263017794380296
33873,16.458491927803806
33874,14.427867859752995
33875,15.594106087241816
33876,15.096899957930361
33877,15.16719238580023
33878,17.25394306420387
33879,15.189199088389454
33880,16.805907175037852
33881,15.565109276084048
33882,17.837012068458844
33883,14.468990451363592
33884,15.788098680471613
33885,16.297909691313222
33886,15.58129229674323
33887,15.81832837873456
33888,17.15426227342972
33889,15.827853191945465
33890,15.206587055310402
33891,14.818708367086085
33892,15.098864439816571
33893,15.425867793665994
33894,18.301952821742976
33895,16.138359582934374
33896,15.6487639075795
33897,15.754412639672285
33898,15.26195348476642
33899,15.158580543373683
33900,16.55143384530135
33901,15.703097674766392
33902,15.712543727653223
33903,15.801727754928558
33904,14.91558800742129
33905,15.16664734162375
33906,14.802544800070288
33907,15.647940450272005
33908,16.63684377867121
33909,15.493143253458223
33910,14.156810847526716
33911,15.004544914758426
33912,16.292881048390843
33913,15.331888302479474
33914,16.446912053652525
33915,16.445963202085384
33916,15.217403736907743
33917,16.359653713390216
33918,15.50745273727036
33919,16.783671546561663
33920,16.24781214580552
33921,14.225765639737185
33922,15.890052703206766
33923,15.355648923419066
33924,15.345247743678017
33925,17.759598466843812
33926,16.11501427951338
33927,14.41690758786428
33928,15.492609355175539
33929,14.788439564243236
33930,15.279709806438229
33931,14.775574640938636
33932,15.969151143119777
33933,16.25073197427435
33934,14.427197436684715
33935,15.485808505675141
33936,14.752659828397238
33937,16.124707477177804
33938,16.73674968817294
33939,14.748066214679195
33940,15.894474296872088
33941,16.961770553354363
33942,15.725462179388309
33943,15.36189507590559
33944,15.557381184020304
33945,16.853119925406546
33946,16.894566432538284
33947,17.825071815233215
33948,15.823622399250407
33949,15.303672291058945
33950,16.66722740539936
33951,15.332489303379843
33952,16.057979657635137
33953,15.352329082382411
33954,15.34626330644247
33955,17.09912534632681
33956,15.894656475964947
33957,17.068794839287303
33958,15.860083405568087
33959,16.064810486020356
33960,14.640811834717825
33961,15.256428850000642
33962,15.570614528034346
33963,16.349729767080284
33964,15.324206290544403
33965,16.213496512089364
33966,16.70939847484717
33967,14.505166172599287
33968,15.97679533324138
33969,15.439297970139704
33970,15.859273719224683
33971,17.17890664992808
33972,16.481526637744647
33973,17.400734109336753
33974,16.455908007166038
33975,16.102778541148357
33976,14.704513108408616
33977,15.889517426309466
33978,16.006308131215484
33979,15.422174088223182
33980,14.907253271433914
33981,16.834134102739682
33982,17.9797454730644
33983,16.286756382658695
33984,16.121478634333805
33985,15.230211732417878
33986,16.672335128413696
33987,16.138306919074424
33988,16.893782572641467
33989,15.533082521325046
33990,16.08403532173117
33991,17.063295549161918
33992,16.43920449549918
33993,16.740280847225197
33994,17.19252357974201
33995,16.628752700385217
33996,16.416608292077502
33997,14.437587236855975
33998,16.286325904553124
33999,15.289176117645233
34000,16.04123325504983
34001,17.039186843822947
34002,15.506763177473129
34003,17.807988012049254
34004,16.629903065332766
34005,15.926332495360713
34006,17.02797299299242
34007,15.997681040942641
34008,15.263968955366527
34009,16.15238430043987
34010,15.480322612551925
34011,15.262275800181763
34012,15.306072181574164
34013,18.20918365192652
34014,15.953934851477312
34015,15.325661235146658
34016,14.351992095043398
34017,15.549853328297354
34018,15.064916354532636
34019,15.397719355823154
34020,14.583517988568445
34021,16.679735420631182
34022,16.610780101470183
34023,15.859774342254791
34024,14.452243410165112
34025,14.930635898390689
34026,16.792069201388784
34027,16.37980894844651
34028,16.67773929792907
34029,16.477017326519338
34030,15.91509561175374
34031,14.622353780154027
34032,15.45983811071873
34033,15.795670283903508
34034,16.335978804742336
34035,16.839443167887815
34036,16.007563089010564
34037,14.251062093584894
34038,15.298619117967979
34039,15.352194555335204
34040,16.407080089810165
34041,15.24923358479096
34042,15.783259477307611
34043,15.217646530501735
34044,15.280609369516723
34045,16.88723302112103
34046,15.82237776180849
34047,16.01377290428353
34048,15.1993631967805
34049,16.905573966198798
34050,13.872795130451351
34051,14.500089156307913
34052,14.454293522835743
34053,16.283423336186043
34054,15.983503054072804
34055,16.12926683791837
34056,16.080063748846026
34057,14.822263339774135
34058,14.978414854605214
34059,15.52246850501161
34060,16.906702482682768
34061,16.34901717936843
34062,14.5421071950439
34063,16.81109953881285
34064,15.034474093982583
34065,14.945141705190423
34066,15.34019884661851
34067,15.493765937900886
34068,15.085587335219444
34069,15.947234081180667
34070,13.680774428361723
34071,14.974024332256239
34072,16.508948283730835
34073,15.101720026106891
34074,16.463642022208813
34075,14.591020691027861
34076,15.396579735473612
34077,15.333054989699306
34078,14.648752730433436
34079,16.092201991012374
34080,15.948579320981349
34081,14.433902628424214
34082,15.099403812781016
34083,15.86044063620975
34084,15.37835774661491
34085,14.559275545120562
34086,17.87358913872071
34087,16.105354789381668
34088,15.513936913437805
34089,15.450454434489904
34090,16.227662233555396
34091,15.563009727301226
34092,16.375980097326455
34093,16.758662903213896
34094,14.809113658763366
34095,14.42460487533494
34096,15.845484296307113
34097,16.296388271397376
34098,14.536968751808894
34099,13.980049774978056
34100,15.663457016559185
34101,16.49592895697256
34102,15.69673754335036
34103,15.192825743336051
34104,16.57854389545342
34105,16.09640463249586
34106,15.958110476090736
34107,16.21746653500445
34108,16.737729740808934
34109,15.373217738639399
34110,15.593076842209841
34111,16.11462273408916
34112,15.05302194945123
34113,15.090592873387301
34114,15.483287086214096
34115,14.938018462980061
34116,16.999643622060432
34117,15.04261355748851
34118,14.838544143723439
34119,15.873559125746116
34120,16.427942160777757
34121,16.030304726995368
34122,15.831586731016957
34123,16.79201734528694
34124,14.360251200615275
34125,16.257428415767603
34126,16.256056943146003
34127,14.705754067675231
34128,16.41707259879356
34129,15.206929776988636
34130,14.347511239588966
34131,14.860915118900532
34132,15.195246999237924
34133,15.39937960930202
34134,15.771236561615732
34135,16.931288210023208
34136,15.688086698220527
34137,15.423186182617458
34138,14.866100571774838
34139,16.229525234310177
34140,15.570130738993937
34141,14.208119820257203
34142,15.812237223429985
34143,15.613879377764153
34144,15.216835944664334
34145,15.628191157573005
34146,15.654770486572524
34147,17.20188267117571
34148,15.953616655328428
34149,15.072670174385115
34150,16.026752366366043
34151,16.61771512802267
34152,14.95509217951115
34153,15.180794495035999
34154,15.053927451942599
34155,16.46697833328506
34156,16.16125694768428
34157,16.94198870437838
34158,14.545950413960275
34159,15.615019879608695
34160,14.714745683059911
34161,17.078626932043512
34162,16.37938200150264
34163,14.77128286828915
34164,16.44144555278279
34165,15.539521871029354
34166,15.984911213252506
34167,15.291893488268665
34168,16.464357024838986
34169,14.763434596796156
34170,14.384120031458764
34171,14.530752954518153
34172,15.595297041100043
34173,15.511487065742482
34174,15.359441533446883
34175,17.443947213071016
34176,16.399814510005008
34177,15.63226008609973
34178,15.936687732744824
34179,14.915822780639731
34180,16.81218955167773
34181,14.735511323020873
34182,15.130199045344355
34183,15.871080694570225
34184,16.769743070945268
34185,14.396066524246413
34186,16.905473005025243
34187,15.323530769237042
34188,13.471463085182918
34189,15.27906159637514
34190,17.070703765224906
34191,15.087282018547128
34192,17.55744111654282
34193,17.526204434733028
34194,15.50974731811929
34195,15.176402512595416
34196,16.155240844016372
34197,15.125647727581722
34198,15.533637289550356
34199,15.928203461680523
34200,16.528777100201175
34201,14.212656867772164
34202,15.070335680596832
34203,16.641063688510542
34204,16.036909467591553
34205,15.87231635578671
34206,16.012229898176937
34207,15.093558688106164
34208,15.47821422804982
34209,15.059419488736955
34210,14.583233171882943
34211,16.41933436705107
34212,13.802089716046266
34213,15.70420976989781
34214,15.906937315785509
34215,16.362882982711394
34216,14.81522963170002
34217,15.990754294054685
34218,14.931215428726343
34219,14.556782533848647
34220,14.725127080042004
34221,15.625403881536368
34222,16.49771402392775
34223,15.152690940895049
34224,16.191047680897636
34225,16.219277456779906
34226,17.834352007035747
34227,14.144570476935458
34228,15.616518170153435
34229,14.095099464684004
34230,14.887917513390382
34231,16.018667149635164
34232,14.752293618624499
34233,15.739931453646612
34234,14.034458676361414
34235,16.450932388277106
34236,15.937936318163853
34237,16.267501648116138
34238,16.092030354704555
34239,14.099011263977715
34240,17.084843126080532
34241,16.554065013539912
34242,15.243653790964661
34243,17.50283842929475
34244,16.082727951822744
34245,16.650668818093816
34246,15.505451268981645
34247,17.065343666073435
34248,15.36963501230767
34249,14.654946220440994
34250,15.152106565841587
34251,15.934884332765206
34252,15.382566570621417
34253,15.403327064823022
34254,14.85286453426027
34255,17.05950302028461
34256,16.546685091308053
34257,15.888043302600863
34258,16.681488174599203
34259,16.552014816244657
34260,16.034966452677114
34261,17.314035518997727
34262,15.315552238920324
34263,16.333024866519054
34264,15.827649747659637
34265,14.675367469098743
34266,16.105338330145926
34267,15.234571786523052
34268,17.040522398936346
34269,16.5275871967823
34270,14.961304277523821
34271,15.51846655616984
34272,14.708166062972763
34273,15.083235909292876
34274,15.2347969172619
34275,15.364363206833547
34276,15.815368542501647
34277,15.916710319157065
34278,15.207208472239296
34279,15.254300618902695
34280,16.82930744496397
34281,15.180581085895263
34282,15.06971594463514
34283,15.563275274726536
34284,15.234966395201422
34285,16.58990844688898
34286,15.821823691871165
34287,15.386943686123958
34288,15.261171864785355
34289,15.531435954110899
34290,16.22380562126277
34291,15.85208132065951
34292,15.908484913743488
34293,15.484701881943764
34294,17.11365310935114
34295,16.399507913281486
34296,16.670986739830095
34297,14.853401454503677
34298,16.256422189736053
34299,14.730367382822813
34300,14.561988722483141
34301,15.396022271609127
34302,14.855508472933776
34303,15.053863912651584
34304,17.667447592917473
34305,14.795947384706393
34306,16.044958025294378
34307,15.78878577200919
34308,14.956910670404028
34309,16.511540331040248
34310,15.756569650273002
34311,15.254290031686656
34312,15.763695372016382
34313,14.316332523076811
34314,14.730372915121348
34315,15.897056341878415
34316,15.027996631473663
34317,15.227353948868192
34318,16.310220428732617
34319,16.165326762759875
34320,15.841576659195669
34321,14.86417074997908
34322,15.689464979264736
34323,16.607267475498087
34324,15.400988330321935
34325,15.307258416436264
34326,14.745764806130387
34327,14.362182864257223
34328,15.357650572907446
34329,17.82723063179861
34330,14.274175311724028
34331,15.736437962751996
34332,15.424696684494354
34333,15.922325525339996
34334,15.179983514839476
34335,14.422412538652745
34336,15.279741826256311
34337,16.61085562953801
34338,15.529947587365452
34339,16.571580606337925
34340,14.550931323369825
34341,16.489894528344266
34342,16.16141767066341
34343,15.678113415862128
34344,15.652841048966811
34345,15.645055500667572
34346,15.87097541152179
34347,14.702444573396564
34348,16.063319778826067
34349,16.418242325653793
34350,15.87462866883963
34351,15.383523989377398
34352,16.29604031781958
34353,16.358988473573802
34354,16.858063543469182
34355,16.835140467104225
34356,15.707637452309289
34357,15.12210488015822
34358,14.85382285479958
34359,16.43344964870209
34360,16.440093325976562
34361,15.672544724778767
34362,14.811360467085985
34363,14.398930681642815
34364,15.895162491427538
34365,15.296689893033411
34366,15.208745086179128
34367,15.950499217236176
34368,15.770839634911736
34369,14.81420364402631
34370,15.843343543161557
34371,15.155895165004402
34372,17.228183742270406
34373,15.977766849756787
34374,15.19093231219993
34375,16.044695090232967
34376,15.953107169615476
34377,14.515699745492716
34378,16.78494639167963
34379,16.24657012877935
34380,17.65171308052574
34381,14.928356504792955
34382,15.215649362592927
34383,14.872732423016595
34384,16.12388760913537
34385,15.450827564460846
34386,14.409056338224978
34387,15.744571240250215
34388,15.640278199448684
34389,16.034187679113735
34390,15.010501068576279
34391,17.813024671829652
34392,14.34137032718988
34393,15.285329824259449
34394,15.190409471722452
34395,15.731868673404929
34396,16.916298779214344
34397,15.910939309477254
34398,15.980820360237345
34399,16.284074742205192
34400,15.678656710024352
34401,15.172737136821368
34402,17.132240642006547
34403,15.810735860130972
34404,16.694943405820524
34405,14.880159987439697
34406,15.276365482796376
34407,15.303698816176707
34408,14.923772125249469
34409,14.980923861258393
34410,16.3644197986443
34411,14.68911340258563
34412,15.27139691591359
34413,14.543316839280532
34414,15.656455839978205
34415,14.516939818194047
34416,15.735976505420064
34417,15.961151788959361
34418,15.735211688120557
34419,15.137018463560565
34420,15.858674705811849
34421,16.589411631876505
34422,16.617764262722105
34423,14.389482563936783
34424,14.91477505148073
34425,13.2718592208364
34426,15.013919041398871
34427,16.468603611138093
34428,15.02555325847762
34429,15.659819867299328
34430,13.84092063469597
34431,14.771276542030416
34432,17.386099555696102
34433,15.78072406491114
34434,15.137795823085808
34435,14.708264821608022
34436,16.6143410218472
34437,16.07447411576815
34438,14.627195595118527
34439,16.264075721302664
34440,15.983251234880298
34441,16.659516752989273
34442,14.84323005725525
34443,16.649773164618406
34444,15.994417484554493
34445,15.706972300843974
34446,17.247099830872564
34447,15.625314737985423
34448,14.661863080420167
34449,15.036150390264568
34450,16.348337871891935
34451,15.544189140303386
34452,16.83039877989728
34453,16.28277169083277
34454,15.340815500562082
34455,14.301732773142586
34456,15.5184561027161
34457,15.366623049492045
34458,15.823612757568663
34459,13.125891091439948
34460,15.36669044493373
34461,16.03915245609612
34462,16.350720871506496
34463,16.022644883961654
34464,16.49967448377296
34465,14.823349251545881
34466,16.40954279151086
34467,14.938026383445171
34468,15.436368506731144
34469,17.185573077468135
34470,14.88531527782979
34471,16.158159699575915
34472,16.288057096245574
34473,14.479213772395052
34474,15.256435387526153
34475,15.49281448002997
34476,14.581969169143882
34477,14.544820469930574
34478,15.017854634371558
34479,14.916948767599672
34480,17.34583375667794
34481,16.797364164630896
34482,16.2956712762985
34483,16.027658667929
34484,16.63990717975422
34485,16.323171641950964
34486,16.203442958956433
34487,15.138957447933688
34488,15.876602772346518
34489,16.216249311303326
34490,16.185888124844812
34491,15.395199660911588
34492,15.417751394109592
34493,15.996276567662862
34494,14.232470002584495
34495,15.936571530931293
34496,15.862489524989194
34497,16.70382349542144
34498,16.306875691197146
34499,14.885114719165056
34500,16.410806999141695
34501,17.05345572607916
34502,15.863577204185182
34503,14.81453735269878
34504,15.18907089518348
34505,15.707773512016793
34506,17.4377410506747
34507,16.39406624049256
34508,14.638464186811332
34509,16.885098657374055
34510,15.901408206022342
34511,15.373675067670382
34512,15.290933746347816
34513,15.12112134477106
34514,17.110169764812024
34515,17.272741404081145
34516,15.096418917874026
34517,17.545965475764334
34518,15.180251690085912
34519,15.580726638084686
34520,15.644999248970418
34521,15.030521548815049
34522,14.847981926073459
34523,16.378853159167832
34524,16.77624648984383
34525,16.313123995965285
34526,14.643903099286351
34527,15.154088675709227
34528,14.994533338890488
34529,16.115534770263633
34530,13.95863905011036
34531,16.520163061389862
34532,14.852533969161092
34533,16.30843771574549
34534,15.95537730997176
34535,16.283390299197208
34536,15.896258996497567
34537,16.32885522779849
34538,16.69125448901461
34539,15.13588074691039
34540,14.685733332724139
34541,16.437940473006428
34542,15.060864266764488
34543,14.5351625567916
34544,15.73379624800476
34545,15.779470143217246
34546,14.868768040483937
34547,14.249933583201233
34548,16.158428973296044
34549,17.431429057457507
34550,15.58059813854553
34551,16.051827227865214
34552,15.792855654187877
34553,16.03762889792311
34554,16.661908698763526
34555,15.66452471137646
34556,14.656070116849214
34557,16.69243948930537
34558,15.838341954145129
34559,15.214859248081424
34560,16.093238130712365
34561,16.271681227542885
34562,14.936221108740014
34563,14.94611968503002
34564,15.650616742231689
34565,16.199855727828407
34566,16.654292341140657
34567,14.803327030653357
34568,16.221513006980835
34569,15.88585363234233
34570,15.284289964572508
34571,14.77196809380895
34572,16.155422603988626
34573,16.82747108571289
34574,16.4390068579353
34575,16.36612331511128
34576,15.355359825165289
34577,15.285809215720374
34578,15.69007553504699
34579,15.803123866485842
34580,15.577056102464873
34581,16.232446718086425
34582,15.080088366882531
34583,14.320948650806802
34584,15.792791653087068
34585,15.162279281533428
34586,15.270370567091327
34587,15.592825128119058
34588,15.690391392185642
34589,16.25160579040096
34590,15.83947622223397
34591,15.384623126335892
34592,15.727457199723041
34593,14.968749227246274
34594,16.805194836786523
34595,16.650034767388348
34596,16.179299461615134
34597,15.83045952134309
34598,15.486725424697143
34599,16.11903140591151
34600,16.392524111659085
34601,15.264808770997579
34602,15.649274406687331
34603,15.611067796745278
34604,16.056711847762504
34605,15.430778261887172
34606,14.622220358214104
34607,15.249207968407704
34608,15.086667814118037
34609,15.649730646869171
34610,15.279074998672353
34611,16.158341551493415
34612,14.630100323497242
34613,15.582326597357227
34614,15.594596367495145
34615,16.44988869379413
34616,14.97603573938319
34617,15.372016110910515
34618,15.474348385368721
34619,13.842701274409043
34620,16.516889924510373
34621,16.225324983777785
34622,17.302467229555923
34623,15.576484271042045
34624,16.67904431604203
34625,15.37014673451948
34626,15.876073462339878
34627,16.169088312147977
34628,16.343642869119787
34629,15.347495666791353
34630,16.27254155196249
34631,16.40987133961957
34632,16.642740967076595
34633,16.057220345111965
34634,13.836024314423854
34635,16.178922124959037
34636,17.135258830363345
34637,15.488915957486793
34638,16.332702010588484
34639,17.04101442324369
34640,16.161571736372775
34641,14.47728804506602
34642,15.463684227014358
34643,16.736528485313823
34644,14.939196200245545
34645,16.757682750636892
34646,16.122811592794363
34647,15.151619973756734
34648,15.578022547103973
34649,15.372458146362568
34650,15.909164024581347
34651,15.694068019683861
34652,14.822482953280977
34653,16.28565931416696
34654,16.491054263298064
34655,15.305806333845744
34656,15.633782366455488
34657,16.37247512533851
34658,15.651026564434972
34659,16.106075574899354
34660,18.231283658210838
34661,16.46656305174861
34662,16.73597104894009
34663,16.975820121460696
34664,16.140501006848922
34665,16.394343426973794
34666,16.125577934159455
34667,14.12347111840614
34668,15.934754812453605
34669,14.29376178188955
34670,15.127215297317655
34671,15.212691771432727
34672,15.174070322091106
34673,15.41527894637121
34674,15.242082254231635
34675,14.840294922303498
34676,17.008839846146273
34677,16.787934852334953
34678,14.851293612348949
34679,15.215361411515651
34680,16.340545591748768
34681,14.690805036363797
34682,13.394821349731181
34683,14.056662542569704
34684,16.30524844386091
34685,15.609610931410693
34686,15.054869725869812
34687,15.85522860991393
34688,15.867472982847389
34689,14.485261828516443
34690,15.647188828138544
34691,15.798112611022562
34692,15.451572808693776
34693,15.518468847495928
34694,15.112532147598477
34695,16.204735190843486
34696,16.4599271557753
34697,14.531833797266902
34698,14.908801263347254
34699,15.841809080270606
34700,17.087945609418835
34701,15.839011491335796
34702,15.221528637817874
34703,15.33467445917143
34704,14.849058955765539
34705,16.24179153178032
34706,14.885641146822593
34707,16.097296616065563
34708,14.942919558735088
34709,15.226262347124026
34710,15.831876849183285
34711,17.871200063352774
34712,15.276350717771132
34713,16.99772040664772
34714,15.396330844346966
34715,15.680103781002856
34716,16.31824468443208
34717,14.720330834506553
34718,15.091539255808414
34719,15.186970126568674
34720,16.609018567616157
34721,13.56112713983817
34722,16.538688545187497
34723,15.807830901364229
34724,15.953286585296844
34725,15.755188089735709
34726,15.43061432592722
34727,16.833590835169918
34728,14.328297833770895
34729,14.8423287145099
34730,15.90659086184522
34731,17.035223990133773
34732,15.006471844607953
34733,14.65081648527683
34734,16.103430453349123
34735,15.236104223297191
34736,15.645330547790564
34737,16.241981683715096
34738,15.171869967915056
34739,16.82470935981379
34740,15.283266823928617
34741,14.098647504745422
34742,15.092820267043423
34743,14.291548122735602
34744,16.521330980423095
34745,14.992756070963582
34746,14.972049604677283
34747,14.700871084498065
34748,15.218434093983333
34749,15.261985273106632
34750,15.861889229997708
34751,15.916476601387895
34752,15.070609291096925
34753,15.47703294112737
34754,16.986456848819593
34755,15.928026652644945
34756,14.97646118475535
34757,14.395109453762924
34758,16.54035306149525
34759,16.37225472851081
34760,16.416633880833743
34761,14.87149191986643
34762,15.543942354128955
34763,15.971858391434425
34764,15.6188076626127
34765,15.057802637239739
34766,15.51420310594505
34767,15.570235570995717
34768,16.480486518344545
34769,15.948135210651957
34770,16.55288132580398
34771,16.571733394929566
34772,16.144477166428135
34773,15.82589178338164
34774,16.111488478071944
34775,15.00949980982146
34776,15.760238076736774
34777,15.821428418518638
34778,17.435112872543467
34779,15.761869240170785
34780,14.801731445346817
34781,15.81366318688881
34782,14.380098324152137
34783,15.949709842012542
34784,16.708153084950222
34785,15.996075325053264
34786,16.930853245337744
34787,15.767388017560277
34788,15.228295317189083
34789,16.567056446490085
34790,15.36515867845444
34791,16.48388752076924
34792,15.091625210318496
34793,17.674045965377168
34794,14.635385419967823
34795,16.16309350660593
34796,14.793520569117595
34797,16.376064592454362
34798,15.083096986422644
34799,15.02366457897774
34800,16.552845927986592
34801,14.695545659712385
34802,14.27645843697041
34803,17.141365271359778
34804,16.30311526709832
34805,16.253133493304155
34806,15.854824228412708
34807,16.800717999395335
34808,15.933891699195682
34809,15.072768715461855
34810,14.557482668339222
34811,15.305483367470304
34812,15.38757515521574
34813,14.861004014589797
34814,16.526544820082997
34815,16.202526589244954
34816,16.11099664184271
34817,15.42841866235939
34818,15.718939719809386
34819,15.483100299906475
34820,15.236087135009672
34821,17.4078722001938
34822,15.264727552105194
34823,15.078318290801048
34824,16.31606413529633
34825,15.595465621591485
34826,14.788936282051122
34827,15.31650983091897
34828,15.773449617691286
34829,15.535721610009436
34830,14.989790643559926
34831,13.508959548280947
34832,15.816804785325667
34833,17.592417875489858
34834,14.171522610043999
34835,15.42386446039008
34836,17.324667186573535
34837,14.927704569408345
34838,15.36278777176345
34839,17.10426785353966
34840,15.811444948455536
34841,13.835940031634395
34842,15.110869710812414
34843,16.606699164919966
34844,15.175659524318627
34845,15.25088587797078
34846,15.369836081598088
34847,17.179639784736295
34848,15.667807056408185
34849,15.090675113595875
34850,16.453463650207684
34851,14.519248187841653
34852,16.40032966744045
34853,16.753000389773476
34854,16.089841622278115
34855,15.725619190023536
34856,16.489629591339703
34857,14.175109620259025
34858,16.176502916037595
34859,14.661408858790661
34860,16.321518881488725
34861,16.545242432691957
34862,16.782049664205264
34863,14.71602791395335
34864,16.119982370634403
34865,14.34085719311565
34866,17.51398686999495
34867,16.71107218992621
34868,15.229701804534136
34869,15.82818491610203
34870,16.23610560809649
34871,15.845867440792746
34872,14.478604135307108
34873,17.180850116228683
34874,15.913218674974836
34875,15.638518115882253
34876,15.775948439294899
34877,15.696019524896943
34878,15.967229623464167
34879,17.458838965429127
34880,16.210330099391797
34881,16.20001283935738
34882,16.63855300060619
34883,15.381815360247211
34884,13.987849347539782
34885,15.399766916706783
34886,15.348231812697628
34887,16.221167779932177
34888,16.472916244085948
34889,14.922105731333817
34890,15.983250647578553
34891,16.414827733762586
34892,13.048166207033345
34893,15.516414363397509
34894,17.244736135308653
34895,15.255534624511746
34896,15.20293471531384
34897,15.503463185249073
34898,16.89999846577062
34899,15.698444761634306
34900,15.703403480312934
34901,16.803534767383965
34902,15.419134003117525
34903,14.632142798871133
34904,15.94756145751625
34905,14.698902434729183
34906,15.825999288965887
34907,16.65468712985495
34908,15.558489386076793
34909,16.10009221275219
34910,15.133210199318443
34911,16.026246897171117
34912,14.981598210724373
34913,15.174558625099811
34914,14.691540687396008
34915,14.92736730977117
34916,16.10015345436553
34917,16.18886868309215
34918,15.633069553603029
34919,15.726098014802158
34920,15.62122395208538
34921,14.996915524760315
34922,15.690333231012977
34923,15.168156221731554
34924,15.104953647661874
34925,16.25121941576714
34926,14.827097660932234
34927,16.627574379026825
34928,15.286411117607752
34929,14.822935737345906
34930,16.067590972738138
34931,14.889423036767717
34932,15.395347804130973
34933,15.372165906672919
34934,13.497936197515845
34935,14.820534169052605
34936,15.504250121051813
34937,16.411265778183825
34938,15.029992455564658
34939,16.371986268553144
34940,16.424972751245047
34941,15.694154234127472
34942,15.08171095286578
34943,14.940120361774785
34944,15.230418815758004
34945,16.27343265093273
34946,16.88318287301558
34947,14.825018647806514
34948,13.97378560712191
34949,16.395083322583492
34950,15.94872721036759
34951,17.390070007883192
34952,15.792499813618518
34953,15.254109009932437
34954,15.314403900618352
34955,13.885455609276114
34956,16.067493445728356
34957,15.383447133751599
34958,16.127138456006396
34959,14.97818473598806
34960,13.697648186074979
34961,15.89554470011312
34962,15.697260271634088
34963,15.151144465935973
34964,15.395936728168103
34965,14.67945443674744
34966,15.305594756928148
34967,16.496347081542496
34968,14.15189332143244
34969,16.029535567192987
34970,15.30907762316927
34971,14.72669696503774
34972,15.807410464394572
34973,16.11757503448219
34974,15.427678765128901
34975,16.732131653290814
34976,15.833410369365017
34977,14.183714872067563
34978,15.993700123717202
34979,16.73403355562525
34980,16.489514289710634
34981,14.143831992065403
34982,15.082612474160687
34983,15.125255946842888
34984,15.714927768773935
34985,13.975426221598742
34986,15.828454195908636
34987,15.12445670925911
34988,15.71548742049951
34989,16.22551631730291
34990,14.663179429883758
34991,16.49865271159631
34992,14.982326351811853
34993,14.720188432116219
34994,14.379643512627776
34995,14.43419013556507
34996,14.720469323309171
34997,14.415757567789823
34998,16.27971512232436
34999,15.985060912667558
35000,16.50628958535104
35001,15.90882580450962
35002,15.338837721241639
35003,15.47955152626592
35004,15.024864919408651
35005,16.067692574117935
35006,14.465979879910599
35007,15.172765259705612
35008,15.606542552632659
35009,15.300330314460757
35010,15.9975621518534
35011,15.322444849445752
35012,15.384429192863214
35013,15.438112597582586
35014,15.269414555602996
35015,15.85509986972405
35016,14.324965453889812
35017,15.5903892993241
35018,15.730015791512782
35019,14.409525229411498
35020,15.836539378307036
35021,16.215815829354874
35022,17.055115477205288
35023,16.78395979190274
35024,15.450721002222261
35025,16.21066104282986
35026,14.572742566150154
35027,16.42726790016908
35028,15.244869710280716
35029,15.822839054429439
35030,15.68606268038144
35031,16.921178745445676
35032,16.94451797456145
35033,16.111813446613468
35034,14.968469762170063
35035,15.7507496598444
35036,15.713457458534213
35037,15.98226631361404
35038,15.370928585869171
35039,16.300167226848036
35040,14.95387426291548
35041,17.76654886162085
35042,16.013193511133544
35043,15.806605184718896
35044,15.52615710173772
35045,16.12103517251373
35046,16.537169764862913
35047,14.537166500574422
35048,15.987695983012149
35049,17.39372537583313
35050,15.406200884185674
35051,16.46223477058694
35052,15.274271991289524
35053,14.88244134706326
35054,15.582574911809889
35055,14.478698354059466
35056,15.639991608304737
35057,16.450231277196643
35058,15.767726682962651
35059,14.755826185750603
35060,16.34335588120873
35061,15.595817184518781
35062,16.062966885596143
35063,16.859521432766847
35064,16.56437351229557
35065,13.958702348318837
35066,15.908049775649525
35067,14.264757082899937
35068,16.041331859630365
35069,14.032670499999513
35070,15.901376236427534
35071,15.440756774219663
35072,16.343022303308704
35073,15.72174429483964
35074,16.152134035659216
35075,17.06094595551193
35076,14.95522772552668
35077,15.655674270119322
35078,15.607604992105758
35079,15.506550000351325
35080,15.033537004720479
35081,16.616255807098263
35082,15.748111738328214
35083,17.06692860979042
35084,15.144415132123083
35085,15.637811390098282
35086,15.202840710123045
35087,15.19745311920719
35088,15.506180056962974
35089,14.784544436606902
35090,15.116786715691191
35091,16.885482806773258
35092,16.25694700676812
35093,14.051018527600547
35094,15.898328192278749
35095,16.411040541845793
35096,15.136702435335419
35097,16.19607257441348
35098,15.217382716909688
35099,15.62385265706268
35100,16.26337655954486
35101,14.865632180845344
35102,16.307212784702593
35103,16.530955449031016
35104,15.282330295613892
35105,14.799169977552989
35106,14.592125384299546
35107,15.310225800420936
35108,16.429935011760854
35109,15.424919566538593
35110,16.14169004028913
35111,15.92569469441543
35112,16.55670015551772
35113,14.78235570801051
35114,15.780376359603114
35115,16.2853287241038
35116,14.475566023571448
35117,15.197447737845405
35118,16.19500523338005
35119,16.452848895267824
35120,16.136656736143568
35121,15.075180340640197
35122,16.69403582078248
35123,14.475711751371497
35124,15.273702494572582
35125,13.541354864452998
35126,14.397208044836946
35127,15.795299472726064
35128,15.845017357604734
35129,16.756979407999296
35130,14.505782230970937
35131,16.09508892022686
35132,14.946528073317442
35133,16.25406833315178
35134,14.96549321696005
35135,14.66260376832292
35136,16.12777664432829
35137,16.534903900341586
35138,15.076425468006656
35139,14.90094663836478
35140,16.305187238283057
35141,16.66721942394442
35142,16.096043078291906
35143,15.320093534489766
35144,15.533466091138074
35145,14.752768390437724
35146,16.18706659768015
35147,16.485348984492923
35148,17.121750503336735
35149,15.74398800824134
35150,15.146728601052194
35151,15.04189478086778
35152,15.124453145103967
35153,16.219258368937496
35154,14.692879129739282
35155,15.860841252266225
35156,15.827774115731962
35157,15.218389358654932
35158,14.42418500201667
35159,15.329796645687992
35160,16.007381222978886
35161,15.291351687020686
35162,15.041937211452446
35163,15.085274703489326
35164,16.39685191484752
35165,16.586803970504256
35166,14.265904317814403
35167,15.10222364345118
35168,16.148634032120984
35169,13.226838397895833
35170,15.040267305042507
35171,17.217886673375318
35172,16.355152908147044
35173,17.283656315054902
35174,15.33632515745851
35175,16.276598341244664
35176,16.865796764427003
35177,14.760200157513681
35178,16.562580104715668
35179,16.63782590318147
35180,15.64885373407956
35181,13.887533857567044
35182,16.215814487646558
35183,14.414531338549597
35184,14.690601127186627
35185,15.863682895750168
35186,15.837606085029499
35187,14.491739629101872
35188,15.291281798521945
35189,15.31015264845533
35190,15.228182065250172
35191,14.604816530194517
35192,16.84700454119396
35193,17.47004025765814
35194,16.853438803747462
35195,14.570983287859175
35196,15.835027687478238
35197,15.29543926146821
35198,14.748278962986184
35199,16.01085945448319
35200,15.510936393203643
35201,15.601116396930463
35202,17.24609379711238
35203,16.08503763778557
35204,15.779582092442741
35205,16.49697290044216
35206,15.914693914608037
35207,14.8675569708421
35208,16.01948372382434
35209,15.74647103127778
35210,16.457845795887895
35211,17.038291254551154
35212,15.29130939716132
35213,15.679812451833001
35214,16.62946894876673
35215,15.999330939492026
35216,15.055463454397032
35217,16.39057417815942
35218,15.836999043800366
35219,15.529340353505377
35220,15.917645509476346
35221,16.193936102145337
35222,15.153527676040113
35223,16.390726095912218
35224,16.185970241099742
35225,15.643089227449497
35226,15.765604495017577
35227,15.904842405346745
35228,15.282380840926626
35229,18.102586901368614
35230,16.14226011924483
35231,14.364510569786399
35232,16.206998734421123
35233,17.263235716916185
35234,15.554361163413427
35235,15.683677345863991
35236,15.957875254099656
35237,16.708186835331702
35238,15.565315273233805
35239,15.821982214305125
35240,14.396456208806686
35241,16.208987242379322
35242,16.764048775868968
35243,15.607089953745959
35244,15.390705977302927
35245,16.1584843976712
35246,16.082123133375468
35247,15.86010065407965
35248,15.66186773822405
35249,16.274505164396544
35250,16.046795085166607
35251,14.456603360543674
35252,15.97804474977443
35253,15.182595796123712
35254,15.847719751343094
35255,15.793075411332076
35256,16.235430036862613
35257,14.067386069633612
35258,17.987785016516447
35259,14.129861122168759
35260,15.26604343152686
35261,15.855149746948289
35262,15.800157124627429
35263,14.676365765704354
35264,16.693564914518245
35265,16.846488703538398
35266,14.889450277479376
35267,15.4521597431387
35268,17.436043551846048
35269,17.23359469311942
35270,16.588351383394905
35271,14.117588266445205
35272,15.164862974313651
35273,14.209283587841812
35274,15.64642548626012
35275,13.402375063856535
35276,14.654979973167288
35277,16.634242666097062
35278,17.040120003451243
35279,15.962060422998363
35280,14.732951375253428
35281,16.165432225539018
35282,15.444062032846231
35283,15.197206527679182
35284,15.58100856124644
35285,15.230379514954054
35286,17.1301211129369
35287,15.16868043458311
35288,14.644108872702764
35289,16.15103240866011
35290,15.107748480003435
35291,16.65849667796052
35292,15.974400954947974
35293,14.390039695994957
35294,15.805169281784586
35295,15.372782991581882
35296,15.337879364741667
35297,14.277889640301371
35298,16.67733573428933
35299,13.93492024911052
35300,16.2852307692267
35301,15.876543284511497
35302,15.373126328593875
35303,15.966515169375697
35304,15.805782267767661
35305,13.964518996535375
35306,16.794638209958357
35307,15.249242249429585
35308,15.4757519755822
35309,14.881477114626595
35310,15.822929533615762
35311,17.21675016743526
35312,14.961723796702515
35313,16.622527192977284
35314,16.00073260911268
35315,17.531554369115046
35316,16.051352417576886
35317,17.12053865539432
35318,15.44619755678389
35319,15.3134525221882
35320,15.689089647623986
35321,15.73720076651307
35322,16.101267767704964
35323,16.308328461985482
35324,15.23816333978649
35325,15.613121158731317
35326,15.485951240745914
35327,15.318445970331728
35328,16.57166214393064
35329,15.673599551600137
35330,15.553021463219105
35331,14.703403600681979
35332,16.44051071736054
35333,15.737664713294137
35334,16.505017655687944
35335,16.06708459417127
35336,15.85494612118938
35337,16.002559318745984
35338,16.668037648568262
35339,15.685713560552076
35340,16.08840393364778
35341,14.165802529828015
35342,16.753801363367945
35343,14.175522212361672
35344,14.78492577390209
35345,15.25244964436004
35346,15.123915968677844
35347,14.921902119004189
35348,14.255454748009017
35349,16.126795108114536
35350,15.628400411270986
35351,14.323721534001018
35352,16.33616251503185
35353,15.955421107704337
35354,14.557069967696659
35355,16.072293743669764
35356,15.724167361174569
35357,16.561941236011098
35358,14.287096734316846
35359,16.938053839431717
35360,16.088800710394423
35361,15.894436597146566
35362,15.37584016061067
35363,16.385465957087956
35364,14.749404665792918
35365,15.414353723637102
35366,16.01367540226749
35367,15.589456411893458
35368,16.51481044932345
35369,16.426740032005757
35370,16.98968271445007
35371,15.407303573128406
35372,16.0168537728683
35373,15.652325189774146
35374,15.514384373319169
35375,16.04798588376986
35376,15.03265633122653
35377,14.674816839844464
35378,16.18810390467748
35379,15.560539056055541
35380,14.015846349818323
35381,14.715664381108095
35382,14.935796124793914
35383,14.292912508548232
35384,16.171953657716585
35385,16.155758095189423
35386,16.22395348862815
35387,16.45519814302364
35388,15.620005007190445
35389,15.341349269401713
35390,14.80309424799927
35391,15.985777367019287
35392,15.462834417585206
35393,15.888004638754975
35394,15.028414406536653
35395,15.588960408696533
35396,15.103627958381907
35397,15.88354842896141
35398,16.232759706331287
35399,15.845919759437683
35400,14.476300078635354
35401,15.424283749683921
35402,16.447903042347537
35403,16.21585501021566
35404,15.532310143991355
35405,17.610833177556916
35406,16.751662017435706
35407,15.914026041453559
35408,16.324302784603855
35409,14.40827062811059
35410,15.20488542685683
35411,14.404327938053912
35412,15.70652373207797
35413,16.405622744789866
35414,15.346621973429578
35415,14.771712148719132
35416,15.048200690544867
35417,15.490482645123642
35418,15.792202251029057
35419,15.342304628286682
35420,14.444493176305906
35421,15.049103855310321
35422,15.343084802894529
35423,15.771096779609701
35424,14.298957042339923
35425,14.207047174851096
35426,13.853445662518983
35427,16.37938173680915
35428,16.246666991408894
35429,14.859953558146815
35430,14.548214993384672
35431,15.577437102451144
35432,16.633426980914912
35433,14.573673898396983
35434,16.406542481727577
35435,15.93649284743989
35436,15.039273727044575
35437,16.00660557056487
35438,15.519822885468331
35439,14.715465823864097
35440,14.763097449104048
35441,15.708738796461535
35442,16.541345562327272
35443,16.11670167697007
35444,14.744855733961506
35445,17.21093646034284
35446,16.464988171052788
35447,16.14249493638448
35448,15.70068049213249
35449,16.08208163455939
35450,15.786631208450638
35451,16.283659209511494
35452,17.040035289751316
35453,16.565577565671358
35454,15.541257910654217
35455,15.866786829349321
35456,17.124252398082643
35457,17.41206837929026
35458,16.227875671529784
35459,15.929873363794378
35460,16.5228088373262
35461,16.323044294673807
35462,15.709391375547831
35463,17.775269586230973
35464,16.127886334048117
35465,15.808143873060175
35466,15.697511880216325
35467,16.417503164638017
35468,14.83490774779818
35469,16.59176682727341
35470,15.205935377835427
35471,15.065731617209256
35472,15.096195902020256
35473,16.676866807639318
35474,15.048815023277243
35475,15.776052539795531
35476,15.554818048070212
35477,15.189220401189134
35478,17.500633146504953
35479,16.62715611753977
35480,14.61646054700058
35481,15.74221037093897
35482,16.709260757061937
35483,17.418365969873275
35484,16.56542080500449
35485,16.916453801683527
35486,15.434642484366556
35487,16.871758703656973
35488,15.83775173741942
35489,15.916893522211879
35490,16.384025744119146
35491,15.795084021929474
35492,15.228267864089572
35493,16.973653023380137
35494,14.636613082343153
35495,15.725267468885706
35496,14.916343764024491
35497,16.622092608011904
35498,15.369478899491277
35499,15.003932302222797
35500,15.539617117117148
35501,16.11164648193214
35502,15.877608996850173
35503,15.915849298161177
35504,15.748476007159093
35505,16.749499719270123
35506,16.26348211676386
35507,16.62739221962761
35508,14.786234632952832
35509,15.858002508718686
35510,14.82050833614476
35511,15.124435292029752
35512,16.465670299479026
35513,15.680975308664948
35514,16.22176769413946
35515,17.02938522730068
35516,15.460547377895939
35517,14.722727621780718
35518,15.377462319885588
35519,15.782079500744125
35520,14.930757818519696
35521,15.862083008158086
35522,17.061265470982633
35523,15.017911631112694
35524,15.177537236507975
35525,16.002540781973764
35526,15.08126654316939
35527,15.188206753684415
35528,14.952165880832258
35529,15.199146513566516
35530,16.56868471037193
35531,15.085067292380392
35532,17.44823709363938
35533,17.648607841403518
35534,16.316472029784162
35535,16.002118701174105
35536,16.672108378893196
35537,14.413651796260638
35538,15.40864938355518
35539,17.50419235809134
35540,15.739113425157965
35541,14.937092736080567
35542,16.208627703491196
35543,16.541438155471536
35544,16.838907893493026
35545,15.06424019537097
35546,16.872038879311752
35547,17.686784979320496
35548,15.324896197530414
35549,16.144175103580288
35550,14.942649233620854
35551,15.023182779381427
35552,16.242908511893315
35553,17.641750976569135
35554,16.349493910994955
35555,17.225082674413674
35556,15.562637989412728
35557,17.56917444282702
35558,14.931656837245479
35559,16.000153028729223
35560,16.18927988456216
35561,14.952838992656494
35562,16.27408837327966
35563,16.79644423506791
35564,15.664480189003692
35565,17.257671292152637
35566,14.922078312187454
35567,15.753112414061299
35568,14.842659223999428
35569,16.949511570126873
35570,15.93991264820529
35571,15.383817521242554
35572,15.317566626825368
35573,15.976193607526765
35574,15.716938585344504
35575,15.519670525985232
35576,15.441151172633186
35577,14.826623849733169
35578,15.108770472513902
35579,15.745610478642151
35580,15.231281416781002
35581,17.11863517789482
35582,16.295913301955835
35583,16.610488996088886
35584,16.537821391436925
35585,18.66157284692436
35586,15.21403629939661
35587,15.824623998749118
35588,16.39903112137442
35589,16.931260602673966
35590,17.77005847198162
35591,16.806797168457503
35592,16.25095995665571
35593,14.529559198496857
35594,16.17432624378275
35595,16.049779079098094
35596,14.74851296477975
35597,16.039570878538427
35598,14.20867068961764
35599,15.427088301660211
35600,16.11581040074833
35601,17.362296803451365
35602,15.66434215903623
35603,14.880922066953351
35604,15.057832092831642
35605,14.444422686860376
35606,14.377663588648206
35607,15.400758290171295
35608,15.4717016997158
35609,14.459352511361022
35610,15.768926050023085
35611,15.703558964865291
35612,15.717526080507374
35613,16.128191016715682
35614,15.749203745955302
35615,15.863798291048846
35616,15.80107967572386
35617,15.831087161795887
35618,16.9923380661333
35619,14.376639879132497
35620,16.238091679870497
35621,15.383402344811973
35622,15.361735919282903
35623,16.87670062105236
35624,14.730297151861064
35625,15.999019309609407
35626,16.4838656573964
35627,15.921460613944399
35628,16.699540891982224
35629,16.633206753897166
35630,14.684219075200208
35631,16.74422648189716
35632,14.550863015826874
35633,15.406004405627112
35634,15.014440641971902
35635,15.214091214851631
35636,16.89504887011099
35637,15.796181670054995
35638,15.703768141221477
35639,16.427136351549297
35640,15.2311531433204
35641,15.849201220713175
35642,15.448680474883268
35643,16.165136906582198
35644,15.79691357136562
35645,15.581286250521782
35646,16.897592879131125
35647,16.112046085758607
35648,15.736105384970777
35649,16.679396045578375
35650,13.81265072656199
35651,15.440297494781158
35652,16.168923313804658
35653,15.147582083054834
35654,16.280202890011875
35655,15.095772175985367
35656,16.235833047022222
35657,15.910742970262847
35658,17.079507159116208
35659,15.657229484886015
35660,14.664542697446402
35661,15.518870665703414
35662,15.167341788276483
35663,17.740321975754878
35664,16.96666705653223
35665,16.68775101663682
35666,15.658928313194492
35667,15.032075073884865
35668,16.13233094462377
35669,14.745105892655243
35670,15.133287412942444
35671,16.44497986752232
35672,15.569671634718667
35673,16.413350799904386
35674,15.740492099577853
35675,14.792681205016706
35676,15.10969115871142
35677,15.810318734604621
35678,15.060613052858113
35679,15.121115232848155
35680,14.824569377101891
35681,17.16819436566972
35682,15.365539030678832
35683,16.192112600976706
35684,16.99907727293899
35685,16.383457784986284
35686,16.128630470368318
35687,15.627710235377965
35688,14.576540723361607
35689,16.266518960548293
35690,15.551288331779734
35691,16.426634737478665
35692,15.82103507725673
35693,15.782028695884545
35694,15.383235310957478
35695,15.071960724028543
35696,15.94764539649157
35697,16.993159873018712
35698,14.89959244952937
35699,16.1283990299988
35700,14.710070402254063
35701,15.416693581924774
35702,15.859045491410843
35703,15.722044949256897
35704,15.441613919472205
35705,16.15384827936265
35706,16.160640073038895
35707,16.280470958835455
35708,15.272706060303767
35709,15.310173842274084
35710,14.430557431377226
35711,15.419153429741323
35712,15.94964149141357
35713,15.64233353669222
35714,15.33105359228556
35715,14.752266636300348
35716,15.511932108154118
35717,13.492589140282561
35718,15.218837403268074
35719,14.735550483793135
35720,15.427678769412434
35721,15.579614321738196
35722,15.852083866088726
35723,16.70224456562073
35724,15.598870150385197
35725,14.873592815186608
35726,16.13656928044627
35727,16.51809917307951
35728,15.879789646639091
35729,16.22577962576446
35730,15.856564054894005
35731,16.967780462067747
35732,15.383894618441223
35733,17.07666035866898
35734,16.762608740786693
35735,16.06189781370537
35736,15.387815641169441
35737,15.49500262101564
35738,16.571473215240857
35739,13.938931193205171
35740,14.910911794956583
35741,15.746296654060254
35742,15.564318090820374
35743,14.750124325362437
35744,15.810754449225444
35745,17.119272961357183
35746,16.194415446154437
35747,15.589728131430494
35748,15.531052283858202
35749,13.69662913782369
35750,16.21851996747261
35751,16.421507955635686
35752,13.518787384612253
35753,17.04142256290665
35754,16.295657783640216
35755,15.594563053198069
35756,17.351376517374298
35757,14.364155693161232
35758,15.647121235897714
35759,14.64657211545923
35760,16.92955189563502
35761,14.84413650754737
35762,16.078544663189813
35763,14.89147928970575
35764,15.82629344092045
35765,14.490143113412213
35766,16.298768490777643
35767,14.843142315211468
35768,13.890512365530087
35769,16.061773938743727
35770,15.194884930151337
35771,17.05963422302364
35772,16.16275018397381
35773,14.791084468264467
35774,15.380224512131436
35775,16.426907011901253
35776,14.59493386478628
35777,15.780549586270054
35778,16.71247176313711
35779,14.658640733477133
35780,16.11912180725892
35781,17.79747307954646
35782,16.129415777534657
35783,16.55955670750915
35784,15.29260896450571
35785,15.664770602288812
35786,14.39967072707737
35787,16.660630753775262
35788,15.749606609373094
35789,15.809961601557152
35790,16.11642212251874
35791,16.392572855594764
35792,15.350676776767262
35793,15.957516461329497
35794,16.518210932660793
35795,16.20688305132326
35796,16.273847213107555
35797,16.128928377126343
35798,15.967042424612659
35799,13.940665234912537
35800,15.82933454877457
35801,15.788946936083832
35802,15.17031430119395
35803,14.868594866297059
35804,16.14688593994589
35805,15.839210860758389
35806,16.367005648332544
35807,13.995227442791053
35808,15.744593169361499
35809,15.132516318313785
35810,15.406437364963201
35811,14.850312715492791
35812,15.986954781508796
35813,16.028676534427657
35814,14.480128188626773
35815,16.016060853037875
35816,15.052034981744828
35817,15.086589091414197
35818,14.99582435375676
35819,15.74490094972503
35820,15.79523581942139
35821,15.141946229553707
35822,16.642405120404337
35823,14.173920135589565
35824,15.809877089818709
35825,13.575192396664626
35826,15.796850853390039
35827,14.798283078957764
35828,14.521184412710546
35829,15.642638855436987
35830,17.224799749471163
35831,16.343835385774756
35832,16.55771459584817
35833,16.03172193772376
35834,14.122438576462807
35835,15.57088193712305
35836,15.374631186990367
35837,15.014696021528442
35838,14.19482013966643
35839,16.360697572663437
35840,15.56126643766819
35841,17.355305068314863
35842,15.280949418049843
35843,16.287040934651788
35844,15.446102601977405
35845,16.128583184979004
35846,16.191333940123943
35847,15.431920801879034
35848,15.218177592454994
35849,16.529476736163744
35850,15.486156843463899
35851,16.11838862076399
35852,15.329104935520006
35853,17.036882691507856
35854,16.20946716219528
35855,14.001323113628484
35856,13.961913802080405
35857,15.315493598744826
35858,16.55671617786792
35859,15.480430045594467
35860,15.08508825941318
35861,15.474499409754776
35862,16.13095128711769
35863,14.721012025938071
35864,15.85845635877442
35865,15.496360400652337
35866,15.061814038638852
35867,16.23528146492472
35868,16.079668114108774
35869,15.312689913114882
35870,15.140576067524368
35871,17.063664387293365
35872,15.977976597737605
35873,15.881933018079133
35874,16.090454454697493
35875,16.2880326627588
35876,16.591648536088783
35877,16.060976091409376
35878,15.988575712111246
35879,15.551362734862915
35880,17.285263256081567
35881,14.761695451837396
35882,16.695181610457702
35883,15.572147529627099
35884,16.833287369215576
35885,16.596857852759282
35886,14.557497286087601
35887,15.408745066608187
35888,16.362582934317604
35889,14.009816918297556
35890,16.317334269713015
35891,15.882105226283603
35892,15.579623465410723
35893,14.870012377147498
35894,16.544820245218453
35895,15.333110406518333
35896,16.070587560391747
35897,17.182348188096732
35898,16.60247026522379
35899,14.600469488015285
35900,15.385116777686992
35901,15.050436138325175
35902,15.382754009745058
35903,16.071775095496196
35904,14.79051995145023
35905,15.324413405937767
35906,16.534649424655708
35907,15.713894544097178
35908,16.518475534176197
35909,18.260601233339106
35910,15.346739032723473
35911,15.649534986431986
35912,15.792300342939914
35913,15.215362460847839
35914,15.708441473144175
35915,15.215119450458177
35916,17.45955126027643
35917,13.051429378866986
35918,16.24271079911313
35919,16.407704161374383
35920,15.894561747084065
35921,15.715214678317016
35922,16.766909704633882
35923,16.273578920323637
35924,15.532580971040037
35925,16.316827139947293
35926,15.406068272070005
35927,15.186178898676788
35928,15.394318544082394
35929,15.077597616761597
35930,14.310168626770707
35931,14.09211754083961
35932,17.108005728135925
35933,15.241747957385046
35934,14.119997527044278
35935,15.514017072304162
35936,15.100465806257283
35937,14.494033693856485
35938,14.5762939251002
35939,15.51133061477165
35940,15.30094049615367
35941,15.310674380859798
35942,16.489792818647306
35943,15.754661216999633
35944,16.118860537511516
35945,16.055435188450556
35946,16.814097725209194
35947,15.50715984542445
35948,15.463419977433302
35949,16.221000636541934
35950,15.073948143803623
35951,14.882641849558123
35952,17.166079331420054
35953,14.645348322337906
35954,15.074732760553202
35955,16.431921585318705
35956,16.056289541839448
35957,15.768244392452576
35958,16.141357282553823
35959,17.99550082477304
35960,15.909823338538406
35961,15.330376931042087
35962,16.254573398723863
35963,15.879299264062228
35964,15.769228270672986
35965,16.149031368308357
35966,15.66432902655947
35967,15.17369531778575
35968,14.800703464718085
35969,15.651371350544895
35970,14.281361601750232
35971,15.591396914286882
35972,15.3341365705132
35973,15.758792744622864
35974,15.615846670124467
35975,16.864854662909007
35976,15.784601915332331
35977,16.29494631252063
35978,16.35510581086784
35979,16.683776214017016
35980,15.877173181834147
35981,14.805056563093762
35982,15.897403089323792
35983,15.352956589653926
35984,15.837211045018611
35985,17.574865214328078
35986,15.947268948086375
35987,16.702342145299955
35988,17.37049976707424
35989,15.639446515721245
35990,16.405990085947554
35991,15.543649238120953
35992,14.816703389082825
35993,15.507253547856097
35994,16.535582594688556
35995,15.947678130726192
35996,13.663127485343653
35997,15.984300755631448
35998,15.898710634677348
35999,16.043971107980827
36000,15.977414458743104
36001,15.628853156648896
36002,14.98117402164551
36003,17.204300344155417
36004,14.578639238909481
36005,15.59094021132937
36006,14.838457463650984
36007,15.362988026364416
36008,15.355203943980804
36009,15.85463804914616
36010,14.748978457471894
36011,14.947480671469195
36012,15.579185623736295
36013,16.324007138094483
36014,14.755952054955385
36015,15.28017500722241
36016,16.375735968729135
36017,17.34272402389678
36018,16.36189260766524
36019,15.186661291255941
36020,14.630815876200833
36021,15.8463203901677
36022,14.34060672588525
36023,15.651567921887855
36024,15.272714065367955
36025,15.413855888763154
36026,16.571794655407853
36027,15.16107448869398
36028,15.476702176434213
36029,16.077229624912874
36030,15.035008850210286
36031,16.175673594187973
36032,15.365508144682254
36033,15.033709979746517
36034,15.097650471248022
36035,15.963378999856621
36036,14.86012328211961
36037,14.911726171143224
36038,18.228371443685806
36039,14.46514210601834
36040,15.393915555850288
36041,17.10656956766867
36042,14.903120392050553
36043,15.223379289395817
36044,16.722102165533926
36045,15.417774598565595
36046,15.666687711766198
36047,15.413981390916542
36048,15.785303274921345
36049,15.906728560390475
36050,17.004405809793024
36051,15.417427851494804
36052,15.333934982705935
36053,15.236585746156925
36054,15.079215702975556
36055,15.541073884734423
36056,14.64919100188833
36057,14.603747644306663
36058,16.593517113047344
36059,15.596250884199822
36060,16.883476835213223
36061,15.667349684518761
36062,15.800269122793495
36063,14.844679875439718
36064,13.696595923565704
36065,14.74932251599943
36066,14.736016365134416
36067,16.253872331294232
36068,17.111703808955625
36069,14.648656724051223
36070,15.646034701033637
36071,14.306550761420933
36072,16.064866559617883
36073,14.700771739436238
36074,16.145492005292127
36075,15.896208676784711
36076,16.58003432561295
36077,15.339579457920278
36078,16.425690511137336
36079,15.15891514250638
36080,15.892116592318947
36081,15.38231442470069
36082,14.458633908654292
36083,14.449326070460568
36084,16.04406612047006
36085,15.55504231331407
36086,14.836678885905043
36087,15.698453900135897
36088,15.509006727631972
36089,15.64357757043937
36090,13.747968684018378
36091,14.967092612692158
36092,15.498541209547025
36093,16.9167310377639
36094,14.644901783145281
36095,16.611451646961648
36096,14.74888660009497
36097,15.560081521098642
36098,15.62546059716904
36099,15.92566575781948
36100,15.725291104452463
36101,15.664020393484837
36102,15.069826246839115
36103,15.919321562110772
36104,14.856440474498372
36105,16.194281460652675
36106,14.77497618814138
36107,14.498215589653528
36108,15.875703687020607
36109,15.682730801879332
36110,16.20955958539345
36111,16.589355756160447
36112,15.524820535086699
36113,16.070848416187232
36114,16.539660026272298
36115,15.661857755097175
36116,16.19340724998549
36117,17.196949653776077
36118,15.846605858115682
36119,14.19809541360044
36120,15.965504767076188
36121,15.52547013187627
36122,16.196906937663968
36123,15.72769388813488
36124,14.906617861409792
36125,16.965777785044494
36126,15.710884280070607
36127,16.91401335499425
36128,15.341873886095412
36129,17.127240055822956
36130,16.75451206820781
36131,15.42601173868928
36132,15.590655726555859
36133,15.782603987541016
36134,15.98990634328341
36135,14.694035351635508
36136,16.300204937379572
36137,17.17606452555575
36138,15.734005168304076
36139,18.067125224346473
36140,16.330359081160715
36141,15.867998693545918
36142,15.611433498019956
36143,17.586780749616064
36144,14.353792536544912
36145,15.470195864993842
36146,15.993543725637615
36147,16.500402583470624
36148,15.665880676089552
36149,14.413138702259355
36150,15.73732808101806
36151,15.244748991523446
36152,15.291566455228516
36153,16.29826238563646
36154,17.19449450619009
36155,15.141235663226022
36156,15.640664733361724
36157,15.929582791538307
36158,14.880089487747643
36159,16.020518991806888
36160,15.066005265920003
36161,17.02094302246418
36162,16.266205193631745
36163,15.447980256892482
36164,15.733351459194651
36165,15.266875119158302
36166,15.087411537673587
36167,13.581452466446596
36168,14.983431287488795
36169,16.331426246497976
36170,15.179578598329165
36171,15.132871151899966
36172,16.878688807290636
36173,15.391623788241334
36174,16.76712405682133
36175,16.051012445482208
36176,16.7449720326088
36177,16.742173401646205
36178,16.022819934121895
36179,15.975509136273121
36180,16.731615397483328
36181,15.400860140631183
36182,15.614246559993832
36183,16.392690730491157
36184,15.595507277773315
36185,17.124728907139442
36186,15.570771099553872
36187,16.264584810389298
36188,15.303118351241576
36189,15.691283517755606
36190,13.667564174993359
36191,15.59028894475267
36192,15.755103197645647
36193,15.796677655659577
36194,16.32479149468988
36195,16.348122288508858
36196,16.527989820384867
36197,14.918869973247187
36198,15.610106357804831
36199,15.434704149343037
36200,15.40642541432858
36201,17.582518676043
36202,18.02731124719091
36203,15.256452585910402
36204,14.813038631196601
36205,15.200514038329413
36206,15.140877510061864
36207,16.163574875937236
36208,15.678255299497245
36209,15.207149937222598
36210,15.333715758221217
36211,16.20215957606891
36212,14.044741033708442
36213,15.700436798113078
36214,15.173958556666406
36215,16.104419074158972
36216,16.924512855578623
36217,15.860140051891232
36218,14.788628840511182
36219,15.587884018157363
36220,15.536057471281659
36221,15.762066605849771
36222,17.643013283920784
36223,15.868364095755302
36224,15.049729497162513
36225,13.913142148060297
36226,15.29031099329637
36227,15.093697781673717
36228,16.414210505559186
36229,16.017592578488237
36230,16.81990268328449
36231,14.689722206388465
36232,16.043629005047677
36233,15.748697981103149
36234,14.258584999143977
36235,16.979418618438167
36236,15.853330175671012
36237,14.815258723028135
36238,15.963483560873723
36239,15.41708873465489
36240,15.166302863406937
36241,15.34144990772278
36242,15.868256840780555
36243,15.059374369416373
36244,14.991170126485374
36245,15.922447048081715
36246,16.241739846380554
36247,15.933751671065203
36248,16.656983025941493
36249,14.046401883748329
36250,16.142716389595623
36251,15.885799505508528
36252,14.239133417184386
36253,14.205099323835363
36254,15.082579976886509
36255,16.762911672715642
36256,17.380762869035337
36257,15.692395670757998
36258,14.698063778226055
36259,16.057211870423654
36260,15.299961273436422
36261,15.598192345168952
36262,15.398612251391405
36263,14.875054008990233
36264,15.707088599699638
36265,15.560831778775546
36266,15.790732989245566
36267,16.148698192296624
36268,14.898332436247056
36269,17.48121582962186
36270,14.565804832819932
36271,15.11782018095156
36272,15.906940458503191
36273,16.193772377938842
36274,16.06618209669988
36275,16.340083682910894
36276,15.398560041710585
36277,14.86198675499373
36278,15.78078967483426
36279,15.571285858557431
36280,14.356660078700132
36281,15.318965538695279
36282,16.092625224236844
36283,16.158729967574093
36284,16.402168957596896
36285,15.782636186740927
36286,13.877241964340302
36287,15.639678448324158
36288,16.232224092164767
36289,15.259989666896365
36290,14.447640433744231
36291,15.990967244298009
36292,15.786782993410256
36293,16.29867402504583
36294,16.584494013109218
36295,16.72847973856991
36296,15.96402720518014
36297,16.186633414075104
36298,15.735134476869911
36299,15.86402071727009
36300,15.622628604656583
36301,15.260045971178254
36302,15.520528936031935
36303,15.413375960459273
36304,15.1631198136343
36305,15.788064488743888
36306,16.046221562449073
36307,15.716963265549698
36308,13.650638507138673
36309,15.968286642038283
36310,16.192402606819222
36311,14.158240763121343
36312,16.774057154610986
36313,14.27675792534702
36314,14.257772975714696
36315,16.545560653651158
36316,15.929184000351304
36317,15.548933682450711
36318,16.480505795781813
36319,15.792761748034172
36320,15.853367940500577
36321,16.662804113639588
36322,15.875787339463988
36323,14.357787335947094
36324,14.53347308924865
36325,15.62173083942939
36326,15.866074884090065
36327,16.830155286243727
36328,15.375868770598219
36329,14.770459096526487
36330,14.973483357989243
36331,16.239600259389572
36332,15.061765336599503
36333,16.042726678192672
36334,13.603942690385987
36335,15.039574040248388
36336,13.640566185134128
36337,14.487303395260064
36338,14.59574275211021
36339,16.886055538247746
36340,15.655273285796916
36341,15.476295272967294
36342,16.190427476646022
36343,15.909390020595373
36344,15.589585322200326
36345,14.157463774065791
36346,15.62450816455492
36347,16.12928827644944
36348,15.83309866641718
36349,15.776524604317226
36350,15.904790085581078
36351,15.747842855690145
36352,16.90948277451659
36353,15.063377764891646
36354,17.67414539612834
36355,17.212759209535594
36356,15.463504476073702
36357,15.917568485326496
36358,16.788877060123816
36359,15.888158679040496
36360,14.795695759062113
36361,16.180035846602408
36362,16.293683114880253
36363,15.521085165452925
36364,15.34752873792548
36365,15.581641143454025
36366,14.611596631825016
36367,14.69272324438062
36368,14.489553652370295
36369,15.442226657292203
36370,17.525870269870254
36371,16.498727634166727
36372,15.574439915525854
36373,15.28285213480195
36374,14.658670450935421
36375,15.857519549301582
36376,16.66789532020116
36377,16.626380252686932
36378,16.2302844730872
36379,16.911425705587092
36380,16.864928726658594
36381,17.17089942521706
36382,16.39470754482582
36383,17.004901642804313
36384,16.004607129533856
36385,15.453104177727829
36386,17.56067112454211
36387,15.7476292091368
36388,15.945106209541207
36389,15.7397970240974
36390,15.047677333898024
36391,15.99572261780343
36392,14.739528148018511
36393,16.163706293072536
36394,14.593279751062132
36395,15.115631148504324
36396,13.879624718753556
36397,15.698695257083836
36398,17.1103136310517
36399,16.577576910520314
36400,15.479466679434893
36401,15.827763774469087
36402,15.142402477473325
36403,16.63899933621573
36404,14.764025857964873
36405,15.19544867765302
36406,13.31874945584054
36407,15.588826547776623
36408,15.245895163626644
36409,16.518509539141323
36410,14.182446920077702
36411,15.09818115694915
36412,14.48475793186969
36413,16.964685785290207
36414,16.430121643410732
36415,15.764675662477938
36416,14.928021700490604
36417,13.980745095513019
36418,15.702381227042427
36419,15.751609915306917
36420,15.413884167382154
36421,18.026292863543237
36422,14.613205605571252
36423,15.675048783915019
36424,15.920262850896714
36425,14.98010014582146
36426,16.0967391896112
36427,14.32695837053945
36428,14.918391672812104
36429,15.771298783885655
36430,14.362142561427863
36431,17.38783493968023
36432,15.234204231730896
36433,15.215042352218882
36434,17.26527890343969
36435,16.043363353665836
36436,15.705930923084432
36437,16.411559565955326
36438,16.14055528222472
36439,16.514374186325824
36440,18.0845684897921
36441,16.934512496081297
36442,16.16521875204881
36443,14.341004677981264
36444,15.232057526372289
36445,16.452106395658245
36446,15.455430321861797
36447,15.983874456353542
36448,16.0707417392974
36449,15.061022840367958
36450,14.365430462941523
36451,15.049889364066637
36452,15.539304202990476
36453,15.37377427828702
36454,15.630235806815213
36455,16.538657532655737
36456,15.994478161289294
36457,14.869769487651883
36458,16.66535075102737
36459,15.721778096954377
36460,15.51211404501756
36461,15.919731155653096
36462,16.138059835315193
36463,16.14567373151069
36464,14.434521677342449
36465,15.415181431411243
36466,14.86836475789455
36467,15.575095610597604
36468,16.107482693911518
36469,15.094551358484557
36470,14.88900912017358
36471,16.97454796426236
36472,15.485591530209783
36473,14.495772009811958
36474,15.443106218596782
36475,15.70342431686753
36476,15.150201511662761
36477,14.96911570783392
36478,15.768793207261167
36479,15.429685385871997
36480,16.516972112529377
36481,15.528853037260117
36482,15.375733389877865
36483,16.45315754100526
36484,15.35245601668387
36485,16.434534008724203
36486,16.672420231259103
36487,14.784804282224714
36488,15.604554085090257
36489,16.266772907403706
36490,15.378976306202112
36491,14.632124071973784
36492,14.909251051056758
36493,15.523900926266753
36494,14.501468420501936
36495,16.25824916417916
36496,16.306344520793726
36497,15.84699067235056
36498,16.69588436435029
36499,16.32756889684891
36500,15.681115872654276
36501,16.63406344170306
36502,15.233035757675355
36503,15.432129920829878
36504,16.315511313273877
36505,16.04593566175115
36506,15.586107046276155
36507,14.986409741566991
36508,15.03241297076911
36509,15.289615364529407
36510,16.45193264553862
36511,14.799888351590347
36512,16.639472439850085
36513,14.067209319097765
36514,16.19896755128145
36515,14.300386553100047
36516,15.886564510294102
36517,15.120443160222546
36518,15.339488518557642
36519,16.433830565767146
36520,14.403739430902473
36521,14.785133141452064
36522,16.426688651736306
36523,16.15500122181481
36524,16.123541541278804
36525,16.764803712795366
36526,14.890210001761861
36527,16.7192599348564
36528,17.32746507810658
36529,17.24890154725841
36530,14.774762128619994
36531,15.792657931398095
36532,14.63093957701273
36533,16.84176033114806
36534,15.589785318222443
36535,17.952205642137965
36536,14.857651072111501
36537,14.741228961550226
36538,14.744195887373634
36539,15.81974111888812
36540,16.800675966710777
36541,13.966529189874697
36542,15.774380077548193
36543,17.827252082060035
36544,14.586023356057698
36545,14.937941157142848
36546,15.67179287958632
36547,15.774497257598492
36548,15.45349521287704
36549,15.020278591403947
36550,15.634945470802332
36551,15.91647636434438
36552,16.46676517307967
36553,15.39339343610162
36554,17.586873139403647
36555,14.866879441469303
36556,15.225030016933905
36557,16.40608756551372
36558,15.88455614510922
36559,14.898495818356281
36560,16.588325519564023
36561,14.861058047606681
36562,16.45410435568356
36563,15.151091383759246
36564,16.27865746011071
36565,16.28170271499629
36566,15.484879650465789
36567,15.409013086844146
36568,15.56475144786195
36569,15.632445187051685
36570,15.941654273004039
36571,15.226406786277135
36572,14.738317058889471
36573,16.366601529947435
36574,14.337525285493424
36575,15.77452851495297
36576,14.391607910360282
36577,16.619769144329936
36578,14.691656434394304
36579,13.954634761462545
36580,13.920417353456102
36581,14.787964519514293
36582,16.37129132572907
36583,15.004745250428797
36584,16.120723461908835
36585,14.781762998219174
36586,17.122194172254996
36587,16.454590479639304
36588,14.742616747423062
36589,15.97455387476956
36590,15.528910103005854
36591,15.603723767588301
36592,15.527708318783466
36593,15.678140940007712
36594,16.030440006303284
36595,14.915118345770553
36596,14.770108547751157
36597,15.725925566790442
36598,17.279295077838533
36599,17.28771258860752
36600,16.06099555846549
36601,16.321383983719375
36602,16.124350842766507
36603,15.663687057543529
36604,15.393771116188645
36605,16.082706352047975
36606,15.698607565347235
36607,16.872173928293364
36608,16.842527633831505
36609,15.015735785606832
36610,15.08168201370741
36611,15.07919956735343
36612,16.28788325615683
36613,16.56760368158577
36614,17.19975933383861
36615,16.99759312485613
36616,15.69036325864588
36617,15.275704517926092
36618,16.242771032900745
36619,15.743091323849688
36620,15.226429617693855
36621,16.01068228506498
36622,15.644422917643153
36623,15.452324170085303
36624,17.089582112353753
36625,17.03870822987926
36626,17.09107936839932
36627,15.948786733576428
36628,15.671525274528735
36629,16.41184153429843
36630,15.318839908872944
36631,15.661272713052936
36632,16.826361886812215
36633,15.10038450207229
36634,16.14803488721117
36635,15.11116671192525
36636,16.49381740954515
36637,17.155757253423914
36638,16.038771153105092
36639,15.79512709219451
36640,14.656087617459038
36641,15.59758391431331
36642,15.156049036984633
36643,14.980408609340687
36644,16.077220157642746
36645,14.747278101495422
36646,14.521768937986534
36647,16.16817444574082
36648,15.87336562707673
36649,16.951705131155688
36650,15.047716543236568
36651,16.650155407436973
36652,14.752514918978243
36653,16.081515905846725
36654,16.522610585846248
36655,16.452351471677357
36656,17.310710278549823
36657,15.604325978832387
36658,16.850511780309485
36659,16.522635888886864
36660,14.69873509444305
36661,13.753926226694762
36662,15.380523813530035
36663,15.801259156188936
36664,15.121175777351954
36665,16.628638294924485
36666,15.388168218779015
36667,15.852892143594369
36668,15.217072063094147
36669,15.194297430516407
36670,15.043720384434712
36671,16.477418068762482
36672,16.136262996795598
36673,16.141638449130134
36674,16.926515575424826
36675,13.884580959348506
36676,16.464084288494472
36677,16.310803196984015
36678,16.465145404326385
36679,15.879220277582272
36680,17.237665594289282
36681,16.846234677539222
36682,15.367105307334276
36683,16.820413905776864
36684,16.711238527634304
36685,14.570992776712423
36686,14.463113105404295
36687,15.998959967233974
36688,15.804134761373993
36689,16.108761421270774
36690,16.2812547828572
36691,15.183529378161982
36692,16.25019056099292
36693,15.13758836614279
36694,17.928816975521716
36695,16.99821909160816
36696,15.372074176786056
36697,14.840444240896812
36698,16.771338899930583
36699,15.498293299649598
36700,15.321799052683172
36701,15.526356620118015
36702,16.600082533487363
36703,14.402688288225677
36704,16.831880111912877
36705,15.658405583815105
36706,14.243826067988504
36707,15.637622889816123
36708,16.678128630595086
36709,14.52283518447491
36710,15.384640494826161
36711,14.988818175876158
36712,14.90745986691695
36713,14.895624985458095
36714,17.054357503356236
36715,17.139756541734013
36716,16.611776192723088
36717,15.555117597135203
36718,15.14898406517666
36719,15.552430205330941
36720,16.36108165631823
36721,15.478736283510354
36722,13.846380009485744
36723,15.429445533955935
36724,15.182542656610714
36725,14.95232087092612
36726,16.23327387013626
36727,16.421989579334575
36728,15.87970861656981
36729,15.552203066022283
36730,15.16497962575041
36731,15.76425887912359
36732,15.749230279668128
36733,14.539499549832378
36734,16.045251669090643
36735,16.236466634931357
36736,15.693927508242007
36737,15.308573233717675
36738,16.117702320083087
36739,16.517120932487373
36740,16.508029435859136
36741,15.532931240359108
36742,15.197507697385419
36743,16.636525913301057
36744,14.976958804524411
36745,15.264436519011046
36746,15.27465753392363
36747,15.575634231880683
36748,16.544092587275703
36749,15.679848936291268
36750,15.626403948569171
36751,15.779929514454862
36752,16.401688788152086
36753,16.852054737266517
36754,15.30514052080068
36755,16.28336760222686
36756,16.72182264188835
36757,15.572099527811407
36758,16.156886985157158
36759,15.789423254258914
36760,16.784931644156266
36761,13.916585463337666
36762,15.451827979846476
36763,17.235679127450844
36764,14.623776582003336
36765,16.476617527650244
36766,16.13874044457976
36767,14.913316160689648
36768,16.58404712518369
36769,15.234509077218377
36770,14.948024467190958
36771,16.223588282804
36772,14.80250572321301
36773,16.250775539165485
36774,16.28070364587632
36775,15.43136764238306
36776,15.656021803623918
36777,15.724012793017952
36778,14.93324585935874
36779,16.409301456014806
36780,15.351992491833458
36781,15.747902959054255
36782,15.501143445706756
36783,14.899093109960226
36784,17.57787328720545
36785,14.211054224070965
36786,15.792708157698378
36787,16.35398648666708
36788,15.52819159935856
36789,14.955336433533656
36790,16.608754491251837
36791,14.625384398526196
36792,15.749803275444112
36793,14.323687722235986
36794,16.30275314643842
36795,16.36845676699155
36796,17.58368389863109
36797,15.571942783563154
36798,15.267056333964002
36799,16.090531425161853
36800,16.198902138523042
36801,15.691456148329374
36802,15.600430879947515
36803,15.15207387025952
36804,14.80363798257406
36805,16.175589534339775
36806,14.21441423888703
36807,15.68079706890946
36808,15.741993480787048
36809,16.012439203310887
36810,15.799910196077589
36811,15.597003616831858
36812,14.361037077268602
36813,14.175163631975423
36814,16.249277530874615
36815,16.19683162672006
36816,16.7994594252814
36817,15.985676561295913
36818,16.161080456881148
36819,16.964280183570633
36820,16.243616431777475
36821,14.842808736574312
36822,16.766942278160595
36823,15.353902035261488
36824,15.343886241395644
36825,15.567003221986003
36826,16.761382913408678
36827,15.300468416659529
36828,15.873522084754889
36829,15.131592191777145
36830,14.466014071276001
36831,15.304188385449873
36832,15.667133384375177
36833,14.030393706979964
36834,15.82237075426501
36835,15.794408534610104
36836,14.79858567490191
36837,17.239143086930888
36838,15.787064499972795
36839,15.957711426904536
36840,15.273948817204385
36841,15.195602147906545
36842,16.23013382965441
36843,15.063766009558313
36844,16.317046409701568
36845,14.657165113568722
36846,17.09598781163576
36847,15.832016371882837
36848,14.302507759420084
36849,15.525859331324337
36850,15.365042660155396
36851,15.568637832944418
36852,13.912083588700124
36853,15.910221842548077
36854,14.514220584804626
36855,15.435589600680244
36856,16.777087957819894
36857,15.832082561071612
36858,15.702768216476812
36859,16.29782238644942
36860,13.296129028898052
36861,16.612033659432285
36862,17.16574065777665
36863,15.990554238426807
36864,15.84064876489108
36865,15.820957794264396
36866,15.299205346065383
36867,17.471351602049907
36868,15.897709341263162
36869,16.112544618115106
36870,16.588309518253173
36871,15.376594646714278
36872,18.01385405331481
36873,16.613496985921117
36874,15.09029867260775
36875,14.564180660882446
36876,16.264791588118115
36877,15.566199680006529
36878,14.181811474968264
36879,16.739590245452373
36880,16.407029552309787
36881,16.21171635392152
36882,15.324173583435755
36883,17.201575208379026
36884,17.15830605012135
36885,16.71002597053596
36886,14.75105381725761
36887,16.241228836343055
36888,16.667412722630704
36889,16.425903844668905
36890,15.957322323497522
36891,16.16376533555829
36892,16.44272895610606
36893,15.573540487151353
36894,15.131394306663701
36895,15.88101273698829
36896,15.10637852052158
36897,15.752829966190802
36898,16.678988215908003
36899,16.01014137789286
36900,15.392038383953299
36901,16.259006808061038
36902,15.822959771634741
36903,16.67214725662333
36904,14.842226319460558
36905,15.310790679112921
36906,16.80543905674761
36907,16.146816914376895
36908,15.171854415342457
36909,14.139486562966557
36910,15.610216737522974
36911,15.205217575550344
36912,15.771607128675155
36913,15.826398808712726
36914,16.249310374343327
36915,15.784856212519665
36916,16.837276030996705
36917,15.943763269158211
36918,14.765731871203855
36919,15.038462009231129
36920,15.861587101480893
36921,17.0534128620694
36922,16.49717797841681
36923,15.207640179669893
36924,16.054453413015064
36925,16.050920699873142
36926,14.228657587888177
36927,15.167521695464925
36928,15.164976368469446
36929,15.938883147756238
36930,15.134901243118831
36931,15.511498436661585
36932,15.51846869251572
36933,16.253149946968296
36934,15.878275185113862
36935,15.77569689712528
36936,16.436652285327995
36937,16.26285214852992
36938,14.680730431175643
36939,14.065005356629811
36940,16.28483297135164
36941,17.25889387369888
36942,16.169654232670577
36943,14.274484135207636
36944,14.872449484609964
36945,16.306737678955542
36946,15.29971601439756
36947,15.515947306111537
36948,14.031556251596584
36949,15.029412226240211
36950,16.063824367258764
36951,15.127766214767902
36952,15.541466093520603
36953,14.989121208637142
36954,13.896412476749349
36955,15.375522236515557
36956,13.812809500393321
36957,15.792500824228414
36958,16.326315068422794
36959,15.335524961889423
36960,14.919067392023752
36961,15.929033462964169
36962,15.905857609666123
36963,13.884637701928323
36964,15.09958567849929
36965,15.911040214101012
36966,16.3637694183009
36967,14.738297630885048
36968,16.118511469343176
36969,15.482456367549595
36970,16.020832998663664
36971,14.1811890301303
36972,15.024832757530142
36973,17.080725955226406
36974,14.917694734227124
36975,15.02181931989134
36976,16.082759476515278
36977,15.756837522332596
36978,15.717416620368974
36979,15.707993555548706
36980,17.121438425867783
36981,16.120067251876623
36982,16.255976827740817
36983,16.481009978184105
36984,16.307017744489812
36985,15.876097055414084
36986,16.19485458997483
36987,15.58851370448767
36988,16.344888596195787
36989,14.323752067864687
36990,15.228576834876769
36991,15.702785936522709
36992,15.781711488879013
36993,15.705600889732095
36994,15.318217976163377
36995,13.79846142716681
36996,15.841878135424626
36997,14.578260964235843
36998,15.847686312671309
36999,14.524323036593893
37000,16.074245940499303
37001,15.6777718814474
37002,15.974911139382963
37003,15.231835592854951
37004,16.35299580037461
37005,15.456198423619627
37006,14.780986596439027
37007,14.481197812301078
37008,14.459755568293657
37009,15.179533634490685
37010,15.674597188359131
37011,15.099990445121996
37012,16.216725163131567
37013,16.249055158730414
37014,15.150854998351296
37015,15.487621535861468
37016,15.260086569213797
37017,14.808099867363726
37018,15.770916249330927
37019,15.722353619435864
37020,17.133193028605987
37021,15.456654796321178
37022,14.953206708761169
37023,16.625947342900723
37024,15.003052498718393
37025,16.22973536540423
37026,15.001035062789294
37027,17.780252982703264
37028,14.79192917017895
37029,16.18114255588292
37030,17.682096650382697
37031,15.213900189284534
37032,15.58812018461151
37033,16.06451853457509
37034,17.679199830034335
37035,16.99668486778411
37036,15.962516265355136
37037,15.755129130916968
37038,16.103334797804685
37039,16.01919765256465
37040,15.23081816285881
37041,14.846856230659098
37042,16.73707807949199
37043,17.16065282808293
37044,15.901582359462322
37045,14.650780433794774
37046,16.758290194015142
37047,15.388198653029978
37048,16.322394722933385
37049,15.987806015536798
37050,15.219190460973168
37051,16.73252966334902
37052,17.26898841418447
37053,15.713050433434981
37054,15.553015742130535
37055,15.219598491477809
37056,14.966497484102097
37057,14.829336533742014
37058,15.445494610566243
37059,16.55142682593684
37060,15.503788483009783
37061,16.106354011189904
37062,14.944224544413895
37063,14.86797364010631
37064,15.728341388692932
37065,15.540498326154
37066,17.281799468361097
37067,16.909920506449687
37068,15.317051763617094
37069,15.389774069781193
37070,15.666259462332073
37071,14.902935088796582
37072,15.815898305838534
37073,16.737309339372796
37074,15.155305836849776
37075,16.408178885043913
37076,16.239722415420104
37077,14.690346187681273
37078,18.352402963991644
37079,15.30907956925655
37080,15.9317880670489
37081,15.919534677982481
37082,15.760710904430944
37083,14.257018051257248
37084,14.449778816874522
37085,15.300035847354446
37086,15.014489851898016
37087,15.849614823354695
37088,16.60566869578673
37089,15.31254255713598
37090,15.401604938762263
37091,15.315851823472515
37092,16.387291552641408
37093,16.164815087464792
37094,15.00963757321979
37095,17.06577945025199
37096,14.151570754681655
37097,15.927511409128451
37098,16.679747550501638
37099,17.320530126497346
37100,16.953990035476206
37101,15.907460930201621
37102,15.32017130104895
37103,15.582751367669132
37104,14.711977050829386
37105,14.681623553036582
37106,14.87918518985537
37107,15.008670061534458
37108,15.106005212283813
37109,16.120751140426336
37110,14.24166777640193
37111,16.053774331083115
37112,15.956472730895735
37113,15.33058771650411
37114,14.946058750819155
37115,16.737734553112013
37116,15.683235302016826
37117,18.101573453343992
37118,16.65885142975083
37119,13.959498082640218
37120,14.522802974515866
37121,15.819450605956384
37122,17.238640161183156
37123,16.412153737572982
37124,15.880662363955247
37125,15.87928885023634
37126,16.32202666615548
37127,15.39315875284228
37128,15.463237695814545
37129,14.536406563448958
37130,15.471861843012153
37131,15.039588997732931
37132,15.574774330627081
37133,16.04258786404208
37134,16.231535488922077
37135,16.554939344663495
37136,15.465199501456556
37137,15.971570918622268
37138,15.76487603694005
37139,15.158780322711824
37140,14.999280684262235
37141,17.886849134492405
37142,16.231782321994444
37143,15.583283826714784
37144,13.547746652511968
37145,15.720796047302514
37146,15.537970065435884
37147,14.593313672277432
37148,16.352542698512465
37149,16.98864894585343
37150,15.9416275929387
37151,15.523265242120022
37152,15.12369352058749
37153,13.80145546790389
37154,15.281779298051747
37155,16.451637466000733
37156,16.471073406031234
37157,16.311099388901265
37158,16.01348058904541
37159,13.819555579835303
37160,14.47896726569468
37161,15.286372170894007
37162,15.215457461233573
37163,15.580829827774625
37164,16.798301496664262
37165,14.411064640983916
37166,16.20846931933308
37167,15.425184622579447
37168,15.498763293375344
37169,15.254489111921236
37170,14.84161944284618
37171,13.839271213358879
37172,15.8451661020938
37173,15.65407470951363
37174,15.821698594243323
37175,16.106841166484017
37176,16.385661493854105
37177,14.758645950150354
37178,16.864996373616954
37179,15.054942750047871
37180,15.85316698684373
37181,15.7098816473698
37182,15.0810566793464
37183,16.32257761177232
37184,16.07021002407813
37185,15.705202669884414
37186,14.998237215785647
37187,14.941403426321997
37188,15.290089656660184
37189,15.995967099998259
37190,16.802488046434107
37191,14.110207459479321
37192,16.35901637136506
37193,15.553393856403822
37194,16.25327536782388
37195,16.846319741479608
37196,15.659219862851225
37197,14.825950581240251
37198,15.225252861478571
37199,14.162826860138741
37200,14.661832588807592
37201,15.005513018123052
37202,16.101095187920663
37203,16.62005032130967
37204,16.850015002315867
37205,16.78751228134752
37206,15.482292811482102
37207,15.24970244554187
37208,15.368122868451891
37209,15.117791522518372
37210,15.065457966262121
37211,15.468745403007231
37212,14.718274267814738
37213,15.119769846082558
37214,16.067717987146015
37215,17.106517362531115
37216,16.30165159218081
37217,16.168389474730077
37218,14.730267766610387
37219,15.773128374935633
37220,16.275042634854355
37221,14.1927894978413
37222,16.656906307974552
37223,18.10720976850111
37224,14.671565841275104
37225,15.348031202968611
37226,15.726683305575088
37227,15.708579967777993
37228,15.43566569792838
37229,14.4751789286761
37230,14.172190138259335
37231,16.347142822454217
37232,15.648314061748781
37233,14.693858861911323
37234,16.39446817466628
37235,15.91166758786086
37236,16.071708071701977
37237,15.985675370508742
37238,15.592893194895495
37239,15.167794336580677
37240,15.889925494149805
37241,15.927044710528206
37242,15.137326295413795
37243,13.843067486589975
37244,15.53534564958187
37245,16.050228108440606
37246,16.53380774197069
37247,14.716345279082184
37248,16.67125040839544
37249,16.110862300764282
37250,15.828999651017629
37251,16.90949461625355
37252,15.745876371614681
37253,16.267393555865038
37254,14.770489439443958
37255,15.719408814371686
37256,14.494786394874586
37257,17.049635572705554
37258,13.612415657670944
37259,14.946642890418156
37260,15.700929156314642
37261,16.483996326789878
37262,16.90896069447073
37263,14.15839298559432
37264,15.83895835276505
37265,16.027187607394463
37266,14.824586103489075
37267,16.326535969008592
37268,16.763079758664155
37269,16.36080656667339
37270,16.22931225287648
37271,17.704463244211695
37272,16.72507953111028
37273,15.533947347756316
37274,14.91928185378629
37275,16.61262184867518
37276,15.927314466886214
37277,14.549659655337813
37278,16.025562154081598
37279,15.897227795098223
37280,14.78745326440725
37281,15.330103302846664
37282,17.370333508503567
37283,14.978766855583306
37284,15.42514302351077
37285,15.23765066016
37286,15.750459624766583
37287,15.35695224509903
37288,15.534644810300986
37289,15.424777734144168
37290,14.76131810159065
37291,14.455861934446945
37292,16.975887511432504
37293,13.925452328821748
37294,16.650305682222008
37295,15.754118039987471
37296,15.719096557103772
37297,15.818680937284027
37298,16.10991198468527
37299,14.549966517879419
37300,15.181340668603344
37301,16.172139506040136
37302,15.33109152041622
37303,15.994774147843724
37304,16.008902975150406
37305,15.406009320069668
37306,16.69398315236271
37307,15.931951513155457
37308,16.4616400503466
37309,15.189336673189805
37310,14.755737082652912
37311,14.653170989688316
37312,18.460231254624567
37313,15.339999093008387
37314,15.92520785751507
37315,16.623958385451772
37316,14.936576351201387
37317,15.896817055820872
37318,17.297537961970765
37319,15.504721669195103
37320,16.211310015112897
37321,16.097109286008678
37322,15.426490295883172
37323,14.719801958058728
37324,15.868327826636909
37325,16.315723859259613
37326,15.281411944275277
37327,15.465455988183889
37328,15.755979833844625
37329,15.012582208105927
37330,15.651476722512305
37331,15.043049053788899
37332,16.285434391908765
37333,16.15741230741513
37334,16.343354130981446
37335,17.299094633874926
37336,16.891578039385134
37337,15.594256839956307
37338,14.80311889918259
37339,16.227905691668035
37340,15.269679938362621
37341,15.246384110020976
37342,16.286333955766366
37343,16.041251907479744
37344,16.07108420273567
37345,15.84411507152169
37346,16.572506525930095
37347,15.774326016690807
37348,13.949303090806586
37349,15.5407076222014
37350,16.919490499992747
37351,16.29488695045945
37352,15.984883764412904
37353,15.69807368697573
37354,14.599721898066184
37355,15.492465524779094
37356,14.383563361167056
37357,15.921771708149745
37358,13.628114444228215
37359,16.28072388005908
37360,14.347279633613008
37361,17.29581420077279
37362,15.359444034540916
37363,15.706822170691153
37364,15.522241643381822
37365,16.926573821826846
37366,17.0818327643359
37367,15.692586861367241
37368,15.762283399671428
37369,15.550415578081076
37370,15.819955976019616
37371,15.729711403586883
37372,15.088907237511368
37373,14.974494309313922
37374,16.029675946578212
37375,15.185010187741756
37376,16.492542505228606
37377,14.958753412906187
37378,15.752994472525748
37379,16.00337753454911
37380,15.208924135792815
37381,16.213140756396097
37382,15.545857998989327
37383,14.47965271091245
37384,15.832153954409318
37385,15.71249532384097
37386,15.141191337523022
37387,14.962410359661424
37388,15.661022932302393
37389,17.223223062392062
37390,15.910703924728978
37391,15.59739049712905
37392,16.11270062486515
37393,15.509609333660332
37394,16.696216385998017
37395,14.793040233651682
37396,17.093545675438296
37397,16.14578123947418
37398,16.74178047441005
37399,15.599093997371051
37400,16.74843219054131
37401,16.39848022665277
37402,16.898545491811507
37403,14.653211954845244
37404,17.19597312995686
37405,15.759726271569194
37406,15.453777527404881
37407,15.427694746452428
37408,15.268344827475195
37409,16.35007352508522
37410,15.98058166837961
37411,14.972902988898355
37412,16.58217269788601
37413,16.54834451056215
37414,15.473657820054305
37415,15.984241883890869
37416,16.0362863440098
37417,15.478001123019377
37418,16.252328041131904
37419,15.857304471595743
37420,16.69129125428102
37421,16.968630167193812
37422,14.970658357598841
37423,16.447352914183742
37424,14.947776597279137
37425,15.537897853617086
37426,15.791680046041682
37427,15.261163156856798
37428,15.929627552609748
37429,15.132661434360031
37430,16.769825223157355
37431,13.641636348889111
37432,16.33238247760839
37433,14.881731982743625
37434,14.272089647023943
37435,15.134619447492133
37436,15.694683865830257
37437,15.747836844919844
37438,15.742459472568614
37439,14.69738528081061
37440,15.310308175909924
37441,16.629313430436426
37442,15.109941025796195
37443,16.48396483040875
37444,14.733103298125318
37445,16.026280204020242
37446,16.226450492942668
37447,16.85177709451272
37448,16.38571694044972
37449,15.364660055445873
37450,16.576425901767056
37451,14.6049801702724
37452,16.609113511638064
37453,15.84406138259415
37454,15.943975737312684
37455,16.33046056989266
37456,16.049351052951504
37457,15.661179951672258
37458,15.107398108296577
37459,15.311045806084705
37460,17.13221415949191
37461,14.964351405357666
37462,14.785304984645347
37463,15.887439678791607
37464,16.169432455860132
37465,15.695053228329915
37466,16.679984272793153
37467,14.255389293120878
37468,16.092264789366705
37469,14.341372424492418
37470,15.812262394791047
37471,15.138908803440968
37472,16.598476318042113
37473,16.543939194392188
37474,15.001020305348058
37475,14.75466543552606
37476,15.159341610340734
37477,15.066225911022174
37478,15.953787059819268
37479,16.072192472512086
37480,15.590834953007764
37481,15.83436119540663
37482,14.491394152635149
37483,14.800264249532766
37484,15.430386326178642
37485,15.947376955455095
37486,15.028817464457589
37487,16.56453596959248
37488,15.389900683671222
37489,15.234039142194431
37490,15.590359327404869
37491,13.548166199816007
37492,14.559635614379488
37493,15.31750152610327
37494,14.400635677305905
37495,15.223741581600441
37496,16.2012226527594
37497,14.358861373990688
37498,15.735714251405184
37499,17.166475226844735
37500,15.067130779548096
37501,15.076596806206377
37502,16.534632319253827
37503,16.27894710427024
37504,16.62558399010332
37505,16.423021678734543
37506,15.567208427738796
37507,16.70147869835275
37508,16.195850967008496
37509,16.15789080915532
37510,17.394810901067487
37511,15.821129197419062
37512,16.015298209839145
37513,15.363709633825716
37514,16.711373610721424
37515,15.220164496874476
37516,15.477906916080531
37517,14.1585702319203
37518,16.291867685190333
37519,15.831059391826283
37520,15.98497812324478
37521,15.554203253456226
37522,14.950656951432148
37523,14.611477332164672
37524,15.969867073310326
37525,15.284050414697372
37526,15.717607949276747
37527,16.13040771491653
37528,14.650602015930401
37529,16.2284959930283
37530,15.5460434776771
37531,14.49031442782407
37532,15.92437029602111
37533,15.394316424619985
37534,15.949177829949656
37535,16.621081138605703
37536,14.80481367203618
37537,15.71290746349998
37538,15.228785511978716
37539,16.24322084054745
37540,15.459209817937444
37541,15.244005039024016
37542,16.972031292296453
37543,15.464185317877401
37544,15.848316763014765
37545,15.847015564682346
37546,14.507361211460951
37547,16.137314384440863
37548,16.156342493804367
37549,13.866304551192638
37550,15.189334258121802
37551,15.989797797244998
37552,16.09278874483384
37553,14.68952766234098
37554,16.105090830757153
37555,15.777806882754273
37556,14.758366929673402
37557,17.65021902389396
37558,15.187332138262073
37559,15.580340136193476
37560,16.90602381162432
37561,15.1264855751722
37562,13.764737609588435
37563,15.761545892388886
37564,14.917630701650678
37565,15.798806301819349
37566,15.177505602233714
37567,15.364192619000058
37568,15.513584583460544
37569,16.609860434436936
37570,14.251446399235107
37571,16.36323459024069
37572,15.220548031182416
37573,14.691604968636543
37574,15.659139499982574
37575,15.635659861109849
37576,16.593575444791963
37577,14.800800273292188
37578,15.149570982366399
37579,15.634148098713842
37580,15.511418347585225
37581,15.372448025138066
37582,15.971795777744449
37583,15.447099487754645
37584,15.425934527615825
37585,16.252818221432587
37586,15.54308858287185
37587,14.801753368215898
37588,14.843988916448206
37589,15.001406288075739
37590,15.552281549479241
37591,14.831361652530335
37592,14.40528063234463
37593,14.153250857038525
37594,14.44259194326339
37595,17.21726663424976
37596,16.011352905776846
37597,15.763167441335543
37598,14.85992544708988
37599,14.493686682889502
37600,16.05428699805631
37601,15.014958005704761
37602,15.490370244191503
37603,15.816006633904113
37604,13.810167142589098
37605,16.352712232454408
37606,16.08860237349295
37607,16.99772773414018
37608,14.494418704357294
37609,15.58300580106899
37610,16.021952940804905
37611,12.782878494245864
37612,15.287195318409548
37613,16.54673038375002
37614,14.670526713177063
37615,14.952016850728683
37616,14.614632995995004
37617,16.76384120933042
37618,15.775874293978989
37619,15.598071215493949
37620,15.81060046489243
37621,14.57957837943354
37622,14.024290671810855
37623,14.773058492739835
37624,15.413823024275912
37625,15.43408334839834
37626,16.03691874565273
37627,15.075803937772262
37628,15.358986168151986
37629,16.822152995924068
37630,16.08856412406495
37631,14.23942309481764
37632,15.42116765370466
37633,15.284843025108348
37634,16.491220851874562
37635,15.167691022622106
37636,16.003150721874487
37637,15.16898507703022
37638,15.45740858835096
37639,16.527482791375324
37640,15.381154603630446
37641,16.287805107961365
37642,15.38481942073535
37643,14.714308613775497
37644,15.308729074433511
37645,14.21698465682037
37646,15.911068734938043
37647,13.956992579522941
37648,16.64949783657383
37649,17.75787684164256
37650,15.602580778843013
37651,16.44646706489708
37652,14.69909412286614
37653,15.350667902034196
37654,15.605124582972016
37655,16.253140838209
37656,16.592374123957253
37657,15.40290401060185
37658,16.67889738905378
37659,15.040971467548042
37660,15.154545899907424
37661,15.154384839375975
37662,13.757788389711228
37663,16.289423532277823
37664,16.504751007720046
37665,14.53770298950853
37666,18.143321352201998
37667,15.276074133504602
37668,15.697959236610997
37669,14.254819430176193
37670,15.604776015482384
37671,14.281050500037583
37672,16.412014705835347
37673,16.46946962371193
37674,15.11887450529439
37675,16.34554659841153
37676,14.856276384528314
37677,15.855613028777695
37678,15.26844343360771
37679,15.13978090436628
37680,15.99541035686299
37681,16.058899264371703
37682,15.111972948696552
37683,15.489448038667799
37684,18.65036882875671
37685,15.462988595724791
37686,14.67806571700935
37687,15.45070870840692
37688,16.681685808417182
37689,17.03568943889135
37690,16.688510819502547
37691,15.461402214127329
37692,15.365747079102329
37693,16.53638087868766
37694,14.919569079472826
37695,15.187811724881715
37696,15.957701614015482
37697,15.205619041013744
37698,16.024553895449984
37699,15.31927427582042
37700,16.62720274188798
37701,16.65874663149861
37702,15.81177193551992
37703,15.544473213486848
37704,15.431845826918213
37705,13.692318572030848
37706,16.468103622226188
37707,15.37430642025813
37708,15.540128413305247
37709,15.006601332737489
37710,16.63100333756539
37711,14.41983861909438
37712,16.247033653326426
37713,15.234387607988603
37714,15.12830345456614
37715,15.170683885001294
37716,14.422613613035976
37717,15.342705652312127
37718,16.22861978031083
37719,15.422271219830632
37720,14.894898751651757
37721,17.32417916603336
37722,16.22099493073376
37723,15.757794839817667
37724,15.622905791806259
37725,14.332235955928581
37726,16.772261456170078
37727,15.819564363520197
37728,15.348394444272358
37729,16.11899961722459
37730,14.938616907631037
37731,16.51772006526031
37732,15.129117848559195
37733,16.171940404658763
37734,15.72395826172467
37735,15.860490324612238
37736,15.518563976421829
37737,16.212838616256853
37738,14.943204473977246
37739,15.21890762880209
37740,16.65447339049612
37741,14.946717618071101
37742,15.859163059764121
37743,13.976316044327183
37744,14.951876223253771
37745,15.149284852433833
37746,15.3764296614482
37747,15.834607035840113
37748,14.211200914856462
37749,16.663383415309358
37750,15.002987112529263
37751,16.426323543744378
37752,14.626152426656752
37753,15.665887029543413
37754,15.031715170072628
37755,15.862476805612065
37756,15.469827530276913
37757,15.915054986661586
37758,15.430471215176206
37759,15.992402088203958
37760,15.749037660827577
37761,15.265588731586408
37762,16.374929081135992
37763,14.952158274957425
37764,15.361712298948557
37765,16.43247309326199
37766,15.765748323668275
37767,15.358347864287518
37768,14.442198613622052
37769,13.94104928854356
37770,16.159762956717515
37771,16.15943220481134
37772,16.87315221898627
37773,15.65136643751558
37774,16.028213136107915
37775,16.57276581161466
37776,15.91493014270267
37777,16.49185238974252
37778,17.097933198790933
37779,16.103711185249306
37780,17.173532628858123
37781,17.16315764092643
37782,14.266406466343984
37783,14.91725756997367
37784,16.19879256024455
37785,16.33285334445541
37786,15.045036933145134
37787,15.7965013869367
37788,16.059927661359534
37789,16.554743312825952
37790,14.537105048014348
37791,16.86972438410263
37792,17.303740239140943
37793,16.069049784592416
37794,15.95761515688869
37795,14.015468996936674
37796,15.934215539701329
37797,14.554517037338028
37798,15.54423342123256
37799,15.971212489521218
37800,15.097784216557114
37801,15.371763725685412
37802,15.600780581621887
37803,15.980695314693913
37804,14.43481291560758
37805,15.98183981033349
37806,15.21553743376093
37807,15.86760134002867
37808,16.202645854668237
37809,15.244215091396862
37810,15.978133353917562
37811,14.884173903940635
37812,15.514954987422751
37813,14.561581074463131
37814,16.07685736320845
37815,16.266783424705398
37816,15.721020173020559
37817,16.277877418999392
37818,16.53693081422373
37819,14.760072885841096
37820,14.608634279559398
37821,17.349650859973824
37822,15.718402901499502
37823,15.383686189423495
37824,15.148348254391616
37825,15.48353933077899
37826,15.84902503972401
37827,14.5864583273146
37828,15.620434199374774
37829,15.652130566482521
37830,16.32916034541004
37831,17.61090946620337
37832,15.577586791189654
37833,17.238832988640954
37834,14.203567426115507
37835,15.29257113368191
37836,14.146580995920251
37837,14.930647282930366
37838,15.629962663380585
37839,16.703015095575424
37840,16.892572849229033
37841,15.116421192814428
37842,15.75497412083574
37843,14.831389745206236
37844,15.49597618573847
37845,16.531868944290178
37846,14.724416093188328
37847,15.975993508176067
37848,16.019477894157852
37849,16.624314314999754
37850,14.3411471758068
37851,15.678259577984527
37852,16.06134380869332
37853,16.609643715402903
37854,13.752914095456267
37855,15.434623980515711
37856,16.928990048756678
37857,15.111472832007907
37858,15.255946581934582
37859,15.189500452047056
37860,15.12794120256219
37861,15.336573166558567
37862,14.830711646895654
37863,14.782438780954735
37864,16.906487579987168
37865,14.906518015358264
37866,17.017845056982107
37867,15.942039124870766
37868,14.942949261617166
37869,14.931432350551727
37870,16.00940338789744
37871,15.45729118798179
37872,16.56799745944471
37873,15.962763673303074
37874,16.348846784812856
37875,17.76744575387854
37876,17.18026925017145
37877,15.088086531291601
37878,15.992537685194034
37879,16.057861962468102
37880,15.277682582565697
37881,15.406277082226115
37882,15.847437758519748
37883,15.459664314666863
37884,14.564803485858153
37885,16.06380573664363
37886,15.548607186437206
37887,14.941815658278673
37888,14.301660122071656
37889,14.928649028862418
37890,15.634121780611915
37891,16.32624466882485
37892,15.351098561173979
37893,16.48907742279894
37894,16.79289335731175
37895,15.749342457301918
37896,15.74398784602159
37897,15.657263889693397
37898,15.88705823487355
37899,16.192972250618272
37900,16.209980521098775
37901,15.82817391710966
37902,16.550023249968227
37903,16.477351358744
37904,15.85414730413449
37905,14.772102986996469
37906,15.602157974821203
37907,16.31414267778478
37908,16.032590213913497
37909,15.55011657498395
37910,15.733165189353793
37911,14.744913454370982
37912,15.651828042423958
37913,16.82679361441365
37914,16.380971948362895
37915,15.137547871936805
37916,17.234268217585832
37917,15.344193236432785
37918,16.564103626170255
37919,15.840587680627822
37920,15.607541575793414
37921,15.636987576803794
37922,17.058707478422328
37923,15.380203566329907
37924,16.499840980189294
37925,15.510072738299812
37926,16.340077419099817
37927,14.865617667460118
37928,13.96202137700856
37929,16.47085649774092
37930,14.908171619742136
37931,16.18684114940403
37932,17.16337467384314
37933,15.823146280311962
37934,14.422566380112508
37935,14.300400803555851
37936,16.288847440136074
37937,15.848202932842467
37938,14.768921966101367
37939,16.006614392656136
37940,15.368757419699632
37941,16.662440579918144
37942,16.599712600159542
37943,15.559512599803176
37944,15.005069678526937
37945,16.21898314896389
37946,17.580593599561197
37947,15.89685496925597
37948,15.72476780466826
37949,15.331725380060531
37950,15.766938063900957
37951,16.323376463190375
37952,14.628446597906278
37953,15.154852927917325
37954,14.018532490944455
37955,15.893769232794892
37956,14.378355971316727
37957,15.731960899227337
37958,14.438123187500338
37959,15.436415958260529
37960,16.26061573542489
37961,15.333665046623079
37962,15.909842764848369
37963,17.834909027156925
37964,14.868136494618753
37965,17.02614481993517
37966,15.503941087593066
37967,14.775403272664233
37968,16.605091986277493
37969,16.669865463247763
37970,16.138800800710744
37971,15.503315931876477
37972,15.29639276901241
37973,16.465789186419205
37974,16.94054061177403
37975,15.864722627831744
37976,17.404385881831566
37977,15.746376861806974
37978,15.511440566643941
37979,15.350958223269238
37980,15.636239840395346
37981,16.722556068107323
37982,14.961563638671599
37983,14.993331198660828
37984,16.637836366773865
37985,14.236459528649958
37986,15.922480398496939
37987,14.447504707744121
37988,16.36951607928932
37989,16.740944806098607
37990,14.203785266875322
37991,15.240852525071505
37992,15.494033265984
37993,15.694672417837792
37994,14.862619167971564
37995,15.691720392792268
37996,15.465219022014853
37997,16.392725384894266
37998,15.716749554945327
37999,15.551553704251894
38000,15.765541832342322
38001,16.25097528048138
38002,15.533393329232773
38003,15.894888301501766
38004,14.807131391491067
38005,14.729676220898234
38006,15.931423823686718
38007,14.829065867098675
38008,16.80919882085179
38009,15.302745270675105
38010,14.732279673732268
38011,16.44641788193814
38012,17.774584036508045
38013,16.71481870388042
38014,16.78849777287422
38015,14.743076691658587
38016,16.377865583911856
38017,17.09883881376477
38018,15.597343965935432
38019,16.186951852437126
38020,15.47640682027618
38021,15.679704924733707
38022,15.711369090007542
38023,15.009733300351288
38024,15.651063005798505
38025,15.532937896241513
38026,16.251898248690022
38027,16.204641388770114
38028,16.327534607232835
38029,16.695996957721025
38030,17.192563167537607
38031,15.450429354256949
38032,16.283309383546943
38033,16.67615834326006
38034,15.92040358479213
38035,16.121731145529257
38036,16.663630461401308
38037,15.669848095691034
38038,15.04564267486851
38039,15.320942876976215
38040,15.473101422441793
38041,15.033316157558856
38042,14.710744190100852
38043,15.85731674177493
38044,16.136285996084723
38045,14.530201543822734
38046,16.323525887970558
38047,16.017821856936994
38048,15.472996856406986
38049,15.039335752174564
38050,17.24617688855928
38051,15.945296941328683
38052,15.653788706568513
38053,15.607664214440277
38054,16.53989454927068
38055,15.72362829748082
38056,14.931923328158106
38057,15.799197676181644
38058,16.623734178723208
38059,15.5659400539745
38060,15.966800101255236
38061,17.339391823509153
38062,15.780191398290437
38063,16.48039187280098
38064,17.111766087036365
38065,15.935503838134341
38066,17.56428942696248
38067,15.282296868628679
38068,15.720908414414884
38069,14.90508990848134
38070,15.313972328962556
38071,16.357015502633086
38072,16.477663006629353
38073,16.0700513332357
38074,16.241566690576505
38075,15.106394620686412
38076,16.031569493589227
38077,15.67491806110708
38078,14.678699148300245
38079,15.617429459177641
38080,14.90167186088406
38081,16.209207237771334
38082,16.739597651356174
38083,15.115981084471501
38084,16.39249838708202
38085,16.976280799600914
38086,14.814680491387433
38087,15.99964902891967
38088,17.5600734480979
38089,14.420174345691645
38090,16.018730844003418
38091,16.653252852068224
38092,15.783613827566802
38093,15.973945653823755
38094,14.556582243295612
38095,15.169870309379288
38096,14.411968798614648
38097,16.643549339108652
38098,16.36316073417408
38099,15.74521948429847
38100,15.888052598325194
38101,14.205626759895518
38102,15.095353252537404
38103,15.45460529647607
38104,17.2247219414829
38105,16.069682665041796
38106,15.3601708437698
38107,15.22345888399795
38108,15.697979030674512
38109,15.701679192258647
38110,15.294503394726387
38111,14.587896422893621
38112,13.81756155794314
38113,15.508003693480832
38114,15.28170695127282
38115,15.993345381403204
38116,15.987562969233526
38117,16.41879889823162
38118,15.096024766719905
38119,16.11456177434107
38120,15.068405346482416
38121,15.654587354431689
38122,16.877909220988563
38123,14.622603451253047
38124,15.032410692014144
38125,16.07465862016215
38126,14.992919787791202
38127,14.734637566251191
38128,15.664646434661133
38129,14.725384819275863
38130,16.48887691160959
38131,14.651498748466787
38132,14.541691735618825
38133,16.139941972367698
38134,16.841779703499224
38135,14.216073910560981
38136,16.78258772613163
38137,15.443907796058557
38138,15.221785348473508
38139,16.108033061221484
38140,15.40364010199362
38141,16.290754603967272
38142,15.893902626469949
38143,15.444835213950693
38144,14.826541414663103
38145,18.55350017571807
38146,14.13644445050745
38147,14.92913101517429
38148,15.02968600805673
38149,15.382443245083811
38150,17.662701851603256
38151,16.282652314016104
38152,15.665691008375132
38153,16.9295855230536
38154,15.51395591095264
38155,16.87027227847755
38156,16.618186468918598
38157,14.43038401725171
38158,16.247003957681077
38159,14.462612972564292
38160,15.955640194153373
38161,15.638894181081334
38162,14.821521052959591
38163,14.961747060136295
38164,15.419241556046638
38165,16.00827303238438
38166,15.454763357086712
38167,16.55730006126128
38168,15.400763476936165
38169,14.904335681577225
38170,15.02113088693181
38171,15.19315340840407
38172,16.102650799173187
38173,14.924394365620714
38174,16.72221712803112
38175,14.61456680921709
38176,14.805297982128417
38177,15.213150200759394
38178,16.67695523108643
38179,16.53903973718553
38180,16.397587190928032
38181,16.993398045102516
38182,14.690788312106935
38183,17.832084696349053
38184,16.90428326765609
38185,14.97715615943835
38186,16.592198514152116
38187,17.106331329301884
38188,16.32905522378398
38189,16.844679152883433
38190,16.22818231444114
38191,16.093045233572386
38192,15.266333299232988
38193,16.659531022796944
38194,15.70542824321465
38195,16.549496191670986
38196,16.83141490957194
38197,16.31519107506602
38198,18.745709948442904
38199,15.491586526069334
38200,16.218598918868647
38201,15.51176306623528
38202,16.009193902961023
38203,15.71818130336112
38204,14.899377730671047
38205,16.393428235066253
38206,14.448592113953666
38207,15.159916681623795
38208,15.288284887761927
38209,15.054260852797672
38210,14.089928118261126
38211,15.01375301850089
38212,16.090374568950033
38213,16.730841094719942
38214,17.19735873183183
38215,15.400166275854467
38216,16.29047156612355
38217,14.111548253922468
38218,15.10010409276156
38219,13.86619133103122
38220,17.245412874695944
38221,16.203502868666632
38222,15.39933584888648
38223,15.687078948116275
38224,16.732570645074055
38225,14.677986621556661
38226,16.35196623397539
38227,14.398506946710393
38228,15.619208192818895
38229,15.285730446177539
38230,16.504448554196642
38231,14.425028042940866
38232,15.467322699848507
38233,16.51476896009534
38234,15.035746466939791
38235,15.713636273030728
38236,17.516114165128513
38237,16.55021906556243
38238,14.995509534840036
38239,15.412150845830702
38240,15.55079026517035
38241,15.239585851735384
38242,15.625680941762706
38243,15.395506508450026
38244,16.42481741066447
38245,15.772999909545634
38246,15.828387195631299
38247,16.293514805375764
38248,16.114115213947578
38249,14.448099503508148
38250,15.5552289225826
38251,15.231644779084172
38252,15.883742041809635
38253,16.315553462492044
38254,16.942817174388466
38255,16.046406571727417
38256,15.325861683755896
38257,15.258056996268245
38258,15.852298277287785
38259,14.93831934245336
38260,17.409031108574606
38261,17.667374196583168
38262,15.762136280405064
38263,16.31480476750706
38264,15.988924404195695
38265,15.349924800553444
38266,15.690547908227312
38267,16.114985064503504
38268,15.38254888244461
38269,15.229746509498412
38270,15.446884874539931
38271,16.09919048185259
38272,16.50501552852622
38273,15.537436544304038
38274,14.804294191207578
38275,17.48227475099553
38276,14.87105305503314
38277,16.631953936322223
38278,15.20778512541889
38279,15.626128936060603
38280,15.969225962096573
38281,14.732265439632547
38282,15.722558685482156
38283,16.371141400790115
38284,15.964623922162277
38285,15.992851919512628
38286,15.161759748315257
38287,15.880688161224025
38288,13.86512448214483
38289,14.957235459031663
38290,15.601662526045278
38291,15.558597375500948
38292,15.05703122721866
38293,16.44381599089837
38294,15.034746998865272
38295,14.824714299543201
38296,14.484741656532393
38297,14.690085755837975
38298,17.148767573313997
38299,15.747056030279962
38300,15.939531074575036
38301,15.22604940729966
38302,14.0609929212135
38303,17.041895608242235
38304,17.102824019845077
38305,14.976437240828954
38306,15.778371957123888
38307,15.366255986032945
38308,15.618676682624164
38309,17.752174666404308
38310,14.576001797633012
38311,15.813050401008603
38312,15.458236448583405
38313,16.47522189096463
38314,15.409636393763062
38315,14.469757915347184
38316,16.024668470468104
38317,15.463929423226366
38318,14.925215804557311
38319,15.3762855112185
38320,16.097374853932674
38321,15.158444938887177
38322,15.02561890575809
38323,16.995415446102196
38324,14.500641085993372
38325,15.30145306076739
38326,15.262284766098317
38327,17.588268917088474
38328,17.784312780980663
38329,16.610390489611994
38330,16.008726339224587
38331,15.416910017371157
38332,16.50169478463192
38333,16.275399519670035
38334,16.059619210838406
38335,16.3246167833331
38336,16.592587671944088
38337,15.188069950116065
38338,15.529614062258542
38339,15.61976464196123
38340,15.844241774814707
38341,15.003885163614346
38342,14.896730599311846
38343,15.044529530242636
38344,16.298735963793483
38345,16.240437741235123
38346,16.382774661417457
38347,15.109972796328822
38348,14.746618731587091
38349,15.484842729853073
38350,17.165959774183015
38351,16.802668526014696
38352,16.101045366931718
38353,15.332552714682476
38354,15.018013379419182
38355,15.178204500757435
38356,15.941689624460444
38357,16.422737595440626
38358,16.192682740673753
38359,15.607479425113736
38360,16.305855308091562
38361,16.618059037982956
38362,16.303207178122456
38363,15.915695494162168
38364,15.971275337261167
38365,14.403588110239125
38366,15.915980756015735
38367,15.065478338524688
38368,15.497667621728144
38369,14.503819614116374
38370,16.937493693750188
38371,14.329869755929074
38372,16.05145737243976
38373,16.25784500074343
38374,16.114377897702433
38375,14.053004986176525
38376,16.515755286139285
38377,15.496818893127562
38378,16.10509207903014
38379,15.301259798260828
38380,16.03155445333587
38381,15.80041327768673
38382,15.907355669370126
38383,16.408290375151925
38384,14.70169015019802
38385,15.724828024290709
38386,16.519758307392326
38387,17.51719619781334
38388,16.946218559998204
38389,16.51388410286774
38390,15.454098756315837
38391,16.085558701216325
38392,15.195737014620658
38393,16.64816003549491
38394,15.921204541115028
38395,15.22181052281861
38396,15.277539199166792
38397,14.523806078128763
38398,16.476252713467474
38399,14.630691515463441
38400,15.865647068416614
38401,15.994239373979022
38402,14.763388117760034
38403,16.134161339814504
38404,14.558709988799853
38405,14.65668054155986
38406,16.323255718834787
38407,17.411231862609846
38408,16.095413482207615
38409,15.509699959041166
38410,16.37586154529707
38411,15.839084223615979
38412,15.424655992613705
38413,16.529698354958924
38414,17.799613826685388
38415,14.912109874212728
38416,14.845895179883838
38417,14.487530037164474
38418,15.849147238247975
38419,16.48813052936789
38420,14.55022637349039
38421,14.947871104584095
38422,16.84049419181833
38423,14.907925481695258
38424,16.59388361642981
38425,15.100622834468027
38426,15.237806034490458
38427,15.444887863776001
38428,17.255308812562184
38429,15.544205131452491
38430,15.820705426798243
38431,16.354009214968148
38432,14.337199713123397
38433,15.890611940330377
38434,17.623391053763267
38435,15.268570630390801
38436,14.962025928098207
38437,15.95944394087063
38438,16.07653802900766
38439,16.0592547164482
38440,17.521712417457486
38441,15.9468986354269
38442,15.01793000148728
38443,15.662535060225606
38444,14.888253611153369
38445,16.00157162012095
38446,15.676039238780557
38447,17.082281186509533
38448,14.665706773363961
38449,16.006946944643637
38450,15.695889771723076
38451,16.7249558936844
38452,15.338461793462848
38453,16.644964998686937
38454,16.640890716595422
38455,15.135537594089165
38456,15.320605998728992
38457,16.110514233416602
38458,13.787183087924507
38459,16.440554264243573
38460,15.466939844176807
38461,16.068230928526333
38462,16.572019019218377
38463,16.657032714057003
38464,16.817233569089844
38465,15.458115529690458
38466,15.608047146270275
38467,16.29213299291264
38468,15.433410349131542
38469,16.139346304892857
38470,16.445470749945052
38471,16.631497914063168
38472,15.995773931356673
38473,16.0763677135228
38474,14.638640250309775
38475,14.667377040317673
38476,14.900368197546388
38477,16.298810407238314
38478,14.828375822913861
38479,15.731009385101013
38480,15.834856472272527
38481,15.882075353431354
38482,15.717709700914147
38483,16.422453669777905
38484,16.679398841896905
38485,14.74524822060543
38486,15.903611212944844
38487,16.4255736794687
38488,17.406461716602745
38489,13.456239872126307
38490,15.617629720225093
38491,14.878018318772508
38492,17.525316633453357
38493,15.216764413994133
38494,14.7520504823996
38495,15.527388231444876
38496,14.958307645967308
38497,14.950349102732929
38498,15.451638911442725
38499,15.499290419060578
38500,15.41214404080373
38501,14.997674657509034
38502,16.43722409601141
38503,15.23165673281186
38504,15.836776611290704
38505,15.262386687511064
38506,14.798203392243082
38507,15.38515329535282
38508,16.322978440759538
38509,14.794246845026514
38510,17.78513562442294
38511,16.293039484944625
38512,15.787531615617473
38513,15.881161022502882
38514,15.958134771185241
38515,15.363857044751978
38516,16.33642761165526
38517,14.148499479977438
38518,17.64367985219017
38519,15.961416008480567
38520,16.883834267822156
38521,15.586895034922634
38522,15.464185029156038
38523,15.789551930540487
38524,15.580318518013243
38525,14.566682912107925
38526,16.27293803538691
38527,14.913995762054032
38528,16.659731283944726
38529,15.189203027196019
38530,17.00806337072084
38531,14.741484980810243
38532,17.14873690595927
38533,15.17744035261103
38534,15.816271663823384
38535,15.098295102365478
38536,13.853750112883688
38537,15.347218327528834
38538,16.882197542865267
38539,15.252572246425169
38540,14.957231696012641
38541,17.214926930226518
38542,15.036442447095839
38543,15.185370944235036
38544,16.513786780460094
38545,15.114125532317177
38546,14.703545414247841
38547,16.834691494281834
38548,14.026801477890695
38549,15.540467565300794
38550,16.67727968858795
38551,16.76256581105617
38552,15.516152443322975
38553,15.132605323611255
38554,16.191366062670664
38555,14.974665584573557
38556,16.205477888029762
38557,14.897974731420993
38558,14.890846204638683
38559,13.436434946695837
38560,15.845431132287754
38561,15.094758183855676
38562,14.480036636434845
38563,15.19030322682733
38564,15.508215005472652
38565,14.52082089773246
38566,16.28352977275974
38567,16.879521099316605
38568,14.865537000675934
38569,16.73492537529869
38570,15.152054603210813
38571,15.829309843944419
38572,15.207656587152597
38573,16.414266798388088
38574,15.748282134043718
38575,14.277218075035803
38576,16.722721730410345
38577,15.97172178686258
38578,14.739860043981373
38579,15.45201326709109
38580,14.203875992426116
38581,14.818782087448854
38582,15.40487587706577
38583,15.900135963906013
38584,16.79161474521295
38585,15.555927538743315
38586,14.79138742279956
38587,14.644872639393506
38588,15.382246516528518
38589,16.449157421027486
38590,14.59336515644265
38591,15.856909974295837
38592,14.98060842728907
38593,14.841083723868081
38594,15.558192510742295
38595,15.177318774254037
38596,14.639335692799593
38597,15.544479656631454
38598,14.654625700375396
38599,15.749708971683631
38600,15.754556758596147
38601,16.18792036739904
38602,16.239848058592955
38603,14.290605988682316
38604,17.40887135237646
38605,15.409503593787184
38606,15.37676900628616
38607,14.95792991461098
38608,14.871707527624961
38609,15.603161889948375
38610,15.072652579462982
38611,15.24904167644093
38612,16.46094362611593
38613,15.391618820417973
38614,15.620440965519492
38615,14.230127912101647
38616,15.21329403214942
38617,14.868590021915736
38618,15.22534549442751
38619,16.476974308355135
38620,16.62137007137981
38621,17.429840742924362
38622,14.632819217414506
38623,14.225218504074455
38624,16.84619538954034
38625,16.99200709027892
38626,14.626088967221156
38627,14.641717088565976
38628,16.373682846922904
38629,16.689650852689258
38630,15.534925426439903
38631,16.497484895769265
38632,16.64127989420112
38633,15.037053484735594
38634,14.978646290463363
38635,15.29919321512372
38636,16.63651836614349
38637,14.398647795043074
38638,16.0987501198349
38639,15.299570564564894
38640,15.671314575514328
38641,14.503159120212025
38642,15.624418528499861
38643,15.526853383115167
38644,15.789335769060518
38645,15.9073219235342
38646,17.152522502927585
38647,16.18845228288122
38648,15.782468811323083
38649,15.056823625724833
38650,14.751846506072079
38651,15.581455358823696
38652,16.203993611577104
38653,14.239729190774623
38654,16.234519194479002
38655,17.208132205949447
38656,16.153526791977367
38657,14.058373722834071
38658,13.953517649739231
38659,14.537704546105788
38660,15.60493325498517
38661,15.559394364773086
38662,16.76665843922308
38663,15.50786121118711
38664,14.851587400345107
38665,13.237243026154156
38666,15.515522537115183
38667,15.926746045878433
38668,16.604471029545273
38669,15.588731597936762
38670,16.389359113547098
38671,15.239504732443427
38672,15.017345929153183
38673,15.854496179698565
38674,16.18812252643837
38675,15.653883246088569
38676,16.44054032539423
38677,14.776420563434684
38678,15.581932852580318
38679,16.16298457550934
38680,15.400655726498444
38681,15.826543466470758
38682,15.872998417821755
38683,16.708729980142415
38684,15.881294057988615
38685,15.182857383535886
38686,14.337175424742249
38687,16.038984834623772
38688,14.310669465204283
38689,15.193965990833622
38690,17.44665355404252
38691,14.424332525828842
38692,16.41355141108792
38693,16.483643244932278
38694,15.80493259842996
38695,15.145582009429068
38696,15.86725523606132
38697,14.616428399113707
38698,16.021388726780295
38699,15.320408664450538
38700,14.801765489683488
38701,15.3594402327074
38702,15.98444680079905
38703,14.33314348235895
38704,15.597414854227823
38705,15.600734437778314
38706,14.647722931079098
38707,16.80586035579008
38708,15.583757465592043
38709,16.224569333623137
38710,15.210938052687045
38711,14.674088299481815
38712,14.664449485312232
38713,16.491994478000496
38714,16.089470325920722
38715,16.44174258664224
38716,15.83987900537453
38717,15.353959515363353
38718,16.0711319035677
38719,14.935687508788927
38720,16.257237089299117
38721,14.648538605187989
38722,14.870937760818798
38723,15.454975995565714
38724,16.42926222661662
38725,17.454381131286798
38726,16.617725919344906
38727,16.497209663438404
38728,15.312787116692725
38729,16.538392921141234
38730,14.783489997358144
38731,14.42328700548907
38732,15.84671919675953
38733,16.79364725801063
38734,15.969774787741095
38735,17.63133958286571
38736,15.814106548247725
38737,15.836940352886325
38738,14.91017595442075
38739,15.15875424439383
38740,15.966739110281827
38741,15.350809077334647
38742,15.97653830992418
38743,15.837631383240895
38744,15.277318868777787
38745,16.338503670615516
38746,15.514898970904396
38747,16.11979454681328
38748,15.300825097512758
38749,15.858918557710487
38750,14.678817228185748
38751,14.576319960458372
38752,16.551325153493323
38753,16.02561757623455
38754,15.05797173344505
38755,14.249850186202169
38756,15.428078242023123
38757,15.285118775483907
38758,16.390289903897713
38759,16.89181096516215
38760,15.729396024306494
38761,13.701494781255837
38762,15.537446187717794
38763,15.488112605856369
38764,15.58528254377376
38765,16.77870701999782
38766,15.704523007691403
38767,15.906889181446648
38768,15.945848401336683
38769,16.05943443395124
38770,15.824804661606397
38771,15.185554913723143
38772,16.162058470933705
38773,15.380648334949223
38774,15.455495363833062
38775,15.99345083918237
38776,16.287160320464437
38777,15.126142511295772
38778,15.453415610926061
38779,14.835863253289324
38780,15.80651760634972
38781,15.711887442692992
38782,15.216995129293133
38783,15.825996392967197
38784,14.843550750441235
38785,15.360445031461003
38786,16.126255230842734
38787,15.223070767784405
38788,15.954472067910345
38789,15.396311150119274
38790,15.99624651734775
38791,15.451348646769201
38792,17.244501358683895
38793,15.726805702414532
38794,16.570695272693577
38795,14.458515857141405
38796,17.160473674038276
38797,15.3812065389321
38798,15.062073463438498
38799,15.97390638912775
38800,16.18784795186296
38801,16.991408184620237
38802,15.749929794702997
38803,15.683553971937727
38804,15.30008082786213
38805,16.0588698692421
38806,15.03749634691008
38807,15.666817969609772
38808,15.146737494227871
38809,15.623554730987484
38810,14.704055107305498
38811,16.876026256355075
38812,17.25322444065026
38813,15.151903506608972
38814,15.858321912421392
38815,16.427879738593738
38816,16.030005214188787
38817,14.418527884888132
38818,16.67715881492247
38819,16.064195023793516
38820,15.949224300938113
38821,16.321337107807047
38822,15.70663027505383
38823,16.005221945196965
38824,16.6202045272088
38825,15.57359130495269
38826,16.064184843458438
38827,16.13636418721063
38828,15.465966281578838
38829,15.400117559425173
38830,16.10000958677987
38831,16.01568736782041
38832,16.63818499554689
38833,16.764006304875313
38834,16.122593380409224
38835,15.688981328467635
38836,16.224540123748035
38837,15.768568133579722
38838,15.422424713109322
38839,15.241410456240502
38840,16.83191913466885
38841,14.639157438664165
38842,14.89365982659598
38843,15.102086020906336
38844,15.215698281132946
38845,14.686553592255203
38846,16.576351491541395
38847,16.6225305899248
38848,15.250413365518355
38849,16.905654119348196
38850,17.826524407525795
38851,15.82588887292767
38852,14.642723851607316
38853,14.895087744462352
38854,15.574337270746003
38855,17.32401037770871
38856,15.848760209624887
38857,16.29385028834459
38858,14.807705321648733
38859,17.0592363784416
38860,15.159182601113224
38861,15.444178996486066
38862,15.641838460071549
38863,15.69566624199095
38864,14.792041771822541
38865,15.887292905166618
38866,14.771801739661235
38867,12.81263590157056
38868,13.97972483507134
38869,14.62856168948453
38870,15.646883968860996
38871,15.129428902291417
38872,14.845228197803719
38873,16.209773782388535
38874,15.291500931786377
38875,15.994471083471824
38876,17.073580441757144
38877,15.740278504956413
38878,15.978120780258491
38879,15.107206102452771
38880,14.352222449764124
38881,14.240176661986663
38882,16.041828370997465
38883,15.737144155872759
38884,16.125218878419986
38885,15.100064259929669
38886,16.347538845586747
38887,14.898857093984818
38888,16.031368138997482
38889,16.425753997758246
38890,16.221487274284605
38891,14.481814223271602
38892,16.55029571422906
38893,16.771802444854593
38894,16.240462990258916
38895,16.138197640569793
38896,15.426498094562659
38897,14.752286343017719
38898,16.146914646055226
38899,15.31928566476556
38900,14.407614715797651
38901,16.11293281227928
38902,15.306307380821845
38903,15.754840345623425
38904,15.579472909349915
38905,16.130383285724463
38906,16.835034067739716
38907,16.652629153324906
38908,15.989686434878292
38909,16.755865850695947
38910,15.753384307837068
38911,16.26806589063382
38912,15.196431174991211
38913,15.410495439587251
38914,15.705067510240324
38915,16.29201743157377
38916,17.08479779491663
38917,15.312535714478376
38918,15.996399262603948
38919,15.044919884784257
38920,15.4719320503681
38921,14.87300274431856
38922,16.616723274614614
38923,14.916552996450845
38924,16.041573472195132
38925,14.890891350274112
38926,15.979629785723358
38927,16.405492803367128
38928,14.830240500774236
38929,14.888894296275147
38930,16.56253544563514
38931,17.3776482442705
38932,15.514103609809487
38933,15.25884308039191
38934,14.475179789972868
38935,14.428116333358256
38936,16.435495029871152
38937,15.599609478600998
38938,16.234283433451804
38939,16.195634496931543
38940,16.202929229137563
38941,16.20096778549109
38942,17.58504412523939
38943,15.35948599610206
38944,15.869457641584098
38945,15.805298757606348
38946,14.047023436205526
38947,15.252500683431645
38948,15.352776244617568
38949,15.137900716037747
38950,14.307172854297656
38951,15.182159436515017
38952,16.04640344193823
38953,16.929208161093623
38954,14.423815916887316
38955,15.41127900338051
38956,14.995538056972713
38957,15.42213350302443
38958,16.39077391254478
38959,15.219730911777127
38960,15.887979282227084
38961,15.106179435548318
38962,16.18280521327878
38963,15.347886420982224
38964,16.046150955962197
38965,14.696487411817479
38966,16.109909351929847
38967,16.28431590452742
38968,15.523837271583398
38969,15.077604316690595
38970,18.028164938942584
38971,17.19913855861815
38972,15.062657631824857
38973,14.175949768042226
38974,15.318042618519213
38975,14.770950645154901
38976,18.129126603929716
38977,17.2442749165212
38978,15.914633609581639
38979,14.394194045397551
38980,14.235257926320799
38981,13.645680520830002
38982,16.876307894623285
38983,16.00362058365431
38984,15.003873122767605
38985,13.845552718702246
38986,15.225735430427257
38987,16.530114258527124
38988,17.001771010410252
38989,15.08188918456335
38990,15.63600668163196
38991,16.51350085734341
38992,17.32474172556153
38993,15.662697029431508
38994,15.677887796840286
38995,16.446443177475235
38996,15.687938694685336
38997,16.27691162780241
38998,16.65877307050596
38999,15.019075040740042
39000,14.945921915694058
39001,14.45808354684009
39002,17.24626617204679
39003,15.492677516242018
39004,15.158678937861037
39005,16.096776892149265
39006,15.09630365719562
39007,14.510840859511465
39008,16.0585152726997
39009,15.723908688011816
39010,17.354809900231814
39011,15.834333446544392
39012,15.27688601517252
39013,15.99036061361976
39014,15.395126564756612
39015,16.192823272484727
39016,16.38633692159503
39017,15.882835421658108
39018,16.518319906874915
39019,15.55619200785704
39020,16.027694803918056
39021,14.918843187299402
39022,17.832588674824372
39023,15.482948434517144
39024,16.084622550426126
39025,16.00163522238691
39026,15.820826019471886
39027,15.305952206101908
39028,16.483755551865087
39029,16.655111316665003
39030,15.966815428316783
39031,15.685372622856715
39032,14.09691809109474
39033,16.809635670587866
39034,16.504639906961536
39035,15.028219769947635
39036,16.130097054141125
39037,16.88727810510678
39038,15.623189504419313
39039,16.502546724918332
39040,15.473621643102021
39041,14.606190737702772
39042,16.257785651244827
39043,14.557961539968113
39044,16.772991499239634
39045,15.670282345324608
39046,14.383312381406602
39047,16.651595266384607
39048,16.041478195589132
39049,15.057904799191924
39050,15.23652306763407
39051,16.16908427509113
39052,13.412764815537772
39053,15.783359703136695
39054,14.76093342572886
39055,15.731674286886856
39056,15.986091468761396
39057,16.407346375661472
39058,14.887919749194397
39059,15.59584362898949
39060,16.471112814026917
39061,14.676485281640243
39062,14.652848723468866
39063,14.348750643322274
39064,15.29601581292749
39065,16.100495126076098
39066,15.58039858488947
39067,15.323784720452037
39068,16.19270492803094
39069,15.106206999755674
39070,15.628200803115305
39071,16.390842795930855
39072,15.063869806531079
39073,15.442353550176557
39074,15.192609012847942
39075,14.91667222726936
39076,15.48624025673971
39077,16.514528117596193
39078,16.813624677267217
39079,15.391973191330791
39080,16.706195491550822
39081,15.36487507738363
39082,16.92328064716309
39083,15.223491408759534
39084,15.020365170717817
39085,14.411056035201803
39086,16.13810548836659
39087,16.238246757025276
39088,17.155667897829648
39089,15.231280179076613
39090,15.209716314969015
39091,14.576580709625329
39092,14.119394057345383
39093,15.384954158251087
39094,14.897327291282577
39095,15.90655028933805
39096,15.247321581742959
39097,16.955349726261993
39098,15.294274098833366
39099,15.36112639709045
39100,16.984660242769035
39101,16.230997141554884
39102,14.795064276991072
39103,15.175472050261309
39104,16.168001030198383
39105,14.73423318081639
39106,16.602026281722885
39107,15.999955908538018
39108,15.554493403252568
39109,15.060829721281706
39110,16.409214413951922
39111,15.31425971640475
39112,15.5327338188088
39113,16.792028957759126
39114,17.269286099086067
39115,15.75502408390956
39116,14.905375319406787
39117,18.203742731120144
39118,15.439308104072735
39119,15.894732162287163
39120,15.345902911895553
39121,15.101849037622571
39122,15.426780247913447
39123,17.582879356798202
39124,16.029008603662614
39125,15.023412088251355
39126,16.925377988145865
39127,15.994570787259283
39128,14.998533978865428
39129,14.875856436902492
39130,15.486832760082214
39131,15.23862970546432
39132,15.273875856110012
39133,15.910465564599095
39134,15.607928201380398
39135,15.973933427149916
39136,15.747025273016463
39137,17.1209808441677
39138,15.624163524779334
39139,17.595618680187673
39140,17.077395727321797
39141,17.044585322167798
39142,16.900643739393846
39143,15.70172171506066
39144,15.486403767938409
39145,16.45545553228085
39146,16.30409117870862
39147,15.247779420948238
39148,16.21698119890426
39149,14.419590285172564
39150,16.001458195408752
39151,16.719022248241327
39152,15.408594936541352
39153,16.96588592718239
39154,15.711635606632894
39155,17.319475063027788
39156,14.11587031948908
39157,14.806741770231886
39158,14.905552958558255
39159,15.672237772492963
39160,15.23531480663429
39161,17.02227690626851
39162,17.265848172015467
39163,15.751532007011582
39164,14.885902914271972
39165,14.325384990660561
39166,15.998050774945575
39167,14.986519378162278
39168,14.164749370188831
39169,15.513179543952797
39170,14.316059565181204
39171,15.543789005197361
39172,16.525609908612864
39173,16.35124909701208
39174,16.54098047466457
39175,16.579466480332133
39176,14.845191025796083
39177,15.81979970623186
39178,16.1519735026382
39179,15.991946241468414
39180,14.879759644684208
39181,15.167111224473539
39182,15.718813720268173
39183,15.978241669610137
39184,15.322998118646268
39185,16.787188543105184
39186,15.683524174481043
39187,16.47924671613095
39188,15.546452086181814
39189,13.846305297131993
39190,14.345489082929642
39191,14.24165260146734
39192,15.82435013974612
39193,14.767129142554749
39194,14.850893972610622
39195,15.620993456035514
39196,14.51350284759531
39197,16.10678624838137
39198,15.709233449593302
39199,16.29582068655343
39200,16.23203903928045
39201,15.927724145712816
39202,15.001513162944546
39203,16.35710993617936
39204,16.336414214760897
39205,15.033035125255198
39206,15.37931775546672
39207,15.94721216484864
39208,17.01569862763105
39209,16.55438684853076
39210,16.863552621079595
39211,15.657903593328655
39212,16.259218619020384
39213,15.444982033105775
39214,16.269240248618523
39215,16.481785443632987
39216,14.641570245467497
39217,14.53371897912316
39218,16.170982463055683
39219,13.778376912064989
39220,16.154379738566323
39221,14.940859254332059
39222,16.05787659832981
39223,14.792721940285292
39224,16.552323743750453
39225,14.282981612127081
39226,15.63759056638835
39227,16.269429405791122
39228,15.483528907041908
39229,15.484398029247222
39230,17.19446949964229
39231,14.753825901120802
39232,17.19352241150758
39233,15.638166631322926
39234,17.026565866652113
39235,14.273758525383615
39236,14.579347933167263
39237,16.7230392894344
39238,15.883818856110958
39239,15.991332250720554
39240,14.89681097355353
39241,15.211393225552104
39242,15.775703755576222
39243,14.459871968748033
39244,17.387120496974998
39245,15.32153743641544
39246,16.47372837338309
39247,15.8275091415585
39248,13.348584376694243
39249,17.349508457765445
39250,16.452941336042823
39251,14.84333451027265
39252,16.865325652529137
39253,15.31824739007106
39254,17.598849159375277
39255,15.322656746531605
39256,15.737857193665574
39257,16.9428467298051
39258,17.76351096026056
39259,15.85545703453891
39260,14.611484551415492
39261,15.563417616568172
39262,16.509228159859795
39263,15.60841406134944
39264,13.62896568775584
39265,15.95293904865055
39266,17.37599109909541
39267,15.919826699827025
39268,14.80379648817151
39269,16.11825416769118
39270,16.521241962430867
39271,16.466591426164143
39272,15.902011934397974
39273,16.373643891945868
39274,15.908704944721517
39275,15.020918592814317
39276,15.817934963007751
39277,15.86096110993291
39278,15.441506191507978
39279,15.570637887517625
39280,16.215759251221833
39281,15.602318042712264
39282,14.37431094936075
39283,16.797024089625662
39284,16.041431577426113
39285,15.619245346567961
39286,14.869286437445037
39287,15.863742473479713
39288,15.200718571952928
39289,14.783795891487765
39290,15.217341167076452
39291,16.034276925575845
39292,16.326281206887025
39293,14.994755201456048
39294,13.374294730886733
39295,16.352546944193115
39296,16.01057702200049
39297,14.061257152465041
39298,16.292057500832197
39299,16.791323117556374
39300,15.92621790954841
39301,15.121844367322133
39302,15.155917088282889
39303,15.343604255132176
39304,14.434084553789269
39305,16.060337767620222
39306,15.59743344936348
39307,15.547798207970969
39308,15.657276490664445
39309,14.010816694356654
39310,16.063074159780243
39311,15.799616841784566
39312,14.866825636966027
39313,15.320623097340416
39314,16.404791322430455
39315,15.12685968282084
39316,17.765791064847644
39317,14.454312472954788
39318,15.584609984098144
39319,16.17340337241648
39320,14.6437793928771
39321,17.130992024385716
39322,14.866790145440701
39323,15.264266004314331
39324,17.59948138051746
39325,15.95877837538107
39326,14.75493632114327
39327,16.179217924062737
39328,15.410115868214142
39329,16.780608684214943
39330,15.743382011200552
39331,14.269112536875172
39332,16.24785491189529
39333,17.181718372174732
39334,15.858441313514794
39335,15.433564432751247
39336,16.571493063383688
39337,15.660037536662633
39338,15.723375709772396
39339,14.392353665492603
39340,13.612269938655894
39341,16.584235420728174
39342,14.94663236894014
39343,16.060340768028237
39344,14.14806190725792
39345,16.025112008459235
39346,16.199486092907037
39347,16.870939336488398
39348,13.979893923952067
39349,17.088666472374875
39350,15.783479672426074
39351,15.52084092936805
39352,16.823394076121282
39353,15.512709026631198
39354,15.273472420921264
39355,15.375553459607344
39356,15.369344916333667
39357,15.56234924434327
39358,15.716349927972256
39359,15.924506341296343
39360,16.434611886750805
39361,15.277446715352225
39362,16.987887904000672
39363,15.775617943689566
39364,15.125086498661057
39365,16.124145450830273
39366,17.081472502970758
39367,15.705671824452095
39368,14.206554953572422
39369,15.746341224453468
39370,14.161529220840396
39371,16.430106951874887
39372,16.49418515183383
39373,15.139716148430715
39374,15.394192370276924
39375,16.330158650679746
39376,16.62832289696983
39377,16.43448533847472
39378,16.42035764529134
39379,16.86657195436949
39380,15.260635401663448
39381,14.804225603145117
39382,14.918334192371162
39383,16.513848059851988
39384,15.844672725802322
39385,14.819585390915128
39386,15.695605071806611
39387,15.037924870391192
39388,14.595959316336577
39389,15.83241527292462
39390,14.842254166072467
39391,15.12215214554583
39392,14.678455802061553
39393,16.0088724585253
39394,14.774318786744862
39395,15.989149997958842
39396,16.19751698189402
39397,15.751790970015119
39398,15.112184274008007
39399,15.057094289533339
39400,15.392274281749264
39401,16.426495428999417
39402,15.576438338089599
39403,17.462477612752078
39404,16.164135879394937
39405,15.208253061508895
39406,16.1708976293239
39407,15.656102856523328
39408,16.42608339788262
39409,16.36200370487605
39410,16.749695660478437
39411,14.375461237401193
39412,15.718119865872156
39413,17.865707736261513
39414,15.328538866897528
39415,16.154657770643976
39416,15.687126386942323
39417,16.761338811094397
39418,15.98968386593059
39419,15.478311822237465
39420,16.369713319666065
39421,15.711879273750982
39422,16.53053095273463
39423,15.911920810954841
39424,15.66270737447242
39425,15.338637678998138
39426,16.598731735889842
39427,14.830734310813028
39428,16.018988520316128
39429,15.576311947463132
39430,15.051029539992586
39431,15.709567199927692
39432,14.859699785972909
39433,16.906230833695894
39434,14.069530166486063
39435,16.28378451387314
39436,16.409459333585655
39437,14.809725994013396
39438,14.788243086048311
39439,15.005362451599982
39440,16.17656178683899
39441,15.634150364062615
39442,16.067073085567003
39443,16.390740957724887
39444,16.875444281301423
39445,14.938701726080204
39446,15.47835668758793
39447,15.028866975102215
39448,14.843173045311875
39449,15.381116179727776
39450,15.591172650713755
39451,15.383233324889982
39452,16.83313022114743
39453,15.56009807525902
39454,15.545957096259029
39455,16.15281206534711
39456,14.91598395237004
39457,16.105044130106787
39458,16.72359184411362
39459,15.674482398570792
39460,14.87611639320597
39461,15.945727222017572
39462,15.590042119526267
39463,15.418481150396099
39464,14.229731081487879
39465,16.579626428348682
39466,14.937784966646412
39467,17.08585049728586
39468,15.977650539311735
39469,14.221370915854791
39470,16.39116558756334
39471,16.305149466095866
39472,15.087230492767036
39473,15.500651754920353
39474,16.28185067267475
39475,15.177105877523864
39476,15.602179367587091
39477,15.697467927855351
39478,15.26486810995929
39479,14.956355293952875
39480,16.47214706065029
39481,15.80324307053696
39482,17.151989548007393
39483,14.780875020469525
39484,14.712616734976477
39485,15.745013870347488
39486,16.290985008407215
39487,15.33577690107923
39488,16.53051785629763
39489,15.541699323961844
39490,15.418423674454989
39491,15.627266782509308
39492,15.9407224084443
39493,15.228451346090237
39494,16.857718527164796
39495,14.95626499273536
39496,16.502093468634115
39497,15.949514774239322
39498,15.918948931565174
39499,15.907257433891388
39500,15.779569770182544
39501,15.980201840561095
39502,17.408405376956924
39503,14.929477656380588
39504,16.49721135819703
39505,14.901715299927421
39506,16.248165926856313
39507,13.94202492702803
39508,15.81365690182388
39509,15.834764354209419
39510,16.017814026374204
39511,14.531202293659849
39512,17.455520135677148
39513,15.089101147280319
39514,16.17744733388273
39515,15.36429902394872
39516,14.59463803393924
39517,13.662787959226554
39518,17.255355142386843
39519,15.33091596809002
39520,15.82658504093583
39521,14.93805472167144
39522,16.375834573902974
39523,14.606796279951952
39524,14.769546059690441
39525,15.338552393541262
39526,15.611048992337627
39527,14.98874016915386
39528,16.044911205537275
39529,16.765247875783373
39530,17.03157878673551
39531,16.183857623209406
39532,15.51056884392652
39533,15.769783617203654
39534,15.197140416702034
39535,15.503750325783162
39536,16.922527630285217
39537,15.727775863511448
39538,14.642745521998467
39539,15.177109609174629
39540,15.45185897349909
39541,16.150904325248685
39542,15.509180746191749
39543,18.244861408201704
39544,16.605747730744863
39545,16.558651109052256
39546,16.469408444404678
39547,15.86122289683779
39548,14.98322285193634
39549,14.874955114028879
39550,17.025382717689777
39551,16.480494620908132
39552,16.731186930536733
39553,14.334003633306653
39554,16.116135298762035
39555,15.495489563578813
39556,15.172342002851629
39557,14.991951240481049
39558,17.115911501815035
39559,15.252671054284685
39560,17.339806675790605
39561,14.282577967655905
39562,14.617053635316429
39563,16.22768865535685
39564,15.036085035427885
39565,14.411288369449917
39566,14.95286050919747
39567,14.662030382668254
39568,15.287185673468645
39569,14.74081189713949
39570,14.672442391141303
39571,15.005690884482387
39572,14.684645658187469
39573,16.459229243858733
39574,15.530271486550102
39575,14.532710615979672
39576,18.51448021841064
39577,16.17954133058021
39578,17.175715234376263
39579,14.305153988305097
39580,17.00950556342084
39581,16.00736483205557
39582,15.415129264426518
39583,15.541483460013431
39584,15.28943543004631
39585,16.388319333621855
39586,14.543119771936077
39587,14.43047456265174
39588,16.099927984708792
39589,16.54817457733618
39590,14.342629432164612
39591,16.48781226220788
39592,14.665161842323498
39593,15.866557402681703
39594,16.566189069702915
39595,15.087818869390887
39596,15.457694308055611
39597,14.908768613432182
39598,15.212278947332866
39599,15.385243350468663
39600,14.611612645775068
39601,15.575209067537534
39602,15.010180110429495
39603,15.25857886510198
39604,15.95055639354337
39605,14.749785402825518
39606,16.065168753731076
39607,14.864093907999344
39608,15.12459944955694
39609,15.82193976895436
39610,15.89054289866246
39611,14.816945616754145
39612,14.887795283838482
39613,15.330112268670923
39614,14.299838924706508
39615,15.012987293948866
39616,16.499837456552942
39617,14.375290642110878
39618,15.074529242995704
39619,16.39657203372408
39620,15.136583115200624
39621,14.507361188971743
39622,15.546519476763654
39623,16.18347805654325
39624,15.316498154359506
39625,15.799729019085161
39626,16.483718820758295
39627,14.846852807265709
39628,15.112346691002355
39629,15.854214662357913
39630,16.184365383086703
39631,15.177705811362163
39632,16.38161520615181
39633,16.033808884247556
39634,15.066947395254026
39635,16.338130679123
39636,15.887302546155931
39637,16.331167635505103
39638,15.561011850013845
39639,16.264749470332337
39640,16.38897849471674
39641,16.451428033765563
39642,16.07712069030312
39643,15.026512004313094
39644,15.405024722142416
39645,14.91698837475619
39646,15.69964823483308
39647,16.929232186386688
39648,14.395021084720986
39649,15.706066640513873
39650,15.852418818168035
39651,16.66509422509878
39652,15.957559367868674
39653,16.181581513911766
39654,16.349016178213798
39655,16.16490191191473
39656,15.17372811609266
39657,15.984642380139606
39658,15.083687473000218
39659,15.49834533017016
39660,16.55744272491333
39661,15.295820856698144
39662,14.449149936104977
39663,15.103479026256782
39664,15.887295155060915
39665,15.749707158438733
39666,16.557331853240886
39667,16.034773649324812
39668,16.707537701126746
39669,15.350675654966432
39670,15.435888837460043
39671,14.744319467201757
39672,16.458335062173607
39673,15.91862955301609
39674,14.940254874069625
39675,14.647136262581144
39676,16.13350129731739
39677,16.000030517235007
39678,16.360736739035424
39679,15.759440403107977
39680,16.458421108156603
39681,17.028389327171457
39682,15.808795988904592
39683,15.284772099721241
39684,14.975380379464672
39685,15.571413594804147
39686,15.534160144829581
39687,14.595821750146397
39688,15.609215917289779
39689,15.222630698361614
39690,14.688470425601151
39691,14.466188915330426
39692,16.43615435463479
39693,15.521800179943483
39694,15.753753994765376
39695,14.112693264373162
39696,15.723801673454894
39697,16.524126165302206
39698,15.597108394915638
39699,15.758551936166793
39700,17.187573202171556
39701,13.217072454611786
39702,14.826516264866793
39703,16.648537100123782
39704,14.724121523361394
39705,16.56227688027906
39706,15.69978827360704
39707,17.18434189098803
39708,16.336914563571582
39709,16.867879140081754
39710,14.026391913095118
39711,16.350033316934613
39712,16.152537296470978
39713,16.146726883600746
39714,14.740399264603207
39715,15.098601771869431
39716,15.71654586771973
39717,15.844485842365202
39718,16.904703903119323
39719,16.75962570387516
39720,14.785921985035179
39721,15.360696451162543
39722,16.43783935965305
39723,16.80016232299081
39724,15.305716428061388
39725,16.48587166185022
39726,14.927256424597358
39727,15.78911594283487
39728,15.161174763195326
39729,15.849625660669572
39730,15.031112501404309
39731,16.735180715733062
39732,15.955765785842875
39733,16.1504964915893
39734,14.494532154353045
39735,15.54995863361507
39736,15.59435163383909
39737,15.059071652396112
39738,16.248448674197064
39739,16.685046396510078
39740,16.174139665326763
39741,16.729340915822686
39742,15.068564931496812
39743,15.293159791369941
39744,15.280373067410148
39745,14.801102680553491
39746,16.210031902983335
39747,16.112635732990647
39748,15.731881990246006
39749,16.141067359225158
39750,16.886521598614905
39751,16.117716877207794
39752,15.662151151675237
39753,14.477263013513397
39754,16.905972521580903
39755,15.381627416063747
39756,15.228475605211957
39757,15.89561371153413
39758,15.598715069303536
39759,15.80076818675946
39760,16.177073322953305
39761,15.666868389495969
39762,13.622883761877743
39763,14.722041782813573
39764,15.504916396061635
39765,17.194339123177148
39766,14.704082364113415
39767,16.166262414020213
39768,14.723164107776617
39769,16.27498463299249
39770,14.862624340648496
39771,15.771188733149707
39772,15.048739621569608
39773,16.327426720327225
39774,14.137500117608
39775,16.076758044945795
39776,14.7968579014193
39777,15.71517985882468
39778,14.737161449217032
39779,14.988187472943313
39780,15.107127200087445
39781,15.947451820808253
39782,15.973493748946536
39783,15.920065622088119
39784,15.387368885194611
39785,15.438880558571771
39786,16.404167609574333
39787,15.759797306485222
39788,15.86201662166756
39789,15.831825182999568
39790,16.37962751426193
39791,14.178302656958163
39792,16.838483664050695
39793,14.685699328027377
39794,15.665479863728585
39795,16.863897539135824
39796,15.78443261057193
39797,15.759669281619844
39798,15.781510106469256
39799,15.442713681552942
39800,15.951201713248958
39801,15.099921454003134
39802,14.949373236701815
39803,14.319296356963264
39804,14.187016090389207
39805,16.440282735649493
39806,15.926032179733584
39807,15.814960432852738
39808,14.679738180678234
39809,15.773575680492211
39810,14.923526839742511
39811,14.142927483348643
39812,15.977212869539347
39813,16.1371839877912
39814,15.384003907093911
39815,15.682973339407514
39816,15.710778499843945
39817,14.38757912355872
39818,14.568814401850405
39819,15.822714410956957
39820,16.053750981102535
39821,17.074650348617645
39822,15.403170263926429
39823,17.21541952249156
39824,16.10817400562972
39825,15.384742405321939
39826,14.148845601079975
39827,15.504867846451836
39828,13.878858780995968
39829,15.736037398444301
39830,15.009656640229826
39831,14.903892492348687
39832,16.117107285183
39833,16.780059239786492
39834,14.791974161898942
39835,15.764130602216516
39836,14.857865330743653
39837,15.358886877395618
39838,15.579465674880483
39839,13.731747660770958
39840,15.442913480710361
39841,17.40401904867129
39842,15.43583295044441
39843,15.446632791870833
39844,16.907053800040867
39845,15.778745249293133
39846,15.433604928869029
39847,15.585510245191006
39848,16.319618678668025
39849,15.46285010914858
39850,14.616912637198974
39851,16.183805285678638
39852,14.917829922254308
39853,16.244792562360566
39854,15.689903087682687
39855,15.618732265723445
39856,13.669855235317847
39857,15.725101076459957
39858,14.451998318589467
39859,16.2251942985248
39860,16.005057985686282
39861,15.827623781704368
39862,15.24242404264804
39863,16.194720214540954
39864,15.580335321732203
39865,15.654126175464828
39866,17.459005821291548
39867,14.802021878259874
39868,15.293260926406106
39869,16.63345732286952
39870,15.567066762625801
39871,16.706512172717797
39872,15.672764320308573
39873,15.766780171092275
39874,14.240704727813327
39875,15.95314018304253
39876,14.792286502581709
39877,15.24573821191832
39878,17.259059457573024
39879,13.745729718938906
39880,15.935931307601072
39881,14.843030971054313
39882,15.367688887908903
39883,18.18437877528521
39884,16.064028966562287
39885,15.803288928987044
39886,16.806181504276637
39887,15.579481572132954
39888,16.1501209636862
39889,15.600652333079873
39890,14.35910895642675
39891,15.53449002195606
39892,15.434443289782847
39893,15.48720694510854
39894,16.350683798901198
39895,14.795032776245533
39896,16.172585182161786
39897,14.221359252842658
39898,16.351324253779012
39899,16.651444034735768
39900,14.60089396538667
39901,15.127717626484364
39902,14.979763886314597
39903,16.481387421715276
39904,15.617591550384192
39905,15.552798740199075
39906,16.46838892169257
39907,15.03124352734707
39908,15.394649266688516
39909,14.362512035508221
39910,15.044500735954921
39911,16.028090210139847
39912,16.332002137259334
39913,17.03693292840365
39914,14.98403694634323
39915,16.02068518855241
39916,14.22010522002848
39917,16.523321438606224
39918,15.760663388602639
39919,14.419075656847635
39920,16.6656061298375
39921,15.633704672876387
39922,15.344048593378998
39923,15.545528503191585
39924,14.543177795559673
39925,17.619961489416163
39926,14.964458048939926
39927,15.659402612729286
39928,15.380144400668152
39929,17.747041258280213
39930,16.220955731086075
39931,14.758983288833806
39932,16.47956577136223
39933,15.523358309107092
39934,15.779094717660316
39935,15.94865974278467
39936,14.230980785452509
39937,14.84553960026266
39938,15.180638618537328
39939,15.096950804986365
39940,14.945385724111036
39941,16.469186645387257
39942,15.48769600620433
39943,16.96746277157077
39944,15.554004471014874
39945,16.034760438721044
39946,16.215826074948467
39947,15.063897692012358
39948,17.524159343107097
39949,14.867511656153013
39950,15.337233865991243
39951,16.190520267696396
39952,14.935446590326809
39953,16.14898729278053
39954,14.558091368059252
39955,14.773206502168083
39956,16.00219796067099
39957,15.866283329350193
39958,16.516152373857263
39959,15.301401002275206
39960,15.645394006985097
39961,17.499272162190913
39962,15.067774331370382
39963,16.27796282580588
39964,15.244009795530502
39965,14.715699896795643
39966,15.930743320683606
39967,16.317990904399544
39968,15.142488621913374
39969,16.09347915189142
39970,16.147030162496705
39971,15.420195003753056
39972,15.55773259903626
39973,15.997398562279509
39974,16.067145878916843
39975,15.183805369041266
39976,13.74730358925517
39977,15.135421170849249
39978,15.78436568282499
39979,14.524654441135045
39980,15.380676467341253
39981,16.510377792892196
39982,15.183623017310524
39983,14.86297967115926
39984,16.792311206936724
39985,15.371712991676235
39986,15.19811832904506
39987,15.156734002413637
39988,16.02596903819946
39989,15.840780311412344
39990,16.057313227039234
39991,15.149558703961334
39992,17.737436788844228
39993,14.965458655042468
39994,14.87755899684959
39995,15.789887746635783
39996,13.983738313632935
39997,16.063362017847254
39998,16.88086443977949
39999,14.906266945041594
40000,15.69154139492863
