Cattle_ID,Milk_Yield_L
1,18.617539265855005
2,11.000285360645941
3,23.927235593473025
4,14.732362259928637
5,17.884557081905736
6,19.95570789730483
7,14.320587173911617
8,17.722842928143645
9,21.801089092909127
10,15.144192550557417
11,12.976602505550453
12,15.809813723014019
13,18.214825163325663
14,12.12545664459679
15,16.19682511984189
16,13.908120853333564
17,13.475447214638743
18,15.03053303929089
19,15.228402262654464
20,10.723274435283228
21,13.132042576525743
22,17.248436901759625
23,15.6417967625195
24,11.934114280233091
25,21.108248420309106
26,14.358104855495213
27,20.802738699126675
28,13.45490761062365
29,15.989087064483899
30,15.793269523715702
31,12.355532941070642
32,19.25854468143633
33,14.60463365980604
34,14.850364286790224
35,11.247498916038616
36,11.949507561310776
37,16.293575764582116
38,11.373594353106473
39,13.47668753323417
40,13.86662659448834
41,16.464648072604366
42,14.602662196234656
43,13.705974865515243
44,16.696211575011972
45,10.228884152998686
46,15.297239759455662
47,17.88153853243594
48,18.44852425167525
49,14.760935978529199
50,9.152622003108794
51,12.174849886447978
52,12.932822683464588
53,20.148351234508002
54,17.1954326072745
55,14.799705422232888
56,17.37625961936358
57,17.93479956570702
58,14.764777753486058
59,11.51846570518652
60,14.448911315410019
61,17.414199615139665
62,17.624700319785944
63,26.55385562355786
64,14.629748741290335
65,16.64020031686352
66,14.813450299190324
67,16.022784706681737
68,20.35431767954509
69,16.883602129632628
70,12.696934452014771
71,14.68839951704652
72,21.101593507253458
73,15.13159369723984
74,14.40394696127881
75,12.585779192911103
76,11.422397304161036
77,11.93863908459804
78,18.74380345366158
79,14.064159265785996
80,13.920209278217083
81,15.562867090095583
82,14.2211525715607
83,18.98347638068212
84,17.97088511456094
85,12.93879846170427
86,14.909355275843401
87,15.867085652034884
88,15.319019544182218
89,15.340771019939162
90,16.72998696016227
91,15.9128192495222
92,14.97450577066128
93,15.457144686215056
94,16.791832836661897
95,19.266414193878347
96,10.141682742348324
97,12.818304572028547
98,15.978715155185807
99,19.615563625828212
100,18.43486880197979
101,12.026629933057812
102,21.987652544234958
103,12.662265107740872
104,16.44620072668222
105,13.77886591289965
106,17.76621260916328
107,15.274421018442704
108,19.531297049899138
109,12.426495849085326
110,19.640400599108734
111,17.713993402632855
112,17.954484163058364
113,8.217622190870635
114,13.987353006731421
115,20.477450038384774
116,14.879279202862069
117,10.549742611465636
118,17.64833891291084
119,13.71573645355521
120,13.356203654548674
121,13.070515447760119
122,11.210861860427775
123,12.946120032976834
124,16.75525148472397
125,17.25185578965118
126,17.51493013719057
127,18.775688875906056
128,22.585695945017253
129,12.30568844782142
130,13.683700125807043
131,12.565782519071337
132,14.02239481213758
133,17.196851183509487
134,17.232452376884325
135,15.31747988041028
136,18.520672442702363
137,14.865727014366437
138,12.606669927079269
139,14.917944555062116
140,19.174942108045073
141,15.92594714218145
142,18.696195635414693
143,12.04561117447457
144,15.006656316733686
145,12.097145040078715
146,12.955514940399638
147,18.07408567897368
148,11.142293868582103
149,12.17552702100848
150,14.35629351047056
151,18.995709894528062
152,12.416171776987463
153,17.17629508299867
154,14.03788902853535
155,17.665155582858947
156,14.205375011957827
157,13.437409425027191
158,19.80734390660205
159,13.144234573339059
160,19.755413215818233
161,19.383650961915684
162,16.691163255132516
163,16.49970612483352
164,12.403540080927776
165,17.270787298207036
166,17.03245886307818
167,17.640211877046013
168,16.21387811087869
169,20.37733471589861
170,18.938419228856784
171,16.452280082523213
172,13.387321220100404
173,11.062629690946897
174,18.93293079186493
175,10.145793390738513
176,11.577210643919827
177,16.758956048939602
178,12.860765334926333
179,14.219159079582735
180,19.638863808492573
181,18.279915081726305
182,12.153187382281711
183,11.618226601333161
184,15.213534182712767
185,18.972899612691823
186,13.067350288185771
187,13.345378425601107
188,18.973228595667774
189,20.401222625331133
190,11.654399132370575
191,12.926491973420614
192,21.881810572955256
193,12.399785267077588
194,22.267066782350994
195,14.022573371935216
196,10.596326461108708
197,18.83277762814605
198,22.78849663127122
199,23.118819226343863
200,17.4256737214892
201,11.261603980714655
202,13.230508259514554
203,18.698794627410884
204,14.426260009014593
205,14.545986073116028
206,19.20113099656835
207,21.72220853018042
208,12.955721356938618
209,11.011939049969897
210,15.109961253236657
211,17.313635866793668
212,15.289389573513988
213,19.732621461893622
214,14.132122782278632
215,11.293222908276276
216,16.092839068225995
217,15.937979065382573
218,13.85321471511468
219,15.182755946326942
220,13.830035311728038
221,17.052919037472503
222,15.227943813836223
223,16.138799773667234
224,17.046783811804897
225,17.116260180880854
226,14.699155940807945
227,16.985406340197965
228,19.724285266548875
229,18.98594718305795
230,18.333025023524726
231,12.050221778405447
232,15.60329396488479
233,19.83565336400819
234,17.703535775241004
235,15.45325523603025
236,16.31927538404174
237,17.814989110219344
238,12.399426826068408
239,15.64422407872939
240,21.53108931146954
241,19.133155366777075
242,22.109647611457746
243,11.459974778536127
244,16.338507355645586
245,14.600240421310877
246,14.675229409671951
247,17.888379913941865
248,13.831887954656475
249,16.91644833175075
250,19.690500095657892
251,18.0247421131781
252,15.732518504823933
253,16.447155223457834
254,14.11206384312183
255,13.79820640665071
256,15.966912490898086
257,17.199576321024658
258,18.740455429536365
259,19.66140628454169
260,19.298176772995287
261,18.249272730716623
262,16.21667645748331
263,12.884699278512782
264,17.286842887259724
265,15.75056447057982
266,11.353594937704077
267,19.476530587233785
268,11.776252116435257
269,20.26777535460488
270,19.939233528983355
271,14.872877389332043
272,13.24461365549882
273,13.150159272945896
274,15.405048200028075
275,17.459654649291164
276,16.709565362363236
277,22.72612005724128
278,9.917948343818718
279,12.37712041175829
280,11.381067381638472
281,19.817712780557233
282,14.698601474632895
283,14.538307086032535
284,15.740651969984944
285,12.229982085803572
286,15.343035986267067
287,11.010893987688556
288,17.102273073079274
289,17.5190897261773
290,20.346348302959786
291,16.4932131204983
292,15.906751505943792
293,18.217531410852096
294,14.303215613011368
295,16.175251265558998
296,19.147256998792784
297,12.903542718961857
298,12.194453331618517
299,13.095613360174552
300,24.279907033763706
301,12.186545539363715
302,16.2672812832173
303,11.938926457980369
304,20.384779839588695
305,19.55701041172214
306,14.106639526982132
307,17.81995205302567
308,18.974561641478235
309,14.192616532929451
310,17.99806726712298
311,12.900642517921812
312,14.401451831188043
313,23.130541128017963
314,12.833221857738582
315,16.132120612679905
316,18.757682450510625
317,14.644544734346733
318,12.046184967272497
319,12.1681717083157
320,11.167450954229944
321,20.422280440709326
322,12.9447499560318
323,10.420397028083073
324,14.528579094082424
325,17.483228233551046
326,12.868113573123349
327,20.417067846209683
328,15.232430758388938
329,12.795846181942442
330,16.878855097125548
331,23.191635761626973
332,19.592703781451732
333,23.437037796454
334,11.34299736772156
335,15.946746975056312
336,20.128420730170788
337,20.239419532895838
338,15.599185222654006
339,15.054970072531544
340,13.40445825577489
341,23.670775429603793
342,9.451081971014213
343,20.592301738905476
344,13.61226524091554
345,11.450303829684756
346,20.687546720570445
347,13.875011651947284
348,17.26830758376295
349,21.64853763564814
350,10.908763623511595
351,20.114263173872295
352,15.576280751793238
353,18.948829735320746
354,19.08857727249546
355,15.961521007271717
356,18.800469499778444
357,14.638101705342422
358,18.852895537686383
359,10.685772856179591
360,11.703971150420205
361,16.346965812495146
362,16.757773454567886
363,16.876818684368267
364,14.903427307364407
365,14.165273110881982
366,14.134215138521803
367,16.547358902814835
368,14.777523864206403
369,16.43788896170048
370,16.110723658507027
371,20.546930823598554
372,11.20184127925221
373,10.240020641303945
374,17.737845911813586
375,14.80302497717568
376,16.835036230049003
377,13.890369429988375
378,15.784572081149003
379,19.225144046487895
380,18.668642715728264
381,12.234463297140403
382,17.16100636819511
383,18.24476061385507
384,12.331096512882532
385,15.673685021016297
386,17.742298468859083
387,17.20688995568001
388,18.70131412067066
389,13.551900362994214
390,19.40028289622059
391,13.474723863355736
392,13.082236649089658
393,13.54667254682008
394,9.793788904214797
395,19.377091588323314
396,14.873926767057881
397,14.529466533537452
398,18.282747153523466
399,12.460184333364122
400,13.823591347742113
401,14.013445981558784
402,15.889259596973417
403,13.495449330836065
404,18.351572554692506
405,15.121979935697787
406,18.401235007702113
407,14.070277271948578
408,18.857866372165663
409,19.418325021459736
410,15.257278666176244
411,16.011338673719433
412,15.388188248565259
413,19.217701955112002
414,10.089006994088928
415,15.008646537977684
416,18.126881769336705
417,13.413124336940616
418,17.163906906245185
419,19.226027327832192
420,16.375585180108573
421,14.315382972707702
422,14.617974054571532
423,19.859545539267256
424,15.401907370819867
425,13.222510493182329
426,14.250195449637584
427,21.82968525659606
428,11.610293075334292
429,19.89189540255133
430,16.283387227984655
431,14.952289829918572
432,17.243427084350337
433,8.90047485922496
434,17.646310429863455
435,16.017552504038886
436,19.03204444974139
437,14.565924049917074
438,11.744249390810229
439,17.835067538939654
440,14.648610966500048
441,13.324186579635828
442,18.47621344061076
443,17.63067829033068
444,14.648176331779542
445,19.130136448321654
446,14.683973188995928
447,16.13539963276645
448,9.666437089999649
449,14.708943426194768
450,13.339990493140885
451,18.24608790058421
452,23.055591000110752
453,10.362374929270702
454,13.053558122889623
455,10.279708764676348
456,20.45984300808301
457,14.379654746850571
458,16.872312813412787
459,16.395109140031465
460,12.09294025490123
461,15.807691701322659
462,13.408204629533447
463,14.675475769188662
464,18.98991044256577
465,16.99612546392386
466,11.636854339541005
467,13.366762281094768
468,12.61282418954943
469,21.76140151360957
470,12.413151571571047
471,16.984027496630752
472,11.910548481222484
473,16.646840082638647
474,14.651574674774665
475,15.023449082190204
476,18.443864219082524
477,16.91184603197779
478,15.298121337174468
479,12.920210451268844
480,11.591983425596602
481,16.416433686782423
482,15.24102760966222
483,13.081415136955368
484,12.574080279366322
485,16.951296978608706
486,15.893798217145923
487,15.548704658279323
488,18.009921021584148
489,17.918772747786566
490,12.696535363953329
491,17.305073965965665
492,12.114781138346483
493,17.058823889732448
494,11.616119519737142
495,15.064580277549656
496,18.188027141020044
497,11.843771792799066
498,12.404782839944845
499,19.255106589285973
500,20.0241620562297
501,18.528181759491357
502,12.79481591876599
503,11.728438431361006
504,11.102145079973193
505,19.05633737915995
506,16.19934809566416
507,14.973170165847081
508,11.660720626252377
509,15.66768428630464
510,14.965065834575329
511,20.915125740015466
512,15.805588332715965
513,11.00760004841678
514,16.653872676636666
515,18.319518928267605
516,13.114064608962014
517,9.322687712692057
518,17.61996699326847
519,11.808623205235
520,15.94103816903309
521,10.65026959000484
522,16.178178285291025
523,12.97175023860029
524,15.606304176821602
525,11.71809856595114
526,21.32990796637365
527,22.5645932694209
528,15.059898640725065
529,16.93979259250118
530,16.519496520786856
531,15.963747600913415
532,15.694215034836915
533,14.612319977401167
534,13.293864211983534
535,13.521563853846208
536,14.09857523764811
537,13.855790396705164
538,21.916124183344007
539,12.393456147093477
540,12.707212155272291
541,15.894387373381562
542,18.31507835160846
543,17.11380657327059
544,13.556425290130038
545,15.961135716331652
546,11.503009537287259
547,15.627943937494793
548,20.05974099464384
549,19.315866800181226
550,12.92282448184435
551,13.414252635133566
552,15.481761992233377
553,8.618107857315703
554,11.228318408038094
555,18.67262485876186
556,13.856946782248889
557,14.688186384920852
558,15.942524879603067
559,14.695279464410683
560,18.92521237772337
561,13.61990364243794
562,12.347840341516244
563,18.59664581975478
564,17.279376791087994
565,8.89145405587409
566,12.004309879530616
567,13.785366356564753
568,14.231086336567309
569,14.95103583657223
570,15.900292216389065
571,15.927298231585668
572,17.48492580666783
573,13.792666249465826
574,13.043758708155597
575,10.775943656343557
576,15.048743785505929
577,14.701405482090284
578,16.690024147357175
579,13.289161316082557
580,12.602088565000745
581,15.150430623605999
582,13.243491634471741
583,11.94341062917682
584,21.272118431614192
585,17.321083456723777
586,12.874669242981428
587,16.646169870363654
588,15.535450622230533
589,18.201898687444707
590,15.250688987771245
591,21.522177298780996
592,17.49906866231944
593,16.13317875121613
594,12.787500995600935
595,14.954656283881189
596,19.21867736613332
597,15.896318376547258
598,16.71766447370018
599,14.458923360995929
600,13.179921298258263
601,14.669680231163719
602,11.388139114821923
603,16.404924270907923
604,12.748731477905773
605,16.552184728402235
606,15.943639292597753
607,18.531114382017503
608,17.44039143733089
609,14.540447137889084
610,15.739496318373616
611,19.687933224953525
612,17.96998557092688
613,12.960001222686817
614,14.094121355402454
615,19.27255522274744
616,17.585776470553256
617,12.77995647650527
618,16.218223562886543
619,11.531365530858771
620,18.437866217851067
621,12.600415898497461
622,13.062692961089457
623,16.769547287695048
624,17.331536352494318
625,15.392061875743657
626,15.271955703521659
627,15.444963968576916
628,18.10776037828049
629,16.635610150420607
630,13.363048548918629
631,13.313345017102305
632,11.940621949583234
633,14.10147522618193
634,12.549748959427756
635,18.034451537478265
636,18.895863284192206
637,16.466491149639648
638,17.312785431380124
639,18.203750936754627
640,7.898570966534075
641,11.734647111506892
642,20.880264712841022
643,18.32958286713595
644,22.264117434498214
645,15.482802495402252
646,17.839858911858087
647,16.900572713615887
648,12.882370338459756
649,13.162020608325946
650,11.78631154608589
651,20.587271773399756
652,15.867016894404546
653,17.639554234856963
654,22.290779283699393
655,16.23320630093908
656,15.284467454405563
657,13.579290157949695
658,19.364164437862996
659,15.837671098229343
660,10.524612947720838
661,11.10195172796635
662,16.791892873805924
663,19.109886937482514
664,12.997263034991468
665,19.40732995660543
666,12.997575845524922
667,18.49957518871556
668,13.516739647506494
669,13.34265566987233
670,11.774630843507337
671,12.996878371407961
672,16.533000615040958
673,16.093844083363408
674,13.565090306930575
675,22.4301786060571
676,17.00273517678633
677,11.64408666997871
678,16.3615283234601
679,13.94952185843667
680,16.937676161250323
681,15.516000652689565
682,11.652850270815579
683,11.296596599608769
684,16.383675367391398
685,12.663511607217558
686,18.178363769734098
687,20.76407935057888
688,19.42039407822275
689,10.494635621681448
690,13.507803207028902
691,12.012093267826396
692,20.756512565636335
693,11.56117961753827
694,12.154964495326885
695,12.635580427314668
696,21.49000638606057
697,14.336872643529246
698,12.13182872584691
699,13.966795668506675
700,14.915688130712072
701,16.114818063125274
702,10.789814936732698
703,15.674076451348883
704,13.896013480128914
705,15.779485804370045
706,19.157954241631273
707,16.259101064406916
708,18.090993207563468
709,12.287557109170944
710,17.86442130094198
711,13.02369277497219
712,9.712206339279671
713,13.67901909850174
714,14.27658533350006
715,18.568665098387722
716,15.100240726441388
717,14.714104664615373
718,18.46242483660812
719,17.40562937966452
720,16.458471377468435
721,16.01886755052571
722,11.949978569945994
723,18.44272850284472
724,10.750078809168746
725,14.497916461181028
726,12.01808146846718
727,16.981997221442622
728,17.947417659039665
729,11.823641796361374
730,15.302878960243916
731,21.555132960271223
732,11.1170248413795
733,15.976492270499387
734,18.25096352277914
735,15.573099536972405
736,15.439710124402405
737,20.62712577557108
738,14.02564406557297
739,18.007004443123936
740,17.14457512226869
741,19.379928212131723
742,17.218951210347946
743,15.206755011272737
744,11.986431742327785
745,16.36870835469111
746,15.485945732454036
747,14.53615335824925
748,18.708875311947807
749,18.46557904961393
750,8.887281449340064
751,11.632129368028446
752,16.927549933398424
753,12.347327634732443
754,18.580907140402413
755,21.31389693648431
756,21.31975343479258
757,18.469800304332196
758,12.761255326269618
759,19.940251508440863
760,14.997996356735312
761,20.33725335920993
762,21.024658058321517
763,16.060629422114307
764,12.869856725602729
765,14.889596192525483
766,12.786499114414044
767,9.962926413909582
768,13.630038182273939
769,14.390899399858451
770,16.833189061442116
771,11.48180082219744
772,13.590610146395466
773,12.803164335664398
774,18.44129761207087
775,17.534224903678165
776,12.610105034964056
777,13.063871129361344
778,9.16699588754328
779,12.723786102165194
780,9.01492565632319
781,14.170722404285303
782,14.28729335438566
783,16.997408081948436
784,13.890530194574925
785,10.859276460297144
786,22.585288400330835
787,18.697616493590438
788,14.048469638112778
789,15.497747429267706
790,17.63243810865683
791,11.687069748378367
792,15.465714277503745
793,9.49605200911908
794,15.993703051266165
795,15.253300552214885
796,18.467136509764433
797,10.636245678355381
798,18.534300829730366
799,16.25860920917318
800,19.01022084390599
801,15.378055283428676
802,18.732011328087584
803,18.249141113121087
804,18.93228031389491
805,13.23643600371604
806,16.912171619986886
807,15.584734839880927
808,14.001955437962918
809,10.761089023724162
810,13.768684130892078
811,16.746342765564236
812,17.04283815829309
813,11.766569245104336
814,8.503420542782516
815,17.02117657694342
816,18.291736282421912
817,17.303293242324905
818,16.93335432324947
819,21.04142739276379
820,21.428843698630313
821,8.511967826526414
822,12.562613350376887
823,14.615422983360098
824,18.557678884424543
825,18.519655029415087
826,14.072040011684084
827,13.292186917751394
828,17.03334524543457
829,12.88091515545324
830,14.751678831838255
831,13.372035874708658
832,15.592842441664807
833,13.956274870914035
834,20.869651274640145
835,13.396006488360225
836,15.98636847899665
837,16.438294363728815
838,14.185568999322566
839,16.463301414274234
840,18.54606034402634
841,13.648850729631246
842,10.539852457499949
843,15.978415601121776
844,17.656355320009247
845,19.872933379456583
846,15.74728122486895
847,12.736075440912957
848,16.17218398468084
849,14.467326985117225
850,13.163229070878012
851,13.51145264706536
852,17.825656353874045
853,15.908494347578271
854,12.262988864543964
855,8.279178803373007
856,18.19433255653604
857,19.442525907215735
858,14.678893787949095
859,13.655173409940609
860,12.48228106093607
861,23.34354313709878
862,15.181515619599688
863,16.835027942370115
864,12.524403294031611
865,16.189175339954424
866,13.031420616321022
867,13.693023171287308
868,15.947444421674513
869,9.99047941953341
870,10.660624413103273
871,11.788327942436029
872,18.9630570722312
873,17.73555557235889
874,15.207562451584527
875,17.70672813757927
876,21.565074541546068
877,14.221355079918741
878,19.761174522776518
879,18.11893931669267
880,19.320482295944753
881,20.456731048224693
882,12.416674386223605
883,15.180002059281309
884,17.002490612405943
885,18.756393180791463
886,16.472107409952525
887,11.775534470456925
888,12.544028091751015
889,11.858382949272706
890,17.262192844319276
891,18.663340532820047
892,16.21528029677038
893,11.369162723536718
894,13.788695060643926
895,11.794893947951177
896,14.738300188134922
897,11.26217355626374
898,14.219107946653127
899,17.53695447069039
900,22.881793499421665
901,10.475967338082494
902,10.36764680977988
903,14.062812626436969
904,14.499888643493536
905,15.065301740872979
906,12.09045028507335
907,15.419353992522536
908,17.906706967082854
909,17.90605146658619
910,11.040061094273339
911,15.077192992350188
912,18.513283798792916
913,12.317430957256265
914,20.436866547072874
915,21.02323732137381
916,16.55755649079953
917,13.760715358670947
918,12.856673439651434
919,14.327868234674833
920,14.365169979314171
921,13.711805214079673
922,13.248463701001688
923,18.282878192750328
924,16.75802932109755
925,16.12860318723754
926,17.318554143931028
927,14.074518808075286
928,17.487582798532962
929,16.718945172159756
930,18.91423350482842
931,20.741264343995628
932,16.46021721463786
933,14.953372300151308
934,16.823375831529425
935,13.315006540504895
936,13.200555140445177
937,15.676832624154033
938,13.09839190695842
939,14.768946866431383
940,14.452110731485893
941,17.837501155965732
942,20.946186475955656
943,13.456208631090144
944,17.84329618842988
945,16.62439670633816
946,14.150288961829824
947,15.448386850230687
948,13.405106382685114
949,18.84334222551326
950,21.921765578687786
951,8.829993649233717
952,15.95010044624905
953,18.186426922022353
954,23.724271187086604
955,10.67169424824718
956,13.055532432234443
957,16.873317194932536
958,17.04077020209083
959,14.470477857943209
960,18.72792771513769
961,17.22379089990924
962,14.486043205486105
963,13.271472934150779
964,17.364362603539444
965,17.300270929372193
966,18.052798744435137
967,12.872119202359226
968,12.745155828483345
969,10.915137315870966
970,16.05341605352138
971,13.59266718059538
972,12.48972750968051
973,12.4801815247877
974,12.880410523126551
975,13.537210704486945
976,11.420548389374206
977,13.878427508845366
978,18.472029795111496
979,19.324015360644857
980,20.921847047947445
981,16.64375961560741
982,14.957153852862671
983,14.351762680253643
984,15.381813377700922
985,21.673687452154766
986,21.483294316163065
987,13.662477987095556
988,13.439992482063348
989,15.707248044825286
990,15.601932870969039
991,14.934364150375782
992,9.17656280057682
993,17.107168555233795
994,14.69696561424871
995,15.437696867786352
996,20.002104544195525
997,15.34973268750319
998,18.2792440724736
999,10.419934666241685
1000,15.121422933876199
1001,13.36459143595078
1002,16.19003731557215
1003,12.401546620131306
1004,12.333040948185525
1005,17.265025682047902
1006,11.848614701943
1007,14.705576690622243
1008,17.852204588787423
1009,18.238569713333117
1010,16.68162239920325
1011,17.653427136652127
1012,8.486895947142981
1013,16.290381927303315
1014,14.808039250481905
1015,16.22288555176681
1016,16.18901225340338
1017,14.401639786736766
1018,18.967658061760034
1019,9.95648251753467
1020,14.804288057993734
1021,16.77929552042867
1022,17.335249878826232
1023,16.684256118569838
1024,19.195727613472563
1025,17.392805115687327
1026,12.865330473498714
1027,13.437696034569326
1028,18.429409965643796
1029,16.670398136250117
1030,16.070296343951807
1031,16.01899262407598
1032,16.522823125529953
1033,18.27934868731998
1034,15.696914968612203
1035,15.603159386548233
1036,18.41091402369433
1037,15.401416901843119
1038,16.47546383263623
1039,18.565472171814715
1040,12.427725830734406
1041,12.278167120135095
1042,15.657394489366643
1043,25.315599868541007
1044,12.967671723461835
1045,21.232893221866004
1046,12.73545096228166
1047,14.070598560117578
1048,12.458379463070663
1049,10.935980610899938
1050,15.59957702636533
1051,14.424141216688502
1052,18.1462895461893
1053,20.589076686168298
1054,16.144426949276987
1055,16.113527943671937
1056,14.286150593578553
1057,15.134963135509253
1058,13.362739490363218
1059,21.262185289733328
1060,18.76802687859533
1061,18.34846305328054
1062,15.66239072895545
1063,14.061739178394825
1064,20.194680430557256
1065,14.204914741840893
1066,18.0876975126883
1067,13.168897051466185
1068,16.603914001690125
1069,16.99445511672963
1070,13.759343194962955
1071,14.691877836742202
1072,13.212689120871255
1073,13.080170571169603
1074,15.54605459297787
1075,13.992022692745905
1076,17.35693612728211
1077,19.519921935126135
1078,14.821047867919066
1079,12.88147217335544
1080,17.62341894677257
1081,10.657543994348211
1082,14.67123612850669
1083,16.678078631575953
1084,17.556568403386514
1085,17.47170867603595
1086,10.785013579502783
1087,17.296938632924427
1088,14.505374457743427
1089,11.190233772387051
1090,16.675790151146693
1091,19.33122907417147
1092,15.754452183056335
1093,23.245723520628232
1094,13.93472912403859
1095,11.025263775847758
1096,14.0142265955459
1097,13.691097503973568
1098,11.847828773358707
1099,16.459854889664044
1100,10.427747648526825
1101,17.013919574833704
1102,18.025879309240004
1103,10.114578669803086
1104,13.0705418329008
1105,16.367623709895682
1106,17.90186437302676
1107,19.378333713647862
1108,14.419340345318746
1109,15.30663429476119
1110,12.675124936943417
1111,9.955547225255788
1112,24.104860173057162
1113,12.543920235975424
1114,12.619317268273571
1115,12.088296167266135
1116,16.130620269516317
1117,23.707589658409855
1118,10.70808687170572
1119,18.921696858223306
1120,13.650658122883614
1121,13.770272719343232
1122,19.995036491774385
1123,16.799090596112087
1124,17.610293539654155
1125,14.269965033817707
1126,12.258195705847019
1127,18.14087590095155
1128,16.9853645897738
1129,17.833660994673213
1130,13.481845564510879
1131,12.418753935193296
1132,12.192479326773402
1133,11.70305081424879
1134,16.967324803612893
1135,16.142202738607295
1136,15.047596328452276
1137,17.663811320897018
1138,13.390258029371308
1139,10.074945399613094
1140,23.126553591720164
1141,11.013118137492544
1142,19.80539954996235
1143,15.517223878890077
1144,14.578165155382326
1145,17.448753333884742
1146,16.35067179274344
1147,14.617945547796502
1148,16.09177135834747
1149,13.167058892160755
1150,14.760905076494211
1151,9.87461494686146
1152,18.25595493774928
1153,17.36246141114559
1154,10.856972067365302
1155,13.198241819212335
1156,16.6250519091009
1157,15.903649955362962
1158,14.819692332783118
1159,15.939275967961787
1160,14.202753494879282
1161,19.048430725120685
1162,12.666199348032595
1163,15.377783327460278
1164,17.65274248499667
1165,14.646751887647797
1166,14.209825935905922
1167,15.547308931407633
1168,13.262888007876183
1169,17.399996967482075
1170,16.500811909620214
1171,16.46897856279151
1172,15.89566094025024
1173,13.642056104150672
1174,24.22985327263148
1175,16.584976989903346
1176,18.275589511992568
1177,19.235880122934354
1178,18.002840755253608
1179,14.97483394277473
1180,15.944213044110965
1181,13.407765640579903
1182,15.956542716054882
1183,13.657676935834886
1184,15.811364799864766
1185,21.73797974539876
1186,14.926896460214982
1187,14.08292377716693
1188,14.913869536536644
1189,17.305355636413793
1190,20.747314876136578
1191,18.15008797623724
1192,14.421538427173578
1193,15.270575154188188
1194,14.765713050679704
1195,14.538884548946282
1196,18.146788598033176
1197,16.08705877447675
1198,12.626476474861771
1199,18.46504712343578
1200,15.642067823718907
1201,14.131920108055667
1202,14.884787539872693
1203,23.520163259856727
1204,14.69269611315194
1205,16.88394048218913
1206,16.61070866973486
1207,16.70363089317642
1208,17.415369391837412
1209,14.375328401345719
1210,13.461565626524706
1211,11.82763305914787
1212,16.87862197343043
1213,16.834464828281398
1214,16.64075431059475
1215,11.928160709364898
1216,10.371512078483414
1217,11.96315984164114
1218,14.658193355661782
1219,14.021130181184146
1220,12.186444522598352
1221,16.442669752275744
1222,22.417308869593015
1223,13.474499928989761
1224,15.303952395209675
1225,12.518009831687072
1226,11.297694113301372
1227,15.802103218557068
1228,10.512700475462092
1229,14.515415847613879
1230,16.185255428763142
1231,16.15956117554159
1232,12.774802852929312
1233,16.694170123039108
1234,15.369745220566191
1235,13.072326036865478
1236,18.47928825112358
1237,15.841424817053195
1238,22.155673799169993
1239,11.304980104939654
1240,15.63400220346907
1241,15.687695413235838
1242,17.1179310996309
1243,9.798712416410192
1244,15.81007316403485
1245,15.790385919659153
1246,16.007350803180554
1247,9.856595443089034
1248,14.565229819749081
1249,11.12999029537044
1250,12.302347695720936
1251,17.45516533032538
1252,21.55520206700191
1253,16.715204356592707
1254,17.669892747169815
1255,13.008355420319651
1256,21.97306683206818
1257,15.94274712260629
1258,16.509319224863436
1259,14.7663724452403
1260,9.62307537368979
1261,16.796642776332032
1262,12.603264348819666
1263,11.226155939599925
1264,14.617897032871488
1265,15.1274798812786
1266,12.519904839811593
1267,14.439451513827905
1268,18.08022744305824
1269,21.544370791076297
1270,19.201688119797247
1271,18.676875453362687
1272,14.487818529296236
1273,12.79802256425198
1274,19.344016185791848
1275,13.202438076578114
1276,13.576286059075656
1277,16.85048548238075
1278,13.808595349662612
1279,17.19029005896922
1280,11.388107453539304
1281,14.154426747767637
1282,16.836269917484056
1283,17.022787163900936
1284,18.44257097186489
1285,15.927578247548588
1286,13.372473201284278
1287,15.48842021161824
1288,20.444202577177528
1289,12.838538333633945
1290,13.16733938620906
1291,20.70546215860394
1292,15.16134381965457
1293,11.151654006818786
1294,15.806852254978322
1295,16.66943845828194
1296,14.380375005352041
1297,19.3560709667566
1298,15.144615937140163
1299,22.06373714328734
1300,19.056878473788064
1301,17.019166506049643
1302,14.464055290727497
1303,9.708888483412302
1304,15.467996807201505
1305,18.94976587893874
1306,15.848014205543357
1307,13.86392942952207
1308,10.408825854092402
1309,16.211525331489213
1310,18.165823922774926
1311,13.730420479140783
1312,15.60632486163434
1313,12.910354451580957
1314,12.07106521214037
1315,23.924797973021068
1316,15.861916747768364
1317,15.591740465854599
1318,12.629896206428375
1319,16.606070033906892
1320,13.096021819454856
1321,11.112205481563203
1322,13.745442483211452
1323,20.698981435514803
1324,15.55109167881029
1325,12.183808768382637
1326,15.234478956794964
1327,15.55778754079701
1328,22.33781931253825
1329,20.092622578923997
1330,14.335171214459729
1331,13.458429129676865
1332,14.497549266834307
1333,15.962717286292975
1334,13.41898620489952
1335,10.198236942487247
1336,17.324643413850666
1337,20.446355789971186
1338,11.615199044373409
1339,17.724179126822992
1340,16.334694715394395
1341,17.4649041621485
1342,14.936120728720791
1343,21.58433315285777
1344,14.38800275696599
1345,12.314411169391452
1346,20.156874703614957
1347,17.975627018233258
1348,12.723594470137236
1349,18.45323162788136
1350,17.008172178519942
1351,16.74897794126868
1352,10.703946135188431
1353,12.813661768818353
1354,17.49230459124079
1355,15.633756375242902
1356,16.404671000431307
1357,11.70899298062905
1358,15.170822000231531
1359,18.237009770382315
1360,11.121478209658003
1361,18.0010743708029
1362,14.593433040157517
1363,13.728127900186973
1364,18.662422878492585
1365,17.933881362973665
1366,18.669232897496197
1367,22.716220441352483
1368,14.965513319203673
1369,12.720165432767011
1370,15.375666485948738
1371,19.86487275994785
1372,18.975769744608613
1373,14.692879538268995
1374,13.519269226830414
1375,11.13923357405862
1376,15.80546356363996
1377,17.879582318167664
1378,15.722638851407073
1379,13.774556508126386
1380,11.798614734422483
1381,17.734559463889134
1382,18.193294900533456
1383,13.91736146578909
1384,15.704274997846465
1385,16.244969188536196
1386,9.746565763256061
1387,15.244997183904026
1388,13.126579991585793
1389,9.4443669774912
1390,11.385073467262002
1391,14.901827936222318
1392,19.587892235612415
1393,13.916848135232648
1394,20.066093913305835
1395,18.503647466811586
1396,18.29569891611325
1397,18.952626011136775
1398,14.31461665030823
1399,12.133139314002706
1400,9.434006444849778
1401,12.676193837116198
1402,17.478702883448733
1403,18.09496944422595
1404,17.867738160771367
1405,16.136656996293624
1406,18.550069914879238
1407,15.142474870870963
1408,12.92213955352125
1409,18.083600800832947
1410,10.895996549466004
1411,13.780436784126191
1412,15.676872286558092
1413,15.429628789889607
1414,16.316325189450705
1415,15.172230800840788
1416,15.075917120715756
1417,13.10785374721091
1418,15.38565060562453
1419,20.997157377365145
1420,11.704131945623736
1421,21.466645070775552
1422,19.33650858550576
1423,14.551794866933797
1424,21.875676203564957
1425,21.393361077794573
1426,17.615591946737904
1427,11.854579620304628
1428,17.710612376424063
1429,17.151439331365246
1430,15.574293461861437
1431,10.909306053511383
1432,11.009499354008872
1433,11.183275001832676
1434,18.225316823434376
1435,14.679947657240097
1436,11.092551443453797
1437,16.22770114221299
1438,14.371027494154891
1439,15.362808688876624
1440,13.500280435294503
1441,20.178023487088268
1442,13.867145802435408
1443,14.599642707952112
1444,13.061142710506436
1445,17.680584010983363
1446,16.063992217505703
1447,12.916390227288579
1448,9.186473936808067
1449,13.913670520139553
1450,11.730198319338891
1451,11.781242888978918
1452,13.966743061035418
1453,18.44921673186111
1454,14.549642422444645
1455,18.87135786965246
1456,13.426559543263616
1457,18.162573902891957
1458,18.408104453416996
1459,15.590879778561888
1460,13.179244096357534
1461,12.799581741069495
1462,13.485988957760416
1463,11.896358928222059
1464,18.222605523623745
1465,12.106523709792613
1466,15.683665750760294
1467,13.161214641763294
1468,18.72654204169841
1469,16.90093626830184
1470,19.967670672097668
1471,14.017873421884772
1472,13.365819020844658
1473,9.628317310114115
1474,16.705982095581547
1475,15.032483962141946
1476,9.67625090909134
1477,17.83540579147138
1478,17.20314172391724
1479,19.356705052651055
1480,13.687384054034032
1481,11.022374056854488
1482,12.512332575553472
1483,17.719652948855284
1484,14.093718043659798
1485,22.113428885980547
1486,9.627534096046933
1487,14.51023289196655
1488,15.657229131144582
1489,20.351738163239602
1490,19.609069198635822
1491,13.835112165642265
1492,11.343378449727085
1493,19.474312136855087
1494,17.586416997618883
1495,14.97254160114249
1496,17.48891453436394
1497,17.166783987063972
1498,10.692461794669889
1499,18.227448842680072
1500,17.331157767783438
1501,16.821611323310155
1502,15.381141447117109
1503,11.162340995030426
1504,17.093478436586683
1505,22.337129192300846
1506,15.66299633245062
1507,16.740501855400435
1508,8.078929637102354
1509,12.250621948013423
1510,11.904747512560775
1511,10.820314483916103
1512,12.230937538197036
1513,12.995140669721
1514,16.895646225045464
1515,14.324030970910686
1516,13.49226537535577
1517,17.924787277037346
1518,16.077786685786258
1519,17.30244783322862
1520,19.17909331443073
1521,13.583766785302107
1522,19.80253513834892
1523,11.970086540416649
1524,10.802216925102712
1525,16.84368613663791
1526,15.95856759824477
1527,16.212349873161802
1528,16.488279660000345
1529,14.078388203288858
1530,15.415037694840365
1531,21.8144916093196
1532,10.623289874131592
1533,15.435718662618791
1534,12.034305472983142
1535,14.535490321862424
1536,18.104118305130864
1537,14.229777350223472
1538,15.349760139203857
1539,7.822176899881537
1540,21.41661967303972
1541,11.739300566616816
1542,17.145305619848777
1543,15.95927549959516
1544,12.399635285939523
1545,17.385127491703994
1546,13.85463935722931
1547,17.376292849612476
1548,17.35869167086422
1549,12.758349542865039
1550,22.657367048231272
1551,16.392997148066613
1552,18.917131693026377
1553,17.08442635762688
1554,19.24666402308568
1555,12.03055500093605
1556,16.697254396818487
1557,16.460859272660024
1558,12.144645816043425
1559,18.516696293062544
1560,16.29707137344904
1561,12.87716299055013
1562,18.26769650833168
1563,16.55378023435649
1564,18.31396783894625
1565,13.424296437729287
1566,14.135273153066551
1567,17.604782434737295
1568,12.68232590443307
1569,17.31950877560819
1570,20.488776639071514
1571,14.655185573835832
1572,15.082255483145206
1573,17.682608713591215
1574,15.268268745235277
1575,13.144520033363372
1576,11.170362497982584
1577,14.432456542879038
1578,17.24978872763139
1579,15.149113655462193
1580,14.354938854804319
1581,16.333362259226096
1582,14.191258347333054
1583,17.270876523022903
1584,11.616502077089452
1585,11.060675155149047
1586,18.75285892557938
1587,18.066807998286652
1588,12.608443294392613
1589,19.158660690697793
1590,15.085116986062856
1591,12.669561339769393
1592,15.740031536294705
1593,17.84458135005304
1594,13.300643445769976
1595,13.825184314925677
1596,15.709167678730337
1597,15.98550279316664
1598,13.727711794951643
1599,11.14202137096907
1600,21.22218422365946
1601,13.058140500013234
1602,16.10062270672565
1603,11.851008002068335
1604,16.06959974345649
1605,11.388431955333186
1606,13.087631769090978
1607,20.97309233100025
1608,13.883933019172014
1609,12.526747448371987
1610,16.820236499094744
1611,17.723774055396156
1612,21.288002507909432
1613,14.581205482358529
1614,13.104812587587475
1615,14.7908466912784
1616,17.820307588691183
1617,10.027814900978093
1618,11.549991040336073
1619,17.660740223874768
1620,12.875360310124579
1621,12.537761883541803
1622,15.718129727088858
1623,16.120482226375508
1624,23.606134232031856
1625,15.742503954642999
1626,19.42128463652761
1627,21.934704886476737
1628,15.975486936246396
1629,19.79234303949184
1630,18.93621430492989
1631,17.25533670981791
1632,15.880946883832406
1633,15.235933393169326
1634,18.323596214698764
1635,18.72812707232839
1636,12.193402858933371
1637,17.640265282280424
1638,14.667960323592586
1639,19.56562948896873
1640,14.191965179175131
1641,15.175771375808331
1642,22.60212194910632
1643,21.905868395633632
1644,13.645087139358534
1645,13.914199698887113
1646,17.18878886190746
1647,15.022666411783513
1648,14.958882957948875
1649,13.99411388734284
1650,16.81113580406071
1651,14.030917277677208
1652,19.56547575692697
1653,16.089779254700748
1654,12.385785483138422
1655,16.602490371635973
1656,14.389991178052266
1657,19.903903791037468
1658,17.819405645323886
1659,12.293345684790065
1660,18.603092612407565
1661,16.77415460055826
1662,16.01188995279465
1663,13.915795486418501
1664,9.320963622476109
1665,12.338397844504915
1666,14.07886317935008
1667,14.195185929869002
1668,20.76606035951395
1669,15.221937714805021
1670,10.705707417666666
1671,16.891101907933592
1672,19.0051014199556
1673,13.724243675335371
1674,16.93930045237136
1675,13.825933413756474
1676,17.60521323750507
1677,16.3892132185994
1678,12.431763972321109
1679,9.845494206511372
1680,12.934965914688703
1681,12.019912268335727
1682,18.828926345543934
1683,12.836571889883047
1684,14.806731630479003
1685,20.074309958497103
1686,14.570520286075498
1687,12.424173869336055
1688,11.67673250046831
1689,15.30926150721179
1690,14.776885867723886
1691,16.562762705618688
1692,14.281687683911752
1693,11.78993207636835
1694,17.650358731117333
1695,14.726568625252739
1696,13.949684900270741
1697,18.924953186235047
1698,19.18892490357146
1699,16.360968552188556
1700,19.90664331076759
1701,16.25121725541941
1702,14.332283551707143
1703,16.061626160816207
1704,14.198862184937676
1705,15.158759956209416
1706,17.094419858014444
1707,10.0808782740833
1708,13.57595753462783
1709,18.378263039244477
1710,15.045940205544241
1711,14.405348508343423
1712,10.20985551885728
1713,13.514301761167006
1714,25.510788136364802
1715,15.636165827902847
1716,14.312081858093322
1717,13.296096565825936
1718,11.066815259776702
1719,14.381655207676568
1720,11.75762050280071
1721,11.55315226449627
1722,17.979747892574625
1723,10.429568895416171
1724,14.688431809496416
1725,12.284762736266932
1726,10.792256450216044
1727,14.27448249670805
1728,11.754382401850052
1729,16.023510006655446
1730,15.632885498655108
1731,14.554775955836687
1732,13.726627120351363
1733,14.838958955921232
1734,12.48332669083884
1735,19.615598008357182
1736,14.212163895540483
1737,16.629157252981557
1738,16.240220124005443
1739,16.684149647024665
1740,9.375542579116168
1741,18.842716406125014
1742,19.031150645990625
1743,14.15091515761406
1744,22.113023082300046
1745,21.255040439251484
1746,10.111458764363086
1747,11.706259894637181
1748,11.247072304317195
1749,14.601671914763607
1750,19.530401734259346
1751,10.775022556668562
1752,13.531062737313032
1753,18.1974456750993
1754,14.189060862605746
1755,13.568530536301717
1756,17.497797667979654
1757,10.11052423139298
1758,13.985015863777754
1759,13.500948548108541
1760,13.025855062475198
1761,14.875770141450031
1762,16.909237396568948
1763,15.815532038280976
1764,18.86241293148706
1765,15.365145192347518
1766,15.464384699837762
1767,12.024514565120715
1768,11.323303713519874
1769,10.746660832506972
1770,11.775584329155391
1771,18.427849104378108
1772,13.110795116104073
1773,13.633731053008772
1774,9.946500941847699
1775,8.706046883156674
1776,19.52010249254971
1777,11.997741196192717
1778,16.890770238552005
1779,15.317828721242488
1780,14.976559755780555
1781,13.509725158510989
1782,10.833113559544264
1783,20.417812055123758
1784,21.01507858282836
1785,18.39982571746103
1786,18.05864119992271
1787,14.89286385079637
1788,17.526536473927713
1789,17.052796948711173
1790,10.79184438040949
1791,12.766307456689402
1792,14.760814699569105
1793,13.092777976100994
1794,17.55220640764554
1795,13.85509799057102
1796,19.561523870583844
1797,16.45920352223414
1798,10.518421470633548
1799,16.287636640316208
1800,16.13445094756689
1801,20.76976646779872
1802,18.36748713581969
1803,14.520623240878065
1804,18.977627207163692
1805,16.072086562900836
1806,17.68439962646014
1807,17.516025121924276
1808,16.62178565263162
1809,21.922709081000274
1810,11.05201559787727
1811,12.485953531753706
1812,12.785848994780387
1813,13.018504129152191
1814,9.67185066327288
1815,11.300152732907277
1816,13.65616014603749
1817,11.997779441498444
1818,19.76647177558737
1819,14.17693872104085
1820,17.484924483263047
1821,15.54266322438872
1822,13.355375749027125
1823,22.589130967609126
1824,15.72471352140145
1825,17.593555540019338
1826,14.867360524326925
1827,12.772037456827835
1828,15.092660671532357
1829,18.90466462899275
1830,10.729388180494063
1831,12.577148096540949
1832,13.949319184691907
1833,13.758312324329614
1834,22.911865063634934
1835,22.278769639037897
1836,15.559305519771826
1837,20.61770153479071
1838,13.346633323738422
1839,16.935360103343037
1840,19.092322785910092
1841,12.335827240536588
1842,22.314289832331816
1843,20.318420353291323
1844,12.589760814611493
1845,16.061417028988096
1846,14.08241195741932
1847,12.126036154993797
1848,20.459656306433356
1849,14.598349652438623
1850,11.091009139510465
1851,17.420570872001615
1852,22.769473230782364
1853,22.51896159169068
1854,12.121910139253295
1855,17.90866731880046
1856,12.814168550745027
1857,17.37856664829437
1858,12.411227147032061
1859,15.456552926822678
1860,16.271060489563727
1861,14.994171704016011
1862,19.7694469745922
1863,13.725078018736397
1864,16.02285322315384
1865,17.924611596982466
1866,16.821755801668267
1867,13.851874014113402
1868,18.329212292921277
1869,12.461900527529446
1870,12.72533503094478
1871,16.535972998041082
1872,17.24947245625834
1873,12.430387008643118
1874,19.96513763291967
1875,13.411581765962682
1876,18.75580322112382
1877,13.483553747402805
1878,14.191046326636762
1879,15.1501365018947
1880,8.638394450141213
1881,18.458229275831016
1882,13.634228639872328
1883,13.739516400088007
1884,15.207235922445816
1885,15.63726392935912
1886,11.399755938757375
1887,11.154776746266034
1888,18.951180903028657
1889,16.862496168473253
1890,14.100418883618572
1891,14.097034608768581
1892,14.738478207199478
1893,18.75002315652111
1894,12.567436432395667
1895,12.49661403228958
1896,16.29305963334075
1897,18.26195025336828
1898,21.189637131130006
1899,13.527274244687499
1900,10.874736163058493
1901,20.532859511665873
1902,23.503595127163322
1903,12.612601615011615
1904,12.673830809513165
1905,18.94757487304194
1906,19.159148196921837
1907,14.290135621448021
1908,20.282953785700986
1909,14.545543707856526
1910,15.642724328815744
1911,15.33611250805746
1912,18.038336753044984
1913,16.930334365487074
1914,15.229975554801616
1915,19.896822508140176
1916,16.33428053613647
1917,11.73889017732473
1918,18.953638027595513
1919,15.134027886688157
1920,16.0268134934568
1921,12.866157821776467
1922,23.161744998703064
1923,10.339247171841045
1924,11.675494446244214
1925,21.568923759693877
1926,20.731163065631897
1927,12.900218009064504
1928,12.638178417261848
1929,16.941540894235402
1930,17.063565808101597
1931,17.269433791095523
1932,13.880259439304153
1933,17.22477919909083
1934,23.07671647608988
1935,10.74936104246253
1936,12.31823422233701
1937,15.75211534625538
1938,16.766145974766456
1939,13.640131259611328
1940,15.421568428358997
1941,18.382075530500785
1942,12.398084633172118
1943,12.068644271794644
1944,22.009390840372685
1945,19.024072628850696
1946,16.383755905645707
1947,15.401805756879915
1948,12.74724708045907
1949,15.515200947405809
1950,16.017817757907185
1951,24.886281701370738
1952,16.775536003212284
1953,14.721065581838603
1954,19.009488294226816
1955,14.411010278983728
1956,13.832930770505783
1957,12.925144796373782
1958,16.147656841780243
1959,19.28026864673789
1960,15.633309365211618
1961,18.75285932165012
1962,11.326242177408703
1963,10.340007360475726
1964,16.299544348536614
1965,11.48257982733405
1966,15.15463682382046
1967,18.99774035371059
1968,18.64906236402146
1969,17.999798200978585
1970,7.971151831680044
1971,12.335645245398624
1972,13.618929570077984
1973,13.406467926212173
1974,15.33464747494785
1975,15.423170470859391
1976,17.487089230827987
1977,23.412996891643804
1978,10.623853371091604
1979,15.343053837285092
1980,10.85370521819295
1981,13.160304070217254
1982,12.286315041518375
1983,12.145232347387955
1984,13.302287981466355
1985,11.268759016523353
1986,13.304287283214295
1987,12.884699333320365
1988,11.524396036662392
1989,14.23114257399314
1990,12.559388354830935
1991,14.589938828772851
1992,14.023725519039361
1993,11.928181985728129
1994,20.057367412973242
1995,15.333281248724804
1996,15.847724693670283
1997,17.56155714647213
1998,13.800551087714362
1999,10.547608607860418
2000,12.268156646512672
2001,19.9055719118672
2002,16.55288149594564
2003,18.26025810458598
2004,11.837078192507027
2005,15.39863447007086
2006,12.339934648853548
2007,10.246516852473256
2008,15.195326214247412
2009,12.8924905281378
2010,18.601811292044395
2011,18.301312135516635
2012,13.315878284711221
2013,16.78107138248097
2014,18.237687436930717
2015,16.18831490348463
2016,14.539011106450275
2017,14.151204170606578
2018,11.37879086907866
2019,13.20369226787718
2020,13.888905358283054
2021,16.313203305242933
2022,20.99130681400923
2023,13.763872031426875
2024,14.272734790045869
2025,15.809686716157863
2026,17.27782617110981
2027,13.214222197264823
2028,14.422119040323524
2029,21.34157713998196
2030,14.91555953238854
2031,17.183494202546623
2032,18.55610308131948
2033,13.434091936927448
2034,10.77825395329284
2035,16.343130374697367
2036,15.965598350369213
2037,15.373659649133248
2038,10.236303179673056
2039,14.888909528254983
2040,18.004651988637516
2041,13.770910106273904
2042,15.974670043142256
2043,21.180372560761526
2044,15.503684232004394
2045,11.812405526300742
2046,12.07901129282385
2047,13.860216622813903
2048,14.249243626895689
2049,15.151980821975341
2050,9.4021333413501
2051,15.432985707337068
2052,16.350791149057454
2053,18.89414086871356
2054,16.27288996628917
2055,16.791139892574325
2056,16.096149076197857
2057,15.912935708361681
2058,11.753369311140561
2059,14.968940910202114
2060,18.597863369175283
2061,11.79182969294682
2062,13.438047685677855
2063,15.203338691192883
2064,18.860567420524635
2065,14.254501329102586
2066,12.494054089130044
2067,11.821512394915606
2068,11.729390939635126
2069,10.957205585762024
2070,11.177064540452234
2071,15.634952207722268
2072,17.554222638975833
2073,14.554440008995595
2074,17.408206702138965
2075,17.756766799622252
2076,18.01058854889941
2077,16.774615667615432
2078,15.460525427021699
2079,17.044321719480788
2080,20.93909843731156
2081,18.221989619453925
2082,15.971768942720665
2083,14.780474671088045
2084,13.856184453489021
2085,24.19743182049746
2086,15.826665308101918
2087,16.48329654011054
2088,17.863197608248438
2089,11.615150509791139
2090,11.927144621095994
2091,15.235634177176877
2092,10.789837931426202
2093,16.35290649187971
2094,17.495382641555526
2095,12.951479410435999
2096,17.828301989343885
2097,14.041546367408369
2098,18.816452074889067
2099,17.265938512401224
2100,14.033839633897385
2101,17.48676262784882
2102,15.278399625982525
2103,16.384037454425023
2104,18.856561902649744
2105,11.990021524956973
2106,14.69004637681998
2107,12.47356389238624
2108,9.502379694383437
2109,16.589831171569006
2110,13.285654801640232
2111,17.388122632875376
2112,12.627886394795864
2113,15.344713181386608
2114,12.076569250192902
2115,18.41748072461215
2116,18.780445537064622
2117,18.160194629324156
2118,14.952752046945413
2119,15.438693540147474
2120,16.876713708974044
2121,10.809861434996956
2122,12.07196113494029
2123,19.058899468548805
2124,11.87832552673775
2125,11.321596822764496
2126,13.028788736054365
2127,15.390390875690908
2128,13.572581524744706
2129,10.736503948873597
2130,22.147498938715767
2131,15.654711527957696
2132,15.932364728726576
2133,18.81167518671945
2134,12.37959973456229
2135,17.546081072962817
2136,14.532625690054598
2137,17.230155553136715
2138,12.290319070743456
2139,14.125797326144529
2140,16.331171674365883
2141,13.239162216156428
2142,12.494897444557326
2143,22.83495106162951
2144,13.924467048868737
2145,15.545827590178222
2146,18.97661858445705
2147,20.875074073887102
2148,13.46883271468991
2149,16.221799829909497
2150,14.140047481484789
2151,15.190943682059945
2152,13.586665416535723
2153,19.60568037533872
2154,21.778128514350097
2155,17.221407215262424
2156,18.75483611369828
2157,14.697326131080187
2158,20.519799994329045
2159,16.163365449193854
2160,22.103075382202853
2161,15.982493367749278
2162,14.468846882080946
2163,13.472396462215334
2164,10.653724824478084
2165,12.451664217414711
2166,13.985980121595583
2167,13.162236302642942
2168,14.792008247745938
2169,10.287449738779031
2170,18.87230752548118
2171,13.605178373764472
2172,17.60987147464845
2173,16.47361366985878
2174,22.47166817504668
2175,13.956814322491665
2176,18.622989489107603
2177,12.897095409577098
2178,10.903850279194417
2179,17.955790352771974
2180,16.264166281671105
2181,17.322027304760788
2182,19.674245237868583
2183,9.222226452792802
2184,13.222405948599288
2185,17.076442994819406
2186,13.932532743038044
2187,13.653078471484136
2188,19.401710832995256
2189,12.482786188860844
2190,15.452863780801627
2191,12.709532488409737
2192,20.818026851600216
2193,16.50683720998259
2194,13.085696681945816
2195,10.568481174361736
2196,13.982751617802931
2197,14.993201629670814
2198,13.988608999010145
2199,14.947220319277315
2200,15.924460090385313
2201,13.412674497817978
2202,17.002514423107637
2203,16.104947512367698
2204,13.197905181819177
2205,17.026966558972653
2206,20.709287581180234
2207,18.51146724854955
2208,21.715323156745107
2209,14.220908964944062
2210,15.438312667174332
2211,16.532723986855146
2212,14.701096534616049
2213,16.18408879690421
2214,15.480565872528366
2215,16.771739852775543
2216,18.43855000017441
2217,14.90592250810829
2218,12.128288419068193
2219,14.5434367762619
2220,13.291846905596664
2221,23.49202909375331
2222,11.982985029555
2223,13.957739015357589
2224,16.136656768703148
2225,19.341052074150014
2226,18.52455148714086
2227,12.462839854974824
2228,15.013709590661803
2229,16.835589185260844
2230,14.404594558157264
2231,13.089594548836178
2232,16.010551967479348
2233,15.421709265073074
2234,11.65552719435654
2235,10.272992735632865
2236,11.782424517677637
2237,10.145315825084758
2238,11.74375810280111
2239,16.403400898405515
2240,19.950968939111167
2241,13.422102475620079
2242,21.430511484750067
2243,14.510184130268467
2244,11.99786696085802
2245,15.310317164656126
2246,16.102693249307706
2247,15.966299998372941
2248,13.98907397531
2249,10.27558947844469
2250,17.837077527875003
2251,22.155569932509383
2252,17.028288423644536
2253,11.282471930853793
2254,19.312784986978578
2255,15.701443638173073
2256,15.192625570979413
2257,14.662874956599344
2258,14.119208849864862
2259,13.233322240396665
2260,11.894811183740593
2261,22.359292996330407
2262,17.660539216448544
2263,14.204498449653899
2264,17.45614196709869
2265,8.870933241282673
2266,21.103191141783675
2267,12.937117970209814
2268,13.576146161584065
2269,16.563060186766965
2270,21.0630290506632
2271,16.364373277518354
2272,11.725234874143098
2273,11.076885346016695
2274,14.758956635159981
2275,21.961648811411706
2276,17.13961337881754
2277,18.48817088771421
2278,14.17434099742675
2279,17.998794660170162
2280,15.734225406462254
2281,17.147441227689818
2282,15.101995518930668
2283,13.994193608078012
2284,21.345717948936162
2285,12.963641944081955
2286,16.186070312506253
2287,12.910816102048921
2288,14.004290049153195
2289,18.792501582347303
2290,12.978347672419902
2291,11.802276939200102
2292,16.513068190741706
2293,19.35582980895784
2294,15.902762817011006
2295,10.80509409998196
2296,13.69738689023441
2297,10.341863299901153
2298,15.131189243994186
2299,14.932328604802228
2300,10.712110088521069
2301,22.093788154399952
2302,16.76273561858741
2303,12.048882989876576
2304,14.527879829829194
2305,11.69610501850488
2306,13.055844067954633
2307,16.474471261065403
2308,14.300271413539711
2309,19.17589189419708
2310,15.044589725723453
2311,10.776855064584161
2312,16.084832512916755
2313,14.354556607124994
2314,16.4000589577496
2315,15.192008608247377
2316,13.539448490513925
2317,16.040172772783777
2318,18.640007689633183
2319,15.633120588956354
2320,11.036521775423077
2321,16.794773087787068
2322,22.39020368180865
2323,13.0624791397609
2324,15.928790087468977
2325,13.288646771647574
2326,9.623488012494061
2327,19.15876658119549
2328,12.257767555678038
2329,20.35510579588907
2330,15.171829332936507
2331,13.363155264287787
2332,17.43585784351324
2333,15.74756998169896
2334,11.894842036902016
2335,16.960873149710928
2336,9.142523097512766
2337,16.0850923458088
2338,10.012368518227559
2339,19.516918832502093
2340,11.579264916796607
2341,14.012394290319799
2342,22.921006166324254
2343,11.292674863254843
2344,10.571854861791074
2345,12.454242037145585
2346,10.096854081209491
2347,18.643392519480024
2348,18.902242319668844
2349,16.692162359799337
2350,18.773726046218272
2351,16.01436647999297
2352,14.463716984345012
2353,15.336795971395695
2354,17.799829080811097
2355,14.36201199803316
2356,17.419188159731203
2357,22.28997740683496
2358,11.208889893755531
2359,15.804643397068363
2360,12.130792937371716
2361,15.956227356766531
2362,15.145313111480815
2363,16.73836463806401
2364,14.781052912648004
2365,17.30943804990737
2366,15.183540093069347
2367,20.472704772535298
2368,18.1843255016506
2369,12.288930587087863
2370,14.67110388404119
2371,19.288701347756522
2372,21.919362226229143
2373,13.781368823748723
2374,21.380790409912414
2375,13.821446664385432
2376,16.726334957097542
2377,13.123173606406905
2378,17.58576806109901
2379,18.466070805614912
2380,13.585012703724274
2381,21.707609227799683
2382,18.598586381394757
2383,13.667182937669565
2384,16.933470498876133
2385,14.810605196592379
2386,14.479720233733149
2387,18.907968963228413
2388,18.07354731469646
2389,17.627887341029115
2390,14.497080454102901
2391,14.289080542086696
2392,15.221258289601526
2393,19.398992851871867
2394,17.28522833551696
2395,21.558123210649235
2396,18.625983842124032
2397,22.37406759963802
2398,21.655722649039344
2399,13.76290456424751
2400,19.07630258821513
2401,13.733662059103658
2402,15.342044842874973
2403,10.025989449835961
2404,21.682916974414116
2405,12.204679140355035
2406,20.660071614339547
2407,12.531285568287764
2408,17.76286510370362
2409,15.944185743303
2410,16.971947851924156
2411,19.656644770607922
2412,14.848964614931125
2413,17.910622666179762
2414,19.124689457201256
2415,15.790480576694021
2416,18.79393960722547
2417,20.3272321640771
2418,18.412084449320854
2419,13.350715841675525
2420,12.107603404777576
2421,10.586534597378465
2422,8.88319489473538
2423,15.94018299031442
2424,14.274320840912624
2425,18.180793066679467
2426,11.941531251300258
2427,18.812840756854737
2428,12.209719970201272
2429,17.232764354065093
2430,15.543160677879127
2431,15.622807642843657
2432,17.99566282276833
2433,17.826343220889576
2434,18.965908825902066
2435,16.76833336009845
2436,18.72110518885554
2437,17.723240758837612
2438,19.754607022249825
2439,16.248509049791597
2440,13.797155127628603
2441,14.580707727850626
2442,16.88809031197789
2443,13.94871709777906
2444,10.777578727964983
2445,14.209211343452406
2446,18.49396735434862
2447,13.336020667661602
2448,14.447939432486557
2449,10.457650474205586
2450,14.44655094493838
2451,15.298793175484994
2452,15.585514095192046
2453,14.737051989748862
2454,15.127442815515428
2455,16.011650456586548
2456,14.849501176735508
2457,16.199627438490072
2458,22.09920392829352
2459,13.208011054228903
2460,12.46785836717516
2461,18.290985614889216
2462,12.944055295430278
2463,13.823049271522477
2464,19.368781671121685
2465,10.191555934345223
2466,13.120612960871368
2467,13.281188773793676
2468,17.57007535367869
2469,16.207371579028255
2470,23.497784164665106
2471,10.649652767981198
2472,15.882083848039207
2473,9.804783644481699
2474,14.908433772650042
2475,15.480636145323322
2476,16.602143430868786
2477,18.366575791203648
2478,15.774047894325566
2479,16.33822833644249
2480,21.298374188728953
2481,15.546129234303642
2482,15.801518963581152
2483,16.417053886617502
2484,14.86996406542431
2485,15.186596423131396
2486,14.648760146687065
2487,18.61057383927943
2488,12.568087080084425
2489,21.556563753517267
2490,9.32917156697221
2491,16.746088767758398
2492,16.906133827034818
2493,17.600041321223983
2494,14.721805026514254
2495,12.012299523568805
2496,18.336161268612873
2497,15.429956087682767
2498,14.915328086243202
2499,16.523170295611315
2500,15.606930263026637
2501,13.9466122829859
2502,14.770327479527062
2503,14.137021371746084
2504,12.82950332765322
2505,19.29142802013513
2506,14.28198628969709
2507,12.185150765910079
2508,13.220767613619566
2509,19.19070314024895
2510,15.547790246867413
2511,12.60813681649634
2512,20.0038367569
2513,17.82777446172265
2514,13.114514251113844
2515,18.357864311052193
2516,15.955682536903302
2517,17.899823207875652
2518,14.047842797721723
2519,17.196873902131724
2520,14.038057373689332
2521,13.610701888924714
2522,10.859302531140385
2523,20.49564153636023
2524,22.897099899147875
2525,18.1505937713128
2526,16.428903133568543
2527,14.461050338018648
2528,15.015355876726908
2529,14.094828365744435
2530,17.24279663814323
2531,18.21805225883317
2532,14.508222353755084
2533,17.630337942916004
2534,14.073285254219185
2535,12.72004465151597
2536,22.108559659061
2537,14.177813449194835
2538,11.500364379390922
2539,18.238722812648774
2540,18.27385670969852
2541,17.006449928526166
2542,12.958733034082567
2543,17.35022809381365
2544,16.305128374499976
2545,25.40490905977968
2546,15.354392562467659
2547,9.497996285555047
2548,15.58935421136446
2549,18.307665874847945
2550,16.637227667064778
2551,9.892007386811372
2552,11.970142018235498
2553,19.13893019315949
2554,23.213875885474565
2555,17.78465403382133
2556,16.40908927048562
2557,12.666846900858086
2558,19.03005010327641
2559,12.035899805721535
2560,21.1375640904074
2561,18.555981749574386
2562,14.128667718168717
2563,11.034422020576708
2564,15.132383317758666
2565,14.520083242744601
2566,13.293482790051439
2567,18.4677674004614
2568,11.8018114587605
2569,13.433951500789707
2570,16.00415899422205
2571,10.961350859264435
2572,14.612907535117555
2573,18.60900229097726
2574,16.720148881952547
2575,18.927917198270304
2576,22.631806105830577
2577,20.626864479044993
2578,16.15214712337012
2579,21.46361517447185
2580,12.823251173327602
2581,16.563701920827643
2582,18.644991950529814
2583,8.556384585779464
2584,15.136736672606053
2585,20.143740541528373
2586,15.016219634028127
2587,22.263832636763787
2588,15.17149106592116
2589,8.868169361440293
2590,13.778679551163913
2591,15.256643770736622
2592,18.47060724576311
2593,18.788959446944713
2594,21.65456543184558
2595,13.680818969475355
2596,21.594380465334268
2597,14.7748551108094
2598,22.047753844941166
2599,15.877753546746796
2600,12.679016624939925
2601,17.356105284536067
2602,16.426221715191392
2603,14.252537758370849
2604,14.114995056530335
2605,16.631228710777542
2606,17.741648088447633
2607,13.637133999025973
2608,15.303107794889963
2609,14.876120705724041
2610,11.870830550282532
2611,14.680726808084428
2612,9.614829097831974
2613,11.341659169463156
2614,11.233139495035436
2615,15.791151690374514
2616,19.458984122784486
2617,12.806328935133077
2618,16.77703044847961
2619,15.762408938313428
2620,10.952227471136194
2621,15.158001634256662
2622,16.59079442324342
2623,14.11532570506001
2624,13.241247485587406
2625,17.609516249792872
2626,17.790144992706328
2627,13.881436668722385
2628,14.589567961244207
2629,15.009489020027079
2630,15.495735875456806
2631,16.709302400980288
2632,14.239662041733464
2633,14.291673012544882
2634,8.575872986320464
2635,23.939268195011774
2636,16.807855716180644
2637,16.460986072084413
2638,17.346150472494788
2639,13.946673156335981
2640,16.820609206536897
2641,12.96719846643887
2642,17.106964115107147
2643,9.992714496906952
2644,15.35090899992129
2645,19.103789502322005
2646,16.299656428918492
2647,19.717440760790424
2648,14.010361257839067
2649,18.259615146238012
2650,16.731049441080376
2651,13.74574677722665
2652,15.776600889416859
2653,11.507050652929498
2654,12.769580493153354
2655,18.18740239365338
2656,13.98684747632185
2657,17.28816841292507
2658,13.562695769819838
2659,18.950822231247592
2660,13.66055939012738
2661,9.764152256890592
2662,20.636782777279457
2663,13.128022477555401
2664,16.210443001681643
2665,19.18422178324335
2666,17.495263287121674
2667,17.410178763910633
2668,13.00619643373541
2669,18.08111045177022
2670,16.934549690457334
2671,11.17698591073568
2672,13.688782016267984
2673,12.474511371854959
2674,20.546637036811912
2675,19.704638908151114
2676,20.783835240113806
2677,17.21019178927582
2678,18.93002111731333
2679,15.113786233410947
2680,13.198209077269702
2681,17.78225545744942
2682,15.997496129786386
2683,16.728704018600393
2684,13.945491021848964
2685,11.42210642791642
2686,17.364407318970525
2687,12.065703425040619
2688,11.819987724275457
2689,13.248406646674132
2690,13.820147146723283
2691,17.457122726849725
2692,15.858552421767808
2693,20.246259054914653
2694,16.005138651176743
2695,24.751212010731066
2696,19.16259689388666
2697,10.979576712803766
2698,20.218317727536938
2699,16.485130604627575
2700,10.239905738539049
2701,22.405547107023608
2702,16.88942587276371
2703,12.444188603783063
2704,15.400153488117873
2705,15.506682867715975
2706,17.102182084753746
2707,8.609267484252168
2708,17.958955666559458
2709,17.083627687616232
2710,13.046342434960634
2711,13.90927166168293
2712,17.37039404225676
2713,20.26655616298378
2714,20.227952447309345
2715,14.281298650393008
2716,17.560474517543867
2717,16.880174484472608
2718,18.150455420635257
2719,16.78349057707722
2720,16.255383680400694
2721,14.021486396234042
2722,15.28429009489811
2723,13.83104779051282
2724,10.832014924573183
2725,19.201399947839683
2726,13.246477052191475
2727,14.091803185382819
2728,19.736235709368003
2729,20.027275448514665
2730,13.30338124892015
2731,17.4913226523883
2732,15.293130070175875
2733,10.908971492124085
2734,20.5763963317242
2735,15.5972084503669
2736,12.65559666697276
2737,13.173139030743904
2738,19.852126094756304
2739,15.218415490223741
2740,13.961654628227228
2741,19.93844340178099
2742,19.35407045339536
2743,16.875996130624753
2744,18.662280498075255
2745,15.992241528860474
2746,13.19367432417902
2747,19.384623392442467
2748,10.696517744637351
2749,13.390967562562572
2750,15.025957409732904
2751,13.742655796522312
2752,11.54687825486087
2753,12.491152161230122
2754,17.190072077903178
2755,16.57161880765964
2756,16.026875905172417
2757,17.01403555440138
2758,19.1371139250559
2759,23.41227373955679
2760,12.644324446839873
2761,16.98662429670656
2762,17.996774760868945
2763,13.811458918518722
2764,12.862146496624966
2765,14.480320293712058
2766,19.26112434503939
2767,19.789299196911877
2768,17.971803608026566
2769,12.990689857914386
2770,14.650517309733187
2771,14.753302133948551
2772,13.422985575699807
2773,15.322768847772352
2774,18.39249883678965
2775,16.1691334966825
2776,18.8180979843709
2777,14.028136682010473
2778,19.79454785746572
2779,12.572293316216488
2780,14.03962690661395
2781,15.122192044522022
2782,21.226554032374555
2783,15.194540946399535
2784,15.761669923269698
2785,21.807400962113853
2786,18.43948091114546
2787,15.02705926567311
2788,13.723962542590504
2789,10.526823624794565
2790,17.069237413719097
2791,20.401714816090536
2792,18.21049303255851
2793,14.754776493222035
2794,12.251431414411385
2795,13.592682354576556
2796,16.544789285836274
2797,13.57121553727943
2798,14.62837971830687
2799,12.234799095700984
2800,12.762735028224345
2801,12.519856945518326
2802,21.270428459651136
2803,12.281959317022249
2804,15.17776511952457
2805,18.926133298262055
2806,17.328342727959956
2807,17.32635976174325
2808,15.020581490154976
2809,12.226830415395787
2810,12.99527028589738
2811,15.285643007082744
2812,16.175933664792268
2813,12.308262238583591
2814,23.102115526716155
2815,21.37491004490332
2816,19.45884309284381
2817,17.608220254616494
2818,9.614994180392705
2819,12.286709654980935
2820,17.19916386369095
2821,12.218487284332495
2822,18.004578184564096
2823,17.225324740606684
2824,17.9521234392599
2825,19.657956990491684
2826,11.768371945635222
2827,19.334176502634897
2828,11.404503357262884
2829,11.805960300480864
2830,15.538303605492345
2831,18.971539336122532
2832,12.530488189137097
2833,17.745790488363074
2834,18.426465580372735
2835,16.491176883682343
2836,18.59270271518104
2837,12.047694964180513
2838,10.517617214879078
2839,15.255800161004025
2840,11.881673522670427
2841,13.952136129262495
2842,14.198668601155232
2843,16.542996434825962
2844,14.910983758419587
2845,16.859135768460806
2846,12.70549028795763
2847,17.42131462294194
2848,18.539546218552744
2849,19.86030858320075
2850,22.83165120016504
2851,9.80187677960824
2852,15.357799989511495
2853,17.27431571805443
2854,20.10582022539235
2855,19.83496812309168
2856,10.706328376255026
2857,20.989455384334452
2858,19.699146398266173
2859,18.424069276493228
2860,18.12116122313609
2861,11.029967208291158
2862,13.058149500452135
2863,15.212130915567746
2864,15.137728396881002
2865,15.484768133873485
2866,14.713001966858481
2867,14.524524596656699
2868,15.601889752375042
2869,17.141726051434325
2870,16.75982615711504
2871,13.879841144379165
2872,12.956057918625303
2873,12.621258393153036
2874,22.81584703123906
2875,15.691133313416026
2876,14.881803580119634
2877,13.435296740772692
2878,16.145688552794237
2879,13.264093517615619
2880,15.544000427154744
2881,12.282726392845657
2882,16.488675125698304
2883,15.654222300146115
2884,9.158759275139936
2885,12.532507923391625
2886,15.141304835900694
2887,19.14007910101644
2888,13.19369134007502
2889,13.682966253611939
2890,18.26395019655142
2891,13.553949256454066
2892,18.41907926959978
2893,15.784604635402328
2894,10.754901784269672
2895,17.746060537217634
2896,10.389604801412224
2897,14.089448954929395
2898,17.65240801900941
2899,15.296984472873058
2900,11.736318627720753
2901,13.622811225408839
2902,12.286080817564882
2903,13.879151213519394
2904,21.413106712029215
2905,16.28990178347042
2906,19.01754381220792
2907,23.913524851806542
2908,15.61712194457568
2909,15.819195029489991
2910,13.222669098641488
2911,16.623338003798576
2912,16.191145417128556
2913,16.493540964338052
2914,13.257790282482816
2915,14.817786813983146
2916,20.573818238000936
2917,15.925150763194258
2918,22.9782801965204
2919,17.623402312194283
2920,10.984312868434317
2921,18.002120872135677
2922,13.112404081836642
2923,13.559249619546785
2924,16.90666232194631
2925,12.128403333551368
2926,21.089666059048042
2927,17.97993968471209
2928,10.808105923378854
2929,15.355536109686087
2930,17.579115363925066
2931,12.534593655607251
2932,13.193885100819077
2933,14.30832639578455
2934,13.694580358735742
2935,19.90311669459126
2936,11.105647753384252
2937,14.3042653503577
2938,20.672116388146637
2939,14.145323271598905
2940,14.001446322942515
2941,14.85979336822667
2942,14.847771746641968
2943,14.591683765300527
2944,18.805616347264287
2945,15.209504040976094
2946,21.936143942326094
2947,11.405305643516822
2948,17.438023120592458
2949,15.90428330908174
2950,14.02528261516738
2951,17.75514002607563
2952,18.01178763161041
2953,13.791969624001084
2954,14.68937600106832
2955,16.610313344969036
2956,14.031670842949538
2957,13.841468622712533
2958,14.933536001908983
2959,10.987289458708549
2960,14.116833389292339
2961,9.058788957661601
2962,13.502281934234604
2963,15.434298103621021
2964,12.132054899401357
2965,20.012612083387268
2966,15.967918872471044
2967,19.38898061381055
2968,15.768188357645222
2969,13.396100413672828
2970,12.77599147835076
2971,19.04831582952756
2972,15.491694947624953
2973,19.20688816385165
2974,12.293606729104944
2975,15.235779708054025
2976,12.026031459683264
2977,17.418189690275852
2978,19.585832715340906
2979,15.859419975293834
2980,16.125422223533967
2981,15.16282871191419
2982,13.860205858478594
2983,12.540798011124451
2984,17.68858768218785
2985,23.278020970191523
2986,10.483693462233251
2987,16.98782299370632
2988,19.349028899732936
2989,20.372483354582076
2990,16.929532479140246
2991,16.241834835522006
2992,18.283813277502414
2993,20.41375186575771
2994,17.278770452870685
2995,16.72617543702658
2996,14.627046914509535
2997,20.379138804827345
2998,21.633259139212587
2999,15.009291694322158
3000,18.650386727565547
3001,15.728959454293717
3002,12.047638501719119
3003,18.31481320070655
3004,17.68778531738474
3005,17.027412989523736
3006,10.83767050347276
3007,12.09347178497695
3008,16.493423547130647
3009,13.223044870407756
3010,10.010897960154264
3011,14.73545602915874
3012,17.854741379113175
3013,13.557839555108782
3014,17.59600919634663
3015,14.151811398332946
3016,11.756440393533413
3017,18.006804684207562
3018,20.64000904842953
3019,18.71609798650196
3020,14.979925139863646
3021,14.432707658805533
3022,15.232221274352874
3023,13.3993504123751
3024,17.818684153058317
3025,11.222639611018607
3026,17.54909117075292
3027,14.216876050413298
3028,22.276552933462312
3029,16.591170530983298
3030,13.627571546815755
3031,12.691232897600429
3032,17.121162515994495
3033,17.57738126096543
3034,24.78449467085223
3035,16.994401896714553
3036,15.161871948128006
3037,18.48819652415236
3038,16.825280492506682
3039,17.06807986443762
3040,16.30589401485579
3041,14.79294486637636
3042,12.121417908900584
3043,13.047739127682037
3044,14.412447887892377
3045,16.900855386745096
3046,19.7634201168458
3047,13.76362285694794
3048,11.101763645089159
3049,17.002792439391254
3050,16.13329737488148
3051,16.397643668230884
3052,14.389254814520429
3053,15.14313537895934
3054,20.52999138894291
3055,14.256368888250595
3056,19.80571959792993
3057,14.200166432401994
3058,11.87089520489661
3059,19.721050181709863
3060,11.140141915707252
3061,21.144997650792142
3062,20.10508355458895
3063,16.501948960533312
3064,10.076345785294485
3065,14.131678746480276
3066,26.605579656018666
3067,16.584987478163672
3068,19.90279748420642
3069,20.177460504243644
3070,14.831312590078293
3071,16.00306309720777
3072,15.312444458378122
3073,14.782344153281924
3074,13.401778604034554
3075,12.728426380794344
3076,12.290368264079016
3077,18.433203422360275
3078,15.342250755184587
3079,11.179169265742333
3080,16.896577734777313
3081,18.118324029399666
3082,18.837093679489875
3083,15.029047693170662
3084,17.197639632480847
3085,13.705024416083257
3086,19.33489355466966
3087,16.862489279670786
3088,18.689094158623057
3089,19.137944380601947
3090,18.77329043718665
3091,15.737919783824681
3092,15.084062970195035
3093,14.687500284622537
3094,18.148521799284275
3095,17.59783165490723
3096,12.089970916120494
3097,16.222965547176806
3098,13.741471419605144
3099,17.16322277794757
3100,10.23396586067203
3101,12.937126781427079
3102,13.905912930518193
3103,16.80166066457346
3104,14.06699003116514
3105,18.852413752717535
3106,20.145896035716028
3107,18.77330929950618
3108,12.865558143147416
3109,15.751231109152286
3110,15.677166127377228
3111,13.60825603176566
3112,20.316297415089704
3113,19.516816055636248
3114,20.232495127480213
3115,13.917483508164267
3116,21.26418308442723
3117,19.499708878321172
3118,22.215667882053282
3119,13.067519167182569
3120,16.148568968018264
3121,18.0314919925667
3122,11.234288063445
3123,16.58891843929762
3124,16.989151942970587
3125,16.52104234662352
3126,17.614344904369666
3127,10.093607060269907
3128,11.382533700641392
3129,14.646046479695109
3130,13.023349521356604
3131,15.258983395919133
3132,12.969207133508917
3133,17.97330788168302
3134,15.437581856282405
3135,17.23263444064579
3136,12.095449853201435
3137,14.463882665948065
3138,14.516954310716601
3139,21.42452958354035
3140,11.210049707858238
3141,12.195355223392859
3142,18.74960942755093
3143,15.747211023933975
3144,13.269924773812166
3145,15.892529462207566
3146,15.707827059179774
3147,10.381286325735859
3148,12.020778896870175
3149,15.075598189659473
3150,12.421193372685412
3151,16.24393279518554
3152,15.48249766517685
3153,18.060733965276906
3154,17.161489478875076
3155,22.57142020824423
3156,14.004830945249319
3157,14.830424796046177
3158,12.825255145581313
3159,15.707807032368054
3160,13.593535151256848
3161,16.570834092111365
3162,15.998933311515032
3163,14.554283271672006
3164,11.276449411911317
3165,13.162997614168965
3166,12.85876832588518
3167,12.04710993980012
3168,16.75342967178319
3169,20.327329400739877
3170,12.294913304592187
3171,17.836621571816057
3172,11.35569016115308
3173,16.917638236325974
3174,20.236154292358275
3175,19.16037858412183
3176,15.891615013577207
3177,19.959303775237117
3178,17.95730435196644
3179,11.759331989717928
3180,12.532382817894737
3181,14.653382645543314
3182,17.832442116049133
3183,12.440288970953196
3184,16.185233379222197
3185,19.594260286435926
3186,12.964476113517785
3187,16.1417819953112
3188,16.736827159915592
3189,13.389206609980194
3190,20.230900776121086
3191,13.964567498673032
3192,20.66331804588098
3193,15.91365537598072
3194,19.748288128609506
3195,17.160230652500392
3196,16.99546433966264
3197,15.690989148719424
3198,17.866919162055552
3199,16.28959199319466
3200,15.940797678070508
3201,10.926062168017912
3202,18.091962900176142
3203,13.565890298775054
3204,18.869758183107532
3205,16.355378855649693
3206,15.340734331111355
3207,15.077460583989236
3208,13.446285671703599
3209,14.99698941851472
3210,20.61294257571852
3211,20.4045934577391
3212,21.335714512780346
3213,16.149837225878773
3214,19.99209027774073
3215,13.85837703192107
3216,8.51252246322366
3217,15.64900397584006
3218,14.905989635909709
3219,14.924301634651055
3220,12.136437969220054
3221,14.723948883544036
3222,14.318949131587477
3223,11.561795761019578
3224,9.889793380267905
3225,13.596998877007623
3226,10.833890500042386
3227,15.69851508860774
3228,17.320961987437624
3229,15.72837794751223
3230,13.95312975165269
3231,18.146941467868782
3232,15.184702249403399
3233,16.133297110266913
3234,16.183754392049323
3235,13.743076087356098
3236,24.276692424116572
3237,17.548080462271162
3238,9.96343592477451
3239,17.977969875143014
3240,14.107893932763332
3241,12.441939934141368
3242,14.525793853068608
3243,20.493657137965453
3244,16.012438788697985
3245,13.6818957531916
3246,13.082969546766545
3247,16.44462040208094
3248,21.497223433883576
3249,12.482144269087064
3250,11.979981944426493
3251,19.936319203584222
3252,17.093547293043926
3253,15.534733562737157
3254,16.313562120139444
3255,15.910450652340495
3256,13.022486580988026
3257,17.91870626266801
3258,17.387855557888656
3259,14.404157775265881
3260,13.95448652500334
3261,11.736637900018074
3262,13.866393917027894
3263,19.697699196536938
3264,13.636112889084789
3265,16.550746310213118
3266,9.003364651026232
3267,14.531063051079915
3268,19.14647146626337
3269,16.362279288190294
3270,20.454489889814056
3271,18.655105693994173
3272,19.576024181426376
3273,14.567870566428294
3274,16.632354300734576
3275,17.00828390827318
3276,16.24672014160657
3277,17.416470553760906
3278,14.54626881949951
3279,17.24822960084349
3280,13.94525421183819
3281,16.88093597565498
3282,16.96057051254206
3283,17.444366363385708
3284,18.47792221417869
3285,15.21257838659247
3286,19.80495722700216
3287,15.338111897400033
3288,15.381768732774834
3289,14.07279271501793
3290,10.81688124275095
3291,16.345414577495255
3292,12.547929869019333
3293,17.683003201291047
3294,14.795829445265952
3295,13.11100099889175
3296,14.808610558148224
3297,14.045544279904595
3298,20.267702887094483
3299,15.527453583181446
3300,12.508410651019181
3301,10.128145223280393
3302,18.48666887150476
3303,21.205657061813774
3304,18.762148728465103
3305,19.871016288063466
3306,23.26471411836008
3307,11.022565777826795
3308,14.589252444901321
3309,18.288472293020895
3310,12.810427414684824
3311,15.205506601914177
3312,20.289269941658695
3313,15.003914971645493
3314,16.744951349346874
3315,18.31629683266502
3316,18.306655618266216
3317,11.834246405902267
3318,19.402338848134896
3319,15.075342481060726
3320,16.88544157299169
3321,16.973911675202743
3322,17.689808538103165
3323,10.677230201605623
3324,19.73979850257917
3325,11.587465266364122
3326,12.135440242461177
3327,24.253401826989293
3328,16.055464495490547
3329,19.996195753239583
3330,13.21515447496421
3331,11.473285459630514
3332,16.44402144514906
3333,15.063884618693848
3334,17.38536008498761
3335,13.251759807577848
3336,20.079923020461546
3337,13.283361305242362
3338,15.340889236066884
3339,14.78172493895389
3340,10.131648823922545
3341,11.296375239891303
3342,21.00069721083021
3343,11.387260219523506
3344,11.179102510511962
3345,12.804970098662064
3346,14.793334411267312
3347,11.208818694932855
3348,16.6087145460178
3349,15.544513007960234
3350,15.025073016255018
3351,12.222241054952146
3352,17.794613113040388
3353,12.61074028311745
3354,20.270705293165157
3355,16.46952686806698
3356,11.145293955481408
3357,13.78349906240597
3358,11.210188257211383
3359,11.96746702974765
3360,19.640069036384663
3361,16.666696319043666
3362,17.745581161486967
3363,14.149258797430106
3364,13.204062033269823
3365,15.322625542591389
3366,15.857397025596473
3367,19.245138190046745
3368,13.919521321043451
3369,10.844408006436215
3370,18.506556901104112
3371,9.71974240374349
3372,16.10135676868656
3373,17.677650833981062
3374,12.646205488030022
3375,14.238090513670393
3376,14.64225087341962
3377,12.251987999350183
3378,13.06467450499184
3379,13.458280424799042
3380,13.6539785576261
3381,15.050711260643222
3382,19.70402091028931
3383,13.72731685844257
3384,15.180984543858822
3385,11.98819931022151
3386,12.22144292356787
3387,15.801375746690116
3388,20.63570869958458
3389,14.179751010263548
3390,19.48219363647526
3391,11.790440852737857
3392,20.463803714822447
3393,18.054080850239668
3394,17.335635520257185
3395,20.137431040732917
3396,18.11572435317951
3397,11.873880725916424
3398,17.154021759604003
3399,11.238806598005008
3400,13.621675036337257
3401,13.236225198778994
3402,16.705755381633626
3403,13.242958013229984
3404,15.434287078696254
3405,18.058702077341827
3406,11.070989273799386
3407,15.176045254165334
3408,12.865949247278088
3409,13.308528970617806
3410,15.150018236608943
3411,19.215243908978913
3412,12.86824343085728
3413,16.189169104963238
3414,17.243804404255506
3415,12.709127760851358
3416,16.88559369852159
3417,19.079905152617496
3418,13.245175071231447
3419,16.762101021347156
3420,14.958017451408494
3421,15.519034705132986
3422,16.980958385015782
3423,11.263300011275517
3424,16.430171594285106
3425,10.954266579807316
3426,15.059344138938345
3427,12.75800618782298
3428,10.64759490400459
3429,14.874329221929095
3430,17.20212033140243
3431,15.347164268150816
3432,16.889780548654905
3433,22.160140920032102
3434,13.091512275924627
3435,9.45664879059594
3436,14.53799715604344
3437,21.69283236254442
3438,11.22400849128374
3439,12.66856282046084
3440,15.349326790014729
3441,14.358585340896795
3442,22.209821706161243
3443,17.45769434527059
3444,18.904646421621333
3445,19.361050888353525
3446,11.385012730830326
3447,11.233038114291132
3448,19.28191811135223
3449,14.346581748100228
3450,17.310889682622236
3451,12.63786897028607
3452,21.187038507454837
3453,11.3974476873522
3454,12.96479075582565
3455,15.543598545557728
3456,18.034032293893716
3457,10.705532542577975
3458,12.69576153568799
3459,14.355116444904352
3460,13.564655677755411
3461,21.07117771510439
3462,16.25195944517376
3463,18.249969158532565
3464,9.7811908236761
3465,17.660162906561503
3466,21.439901148945804
3467,10.974038336988889
3468,17.033076808362097
3469,13.616591647355047
3470,16.659673411217813
3471,20.010283634208637
3472,20.453581053892513
3473,15.631118741613976
3474,15.351045281922767
3475,16.15244377124944
3476,23.12692447763164
3477,16.906460416116715
3478,15.735894094973057
3479,21.896828050255348
3480,12.492583122099077
3481,17.354756244252215
3482,12.594047799986274
3483,14.55862069067245
3484,12.826050767411374
3485,14.987728890473253
3486,11.954469480977641
3487,14.291244285132262
3488,16.49196657311881
3489,17.135942259423608
3490,10.8059401668004
3491,19.392612996051795
3492,18.46653065970698
3493,14.923062270359548
3494,12.746926376554146
3495,11.20014118514738
3496,13.784183296270152
3497,16.725469735983637
3498,18.726049935682585
3499,17.742613708338624
3500,14.933573006075257
3501,16.30255062550167
3502,15.097309426906197
3503,18.69542853277541
3504,14.172049805457299
3505,18.787707120967013
3506,17.49705242863092
3507,12.3547738469188
3508,15.434222107888024
3509,13.897771366520049
3510,12.25179830561117
3511,10.28548607021401
3512,13.26702571031079
3513,12.373279392372288
3514,17.698350456410175
3515,23.162777380296717
3516,15.513949935508899
3517,13.395664780080596
3518,16.80597063487218
3519,16.913367390113443
3520,11.144996365889922
3521,14.64559284976606
3522,15.708493124317894
3523,14.75286651897006
3524,16.14090070670358
3525,16.62121010397749
3526,12.149931576890717
3527,17.56406493820543
3528,13.071173995104084
3529,17.123359919063148
3530,20.188880184852273
3531,17.214697352613147
3532,16.604351147211577
3533,14.581416191399498
3534,11.530939604545575
3535,15.180853190101692
3536,17.357735559580473
3537,12.38410010245921
3538,18.896003289891283
3539,15.728890129498923
3540,13.226702648376445
3541,14.088165644629235
3542,12.68456359585104
3543,15.63930651450664
3544,12.427353785977092
3545,17.669567755928522
3546,17.676136932409005
3547,14.200712583590969
3548,16.252259033288027
3549,18.548436468597483
3550,13.684200924864403
3551,20.55838131457956
3552,18.61938815073499
3553,15.69585926079542
3554,19.783402366063843
3555,16.725795369639922
3556,17.17391117342863
3557,24.479390404327628
3558,17.706082587890094
3559,11.156668290078574
3560,15.442801131778298
3561,16.96213819667944
3562,13.576423813742675
3563,14.281436302201229
3564,15.60503673408804
3565,16.120280697327853
3566,16.66033157982589
3567,9.587379738052832
3568,14.459119688352208
3569,14.195876375741323
3570,15.253598077658785
3571,16.36428466292124
3572,15.232149305236122
3573,14.312424293606208
3574,13.440348825418717
3575,15.325278414328622
3576,14.485656154216121
3577,14.915170478451092
3578,13.61794762438703
3579,16.03983187007578
3580,8.878725836188904
3581,10.963778623020177
3582,12.844543081419681
3583,12.533442243312347
3584,13.488257182845835
3585,11.699424118744234
3586,13.64355739339718
3587,12.554673123779194
3588,13.495326572404752
3589,15.352827504495833
3590,18.498741175675
3591,13.369008518669235
3592,15.64419008110012
3593,16.995421274727754
3594,16.250759942739617
3595,11.612861234519272
3596,16.614071978764553
3597,12.185185370867629
3598,24.836125955542066
3599,14.864710365008714
3600,15.63453570294346
3601,20.193869108390526
3602,15.267735953070513
3603,13.70083737904081
3604,21.806302295404684
3605,16.746588222252804
3606,15.073614580760944
3607,16.920873533370663
3608,24.473479961168948
3609,12.781557807092021
3610,11.93508389177841
3611,11.656945749079632
3612,12.099394663925404
3613,14.411852577821586
3614,14.94650023571572
3615,12.24155036921013
3616,15.027411274107967
3617,16.580524341306347
3618,11.32366304361521
3619,17.69059002081204
3620,10.324273322921925
3621,12.978562299942823
3622,19.317512626545657
3623,18.36590005508009
3624,12.119362498759253
3625,13.589007314907423
3626,15.214465912246334
3627,16.209889444825865
3628,15.040806480052078
3629,23.693323148442076
3630,10.732123482425202
3631,17.682294495547684
3632,16.355392596514445
3633,14.20935455314373
3634,14.715022616286952
3635,17.602723489338203
3636,18.245226874514465
3637,12.946453002404215
3638,21.770354104470172
3639,14.95016424629348
3640,12.285320056941433
3641,12.24629335518378
3642,17.32841060880426
3643,13.869987454017915
3644,20.571992841371475
3645,12.060370103213925
3646,10.549814554350382
3647,17.732035508125513
3648,15.15264880434256
3649,14.637445134254257
3650,11.304218269096609
3651,19.00300168614069
3652,16.553392271014726
3653,13.660970124304681
3654,15.532777541586068
3655,17.295613364674647
3656,15.115227400568571
3657,15.594709493954019
3658,14.229172640250082
3659,19.40697044398504
3660,11.31616189445744
3661,15.928876227764304
3662,15.482642501438649
3663,16.034196178608447
3664,19.75815601934175
3665,10.890220133454687
3666,18.323596942263485
3667,12.976899045289931
3668,10.888656153478196
3669,19.517286845102415
3670,19.909412432342883
3671,13.732131132774201
3672,17.72970344413954
3673,17.216197586235786
3674,14.581660978898546
3675,15.300887378059452
3676,14.426424911302759
3677,17.568688403295535
3678,14.218370353271165
3679,17.461802761306476
3680,17.24744251846953
3681,17.874135746855643
3682,20.429608387543997
3683,14.824458096629565
3684,15.19454045462466
3685,14.49420297288478
3686,19.121442921248637
3687,12.03242249552608
3688,11.6468330278286
3689,11.424233822072814
3690,12.603079368337232
3691,16.6309111708207
3692,16.768292492400814
3693,18.46553846593895
3694,18.09680867517436
3695,24.063104957426386
3696,20.981911814305604
3697,18.283670179562012
3698,12.905850014182443
3699,11.351816480211442
3700,10.406082926869862
3701,12.181140708989544
3702,17.10461186611462
3703,13.524407375382355
3704,17.844810884825716
3705,14.05975973837631
3706,21.30121668619086
3707,14.259083748871204
3708,16.081227182193388
3709,11.14206700115886
3710,13.591831139227143
3711,18.599877875010606
3712,19.648104805670194
3713,16.200858781292304
3714,13.894095813690369
3715,11.347447194729616
3716,24.089898000994097
3717,10.967823875144415
3718,19.972790119289886
3719,19.875980766647853
3720,14.517494365783337
3721,14.916824126999082
3722,17.31219022971481
3723,22.445194793881726
3724,18.07999517301116
3725,15.769339157973477
3726,20.197298880195547
3727,18.006226486188197
3728,19.81300350163591
3729,17.8125951995814
3730,14.305411967389457
3731,17.236223397191544
3732,20.55454074061571
3733,15.98380557866503
3734,17.328370279415832
3735,17.294737225512257
3736,13.525280565812864
3737,16.011621561469735
3738,14.707644987211728
3739,16.210665429999843
3740,12.730979623777946
3741,11.777930170563579
3742,21.471476950635964
3743,13.611995270131795
3744,12.74403320868855
3745,15.284548836319207
3746,15.973351170729588
3747,15.148260778420317
3748,12.35032495165313
3749,11.271000374246205
3750,11.268010043495934
3751,14.462718121245636
3752,13.643607746912734
3753,16.777709858631336
3754,14.854410192626267
3755,9.994153696011992
3756,17.410472429161082
3757,16.599409289562388
3758,21.53069262069455
3759,22.752210621146833
3760,23.476577258426605
3761,16.188969501182598
3762,12.016763593428653
3763,13.93036960716327
3764,12.8880300862258
3765,12.6022774817356
3766,14.247962293454568
3767,18.144542271071842
3768,16.549061484463788
3769,15.821088547777098
3770,23.985197401125486
3771,12.802226914380583
3772,11.551494300413479
3773,10.440026802611014
3774,19.175748970698088
3775,13.764538119111856
3776,17.178717951286135
3777,10.210892802131264
3778,14.382934993979257
3779,10.586106382148653
3780,12.394344552613049
3781,11.887202536725676
3782,20.68510840963426
3783,15.944744381958063
3784,18.572540693530843
3785,14.969950796887048
3786,22.356524124875296
3787,18.54902948609361
3788,12.856386114392336
3789,23.385199444377484
3790,18.08511816499311
3791,14.230051743542868
3792,11.036681656851764
3793,14.708749244414332
3794,11.48731450462373
3795,17.667772141441038
3796,15.469654073021543
3797,18.89711801040512
3798,16.50308722399712
3799,13.83109916538233
3800,11.983698273239778
3801,15.340663227309118
3802,14.2689263270223
3803,17.55866137000044
3804,11.077350409591913
3805,15.896463362790708
3806,10.781352707733214
3807,14.606007646735689
3808,10.857837686716689
3809,15.92828478748189
3810,14.079311261502427
3811,12.000706878443198
3812,13.483619563890064
3813,19.112036144547247
3814,14.60149814069346
3815,20.259107719381944
3816,18.576735599462026
3817,17.429605723980018
3818,18.327711070143714
3819,15.214404825893933
3820,17.669417517905448
3821,13.812949270269563
3822,16.737070154524105
3823,20.49311858158184
3824,16.290604082051214
3825,20.384131594046377
3826,14.034567953291265
3827,11.330883955787943
3828,18.042097986324226
3829,19.430257818461357
3830,11.192111857074782
3831,15.481540598280336
3832,16.54270912894265
3833,17.308717157866845
3834,18.849615911833496
3835,15.798631576963603
3836,16.165874437507554
3837,19.952543790043023
3838,21.230497558432173
3839,17.161610092226713
3840,17.360995844549347
3841,14.445531551734668
3842,16.543405099927707
3843,12.488111913109677
3844,14.404773537643411
3845,18.468867525473964
3846,16.89250845889242
3847,14.250059256582727
3848,17.69834176246249
3849,18.500942334343986
3850,12.653727799821953
3851,15.104389246385614
3852,12.095839776787106
3853,15.040381135813263
3854,21.935543854468683
3855,16.06993350572459
3856,14.19523526300221
3857,11.942508773303654
3858,13.135666078147418
3859,14.584043011041306
3860,13.306998416426222
3861,11.689471496885194
3862,12.360610037678606
3863,21.958698244232615
3864,19.3144419736068
3865,10.176187230078344
3866,13.693387418718041
3867,20.803637079832818
3868,16.590790426350193
3869,18.14553128880314
3870,17.354625878902848
3871,12.040341748893399
3872,13.334297242657625
3873,13.639693545157451
3874,16.952653685692482
3875,15.647156537728485
3876,17.059307122655447
3877,14.133129324623356
3878,20.939491124946993
3879,18.870690063730866
3880,9.995668708014813
3881,14.495212157572926
3882,10.969823411194982
3883,20.65488687034214
3884,18.613967276466486
3885,18.904301279115984
3886,14.112809644827921
3887,18.099643286055816
3888,16.70202634802242
3889,17.63038373597417
3890,16.14596377584536
3891,12.152389186792025
3892,19.08394759315641
3893,12.093471561090952
3894,17.930492747328937
3895,16.688251093331683
3896,15.186484429156492
3897,19.42930308512108
3898,17.662517239137006
3899,22.504538701238026
3900,11.46122291823108
3901,20.85783189177394
3902,13.194729646285705
3903,10.29094128016954
3904,17.118463725244744
3905,13.090394452231543
3906,17.09559149422026
3907,17.81724300569035
3908,15.235677925044413
3909,10.634870922547945
3910,11.504453905482373
3911,12.951943985074024
3912,16.916179251216747
3913,14.125796596062855
3914,19.60258668242545
3915,13.830041926875756
3916,17.72524783781241
3917,10.843897638072004
3918,13.104186012939648
3919,17.62707943993722
3920,17.976123557642527
3921,15.886525447220805
3922,17.00264037767463
3923,19.27405806843143
3924,13.319858912840047
3925,18.38619871973695
3926,14.368615060382085
3927,18.903933919670145
3928,21.130138240999237
3929,17.300939436851394
3930,15.458312346984087
3931,9.932116098065197
3932,15.427220183252201
3933,18.3695373942808
3934,11.879420375006278
3935,17.18955865127226
3936,16.247583721040304
3937,11.895238505171914
3938,14.08804366482315
3939,12.313906437894774
3940,15.561878884276872
3941,16.97033929967943
3942,14.242312666541562
3943,17.92706059258909
3944,10.913361821242898
3945,16.573157366284754
3946,19.00342609275899
3947,17.30969595612364
3948,16.5137440345911
3949,18.399143964945768
3950,15.50802020268883
3951,13.971233299241733
3952,13.500062805647882
3953,15.209591221512934
3954,11.773925261125504
3955,20.038483340993608
3956,20.42029184557499
3957,13.974109090387245
3958,18.248950465703317
3959,13.66185189583013
3960,22.97468218663692
3961,18.54461813938707
3962,12.748366558882754
3963,17.300491354902917
3964,14.662110142709432
3965,18.82914691809974
3966,11.845821636237462
3967,12.714122686897275
3968,18.790662725144585
3969,12.909488404931881
3970,12.874625518369026
3971,17.771955404900744
3972,12.633283435899878
3973,13.327651313550353
3974,12.612307414960595
3975,15.768481161046015
3976,17.932032434351594
3977,20.156092937924818
3978,15.620430973092988
3979,17.748420611679553
3980,19.825803304648907
3981,18.267370949036053
3982,12.054671637788779
3983,16.529666870507643
3984,13.124984474647906
3985,11.358217971784018
3986,13.32278616248614
3987,19.417544725744893
3988,19.848243811606757
3989,12.26837214744306
3990,20.215233550987605
3991,12.819900806168377
3992,24.578351994972582
3993,15.129626178608286
3994,15.125396124919998
3995,13.775379407132178
3996,18.618378203130003
3997,13.184169813404319
3998,15.363349672941553
3999,14.989469267894513
4000,18.232540117527495
4001,17.32421881558763
4002,11.344374808885815
4003,11.82494546803122
4004,19.534964007633416
4005,15.563333050983886
4006,19.594138701788395
4007,14.272022285357345
4008,21.55184866199515
4009,14.745985874766646
4010,20.35091932903093
4011,18.378340228697546
4012,17.065452646212297
4013,15.979697056462035
4014,18.06767084984276
4015,10.553569939320202
4016,17.43895496501954
4017,12.32335179220752
4018,15.65609689909319
4019,18.066675113612924
4020,23.419422854741402
4021,16.422870237141623
4022,16.58407886741875
4023,14.152523605456565
4024,14.575391871502406
4025,15.874107021053836
4026,17.106329086585173
4027,11.420127022040775
4028,18.888915740087228
4029,13.775043586077857
4030,17.363956211864725
4031,13.242097360647803
4032,13.11304075098445
4033,14.45427961791791
4034,14.537515581070144
4035,16.702942209210413
4036,23.062251202094185
4037,19.846596793104816
4038,17.165167919744444
4039,15.583682005038343
4040,19.456436700933697
4041,21.508553980163125
4042,14.855255360553901
4043,18.30487303615159
4044,17.136804269213513
4045,21.349366319201792
4046,16.178697777416016
4047,12.02969155855464
4048,11.939750799175219
4049,12.202253956047521
4050,14.025984806782137
4051,13.970607934876211
4052,16.16594764730579
4053,14.886429578073077
4054,13.257601387240975
4055,21.684293426443762
4056,17.466019470709664
4057,12.877941407340805
4058,18.13021029702861
4059,15.493222317778399
4060,24.34146584420411
4061,22.142518421646322
4062,13.65685473531242
4063,13.611952295360938
4064,12.587686229353677
4065,19.62007394037541
4066,17.491260613410763
4067,20.65694744844198
4068,14.279666604513432
4069,14.697429746272316
4070,14.40506629625252
4071,19.972417832362307
4072,16.35567504740445
4073,14.07201077040651
4074,16.445573032731648
4075,13.784020645414241
4076,13.510288506245494
4077,13.385501271397578
4078,19.555288627200742
4079,14.183727858354729
4080,17.61849160706782
4081,16.07222751900163
4082,16.047223777017162
4083,16.739870637581546
4084,14.24591055361379
4085,8.320554674749335
4086,16.863986606581403
4087,12.635947366157353
4088,17.40262110254209
4089,15.139611793424589
4090,10.130152410511092
4091,19.667314295782084
4092,13.326031266368656
4093,17.807896653188266
4094,19.31968297283696
4095,15.583614975316994
4096,18.08685322962293
4097,15.705216796245756
4098,16.893358285517788
4099,15.325432941511437
4100,10.466348693289211
4101,14.598662935411188
4102,15.2618061053638
4103,13.927570728217095
4104,15.935298929740982
4105,15.109565073463123
4106,18.89240012763523
4107,18.25779513126835
4108,14.69674220838298
4109,19.210317770107252
4110,20.62756097913382
4111,13.360367628719578
4112,24.870887282611058
4113,16.950672136005306
4114,9.909866561112931
4115,10.092563282654174
4116,12.630941042400856
4117,15.67741107670192
4118,11.218857126258982
4119,13.283675756907897
4120,14.957538302224652
4121,12.154986753416994
4122,10.977522967484017
4123,16.614741502148966
4124,15.906102296789657
4125,10.82993127420487
4126,20.084843853415126
4127,17.598680426454614
4128,17.709094557019682
4129,15.358899996208695
4130,15.526248817578757
4131,15.672562760633806
4132,13.006626478598887
4133,14.376179966752787
4134,19.437390808495916
4135,17.57872350860055
4136,14.938322248972067
4137,13.241423400637657
4138,16.21191768165515
4139,12.2840016629356
4140,11.655219574014703
4141,16.744233311110428
4142,17.529136761068894
4143,20.651403024835847
4144,12.671640594384115
4145,16.729489552620997
4146,18.376001672333597
4147,17.840700164596747
4148,14.319361457430526
4149,19.635204492961524
4150,12.13813147467238
4151,15.429408183124574
4152,12.794650948157066
4153,20.019440489920285
4154,18.66145134065359
4155,12.605302126833676
4156,12.034249095234797
4157,17.23478776953217
4158,13.528581631516438
4159,10.552614624519451
4160,10.46039025619682
4161,13.708810537414847
4162,13.445938399888458
4163,11.540988844161705
4164,14.667886251069728
4165,15.895557067582622
4166,21.2167787240714
4167,10.046017609411363
4168,12.470603058465429
4169,17.664451521470944
4170,16.479897496440294
4171,13.886954964192274
4172,16.227066761427235
4173,12.75712630582673
4174,12.097685220669806
4175,13.813505959241954
4176,12.00303491868897
4177,19.943611189783823
4178,18.638082222959387
4179,12.499950027603683
4180,14.357889148827402
4181,16.42666193752444
4182,16.983167137651954
4183,14.015022790574493
4184,18.244354333302304
4185,11.588363613723669
4186,23.57304921461279
4187,14.952154455676638
4188,11.26244705596892
4189,16.70494341209804
4190,17.513418795541583
4191,19.395998318427175
4192,10.75294838273241
4193,14.36863001504116
4194,18.11459364219576
4195,14.359903145980368
4196,14.733432458860909
4197,15.309890011485878
4198,11.786279847984229
4199,12.726474745606467
4200,17.446151755668946
4201,15.186896083758649
4202,14.871000602603598
4203,20.388331315661
4204,16.525252711331817
4205,13.101655450475025
4206,15.685753733599196
4207,12.364816417001594
4208,12.781578414883368
4209,11.204432829130953
4210,21.616976623467764
4211,19.744609923462612
4212,16.112216626308026
4213,11.46120972470687
4214,12.95649852627251
4215,13.83002800269679
4216,16.860694293165423
4217,20.35444843936335
4218,17.50635017449199
4219,15.157850242197327
4220,14.365004552338894
4221,19.231347578478704
4222,11.212278064100245
4223,16.226657186221804
4224,20.751184679622934
4225,15.593216402036434
4226,18.31309900136662
4227,14.37323669498622
4228,14.691915904675461
4229,15.759435086703064
4230,18.295505310832034
4231,13.976375497307798
4232,16.072997501968516
4233,17.51350320684694
4234,14.448162278174431
4235,17.181062391127366
4236,12.346834565557545
4237,14.230033265066663
4238,23.116489546932275
4239,15.035115639698947
4240,12.444087392719997
4241,13.872802590264204
4242,12.876074660949019
4243,15.762909993763282
4244,14.63237895017994
4245,15.187917291419339
4246,18.154581054480772
4247,13.931680955475095
4248,17.380456257938224
4249,12.557221465589514
4250,20.994108278859446
4251,16.633385502162522
4252,15.152143125578863
4253,12.008254868769075
4254,19.079098473149795
4255,15.757594630267985
4256,12.415306659451344
4257,20.786471789617107
4258,12.388512702696513
4259,13.134681004754054
4260,15.265355525292842
4261,14.66882008751469
4262,14.19745937510217
4263,17.11583958500411
4264,12.646184479583344
4265,10.82800563667401
4266,17.684549224815527
4267,14.070750232978677
4268,13.670060632420185
4269,18.99951900549106
4270,18.113140477758893
4271,16.326420748820205
4272,21.228354449416003
4273,15.884891004138389
4274,20.24769196348573
4275,13.303523902987079
4276,13.105035334121258
4277,14.018932922232635
4278,15.286211935820619
4279,12.573625993630735
4280,13.536458338027074
4281,14.865467653369889
4282,13.614779789709905
4283,18.83183913231176
4284,14.359766753221768
4285,14.476135118082583
4286,11.433830376647984
4287,12.704436620799685
4288,12.712606605993113
4289,15.421169918558961
4290,17.772653134353373
4291,16.107246795864327
4292,17.283714338882053
4293,14.166655040272124
4294,13.94464529466384
4295,13.484945934644823
4296,20.777209866894527
4297,23.049003786861622
4298,14.561630893184017
4299,18.984298591328585
4300,23.70270980849191
4301,12.50366852751992
4302,11.293868883596888
4303,16.802700800088285
4304,16.699390968135283
4305,14.36841355604107
4306,18.836574748525546
4307,16.954741312546687
4308,15.824883834456195
4309,21.419827812507855
4310,15.705069639429077
4311,14.806288937038202
4312,18.68527369674783
4313,19.868358075324213
4314,16.817678474458557
4315,20.798710585188363
4316,20.22419135502192
4317,12.104054578722408
4318,17.986134004726683
4319,13.90161175106861
4320,15.741545600583656
4321,14.417538009902696
4322,15.707052356839865
4323,20.381850234314182
4324,10.243952422217165
4325,13.013205855087074
4326,12.5049252698735
4327,14.959307558406444
4328,16.870655281181655
4329,16.75557458438999
4330,19.053098876051003
4331,10.065457109953805
4332,17.003961557327106
4333,15.692817721321749
4334,12.537496991212826
4335,17.830886937009613
4336,16.681381673284438
4337,18.011540652065953
4338,21.32024537493755
4339,18.92825569352324
4340,15.701794134846958
4341,13.671999476881382
4342,15.062781017615062
4343,14.352653872907135
4344,15.034519112302492
4345,13.03760744101692
4346,18.92947960672611
4347,16.019952046708394
4348,19.116670374086077
4349,16.47313218943203
4350,15.652523466002895
4351,14.392498939323264
4352,16.81915270046346
4353,12.98699115138293
4354,12.838468491772575
4355,14.161616053413486
4356,13.305404262244068
4357,10.82547929297055
4358,11.709474233548695
4359,15.67044503045867
4360,15.092031609322738
4361,14.42607514224319
4362,19.641206474189538
4363,12.214257783740212
4364,11.851828325873837
4365,17.208590152044017
4366,19.2806326865578
4367,14.943119268491285
4368,15.235569308032469
4369,17.89115433437165
4370,22.749027917411414
4371,15.793175173764237
4372,20.27069739027594
4373,10.82895807259176
4374,16.120498871236737
4375,13.687803011341384
4376,15.975796309553768
4377,22.258837528941687
4378,21.423670967767755
4379,13.505832707451841
4380,12.470721075665052
4381,12.43463490981387
4382,12.324335338721015
4383,17.81141124793636
4384,15.02140370122261
4385,12.076191372048749
4386,11.039495702103608
4387,17.059882959582716
4388,11.894781684488118
4389,18.66139944208028
4390,17.951882228811453
4391,9.170181211868819
4392,16.21059885110437
4393,20.13722549560585
4394,17.196804167451774
4395,20.83041127974162
4396,12.813663229239003
4397,17.249591145539057
4398,13.33500751627723
4399,17.06928955633433
4400,14.95560207246441
4401,21.80082170821606
4402,14.898971947791471
4403,12.557581767258059
4404,13.988445392140544
4405,17.551772359510434
4406,15.857260020054548
4407,18.243757952953267
4408,19.476018739829957
4409,16.73314475375692
4410,25.457962560957533
4411,12.894574906974135
4412,16.975532159635236
4413,18.31717115984297
4414,12.53734758306661
4415,14.865543337268415
4416,11.243633753424968
4417,16.32427433531079
4418,14.935341503807457
4419,11.03576379534176
4420,15.315880955159459
4421,15.28013894346471
4422,11.619068143768251
4423,20.94152999273909
4424,9.158279070799628
4425,20.72399943888087
4426,11.730763534316448
4427,19.190355288245783
4428,14.307652362489346
4429,17.24891580558002
4430,12.471461888832042
4431,15.726125963774718
4432,17.627417109763872
4433,20.667877102455304
4434,16.749465564973985
4435,15.035956374770244
4436,15.578444162362524
4437,22.35803830651966
4438,19.702190529288316
4439,12.890960168587096
4440,14.835318267500517
4441,20.643114730672146
4442,13.979979482262523
4443,13.52903061265677
4444,15.062264532067744
4445,15.587862322922238
4446,14.803853326533048
4447,16.52452399755865
4448,16.950728094087378
4449,16.89972617494934
4450,11.746288939255402
4451,18.409912241160082
4452,12.76333442763845
4453,13.871919722151288
4454,13.83295587915657
4455,14.585629272188005
4456,20.586844764212206
4457,16.376792713790028
4458,13.129067023255447
4459,14.106492278067668
4460,9.704638848114161
4461,11.743901656101311
4462,9.827571867528716
4463,15.32453169068122
4464,13.586332913525341
4465,17.23376628510028
4466,17.83456617629258
4467,20.850019625304807
4468,17.695855221533513
4469,21.334429372199555
4470,14.242267198938988
4471,18.799806340213376
4472,13.032779081968865
4473,18.628734826710446
4474,11.868356883696727
4475,12.621803098169355
4476,15.135914164296677
4477,20.609676454538413
4478,12.261403116733826
4479,10.521751024898562
4480,19.571320781166385
4481,12.669124370804008
4482,12.511632120319744
4483,14.437925984190318
4484,13.251595499667506
4485,11.452292301190093
4486,14.039731069045903
4487,15.048331414732802
4488,16.608155428978982
4489,15.298197799951504
4490,20.095675668836655
4491,21.898155044819326
4492,17.404865415758703
4493,17.89297835747143
4494,14.782670610235188
4495,12.296664311281454
4496,14.082615896227031
4497,13.072274743392542
4498,14.995631685663064
4499,18.27049020513656
4500,13.96831720484767
4501,12.974373628111731
4502,12.361115205799052
4503,12.23761663261799
4504,16.35342019885904
4505,17.140365874777874
4506,20.093753195048706
4507,11.925498416578305
4508,18.592862569158083
4509,16.963480323602436
4510,18.076549546977326
4511,13.356577509467364
4512,18.25502181260314
4513,21.38513107882476
4514,16.634564773743637
4515,11.208462785881865
4516,12.71693444148958
4517,17.632840996096792
4518,18.852754310964887
4519,15.17760174447893
4520,17.273455980420216
4521,14.68671057657687
4522,15.497174591319007
4523,16.993661354352813
4524,18.16759082922328
4525,20.429563350278922
4526,12.994084781933143
4527,23.927223826200358
4528,21.368933656507213
4529,16.523698378376206
4530,15.166269735970513
4531,13.98814643726426
4532,13.127119537992655
4533,21.095328536120824
4534,16.670337437479006
4535,16.700958597497195
4536,11.358619561736996
4537,9.935316297592564
4538,14.957815673317612
4539,21.73909261889498
4540,12.31061491326603
4541,15.09983694326955
4542,19.212621388585163
4543,11.284907093307398
4544,15.83669139933552
4545,14.399960090670216
4546,10.858703969724882
4547,14.519954224233334
4548,16.177955429265083
4549,16.331506133139197
4550,19.779775716637655
4551,17.58641796813613
4552,11.925495764708701
4553,18.26236627209023
4554,16.760938586599988
4555,17.501684657674456
4556,10.647587475047562
4557,12.52771328022427
4558,12.486963912423775
4559,12.867794260959526
4560,19.237213562253135
4561,10.085404920138746
4562,10.782361106692086
4563,15.023627331196316
4564,16.16545037287392
4565,15.409186842617599
4566,18.91401002792787
4567,16.415605039720887
4568,10.069712782200533
4569,13.474559537132926
4570,18.10199953336241
4571,14.02125928605354
4572,15.729116009969067
4573,17.374682748924542
4574,15.858735621719102
4575,12.475082164485361
4576,21.961679588870258
4577,13.177440779192256
4578,13.196871806308735
4579,17.445252121806238
4580,14.483153579069448
4581,16.87749654070426
4582,21.66216400815668
4583,15.05740196143217
4584,10.570802249410715
4585,11.371836097319491
4586,11.798369403393826
4587,10.22199309265402
4588,13.505548764185999
4589,10.844297655343695
4590,10.02186719238875
4591,16.147511196693245
4592,15.91801534462977
4593,18.601341460701956
4594,20.495859545067976
4595,16.726600445176917
4596,15.479244741912927
4597,15.139643131080067
4598,19.064615514809347
4599,17.9062527340244
4600,12.16242966807397
4601,17.789092817584745
4602,15.611923517392079
4603,14.234912466159438
4604,13.573432190430214
4605,16.170500241423913
4606,16.552269381196606
4607,17.263695635086027
4608,18.2642246081742
4609,18.37579872172684
4610,10.252839603048495
4611,13.754750474940359
4612,12.624735451363177
4613,19.405855631093093
4614,11.61441534950004
4615,15.96612284764161
4616,17.12999584990169
4617,13.762283692213124
4618,22.574696548821823
4619,16.893407222150294
4620,21.63829755510131
4621,11.164653664705
4622,16.871130569936746
4623,15.5844595530034
4624,18.90170643951105
4625,12.489458050704751
4626,17.677622922519827
4627,14.987656268334556
4628,19.5148350774303
4629,15.857164792573514
4630,18.03931325787437
4631,15.395072631539286
4632,18.12434049484479
4633,10.346343019322152
4634,17.79910874283595
4635,18.105060976479646
4636,16.757257953468407
4637,11.608272552773236
4638,13.397512237474277
4639,13.541624868646203
4640,17.180632555479754
4641,11.690546466551043
4642,18.470241855300834
4643,14.821575968313464
4644,12.023886243814802
4645,15.378132626607536
4646,8.126873396409358
4647,17.982095270200926
4648,18.890977952286622
4649,14.277540928408076
4650,14.31984531522004
4651,9.803417432016797
4652,11.600168421653175
4653,12.013500209484874
4654,12.767044699873814
4655,15.778846304450008
4656,18.387452694665843
4657,16.55777324166195
4658,10.819838783248093
4659,20.62828636735365
4660,13.495882574671935
4661,12.74574119721692
4662,13.48165942325954
4663,13.689936077331783
4664,15.249176127117202
4665,12.751020700063696
4666,14.86871998322872
4667,12.940332803743122
4668,20.1637767581028
4669,19.30801587283973
4670,12.238482484172623
4671,18.257552474138738
4672,21.661263795811394
4673,13.627254380758991
4674,20.39420695553339
4675,18.52062273653021
4676,16.967821578304758
4677,18.30933486691835
4678,15.599347993848308
4679,8.400853393846328
4680,16.66463995970239
4681,15.862603943953014
4682,17.89466993576337
4683,15.675802326510329
4684,12.872884492576508
4685,13.943222432199416
4686,16.339224353507124
4687,17.730574096523114
4688,18.46646009552314
4689,18.778265958137045
4690,21.05182044392607
4691,10.73132029449631
4692,11.584169774619664
4693,11.757066940686611
4694,14.581788170265435
4695,17.996704820071624
4696,17.081887706638692
4697,16.047181714790547
4698,17.414795253497445
4699,13.321707713471037
4700,11.77518988515274
4701,17.132676242772973
4702,18.8454629127125
4703,13.710746090040553
4704,16.12984886299062
4705,13.83927666640707
4706,9.719634114714541
4707,17.686237540733273
4708,17.770220560004613
4709,13.480478627674103
4710,16.364007636840263
4711,14.79109299333917
4712,15.824193239784396
4713,15.755572761682965
4714,21.565973210002305
4715,12.181650905633479
4716,18.113975289343042
4717,13.740013632376964
4718,15.573900911079168
4719,13.764030279068614
4720,10.40589976030998
4721,14.505955587975093
4722,18.988431110166495
4723,13.851384895309065
4724,17.802508821285446
4725,12.711667408503603
4726,11.291788434465243
4727,15.36606835709021
4728,13.639040110152086
4729,13.113583923946047
4730,15.604690786754023
4731,13.18625362604541
4732,16.88958734982758
4733,21.236429469892908
4734,11.323348941278418
4735,13.413614858310472
4736,17.436921480997785
4737,14.435087428043111
4738,17.54223171998238
4739,21.46785202816626
4740,16.692556430498154
4741,19.534841442281138
4742,17.073148365215555
4743,20.917878251065687
4744,14.319713091283353
4745,21.146294786098505
4746,14.979873682411025
4747,11.003731695760044
4748,13.782465208224112
4749,19.337950649370814
4750,19.874815593922804
4751,12.052312097538762
4752,17.10963616630093
4753,16.7590351759282
4754,13.61947293924653
4755,13.043808186424389
4756,17.78933796500107
4757,18.948267371188837
4758,15.933324097102874
4759,12.240802093632274
4760,12.17478830478563
4761,17.498830516417808
4762,15.054226891135839
4763,16.941346483868433
4764,16.411035725046627
4765,15.918972571218772
4766,16.47881880761158
4767,18.086347507301575
4768,15.372081314059004
4769,12.801866088411986
4770,14.749353558600989
4771,15.940144300624388
4772,13.392830804083648
4773,21.10928955650823
4774,13.2230447303381
4775,22.405006965452596
4776,17.60160228273059
4777,15.631134655489554
4778,15.23609312968491
4779,19.664865497704714
4780,20.370754679593393
4781,14.00801546138524
4782,13.021976942011275
4783,10.161045586672849
4784,12.477456913861621
4785,18.117490422324103
4786,16.570386432846753
4787,14.711870726631126
4788,14.122172830206976
4789,20.027762252150755
4790,9.625958098792635
4791,10.446651725069787
4792,22.139464959164474
4793,14.180507642267933
4794,15.786496851762866
4795,14.713891967950376
4796,13.869824953578888
4797,18.414542767820738
4798,15.436952764826486
4799,17.145496890117492
4800,15.84634603694444
4801,11.391747258410687
4802,15.606541806399369
4803,15.469453333523793
4804,14.837151545151647
4805,21.50056518204315
4806,13.535343320376306
4807,16.524103492000652
4808,18.69597538589532
4809,18.6448035258822
4810,16.398135153448926
4811,13.108146708923817
4812,23.111080113882412
4813,13.330880289224504
4814,23.218672702010167
4815,17.88220326539431
4816,13.970915722816496
4817,14.559367734063356
4818,11.089819784715658
4819,14.586871920188496
4820,17.340298900879187
4821,13.780309549199725
4822,17.62011978496759
4823,14.402582098794682
4824,17.92530371708825
4825,20.44131096371698
4826,9.39572701285237
4827,15.855983491400817
4828,19.263149956698747
4829,17.800420619177316
4830,16.497016440341387
4831,17.125698412502246
4832,15.649773388532664
4833,12.752418443206501
4834,16.47519774647811
4835,19.619603856942778
4836,17.22727453026688
4837,13.366612654083402
4838,11.129705409793843
4839,21.73081915003225
4840,11.214365307446055
4841,19.268373330892956
4842,18.106904495592524
4843,19.8783203373038
4844,13.419186537284952
4845,22.193191925453473
4846,15.454085100260336
4847,14.083701060475427
4848,12.372721329105834
4849,17.72037528408974
4850,19.89511721287206
4851,16.24893354362337
4852,25.252728438759714
4853,17.977620345899624
4854,11.405771534887842
4855,12.343413004386683
4856,10.991559362968307
4857,13.057875275619752
4858,17.66300989149221
4859,18.38671920561279
4860,10.272500514330838
4861,13.459022300704076
4862,17.679992410493632
4863,15.193222473787257
4864,11.533091765718808
4865,15.860753908615184
4866,10.16203927917408
4867,14.104775485182461
4868,13.817791461653993
4869,14.627949659753984
4870,13.788732664556811
4871,23.392073166750155
4872,16.205993433180048
4873,13.857653007857968
4874,16.04993125064163
4875,11.343663873763386
4876,17.814080695516903
4877,12.000849792813234
4878,18.961986162226054
4879,15.951296766298789
4880,18.545456744421966
4881,16.931427167656988
4882,12.975570794326881
4883,14.608235382055309
4884,14.159306319033005
4885,15.7691763522859
4886,18.12107254119205
4887,19.9645735348744
4888,22.521289526572055
4889,12.998817467208523
4890,19.084424962491596
4891,11.871047122629074
4892,16.181911197548803
4893,17.202137079292072
4894,13.799154126007823
4895,15.420791393162963
4896,16.55147698422007
4897,14.235366845959286
4898,13.721034853928714
4899,15.884068888551006
4900,19.664794490410586
4901,20.03056302822695
4902,16.17174575868897
4903,17.388723405664997
4904,12.487240576050107
4905,16.514386654277178
4906,13.375588957807922
4907,15.550891369857125
4908,12.692082208150621
4909,17.21931512882905
4910,17.653708404958845
4911,15.377220055999272
4912,13.249954698089223
4913,11.717338066035717
4914,10.850032834862443
4915,16.239087543922533
4916,15.602943557632454
4917,17.50323676408714
4918,15.239629733186531
4919,16.213459911683394
4920,14.435938208437502
4921,22.41910650429874
4922,17.433221899663437
4923,13.97478125839604
4924,15.941677897315289
4925,12.976429899184172
4926,15.703614133381867
4927,18.03695979088729
4928,14.685682218998991
4929,17.150280668477464
4930,19.596566578730283
4931,15.640488299401344
4932,10.160792312232143
4933,10.915191936164724
4934,15.982058389984608
4935,11.749882898244778
4936,15.561219115161215
4937,13.963092192162812
4938,18.214712117097108
4939,23.274441494106682
4940,25.346778824653796
4941,13.43160610432512
4942,14.242900756168444
4943,16.508395415081413
4944,17.922590203933847
4945,14.411863147084441
4946,12.094455989970134
4947,13.218378648538616
4948,18.44447603019866
4949,12.139256116142453
4950,17.002066953316223
4951,21.298925545445016
4952,15.052973827934096
4953,26.320570339216907
4954,15.557699677671955
4955,15.749947518516
4956,11.957291487719528
4957,16.132609327963312
4958,19.6146460767344
4959,11.89919946073729
4960,18.273637058185408
4961,18.990484524026037
4962,16.390732934858196
4963,19.362036566504756
4964,12.373062776036248
4965,15.430757021516715
4966,16.193192587476585
4967,20.30146163452723
4968,21.36159839708054
4969,15.84062717081301
4970,17.296851437076892
4971,11.46518841617523
4972,19.42620650235021
4973,11.684044354421953
4974,12.34363533943752
4975,15.237052840960734
4976,17.285846744987726
4977,10.204257521167467
4978,17.422435082114863
4979,18.534887631724203
4980,17.46727813264309
4981,20.12704095849055
4982,21.11571183137694
4983,18.467474922063722
4984,17.001506571976652
4985,13.775402348505178
4986,16.251985715004277
4987,11.570167587232524
4988,16.27139430279084
4989,11.024830061290512
4990,14.702758823382464
4991,13.190196039012497
4992,12.344241674494207
4993,21.375599495484273
4994,16.81100337023993
4995,19.148317232899956
4996,16.8084314782638
4997,14.450016028813632
4998,10.101909435770741
4999,14.047053814265107
5000,22.52398769418021
5001,17.179674013267938
5002,12.153555390975399
5003,10.777634655724404
5004,20.454566886286237
5005,14.95607941569722
5006,21.076258478394436
5007,19.216337264678273
5008,14.218089397171795
5009,12.676300854244568
5010,11.246547395472152
5011,18.20120132664987
5012,14.511211682133766
5013,19.684569290607374
5014,16.879716554168912
5015,18.23586657131614
5016,18.297683626759515
5017,15.27813665804409
5018,15.04898344572789
5019,15.67378072168249
5020,15.32191121622029
5021,14.850943712418935
5022,16.50767749993898
5023,16.54141758833016
5024,15.918494513214172
5025,13.906147628305876
5026,15.4628197713991
5027,22.86683625252961
5028,13.248602221382363
5029,16.586743017327592
5030,10.784635812017159
5031,15.787516026472066
5032,12.57266378416703
5033,15.824217760313628
5034,9.847975587948534
5035,20.2905359451734
5036,18.971327746734985
5037,12.655729429229833
5038,12.94258362019466
5039,10.667640900079585
5040,14.134821396890308
5041,24.219422670334595
5042,11.514342870223462
5043,11.122697132583076
5044,15.733172084438575
5045,11.083815126010576
5046,12.998820199051892
5047,19.334265896815424
5048,13.467277298187934
5049,18.47266755316252
5050,11.969234783397487
5051,16.863772814491714
5052,16.541629008277045
5053,15.529108644341271
5054,18.321765159719646
5055,19.991191503391686
5056,14.53526070177498
5057,14.979480605337136
5058,13.826273269416832
5059,15.712051892881954
5060,14.002911193372512
5061,15.53280542269879
5062,13.32225021894346
5063,14.718398405434757
5064,11.639168182006117
5065,14.68499983895116
5066,17.1146271085763
5067,18.67108387104187
5068,12.627118045884847
5069,15.777334893559122
5070,18.209937009999607
5071,17.050933179702163
5072,19.109930883573593
5073,17.148060647873717
5074,12.353108030797017
5075,11.19817834944433
5076,18.824750427702575
5077,12.20384595110026
5078,13.969603523285963
5079,14.739117069643989
5080,12.49472379916392
5081,12.482656430256753
5082,13.324120615516673
5083,16.990360082937674
5084,12.252677290900413
5085,18.340883730992875
5086,13.535475571415388
5087,17.553839192086325
5088,18.26424693269371
5089,14.554688941647626
5090,10.98740095787725
5091,21.02149440179594
5092,11.716345143935811
5093,16.782656956115698
5094,13.643965010692336
5095,14.796725321163889
5096,13.835961042353613
5097,20.99053133181009
5098,13.448843328370012
5099,12.629180095363308
5100,18.369835999382882
5101,19.55327025160028
5102,16.58744532896186
5103,13.965201162567611
5104,14.67168904508967
5105,12.627787876049927
5106,14.401366246743498
5107,19.102637411458637
5108,9.078856944843665
5109,13.18858121764847
5110,20.8425724644024
5111,20.01034959348631
5112,13.80366876646163
5113,11.9710286420258
5114,13.624712892153227
5115,18.84904139988063
5116,12.821054751351694
5117,22.606072917055553
5118,18.812297693097054
5119,11.891228707526937
5120,19.58644401484804
5121,14.449627777414586
5122,15.453863630716288
5123,16.937755137267363
5124,21.532946967651178
5125,21.543296032637063
5126,15.02127259222911
5127,14.094361945868226
5128,16.760069499242597
5129,22.9885305036373
5130,17.758487674546274
5131,16.010306814715666
5132,18.936473583501098
5133,15.255977568729154
5134,10.50116561471875
5135,16.897931885136803
5136,17.36042566203864
5137,18.442077405401275
5138,14.238807268558649
5139,22.049003501453186
5140,14.43694947785382
5141,15.215488223210423
5142,9.126621608247968
5143,17.14415803790647
5144,14.980914436873707
5145,11.094473395550459
5146,18.439699873062814
5147,14.832289285158959
5148,13.772055997220763
5149,18.42198161236114
5150,19.88055187149426
5151,14.683201262679777
5152,14.538122982197141
5153,14.597555194577986
5154,12.078138798670993
5155,15.972766728597913
5156,15.010036939488893
5157,13.684437096472898
5158,19.88451328972038
5159,19.813475559547012
5160,12.533684171620328
5161,15.952150910681084
5162,25.29614544618764
5163,16.488823297650583
5164,11.677463250771766
5165,16.835200474604676
5166,21.257110848693024
5167,11.439528758176504
5168,11.684164626978239
5169,17.48473641759667
5170,17.690808526041174
5171,12.50942871855074
5172,13.870135678457022
5173,11.406125160667207
5174,12.692219942045346
5175,13.669919863069548
5176,18.56461328104394
5177,17.635364880508494
5178,12.768717659749262
5179,20.166273226391993
5180,12.03294474551594
5181,12.292805860713289
5182,17.384424719008063
5183,14.21756453813216
5184,18.52467221297784
5185,17.60114752360588
5186,12.890231156353202
5187,14.493756840266242
5188,19.544901232193673
5189,15.969927313386929
5190,18.109462306380625
5191,16.54504924081193
5192,11.794543164595993
5193,14.195428195678218
5194,13.528804424163875
5195,20.433316034205767
5196,18.512533414342286
5197,14.63261697779238
5198,14.157597937808461
5199,14.37798674516787
5200,13.42540685130791
5201,17.701984069897332
5202,17.115467472420207
5203,18.960307651226127
5204,10.882077332588366
5205,18.97303547619157
5206,13.965737740592958
5207,15.930457323269795
5208,12.679626117278755
5209,12.42781198002688
5210,11.26784875656291
5211,21.201066084535064
5212,16.707629279968707
5213,15.022389354250926
5214,14.255033131590837
5215,16.905205564159495
5216,11.840586819934972
5217,19.81507182991641
5218,15.043565372596584
5219,16.33107418609013
5220,12.554947400872168
5221,21.48202450511374
5222,21.42258131360273
5223,24.008765704050706
5224,20.762379263540108
5225,19.30135732972419
5226,13.519185353330702
5227,14.615133374945799
5228,14.94719086407591
5229,15.74031514479676
5230,13.439297217307416
5231,16.770898900097407
5232,23.98164691849847
5233,19.727818495221165
5234,9.916778727263285
5235,20.87083771488291
5236,19.738679003034562
5237,20.659568198167793
5238,12.377013389811859
5239,19.760181995054946
5240,10.582717390932233
5241,19.244520565738277
5242,12.47574230231068
5243,14.40020788205741
5244,15.056701140105334
5245,15.667945472698559
5246,15.035428581649601
5247,14.361674150734775
5248,21.545446458376365
5249,14.092997996749272
5250,17.8864160232223
5251,16.158220249011322
5252,17.558960673230125
5253,8.805451826027515
5254,12.478813770627063
5255,14.695982013178705
5256,13.977985379605766
5257,16.97777554652761
5258,15.034178579280285
5259,14.429328659729677
5260,14.986277117795542
5261,21.08916279376549
5262,9.404205580148119
5263,19.22759921230395
5264,14.923885816378228
5265,20.602540433722865
5266,15.593889546329756
5267,11.198197368080669
5268,17.368501665749037
5269,14.196196042553892
5270,11.679861171699223
5271,14.92100525548956
5272,15.80705992406817
5273,18.532064201504923
5274,14.412477370120714
5275,14.752982386967128
5276,16.038931834953914
5277,11.596515948187799
5278,10.693666792248674
5279,11.51817564447322
5280,13.075791683890394
5281,12.641958603265717
5282,12.458925859420127
5283,10.988609951071062
5284,14.664464306522852
5285,10.400852325764598
5286,14.2173077411838
5287,14.230633081723392
5288,12.409550183887406
5289,14.0600813633776
5290,20.48868549862073
5291,23.50998552577958
5292,11.089927273915135
5293,13.192393969725467
5294,16.794892334352884
5295,17.485728250434647
5296,12.419615079660929
5297,9.948133703404064
5298,15.999606043005068
5299,14.64646322735767
5300,15.628701855156955
5301,14.734025378668418
5302,10.72688285601253
5303,14.444353356480336
5304,18.876777919398087
5305,10.935173783733125
5306,16.795414993622554
5307,15.450908750178298
5308,20.74319062086972
5309,16.314644015509902
5310,13.05231366571712
5311,18.12512186168011
5312,14.441299021837152
5313,12.936035790558556
5314,13.006628768867204
5315,16.545548244271764
5316,15.677009402762387
5317,12.92103377016715
5318,15.91185045892376
5319,17.430163234410138
5320,10.279422743179119
5321,16.902664190327442
5322,12.32375723400677
5323,16.920884336318544
5324,11.869780881524305
5325,17.259780419412024
5326,21.309066156751324
5327,18.577855519176573
5328,19.286392408478143
5329,14.888010557833997
5330,17.411050402530112
5331,18.805806962691236
5332,20.817093655724154
5333,17.36002017595607
5334,15.020940738391095
5335,16.10925352731466
5336,15.99248473259249
5337,10.101116125413983
5338,14.631310374479867
5339,12.564646131510742
5340,14.46947951575596
5341,12.088897711348682
5342,14.918231925460935
5343,17.656809284053658
5344,17.947873062956404
5345,18.276823562882544
5346,12.94036930891221
5347,17.505981386233294
5348,20.58375144513332
5349,13.410822521378359
5350,16.036688204545925
5351,18.80297340266197
5352,13.907530182417304
5353,19.170710720844195
5354,13.794833559966397
5355,13.943042236495717
5356,15.0694792529239
5357,21.878979949495886
5358,9.626169315350856
5359,11.100105842646188
5360,17.239698262178145
5361,16.552358824523566
5362,13.781321261762223
5363,12.318098244074086
5364,15.527510819878538
5365,11.680290124510401
5366,17.310898622639368
5367,13.52093007717958
5368,17.686740098824703
5369,14.04896837322674
5370,18.280583682711804
5371,12.78477741410283
5372,17.496807995872317
5373,14.918395866535457
5374,17.242867049916537
5375,16.615538478837916
5376,16.807247371913324
5377,14.912661668311886
5378,11.884472898845177
5379,24.53524125833394
5380,11.885866783351432
5381,13.5313592190631
5382,15.966707102053327
5383,23.08579750204694
5384,19.509172673689513
5385,16.10181079058934
5386,10.218260745435165
5387,22.769948255972995
5388,19.683041808306186
5389,13.657913650480644
5390,21.517054023846082
5391,17.81480479392016
5392,14.149322910517233
5393,16.036606446901
5394,10.660979660947461
5395,22.608754578097255
5396,12.93621794727666
5397,16.475866293349824
5398,14.083184536924929
5399,18.718044356867637
5400,13.098475828188809
5401,18.91313096435981
5402,16.324777061190073
5403,15.43372701116793
5404,17.64330468678848
5405,20.241622421788133
5406,15.586917740487904
5407,14.336407599544986
5408,18.767015767482487
5409,16.370446694320457
5410,14.06807645168632
5411,15.996191536818833
5412,15.631771150381265
5413,12.526608988709217
5414,12.736673495482252
5415,21.764974761747908
5416,20.51378128183521
5417,17.247487134836536
5418,13.569428978965131
5419,9.594432756095928
5420,18.53526666175966
5421,14.487317762439012
5422,16.966704129675016
5423,24.035793626384695
5424,14.508199830188378
5425,20.011811712339917
5426,15.563593441421752
5427,17.408810488799823
5428,14.166376923830395
5429,16.137253713720707
5430,17.63451343560183
5431,22.733457086308956
5432,12.43596862388207
5433,16.046824537564632
5434,15.888400071429405
5435,12.810704058954032
5436,14.539601650466912
5437,14.263785541226389
5438,18.21721664658948
5439,9.912797145638708
5440,18.915499572510512
5441,16.204719326598756
5442,17.762582770040115
5443,13.773480493377042
5444,11.864265226427777
5445,15.508446905892832
5446,13.896123557455887
5447,16.05649001950186
5448,16.960955460607845
5449,14.469565683480276
5450,21.585256331424283
5451,17.26973754210587
5452,17.27877482573848
5453,18.15838841378093
5454,15.594160451971394
5455,17.00015651098294
5456,18.94913447099403
5457,16.391286438573626
5458,13.161814619457273
5459,15.225494625004973
5460,14.843808400651879
5461,14.583959665847885
5462,11.25978167218758
5463,19.20727467472391
5464,20.515861980789158
5465,21.087623700177343
5466,11.746348270042374
5467,11.872023743425627
5468,16.136289381466398
5469,14.42979233878982
5470,18.391099662487722
5471,13.062300052090468
5472,18.263068440858504
5473,13.839693788322174
5474,15.01294600347021
5475,19.69403393193158
5476,16.039980839006866
5477,15.629022638614519
5478,19.339050833803736
5479,19.956364234736675
5480,17.63751018233792
5481,18.425582477461887
5482,19.888232680973864
5483,12.948809464766889
5484,12.009101386475143
5485,18.4011777026488
5486,12.220652533218729
5487,12.23481394758028
5488,19.12276001265298
5489,14.530026872738803
5490,18.657359618878225
5491,12.00511299708137
5492,17.66907067467229
5493,16.69798073300734
5494,17.638420004258805
5495,10.40558466663984
5496,17.359179553493533
5497,20.807771219689542
5498,11.006758698538551
5499,11.434035804682706
5500,21.416108351124166
5501,17.87092665121286
5502,13.69435944367116
5503,12.13611744436249
5504,15.425112919609349
5505,13.526344728372688
5506,17.183170027364472
5507,16.596253509513442
5508,13.78484191355775
5509,19.621741574618465
5510,16.54561567972281
5511,18.968585260647266
5512,16.70265774492445
5513,14.886931331409054
5514,12.369315166899916
5515,15.688983061449466
5516,16.9729215669638
5517,23.11017382045962
5518,14.203292618668362
5519,11.164667769143625
5520,18.671188963353586
5521,16.11833012828679
5522,18.412148637535324
5523,15.992574529290925
5524,11.986905397679557
5525,21.516743827014697
5526,12.501215214244292
5527,17.810725786240674
5528,15.515836118089505
5529,20.055961646796163
5530,13.00033675916364
5531,17.12203458290825
5532,22.76006145324764
5533,18.761934492024228
5534,19.08350643878343
5535,19.902531974872232
5536,17.509781734386785
5537,16.523031404653317
5538,17.326181013192826
5539,14.674895514177111
5540,12.941771253562065
5541,12.859870830042919
5542,18.813957738768508
5543,11.110960684143187
5544,15.650640362124637
5545,14.7061252938389
5546,16.360334051092103
5547,15.696461039022472
5548,15.088107768308808
5549,10.618186827465502
5550,21.73003682157578
5551,11.065795084347316
5552,16.760566382984827
5553,13.132386987935867
5554,16.707544818081978
5555,14.099364387941595
5556,14.35583674866065
5557,12.459158110787413
5558,15.437667668985855
5559,18.04001960680475
5560,13.009590055142054
5561,10.567332739506542
5562,16.352194673982055
5563,18.41905429672572
5564,15.083126405426572
5565,14.552509651878573
5566,14.84696960105379
5567,13.022468929906816
5568,14.629781192326387
5569,15.581226679745722
5570,10.204272995176547
5571,14.709406655652993
5572,12.983607930641718
5573,20.00851175838477
5574,19.464220119292186
5575,21.97498028380893
5576,16.983310060170734
5577,17.91985616628222
5578,19.31051917363075
5579,17.200235162377812
5580,16.080854763387215
5581,18.01282312195402
5582,17.132328392403984
5583,13.869734541609313
5584,18.2546612813576
5585,14.90852152907327
5586,16.916130949209297
5587,19.496015314309453
5588,14.90263220431144
5589,16.07235691069282
5590,14.476526315667874
5591,13.359861258169676
5592,16.60089128765943
5593,13.0337562503817
5594,12.326263606862371
5595,15.349617051502157
5596,11.152993091300294
5597,11.52482000401376
5598,17.6463265790806
5599,16.474149054212678
5600,17.265353613160592
5601,16.742918257875363
5602,13.60298830893984
5603,16.30355732315429
5604,19.956019814603536
5605,15.656136887982953
5606,16.668602491134553
5607,18.34224189391509
5608,20.823175634759416
5609,14.69821819340743
5610,17.693430971797238
5611,21.3574210223067
5612,15.421331140139243
5613,14.766015329734625
5614,11.189152562676304
5615,14.547580374498876
5616,20.087806491256227
5617,12.656297257826552
5618,15.475227280383955
5619,11.254765415967377
5620,9.915683848020038
5621,16.06091868342842
5622,24.407233753495127
5623,15.700532874163585
5624,15.751341340558213
5625,14.690720379711816
5626,16.248138815202807
5627,15.093342250571718
5628,12.512939456885263
5629,16.132291044972938
5630,14.446745653872632
5631,12.811444268898647
5632,13.001152975798869
5633,13.341975214737204
5634,16.131645540711155
5635,17.5416792332999
5636,12.429977805954785
5637,17.367410370603288
5638,11.944393535733752
5639,10.81909533893499
5640,17.112426169759907
5641,10.14093470395419
5642,19.787126813674842
5643,19.89832979557489
5644,13.752055220886046
5645,19.5624151923821
5646,14.795527649231099
5647,11.415217500868508
5648,23.07410997797371
5649,15.985527666664742
5650,14.32135114850487
5651,11.81811521522836
5652,11.76302533008946
5653,17.95393950595795
5654,9.077461479325706
5655,15.339123907403545
5656,10.108223764615321
5657,16.328475242510816
5658,17.987655353057846
5659,24.061509320290433
5660,17.816877936156107
5661,16.905530560701827
5662,15.316805588679994
5663,15.741830723192697
5664,15.141004409991883
5665,21.979166423841956
5666,20.769077712491946
5667,12.326921574438593
5668,13.639550871865168
5669,16.68529160638975
5670,17.816561832097317
5671,18.913974880975292
5672,16.83355679808405
5673,18.870637959569166
5674,13.124419667221561
5675,11.128141351544505
5676,14.090810253011202
5677,19.673841445793208
5678,14.019046889072737
5679,16.00614088848118
5680,16.28191085552247
5681,15.310546551278968
5682,12.107865310480072
5683,15.005420886976463
5684,18.12561594245141
5685,11.31290099403272
5686,15.104430641129127
5687,17.418158168131345
5688,15.391985809112386
5689,22.811787832506788
5690,13.897435670556954
5691,18.17843475282317
5692,16.85405947386804
5693,13.47176874063401
5694,17.850040628593387
5695,17.17310205402982
5696,16.436696155616026
5697,17.16330090243295
5698,17.61263940524357
5699,12.643764108527717
5700,15.110065476015762
5701,17.25752582851742
5702,12.144569311670166
5703,16.086328816547518
5704,17.839239633798034
5705,11.325449586308068
5706,16.41117512999281
5707,10.022090854543633
5708,17.230534966510028
5709,16.85708747915231
5710,15.81130879764056
5711,19.150975875399606
5712,16.16391481813485
5713,14.330205140338409
5714,13.339101580181806
5715,19.04608718497075
5716,14.47282134831428
5717,13.373702001633449
5718,19.897157659596488
5719,12.398136247072808
5720,16.17616663746974
5721,15.957187998864214
5722,22.077636701253518
5723,15.577798104288837
5724,15.533941682552047
5725,13.595393210269469
5726,13.969031589495422
5727,14.382318169190233
5728,11.69758529281649
5729,16.90583047737685
5730,12.204422112867842
5731,11.920690623639116
5732,17.020280643951285
5733,14.150435267054991
5734,11.19124404326547
5735,18.913445158081352
5736,17.07531097399945
5737,12.339849350313019
5738,17.267295627962238
5739,15.712720403472046
5740,16.579987965608638
5741,12.494775230191792
5742,14.18684661293003
5743,20.756480289772764
5744,11.080196931195408
5745,18.93075071191495
5746,13.079573949305402
5747,16.03455429322389
5748,21.208379140017865
5749,11.12462451856843
5750,13.905440592894323
5751,18.151556306592955
5752,14.340916878542286
5753,14.690139678639806
5754,14.410422835130815
5755,16.873458006002384
5756,14.35271421551418
5757,15.627533738525814
5758,14.487161007510052
5759,17.38481714612076
5760,13.220704965446057
5761,14.991010728174885
5762,17.803258647797694
5763,10.820586141390088
5764,13.399554949668204
5765,18.106900411247366
5766,12.695796058393519
5767,15.835419757734709
5768,18.65924355323831
5769,16.257826414551193
5770,13.267947677502718
5771,18.657220453943463
5772,21.290122129258148
5773,18.336672913850055
5774,15.47233212108565
5775,15.512487259458196
5776,18.130019052040844
5777,9.818008935715113
5778,12.881230814392984
5779,17.668938540118127
5780,15.035178003665337
5781,12.071803091614978
5782,19.661190657493986
5783,14.510620948999785
5784,13.985486970094605
5785,13.745620153439814
5786,20.171382293567323
5787,18.47917698447853
5788,15.943921839187821
5789,10.575919839475207
5790,16.02207012549726
5791,11.874689408506239
5792,13.630081585025227
5793,14.282386560817264
5794,10.743185377922115
5795,11.794318010423112
5796,14.47126810457428
5797,18.94139317539665
5798,13.618453432268502
5799,17.866963827250235
5800,16.898091926905742
5801,12.254568248479192
5802,18.616484688963823
5803,16.27284295483174
5804,16.294165506508477
5805,17.960039010655272
5806,10.97137656011313
5807,14.822193613430455
5808,18.60946206972182
5809,14.455723610175648
5810,11.304099026093228
5811,11.428592264782013
5812,12.028797019717462
5813,16.67045231079503
5814,19.156938799870698
5815,17.762010628491378
5816,23.03025375296281
5817,18.798086410843272
5818,15.07986446005749
5819,16.712987054337514
5820,15.040164766833447
5821,22.91166890778777
5822,13.675362298266545
5823,19.696320860716785
5824,12.755829079084192
5825,13.102898172880689
5826,10.0215618689327
5827,15.659280261054615
5828,18.44563830778207
5829,11.25377319885976
5830,18.702194228100083
5831,12.518554593451068
5832,12.160194526609379
5833,12.251783150213821
5834,14.869639961104024
5835,18.96200095479495
5836,10.482467034247959
5837,12.936685072316475
5838,14.837263794223977
5839,15.99773639376616
5840,12.843961286191645
5841,12.227622147004757
5842,13.262509403821314
5843,12.27369511196391
5844,13.46502418260924
5845,12.92263330435611
5846,15.61524848043998
5847,16.624149601654672
5848,14.752945458403339
5849,9.870905346607357
5850,20.730196023733406
5851,18.377443402651902
5852,22.032760857058683
5853,17.704615503857376
5854,21.868247673743475
5855,12.182177411607485
5856,13.530435706227639
5857,17.973019712520482
5858,19.954494483571786
5859,22.661816693411517
5860,20.458671313050587
5861,14.764119271203686
5862,21.75742148497637
5863,13.50539716482872
5864,19.3472183654445
5865,16.34020442714136
5866,11.40580826423994
5867,12.137549608163528
5868,12.845542596077186
5869,12.794569227394947
5870,10.029070981030905
5871,15.321770068956665
5872,16.91344667544705
5873,15.190439873978447
5874,18.875463845376004
5875,13.31833058754275
5876,10.426222420869687
5877,15.03557209268756
5878,17.50659135414607
5879,20.110187285154556
5880,14.952117046168228
5881,17.695832568114167
5882,13.582817443714072
5883,13.033226546086626
5884,17.987688518227408
5885,9.10699659339306
5886,19.760778567228147
5887,12.166322376718348
5888,18.407688602067477
5889,14.200736609484043
5890,12.463854468353714
5891,13.710041305420033
5892,18.107989480722132
5893,16.36525854733054
5894,15.618419168981202
5895,11.843579193585017
5896,12.855589696020642
5897,15.16675154903655
5898,16.637038428380258
5899,15.702526310118724
5900,17.160691512576314
5901,16.31938794805451
5902,19.78741840075214
5903,21.33038705240865
5904,18.25600886741054
5905,11.66236837896632
5906,16.30830560268657
5907,13.909079919177326
5908,18.13474933880568
5909,15.556984563060425
5910,13.526729464371654
5911,16.136246836340366
5912,14.733402344900547
5913,10.685206727668739
5914,13.604411928169396
5915,21.11838359602626
5916,15.962426670145588
5917,17.20503148427875
5918,11.597399954281306
5919,16.900285959520932
5920,13.409442559894396
5921,12.927158486321044
5922,16.961688366587694
5923,18.17455033101911
5924,17.045575730457767
5925,15.126174656157621
5926,16.45930701168682
5927,14.934202428099296
5928,10.934968661703092
5929,13.882357177086961
5930,14.671253401230231
5931,18.02653369133318
5932,14.472111981413484
5933,19.792302393025828
5934,17.083862022376625
5935,16.009303424162443
5936,21.67654467036268
5937,15.18829322874342
5938,16.14832329926686
5939,18.585823531068232
5940,20.163736384994618
5941,19.559260196616712
5942,19.629455463913647
5943,16.028205004483297
5944,13.330849796049593
5945,18.895492697445043
5946,16.18787311914369
5947,19.849584862836807
5948,17.07526844761502
5949,15.678700225013815
5950,11.69552220336371
5951,16.808282646599153
5952,19.45773646663169
5953,13.359282154892739
5954,15.463586937422548
5955,16.687424595490757
5956,20.49121812191117
5957,14.037023399150781
5958,12.785107820887784
5959,16.47883361464881
5960,11.763046884336982
5961,16.330151743248578
5962,15.913506025003468
5963,10.878921087285375
5964,13.234546768696509
5965,20.63442609264821
5966,12.064359796852616
5967,22.658026515913395
5968,9.022429158843746
5969,15.810547633565283
5970,14.069902282603596
5971,20.376936357802602
5972,20.079103524325053
5973,13.853735455779626
5974,21.143916857571455
5975,15.322091181122529
5976,13.842604297946115
5977,13.504044634007693
5978,11.947874086656826
5979,11.522803347283611
5980,15.987033615286128
5981,12.394329750891153
5982,16.60983740722496
5983,17.244733712953366
5984,14.44574096005846
5985,22.027462738240498
5986,10.850873640766068
5987,10.18640885681194
5988,11.543687611935663
5989,16.272590936823082
5990,12.511735099784023
5991,18.980556191550132
5992,9.551662994651538
5993,16.810311935763707
5994,17.230313469114
5995,16.302495457314485
5996,20.308266410070367
5997,13.766220703757142
5998,8.966343750662203
5999,21.045580626636056
6000,20.74371255354882
6001,18.313196111151573
6002,16.672825211948215
6003,20.25395407292923
6004,14.166371961785512
6005,17.030991865377192
6006,21.87835208393244
6007,17.14840071016443
6008,16.874712984704015
6009,21.23495776584216
6010,15.577811747130907
6011,12.338562339558692
6012,10.509275619667873
6013,12.723606398869075
6014,13.606377240629877
6015,14.969203144976493
6016,14.473868162023663
6017,11.407334198639607
6018,15.462451067549111
6019,15.851003140353901
6020,12.514288435762062
6021,19.547353669573717
6022,10.550803486990755
6023,16.89400444256337
6024,14.108051772081074
6025,15.529580310359348
6026,12.053121202376033
6027,12.968940959665229
6028,13.923678933811173
6029,11.148880357234281
6030,13.435752175941376
6031,17.962550539739297
6032,16.19356994049134
6033,14.167778846240987
6034,10.29285072636386
6035,19.692513661344837
6036,15.93115757979046
6037,12.796414003491444
6038,12.586910031439805
6039,17.781234858814706
6040,15.884760848325515
6041,20.55351903699235
6042,18.321667328694765
6043,20.221211349923102
6044,9.806372541471747
6045,19.11504906017605
6046,15.693239454675041
6047,12.511581278522486
6048,13.87886463174014
6049,16.461342298860913
6050,16.303231103270587
6051,14.73100097839367
6052,16.82401254256161
6053,15.287703333790814
6054,11.266788045747845
6055,10.778232363156375
6056,17.584141122717487
6057,11.726356136181508
6058,17.054377002010355
6059,16.054613439064795
6060,21.922819405435725
6061,15.814439150952156
6062,10.853283131939428
6063,16.412090623092674
6064,15.333306219034002
6065,12.50269123416474
6066,15.243091553139651
6067,12.870860880893504
6068,16.973359667595314
6069,17.142641517729448
6070,10.809302138175017
6071,15.432592201005153
6072,18.11658277107091
6073,18.80073855436475
6074,18.638719070623836
6075,20.451762212496682
6076,16.454646495791565
6077,17.93346203076227
6078,13.472744869850526
6079,16.584945475488205
6080,18.25552246469805
6081,16.534947368853032
6082,17.281030416133078
6083,18.17758389724153
6084,16.638288820808423
6085,17.79242192758711
6086,15.86274008892449
6087,10.239445664697634
6088,16.57055670829228
6089,18.383544155529478
6090,11.726705139274886
6091,18.48474286315099
6092,15.304392986263425
6093,11.015835355838936
6094,13.617539545576463
6095,18.111940617705343
6096,13.208041093905546
6097,15.238600763904223
6098,15.9597648924388
6099,11.290575364351332
6100,18.414642511659082
6101,12.334449139976558
6102,17.15115405047847
6103,16.990515574059582
6104,14.050161175715457
6105,15.502984537090475
6106,15.53571759944461
6107,9.110703850890804
6108,18.423310194163033
6109,17.127729885077365
6110,18.43985479515506
6111,19.590873935483515
6112,13.544652936455398
6113,18.81344077143967
6114,12.604417825348262
6115,20.953914338943026
6116,9.297170404025886
6117,21.594452662847594
6118,13.938208710892226
6119,18.224788286384506
6120,19.08959755348907
6121,18.732532091743693
6122,18.125570264296744
6123,14.60060034871446
6124,17.494268703327513
6125,9.748315864438254
6126,13.657121793320773
6127,13.327328956737151
6128,21.255031752535004
6129,14.608373947501013
6130,19.384332001870348
6131,13.40633383859981
6132,10.032105086374134
6133,13.400394523497525
6134,17.682622447458527
6135,14.568047358516973
6136,15.442058029743432
6137,12.047656058487739
6138,13.187674811570139
6139,14.292447713002222
6140,16.72173757829909
6141,11.208848201565326
6142,17.587214172578445
6143,15.106875462938234
6144,19.045880032423096
6145,11.78501229715602
6146,9.549114335204104
6147,15.455737843443766
6148,14.556667515975292
6149,15.617322726402707
6150,18.013987679343334
6151,20.75563798814417
6152,20.114759026862295
6153,12.836307891122345
6154,15.228439368175627
6155,15.749469616003122
6156,15.91922918398793
6157,11.806415415535865
6158,17.327090913351785
6159,13.227067932058729
6160,17.336138019664464
6161,13.875029234890002
6162,14.643328091838288
6163,15.83714253596999
6164,17.333561253152975
6165,16.133859325949665
6166,20.31867859834789
6167,15.182913637975174
6168,11.060797074710226
6169,16.69785892041959
6170,15.14227126982613
6171,17.078270766441154
6172,16.160960882551148
6173,18.353441034385366
6174,17.460675578707914
6175,23.63546389405944
6176,18.292745476927244
6177,11.866780183227423
6178,18.053657010945113
6179,9.807657416147046
6180,18.230608222388582
6181,17.500627202497807
6182,13.674818916507418
6183,16.854042993842647
6184,15.369076094929014
6185,16.444766394527786
6186,14.176342001664548
6187,20.90271349689521
6188,11.957548169811325
6189,11.513947205264884
6190,17.775372908882005
6191,14.293044451345995
6192,12.611002524339023
6193,11.97828806851847
6194,22.39862827534308
6195,21.754105072301183
6196,14.725096327192555
6197,19.87903348377795
6198,12.28427311502316
6199,15.927712603745883
6200,18.526500031909322
6201,19.58443344353169
6202,20.659821984035318
6203,15.508780144098228
6204,15.185646724995756
6205,21.054334445999206
6206,13.790725958942097
6207,15.254766707879455
6208,14.996197280946806
6209,13.478281063843248
6210,13.07229904185582
6211,14.440267506113143
6212,15.851707005248903
6213,10.809692410837917
6214,14.982598586326649
6215,13.516596561444787
6216,18.68780144582069
6217,17.582856388835047
6218,16.448690063537683
6219,16.1191592017599
6220,20.378729811385533
6221,19.51846804321057
6222,18.29059700735386
6223,15.552182496731424
6224,12.152982817889988
6225,20.502894451619603
6226,15.157859124720114
6227,14.223206098400649
6228,20.202272655267244
6229,16.105188724964886
6230,16.57359550690725
6231,16.801619041965285
6232,19.594767504679155
6233,12.442335487450153
6234,12.975670062809773
6235,12.857522532612595
6236,23.39035759678354
6237,21.313260067414742
6238,19.277455679859198
6239,14.38824530895795
6240,15.55833985258593
6241,11.701353612269063
6242,17.425880517266545
6243,14.016032272545642
6244,16.232301518422396
6245,14.374234024395028
6246,13.950089050057903
6247,20.060504347892916
6248,22.377915791591107
6249,17.212934009692972
6250,17.40903000138172
6251,14.392876254653455
6252,16.195639623366723
6253,13.550878085846012
6254,9.32225175839114
6255,15.167254501715792
6256,16.214452104000706
6257,16.09774785858888
6258,17.356061244489613
6259,11.470099839882952
6260,15.666780807945845
6261,12.874917490652892
6262,13.745145235843061
6263,15.430886257348591
6264,18.478541221253174
6265,17.873287085206766
6266,17.585847041822344
6267,11.652923318000246
6268,20.68265918482648
6269,16.857665025513143
6270,21.432929528264523
6271,14.6629835573439
6272,19.63771586138456
6273,13.01453021696776
6274,13.257910950750631
6275,17.947216351448674
6276,21.031671841654692
6277,16.452012348298446
6278,19.16486657200905
6279,15.340601277270723
6280,14.893543072686803
6281,17.19031028584863
6282,13.559054626487786
6283,16.395776870139436
6284,11.416570757357887
6285,10.671814413326475
6286,19.16248072914825
6287,13.457609863976815
6288,17.99402841666624
6289,12.763142643328516
6290,12.614004165009257
6291,20.56966027562119
6292,17.87395346010097
6293,18.317736956831567
6294,19.848411534462134
6295,20.570841435243402
6296,14.518173733409713
6297,10.525498658059416
6298,13.923853816511059
6299,19.481600655154523
6300,15.445324080515237
6301,16.552102279509334
6302,12.211757844649275
6303,13.672477091610437
6304,11.61624688643853
6305,10.788757227271145
6306,18.299988392693987
6307,20.77252426304996
6308,14.261018900694614
6309,13.776345312696163
6310,22.575198334504343
6311,23.958391156572254
6312,14.032836902277232
6313,15.046604282454178
6314,15.191772227930738
6315,16.38908896002476
6316,20.597301599344288
6317,18.56285949523265
6318,13.133906195973221
6319,16.870278301694903
6320,15.637184240578739
6321,10.805751490018167
6322,15.11060731665328
6323,10.342037497300845
6324,10.320570316269782
6325,22.267630256984354
6326,23.1494990498715
6327,17.853712536715694
6328,12.665415841115912
6329,18.145946519656434
6330,16.46972521693646
6331,17.11523368501751
6332,15.932503127071012
6333,12.18391642605491
6334,11.612700028147145
6335,12.279701603478609
6336,14.274216087878589
6337,14.178732079461419
6338,11.97452037915162
6339,18.004274074682623
6340,19.65303776782894
6341,16.121514657034
6342,16.691915537075488
6343,10.978170130025017
6344,15.747530177228409
6345,16.161089442899613
6346,15.679143189879968
6347,15.46766756505666
6348,15.674825719299708
6349,13.0269525953387
6350,14.549086740946658
6351,16.13204965463603
6352,14.627819736203678
6353,17.590936848438957
6354,12.652059403640529
6355,18.414225012598422
6356,14.440211920367311
6357,16.365097990535443
6358,14.628968726376737
6359,11.83346610570165
6360,16.21287529979532
6361,15.899336128446334
6362,14.734466037097953
6363,18.000727872652366
6364,19.7382404238293
6365,10.014248287479209
6366,13.646983361022382
6367,10.983875550528596
6368,12.554728788136337
6369,16.02849557391254
6370,19.766926576289684
6371,11.063338450732392
6372,18.276315704978334
6373,17.894509976992104
6374,14.946284485592184
6375,13.114628601716204
6376,16.620822422633168
6377,17.54289246129914
6378,14.192236349458435
6379,19.428257622393613
6380,16.547745375817716
6381,12.800308860464327
6382,15.140715410871112
6383,14.305798116027491
6384,10.945035654874
6385,19.918458532555153
6386,15.5817303258203
6387,13.365466758849703
6388,11.919798775802002
6389,15.649717084134245
6390,11.03745539256705
6391,13.026573258554828
6392,15.225089184556603
6393,12.390966127703923
6394,10.316207803931826
6395,15.090272681640455
6396,14.464291875704493
6397,11.023545309246234
6398,14.676713164114094
6399,17.07029357528446
6400,16.549310814104743
6401,20.149225027388393
6402,12.717307972357405
6403,15.213757383017862
6404,14.527015646436142
6405,15.283669836773223
6406,21.1964573345267
6407,17.987754045920962
6408,20.090499507951115
6409,14.724911800092379
6410,19.336505979797412
6411,18.452268138047337
6412,14.368856795065456
6413,14.122012376489312
6414,18.06487722425939
6415,11.792432970761924
6416,11.739995345558357
6417,14.842538643442513
6418,12.626811962278337
6419,15.25110656347233
6420,16.206612549893766
6421,15.933927070053976
6422,14.6661127173552
6423,11.104392881776333
6424,12.836800581733735
6425,17.245317031957992
6426,19.043934145465016
6427,18.45924190972859
6428,17.091635554666485
6429,14.827096369864863
6430,15.592456154111579
6431,23.698893800993204
6432,18.824977584498914
6433,18.892006754692826
6434,14.833930656918362
6435,18.080634212267046
6436,13.334152938533341
6437,18.018267944794687
6438,15.021986919164313
6439,16.77515506494859
6440,13.794108946738891
6441,20.018853369899514
6442,16.166227118682556
6443,18.963231097611768
6444,17.99845004867231
6445,13.214451959739556
6446,16.81754490054388
6447,13.173801857862397
6448,20.13236357016951
6449,19.959089508745212
6450,14.943909969629027
6451,11.348742114747223
6452,21.527339076188017
6453,19.347769954088402
6454,12.254115750093115
6455,14.63183454004531
6456,15.223059358516272
6457,14.526628221252908
6458,19.748077594890443
6459,20.795127330394905
6460,13.155721782736087
6461,12.67844647111909
6462,11.459003180309647
6463,18.687776788315176
6464,15.339506059198076
6465,16.73928417178597
6466,17.660370421212317
6467,19.23669478255384
6468,18.93743067882372
6469,24.283800190511883
6470,16.34653028253826
6471,15.655496505899048
6472,17.270967254228715
6473,13.548466114490715
6474,12.90357233931904
6475,18.27667506414991
6476,13.453573872848018
6477,12.772728705933574
6478,13.552048992774798
6479,16.838567083109368
6480,13.279374829897577
6481,15.129464505431905
6482,13.49230900932828
6483,11.804983500279466
6484,19.444565437855204
6485,18.37525740171061
6486,9.494981731143302
6487,19.06856603481359
6488,13.702512670478159
6489,16.918934325760038
6490,15.69727142709314
6491,15.907483215929002
6492,13.034709965211338
6493,11.60528100597539
6494,13.384833646245573
6495,20.686781440015345
6496,20.13131636419807
6497,17.051463111273126
6498,18.989033284946565
6499,14.35615757482287
6500,18.309650597917837
6501,15.80020878570695
6502,16.601886479989336
6503,13.110071401459622
6504,12.176343224186741
6505,13.44939988204041
6506,10.081317785307224
6507,21.04955336991265
6508,14.185440238217424
6509,18.054996865630905
6510,21.819985643111984
6511,13.346028373375415
6512,14.700780954204458
6513,17.824457518741294
6514,13.627206143575158
6515,13.532121528440443
6516,21.217446135298175
6517,13.645213930281207
6518,16.766849840697894
6519,18.686111596040057
6520,19.06479739535967
6521,14.645287269118896
6522,17.392939247051267
6523,16.688135929058195
6524,14.61103088989225
6525,12.930994495310973
6526,14.236951542867573
6527,16.89634390385362
6528,14.851755062458409
6529,15.184609013384538
6530,10.700135439647616
6531,16.269855640762035
6532,14.38331718727991
6533,20.123620934499414
6534,13.793823069098481
6535,17.097183667418435
6536,19.438677174525086
6537,11.552465682255669
6538,13.091296145418724
6539,15.973437001388268
6540,12.953427305863883
6541,17.051312040597907
6542,13.416816432888114
6543,12.381738492638249
6544,17.272624773416428
6545,16.39130377276965
6546,23.424613775045227
6547,17.183898036719608
6548,18.6479877032662
6549,17.9982985629097
6550,24.048380759846733
6551,13.031160171737618
6552,15.065121826155703
6553,12.450978619812487
6554,18.252874881873073
6555,15.143479184650785
6556,25.088870743408233
6557,13.947364835116435
6558,15.58508945186573
6559,16.870488829010668
6560,13.543040406286144
6561,20.29400606142322
6562,14.742893743499577
6563,16.17208590977481
6564,13.330772112773257
6565,15.361026411540577
6566,14.414057359115718
6567,10.251255456282305
6568,17.235014295847634
6569,11.497137712779594
6570,14.924222504197587
6571,12.44433970365103
6572,16.35810783672166
6573,19.20922889190032
6574,14.16780422104723
6575,14.121280822315857
6576,11.97373335800863
6577,12.271360481658846
6578,14.773183063053363
6579,23.10808541907778
6580,18.69934942314913
6581,17.745754941376262
6582,19.421919728324273
6583,15.51303628598675
6584,16.995224915495683
6585,13.615235566703308
6586,10.813718164954134
6587,14.960649555301787
6588,14.47127721459336
6589,12.270787699734012
6590,14.339344000339898
6591,12.948338752860172
6592,12.804658068497725
6593,14.690777743962611
6594,14.480975537859921
6595,19.298409397266195
6596,16.340025376972903
6597,11.615823873595746
6598,15.317782571157316
6599,12.81280437013673
6600,11.19840246468956
6601,21.753947772890978
6602,16.287006303012785
6603,15.258691060678666
6604,17.98346701925089
6605,12.549583233451468
6606,19.53311306278593
6607,16.214357360541715
6608,20.9903543565402
6609,14.55749456649405
6610,14.283983140626031
6611,18.715739654958703
6612,18.612283999671845
6613,13.991187262764033
6614,14.908656974372324
6615,12.51241779659717
6616,16.536795337202946
6617,11.774980424108463
6618,19.826322785502636
6619,16.491833295697074
6620,10.274317250272023
6621,14.413426720545104
6622,9.78916549549835
6623,14.919079362071614
6624,12.698216441994097
6625,16.465831050921228
6626,17.781332635635064
6627,12.136082981382787
6628,14.872377037499138
6629,12.300615059741805
6630,16.385712923746173
6631,20.256588581881413
6632,13.200263810672926
6633,16.102850415883797
6634,22.638834147222767
6635,19.445964129702162
6636,21.5649922588893
6637,15.571844530642622
6638,11.890998764626781
6639,17.659824756016885
6640,12.705906533126296
6641,17.10221994725205
6642,15.571736464931858
6643,17.474590022018525
6644,9.46246170724428
6645,19.70844868531106
6646,13.487238557324511
6647,12.036419025120793
6648,17.565344521193094
6649,16.839520269354562
6650,10.650361101220385
6651,18.561999817246004
6652,10.912009983970533
6653,16.864885143199707
6654,12.356414018564903
6655,12.687152787636373
6656,11.2474567596663
6657,18.826779129990417
6658,18.016858775543493
6659,17.946045445013297
6660,10.150396304482236
6661,12.488587540480154
6662,15.530589862811357
6663,12.178111232707812
6664,20.661552445205558
6665,12.889082378190029
6666,10.046582548098668
6667,16.806115782009492
6668,16.782143786882802
6669,10.813543572104644
6670,14.497427663444402
6671,15.269260982639475
6672,12.623468086618882
6673,17.04733332521935
6674,9.766987315962586
6675,17.916969907071362
6676,13.88676572044861
6677,20.290024516055965
6678,14.508896167601344
6679,18.82588891480765
6680,18.639768047609778
6681,16.94240737502083
6682,15.119680071552127
6683,18.28782855483467
6684,17.51181416401445
6685,17.31612549141867
6686,9.827560768305146
6687,14.257080024338514
6688,19.19558668501655
6689,12.471854315025661
6690,19.42536543148809
6691,17.007130872719213
6692,15.106461525750813
6693,16.520304526314973
6694,14.393123080806888
6695,10.762447449688187
6696,13.722857790820607
6697,14.352637235550558
6698,12.693545976562406
6699,18.32210857842564
6700,8.632965464091898
6701,19.67690469870196
6702,12.006991101603575
6703,19.49833132661882
6704,17.18727701676941
6705,15.369064874184945
6706,14.229195701582196
6707,17.52894479598979
6708,11.973140623924882
6709,19.917326443862102
6710,16.60021751284212
6711,15.108715301484551
6712,18.27458079096023
6713,18.60735312756453
6714,17.254277193373635
6715,14.330803110725942
6716,13.135047891077173
6717,14.219451141327472
6718,20.219909739658043
6719,19.06012352414176
6720,21.969683966860902
6721,21.88619690374649
6722,18.797211358895176
6723,17.714287152691544
6724,17.49362384732839
6725,17.049423805618947
6726,18.135446566068
6727,18.93581913347016
6728,18.670434022137673
6729,20.382748227045578
6730,17.393128336604285
6731,20.181408925008117
6732,14.781321468833237
6733,18.191824001823313
6734,13.04825977599806
6735,16.45737810756745
6736,15.47290098827079
6737,21.755507716599187
6738,17.37771633251831
6739,14.473418951594848
6740,15.452925612660861
6741,21.795789642132085
6742,14.978859112587523
6743,15.529525883767585
6744,16.836129002209447
6745,19.95856867138927
6746,10.921927281401288
6747,19.09534822992892
6748,14.20778239225589
6749,13.251143460215502
6750,15.393203630254794
6751,16.530260699256594
6752,20.915471596544236
6753,13.32753460485659
6754,13.619919966089158
6755,16.83843866923926
6756,16.87871940914063
6757,18.675141851540797
6758,23.177188201338264
6759,18.49068701645081
6760,12.450593284156621
6761,13.687934594237092
6762,17.936272015505644
6763,22.521800740291415
6764,18.97424091352397
6765,19.92665157965154
6766,13.846303812810012
6767,12.646435608599019
6768,14.800814171720173
6769,16.103563664523296
6770,15.378242654959298
6771,14.048206847553105
6772,16.325600259696742
6773,11.066295897233642
6774,18.641111449079055
6775,21.879751218494874
6776,12.032032194768023
6777,11.367746110945111
6778,10.880216751551421
6779,23.618724076344677
6780,15.464624065991467
6781,14.672345754161897
6782,11.357387581514185
6783,14.133847298137914
6784,12.058268174410646
6785,15.76485829689697
6786,16.826646168094964
6787,15.869518789227957
6788,14.473888012890574
6789,15.316183533778077
6790,16.45503621761688
6791,16.898201772052765
6792,16.561225605232575
6793,11.679076793981826
6794,18.15821392275461
6795,15.767301887308125
6796,13.962277634986037
6797,18.73478629993064
6798,16.001518442567324
6799,17.718236538735574
6800,15.17053406735969
6801,13.425072772749601
6802,19.12058153908996
6803,11.606364817183554
6804,22.045959925810337
6805,12.379238835990455
6806,13.182941082846602
6807,20.4714819095351
6808,14.995369500258521
6809,20.902897932949223
6810,11.259838880407633
6811,18.811659245458824
6812,16.26480378084833
6813,21.121952807308407
6814,16.10389138343962
6815,15.969099336278807
6816,17.11442098138633
6817,15.092829975465168
6818,9.86136008252241
6819,13.304621443537771
6820,18.584418791080726
6821,10.562513401211156
6822,16.738356190479156
6823,14.091229136648208
6824,17.402140373817666
6825,18.31944940965563
6826,14.419014583101857
6827,20.543665440103243
6828,18.828723020940537
6829,9.998049111991
6830,17.782628423086315
6831,17.349833850737607
6832,20.372830327178963
6833,12.55549940068289
6834,12.091976607453605
6835,20.920554689093482
6836,13.146216341213599
6837,19.93179312906595
6838,21.371660605328742
6839,18.416957239960894
6840,12.326856881791791
6841,14.0435002409541
6842,9.535901652181055
6843,12.466354815732593
6844,11.85495226488525
6845,12.403875317613062
6846,13.737928899419883
6847,21.057283943947528
6848,15.128740648050645
6849,13.365413276308772
6850,15.924976726390293
6851,19.990595938816806
6852,16.65739986104264
6853,12.86410722705916
6854,11.826135660533492
6855,14.403366719599658
6856,12.994348578457938
6857,14.506090923218625
6858,15.380781941537053
6859,18.45519223768054
6860,17.599730424729273
6861,14.676163565829755
6862,20.880324625776773
6863,15.305882710331037
6864,11.203517097428621
6865,15.405586292154371
6866,15.416417547958277
6867,19.44334476240066
6868,17.400672335455088
6869,16.370821349176804
6870,15.277751646906795
6871,11.728262619218311
6872,13.663923960915904
6873,12.366782248963368
6874,22.37890525615322
6875,17.445805593611876
6876,11.446267198258855
6877,15.071038773608237
6878,13.231120462586388
6879,16.09696457405488
6880,11.54973432147371
6881,15.24838970878729
6882,17.985544867364386
6883,13.91578816761202
6884,11.15172079753743
6885,14.811902144699598
6886,10.771281297267581
6887,20.586561073627692
6888,17.43767915057809
6889,21.50230201539794
6890,20.151871970555295
6891,16.821463326166096
6892,13.852303443316353
6893,12.28621994199948
6894,10.221413085839474
6895,17.438003124934824
6896,16.39608787945472
6897,17.493521721056723
6898,14.20057342316983
6899,12.476738795656988
6900,9.582067727804326
6901,19.49390791494709
6902,16.120744119103016
6903,13.267650323161279
6904,19.908525689593535
6905,17.225592561850394
6906,13.746796407496296
6907,18.433683132306232
6908,15.21281308969199
6909,16.54489060787337
6910,15.893616036438045
6911,11.249746345152449
6912,14.894803399899393
6913,16.67541362455224
6914,15.604063058354148
6915,17.176432473884205
6916,13.58541994308066
6917,13.827575309205812
6918,21.670159805944216
6919,15.97609302736578
6920,14.808580031279572
6921,12.973605861941586
6922,16.936438202213136
6923,18.42921767856512
6924,14.063614007035175
6925,17.48413455490444
6926,17.657619323308328
6927,15.864887475707862
6928,13.850528582030666
6929,16.537773096458537
6930,20.01707914818113
6931,12.141760441089744
6932,13.209476127815474
6933,16.001491879102588
6934,19.359849144262657
6935,20.8268321056509
6936,17.006459682812693
6937,16.67457798260372
6938,16.23975723357729
6939,12.397231878161906
6940,20.14785220088806
6941,17.720110971239553
6942,17.381480157407587
6943,13.840050445229199
6944,19.587523769320537
6945,17.275079054540946
6946,18.612073336541922
6947,15.594739693949766
6948,9.507930094278285
6949,18.28058223250813
6950,18.2642531221309
6951,14.143697522648782
6952,16.80968513889874
6953,18.220817902237762
6954,11.401969331727624
6955,17.021883183487756
6956,16.536717484152696
6957,15.295286461487029
6958,15.037340543964703
6959,15.092796166200065
6960,13.171259063945357
6961,18.21609523208065
6962,14.299361294677572
6963,15.337340954885649
6964,16.52211412852733
6965,17.92522859271
6966,15.318848434176017
6967,13.141044728275881
6968,14.198350830388216
6969,13.820715516319124
6970,16.47243855824187
6971,16.11490016265363
6972,19.975483263945133
6973,13.157087031837507
6974,17.333185749126752
6975,18.036606127923054
6976,10.64872974907283
6977,13.690036358947957
6978,13.993314135194106
6979,11.651085792924677
6980,12.882364759158532
6981,20.248065457379035
6982,16.371870580299593
6983,13.115917546050627
6984,11.910657973558031
6985,16.008550656669456
6986,10.354464165825314
6987,19.85578224619623
6988,8.284304633288112
6989,11.86148483155484
6990,17.7445297285116
6991,12.709444475530823
6992,15.97427258183281
6993,21.895330003449157
6994,12.876643583526663
6995,19.18015357987668
6996,15.279274163102155
6997,16.67101248874521
6998,18.87037792643488
6999,12.467692337478756
7000,13.593424761283174
7001,16.886473448178695
7002,12.251002107164428
7003,11.827538799030506
7004,18.87421993286483
7005,12.674829872474033
7006,19.849536877840936
7007,13.950511697153264
7008,15.638331386647664
7009,21.661292985394685
7010,19.46571584782184
7011,13.716879342605862
7012,18.97584725874203
7013,22.32850463729012
7014,15.457618100511725
7015,14.861605258461527
7016,16.286407911316452
7017,18.95733412963106
7018,17.75501095699603
7019,16.26313850153942
7020,17.520158333143506
7021,15.64796735340727
7022,21.048700654982074
7023,17.93252237791945
7024,12.918935974665592
7025,17.622381281200195
7026,20.06641546889353
7027,11.868259131380636
7028,18.05022583409659
7029,17.527614936718276
7030,17.12820239064283
7031,15.27813855654246
7032,12.38424065506035
7033,16.18503042975678
7034,15.548291142716451
7035,17.006525768831594
7036,14.756720482869529
7037,10.329171431377365
7038,22.194975118751827
7039,15.759415650639188
7040,11.000243715347606
7041,19.449876327756115
7042,14.9295884074476
7043,13.788973333246314
7044,17.569330524029386
7045,12.967633171945423
7046,13.479675508419229
7047,18.11007693289942
7048,13.862437810944563
7049,11.957197443304974
7050,11.951490077745968
7051,11.690827100840858
7052,14.084316526524459
7053,11.431427453595294
7054,16.070514517691848
7055,23.31914462883808
7056,19.597876123757466
7057,18.753791266551787
7058,12.262366607363814
7059,12.308495686731769
7060,17.425511005317507
7061,16.407440420021924
7062,12.664381703388923
7063,13.192685987909334
7064,16.014021852030364
7065,13.413905303789587
7066,13.735179747084242
7067,12.882320951981294
7068,16.432335814054248
7069,10.753890560715794
7070,20.314445419829287
7071,13.601728705690256
7072,13.060333574514836
7073,13.811258143280334
7074,10.616472382626853
7075,11.606633574062304
7076,10.49043950790098
7077,19.71305119508211
7078,17.184938968593524
7079,15.042727423526948
7080,16.791523211167842
7081,19.758787059616257
7082,21.542377693701734
7083,12.049993353603474
7084,11.324299190756262
7085,20.534289637028323
7086,20.66949162230055
7087,18.14831284144749
7088,17.941228666988327
7089,17.21881062003198
7090,17.36188788314637
7091,24.150645252171273
7092,17.008617578235192
7093,18.955952918744508
7094,9.30657269614197
7095,12.02871688997329
7096,18.159813354744422
7097,10.813381047978398
7098,15.612039443549254
7099,18.550433862780732
7100,16.79736055036921
7101,16.528566209140685
7102,18.642694535239173
7103,10.64460342060904
7104,14.263713078913662
7105,14.811961662092157
7106,23.9168010365945
7107,24.02682155068064
7108,8.135935151852514
7109,12.515634485829203
7110,9.514598322649885
7111,16.347483651363113
7112,21.05933626875352
7113,14.92956897892069
7114,14.412613126462745
7115,14.937317583536265
7116,10.331558218794836
7117,9.64692815777434
7118,19.406309356981378
7119,22.056675073521212
7120,11.06333092203628
7121,13.530934216316368
7122,15.292601781453033
7123,12.897228421884364
7124,16.863998087264452
7125,16.729671452330024
7126,19.1758637361547
7127,14.056723315203882
7128,12.1925135527481
7129,13.182246802162693
7130,20.63467018849403
7131,12.763462177710279
7132,16.50160986932607
7133,13.580919854536619
7134,10.301828206343007
7135,10.650885901109378
7136,13.285404500371413
7137,17.220939773895292
7138,15.757988543266588
7139,20.538178037231404
7140,19.19701655307096
7141,23.060713871583783
7142,11.92875513908899
7143,15.46883575167088
7144,19.61347619756119
7145,10.306168993330747
7146,14.66583793890262
7147,11.922036629759893
7148,12.762871059050209
7149,10.146401495987776
7150,9.133300222206431
7151,18.206457907666284
7152,15.981418773561414
7153,12.865866892141627
7154,19.843237886716256
7155,9.023437157970434
7156,17.96698469333061
7157,13.855785263703986
7158,19.256621758295733
7159,14.921268473988626
7160,11.984602394955859
7161,10.686552633901309
7162,12.2621985427299
7163,15.682653259113069
7164,15.666477736421449
7165,15.677441410412053
7166,14.225239751516344
7167,13.539548076980154
7168,14.075640793088581
7169,17.108946601655013
7170,22.3695261822652
7171,11.917389770689795
7172,16.56113381651784
7173,18.448239726570584
7174,12.017221097050582
7175,17.962040117578617
7176,15.990975793926365
7177,14.305818374154576
7178,13.852684523148852
7179,21.58487129992991
7180,11.4633281945608
7181,11.536152681869604
7182,18.60740291921016
7183,15.486158314013164
7184,13.496325771758494
7185,16.560447390173472
7186,16.485495556421917
7187,12.796795762813895
7188,11.6233548584043
7189,18.026986280769364
7190,14.502498200864753
7191,15.189595323636206
7192,19.64449684368554
7193,12.043387940681807
7194,13.04129762704541
7195,11.598675838677016
7196,14.500335910592582
7197,23.049020651403694
7198,11.331483000397782
7199,17.870858522487055
7200,20.560005878718908
7201,16.761941794045075
7202,15.826882082229522
7203,17.83972141872715
7204,12.649059799036356
7205,20.311406288762925
7206,12.690829889437035
7207,11.751704289931746
7208,11.177177541288481
7209,23.837322938787928
7210,14.684462329560247
7211,14.747456697062598
7212,18.06580846866173
7213,14.525525978372887
7214,10.27948819102966
7215,14.208706260697197
7216,17.308765851920437
7217,13.67701151237751
7218,16.133690073464717
7219,14.906752002321824
7220,20.832079005542397
7221,14.693870788013564
7222,11.329201938922
7223,11.397449114866781
7224,10.78487477173839
7225,13.874811608203329
7226,15.07106296838553
7227,13.339888348935592
7228,12.378695423491402
7229,18.932074160398493
7230,17.08821128803929
7231,17.02204156792885
7232,18.060441879839846
7233,13.957372384098884
7234,13.155624171310157
7235,20.35099768218955
7236,15.863052404260344
7237,18.352996808058283
7238,13.808841998386532
7239,15.821126863087985
7240,16.480691505474518
7241,11.022350401540029
7242,12.371884652651948
7243,9.874468494609099
7244,14.299525017491488
7245,15.413125354529841
7246,12.887755329698605
7247,14.183876774308327
7248,16.160322751108232
7249,15.921432692977293
7250,12.642955163536275
7251,23.012979728751894
7252,15.561981461388365
7253,15.797987932565604
7254,17.766184595898835
7255,15.563204353466627
7256,18.76636968261087
7257,15.031901516223364
7258,16.694822000770777
7259,16.581552960529926
7260,21.37818246192158
7261,11.656165447920113
7262,14.825610919558441
7263,17.279600207501847
7264,11.775035870054314
7265,14.524591499098657
7266,17.30975937070527
7267,15.552541022279458
7268,12.529535491165232
7269,15.788181237099835
7270,14.156007998562096
7271,15.281976345592007
7272,11.88267118517532
7273,11.552421446884079
7274,14.947076412567963
7275,13.892897854967709
7276,16.449662482877557
7277,12.903540367795765
7278,17.02906949806451
7279,21.46309860721998
7280,15.376899253308261
7281,16.318280708937305
7282,12.601734055664265
7283,12.867703010484764
7284,17.177584171511846
7285,15.698787199365444
7286,12.575433306264005
7287,12.858360846596147
7288,16.666972250788717
7289,14.423951445796776
7290,16.88614483289582
7291,17.36591092529375
7292,17.46303165611383
7293,15.570481903117752
7294,16.646690206738086
7295,13.432620308236146
7296,17.580007765326798
7297,15.85659644260191
7298,14.75930365243985
7299,19.501114903581353
7300,14.576017146891415
7301,19.816782073321832
7302,22.286646321455258
7303,12.702975346989357
7304,15.41958409719557
7305,13.679363441558358
7306,14.148119962518596
7307,19.0816439837109
7308,13.495025713073701
7309,14.147262395597297
7310,14.586049923347641
7311,17.422435371431842
7312,18.616735857855044
7313,16.757180080661115
7314,15.44541499824853
7315,14.104884506825021
7316,16.542328691067542
7317,16.955813040799722
7318,17.168830285201626
7319,17.331984376149123
7320,16.366794254297336
7321,17.68066493481607
7322,12.49859824032849
7323,14.02166201045641
7324,18.14624171731966
7325,17.962634364410455
7326,18.28883574938428
7327,21.12169300729829
7328,13.77117901147072
7329,14.118459928106695
7330,14.523132732560862
7331,13.782234139651584
7332,15.721137941493136
7333,15.684345226219023
7334,13.573737989539008
7335,15.241152211210977
7336,16.619848544011926
7337,12.876553652656598
7338,15.133852932463745
7339,21.21788570887793
7340,16.28346320546608
7341,17.51911920808349
7342,14.350988304758282
7343,11.969466391986902
7344,19.360671609708607
7345,12.008817289335463
7346,19.082924322360157
7347,17.41196210963405
7348,23.29738013626575
7349,15.404863879636812
7350,14.224103456585063
7351,9.84958218985469
7352,15.29018465320751
7353,12.543498102480719
7354,14.96243009389542
7355,13.684801394499939
7356,17.079588189568444
7357,15.870447808701222
7358,14.08922239294023
7359,19.401691561475612
7360,11.001201079166721
7361,9.994849131554984
7362,17.028056169976182
7363,18.40502777752151
7364,10.717715917501497
7365,13.130604962417015
7366,22.12575610381841
7367,19.447657887655264
7368,16.22779891684799
7369,14.96001489246608
7370,13.203647570364803
7371,16.809903577954003
7372,17.301654892083373
7373,11.427608853881123
7374,14.66960898004278
7375,10.94132368388272
7376,11.697576580284109
7377,15.377183092272912
7378,12.755497099837333
7379,15.568146628267213
7380,17.03949235261358
7381,14.87651372216826
7382,22.07869892575196
7383,17.560583550501473
7384,21.769956093818845
7385,17.40963720984402
7386,14.520300557613513
7387,15.495806423766098
7388,12.720344006738753
7389,14.713669021506702
7390,17.024321439448645
7391,21.943310295740353
7392,12.3780236445856
7393,17.809143993326227
7394,16.041537790064684
7395,20.382811554070237
7396,13.830308640672376
7397,16.862979488121283
7398,14.527066120752714
7399,15.122947857520408
7400,14.238245209906133
7401,14.971183636037496
7402,13.793682567386101
7403,25.429138772444418
7404,15.492252239135796
7405,12.987755322718089
7406,12.914811922857696
7407,9.434371296349681
7408,11.441224668386862
7409,14.004606246136532
7410,16.3487629744478
7411,16.721323300532383
7412,16.363066333134242
7413,15.532341531224253
7414,17.757619492125002
7415,9.63348339512179
7416,18.583922694864203
7417,14.740709053959295
7418,13.250205374721547
7419,20.882181440171447
7420,13.076533575665207
7421,10.240802138255514
7422,14.066668588329795
7423,13.204117189169914
7424,14.386117494031366
7425,21.844811391161095
7426,17.130677161232697
7427,19.57424782627214
7428,13.189950499554364
7429,15.27463500003055
7430,17.257810449892734
7431,18.445344694975216
7432,14.855104049851558
7433,19.768536626726906
7434,15.564400121235076
7435,14.526627325395673
7436,12.153253599348588
7437,17.198019499854222
7438,16.87326339214512
7439,14.337933135085658
7440,16.465369309446388
7441,13.849169565472241
7442,21.143067801071236
7443,19.27936606319255
7444,18.60671167698142
7445,11.153999519203662
7446,15.967727387342775
7447,13.091366835571813
7448,14.578343035853882
7449,14.32862718511222
7450,15.114670919090896
7451,16.638022615924235
7452,13.253298095101686
7453,10.34310300259833
7454,13.36929664814674
7455,16.40888900219267
7456,15.339948381396194
7457,18.503557321975627
7458,12.611463005344284
7459,20.33355684597198
7460,14.264533539258721
7461,14.365391434863598
7462,16.193856909629265
7463,10.461886984763854
7464,14.346109772968449
7465,11.980246868675884
7466,18.91132735420346
7467,18.457870761529122
7468,10.79119074112348
7469,14.800154495434239
7470,18.134566210672464
7471,19.00340446228187
7472,11.2774941435577
7473,12.487156868448588
7474,22.52496274620659
7475,14.31983347714868
7476,10.878587341596358
7477,14.707250748443169
7478,13.132394690553694
7479,13.649603035172182
7480,13.506885658267313
7481,21.32443893482368
7482,16.65579299495426
7483,11.575241984368185
7484,11.962373919592268
7485,10.453341356501138
7486,16.116095427781215
7487,13.046451502930882
7488,14.434225820075412
7489,12.52207858092931
7490,12.73186842958403
7491,17.090721612057667
7492,12.311220164993852
7493,22.647684610639253
7494,16.75924501780255
7495,17.355947502470126
7496,14.453348105618835
7497,19.509038159668783
7498,15.24355992942501
7499,14.607475233867316
7500,19.020953271189814
7501,13.129523688826296
7502,13.763683841852641
7503,23.15467597211408
7504,10.07937390025207
7505,14.741281206415758
7506,13.8007825454158
7507,9.0506316876324
7508,21.11843670977167
7509,18.99048300290256
7510,13.356250353610504
7511,16.418636968649764
7512,18.868172694234428
7513,16.048328920677815
7514,19.242511044625676
7515,10.911817967111617
7516,15.403504634644417
7517,16.342847469731062
7518,13.308029217123472
7519,10.780122941945518
7520,13.452040404825555
7521,12.440570721888454
7522,10.610657029416462
7523,15.97499570524247
7524,12.261330611248022
7525,15.295188750132539
7526,15.724749641913865
7527,11.493018171394956
7528,11.240640502797339
7529,13.115121992460493
7530,11.473523383709368
7531,16.79417037191962
7532,17.524035706471643
7533,13.745007421793783
7534,11.531150498995315
7535,12.758244656514842
7536,10.698766976847478
7537,18.742471489792173
7538,14.156936320337584
7539,15.418250098484352
7540,12.358567781547041
7541,12.787931657991146
7542,16.738510112912344
7543,15.364681619478365
7544,16.915439782432028
7545,10.396177211603645
7546,11.889862441563587
7547,14.038948750275756
7548,17.033009529082566
7549,17.974261871445
7550,21.10178455528203
7551,13.738410936403168
7552,13.174077962351676
7553,16.246023250638526
7554,14.302808107076517
7555,17.860343387500752
7556,11.45951039262736
7557,13.45671356166683
7558,15.235345988133304
7559,16.606233639846664
7560,13.071262977545636
7561,18.083048032610083
7562,19.12750948627498
7563,10.694682687065894
7564,15.001635122308919
7565,13.125366872140022
7566,13.907894803335402
7567,13.550987260690142
7568,12.649441124771792
7569,13.704325788710692
7570,17.664047737423715
7571,13.878185908008417
7572,12.743539626133431
7573,14.327091634778505
7574,10.788826114101088
7575,18.146676190349776
7576,19.911528875679565
7577,14.649010046472164
7578,17.706184696607185
7579,13.630299789603919
7580,18.304291514054217
7581,17.937487949805885
7582,16.870818842064168
7583,17.089688681513113
7584,17.6454790250149
7585,13.816526145782872
7586,12.466135993520009
7587,12.590786805019224
7588,17.91505960661562
7589,21.5160762940723
7590,11.7624331707592
7591,21.234165706474062
7592,18.344908881520936
7593,18.556883286450223
7594,11.528658671321617
7595,18.006603378208947
7596,19.642000383285986
7597,18.002768919527426
7598,12.766345958613083
7599,17.033846325646383
7600,11.041512863940737
7601,17.04401447553392
7602,16.39298930956712
7603,12.611402219486116
7604,14.815797391561087
7605,11.057878869897953
7606,14.332227148247366
7607,12.353773928026692
7608,14.477771161857412
7609,12.176086146826767
7610,12.044324251230732
7611,16.789742720569336
7612,19.157260229915266
7613,15.29380564981686
7614,24.246601406097337
7615,20.468906222771306
7616,13.298302479502118
7617,17.832230885571605
7618,13.519724595698763
7619,18.904356792834097
7620,15.490569219280275
7621,15.883529900046547
7622,13.746229373525432
7623,16.724062830731235
7624,14.693147085077397
7625,16.2764096171213
7626,16.292597060590282
7627,17.220465595372705
7628,9.911516908377308
7629,12.756278200078114
7630,20.819364709968895
7631,18.918304267644363
7632,16.844224899218215
7633,18.533229801691306
7634,18.36231183211315
7635,13.997167364965934
7636,13.938954118426262
7637,16.85820886913401
7638,15.059545023106601
7639,15.942412946300356
7640,15.56295980921933
7641,15.368707028081552
7642,16.04871354259772
7643,16.28980588350188
7644,11.509295209202167
7645,10.398469036706812
7646,7.307211590714743
7647,16.797558355702158
7648,12.429999122122478
7649,18.455497308008844
7650,21.144971004187603
7651,15.108347294158694
7652,18.136634978199737
7653,21.513269611138615
7654,10.358019787060442
7655,13.773570139853568
7656,13.437505966878598
7657,9.111892258571764
7658,22.970871203664196
7659,20.14657571030084
7660,19.93408341289852
7661,21.099604781232248
7662,16.46131831363406
7663,19.364173623730373
7664,14.54501470270266
7665,17.8497063498555
7666,21.969715110273686
7667,20.906081867347368
7668,14.51143999953661
7669,11.263190825846229
7670,13.76371481324465
7671,18.363790654445115
7672,13.308650443812528
7673,13.358836538034675
7674,12.27661377606673
7675,12.115130570233521
7676,11.214195438476965
7677,19.08344069621372
7678,12.134070463552863
7679,15.986987808056355
7680,16.65924749491936
7681,15.482656579860675
7682,16.63934299073461
7683,13.998810561750828
7684,18.34803674152753
7685,15.518146859218655
7686,13.826849644839012
7687,17.506275531361105
7688,19.068056142853603
7689,15.523089260358772
7690,23.45026884393446
7691,14.212234745591003
7692,13.873342716490948
7693,17.093752159725565
7694,18.040198613419715
7695,15.467358479704249
7696,9.81745345658487
7697,16.71637477869554
7698,14.173716128641846
7699,19.754249923873033
7700,17.029238611608065
7701,13.953910698950065
7702,15.32701464110472
7703,18.911451509462662
7704,15.407472521273059
7705,15.847452893038703
7706,13.699366202094636
7707,11.980772004267866
7708,14.47262600037602
7709,17.92119159228059
7710,20.321423371338504
7711,17.527765548639113
7712,13.517856009001436
7713,13.32021407974008
7714,12.897340847506708
7715,10.126831059436324
7716,13.610129386377722
7717,13.49619983868079
7718,16.182691914646668
7719,17.09951155801454
7720,15.959458449030963
7721,15.145911595312747
7722,17.50411426041907
7723,17.96197955992056
7724,13.395971691398241
7725,17.46501192445444
7726,17.50718423626791
7727,13.452957420786946
7728,14.085308218408157
7729,17.267266586881693
7730,15.810847731063207
7731,16.207171755398797
7732,24.082021507644736
7733,14.36782759494017
7734,16.62001499000571
7735,10.651310899391369
7736,19.564290973878983
7737,18.60519743948185
7738,12.006199686563937
7739,17.75611280911359
7740,17.809553962270353
7741,15.632363500862743
7742,16.024625660657343
7743,16.422492283713776
7744,13.444724808304702
7745,14.85421729115781
7746,14.230612669849798
7747,15.98418277039453
7748,19.42494838785411
7749,10.105024475067976
7750,16.052272579508166
7751,9.884800762787867
7752,21.557677349933194
7753,17.356328003602176
7754,14.538973815311474
7755,19.142823413057414
7756,12.183730012166972
7757,13.836643405235884
7758,12.722004050940672
7759,19.387932735485563
7760,23.510906981039472
7761,14.141501523918093
7762,13.080035593879611
7763,16.73783119078782
7764,18.383959311456035
7765,11.423602686790444
7766,14.5468217077796
7767,12.038308629812667
7768,17.469252675378538
7769,22.349719828478797
7770,12.327450949580943
7771,19.179563071514828
7772,14.573164798117979
7773,9.544480022105573
7774,14.300511426238314
7775,18.38325611446996
7776,17.53572152891606
7777,13.80863055208268
7778,18.106080391808707
7779,10.231910227426193
7780,12.900297560866994
7781,18.571948564605233
7782,14.354800782272083
7783,11.911994314009647
7784,12.927182080304396
7785,22.929253984580416
7786,17.71154792406609
7787,15.93525458922885
7788,13.764962405857409
7789,18.406739266728074
7790,20.09233138455088
7791,8.9745604812673
7792,21.7682570974358
7793,14.050928532161702
7794,21.591404673821895
7795,11.858142066011128
7796,13.500641566796494
7797,12.52160231979152
7798,19.733320826787526
7799,18.82291884725423
7800,13.745596779330114
7801,16.494241376934173
7802,15.20664398165867
7803,16.31894095545967
7804,17.83818981628261
7805,15.871045710778564
7806,15.889559896212777
7807,13.503662572189443
7808,18.55093112693687
7809,17.590378921079814
7810,15.731350242114893
7811,20.101370670793674
7812,19.591681308787297
7813,12.036888380734277
7814,9.440634061244872
7815,16.968798658459324
7816,17.5885789349542
7817,13.064808983950936
7818,16.61705342538553
7819,17.184755578342934
7820,14.975067583562188
7821,11.703078154121053
7822,19.71283131974856
7823,18.898898886256767
7824,14.830311140073704
7825,12.78891847920137
7826,12.684169173810647
7827,15.754573212937109
7828,19.430554331884547
7829,19.77687397589653
7830,14.936961812523274
7831,10.44134899520208
7832,15.882604220679363
7833,10.848593090834877
7834,19.62834357356104
7835,19.605115146964213
7836,14.715098115959773
7837,22.33142406406287
7838,15.823733961567651
7839,15.532763784213204
7840,19.167470377315283
7841,16.022884308592758
7842,17.681440568710148
7843,11.464427411715965
7844,12.16023999571814
7845,17.727037617913908
7846,15.566904514171183
7847,18.377935505764395
7848,12.145471376479822
7849,18.042752031485914
7850,14.28276375262804
7851,15.053464068455321
7852,18.35494120436143
7853,20.403246049765222
7854,9.50542116878715
7855,20.393447699103845
7856,15.647685835800832
7857,12.098428102576944
7858,18.31671976836138
7859,13.718170220549679
7860,16.86329187164561
7861,16.912364975765165
7862,14.920971348926166
7863,15.594769026306482
7864,18.557415626007117
7865,18.36790878230433
7866,22.20657485786542
7867,14.714005071517137
7868,14.655953578097096
7869,17.70975502405953
7870,14.111260297975496
7871,15.726087274359964
7872,24.33180262285111
7873,17.246393052503525
7874,13.71353813236986
7875,18.219222310555008
7876,21.68839601528892
7877,14.202660816466706
7878,15.173678805225988
7879,10.976629808442729
7880,12.913518954304637
7881,14.148589911684036
7882,13.383896597059522
7883,20.23585665358586
7884,17.496104434619284
7885,18.378237317218474
7886,14.168467597301053
7887,16.411126756337417
7888,16.453843355553598
7889,13.84375073406279
7890,15.527826685063642
7891,22.19816897080479
7892,14.52506684471901
7893,13.105348917909415
7894,11.970035393788084
7895,12.116932557891467
7896,15.77346845341854
7897,16.652119702884068
7898,13.805955678646852
7899,13.236444480807613
7900,11.505156021395226
7901,16.27056935541274
7902,11.500736516205828
7903,14.0228672150338
7904,14.099081287648826
7905,16.257027305338315
7906,11.215094832297137
7907,12.172892276496329
7908,19.01304219812959
7909,11.65910320109751
7910,13.568976326654164
7911,19.818262855543665
7912,9.38072727839887
7913,17.565597581730053
7914,10.533771392570637
7915,17.1562867845278
7916,19.8627147420545
7917,16.225404719642313
7918,17.121229672614273
7919,13.746940443399529
7920,17.051979265054825
7921,15.808489166174597
7922,14.797908121762877
7923,12.458781703844618
7924,21.567273806836308
7925,15.18330991999019
7926,9.635009575963158
7927,14.20596985833748
7928,16.01006866901902
7929,14.560665332367916
7930,15.869353493549971
7931,12.486055509522163
7932,16.39216175932915
7933,15.74877464729091
7934,16.589245575282913
7935,16.008728897603188
7936,10.235530834189843
7937,10.829045801943622
7938,16.885824012972545
7939,16.77628518094387
7940,15.126807373632216
7941,15.945747345862419
7942,20.719699597764738
7943,17.06684355032897
7944,15.314670232807817
7945,17.069547655653363
7946,14.418798954780089
7947,18.15574853719334
7948,13.545010740172637
7949,15.559308638495624
7950,11.961817661594042
7951,15.464096305804182
7952,15.436523718808136
7953,14.639636673104821
7954,18.597908899504798
7955,14.372688686515474
7956,14.876462937014372
7957,16.108202369370503
7958,18.93845202661757
7959,18.4580287880179
7960,16.71560053848546
7961,12.41893518438994
7962,18.999488892029177
7963,18.22372533090883
7964,14.323073186929994
7965,15.877888092757441
7966,19.660804767032715
7967,21.280902611824846
7968,14.146125146237809
7969,17.912787158199922
7970,14.671599414020754
7971,12.941654031352563
7972,14.431435373505789
7973,25.119484007170826
7974,18.89056283352716
7975,12.888491038601996
7976,16.57311132638053
7977,9.55129663170972
7978,20.91377585099446
7979,16.659871678806514
7980,19.903515225733653
7981,18.788626225750416
7982,20.502692093654684
7983,15.890676756196097
7984,11.64306614021634
7985,12.623387661130526
7986,14.239622179907816
7987,19.13727319727681
7988,19.954167044337243
7989,25.20622013494734
7990,17.733245872964694
7991,15.876606752729657
7992,9.62165328126538
7993,11.409792096898768
7994,13.013701014098542
7995,15.739311555748705
7996,19.742961217910242
7997,12.343515336908927
7998,14.498415452544249
7999,24.228009834462483
8000,11.4032477654027
8001,13.763423689026052
8002,18.48545710478768
8003,9.23589404211112
8004,17.471994653978694
8005,16.066499066920812
8006,15.177765758618332
8007,14.681288431240104
8008,16.690251258392752
8009,19.81994538264545
8010,18.1321770547588
8011,11.598550032658322
8012,14.247638938742588
8013,11.323069634178676
8014,9.72480011214295
8015,17.860482886991424
8016,16.768034741780077
8017,13.730579785109525
8018,16.028280508985965
8019,11.982760605959944
8020,20.50970168133667
8021,16.77621819267505
8022,13.634777688063885
8023,14.656778921076025
8024,16.79076548379321
8025,10.055022846496078
8026,15.929625821089584
8027,15.55013017222122
8028,16.34301145015255
8029,14.136637590268894
8030,18.397260353209674
8031,20.98758292367313
8032,21.593901928620287
8033,12.244979416504597
8034,11.43778054608219
8035,18.56939714286398
8036,15.259915810485692
8037,15.308489800112442
8038,14.606551708014067
8039,12.849214217935012
8040,12.843243700123582
8041,10.223168910245612
8042,13.644584913124545
8043,15.78244004046952
8044,15.14179486966243
8045,15.639676798485564
8046,9.627494218178024
8047,13.750751241501426
8048,13.755011338643206
8049,20.080207184125456
8050,11.96231527426294
8051,18.192236493000987
8052,11.219811094117949
8053,22.56208935280296
8054,15.091596970922124
8055,11.419370511281077
8056,14.163498771935714
8057,11.849296925321347
8058,16.465979500739635
8059,21.97211388507958
8060,15.089712683610013
8061,13.039810586457092
8062,12.069384840927201
8063,18.14230101878128
8064,9.708650689325767
8065,15.684876188990248
8066,20.020433719614775
8067,13.369732454633892
8068,17.72385975609883
8069,16.037051227036088
8070,17.814466445501743
8071,18.348738556779907
8072,12.72792870169992
8073,18.924444531132508
8074,12.433834656221673
8075,13.245329558197122
8076,12.567164427297326
8077,17.767430608916136
8078,16.270559187650115
8079,23.23900520483227
8080,15.77923463787233
8081,15.27933832385348
8082,16.429858818197303
8083,18.444315736025725
8084,15.150262709626917
8085,16.393296675368195
8086,18.298997200386893
8087,9.75004048315064
8088,15.174863465972518
8089,11.395461246650468
8090,15.337258077179602
8091,15.852811463605876
8092,14.568728634123792
8093,16.486115682336198
8094,16.683536594518326
8095,14.303294224614772
8096,15.099490429725648
8097,14.812743363108819
8098,16.137988385683084
8099,17.10552781042619
8100,13.344280448569297
8101,18.709420428771615
8102,13.77485578322196
8103,22.77812561002278
8104,14.82442835002674
8105,12.1841178161105
8106,12.220982097057778
8107,15.12637888429463
8108,16.61504673317339
8109,13.490153391736518
8110,17.081929092715374
8111,19.148591978255723
8112,14.338394240689993
8113,14.619570007736241
8114,15.78348413459898
8115,14.32013472729319
8116,18.079339157766213
8117,14.824820766800164
8118,15.592224212137577
8119,22.239435006164065
8120,19.066816342711117
8121,14.116315580174764
8122,18.28937932697994
8123,15.331364085429415
8124,20.15857721080302
8125,13.337967236625527
8126,10.561951743117255
8127,13.629282562292854
8128,13.750096352342364
8129,14.831706765028349
8130,17.535528479557367
8131,16.70692786702673
8132,13.437634917335972
8133,22.38022608617081
8134,17.884986129210855
8135,17.682136391514995
8136,12.417862290202738
8137,19.881405693373896
8138,15.204696772105418
8139,15.485546743973595
8140,13.182502262814056
8141,14.341462495161874
8142,15.779339955102431
8143,10.607253642801169
8144,14.42872358913571
8145,18.63893092575774
8146,11.643753012740829
8147,16.59695636868219
8148,17.58028805781109
8149,13.746215332545484
8150,18.79675940303386
8151,17.48619110308482
8152,14.661813329853043
8153,18.33084129962513
8154,18.171561486357902
8155,16.006327793075812
8156,13.645537715251201
8157,20.788360508644384
8158,13.064440691828816
8159,12.833233282382203
8160,10.49694073397268
8161,15.306043319419345
8162,17.301654270644203
8163,15.658880294823035
8164,11.530097118756322
8165,11.205779583672435
8166,12.378005450544418
8167,11.532440024373937
8168,17.947354321920912
8169,16.007787845814754
8170,15.696866429178554
8171,12.133241535260627
8172,17.19092966408744
8173,14.432886888830069
8174,15.225492443639192
8175,16.869046541727524
8176,9.485533041740617
8177,9.521998639758147
8178,13.10749394958899
8179,17.524517641626367
8180,10.650993864500434
8181,18.35014313271822
8182,14.944071448923774
8183,16.2271071808516
8184,18.437259900063186
8185,11.923229768577514
8186,15.495199171551427
8187,17.59890067726886
8188,16.161075053940774
8189,14.468091132824565
8190,24.279431617614225
8191,13.937677223856005
8192,17.678162472017785
8193,12.514268823657991
8194,15.718256618652862
8195,17.215493225670865
8196,9.988409655992687
8197,18.66049385569527
8198,15.805733540802848
8199,19.31285653189846
8200,21.505638430270537
8201,13.33617961930872
8202,15.163291441785386
8203,14.979685203620887
8204,18.365642223442283
8205,21.835047958243376
8206,11.442988044713799
8207,13.5631095313309
8208,11.834880944296149
8209,15.28355889336926
8210,20.650520100256635
8211,17.90644002619854
8212,20.79816151059619
8213,14.357245147867264
8214,15.296826739628294
8215,16.884338377424395
8216,17.377901350786757
8217,14.875125559919605
8218,9.182452267389579
8219,16.736472738491802
8220,19.930816021740828
8221,14.264707767492729
8222,14.171665376504627
8223,15.68729770526875
8224,21.75725011566564
8225,19.19561879680604
8226,16.07553485976839
8227,11.899997331095141
8228,10.914396461977265
8229,17.607939198101878
8230,18.086834391795648
8231,20.137807772797963
8232,13.137937419557087
8233,16.960143344709834
8234,21.740482577180572
8235,14.731881962178177
8236,12.874496023738837
8237,16.98672849998921
8238,15.372169643224417
8239,19.52053801446846
8240,15.66459673477783
8241,14.868703063862068
8242,16.730348197987404
8243,19.19381526198957
8244,10.078260357111514
8245,16.57581379023515
8246,17.595915494091148
8247,16.742491991873994
8248,8.947254679015861
8249,15.467979812685229
8250,16.628575527832968
8251,16.37375396920696
8252,17.634172176426134
8253,13.24144267302784
8254,15.417565864472945
8255,20.275788651955274
8256,14.83669620854337
8257,17.008634039443375
8258,16.15620130074197
8259,9.434180099290153
8260,20.214795330719376
8261,10.780685654402218
8262,20.638822134881046
8263,18.840758959625397
8264,15.710100940404226
8265,20.907600433014405
8266,17.504975134728305
8267,20.18522775505665
8268,14.737150731636845
8269,12.208348610150107
8270,19.446627007728022
8271,23.500709883385774
8272,16.91190890816154
8273,11.53271594208911
8274,16.55569742013277
8275,10.570633644006756
8276,12.182309680748084
8277,12.9883175623421
8278,17.05878080094842
8279,16.1514331300274
8280,16.730178312621046
8281,13.946242559099574
8282,14.107914571936156
8283,13.322752297547853
8284,14.916723146228552
8285,21.78486792985075
8286,12.08543077248263
8287,13.05168157123184
8288,19.582107115799026
8289,21.03714658059881
8290,16.015420945756368
8291,14.902563417283568
8292,14.027112679703032
8293,18.61726189827326
8294,16.459057191665387
8295,15.216973257463211
8296,18.49613812823316
8297,19.24072818670491
8298,15.048328614757608
8299,15.939181246187557
8300,15.906824748716646
8301,14.970127934239112
8302,11.911900084367044
8303,19.049812067994306
8304,18.463890025576934
8305,12.524433537548093
8306,15.761938968079033
8307,17.013225190448637
8308,16.790837215958977
8309,17.796541274612913
8310,14.740690221213304
8311,11.951286305567868
8312,12.242162695076937
8313,13.715919812118669
8314,15.528682464418523
8315,19.087779466685543
8316,18.034026925458672
8317,16.349340892650115
8318,17.36054523201257
8319,19.176770645380547
8320,17.515043252885537
8321,18.61476189751116
8322,17.53838000160235
8323,16.045171256334427
8324,17.341242818533097
8325,17.755198438754064
8326,22.022848686397854
8327,18.209204224131817
8328,18.668697129151276
8329,13.965948921583824
8330,15.750561660076862
8331,17.599280555994802
8332,18.268182535067954
8333,14.202605320157938
8334,15.191305416092309
8335,18.15137334535155
8336,13.92222042759734
8337,11.894480672399812
8338,17.233474053322205
8339,9.658321974905952
8340,14.36675025464109
8341,20.54447382911066
8342,18.030381064451777
8343,11.82192376519295
8344,17.80892217695884
8345,13.047506106393696
8346,14.512046109029086
8347,12.615462925095922
8348,21.043866725634746
8349,13.981317187015534
8350,12.445620363578927
8351,18.30242714134553
8352,13.66716721360148
8353,18.502639160671283
8354,16.48740524045585
8355,17.706952523529083
8356,16.1685539495608
8357,21.880146269436057
8358,13.8339502094279
8359,19.617832787377544
8360,15.129015660041583
8361,15.476296530332355
8362,13.64800838822968
8363,19.73747271969952
8364,18.610817137182693
8365,12.406418936906467
8366,13.45826826923571
8367,19.268190972470787
8368,18.323325847085286
8369,22.519415551468494
8370,13.321345198562257
8371,16.727475902582697
8372,13.43328112472147
8373,17.590568349503993
8374,21.909313369706805
8375,14.906357785629508
8376,18.988997902663982
8377,10.834618808537813
8378,22.587776965349597
8379,17.205278107817474
8380,12.931906400457764
8381,15.841214190875615
8382,14.930522778810435
8383,18.238070190366493
8384,14.442043979155384
8385,17.775950882469285
8386,11.264812784782398
8387,18.30604762484805
8388,20.275089658993114
8389,10.18068349782977
8390,15.704156826602558
8391,15.225316423697677
8392,12.745899811800701
8393,16.52380924557311
8394,14.439821851538039
8395,10.864832337700197
8396,13.98660462440595
8397,15.06648049766076
8398,15.375513307111683
8399,18.205161692146945
8400,12.401702299040105
8401,16.173696787885323
8402,15.367120224738509
8403,16.546246494480112
8404,16.621005153919278
8405,17.82950171881941
8406,14.816173561922778
8407,14.771235804937037
8408,16.534818189900253
8409,15.686542533764445
8410,14.5649485492031
8411,14.64755220928217
8412,17.0987802934166
8413,7.766936840192717
8414,15.45748352115612
8415,18.651320411186678
8416,12.590339630873194
8417,17.107152161387734
8418,18.95928958887366
8419,12.057604653577814
8420,15.039191428796762
8421,10.817797389106186
8422,14.344049483801708
8423,20.673855735104645
8424,9.004516881638537
8425,13.634072784752151
8426,12.872985218300002
8427,12.909991795107297
8428,12.721698124044408
8429,15.71952166152993
8430,21.103088420410216
8431,14.935143834713962
8432,13.270090740333655
8433,12.964377020456924
8434,11.003981708416758
8435,22.050927321562874
8436,14.707926169566756
8437,14.397463405428049
8438,13.937826269748426
8439,18.240896496987894
8440,14.091229815739233
8441,17.030761712724367
8442,11.937603659431621
8443,12.974606807548529
8444,19.433591362393017
8445,15.300232176251926
8446,10.530438414991213
8447,21.215576683391816
8448,17.504371367146593
8449,14.050536114039218
8450,18.010010112226386
8451,15.19287742361296
8452,14.72310610679428
8453,13.382890084243645
8454,17.537501073392555
8455,12.341108268719369
8456,21.180126723674814
8457,16.427589555646307
8458,19.229605672210155
8459,15.951118669056678
8460,13.365966070740637
8461,14.955306219180887
8462,10.141015080564571
8463,10.777182070649767
8464,17.709548613635537
8465,13.974844312863999
8466,10.76171213429652
8467,13.71245783962003
8468,17.392989383101824
8469,14.646517087396974
8470,18.541526894304766
8471,11.472302358314563
8472,11.010159236241922
8473,16.09326296226791
8474,17.829906692720755
8475,15.586824986633836
8476,16.326176679459746
8477,14.790061793360275
8478,20.356340434990123
8479,15.321040196467102
8480,15.496927073430985
8481,19.43800660916692
8482,13.00550436775887
8483,12.629196636774605
8484,12.087113857158334
8485,15.822193112464428
8486,16.571872679955305
8487,16.68308579158395
8488,17.310310615231955
8489,13.246677573432152
8490,17.840531225250913
8491,13.582571642519758
8492,12.885308629365358
8493,21.356636767659644
8494,18.756061340323146
8495,20.709496262308072
8496,24.791496073536297
8497,14.983008947677327
8498,20.939678873751568
8499,8.69563024012286
8500,12.922008786986067
8501,18.4973782745213
8502,17.38167439662129
8503,16.343793231566472
8504,15.685763178169466
8505,10.484411611574107
8506,13.627893950417151
8507,16.595828716456857
8508,12.393909300907898
8509,16.111757734674313
8510,15.009565881371206
8511,13.400986408410194
8512,18.29817982210582
8513,14.504109472384398
8514,15.195082133298312
8515,20.959229547629818
8516,11.3638557685068
8517,18.036836253554174
8518,21.059347013782922
8519,15.175592340706398
8520,18.62863138455295
8521,13.418505933847005
8522,20.340516763026248
8523,14.239633183986799
8524,20.682014078800176
8525,19.511938752579642
8526,13.276248283073446
8527,15.136514090335133
8528,13.585212731181205
8529,16.089709548534977
8530,19.375520779370596
8531,12.53633691268625
8532,13.429025253398521
8533,16.035542776435108
8534,14.970094872417777
8535,12.128103536010116
8536,12.82137094679071
8537,17.68040351682107
8538,15.873932667187557
8539,17.46213792220269
8540,16.849365727564127
8541,12.030448608905514
8542,14.424206578373026
8543,16.70254114817884
8544,9.327879813850275
8545,13.235798137367459
8546,10.7246201755945
8547,19.53739315753656
8548,16.889258715452225
8549,18.815439595124815
8550,14.210007398585107
8551,17.469611735933558
8552,13.514497130326852
8553,12.893453399771813
8554,16.22843122647026
8555,19.741345251435853
8556,13.722348027709042
8557,19.222828893193732
8558,17.021555368679408
8559,17.41367856484768
8560,11.450383048439777
8561,17.94143870317053
8562,10.750814971100457
8563,10.936771731757212
8564,15.616105346802415
8565,17.31300491554335
8566,10.573386475082861
8567,19.045412915711363
8568,21.03557784392103
8569,13.87545822563677
8570,16.98706642271182
8571,14.225875521315524
8572,12.722422393405928
8573,10.832777532319804
8574,22.149229137278898
8575,22.786909690328894
8576,14.735766340757275
8577,20.055957620273922
8578,9.990179771406394
8579,13.04330667043089
8580,15.009152645755352
8581,13.613035187869075
8582,21.54081653306126
8583,20.246411282569003
8584,16.248959314926278
8585,12.795545490275876
8586,14.616532727456008
8587,17.756824487082522
8588,9.83659306332674
8589,12.44096293991291
8590,11.56003503317931
8591,10.543492732598116
8592,11.529395920024488
8593,14.770626069717856
8594,17.24520978516011
8595,16.304923531079922
8596,18.333004490429804
8597,18.940571864197306
8598,15.74807333950381
8599,14.286271511503466
8600,21.523428320782834
8601,13.349164205349728
8602,12.634305793454194
8603,14.28295839963081
8604,14.065246185365964
8605,17.807951861794976
8606,13.368933707472637
8607,11.829990842690396
8608,14.324043079153688
8609,15.693842936646146
8610,18.52090482920554
8611,16.445214468304044
8612,11.773740394433498
8613,11.580641904923816
8614,18.360693241538044
8615,14.833490224863938
8616,11.228972033906889
8617,16.73659333437751
8618,17.782397049340958
8619,13.714895708085255
8620,12.523098457588436
8621,15.538229575194142
8622,15.437719902431526
8623,17.13478168392342
8624,20.38024177142474
8625,15.409442886685246
8626,8.718388636336632
8627,17.579243847928318
8628,13.125006063784367
8629,18.686056437312107
8630,22.734709065464724
8631,23.095110050836134
8632,14.357986361709447
8633,20.211324906449843
8634,14.613762882965174
8635,21.490622348738796
8636,15.110307464821807
8637,18.771230161284528
8638,16.227253106046273
8639,12.128457449480997
8640,12.566573371037629
8641,18.59934209227711
8642,14.18472796799538
8643,19.58736114752787
8644,19.76001895301638
8645,14.082813962558138
8646,13.728784047064943
8647,14.268547440433597
8648,15.054051744554105
8649,24.357593204333824
8650,17.698499697760614
8651,11.176568371341183
8652,13.90168781224488
8653,10.955438503196207
8654,17.784816028025116
8655,18.774866150181854
8656,11.880777620297664
8657,20.36763599062918
8658,11.773740866945502
8659,13.414278079417286
8660,18.382782539233485
8661,18.591872474761715
8662,15.329014125152979
8663,20.45203803058948
8664,15.671183908791853
8665,13.926553144177428
8666,14.647096572409195
8667,16.19698895648878
8668,21.21078533643608
8669,18.690230550343152
8670,18.81381093550688
8671,11.478353664357059
8672,18.638032671711596
8673,11.922232886903844
8674,19.550837959830858
8675,18.633250656873482
8676,14.83814463965532
8677,8.210211504689214
8678,19.35062268861876
8679,19.068096573068058
8680,15.466681500672774
8681,17.92269428622049
8682,20.767513718947132
8683,16.654604232637492
8684,17.576469617631073
8685,19.84103188145584
8686,19.138471183290175
8687,10.60738499533208
8688,17.397909636853747
8689,18.085781986976937
8690,19.547519550018073
8691,16.25435338165527
8692,14.755307197120207
8693,14.614276277099254
8694,23.130892154932482
8695,12.80292237961407
8696,16.117752595070236
8697,17.86849479662108
8698,16.334935932876466
8699,12.092985702472177
8700,17.596254971534744
8701,18.536358080335987
8702,13.21131600597235
8703,14.001498514817223
8704,19.06325774765208
8705,15.16592129549967
8706,17.433108848775174
8707,13.629109148942414
8708,18.030867237411783
8709,12.899822859282953
8710,18.27509042259687
8711,12.256316133805269
8712,16.560289856287508
8713,12.709947660119552
8714,16.00122058578986
8715,12.735473419486938
8716,17.399882044486795
8717,15.685048424262991
8718,18.86345087106735
8719,21.187088586529725
8720,14.440367239895997
8721,11.454222026133714
8722,14.941468029021681
8723,13.565890650417535
8724,12.67081631791489
8725,16.413574788533964
8726,17.47266604381891
8727,12.083486082926854
8728,16.316340352312686
8729,13.575290375357147
8730,18.354310392057638
8731,10.577493339580087
8732,11.862933648735545
8733,18.24203302458572
8734,17.116103506372145
8735,13.371370006823906
8736,19.776910151565268
8737,12.889811297507938
8738,12.729042888332408
8739,14.469259976477417
8740,19.997119880577586
8741,15.871085064892268
8742,18.689426466095963
8743,14.508393275817339
8744,20.936289838103733
8745,24.654861699101467
8746,13.394707527008652
8747,12.697232550196075
8748,14.702060297091373
8749,12.984765822706734
8750,13.745553326570741
8751,11.329582979579943
8752,13.149029041801077
8753,12.861875586298856
8754,14.360603576950755
8755,10.039124704359292
8756,16.05761912721054
8757,16.369473093263675
8758,12.375709630314253
8759,19.676025037815652
8760,13.69964128901689
8761,13.667152299966945
8762,14.080265004189915
8763,9.67354280905548
8764,10.363669030070442
8765,11.13775649386376
8766,11.1727298988753
8767,15.459436273006919
8768,16.601854458487022
8769,14.02528206696184
8770,15.813542693872362
8771,13.200034050108993
8772,20.176528460764974
8773,23.10526411403981
8774,17.020879352876765
8775,11.925381559993875
8776,12.476965137649119
8777,9.15664838000703
8778,16.602527693449016
8779,11.36417621648403
8780,13.069714273531334
8781,18.78373545093182
8782,20.662936692205133
8783,20.082507613395347
8784,21.130168347122652
8785,10.868058333994629
8786,14.99109517750716
8787,24.80075659392785
8788,13.8000957017184
8789,12.72750556395146
8790,14.699532731341836
8791,17.574638800376146
8792,17.293628057605087
8793,12.644706845251594
8794,13.690575830963398
8795,18.00310232538708
8796,11.598074893110295
8797,20.553975242699895
8798,19.819551142222885
8799,15.675837660318482
8800,12.2015191906063
8801,18.408381453621324
8802,8.920387619390354
8803,14.895222721251514
8804,17.41637969853322
8805,19.623974749541613
8806,13.726814453720134
8807,14.774033742920558
8808,11.121430104128105
8809,15.453744532251049
8810,14.660089351697449
8811,13.676683262870187
8812,15.56489678316917
8813,14.279522972236945
8814,15.829051481816913
8815,19.09882381745701
8816,17.19889204851509
8817,14.04645808682093
8818,13.434865871490313
8819,18.854035149518353
8820,9.489233369124262
8821,16.22190451139145
8822,10.840166439570543
8823,16.82788224710085
8824,18.84377631893232
8825,20.17201641198359
8826,21.80284962966792
8827,19.27528802491277
8828,15.651088105092516
8829,10.253651470461804
8830,18.726832633596793
8831,11.276097667821352
8832,15.267900867333953
8833,17.41811793839981
8834,15.797693864284478
8835,15.645770251424477
8836,10.746290165200556
8837,14.905747907767509
8838,15.622773008374732
8839,17.554144000090673
8840,17.03787512760614
8841,17.097125942610557
8842,15.975032946072862
8843,20.920682013792838
8844,15.524666532730455
8845,16.589549913772068
8846,18.475777026362167
8847,16.059208198484118
8848,19.198592818104682
8849,17.689296495785428
8850,15.914701641677746
8851,14.65791382573701
8852,14.342968424462057
8853,15.61295872775853
8854,12.236601991734146
8855,9.249564677445193
8856,21.598517733914345
8857,21.507388675040556
8858,13.927145867507821
8859,15.833342922319739
8860,23.89735862479475
8861,17.04274974099101
8862,14.99495355488774
8863,16.03036924385087
8864,19.833866017015566
8865,13.572156831138484
8866,18.645047524491144
8867,14.964399938570171
8868,20.192491828374756
8869,19.450439178642295
8870,17.994476085353515
8871,10.43814995543116
8872,13.482617004961929
8873,12.814591370915451
8874,10.979544314678478
8875,17.67842075570794
8876,16.22367389420362
8877,16.170785359396273
8878,10.19832593673091
8879,12.461166464927734
8880,16.78542572436681
8881,14.868224454715842
8882,11.40058925720142
8883,14.969754927407633
8884,10.454068147854818
8885,14.63101759079061
8886,15.126567934242626
8887,13.93582567245598
8888,17.81358363950019
8889,14.099224043099092
8890,22.191298944772427
8891,16.315265050865886
8892,19.362366465044065
8893,17.79725596211158
8894,17.223296398039995
8895,16.870645131697625
8896,9.948231876048927
8897,15.153835297169595
8898,11.123708593938701
8899,17.924130102817927
8900,15.988945893850548
8901,13.10468943058693
8902,19.722935512350162
8903,23.248625813624166
8904,18.82320996345331
8905,14.254165466027805
8906,14.61263364255644
8907,15.968342272421959
8908,12.08926612297174
8909,11.958524143633616
8910,15.357178563111484
8911,17.776264441332668
8912,18.250984751603912
8913,21.094253774296945
8914,13.934686698977343
8915,16.082889022239982
8916,20.758041937989592
8917,20.74050054074048
8918,14.802115385681493
8919,18.39224590719079
8920,13.654951348169394
8921,20.57338973291728
8922,14.064595305012224
8923,15.871059636174866
8924,11.426225455727884
8925,15.913543179130578
8926,15.342050615475022
8927,19.623277306612238
8928,14.382024418093929
8929,17.88386579080131
8930,11.615330500758038
8931,11.579051503857231
8932,15.72319823862906
8933,19.4639833117882
8934,16.27229229917549
8935,11.66608374714727
8936,19.58793943873817
8937,14.436953500860902
8938,18.91333803959604
8939,16.883759923840305
8940,17.128054800535644
8941,18.43308763868044
8942,13.944838790749223
8943,12.599291041527602
8944,16.030969922994025
8945,18.269876819360725
8946,11.919795297892279
8947,19.862523715723153
8948,18.202500803917907
8949,11.189287460926826
8950,16.68410035653081
8951,22.795499175585697
8952,18.046712534134297
8953,13.34583971872225
8954,18.491372990498856
8955,21.265691242142495
8956,10.35420245975319
8957,12.63296189386008
8958,19.719755235922534
8959,11.724578696670731
8960,17.68893228059999
8961,14.218412797291222
8962,10.21796033794718
8963,18.951087514118704
8964,12.351587507954322
8965,18.505817872417907
8966,18.633770779049154
8967,25.339299820059654
8968,12.576835929197427
8969,12.840878412418078
8970,19.923537459220572
8971,16.44527529336581
8972,14.608867602097698
8973,18.254349088163796
8974,14.506394046481493
8975,16.32900967894858
8976,17.67778507319128
8977,13.337939401779071
8978,16.540528181136015
8979,14.960366466745036
8980,19.020879590593985
8981,14.727124316013853
8982,18.149596146565138
8983,12.99179266875425
8984,16.053999468761013
8985,12.898808966427762
8986,17.242925468665657
8987,12.51227417584805
8988,10.602763935910211
8989,13.509507092569024
8990,13.589530860613683
8991,11.070946583553718
8992,17.856498534640583
8993,14.055338198844312
8994,9.585370408696642
8995,10.748178327626526
8996,14.489753517654801
8997,21.880416882853115
8998,13.232468533087912
8999,13.205668133661595
9000,19.62639775220179
9001,16.92663014353445
9002,18.344694968907262
9003,13.943686808025655
9004,11.34378370019666
9005,13.492113894155004
9006,16.65690183243065
9007,17.431731462013985
9008,17.129553326300037
9009,17.556882086144288
9010,15.44507552673751
9011,9.343966750492061
9012,13.194465544079657
9013,21.4231747637916
9014,22.706674539020472
9015,15.5891731081196
9016,14.993782339003905
9017,16.995363244285628
9018,13.60651973839716
9019,17.591155009351404
9020,16.61139946103758
9021,10.281499167320321
9022,15.585865520841121
9023,11.523328936197888
9024,13.014313218261039
9025,16.714412100229556
9026,13.8203507341584
9027,18.209047565937126
9028,15.176603508396534
9029,14.064919349011099
9030,13.82877675881502
9031,11.200435150372217
9032,15.82927202330577
9033,17.701124443381396
9034,14.992949298131295
9035,12.433042920120705
9036,17.15852152215493
9037,14.78177990537818
9038,12.174718835396293
9039,11.394899688702237
9040,21.990427303178933
9041,14.117439159832964
9042,16.349815263752184
9043,17.243124499362487
9044,19.496824542075323
9045,16.84111332974966
9046,15.219496543139421
9047,14.033910715037234
9048,14.025189342295013
9049,17.396936027522067
9050,17.817665494962657
9051,16.290723990714685
9052,14.795586096213938
9053,16.70085613102616
9054,15.208569738519694
9055,18.752836611359612
9056,11.923634929401388
9057,13.841676622506727
9058,12.950626950146766
9059,13.407777738627143
9060,14.825402756203426
9061,14.20476376015122
9062,17.218723373349118
9063,19.52790040245084
9064,17.816644546404575
9065,14.50887841966061
9066,14.355731719485565
9067,13.722475355753428
9068,15.789012355272801
9069,19.476422704916253
9070,14.5001474155244
9071,14.650142379858066
9072,13.895874886636369
9073,16.765884512894516
9074,11.147767362953243
9075,16.560702888852497
9076,16.45779471479715
9077,13.11147787004295
9078,12.625328606809207
9079,18.490460685515007
9080,14.958367825722043
9081,18.17091748080829
9082,16.197846508194978
9083,15.63088874899716
9084,19.971238743562992
9085,16.127877014863582
9086,14.90764894101388
9087,20.093460702578344
9088,14.087147119907412
9089,20.594567200629754
9090,12.911336218073057
9091,16.028960848712188
9092,14.726441767837958
9093,15.70753732140495
9094,11.022721488913502
9095,12.862158858839287
9096,11.523296697585723
9097,11.667027590944459
9098,15.229251222306663
9099,18.363179751530144
9100,16.165608062302415
9101,10.11961717351294
9102,20.948839338987856
9103,11.155965824985392
9104,11.314789415096845
9105,15.231828054033786
9106,11.594047351741683
9107,13.631170539711697
9108,15.751570607129675
9109,14.138381999156106
9110,14.505268582557804
9111,11.201356639933433
9112,13.85501967389599
9113,19.695428981198965
9114,13.391573139731323
9115,22.815945374621826
9116,12.606374573158163
9117,22.399988934382012
9118,15.443630501334317
9119,12.154849001467328
9120,12.117206888239128
9121,13.16061080538225
9122,20.372763672532507
9123,13.817399906509218
9124,13.976751687910692
9125,12.74208580905574
9126,19.12050932352111
9127,11.867970663936257
9128,16.802352359358558
9129,19.052245390853386
9130,20.503184004165064
9131,12.213986659521137
9132,15.611416917057218
9133,14.867135878806712
9134,15.561145975157189
9135,14.527786512670433
9136,18.690735599245446
9137,18.343683222511682
9138,14.655139676393844
9139,14.392583648828095
9140,15.246243914304946
9141,13.226783465946397
9142,16.226930257906325
9143,11.470206582369883
9144,13.889804936357242
9145,12.32833439514326
9146,13.76369873922621
9147,18.493856609566162
9148,19.357652158963635
9149,13.518162047595583
9150,17.539320710652213
9151,19.49755797631047
9152,15.474344602540198
9153,15.893219255101066
9154,14.765241636417375
9155,17.623970988904237
9156,13.55073021820827
9157,18.758477105463285
9158,18.704426229294665
9159,16.557938753342455
9160,18.74717515020672
9161,10.68355884299739
9162,18.42024914535975
9163,11.790408796251977
9164,15.811129978515153
9165,10.248380402701592
9166,13.577879216470455
9167,18.71015153930682
9168,18.505149506910545
9169,16.053341659343335
9170,21.77068359086934
9171,18.105659446922747
9172,13.497889175550444
9173,11.476521239999009
9174,13.102523637698082
9175,14.254563787745727
9176,14.597773541199835
9177,17.01790710925948
9178,18.165702231847416
9179,13.073366563650573
9180,14.814640593033875
9181,13.356248728254702
9182,13.978580061087403
9183,21.39142724304689
9184,17.388633298395536
9185,17.77088988643647
9186,17.589986141378112
9187,17.79909344240003
9188,20.575722141714024
9189,17.913715023322244
9190,18.444485262142017
9191,20.533613203157113
9192,9.879572638351377
9193,13.539627161134542
9194,12.843837896490287
9195,17.159736996730455
9196,16.588697034013105
9197,15.428767165196621
9198,15.18227944534436
9199,17.365047509643535
9200,21.741393451557748
9201,11.40319577528848
9202,18.82004906823504
9203,16.888988129966698
9204,12.48265915608722
9205,17.346342950194217
9206,12.815260066184159
9207,19.536064971453992
9208,18.92805666573655
9209,14.153624217334663
9210,12.930214876986163
9211,15.695637389984421
9212,15.926543632935152
9213,21.530553166071375
9214,10.784231927901237
9215,13.443496835761636
9216,12.312054472914344
9217,13.632294142870105
9218,17.896548106376116
9219,13.160846619635965
9220,13.249921439378388
9221,12.767929937654465
9222,19.283925972609666
9223,14.16588213626753
9224,11.805098544811994
9225,15.807660753890902
9226,13.512002365298773
9227,10.749609120210435
9228,14.396125831617114
9229,16.056541205891342
9230,17.81568315211044
9231,11.12739893788365
9232,18.808653719874652
9233,20.97203681017633
9234,17.25503002771492
9235,18.3770505179897
9236,18.20486284567491
9237,9.814465690586601
9238,18.687522910496437
9239,10.628427190596812
9240,14.83268511478835
9241,13.431836287598298
9242,19.609326023390373
9243,15.016076533911146
9244,12.837647401458028
9245,13.391870940656233
9246,16.80137874943212
9247,15.451338903159359
9248,16.237630507563296
9249,11.306184391992185
9250,11.13297412604855
9251,11.680852813492434
9252,12.553864528534813
9253,12.64042173991948
9254,14.704919929426833
9255,8.557143138763042
9256,11.13111781289822
9257,17.038524627368258
9258,15.257506313058272
9259,20.245572181708937
9260,14.873177881517915
9261,17.549789642946756
9262,17.378998159252795
9263,14.815648440945216
9264,17.085769672336326
9265,17.545012808216192
9266,16.60194769913351
9267,16.11747542626617
9268,21.98965908533414
9269,14.835896570614938
9270,10.803156889575188
9271,14.896392994334635
9272,15.758232756947104
9273,16.21675038653421
9274,11.928879923099938
9275,13.942950479955572
9276,16.063548575801704
9277,18.289343453942827
9278,15.143516590821344
9279,14.226800405578683
9280,22.529602546701888
9281,18.715880255862498
9282,21.04179208681814
9283,17.500439376543866
9284,13.356613353339787
9285,14.681534282563824
9286,19.315440663303935
9287,16.70367714017941
9288,22.22718444572523
9289,20.36130229355917
9290,17.856550979165014
9291,16.94948943271316
9292,12.611222027512014
9293,10.51890239113795
9294,17.150670718812403
9295,9.84769683545551
9296,20.814070662584417
9297,9.737363282569815
9298,8.432134748764089
9299,17.52662904616487
9300,15.527061567037897
9301,13.225726358857719
9302,16.1270851504544
9303,12.489072040174815
9304,16.82217395298905
9305,16.595943024001215
9306,12.472123771162755
9307,18.994978242851477
9308,12.539338025460076
9309,12.211881979110142
9310,14.239220399702639
9311,13.658254826203027
9312,13.232908715751774
9313,16.353201473790286
9314,15.38318734450055
9315,20.682001458819837
9316,17.463496447922576
9317,11.925967821572797
9318,18.692171685281533
9319,17.308665433745663
9320,15.336353219134027
9321,19.008747038397246
9322,12.343015969854461
9323,14.169111931031331
9324,13.662457689058835
9325,15.737043203061743
9326,17.291645094311754
9327,18.164694058747163
9328,14.813409245199137
9329,16.39580618451634
9330,14.016790926360377
9331,11.928762654235188
9332,22.081252405174347
9333,19.86566025842174
9334,12.431146886840427
9335,18.509743931845776
9336,14.831709965033811
9337,13.506402685541207
9338,17.54091223674529
9339,9.974366438233664
9340,13.051835359021473
9341,22.59061553432902
9342,14.246431869905951
9343,17.129705533276095
9344,16.85811503587703
9345,12.203312679831999
9346,15.577945427070752
9347,13.942684688709711
9348,13.770832829773347
9349,15.510469021528156
9350,18.21422125556836
9351,16.388588316040963
9352,15.686842624343269
9353,13.920278112005866
9354,14.730036384595495
9355,18.111691380908944
9356,15.612632313222461
9357,15.114813300743306
9358,11.16071926614488
9359,17.887298768931217
9360,17.020137611075633
9361,16.71800659956479
9362,10.240499433284649
9363,13.967053151493882
9364,15.9674668226913
9365,15.547394155858674
9366,13.514086193709867
9367,16.81055820624125
9368,19.708598266455777
9369,15.233463295228177
9370,14.844763119991438
9371,16.172567281948346
9372,14.953438385746527
9373,14.882993395656866
9374,10.738969989830206
9375,16.20651282713898
9376,18.19696379866918
9377,14.67095020764757
9378,12.105824518404264
9379,16.562188849390626
9380,14.395699600338626
9381,18.243164948161397
9382,12.665628325894922
9383,20.804245589820024
9384,21.554479125524363
9385,14.446449001962124
9386,15.511277161336084
9387,22.58414497693883
9388,19.83504991970864
9389,13.741189470886761
9390,19.084558264408336
9391,12.438858450833251
9392,12.45428930248982
9393,17.239484129489544
9394,17.617384175479962
9395,14.340271017345982
9396,10.937553976157634
9397,11.060361010303232
9398,13.8479291981061
9399,9.702414777975676
9400,13.698843266603937
9401,12.651806296141665
9402,15.097913530396715
9403,20.370586574311
9404,13.40238061045624
9405,16.63958653983008
9406,13.866202364407076
9407,13.717103193259925
9408,17.4429567011176
9409,13.727186668540847
9410,19.542591048182043
9411,16.497441787595328
9412,18.1002451844797
9413,12.244268350982473
9414,16.11117643080913
9415,15.162907470592241
9416,19.576817628799343
9417,14.2797104852762
9418,15.726135744809444
9419,19.058453629073814
9420,12.759031565675235
9421,21.40766305477635
9422,10.48475388418747
9423,18.74845970338525
9424,14.108086758965737
9425,11.503131158773485
9426,11.99241448992956
9427,11.610119102313915
9428,14.18751142970074
9429,13.557615003189484
9430,12.901698005745011
9431,9.973949494418916
9432,13.92624881056768
9433,14.964790454052507
9434,16.20907408637277
9435,10.7855149798154
9436,16.010809438759477
9437,15.792536301218515
9438,15.280813629896583
9439,23.315900413268
9440,12.467010700548084
9441,17.096435170092093
9442,15.775385055306815
9443,11.509033539799553
9444,16.30435817853981
9445,16.69588873112809
9446,16.204704071107045
9447,14.825787187596426
9448,18.803971477292645
9449,13.559844544754295
9450,12.337812058100878
9451,14.394505903563891
9452,17.376362886333006
9453,16.45990378754776
9454,13.055645378526426
9455,15.893642311457276
9456,15.576461693101155
9457,14.12577607026225
9458,14.203346417477883
9459,12.926677627146491
9460,16.36467261689543
9461,18.134839353696886
9462,17.524936836482127
9463,20.925313155604425
9464,16.267265039936582
9465,18.462415857879385
9466,19.66227844161812
9467,14.606538954512988
9468,16.44224459590901
9469,9.068758663489147
9470,18.8517089410283
9471,15.795409853460596
9472,15.94533367754727
9473,18.317124769074972
9474,15.4303323155756
9475,12.220864234653028
9476,17.459272872959048
9477,14.905415514671592
9478,16.922185782407414
9479,17.255897018842113
9480,13.705300506950122
9481,14.81879904314843
9482,12.17445850881538
9483,14.205103727657635
9484,7.88356877470102
9485,18.918742765234096
9486,15.804203829658253
9487,11.527125698467328
9488,11.497457839430693
9489,15.18992249411295
9490,16.09292146926414
9491,23.45227590357985
9492,10.85134300844245
9493,15.300390606479642
9494,11.522329099661412
9495,16.068830989445463
9496,14.216304492330687
9497,13.978511844715674
9498,16.84241441485437
9499,15.38244524021918
9500,18.39347791578644
9501,15.327081019002014
9502,16.0341125950259
9503,14.866503438133977
9504,13.254045005915735
9505,13.722434620464309
9506,18.418542457721774
9507,15.500395987344868
9508,16.871390287548486
9509,14.315134831212687
9510,14.151795063787135
9511,14.367949462724724
9512,15.597720065523145
9513,19.633016090097108
9514,20.49065492811273
9515,12.08928727888564
9516,13.91590159159336
9517,13.477272072911566
9518,16.548516449292514
9519,17.271375862630386
9520,14.639128360375942
9521,13.751272914648874
9522,23.045184902051187
9523,24.95018109068103
9524,21.133055895484468
9525,10.565314993406705
9526,13.587646152377069
9527,10.578859948215655
9528,16.935772218353843
9529,15.663031951085815
9530,14.366620447068039
9531,16.338038001606648
9532,17.37350065085168
9533,12.325101058898328
9534,16.26480111181096
9535,24.449806455590732
9536,17.994932565237196
9537,17.95467208255805
9538,16.598171148016462
9539,21.235147329088296
9540,17.02375445965568
9541,15.323142782803053
9542,15.932745098960844
9543,10.735070564384515
9544,17.490301052241808
9545,17.731838252962753
9546,20.85659983105454
9547,16.247125092397887
9548,10.294518908509955
9549,10.63066336545063
9550,18.108724204281657
9551,18.82186531015358
9552,14.270898873263121
9553,11.260774840578112
9554,19.27185741352507
9555,15.906780957034485
9556,20.492727069847085
9557,14.719504080471959
9558,13.943233242623469
9559,18.667368689574072
9560,15.064035883311801
9561,17.002095915260597
9562,22.991494592036183
9563,14.844241680140236
9564,13.42773309066785
9565,15.35985683446671
9566,16.303662667228924
9567,13.230750050706092
9568,16.63687509635672
9569,13.25881739836134
9570,12.90751985266258
9571,15.452239519589574
9572,17.277771254990462
9573,18.69342664788367
9574,12.201796815139295
9575,17.95405043832586
9576,9.8906383082409
9577,15.522630699060258
9578,17.205007368900134
9579,13.389822001819574
9580,17.753861901107342
9581,13.480252136251169
9582,19.341126229835165
9583,18.104416827573857
9584,21.602260136427553
9585,11.952674115973622
9586,15.907432409451703
9587,19.712692770071065
9588,19.69811543257994
9589,10.83901754908164
9590,13.238878469028647
9591,25.12148029807262
9592,11.740775976562722
9593,15.07346862231123
9594,16.176495557330774
9595,16.342539073406588
9596,15.185099539862923
9597,21.941682657057534
9598,18.904706112248295
9599,13.789653800886665
9600,24.63902503660661
9601,22.896567660115124
9602,12.077977895123961
9603,8.850547491073641
9604,16.214108842184654
9605,16.24849547497071
9606,12.196777998342203
9607,17.04628373852086
9608,18.702617982971894
9609,13.231167647043554
9610,16.924475767358167
9611,15.53914538282318
9612,14.037917132567866
9613,10.484103316620034
9614,12.21633452689136
9615,12.717313921231465
9616,13.191149639160681
9617,14.336542527374355
9618,17.194844087453745
9619,14.242193997092103
9620,16.61245888822776
9621,12.1580308871581
9622,17.09009669772497
9623,12.560397802052314
9624,26.442792448934807
9625,15.805260512700658
9626,11.51771879099695
9627,11.036719455504935
9628,17.046535819308755
9629,10.28461905120168
9630,15.87208703853671
9631,18.486445058157468
9632,13.198150946287514
9633,15.300158520437172
9634,18.350962223531404
9635,11.514202584813438
9636,16.335152507456396
9637,11.688421893851771
9638,15.794485308089595
9639,12.106903011737385
9640,15.662897114553015
9641,19.764344327088043
9642,11.840340371221185
9643,12.117043452841298
9644,15.287733819140282
9645,11.798329031201453
9646,15.441527909875228
9647,15.481041098481299
9648,12.494830168910445
9649,16.54965414044028
9650,17.442137958262023
9651,12.077047242039484
9652,21.515641608939294
9653,11.18940158723981
9654,16.20029722408276
9655,11.963642615421968
9656,15.717667089906811
9657,10.663306358761027
9658,15.741763925124188
9659,15.3423480186789
9660,18.563986517073726
9661,10.201407310467951
9662,19.8380787616447
9663,8.55936703267163
9664,17.15652098844164
9665,13.453038570858352
9666,11.10568419293003
9667,13.0753641465025
9668,15.982963934161232
9669,19.93115740221583
9670,15.367910000276748
9671,18.494334982540895
9672,10.830456677444303
9673,14.383502269131034
9674,14.658446811702285
9675,12.172564470195375
9676,22.814228616815374
9677,15.607678256040371
9678,15.113538010257658
9679,23.977856528134186
9680,14.415645303879884
9681,16.482820822440484
9682,16.228654013502755
9683,21.512101533876628
9684,17.934168189764648
9685,12.298212061527076
9686,13.77046289448002
9687,11.51865500033041
9688,13.728102504483076
9689,15.846777544018208
9690,11.484621135735642
9691,13.111959740688365
9692,18.58277889074714
9693,15.132365611657987
9694,17.957440590379022
9695,18.11487568893408
9696,14.399334382842538
9697,10.142346152916781
9698,11.893264255664535
9699,16.510545509235474
9700,12.055020737713056
9701,16.60555046880806
9702,14.45838279616278
9703,15.603407702870182
9704,16.194613390492325
9705,17.53922442003459
9706,13.20516877496939
9707,15.65975877287303
9708,16.630331538067995
9709,12.832803771032683
9710,11.424050513609009
9711,16.072951050254893
9712,12.228164365773276
9713,11.428879899767992
9714,19.586617246992315
9715,12.543463194846609
9716,17.058440742345162
9717,11.37673190055906
9718,17.8342639437555
9719,19.33293294903597
9720,17.31803676501503
9721,14.669934918000108
9722,18.23383464722054
9723,19.35269248781511
9724,14.027144331392586
9725,17.894693783002978
9726,14.911596929564368
9727,12.858540447006828
9728,13.558475983228313
9729,19.030998917463634
9730,16.438495900075253
9731,14.59340123619493
9732,19.827354306307534
9733,14.693730487972006
9734,14.75358853229533
9735,20.235339701796544
9736,17.47894464376332
9737,13.263935201115725
9738,12.968416610039926
9739,16.015721794292524
9740,17.878422251660382
9741,12.238725326560504
9742,12.768089301762657
9743,11.478500039107804
9744,15.177883469546016
9745,14.923321038992402
9746,12.439539041157252
9747,13.333102928192291
9748,11.17030268825677
9749,12.610821961998408
9750,18.577767439754236
9751,15.425138909209506
9752,17.847450899297623
9753,11.166448880737152
9754,14.08651468566574
9755,11.334141697660854
9756,15.355155297194187
9757,12.091675259280008
9758,17.78077033775319
9759,15.864713074961978
9760,18.145294845241985
9761,15.013121387077597
9762,12.081338392621639
9763,13.961021719971377
9764,19.647443187196878
9765,10.73182760496107
9766,10.808862355048094
9767,16.040515484318853
9768,21.59993371768665
9769,18.40780964858467
9770,16.650256867735624
9771,17.697754681487744
9772,13.542578484348038
9773,18.254416869471328
9774,13.865402947739954
9775,11.915766026130646
9776,16.525912670267477
9777,12.560789035013988
9778,16.594008625502013
9779,17.460692803451188
9780,22.112073638407264
9781,16.447160172636917
9782,17.39888552521951
9783,14.853683694963703
9784,17.010610446743236
9785,19.184089746861986
9786,18.72315695001204
9787,16.310442750348958
9788,19.35275198420146
9789,13.386226458831883
9790,19.750726655966748
9791,15.805679092993499
9792,20.694572960479697
9793,18.62751982547762
9794,15.115352518440835
9795,17.85016164689133
9796,13.511724855086937
9797,16.603455275542483
9798,12.727293002808654
9799,20.631444952681814
9800,20.856822884077538
9801,20.065717548535098
9802,17.308297723680365
9803,10.301807429100691
9804,12.801132606001678
9805,15.87008752651906
9806,12.495075193212974
9807,13.92896543623294
9808,15.766381702412867
9809,13.67662176029324
9810,13.46780047946322
9811,17.046002469647416
9812,20.452306416203374
9813,20.874442671622905
9814,17.899515179423055
9815,20.84625017167625
9816,18.460757200688146
9817,12.702253557259459
9818,15.584086947623573
9819,15.677099172220915
9820,17.93032259324088
9821,12.668998083027747
9822,13.569756926972373
9823,18.34583035991138
9824,16.423970722033655
9825,15.555285895730897
9826,14.648930042704114
9827,14.198539490762556
9828,18.66293217798126
9829,20.14946757556353
9830,10.167243793897924
9831,18.453974034369878
9832,15.799624061381474
9833,14.586828400195088
9834,16.195902531623123
9835,11.484359295041642
9836,17.196243569146485
9837,22.05079778014868
9838,14.306819137755543
9839,22.560258383734524
9840,11.00218920422805
9841,18.559088683422466
9842,15.832876845980376
9843,21.96401418513797
9844,16.131723579219233
9845,17.787603346333203
9846,12.24787640846075
9847,17.967246325875603
9848,16.49077446785675
9849,15.045491999632734
9850,25.720538831123317
9851,12.697526647115
9852,19.946794981336712
9853,20.558670187290943
9854,11.372441187649821
9855,18.89626416154421
9856,18.110720808128807
9857,10.527482438606487
9858,17.48453954777354
9859,14.149333899582102
9860,18.070459864977796
9861,17.883932798124988
9862,13.690234206851738
9863,19.033261713068413
9864,16.612285603505363
9865,17.621918836630968
9866,16.39824818382177
9867,15.97117780750222
9868,19.86163277251586
9869,13.621096781012456
9870,13.695532149808933
9871,12.016495062963363
9872,18.9657038530732
9873,19.134852265758127
9874,15.633682802135322
9875,21.818202079355267
9876,13.047947095151107
9877,18.2836918360743
9878,16.40318918879653
9879,19.12694082935867
9880,17.20519835721788
9881,14.524236485980557
9882,19.46624424128364
9883,13.935952853689654
9884,9.254892395036775
9885,17.614366838046585
9886,13.4377681685562
9887,13.218187867125742
9888,10.70402380076069
9889,19.987135059818176
9890,19.86849633152831
9891,8.80519707561098
9892,9.985336075043588
9893,19.810489330050448
9894,13.760681508393763
9895,11.998593859489084
9896,16.488334682646894
9897,13.306403503742938
9898,13.327756765936982
9899,16.291134725787263
9900,17.75581897797748
9901,16.458977860990277
9902,14.391895933118553
9903,14.636428972061909
9904,9.176086751803949
9905,17.915509530212088
9906,13.553868203770373
9907,21.20676782961619
9908,14.82144037138551
9909,14.77887561948307
9910,13.470201283670388
9911,14.578773520664187
9912,15.78136477035585
9913,17.500743679218502
9914,11.746039780615368
9915,11.139594911919746
9916,12.108745029877278
9917,11.521291250576203
9918,18.855883980353344
9919,18.829741673088648
9920,19.605523007980707
9921,18.07525574819452
9922,14.580420336239873
9923,14.105124813380645
9924,15.851336337714978
9925,14.426482709458986
9926,20.400639751018193
9927,12.8427761904577
9928,17.047128782942732
9929,14.694587344119922
9930,14.626200819486188
9931,15.447407166618298
9932,16.949700760653673
9933,13.992142703983541
9934,13.63545995214905
9935,16.99577350617161
9936,17.681935309293156
9937,11.402179554710457
9938,14.060785519276939
9939,12.706589040903744
9940,16.642619336298907
9941,17.70478181382318
9942,18.061797077031496
9943,8.857584833263772
9944,16.884804936929324
9945,13.333250171505034
9946,10.197800520758737
9947,14.660337920649818
9948,12.742435222852608
9949,15.260028393111128
9950,12.54519637179598
9951,14.290785131755992
9952,13.43096706422224
9953,17.468212315537922
9954,17.92873202822403
9955,15.008538973803287
9956,19.110373601077978
9957,15.448395575982097
9958,18.209092996245083
9959,18.64460845597179
9960,19.26011292680262
9961,11.414261098069256
9962,19.901098844149292
9963,16.46123940399177
9964,15.35209877540245
9965,15.467015384854852
9966,13.46085364203976
9967,14.915548707860312
9968,15.389949366238335
9969,16.656229788273098
9970,18.790566559781723
9971,17.933382885331586
9972,11.717055306818636
9973,18.702111916544393
9974,17.40056122536409
9975,10.467839272253231
9976,11.442146651847352
9977,18.84775099013899
9978,16.685659509317013
9979,13.285284676346592
9980,13.22032261109853
9981,14.614390107166214
9982,15.315733530663675
9983,12.979185597115888
9984,14.959950247422855
9985,15.942631067618986
9986,14.192602951980339
9987,14.302137452524207
9988,12.72619741852138
9989,11.566917589505499
9990,17.102330927098294
9991,13.70718721070295
9992,15.070568902531498
9993,17.380682231445164
9994,12.832958211817955
9995,17.88331997339292
9996,15.636303379111151
9997,16.69875724815948
9998,17.738335270375934
9999,10.584008937359807
10000,18.493196999643963
10001,12.120776477958966
10002,12.953250922202137
10003,15.492436614924635
10004,19.052786387722918
10005,22.164557564589593
10006,12.526946686059377
10007,19.076976102192965
10008,12.128081168377365
10009,19.00605136269126
10010,17.043425402486562
10011,12.879893047972063
10012,16.69092824453028
10013,15.946190076353654
10014,16.365094271124697
10015,13.934013296005533
10016,16.2503434040956
10017,9.997041736543569
10018,17.142690701632414
10019,12.173898486410454
10020,12.450943157336695
10021,17.233068890502658
10022,20.407075239747993
10023,12.81759189777349
10024,16.371099403019663
10025,14.81550218103848
10026,17.32617967831911
10027,16.04822608765147
10028,13.513484361941982
10029,14.931850152788442
10030,16.16598346867399
10031,18.153040872064246
10032,22.01805922865283
10033,20.875649054530978
10034,22.313705848974415
10035,16.134137879815338
10036,14.020694381672229
10037,10.931655005177612
10038,20.57035167801703
10039,17.10197676749211
10040,16.842252037023584
10041,16.6350213777699
10042,17.469814047732445
10043,16.085521982396454
10044,13.647559352440691
10045,16.787294892359032
10046,13.195988608597974
10047,12.100512629972407
10048,20.520771480655572
10049,17.56751874858331
10050,13.399431667420671
10051,14.426382165408343
10052,16.587532552647808
10053,12.812180294682836
10054,12.083353351974448
10055,17.331256178119773
10056,13.222590517273384
10057,20.68933731340592
10058,13.079552314122385
10059,18.633992726546616
10060,22.090377389512167
10061,18.106408562286347
10062,14.050766201765997
10063,17.689785357373527
10064,14.939233797783938
10065,10.922585527184497
10066,19.280493457285633
10067,17.365248663007304
10068,19.372722188850968
10069,14.184052837628462
10070,16.343138404315138
10071,15.814152208143925
10072,16.316983597686324
10073,16.04912406000509
10074,18.455379830509557
10075,14.378529126057177
10076,11.56808468676869
10077,23.316296519508562
10078,18.495274104444018
10079,17.579218799393253
10080,13.923617738932398
10081,12.129678977539536
10082,12.73741741992077
10083,17.420676068308158
10084,17.607777395158752
10085,17.27756245996427
10086,20.089326490873365
10087,11.730473709492555
10088,18.143776438924014
10089,17.63714767164794
10090,15.153083510511301
10091,15.715585944400894
10092,14.2085617144098
10093,8.550784185030963
10094,15.216047220948058
10095,10.834895193523169
10096,13.914023261060322
10097,17.52672763443432
10098,18.691910649579327
10099,17.85615135964935
10100,8.795020195556237
10101,18.62197986792352
10102,16.19598964056884
10103,17.85194264176449
10104,11.623343445290038
10105,15.583105650255991
10106,11.033384250134382
10107,13.442278937646345
10108,16.715213528790223
10109,16.194146451870793
10110,14.870409624571217
10111,12.020510290177446
10112,14.464371493657708
10113,13.9044740346614
10114,15.848761909473316
10115,13.288434885698472
10116,16.05419868129258
10117,16.316233198741564
10118,19.098256871721656
10119,17.144460274325482
10120,13.358539306573167
10121,14.1119117945408
10122,15.714271350799445
10123,17.706718031322254
10124,17.354981132478656
10125,22.55572201695278
10126,13.56331712090691
10127,15.000407551786415
10128,17.869310950158116
10129,17.59241312533917
10130,21.662123371973816
10131,10.55691444689146
10132,14.098144537164288
10133,14.024882230326158
10134,11.578705585504165
10135,12.736314717945689
10136,14.308697775949561
10137,17.612652947541385
10138,14.635476441645315
10139,16.356177294489594
10140,9.93788029098372
10141,16.41252802173249
10142,16.31629424113669
10143,9.981061330259065
10144,18.765093356104863
10145,21.284853283173437
10146,14.848744052512373
10147,21.005889980493187
10148,14.335524219410496
10149,10.463832524926751
10150,21.3393418445317
10151,18.52651582140367
10152,20.079401887388354
10153,12.695106974319675
10154,14.84460747437858
10155,23.323375127854845
10156,16.219877020727722
10157,19.00432101116685
10158,20.359576106183297
10159,16.495012802198037
10160,16.483291383610155
10161,18.450651945040722
10162,12.385229834048868
10163,14.303875361451393
10164,21.54181369775958
10165,20.241625553584893
10166,12.335759850665584
10167,15.711756001488858
10168,15.986872073824669
10169,13.398307727982262
10170,10.834830940444954
10171,17.67365496615641
10172,20.062407495808735
10173,14.468875435632379
10174,14.61345755670908
10175,15.861567112262012
10176,14.12753750128869
10177,12.777681263640952
10178,12.835395499826934
10179,12.297951854389254
10180,16.717107530579455
10181,14.447733615305895
10182,13.02112174388653
10183,16.745344717874506
10184,18.98762591977098
10185,19.71582386193129
10186,13.143162086685415
10187,20.33966426837
10188,15.984882545447777
10189,13.686470873150077
10190,14.302410542173432
10191,14.352066379411394
10192,20.23602599721511
10193,10.564839516611878
10194,12.693497685199173
10195,15.083066132592284
10196,18.896224472652392
10197,14.031057805805487
10198,16.407229503835598
10199,11.083194716612333
10200,13.808894920913158
10201,15.068515563278682
10202,13.246441975734724
10203,20.9314660724568
10204,15.695396012274013
10205,19.287594289108384
10206,14.477687777334973
10207,11.729569883988987
10208,11.286439661838445
10209,16.08818628921269
10210,21.91387309452165
10211,13.664608288453913
10212,10.589479565540374
10213,12.606734534663648
10214,17.220825483181414
10215,22.932352125262117
10216,9.612914990888306
10217,17.352786708260847
10218,9.937541119626685
10219,12.988700390316106
10220,18.051471103500123
10221,18.339102550550248
10222,13.370515292700707
10223,17.39578760425662
10224,14.956460816113388
10225,13.845258445463621
10226,19.899868287961567
10227,14.606754403833694
10228,17.21400186148843
10229,15.51568809234298
10230,14.835287405839988
10231,15.589481602364526
10232,21.856442181581823
10233,13.481947033050403
10234,14.617624886018147
10235,15.836681312781641
10236,17.877377738189704
10237,15.68584508634806
10238,11.570913600369124
10239,13.511978423850637
10240,21.768225160193392
10241,16.39205895587975
10242,21.76020611005993
10243,15.843211454282521
10244,17.298172014677757
10245,19.435799689420335
10246,12.632601237076992
10247,16.6135680839771
10248,20.606198184458062
10249,20.649016783022237
10250,18.18975071198341
10251,19.251872131667998
10252,20.450311600836326
10253,13.655167054824666
10254,17.68900895370096
10255,9.829205121970944
10256,16.896978119296154
10257,18.433352976933396
10258,20.011734115419742
10259,14.786790194580153
10260,17.420012252126238
10261,12.296260581574819
10262,14.348292071239912
10263,15.990898101142582
10264,13.424357184351104
10265,25.114191686879305
10266,23.290710354777516
10267,15.10060495470717
10268,15.150995467741255
10269,14.50958123007174
10270,18.8104690015869
10271,14.805870287785408
10272,21.25835846773417
10273,11.187264683800446
10274,14.61413706076869
10275,14.283224075678914
10276,19.26562583815392
10277,17.39082020865285
10278,15.968558404947531
10279,19.099144185612015
10280,17.313452240328612
10281,14.9129599625816
10282,13.389102826120888
10283,15.540652857554042
10284,15.95330582226034
10285,20.47229123191785
10286,12.242966091118326
10287,20.113162020674867
10288,9.899342971623877
10289,16.207135622504577
10290,13.954048122131695
10291,19.696543086637455
10292,16.543858745816436
10293,12.95514262011088
10294,10.838097347493202
10295,14.653377783031369
10296,11.998401729037992
10297,15.572535082136845
10298,15.41834043088602
10299,11.918964689716137
10300,12.68181308734252
10301,16.158182415682283
10302,16.85635486970289
10303,19.51063162648888
10304,19.29349839672708
10305,18.107098276388577
10306,18.96536272896132
10307,11.699178457039316
10308,18.584809755671024
10309,14.46525710403818
10310,13.827566392212303
10311,15.522538428150867
10312,11.225270734518514
10313,12.14037597707084
10314,13.680525188951373
10315,20.125410544155763
10316,17.781668764810327
10317,15.38449909479893
10318,21.500225849035235
10319,12.382442502454438
10320,11.636031283595713
10321,19.011799730378275
10322,13.889269712832325
10323,17.022667302794254
10324,14.791107897350832
10325,11.174451401625186
10326,16.31950634040976
10327,13.559512554655747
10328,9.811097338418657
10329,18.240300910179872
10330,14.634970245632083
10331,14.948696225092247
10332,16.402063274111562
10333,17.812978427770435
10334,13.696939409111847
10335,18.700510422428316
10336,23.391325255008905
10337,13.569403688332715
10338,20.432815394725825
10339,13.57073850971279
10340,11.718921109403876
10341,9.479181349944723
10342,24.546859475129747
10343,16.92994291892659
10344,18.02179231922382
10345,13.3919233978142
10346,10.800258055209644
10347,13.015105359014829
10348,14.118880217086698
10349,13.042808618227285
10350,10.37511628508075
10351,16.38237258102589
10352,19.798269619946804
10353,14.840165085575494
10354,16.291470230746157
10355,10.944416484741792
10356,12.824996515016936
10357,18.69424415166349
10358,14.26317119475402
10359,17.174315163598422
10360,15.504383716602552
10361,13.45427341634588
10362,18.543069404691952
10363,16.017174218686026
10364,22.67533206214591
10365,13.986128182398552
10366,19.393712834973204
10367,17.424539014404612
10368,16.385321741412614
10369,13.252273047874086
10370,13.371531813066369
10371,12.803454375533908
10372,14.49436002770109
10373,11.974760040697701
10374,17.011838381039237
10375,16.050601343792533
10376,17.131522875712463
10377,12.63447998357897
10378,22.964251343368304
10379,15.527135178816758
10380,21.13949325881393
10381,14.501010184538007
10382,17.28752366874722
10383,20.64047273150698
10384,16.49959983521143
10385,15.840250974037055
10386,14.092999436547466
10387,16.980536097856355
10388,20.58166447570951
10389,14.117933572773907
10390,16.417984019250422
10391,14.909134346739396
10392,12.600324096447151
10393,14.008769818368961
10394,12.581303349255732
10395,13.072374210430068
10396,22.575712068698223
10397,12.964487508469679
10398,20.282308748200546
10399,12.354317480061894
10400,11.639219500483824
10401,14.312026938297578
10402,21.23754746136038
10403,12.807500300413617
10404,20.991916948706898
10405,12.39996108825983
10406,14.395852568041649
10407,10.495728766160829
10408,12.863995046990771
10409,14.769761306926375
10410,22.739964331775255
10411,17.058384038949104
10412,19.330097068227865
10413,19.490505364422056
10414,13.039985361193946
10415,13.766783562640708
10416,11.739792981108582
10417,17.65574612791819
10418,13.041179247826166
10419,12.83620607600093
10420,10.354962102365526
10421,23.10768832372084
10422,21.774253151807667
10423,15.125431108298635
10424,15.283530009538225
10425,17.12478479156562
10426,18.352624266022048
10427,16.039289055595845
10428,12.449341274888557
10429,10.852851588630706
10430,18.11549301359535
10431,17.024911429840994
10432,11.984735960304917
10433,10.955576790023676
10434,18.075884028896734
10435,15.798719470151669
10436,22.023372698961456
10437,12.458213047100763
10438,18.1849830139563
10439,17.01478099889347
10440,14.79923515635144
10441,11.33863663856543
10442,12.572507138966477
10443,15.452614927318024
10444,14.273806244408185
10445,18.668691333358108
10446,17.994985700516402
10447,12.562225428220717
10448,19.804081242255002
10449,17.009820090461716
10450,12.43483050797438
10451,10.805876967065753
10452,18.47822710981304
10453,14.202369521923686
10454,17.040886037616897
10455,10.087199066486678
10456,21.58609339743887
10457,19.168066227254037
10458,18.01864628827976
10459,13.120576994202413
10460,9.368327571960142
10461,13.842083199655226
10462,17.581644987468696
10463,19.154591462613897
10464,13.116123705667048
10465,10.737343815193123
10466,17.78121832632389
10467,20.906742422179324
10468,23.503374002685852
10469,16.596029153964043
10470,14.428293204740427
10471,12.89453441151539
10472,13.946683074234002
10473,12.587638364422292
10474,11.147145670395032
10475,14.02794590482873
10476,15.191309177982186
10477,11.565575885075711
10478,11.628636248847041
10479,16.674302198194702
10480,18.684494935624272
10481,12.822880319267858
10482,12.385332243360828
10483,15.578413767082619
10484,16.185033777096972
10485,14.903429540197934
10486,15.02763073058516
10487,11.319636131628519
10488,13.467674928526543
10489,17.517714427736898
10490,13.283373388393327
10491,21.809063445365748
10492,17.390016290267315
10493,12.914654823247625
10494,14.760670608285393
10495,17.314427299752644
10496,14.572655845037891
10497,18.88823732163173
10498,12.509415003498724
10499,19.104027970613814
10500,15.098779766520432
10501,22.28617948012169
10502,11.301384124818826
10503,20.275097534623296
10504,11.976659826611728
10505,18.14775738178608
10506,13.990145912022195
10507,14.009298392659295
10508,17.033025319698982
10509,14.029426298250073
10510,20.00767086038899
10511,15.369179100325708
10512,15.895172482869933
10513,18.54858197539337
10514,16.355729868253924
10515,19.212921271367787
10516,23.30905243874049
10517,10.732956188735182
10518,15.70381841856928
10519,10.684171159039707
10520,15.512261608694793
10521,12.959608565103714
10522,13.718276483751303
10523,15.583720560400883
10524,15.155212995247117
10525,18.096706139654422
10526,11.474002040344127
10527,21.337033020014324
10528,14.288227592588774
10529,9.473258161937208
10530,10.29391732800168
10531,16.078002628210125
10532,12.985231446515032
10533,13.839001606591408
10534,16.962503273885485
10535,13.665628325865447
10536,13.864058929909705
10537,17.20000210620805
10538,18.989535598764515
10539,13.135087237918562
10540,16.089599249494498
10541,14.971917734878764
10542,20.827636948441388
10543,13.840837872546784
10544,17.588733557755813
10545,14.350216169568384
10546,17.804553589445753
10547,12.022401480956292
10548,15.923432237579583
10549,14.897271064164874
10550,17.247386149088967
10551,19.227325105653357
10552,13.672101614881479
10553,15.717371388314469
10554,11.382233681936524
10555,13.68080657282726
10556,11.029107906611237
10557,18.656653501660717
10558,17.027108274941682
10559,15.417852176110284
10560,13.684208501445648
10561,20.189893519666295
10562,16.786961266760798
10563,14.25189532211782
10564,14.444304390922529
10565,15.33474226773016
10566,16.47005033680373
10567,20.58602373707479
10568,18.079611419089225
10569,17.24136439090621
10570,11.286986212269383
10571,17.221099774349273
10572,11.700875507231812
10573,21.943474393467554
10574,20.976222356725362
10575,10.635764410899574
10576,15.32932463595818
10577,19.07733880251374
10578,19.31046347660475
10579,17.7718882492347
10580,15.003770365059436
10581,16.102528259530793
10582,18.268631503392278
10583,18.576482553287406
10584,22.206214674425325
10585,15.06038928838922
10586,14.324004533284333
10587,16.591052563668484
10588,18.94702654536967
10589,20.720518610262378
10590,14.172161372090496
10591,14.61637908008671
10592,13.357054482882146
10593,15.027092214756143
10594,19.765405209477223
10595,13.048069168858886
10596,16.870675736547646
10597,16.514681276162648
10598,11.74656544953723
10599,13.458356797583766
10600,18.47449634520821
10601,13.812897536415534
10602,14.921143069507318
10603,18.445138985713697
10604,17.964367890036296
10605,16.178861652388175
10606,13.036187154496908
10607,11.978454441078732
10608,17.799147579696285
10609,14.282471583236104
10610,11.30216565892717
10611,16.515614782635247
10612,13.445253514984552
10613,17.891205860962316
10614,14.546436983178188
10615,17.418359776315942
10616,17.79612686451756
10617,15.809302738973505
10618,20.687995906776234
10619,19.900402699898287
10620,13.576905970180357
10621,15.36463836067567
10622,14.363548180560699
10623,14.688686147616835
10624,12.648184063758926
10625,13.992940047510492
10626,14.498515983189117
10627,16.46185375248337
10628,16.450906377906296
10629,13.602592910714252
10630,17.908251536545542
10631,17.865821152265344
10632,14.431312167432015
10633,13.825932714029822
10634,20.63177384263079
10635,14.390291403408494
10636,21.12873395996631
10637,17.06407250219402
10638,18.688770806590867
10639,14.979726312710698
10640,18.008335164717764
10641,15.867568085283972
10642,16.843063429488385
10643,9.896715232732994
10644,18.702013499778637
10645,13.406142287998096
10646,19.738476816760816
10647,22.636809790808584
10648,15.059092225158768
10649,13.794346154532901
10650,19.445178328892986
10651,19.19348459532414
10652,14.643137211945845
10653,12.858976460217821
10654,13.367127940938403
10655,10.063529005089459
10656,12.880457966862322
10657,14.921234681716964
10658,13.648520684145645
10659,14.045292482929154
10660,17.611035680800192
10661,18.97361030965387
10662,16.195140004740633
10663,15.676855139391252
10664,20.277487164138037
10665,17.072360269367458
10666,17.13433076274427
10667,17.862900649873477
10668,16.793321715758587
10669,11.171969450788474
10670,14.535490895688254
10671,13.240530162339962
10672,19.362407743389422
10673,12.382880342704471
10674,15.950068123534951
10675,17.090751632650736
10676,12.799945025759929
10677,15.702179000064687
10678,18.564521142017142
10679,18.49428449143514
10680,16.550500989453788
10681,16.23677382664754
10682,17.029055877999394
10683,18.84290102450589
10684,17.743647892045864
10685,21.630331405919666
10686,17.31023060641679
10687,11.334461230853176
10688,14.374096640941262
10689,22.88303674727919
10690,14.985562873035814
10691,14.819530372325726
10692,20.84339068556476
10693,15.892432143255723
10694,14.703643872702418
10695,9.15978388080414
10696,12.677470504326712
10697,18.044722601423157
10698,13.890894156194387
10699,17.48439027032604
10700,15.317610291984673
10701,16.537522811982758
10702,15.595114287580481
10703,18.561279444503747
10704,20.38822161630009
10705,11.907188848210073
10706,19.06108427990281
10707,13.28526665794778
10708,13.54520146374057
10709,10.716307209864237
10710,14.382062934569666
10711,14.960888109823442
10712,16.456461550653078
10713,16.392245059254677
10714,10.280074376218503
10715,17.02517865860282
10716,16.91609569240682
10717,15.948092461268129
10718,10.714393818798905
10719,17.09316849592411
10720,12.675075973618295
10721,14.301636212649159
10722,13.145006779174054
10723,14.792313222257757
10724,18.82118150106685
10725,16.29842286456561
10726,21.813936543423917
10727,18.172967385143586
10728,14.757234778348254
10729,17.99446749003659
10730,18.567718726319193
10731,17.50930801097901
10732,18.897238577770267
10733,25.93693745845034
10734,15.636781736121895
10735,16.752383716063243
10736,18.359656615217652
10737,14.316689181704474
10738,15.642260433245477
10739,15.317148916907064
10740,15.354776383327307
10741,11.06294641398603
10742,18.436951471724917
10743,19.040516461385014
10744,17.230684310365202
10745,17.711289150257407
10746,9.877434290163741
10747,10.604633010131574
10748,20.877135449578795
10749,14.73912800023465
10750,19.98225728465027
10751,15.26446211974612
10752,20.046126663202593
10753,21.499651980802618
10754,10.60455461929225
10755,16.458270002837473
10756,12.98878150393563
10757,20.398514725396232
10758,14.795596693551019
10759,11.598876741923428
10760,12.03534041261041
10761,11.768738872097872
10762,13.923296095469167
10763,14.796914034329554
10764,11.016120112845023
10765,19.65392879797951
10766,15.68515874353882
10767,16.368674994887325
10768,14.95813052251275
10769,16.350189186705038
10770,14.280372814120124
10771,14.330766962437052
10772,12.859234249128095
10773,12.267733803348923
10774,15.977776529827842
10775,17.822368761546908
10776,16.810369346039824
10777,19.14863464375652
10778,14.283528771118899
10779,13.573511557145578
10780,18.64383117687283
10781,9.98928863706869
10782,13.944118524366308
10783,17.07002123124793
10784,21.543981447313996
10785,10.347229186491463
10786,18.182794430898753
10787,13.100975656616432
10788,16.72621862082738
10789,15.737974411504604
10790,20.576840216723575
10791,18.92245599603111
10792,16.945201244316188
10793,15.901420941306778
10794,12.449344504056803
10795,13.88583349182828
10796,14.540498253679113
10797,18.75389802074542
10798,12.277624242093655
10799,17.052774896770924
10800,17.59867802226104
10801,12.048167653388106
10802,15.412742341733189
10803,16.371853122968012
10804,9.053034431106976
10805,14.162098749331712
10806,13.620153866084985
10807,19.634909228041995
10808,10.694883866092292
10809,10.53258031682165
10810,20.12338694360748
10811,17.852300882735197
10812,12.012952425780002
10813,17.45880734453517
10814,15.56308148370587
10815,15.050074010155837
10816,16.691222622471535
10817,14.724040762229446
10818,14.248093277421509
10819,19.781026657212383
10820,14.834474533600503
10821,15.999959484256078
10822,14.587587606754898
10823,12.240672829903573
10824,11.085252854027592
10825,14.938244780362412
10826,20.208212416993707
10827,16.554717624196215
10828,19.136045782772523
10829,12.801895743879971
10830,12.926868104352256
10831,15.815748495065705
10832,20.972521591323783
10833,12.127649488448851
10834,15.715007759345678
10835,22.806360035504067
10836,13.864297210476144
10837,22.21613347038265
10838,22.90799926028882
10839,12.433017030217524
10840,15.174635001234016
10841,15.317794129121753
10842,11.213585216940015
10843,20.607808254711834
10844,15.883821291222736
10845,20.114936501515672
10846,15.73108104921041
10847,15.55640275908382
10848,13.254977918574358
10849,18.135575380910176
10850,13.322147641593132
10851,10.014474341596467
10852,10.847619665863434
10853,19.60457962898043
10854,18.03800179130591
10855,11.074414459823904
10856,17.882229061968246
10857,11.318816343424684
10858,17.658330257027746
10859,17.979260720058008
10860,18.525358982887237
10861,19.074444838575236
10862,16.285124885581578
10863,20.219469824795734
10864,13.596369085057885
10865,19.248299913397517
10866,18.526061158272462
10867,15.885334815860965
10868,16.702354610386866
10869,12.50285342738604
10870,15.254514240004257
10871,10.098047684331023
10872,13.751306198605054
10873,13.490470986707901
10874,17.55188526830512
10875,13.670759924548806
10876,17.559374162757763
10877,18.234791692268836
10878,19.999329763537602
10879,21.17311944530078
10880,13.238808016904976
10881,18.144604564795536
10882,17.732071630902094
10883,10.33691375114272
10884,15.731073408286859
10885,14.734672387198662
10886,12.245132385784617
10887,18.116987386193088
10888,14.86004626890858
10889,20.883824659241725
10890,13.154837404677817
10891,13.925675984209434
10892,14.827091384831808
10893,15.166125465410804
10894,15.743026972415764
10895,18.368899686423838
10896,14.891669465259044
10897,18.376929223620888
10898,14.941715314396092
10899,14.993418125574264
10900,11.577839925589526
10901,20.811155744910796
10902,19.232470760215982
10903,17.2208115873075
10904,15.716798273175643
10905,13.23062978055955
10906,14.728506379891714
10907,18.997316303513408
10908,20.620880413523363
10909,12.016846118687951
10910,13.200972952650481
10911,13.89323744687421
10912,10.152039056403979
10913,21.421412200990993
10914,19.005489786590026
10915,19.647789205245253
10916,15.368918956564055
10917,19.80684006929819
10918,11.537202988812714
10919,17.339495653412317
10920,12.261160016200998
10921,11.793550580949638
10922,20.150944358022958
10923,14.995981410300102
10924,16.06017049276666
10925,13.096470960602787
10926,14.216893696572559
10927,22.84814992403871
10928,12.285898521741416
10929,13.532526460162186
10930,11.322275031378464
10931,20.855323140786187
10932,12.873218605812038
10933,15.735376529337543
10934,16.84584780024278
10935,14.762826222955425
10936,14.189393207806269
10937,14.849904134741776
10938,14.230837641083584
10939,11.65331027396234
10940,11.948978618315218
10941,13.051413007968273
10942,17.045140173610214
10943,17.533769533059978
10944,20.355809618639427
10945,17.149539591705967
10946,18.655608739118186
10947,15.540451029955708
10948,13.0758160663148
10949,14.050054185369293
10950,18.852944923243435
10951,18.762524321967938
10952,21.724273871509745
10953,17.093661927266606
10954,12.482433705759282
10955,11.182055818738354
10956,20.56301674973611
10957,11.914922023475143
10958,16.97781759237544
10959,17.84712906704794
10960,17.65933375650417
10961,20.435654175656264
10962,11.225562926017142
10963,10.788059892527759
10964,12.774036468896142
10965,17.7500932474711
10966,16.467775558780577
10967,18.46953734420868
10968,13.402918722380399
10969,15.40250511984913
10970,18.892158104912614
10971,20.286193904536127
10972,15.04496691898613
10973,9.402117396060937
10974,18.87097103585839
10975,10.660840612153777
10976,19.794873424342168
10977,13.673471981337487
10978,19.001365047460546
10979,16.89053047683155
10980,12.69551475358573
10981,12.388316761031419
10982,15.209400971618454
10983,10.25630036192667
10984,11.487373041461733
10985,14.778954351278404
10986,15.84011500925895
10987,13.69592854389574
10988,10.92147851723327
10989,10.544799176758634
10990,12.389496309871438
10991,13.522822672498608
10992,14.094468884270984
10993,11.700499302363877
10994,21.431709188334633
10995,13.39981504040147
10996,14.699450809201126
10997,13.510639791716304
10998,18.38736445682312
10999,13.04419209528525
11000,13.822189742525588
11001,13.922147396347238
11002,21.257276819769693
11003,20.839560969784845
11004,10.478778484776084
11005,13.275077609592572
11006,10.641676587881268
11007,18.67169503190277
11008,14.415842433101346
11009,14.185055200949744
11010,15.43281019514683
11011,17.04449628822566
11012,14.981162923888181
11013,16.218955574844465
11014,14.673780112587231
11015,14.486868763175526
11016,14.999103051454108
11017,18.97597789543004
11018,15.925679119063034
11019,20.16220217774098
11020,11.465437658436885
11021,22.087245148528744
11022,25.74555695686809
11023,19.52719001682306
11024,19.03481397499679
11025,9.76836021864186
11026,16.832156249003564
11027,19.23867183182114
11028,16.398444557987766
11029,13.171839995082138
11030,16.047293704195265
11031,13.717798735120956
11032,11.738506276860916
11033,13.782163609019985
11034,13.773847517153728
11035,17.19347082720784
11036,19.542325008996897
11037,10.923630295574542
11038,15.83111836332072
11039,11.75552047384436
11040,9.224258189195908
11041,18.13603766481111
11042,15.060475868163207
11043,19.842727631168472
11044,17.33547156974285
11045,16.68649432283725
11046,18.590556188425737
11047,17.512317587219965
11048,16.968261167244012
11049,14.063086618151136
11050,13.211529409432654
11051,12.95346649806767
11052,14.83536797455274
11053,16.164903527851077
11054,18.597433227543462
11055,8.92168571796974
11056,14.54721762194177
11057,12.011944771412795
11058,17.917944810649928
11059,11.828435377772157
11060,16.414538426720814
11061,12.27799712738178
11062,12.733408913778076
11063,16.739508155434468
11064,11.54025204746371
11065,14.187047971011191
11066,12.027703970542172
11067,18.021015710331817
11068,13.488703194692082
11069,18.389690231686867
11070,9.319622482732036
11071,10.240365004327789
11072,15.34320789884594
11073,10.17631730960777
11074,10.783775915121494
11075,15.150602644124461
11076,15.079031381227168
11077,17.864084968659174
11078,11.472541049059311
11079,16.997529305735828
11080,8.03212655540884
11081,11.628444083347873
11082,17.739228050289068
11083,18.135792612700765
11084,14.935205885001174
11085,14.250104204188775
11086,18.147200545534517
11087,16.445303047966206
11088,13.427490382216995
11089,19.127243697406453
11090,12.199018922971359
11091,12.739152464017193
11092,18.251403139790305
11093,16.110306540317936
11094,16.707376745593187
11095,10.607497215317988
11096,17.660146449946875
11097,16.871513600224763
11098,10.124137732084039
11099,14.500174521615257
11100,17.879697895211034
11101,14.563716652273868
11102,10.643428873000799
11103,16.150720359622724
11104,19.761686463014144
11105,17.016322792302034
11106,14.333955890439785
11107,13.420482935540987
11108,14.293927840572776
11109,11.403084996769588
11110,13.30165515410386
11111,14.065729638677157
11112,15.190698903219367
11113,14.998995207553865
11114,15.845959139982236
11115,16.60220379890527
11116,16.410273987060037
11117,19.67303866694686
11118,16.86475767650123
11119,14.549661063618997
11120,16.190588845129113
11121,12.67084816274741
11122,13.300450395685111
11123,11.906702678275487
11124,12.999901544489386
11125,15.527921413157898
11126,14.669005051535374
11127,10.980550357859876
11128,15.987104823555024
11129,15.216307856920071
11130,11.333288970710928
11131,16.269736685412543
11132,22.015848784428275
11133,16.828608717100145
11134,19.579440893012308
11135,12.156055094626895
11136,10.144505252104631
11137,17.482625031718854
11138,14.564824701014128
11139,20.470792410810553
11140,13.526830225923488
11141,12.575127627111153
11142,10.94208014090608
11143,13.347149233127112
11144,16.68639072652631
11145,22.46016009414628
11146,19.850621623454348
11147,16.135190359796628
11148,11.331414459026922
11149,9.624300384891333
11150,17.738053487806702
11151,16.40725699294729
11152,19.494564903896695
11153,18.355949897317554
11154,13.222641701878795
11155,14.760747750913762
11156,11.877018531372686
11157,23.957015466714644
11158,13.744908239350973
11159,14.279048743833354
11160,15.997083231825627
11161,16.844639398489296
11162,21.035716197790045
11163,14.135736974700585
11164,15.222188865584528
11165,18.17921159418287
11166,15.206797927677089
11167,16.733464903593465
11168,11.983816793634043
11169,10.057933751729
11170,11.487755696758772
11171,18.90742108420677
11172,18.0434899360015
11173,15.546521162456324
11174,16.971988272463808
11175,19.84291799210624
11176,14.476740558407883
11177,12.377913936264557
11178,18.873923417975043
11179,13.424166054962955
11180,18.8772226716062
11181,15.369019842691737
11182,20.743198718903077
11183,17.196594026757303
11184,17.369282683171345
11185,23.967436962492297
11186,9.607723242633421
11187,16.26680783450372
11188,16.04368152166148
11189,20.881499553966748
11190,15.300851365527508
11191,20.897519716093903
11192,16.906823773406835
11193,17.274323149987442
11194,19.650686571121344
11195,18.578941203856395
11196,17.703115855926235
11197,16.079554956864776
11198,11.02451803806215
11199,19.09987946431118
11200,17.97370099941948
11201,13.248729601802202
11202,17.637553271407334
11203,16.90974492094571
11204,18.601149691164842
11205,15.39216055110925
11206,17.655113140226796
11207,21.16716034666868
11208,17.11629068824934
11209,11.771827193094385
11210,18.811676086884265
11211,14.127249506092326
11212,14.294353872762736
11213,15.570136908923818
11214,20.238316074578364
11215,10.534539191785898
11216,11.85608104605209
11217,18.555181643902625
11218,23.506835356316678
11219,11.70723923540494
11220,19.303198724913923
11221,13.970532631234986
11222,16.29703732247862
11223,15.907277854845185
11224,15.795060261940568
11225,17.67715153617042
11226,11.093695296376747
11227,16.866471227894404
11228,13.784830310627957
11229,12.46422749180068
11230,12.17954152782906
11231,14.077656024304767
11232,15.242654053543545
11233,13.161324981143979
11234,15.121341602534933
11235,16.85329624467801
11236,15.678237639166793
11237,13.54255220066938
11238,14.287318129832702
11239,15.07366936048732
11240,13.270302024032468
11241,12.776982629533721
11242,13.598158045575381
11243,18.720264469632333
11244,19.612538833973144
11245,11.387726975698278
11246,14.388834739203848
11247,9.26512753404016
11248,13.302774075114304
11249,12.197982872432481
11250,10.816536192072705
11251,12.015720517200789
11252,14.099157513673395
11253,13.615252985880911
11254,14.08348196495237
11255,18.817238024310797
11256,15.42859509443666
11257,13.029774094504019
11258,19.112305299497287
11259,15.56333099445247
11260,25.670298191807312
11261,17.35925218805072
11262,15.92594994697498
11263,17.20561464766529
11264,19.234249181821678
11265,13.936050628459256
11266,19.478691578420282
11267,11.356980178399096
11268,17.423314901942387
11269,21.90238544826435
11270,14.778926168437032
11271,9.401767906290285
11272,10.239642239130461
11273,14.307238972520853
11274,23.312219993173255
11275,19.533789596864356
11276,22.45589431524262
11277,17.274786285928762
11278,13.490436420663308
11279,12.841842752427342
11280,13.971831878491587
11281,13.068301849443511
11282,18.423144293501444
11283,13.07908334564665
11284,13.392094631731823
11285,14.420376852154327
11286,13.995248757047406
11287,13.229194523904516
11288,16.9907473819594
11289,18.245378458680754
11290,14.762851332537615
11291,16.74371333212367
11292,15.559824017104763
11293,14.78497703689832
11294,20.075503257792946
11295,16.415934198386694
11296,15.710779593770821
11297,9.489194221053854
11298,10.707338337226211
11299,16.801085210517527
11300,12.172947850942299
11301,12.287376558601224
11302,16.392233694779566
11303,11.10350829513523
11304,18.18524485424092
11305,19.41328100555967
11306,16.651706929922145
11307,15.052311314574121
11308,15.417550135842834
11309,14.958625167618749
11310,19.206280109386427
11311,14.120857684751542
11312,14.971601039348485
11313,18.22441332940599
11314,12.107756907954718
11315,13.32597142911853
11316,14.702515043461739
11317,14.898496092958869
11318,13.792174288152594
11319,11.73239538237092
11320,15.517399329723604
11321,12.276699097615408
11322,14.066947142576181
11323,9.951917543666966
11324,18.79667809943451
11325,15.658848071330803
11326,13.595897839110492
11327,17.946751065663822
11328,21.40371777867715
11329,12.853293901318212
11330,20.209275163414222
11331,14.435539141020861
11332,14.22946312557308
11333,19.755102791469156
11334,11.500507442979842
11335,18.661404871991948
11336,16.230565738091
11337,13.15272452322548
11338,11.886711533483401
11339,14.910460765972342
11340,15.78102054218783
11341,13.556606661322139
11342,16.123896118189407
11343,13.046359479104831
11344,16.123594401611587
11345,15.848853728437327
11346,14.036993775762827
11347,16.153375034608068
11348,10.24356997450174
11349,16.90835100394561
11350,16.55986480747482
11351,20.64210226738624
11352,13.76457672421397
11353,10.220593640938453
11354,14.16175603773135
11355,14.421513824229887
11356,20.16042036915727
11357,16.826089029977737
11358,19.01959137797331
11359,10.58863085017711
11360,19.19802662058692
11361,15.57981532148605
11362,13.302611171901098
11363,16.1985014363099
11364,22.30119822374698
11365,17.5839092526293
11366,15.782445217880698
11367,15.506392058591354
11368,17.292989077922652
11369,10.995197108960237
11370,18.79072312967861
11371,16.048518454409095
11372,16.080877647151837
11373,11.44329945507398
11374,16.147735857433407
11375,16.81198791563869
11376,20.732208375291744
11377,16.230142269392044
11378,15.646777578090239
11379,17.378448910252608
11380,11.516624703762979
11381,12.975255884299333
11382,11.044773840593974
11383,13.814569656616422
11384,13.850213948674085
11385,18.058397610154433
11386,13.344762015897766
11387,13.402408452242248
11388,14.56051720757205
11389,8.818470229575139
11390,14.809076278120688
11391,13.275052534771083
11392,23.155617380060313
11393,17.296221106695764
11394,16.409695065992395
11395,20.046645238410505
11396,10.817425809309817
11397,10.360761532928501
11398,12.318454358522027
11399,16.802688909723045
11400,17.205435284793868
11401,19.578107160629557
11402,15.508834439557702
11403,14.624624503313537
11404,22.47964657927826
11405,15.037994466149716
11406,17.179487181151863
11407,10.494616293133088
11408,18.199625512555354
11409,11.61063187432564
11410,18.554552055322823
11411,14.920204142316514
11412,13.793205510245826
11413,12.900060435289687
11414,14.731917852047694
11415,14.143133889048775
11416,14.2905944191082
11417,21.423469941242107
11418,18.4877221870835
11419,12.722522338598283
11420,17.224441419130155
11421,13.345967662643996
11422,15.798224345684966
11423,18.367471912141518
11424,12.064947128462158
11425,16.144401564914098
11426,18.16372501179699
11427,13.953001569603991
11428,21.8957515814413
11429,11.328557049751039
11430,15.57028648613944
11431,20.710847318867874
11432,20.81166047762437
11433,16.775054610818636
11434,13.27942917337926
11435,16.91997849691221
11436,22.657221233802964
11437,13.862168878256895
11438,14.679946289835629
11439,17.586554433904737
11440,16.38662473651766
11441,14.828403230677173
11442,14.61655724396034
11443,21.227511848302075
11444,8.427723459200962
11445,16.601561374274283
11446,15.157615497688028
11447,18.130044862906942
11448,11.599984162114797
11449,22.851854123142374
11450,12.432978149302325
11451,18.240126747622575
11452,12.927058433223845
11453,14.703710172844879
11454,21.289999139676734
11455,14.547784146276127
11456,11.449038651976725
11457,12.663439430995409
11458,18.700185392113195
11459,13.459600602950314
11460,17.230309014549185
11461,12.093526839776626
11462,18.21935914621698
11463,14.240068077061114
11464,18.657621488592483
11465,15.063382299089897
11466,15.83640134837935
11467,14.86321528524361
11468,15.24165332665326
11469,22.781175698685253
11470,17.360702555516824
11471,18.88906132855527
11472,14.626669118053446
11473,16.470024848120644
11474,14.376580586959557
11475,16.84878513707225
11476,13.904162494954642
11477,13.802450799286298
11478,11.859808643849972
11479,11.997402262148299
11480,11.361243974040473
11481,16.486570333831185
11482,17.84082558677811
11483,14.583791068619144
11484,20.313466322683883
11485,14.059547237926823
11486,11.57227066910477
11487,16.27964432468345
11488,14.877876676110102
11489,19.392127857148104
11490,14.756834865391133
11491,15.81845472854742
11492,10.572688441186711
11493,20.03340207184895
11494,15.59912051191479
11495,15.015470952917601
11496,21.346754908862195
11497,17.281064796911323
11498,19.007036690531258
11499,20.504715542809887
11500,17.690653965893087
11501,11.39273583570027
11502,13.210997551864496
11503,13.903715350158404
11504,13.722619732767278
11505,19.44430862585413
11506,17.565537389139102
11507,15.685340354926572
11508,11.674800173151263
11509,10.632679674610523
11510,15.73648367015695
11511,15.758235556128437
11512,20.72212883725432
11513,16.418219739914186
11514,17.544632478560285
11515,9.827982593146146
11516,19.152632410459145
11517,17.536130860659714
11518,23.451202985238968
11519,12.905036592847235
11520,14.671932282453767
11521,17.08926708405577
11522,14.442294488394728
11523,16.473474809578047
11524,12.843007834089205
11525,15.238933614567477
11526,13.432790085428495
11527,14.435977549979873
11528,16.110831142472723
11529,8.960026024629647
11530,16.281608197925856
11531,14.52286967728865
11532,18.51263650989729
11533,13.569102742723516
11534,14.306829817709424
11535,12.42025777429659
11536,15.521680186198733
11537,16.421490764457968
11538,21.901351215550644
11539,11.762266832745068
11540,17.253266330901383
11541,19.47147095221901
11542,15.172757616058552
11543,14.643464549053231
11544,19.247271097311177
11545,16.129173828829376
11546,14.365732952490877
11547,11.845709488939821
11548,23.713401278190194
11549,11.362022443395857
11550,17.539584255941104
11551,14.20371196291535
11552,14.742857106356583
11553,15.42214419080169
11554,16.327626580075574
11555,10.610242246172914
11556,15.4294385433652
11557,16.189031274339055
11558,13.862581813009674
11559,18.54292621679771
11560,14.609370232360936
11561,12.590747843437637
11562,15.41462159810351
11563,12.13001792151474
11564,19.682930442080053
11565,17.060764029811672
11566,25.09291935906863
11567,15.763675383568483
11568,16.579722169226557
11569,10.067376616817413
11570,20.279101949158466
11571,9.803135586384958
11572,16.519239620305957
11573,14.287418076509935
11574,23.05177430651528
11575,13.363561991185296
11576,14.669142686543976
11577,13.011118235952992
11578,17.24160926802531
11579,16.73434615120491
11580,17.96085256483095
11581,16.118582992310138
11582,12.07065241675207
11583,12.992826098399117
11584,16.67775815622126
11585,11.900276786659736
11586,12.085409783937983
11587,12.60907285308428
11588,14.799877734177128
11589,19.06166338087255
11590,17.537323747360578
11591,17.36472853373078
11592,19.42949919408603
11593,20.61517495014484
11594,12.435725522064462
11595,19.86786712943808
11596,12.703334075316707
11597,21.32934595727358
11598,19.985205157613
11599,16.48991796978249
11600,15.537568699885764
11601,17.546649832424958
11602,10.651162374914547
11603,12.446635268338675
11604,15.26989807360771
11605,19.8048137811685
11606,15.191621189456107
11607,11.415457207165247
11608,17.0902801067336
11609,12.863975692130863
11610,16.657454255080953
11611,18.12246853599631
11612,14.611528874773395
11613,18.135392542031187
11614,17.263024185510876
11615,19.623785105070326
11616,13.519272084388795
11617,12.553599814387482
11618,16.82185095692632
11619,15.955531789545509
11620,18.71407497250972
11621,15.318746119312227
11622,15.353593683128885
11623,20.097910770076236
11624,15.478649557722507
11625,12.351618132443795
11626,15.810902073887686
11627,21.938552793816047
11628,9.139250042661432
11629,12.055648030332106
11630,20.396317752812624
11631,11.87554403343971
11632,17.77107207327499
11633,11.49369846032562
11634,12.413800150927967
11635,18.053543872992734
11636,13.06988539798381
11637,20.977454783971893
11638,15.436883878102476
11639,14.197255640582082
11640,10.106545582961408
11641,11.219906808767591
11642,15.716798772300205
11643,16.480153940262237
11644,12.657939013995314
11645,17.207014654784565
11646,14.98806078199965
11647,10.578712586314941
11648,12.5551588719048
11649,12.201540590950145
11650,14.137885325230334
11651,15.219355061582133
11652,23.735103619477346
11653,12.869965568337184
11654,12.900235000672671
11655,15.572984208771022
11656,17.96693089334198
11657,13.72223384261813
11658,17.81356457692505
11659,17.070593065557723
11660,16.674455674900965
11661,15.858608222888021
11662,20.874320028627746
11663,14.006686497459588
11664,14.83106430595611
11665,10.993560029487387
11666,17.3807924107564
11667,15.098724045406746
11668,11.918321080811758
11669,11.844496731906583
11670,17.91813932373853
11671,14.959243689305085
11672,18.12312348043087
11673,11.492829908826867
11674,14.153848529606064
11675,18.014213489577426
11676,12.734991405234767
11677,11.026230833910642
11678,19.554057294449493
11679,12.46196683587695
11680,19.133280931416326
11681,17.70016163013613
11682,15.736206414411415
11683,9.967560015861073
11684,17.098174328476365
11685,22.144332551345325
11686,9.950904979300073
11687,15.031155850379859
11688,16.570772348070324
11689,13.288704062673094
11690,20.203513473255768
11691,13.467439944352364
11692,13.611015893843044
11693,13.963619434568406
11694,14.047177444423214
11695,18.213383425803276
11696,8.662284773456713
11697,15.64487782532276
11698,16.582147446666383
11699,13.568169191126417
11700,17.474642180307804
11701,13.23799684244365
11702,13.041643947131654
11703,15.30209507853863
11704,15.779366910159553
11705,17.63238015849433
11706,21.29014478604892
11707,14.560489697294882
11708,14.458929539660586
11709,18.70629147511752
11710,14.826833378617577
11711,14.322523523943126
11712,14.865050013432608
11713,11.180924721353692
11714,12.506981212961664
11715,13.322669562722792
11716,19.529041477299657
11717,15.669659749916459
11718,24.200643766252924
11719,16.663499739092792
11720,19.02028016149691
11721,14.685095858071723
11722,14.557533683132275
11723,13.128598151674431
11724,14.697047988033312
11725,15.314487396146472
11726,15.64764351068241
11727,16.62545459286067
11728,18.309270525904235
11729,14.488132874249507
11730,17.628038427029068
11731,20.114349969809545
11732,10.634288516402828
11733,17.863256164755196
11734,15.581397089932688
11735,17.222223130247468
11736,10.779480611179446
11737,18.083056039385575
11738,17.6374964823907
11739,18.604510404406106
11740,10.795527446504925
11741,18.914499426051925
11742,17.157619356462146
11743,12.677395258633505
11744,19.811948559553624
11745,20.51643257351107
11746,17.407877080790094
11747,22.356993872760455
11748,15.89265946530464
11749,16.16963268410848
11750,15.101886076584035
11751,17.04072616235776
11752,20.163115258691167
11753,11.813301425169142
11754,14.708777843730532
11755,15.225945961195036
11756,19.147378174842334
11757,21.78785064079755
11758,11.107524658774288
11759,19.84692659527294
11760,13.593208177958433
11761,14.861844587679615
11762,16.18549646387914
11763,12.875643817170006
11764,18.240918996391223
11765,16.599694693484984
11766,15.860243189415971
11767,13.595630973881287
11768,9.361247448137243
11769,10.72774209288702
11770,17.832153888707673
11771,16.956343880332387
11772,16.029560299226464
11773,14.07041418313137
11774,13.676150635802772
11775,12.346699984579661
11776,19.557394547600563
11777,16.537054761925468
11778,21.797081000270612
11779,9.583929598528705
11780,16.848884927893646
11781,13.831343950614382
11782,14.205361402989872
11783,17.840259078665646
11784,12.041177476322254
11785,20.109861824740072
11786,19.695483486435673
11787,15.630192751385115
11788,16.086319624987706
11789,14.26357869608767
11790,16.272179607122165
11791,18.789014221474257
11792,23.977434755882825
11793,12.977001153996614
11794,24.467759782743787
11795,14.457465116939938
11796,17.868421643047768
11797,18.132905714683204
11798,12.043398924555213
11799,9.836559901660989
11800,13.099340627940053
11801,9.920286450665202
11802,18.988697817429742
11803,13.65623979345666
11804,16.504705861294624
11805,16.633791304315892
11806,12.707814229135941
11807,20.717731768460666
11808,12.68038021143024
11809,14.995513387598773
11810,16.966935009965663
11811,19.17712438870412
11812,10.592030431126148
11813,12.857328390924424
11814,13.935502919546769
11815,17.386217379569697
11816,16.505929038257843
11817,12.083670856743923
11818,16.38120830154077
11819,16.01973339535891
11820,14.464571803185764
11821,21.152271388566618
11822,11.828900664984372
11823,18.09974036594973
11824,14.98685453628396
11825,10.378164851876635
11826,18.028656371714536
11827,14.33329877214023
11828,19.30411099092819
11829,18.853497911562403
11830,14.599587389998996
11831,18.43374531608682
11832,20.118673089655882
11833,18.704210998094762
11834,16.587872040933114
11835,12.965963622054053
11836,14.272751955159327
11837,17.92478897317658
11838,18.168913028061134
11839,15.486628188096118
11840,13.457581780079632
11841,14.748536019113718
11842,12.132412146771381
11843,14.671104803746942
11844,15.94219083525691
11845,14.733614325899124
11846,19.55874461179455
11847,16.578994913637224
11848,18.23774657447459
11849,11.191877764405254
11850,15.28801026815753
11851,16.104193420994445
11852,12.834796280067911
11853,17.771210120469426
11854,23.160271591248428
11855,16.359253745721766
11856,16.41157004470435
11857,12.223338032528437
11858,14.473583327704407
11859,11.757094981890692
11860,19.995468178033818
11861,12.68314610254296
11862,9.990874451265991
11863,13.03647296201786
11864,14.203805059007268
11865,14.746338219921638
11866,10.835972398539637
11867,12.646475199549135
11868,17.75737470968417
11869,16.532240076466422
11870,12.116657357543719
11871,13.426618264753765
11872,18.094968970431687
11873,14.631163768403633
11874,19.0831563111754
11875,9.57607623376668
11876,11.782946386203296
11877,14.292244969718002
11878,8.709134904753572
11879,12.549719376020898
11880,13.415640963727096
11881,13.706396095929566
11882,13.360162373804911
11883,15.498016879115548
11884,13.46642331332
11885,14.297919078762234
11886,22.179293940096354
11887,24.041917757362732
11888,16.075603936761716
11889,18.82258124377873
11890,22.130517269074275
11891,19.20621260575903
11892,16.353853586533347
11893,15.27673479028959
11894,17.787274843920585
11895,21.520106540775632
11896,21.942627369527504
11897,9.995984817426091
11898,14.815759340397006
11899,21.845821619693478
11900,13.098667746929937
11901,13.872393565669325
11902,17.958533483063608
11903,11.21937752504191
11904,18.81373474473037
11905,14.056788697265953
11906,16.968991733139102
11907,17.146525204833285
11908,15.284549278692708
11909,18.763834941523427
11910,11.405376941384036
11911,19.049791675371317
11912,20.067432602044665
11913,16.675719947904835
11914,12.059742417393315
11915,9.868028227325889
11916,19.856613565554103
11917,14.225886769406364
11918,13.768654286926251
11919,12.191987329404618
11920,12.044355429878339
11921,13.640054318400956
11922,16.875458733542384
11923,16.199918564244243
11924,11.454598582306451
11925,18.745873729605012
11926,13.39478623650372
11927,11.816122871096427
11928,14.758751514742883
11929,16.3728947078403
11930,17.429011035314808
11931,13.122084651988558
11932,19.595583715913502
11933,15.032426309205716
11934,16.947522368268256
11935,12.946970343096682
11936,18.891283584826873
11937,18.273949392854277
11938,12.12410844407928
11939,13.540600008807866
11940,17.871490127958598
11941,10.006950032350774
11942,23.090113887694837
11943,17.23777332376059
11944,16.428072234902487
11945,15.562591647569667
11946,13.205803483856256
11947,14.24458142909069
11948,13.429599089917367
11949,18.603115371143222
11950,16.86105298906782
11951,17.943117362317277
11952,14.6693553082507
11953,8.920798441721097
11954,17.111709521040655
11955,14.216104314107334
11956,16.17160954459157
11957,17.0590443360263
11958,10.59980953457358
11959,14.332492624706246
11960,15.760670416435623
11961,20.093602160798774
11962,11.239943760822685
11963,18.137489673015462
11964,14.40438773018375
11965,8.153436929962975
11966,13.201659384789897
11967,13.119678259831023
11968,18.644798784411243
11969,14.311101384338405
11970,11.032113658331738
11971,10.390443297097637
11972,19.733165249023184
11973,10.502813443146705
11974,14.395786039499718
11975,17.803538148133068
11976,15.694468656303135
11977,16.98172413502679
11978,13.057772999522461
11979,23.943161952913847
11980,14.682762155064875
11981,20.0348544131889
11982,19.032299614038827
11983,15.705098685178491
11984,18.1981574882432
11985,15.144646129711772
11986,13.315887118009025
11987,20.588601726828887
11988,16.953073097544056
11989,14.53073692383335
11990,13.94836339293801
11991,11.65968087291771
11992,20.04073541981489
11993,14.357725395441262
11994,10.237853016119534
11995,11.71238967645067
11996,11.547824697292528
11997,23.178058856250605
11998,13.897477067601104
11999,16.526996254212627
12000,18.653787430487743
12001,19.285069629479732
12002,17.37163603975207
12003,18.9691102837183
12004,13.037436803269888
12005,10.965781597785934
12006,11.074349150385867
12007,12.866704105089747
12008,14.105018821469903
12009,12.246632861502853
12010,15.684594506396866
12011,15.747329651256804
12012,20.229167305391485
12013,21.437662119325733
12014,13.811276901085206
12015,18.50200908387017
12016,15.7767029698222
12017,16.740378577356843
12018,15.938181293187933
12019,17.471306488416108
12020,16.986962168354744
12021,13.144694304764112
12022,8.990580937893512
12023,12.69849451539596
12024,14.857062304305927
12025,19.6753262766728
12026,16.022570434041622
12027,20.29743568296269
12028,10.869994083814165
12029,13.563711494878495
12030,10.924583626373327
12031,15.28377695893548
12032,16.726068700862868
12033,15.97081421677948
12034,9.127991092697215
12035,12.658660772007456
12036,20.091059080687184
12037,13.88574770185873
12038,14.359567693886898
12039,19.026804944402407
12040,14.986524819150018
12041,12.7895614611436
12042,10.607234873865533
12043,17.31560782397814
12044,20.464284432328096
12045,14.885649478818385
12046,13.010141447390692
12047,17.347920494357744
12048,14.072507725874715
12049,16.13440932496659
12050,15.215091946913518
12051,20.003361875612978
12052,20.909890581633295
12053,14.713533564157158
12054,16.89183313978306
12055,15.20901717713031
12056,18.41472739023625
12057,17.131857392597755
12058,14.746524828073936
12059,25.572938550988095
12060,17.43038439719695
12061,15.419496187048958
12062,16.023124127106165
12063,9.320288811762135
12064,13.585840092375614
12065,16.97245129923344
12066,15.029505756938578
12067,13.432266135906659
12068,16.659244962638464
12069,13.512319886454696
12070,17.308597956279133
12071,14.849371614956203
12072,18.560056134257614
12073,14.2854197615924
12074,17.008264481511244
12075,20.087490756489085
12076,10.211884104820893
12077,18.810291121467056
12078,15.748277927338322
12079,17.22234893997957
12080,13.208937498292578
12081,13.0006821314444
12082,16.262949617864994
12083,8.72991518891418
12084,14.834139125813904
12085,18.098890562686854
12086,15.821257586304204
12087,19.283784760915832
12088,14.962097005091113
12089,16.96212607881797
12090,13.57229818120853
12091,19.71944353540707
12092,13.661118012313693
12093,20.910980189607084
12094,16.596849621921358
12095,13.16704857658463
12096,13.591439099734972
12097,14.18084200722681
12098,14.252847685492675
12099,15.317581508975756
12100,13.630059250425548
12101,20.13528928019574
12102,10.795598037127986
12103,18.3408848869796
12104,15.182230950542303
12105,11.540212138238502
12106,19.871527525105023
12107,13.737514677116591
12108,11.323993429211159
12109,15.614372714825205
12110,15.214381448732816
12111,19.244600574929926
12112,16.346911218149906
12113,13.472425923268261
12114,15.336204843451352
12115,19.79502030727886
12116,18.723104648876088
12117,18.202902389307347
12118,23.508437461295568
12119,19.13074516911909
12120,15.70470401124768
12121,17.852321606221206
12122,10.668911703346932
12123,17.21060534821419
12124,18.730118123292947
12125,14.361271506150556
12126,14.71635449091265
12127,16.839925358885182
12128,10.368710962457518
12129,11.90097327124069
12130,14.553022981330113
12131,15.491715410290961
12132,15.738852995372735
12133,21.339229876157816
12134,17.963315622964444
12135,10.710691058064445
12136,14.050142416063867
12137,17.102555008112684
12138,19.29765131318156
12139,17.955759143454785
12140,13.793445165200927
12141,16.943627455205732
12142,11.032075369772722
12143,11.99817359708585
12144,16.645740749057857
12145,15.435870356244592
12146,13.218390558286828
12147,13.66160393422177
12148,12.60115563391128
12149,16.644535922994137
12150,9.620810719510382
12151,17.055187180619043
12152,14.390750849107622
12153,10.931172051111663
12154,15.106396768818763
12155,17.83520746469141
12156,19.214923631795582
12157,14.782980857943567
12158,17.381305433161593
12159,14.544020918443566
12160,16.948488735721458
12161,10.971541878749948
12162,13.790910716307737
12163,17.67052990483392
12164,13.495581901241092
12165,19.2537629591825
12166,18.61561249369212
12167,18.741452643779617
12168,14.064274885209047
12169,18.859779142969188
12170,17.33044265048213
12171,11.735436170443032
12172,16.529520855041266
12173,15.263951053471187
12174,13.95763065646925
12175,13.638900825719084
12176,12.0880841851964
12177,12.8395670422609
12178,18.41649842203524
12179,11.723119109083816
12180,13.716557041024615
12181,14.673943475976953
12182,14.080976448651972
12183,13.870373905110135
12184,15.79161643288821
12185,13.051615740686545
12186,11.971732373918224
12187,21.89731029240953
12188,11.715383027443256
12189,12.989279041315154
12190,16.574943340396256
12191,19.8594029303817
12192,14.462881434264112
12193,20.67439030998343
12194,12.778091923351768
12195,11.494201575710683
12196,17.474848778277718
12197,14.683343702391973
12198,15.040672384074378
12199,23.07006720463273
12200,10.24044010454117
12201,18.42118790386039
12202,12.939307807206262
12203,14.454079509507688
12204,10.883555657882711
12205,12.686562769536103
12206,13.691530701947324
12207,19.46857659447666
12208,14.95243496930211
12209,14.858262601383172
12210,14.45617022575573
12211,22.664636915131187
12212,15.606965193026813
12213,10.35318502853199
12214,17.832628434787726
12215,19.502380337669702
12216,18.479382301376013
12217,13.105837994915392
12218,12.87303527369382
12219,19.97878910218091
12220,17.489832164197104
12221,18.139200473533258
12222,10.79179560835847
12223,11.492574526294298
12224,17.632670067252615
12225,14.80261947341338
12226,14.873365323470413
12227,15.381257545616972
12228,11.780188380702134
12229,16.427059216214225
12230,14.998632162706075
12231,20.34832103706928
12232,18.039188021156512
12233,12.82959958543725
12234,15.487552989724962
12235,13.416648592041009
12236,15.71947513958256
12237,16.3002761060671
12238,16.00660994744363
12239,17.99877113623362
12240,14.64319240408736
12241,15.213013702366787
12242,10.735246640292067
12243,14.40899554605311
12244,17.287987645747855
12245,15.32135716495398
12246,15.905830303475291
12247,14.42608588661927
12248,13.789972609152333
12249,16.197582529218337
12250,11.47658857384506
12251,18.873887199842763
12252,13.093495062444198
12253,12.969596414013125
12254,12.67370033617631
12255,11.429682510158202
12256,12.652895304296939
12257,20.430741447731805
12258,18.17244176484415
12259,19.374486611204446
12260,14.013195062151931
12261,11.893985597784098
12262,10.969222945019846
12263,13.297981012315493
12264,20.39329138018755
12265,16.308459884327352
12266,14.830704764195657
12267,19.698992771141736
12268,11.33995273646391
12269,9.23733560594916
12270,20.755194805887374
12271,13.283896592278335
12272,14.239995516091403
12273,17.88014305094868
12274,15.11881951849226
12275,17.126047623079856
12276,18.983207182294606
12277,25.778388149709347
12278,15.106647535277292
12279,11.870175219919414
12280,13.91724063767849
12281,14.745819938548527
12282,12.843457939073685
12283,12.7128851362647
12284,14.357990168661575
12285,19.77720315150296
12286,14.918015634996507
12287,18.879962124530273
12288,13.058147429423656
12289,15.90230667986094
12290,12.379102610818743
12291,11.122894974006325
12292,18.374758899409112
12293,17.56156755128944
12294,13.37792280978746
12295,14.48860024021179
12296,12.60991041055828
12297,15.481887746449512
12298,14.135734214975631
12299,18.443956479319542
12300,17.45252838794602
12301,20.35377994799936
12302,17.245004971853923
12303,13.877302700948455
12304,12.96214044637348
12305,16.619764532667723
12306,12.561105906474491
12307,16.569411964967184
12308,16.704608014924645
12309,14.883465417428186
12310,17.854243233574596
12311,21.390338115141574
12312,22.68172729348045
12313,15.406044508045472
12314,19.629009242528017
12315,17.819782472502702
12316,13.865846467329028
12317,16.35339942447034
12318,14.779765669056374
12319,18.842021088277225
12320,21.602979213621946
12321,11.969347287140929
12322,22.184809213362247
12323,20.211585321542834
12324,17.167349905948424
12325,9.793410484086225
12326,15.437155021134789
12327,14.2570787466613
12328,14.002433166592228
12329,16.81431885017842
12330,17.34846065192597
12331,13.72488897125792
12332,22.352657917512005
12333,14.19032019338701
12334,20.391166114385488
12335,15.152326901009062
12336,15.267318345959357
12337,17.040202149822832
12338,14.7736684718279
12339,14.058264019089206
12340,20.652880355835823
12341,9.51603844027506
12342,16.4425385163585
12343,11.365217534983755
12344,15.119551114879737
12345,15.749822486753377
12346,14.936335280468159
12347,16.53791879356115
12348,16.13726208099373
12349,13.58713371436488
12350,10.231435500127533
12351,14.932329588365803
12352,11.982280777035209
12353,16.412328518850725
12354,18.075670953203183
12355,14.274110365993092
12356,23.50884839660103
12357,15.456628715943163
12358,19.346086151688663
12359,13.510795954294396
12360,10.67460247269279
12361,17.42931185953372
12362,12.833035359728308
12363,14.860016039435157
12364,15.128994230615383
12365,11.801884821630217
12366,11.840282026668447
12367,12.61298088776583
12368,16.670435776158794
12369,10.776723208988617
12370,23.42217387676896
12371,22.889981364697217
12372,12.427654904010422
12373,16.441242786604455
12374,14.04387092946067
12375,14.978609425702421
12376,12.330202755581205
12377,14.159802707365609
12378,15.032243788445475
12379,12.930576955556834
12380,15.20548869575139
12381,10.634224756490717
12382,18.57807957244163
12383,10.795951216614066
12384,15.316282118776453
12385,20.592104588026963
12386,9.32004102086426
12387,17.004016241516496
12388,12.440841862344875
12389,16.943780627383767
12390,10.860418662875484
12391,11.462557454969236
12392,14.6356832857354
12393,19.020545130080624
12394,13.040004149366514
12395,11.583616032240126
12396,14.57951210833638
12397,13.222729707596377
12398,15.66136081107406
12399,18.64311503058085
12400,16.668940286765295
12401,14.725205248762734
12402,21.25055405230431
12403,19.414882507142046
12404,17.022906867639275
12405,15.847111002258526
12406,12.125641575300667
12407,12.868102711444834
12408,14.404923977479186
12409,19.212957002073065
12410,16.89004550085991
12411,16.61457627648499
12412,9.204370458374967
12413,19.919957437593673
12414,15.616725967982182
12415,15.291234894437636
12416,11.91931370176372
12417,22.323680113629745
12418,15.04930139802545
12419,13.202835882898668
12420,9.931326778965506
12421,16.10508057595522
12422,20.503188534854523
12423,13.563911301909947
12424,16.14514485909791
12425,12.443567093029671
12426,12.190863977840777
12427,11.549480358716684
12428,13.461530114209458
12429,17.249035716417126
12430,15.254797732504276
12431,15.78920527594686
12432,12.65122821831093
12433,16.217263413281845
12434,15.549346272438475
12435,18.8404006752875
12436,12.978207268397671
12437,14.72757011886034
12438,14.670106556649637
12439,14.385712041792331
12440,11.227814595694793
12441,10.855583852454165
12442,13.693206482621093
12443,12.222576438501324
12444,14.445762000701434
12445,12.936186022654592
12446,12.893519685239909
12447,16.441968763039185
12448,18.594362956368577
12449,16.637067865387134
12450,15.231655509895354
12451,12.735272226458608
12452,18.720673725407394
12453,16.39271719982782
12454,14.881626110585522
12455,13.300715842075391
12456,18.763053672205935
12457,20.072665840423852
12458,11.435172315566502
12459,19.203847536676758
12460,16.30768782505235
12461,14.260016438419372
12462,19.393891990452474
12463,11.71027037907803
12464,13.048390779105624
12465,20.26240430581249
12466,22.941133705595405
12467,14.594023257690154
12468,13.792337653790025
12469,18.545627289575798
12470,14.911122556435995
12471,17.01245684954871
12472,16.710111642798278
12473,16.249276927909573
12474,12.908827752087843
12475,11.228698463479498
12476,11.44206514980231
12477,17.968718956197126
12478,13.852624129086092
12479,11.309094347345646
12480,13.587475302935093
12481,18.986995187936582
12482,22.066349160189155
12483,16.963549817678526
12484,10.80367412297935
12485,15.10387861421003
12486,15.928755281606017
12487,19.365711970358575
12488,13.486491066797221
12489,10.241868470789488
12490,11.61700299822686
12491,23.464379277728106
12492,18.466994540551884
12493,17.225191993874517
12494,19.67692450571079
12495,19.3254629061146
12496,17.282223489219607
12497,20.33974277231316
12498,11.205914093303665
12499,10.634955317842163
12500,12.836448937353753
12501,11.549270264297958
12502,17.910524870684167
12503,17.24716871892515
12504,11.982760599280967
12505,9.374088052135473
12506,11.252478607407475
12507,11.642744341017812
12508,11.68766536049205
12509,16.574138743765268
12510,20.2515667719794
12511,15.150824440339747
12512,21.779689044329473
12513,18.607352708386017
12514,15.47669489795358
12515,19.15659331754156
12516,13.04857327289796
12517,13.262792382769343
12518,12.255815566344989
12519,12.68681894458821
12520,14.553704714319327
12521,11.749504155483121
12522,9.15265051116077
12523,10.515461079157
12524,13.536112986142836
12525,13.923252974758883
12526,14.359762208200527
12527,14.768672111455588
12528,12.83213116913812
12529,25.45595609522352
12530,14.39178046123765
12531,14.493943571252856
12532,15.321371988959546
12533,12.252514152699874
12534,11.711526803773944
12535,18.381145759952904
12536,15.071487302163398
12537,19.820851701833767
12538,19.41518435353846
12539,16.398079654159332
12540,21.136951897456985
12541,9.988543575570667
12542,10.72107558920894
12543,10.66107704581674
12544,22.6377382478674
12545,15.492476250653093
12546,12.244847395944237
12547,17.01245486727364
12548,17.540634254853682
12549,17.425069996268924
12550,13.015380109655133
12551,15.525916410114371
12552,12.668891248519577
12553,14.252094287207033
12554,13.545454069693387
12555,15.91386398333754
12556,21.30954823344307
12557,16.807156766580253
12558,17.138638962395635
12559,15.43031883444622
12560,19.29944198320893
12561,11.355050933333272
12562,15.460380200468197
12563,17.762357893270497
12564,13.467195143851121
12565,10.411588610342054
12566,17.5505604158399
12567,12.558398937251727
12568,11.330575169175539
12569,10.437174201605437
12570,16.803076597356466
12571,13.887380654160113
12572,12.51941770634667
12573,14.696954057019777
12574,9.56980566640352
12575,15.615653222198619
12576,14.460161245276804
12577,17.42658183041753
12578,18.782692275296252
12579,18.96483810325378
12580,13.32367295891526
12581,14.801924060841843
12582,15.644430821517362
12583,19.193116956885472
12584,12.663064089425845
12585,16.946158691176166
12586,10.694418386205392
12587,19.194853436859553
12588,14.88157700946157
12589,12.431327049354605
12590,17.29434817910959
12591,17.080956280186786
12592,10.149812981398727
12593,13.76428525724669
12594,15.675780632324685
12595,20.67665150824207
12596,9.792593297561886
12597,15.149429523882446
12598,13.525162687410592
12599,12.86986029945813
12600,21.511562065850374
12601,14.488391315509872
12602,14.727046364379797
12603,19.283951296360204
12604,24.88755181816211
12605,14.122953920615801
12606,19.555728676291753
12607,12.413300911021265
12608,19.857160356653466
12609,12.219956106654628
12610,17.70818654480981
12611,16.78176752942193
12612,20.30208523059055
12613,11.79198931688804
12614,17.75204734819439
12615,18.69107898410979
12616,10.276437641060523
12617,23.65357702000384
12618,15.94369667377012
12619,19.59162452356244
12620,11.109612036977463
12621,16.44173427274341
12622,16.963603990497003
12623,18.767167892718955
12624,9.327916255775616
12625,12.940497119155086
12626,20.75678757145092
12627,17.309719667593136
12628,16.425551285414432
12629,15.066750392458802
12630,11.90339940212521
12631,11.731939888367403
12632,13.800639412239452
12633,18.30134146847179
12634,16.26735170564235
12635,15.260960051664904
12636,12.630724209668887
12637,15.457260017534951
12638,21.68593191240314
12639,13.353391480182633
12640,9.465067070280877
12641,12.00253898181939
12642,14.709200433647391
12643,17.66390744063249
12644,20.058093788449995
12645,14.197170375616881
12646,13.557904867543867
12647,13.835546855653483
12648,13.979790899343417
12649,20.656864944219596
12650,18.710207020326685
12651,15.725759638588858
12652,13.161277551834074
12653,13.370980931225112
12654,13.665593183906239
12655,15.096031874553978
12656,16.21023041916087
12657,12.290722167603258
12658,15.821424896129432
12659,15.496429197248997
12660,14.29548407887624
12661,15.283224793552508
12662,10.55598146826534
12663,13.885731183741486
12664,22.414087334124854
12665,19.30333250233648
12666,12.883305127906047
12667,14.397049081924425
12668,13.259189869884372
12669,12.612434872286778
12670,13.057939970958971
12671,16.722743844934943
12672,16.791625761306882
12673,13.819158845616702
12674,10.35427949899349
12675,12.21641263508601
12676,17.97416571156334
12677,16.81361851476993
12678,13.47696978325762
12679,16.26402506084877
12680,18.328285928516433
12681,15.693214651150047
12682,20.25044641257169
12683,15.2679373061512
12684,14.01306849294197
12685,17.275930078200002
12686,13.944601149863136
12687,16.815811409341517
12688,16.704614560242526
12689,13.956591039539807
12690,18.985126301647036
12691,16.218955200287038
12692,12.551887979654385
12693,12.207384412677822
12694,15.513973784473789
12695,12.33773330886839
12696,12.715405299140143
12697,12.826423835906988
12698,12.170213317050285
12699,19.12191597301925
12700,15.915338418731098
12701,9.312188603428316
12702,12.47883617850628
12703,17.486656981533176
12704,15.831909256826853
12705,13.721828451870287
12706,16.885543416691224
12707,18.608518973565246
12708,12.825919607213784
12709,16.567776406487404
12710,14.761263068394818
12711,19.341812923217446
12712,13.872195358301937
12713,17.592841357145808
12714,14.34179172865091
12715,13.959324821669092
12716,13.406772685650717
12717,13.847137913930805
12718,15.015416019904114
12719,18.24373756289032
12720,11.202146534544234
12721,15.391307974327185
12722,10.34614221349447
12723,17.98235307511528
12724,13.63769820781162
12725,16.774253906194375
12726,10.321935652530783
12727,15.8554217860815
12728,11.776109382660252
12729,14.83972642158835
12730,15.497963121094292
12731,11.050898634231665
12732,18.020724837653425
12733,14.432704315584441
12734,13.743670238461595
12735,13.548434722136577
12736,10.94061707207158
12737,14.241865815027834
12738,13.669379488377732
12739,16.821112769718862
12740,18.005308175102876
12741,15.05732269961001
12742,19.244838372804168
12743,15.15205503427629
12744,21.152784681010118
12745,14.525897072175653
12746,17.285076967904466
12747,12.492553822681984
12748,15.13169437685123
12749,18.12017532983525
12750,21.235575964476297
12751,18.16461874234781
12752,11.826367675679343
12753,14.645195342311416
12754,20.50874460192732
12755,14.97002294493448
12756,18.338087355743724
12757,15.240786727713003
12758,11.744206306684724
12759,16.55586101067225
12760,14.6540160391423
12761,14.124786952283827
12762,18.274810136380374
12763,14.205693252054362
12764,18.198746527482776
12765,15.964045189180972
12766,20.33404708010776
12767,14.140470871070319
12768,10.373546922682564
12769,19.36030135518121
12770,15.84348987888483
12771,13.674325781771339
12772,19.24824230137029
12773,16.423915643331068
12774,13.765855928362319
12775,14.634797025802275
12776,16.667419211516687
12777,11.122246056833372
12778,10.23223300235656
12779,12.288565012950475
12780,14.867957428724832
12781,16.825454671104744
12782,11.006827110149006
12783,18.38690143255721
12784,16.1542378067521
12785,15.920180755086637
12786,18.498118539123084
12787,16.83895434969931
12788,13.609021579931934
12789,12.30813680651438
12790,17.848387457634505
12791,17.62736364981439
12792,11.757426069046852
12793,16.680066275618767
12794,19.275336655847905
12795,12.138130246186766
12796,15.600323824751754
12797,12.046473026605168
12798,16.27193216273515
12799,14.630008260846411
12800,11.28178504378965
12801,10.461060192619202
12802,13.734790357920486
12803,15.78592396277637
12804,13.355024188191354
12805,11.931737637747256
12806,14.281956770249078
12807,13.519822174956577
12808,14.628723589672894
12809,19.86227600821539
12810,19.86787521595644
12811,20.21432045912886
12812,11.815801244037383
12813,14.728293098508713
12814,17.982341865112762
12815,13.561728583249767
12816,17.107234045256984
12817,12.525627533119298
12818,12.361643963320672
12819,18.457793138128277
12820,17.969975941545364
12821,17.962743423060576
12822,11.912220965838051
12823,13.51299686478091
12824,12.821061752975647
12825,16.6080713625308
12826,11.446134836280354
12827,16.838863744781357
12828,18.640528655663243
12829,14.318319922529296
12830,12.963584985380749
12831,12.28997627311947
12832,15.072276853982322
12833,23.272366447568633
12834,15.132483406458777
12835,16.888272560996246
12836,16.250188240780957
12837,19.408023256071505
12838,13.634241773981925
12839,21.783128999118833
12840,12.916496624171954
12841,13.356093869645209
12842,14.462923046137849
12843,20.43824257797772
12844,11.601719846958524
12845,23.586360656720682
12846,18.167094665144074
12847,24.21606714666203
12848,10.62700360290784
12849,11.933019700181134
12850,15.745527129560323
12851,17.06139558306244
12852,19.477121410668936
12853,17.122766982041348
12854,11.916595363175698
12855,18.41382115502269
12856,16.71411515268245
12857,16.87918974306854
12858,17.50453353203623
12859,19.85611292243198
12860,18.681609960123993
12861,16.931239906731484
12862,12.497336831571843
12863,15.12898144638801
12864,11.044894132197793
12865,16.781253685079626
12866,16.05155563148731
12867,18.0717590958138
12868,17.242178420146967
12869,16.163177884802263
12870,11.671614053299988
12871,13.999954687915604
12872,10.295412527139014
12873,11.21646733518902
12874,16.586840204775317
12875,15.538062730292694
12876,13.169899726806968
12877,13.959896938076794
12878,13.799230576520436
12879,18.49309262032447
12880,11.906180060939432
12881,21.0911145713136
12882,21.159030157502613
12883,12.847408480972737
12884,15.431214811619022
12885,20.946116514490015
12886,23.98844785182337
12887,13.732540644003066
12888,13.679085292805913
12889,13.250367048755106
12890,19.06558940137242
12891,19.325791096948965
12892,14.632051161119678
12893,16.580498524226964
12894,13.076209785096477
12895,19.004555530570048
12896,13.07283592163324
12897,13.947332808046724
12898,14.813452047755135
12899,15.560766453817916
12900,11.55029592826218
12901,11.679489940190388
12902,12.731778535256344
12903,9.797224023900407
12904,22.39416043194439
12905,16.046017147989968
12906,14.468573094430557
12907,13.816844014720314
12908,17.555384271116274
12909,14.061075741308775
12910,17.985487841706693
12911,17.190053585487536
12912,14.915748527138785
12913,20.214667157939655
12914,14.169017271088777
12915,15.575896279018385
12916,16.932133404551152
12917,20.454393191873752
12918,10.748192034870144
12919,18.396280599834054
12920,18.791341174028293
12921,16.633424665923755
12922,16.9800872588951
12923,13.496418882630651
12924,11.956513229283244
12925,22.83798680997953
12926,10.087306217998943
12927,12.638843588047788
12928,20.54994433693459
12929,12.543840630075112
12930,16.32991090073579
12931,10.647293585302867
12932,11.624202008601316
12933,10.829678058261477
12934,22.52743357791194
12935,10.445494066247067
12936,14.77651656838249
12937,17.38418568188764
12938,14.217865743394823
12939,15.046207813761482
12940,14.43391270556447
12941,15.286660797246121
12942,19.48788106186457
12943,10.793410386706423
12944,20.732732786690043
12945,15.873637578703597
12946,15.978183229519976
12947,15.935763664461149
12948,14.890743483935456
12949,14.0062924204349
12950,9.817262207233949
12951,16.42462947439862
12952,16.60293357931131
12953,13.393016641288483
12954,13.033891079320892
12955,14.267580930372073
12956,14.821822685637665
12957,17.27675804751383
12958,12.861776135141751
12959,19.748004083905773
12960,11.590861075393397
12961,18.209057627581707
12962,15.16835764323214
12963,12.090722576841205
12964,16.482736247855804
12965,12.806598215680587
12966,17.744249984460176
12967,13.91380389367662
12968,11.094114575218416
12969,15.227519815008627
12970,13.369109206410899
12971,11.095889386293788
12972,10.822850041445829
12973,17.793079013055426
12974,16.559514811829022
12975,16.031319852627007
12976,13.498523919788195
12977,18.312290356424192
12978,18.068860272003757
12979,14.794185854575439
12980,12.01687724668423
12981,10.82776543973607
12982,16.37882810076455
12983,13.651209245289156
12984,9.193569060504677
12985,15.130306499008185
12986,13.603504468804301
12987,14.173597770382603
12988,15.753688703952397
12989,14.294036697526522
12990,15.858978035783359
12991,15.621368927594341
12992,14.153811722430282
12993,12.319107532218949
12994,10.737416932958295
12995,20.453693574730128
12996,16.965067697750698
12997,20.60741652670025
12998,12.260394513133505
12999,22.04606115433936
13000,17.825067607919312
13001,20.90256745686688
13002,13.940530718433184
13003,13.835151671156943
13004,16.260647099002032
13005,17.051904216755997
13006,20.734364639822566
13007,19.7039905005078
13008,11.079108165765703
13009,19.894605818901823
13010,16.691630819405614
13011,17.05918494829201
13012,14.544441664573869
13013,11.793559394016416
13014,15.808564777413542
13015,14.019825829614593
13016,12.859794293330204
13017,11.240442206591725
13018,20.487883758673
13019,14.757455649740898
13020,17.890919792464405
13021,16.732758451572064
13022,15.492063387155866
13023,11.640896992531895
13024,14.050177598715301
13025,13.846128204017473
13026,16.05784885936055
13027,15.652339951356787
13028,14.168943208161087
13029,20.855255107448162
13030,12.445237988711828
13031,8.527394409230487
13032,10.334859480193611
13033,14.600380554085966
13034,17.557220828272897
13035,15.078877751801105
13036,14.09486524536913
13037,13.454682961197946
13038,16.608537313574047
13039,10.262472917337568
13040,13.298951119003831
13041,17.84310373015809
13042,15.414284377548464
13043,14.678899770885389
13044,18.621715192762686
13045,20.605635895547834
13046,18.345768768008096
13047,21.30331174651607
13048,16.204716778861624
13049,11.921649037677419
13050,14.014282684620925
13051,19.37020695113005
13052,17.881010501835604
13053,16.519010154991324
13054,16.325386557812518
13055,10.783152208834911
13056,14.475093088461493
13057,11.513385266486154
13058,16.96766896682406
13059,11.898684707842643
13060,17.320923336324284
13061,14.69388413085337
13062,15.220042169081605
13063,14.492771408301572
13064,12.865987982897725
13065,20.66547941865621
13066,9.672541074158154
13067,17.65685155066677
13068,19.637127308777835
13069,19.067754695428967
13070,8.255676503806582
13071,12.969503461036284
13072,18.93831741009469
13073,15.764640599699742
13074,12.115139527687138
13075,16.187181175595523
13076,14.751652658160308
13077,19.24966305563854
13078,23.326792785660878
13079,16.51148451529616
13080,17.954678641296038
13081,17.303959255911117
13082,20.168165065128377
13083,14.978837063328683
13084,12.71690713518877
13085,21.068001827749175
13086,12.478340177124645
13087,18.964324877017
13088,16.8326317537225
13089,15.21447155092456
13090,16.385683259745328
13091,14.43966703779769
13092,15.879974101358034
13093,15.09513790397418
13094,15.479909672601677
13095,17.116623554894918
13096,14.309887004393408
13097,13.994937565573123
13098,18.286372806129577
13099,17.46998478527807
13100,17.265942385402138
13101,14.369727528996739
13102,25.047382942467607
13103,17.606428613710616
13104,10.699711864373446
13105,17.045142450165667
13106,20.716983085622406
13107,15.706170301932763
13108,13.647265533751808
13109,13.899918939613679
13110,17.49163682240697
13111,15.680407161410379
13112,9.734394750408095
13113,13.69968387271818
13114,15.89903649073345
13115,15.501918785210169
13116,16.705841729960778
13117,14.172194473563835
13118,17.525015592989497
13119,11.590078298513715
13120,17.880455540146095
13121,15.62961620698598
13122,11.877132162691884
13123,15.26839956589859
13124,10.347744973742188
13125,11.07775451243012
13126,22.73590546525847
13127,18.801429077249278
13128,12.92579815851711
13129,13.408793649665196
13130,11.026865280907264
13131,21.360220104044295
13132,14.321513058672338
13133,15.11413021475399
13134,14.518066895251419
13135,15.053660723651891
13136,16.183282994550165
13137,9.763915241815061
13138,15.680339721583819
13139,18.033778759626806
13140,14.213419187605245
13141,16.01463971906279
13142,18.42868818046906
13143,14.319511515849783
13144,22.130221090937386
13145,16.90567191247036
13146,16.36492176364126
13147,15.849339312692265
13148,11.611474059612814
13149,19.096705137661793
13150,13.984433806171621
13151,17.23439315258105
13152,10.925557142526324
13153,11.581955374328679
13154,17.333773633084874
13155,16.66402264716671
13156,15.400225892238927
13157,14.86091668020278
13158,10.86767524337326
13159,17.58984264084775
13160,16.893794738365163
13161,15.878066274192422
13162,10.805398370166326
13163,12.352143963090793
13164,15.57175588764197
13165,13.697465614838713
13166,13.782552728960711
13167,14.348082348092158
13168,16.266456623024357
13169,17.466893574862134
13170,10.828431361843277
13171,14.895568877118574
13172,18.554339801533477
13173,12.705161329085554
13174,19.498937048122215
13175,18.503989242086526
13176,15.040779436040816
13177,16.64232180510854
13178,14.831897916365786
13179,13.514043530822459
13180,14.011435549197367
13181,19.969020447501865
13182,11.60989931562841
13183,16.95045954411407
13184,15.329256686702726
13185,16.17423419965129
13186,13.69246450804819
13187,14.974683331936705
13188,13.818062783110433
13189,11.755257560824308
13190,17.208558089774076
13191,19.532780103218066
13192,9.9998452959732
13193,17.880623229942508
13194,13.040862805685059
13195,11.375886171918344
13196,17.101067278050504
13197,11.89028733047402
13198,15.263410354246163
13199,15.978972458404414
13200,12.806745598942138
13201,19.93624021672097
13202,18.14924872531128
13203,13.687480764669854
13204,20.90911584335926
13205,12.576397238833433
13206,15.398542155911569
13207,15.91617956933221
13208,17.606456995660793
13209,14.630023083068767
13210,14.559457386711957
13211,14.026266263700736
13212,17.993019023362347
13213,20.05369361092768
13214,10.626391774231509
13215,15.722421801296147
13216,11.018555030281393
13217,17.328560985632386
13218,18.6352712971364
13219,22.80912829022744
13220,18.729962882555682
13221,18.76136979187433
13222,12.146401257129792
13223,18.327737297267724
13224,18.08314173413415
13225,20.709560603177767
13226,13.77148775690044
13227,15.673177238754473
13228,12.773917417783274
13229,13.187594308519495
13230,12.16422185995177
13231,14.64604861837825
13232,15.395303540967156
13233,16.40660051798926
13234,18.33437841850761
13235,22.747898523351996
13236,13.237539460368383
13237,16.84761896810123
13238,19.40676844056665
13239,18.103410817439972
13240,13.80851175395589
13241,15.350507386326104
13242,15.345934297254576
13243,18.66208289046936
13244,20.81792796900876
13245,15.003388141918721
13246,9.503110011130374
13247,16.22482463169408
13248,9.81417383066358
13249,16.49551540120153
13250,11.25276832904986
13251,16.39011077895951
13252,11.231190469738115
13253,13.547252285808314
13254,16.616543785541396
13255,15.4601486595033
13256,17.581631773581023
13257,10.673840589892897
13258,13.706831955829786
13259,14.95982616140194
13260,17.18518480653251
13261,16.017885158347923
13262,12.784533551219889
13263,19.899006419071668
13264,12.146200170191248
13265,14.711928634913713
13266,18.160716896771106
13267,9.785626417729132
13268,19.30589193726763
13269,11.177808301599576
13270,16.005089934951805
13271,13.46002926745315
13272,19.205132097324736
13273,15.603665582590875
13274,11.9735281561982
13275,9.406270296723948
13276,15.700186996427034
13277,15.609612639256747
13278,17.336234797923844
13279,10.817981704264989
13280,19.852889601775296
13281,12.68659069538793
13282,15.18373076717589
13283,15.881564840145922
13284,16.08503152956834
13285,13.844573074169459
13286,12.815733421428064
13287,11.805930095396247
13288,18.288880805298096
13289,12.529154148669502
13290,9.357504939430083
13291,15.712869750102081
13292,15.827729514384899
13293,16.35866827298498
13294,24.400506845815542
13295,10.302087567164266
13296,13.43035020037383
13297,15.962940595514404
13298,14.474757854736119
13299,9.523281079023002
13300,17.934540520328156
13301,11.208350326677222
13302,16.65653606337273
13303,10.04276087990996
13304,14.42408423898283
13305,17.551434671843417
13306,17.04903037664231
13307,17.939055059994896
13308,17.597868467210965
13309,13.070743737081333
13310,12.659995280920228
13311,15.100604038030324
13312,17.77799520853105
13313,9.848137457396303
13314,16.61773494301243
13315,16.9177066416275
13316,17.33219557278156
13317,18.893666300733564
13318,17.839155054038216
13319,12.424008844473352
13320,12.00166305033317
13321,13.07493676532865
13322,18.00579903016374
13323,14.289019426898752
13324,13.737889260414223
13325,15.467451650528092
13326,18.31288474848174
13327,18.020325376436094
13328,18.221141128397516
13329,17.726075897936678
13330,15.570635138524576
13331,15.083887485476385
13332,16.17149948267098
13333,13.91880361173841
13334,10.948533633094586
13335,12.923893925059723
13336,14.189193807284624
13337,15.326328406806022
13338,14.797881237707639
13339,15.672929897301778
13340,17.145671916348444
13341,18.51868805692525
13342,16.44714809772014
13343,12.642955063504738
13344,10.629255493227493
13345,13.864919644539999
13346,11.98410906553252
13347,20.448241881059744
13348,14.41532941801655
13349,16.582062333276504
13350,12.363137091353368
13351,16.428445309953347
13352,16.242459448228328
13353,17.896526724162353
13354,15.212601823481073
13355,16.838269590310524
13356,15.057655599921226
13357,15.258509013828059
13358,18.321995194337298
13359,18.95714798969955
13360,19.913946787944823
13361,14.252037872917292
13362,13.705864850447764
13363,16.361904005443108
13364,14.62294366024866
13365,16.09617905485579
13366,15.333460769239752
13367,14.89886074729415
13368,22.099713766298358
13369,16.41643311136653
13370,13.568108370576493
13371,16.060824520491547
13372,14.755312516138584
13373,18.169276821180713
13374,11.891750586742264
13375,15.450536908849077
13376,14.562856163560237
13377,20.227865763278604
13378,21.08387930229133
13379,14.942039067893447
13380,21.40144934975723
13381,11.328428845115088
13382,19.10418043285804
13383,15.333767910709197
13384,14.971487245493986
13385,16.02285131065594
13386,23.27894374086295
13387,13.325396864253332
13388,15.088530532087214
13389,17.96779150406657
13390,18.566970084179466
13391,17.137161183870557
13392,19.389882387754447
13393,14.83607677373259
13394,17.862301733916855
13395,13.977191350128257
13396,13.473427645928192
13397,20.864487619219513
13398,14.932820888262173
13399,15.602219250402895
13400,15.152616883912696
13401,14.973395079593837
13402,18.574558042589725
13403,12.56874383180671
13404,12.274833683715235
13405,18.417810533259004
13406,17.328556565400564
13407,20.74247631303398
13408,13.413715087102975
13409,17.302775294823086
13410,17.083463498737558
13411,14.51271956955935
13412,12.698395492571905
13413,15.017544736048096
13414,15.400529988616835
13415,14.096893777980073
13416,15.793011902849585
13417,14.389743466074444
13418,15.196904180415256
13419,15.123574759180826
13420,15.683137143802977
13421,13.710321489066779
13422,19.36783793251083
13423,21.554369569063628
13424,22.03903891966059
13425,13.370849235028665
13426,17.64471431710704
13427,16.045201250255772
13428,13.58187498931217
13429,20.122553012236644
13430,12.06805457631445
13431,14.651392408682115
13432,15.459366103763301
13433,13.483551609572448
13434,17.22159924841956
13435,16.689841150023415
13436,17.463728616142042
13437,16.642420922846966
13438,16.89675007546576
13439,19.194511270224062
13440,14.217185941643542
13441,17.76864179543864
13442,17.21229881476362
13443,15.443814422975656
13444,20.037369132043036
13445,20.40616785709943
13446,15.671826729995088
13447,10.457838208195982
13448,15.22362123254907
13449,12.712546800826274
13450,13.874178256183365
13451,15.634540873994
13452,10.276241423079085
13453,12.175366365013293
13454,15.606051837961708
13455,11.282154049784447
13456,20.003716172468103
13457,23.18439070511269
13458,12.133375344246858
13459,16.196147039756543
13460,14.815942028639368
13461,9.44549413704835
13462,11.899921553600661
13463,21.498834605903326
13464,12.146690637815608
13465,21.437182939572665
13466,12.733205724305042
13467,13.969501246718112
13468,20.035058023989453
13469,19.203338995321797
13470,10.384637516697
13471,12.520733639417752
13472,20.255064841367325
13473,14.630132354966136
13474,14.95574076425303
13475,21.54126572514988
13476,18.364270208186465
13477,18.14766323980248
13478,12.849511222087566
13479,14.564666141662581
13480,21.35714956197545
13481,14.9748677883023
13482,16.76776080513518
13483,11.550272375834545
13484,11.542376842383986
13485,16.361060863849392
13486,21.03781838864272
13487,20.17166467121066
13488,12.187248200418304
13489,16.62343937589838
13490,20.67204594703886
13491,12.992506410383312
13492,16.71034177348135
13493,15.517931175722389
13494,19.531245393410686
13495,17.320542742974027
13496,15.453207348738562
13497,13.402513456859145
13498,10.720562475163968
13499,12.99228882453035
13500,11.683842317919932
13501,14.449595028810029
13502,15.146762823827501
13503,18.16897705105889
13504,23.88091069888443
13505,13.486137503346848
13506,18.563514293429854
13507,17.132513352684242
13508,19.815024440231713
13509,14.239910800677881
13510,19.02734198486069
13511,17.804761795233922
13512,15.749661632061073
13513,12.589272628589683
13514,14.786399819960629
13515,19.47156039697443
13516,15.584821679683577
13517,14.58781669787759
13518,19.791424609422855
13519,20.442297389140762
13520,16.676334073246675
13521,11.730008770304867
13522,17.2375993769972
13523,18.40700837953542
13524,16.509577191753053
13525,9.916080926536097
13526,11.624584450911895
13527,17.712970701335742
13528,13.983187173000593
13529,14.368659128199575
13530,13.438880433343193
13531,22.53096987149926
13532,16.394631343277158
13533,13.59823517284975
13534,14.64305709184442
13535,9.57816628137053
13536,19.922519218671
13537,13.758347871187429
13538,19.288170989320598
13539,15.258253763965953
13540,14.306397585592688
13541,20.85601687148554
13542,13.721339174816158
13543,14.883018158759024
13544,18.729308118804514
13545,11.805832584734562
13546,17.271807832931483
13547,18.275090472838382
13548,18.178888694708707
13549,16.594933499909093
13550,17.371293184352947
13551,18.925793018848207
13552,17.432356130702182
13553,18.417514690493242
13554,13.344373004427167
13555,21.091850048922677
13556,23.682284894794865
13557,14.145353190912465
13558,17.277422972992134
13559,11.340943280330022
13560,17.019609700124185
13561,18.530775947887175
13562,16.393466418431505
13563,13.977877228642397
13564,15.26430107297359
13565,13.461286641570558
13566,19.243866001902944
13567,16.700439869771355
13568,15.631693886370645
13569,16.39626877588696
13570,14.26214680659026
13571,15.36229816101544
13572,11.797892442696151
13573,11.481690097392939
13574,14.90261551563773
13575,18.952177514618732
13576,14.187552486804176
13577,15.909989588995813
13578,16.32413558648871
13579,18.722890296511817
13580,10.791269459095387
13581,15.78049320945821
13582,15.676542163304948
13583,15.059696796061933
13584,15.884424766477196
13585,14.11071415065551
13586,12.971025364432988
13587,14.660944848376122
13588,12.230881877251445
13589,14.368741612606266
13590,19.941330465583107
13591,13.821602230787551
13592,17.03031486446173
13593,13.039770012446306
13594,18.33410079200979
13595,15.065226656797071
13596,16.91681044578976
13597,19.371755561026472
13598,12.334106052858552
13599,15.737831332136768
13600,14.602156252366129
13601,19.174383296181066
13602,10.314951046268861
13603,17.241166054430657
13604,15.037007054851049
13605,16.060456957415926
13606,14.415739054673748
13607,21.379962827027835
13608,9.370707671044629
13609,14.00071698272066
13610,13.046094013457193
13611,16.38497056051278
13612,14.947609208702493
13613,13.575109419603349
13614,16.761822808126755
13615,16.012053434096764
13616,15.86821261597974
13617,15.309666571257168
13618,16.367832958601927
13619,19.21479204022308
13620,9.307922750551187
13621,15.696100486091245
13622,13.033443604237677
13623,13.093195525548047
13624,13.003049774828053
13625,12.126530199852615
13626,18.002911404722987
13627,12.843887594076167
13628,18.705100263760738
13629,16.135051931609027
13630,19.982158219850493
13631,11.732546087075328
13632,11.98919723188712
13633,14.82990569045428
13634,15.24490364081397
13635,18.010636145948407
13636,14.769105519426912
13637,15.805806004688334
13638,13.722887755431277
13639,17.135981102445594
13640,22.426688772379208
13641,12.10192306916571
13642,15.309954191490473
13643,18.02212581751106
13644,23.20205158981006
13645,17.07300509652546
13646,16.680013594382178
13647,15.292475110588407
13648,13.876621489522599
13649,16.335448788396526
13650,18.936406051351682
13651,13.411537529831708
13652,13.69424413326889
13653,16.27087630537342
13654,20.122180017534507
13655,15.002413513015531
13656,18.131931509508316
13657,16.021364649134647
13658,15.39597456692484
13659,7.494329868554711
13660,11.273491722524497
13661,16.40971677044066
13662,21.552555542600924
13663,23.303020324757423
13664,22.649518780742277
13665,14.2005247476427
13666,13.38288940999804
13667,13.17832321996386
13668,12.453719169484183
13669,16.99472604659545
13670,11.85901042630061
13671,14.607604988694279
13672,13.706908214749655
13673,15.442494332364681
13674,11.210806635113535
13675,13.713989677578898
13676,17.541822088636923
13677,24.690563318534508
13678,18.23765226565092
13679,14.647948722577844
13680,16.3342393766392
13681,17.350020156059657
13682,16.6968244749291
13683,16.011210395709465
13684,16.358848173397774
13685,20.468435003854015
13686,18.326686484489585
13687,13.533279218708701
13688,18.42068759313081
13689,9.078173339910943
13690,11.244068394678685
13691,12.911349402965834
13692,17.145836683568902
13693,11.836364258906665
13694,21.685025283966972
13695,21.856105559956134
13696,12.976185641029044
13697,18.690990305778897
13698,14.456511752201639
13699,14.272812501598136
13700,16.30564102385787
13701,13.597097196329848
13702,12.306194990633836
13703,15.036245734877633
13704,14.994628983015257
13705,16.403178753680095
13706,9.659571892414071
13707,14.9392759650963
13708,23.984483245444054
13709,12.00574706124546
13710,9.13976203686803
13711,17.48825641275759
13712,15.007717751437212
13713,15.32311617830136
13714,10.258482549174108
13715,10.979772800255619
13716,16.184116267966516
13717,17.006459613107193
13718,13.183377563122425
13719,11.557718589469268
13720,20.22580079951802
13721,12.594861117322141
13722,12.890434967301049
13723,21.834432027910687
13724,20.654080738988743
13725,15.036499903014576
13726,9.939239327279296
13727,17.403454681167496
13728,19.73094219840438
13729,12.466556619918506
13730,13.546945260831489
13731,17.785970568555303
13732,11.567135524988883
13733,10.648659979127316
13734,18.867836896827605
13735,12.414612614349684
13736,19.729583751101465
13737,12.960518479045225
13738,19.099638019929895
13739,18.292487955510705
13740,10.912630503161614
13741,9.872757592509222
13742,12.551320365613694
13743,8.645830759360136
13744,13.661551278022362
13745,13.637365221629906
13746,15.24684246521123
13747,17.301451535624206
13748,18.235668487444062
13749,12.341082944750193
13750,13.39397296302319
13751,13.300492880279727
13752,14.267475576344019
13753,13.26564431568946
13754,15.093904336318383
13755,12.701875913201302
13756,10.544102309943588
13757,21.471428295141052
13758,21.002335888791954
13759,16.07956412784167
13760,11.443704999545801
13761,11.845693496157299
13762,12.306778634233682
13763,14.341790921687357
13764,11.228783139471378
13765,13.395328624662001
13766,23.05037283706938
13767,13.592043171152575
13768,12.531861532960118
13769,15.300263640250922
13770,14.84473865634508
13771,12.787942436437998
13772,11.998829889984949
13773,15.05363873511585
13774,13.582868896238057
13775,14.253378576268226
13776,17.725573595965297
13777,15.548108571126722
13778,12.800204028528615
13779,16.40316848214163
13780,14.605674718815694
13781,16.90188428529434
13782,17.56623356050345
13783,20.036033875584074
13784,15.252239869713616
13785,10.760472543892083
13786,15.039627157345143
13787,17.696884297618258
13788,14.629423655202299
13789,15.334098281457843
13790,16.351874341294792
13791,12.384919224553785
13792,13.080721263591807
13793,12.190682725603063
13794,14.836740163451486
13795,14.078241287864188
13796,12.896352470248752
13797,12.350080604942459
13798,21.553812881690863
13799,11.97613980075022
13800,17.45065127266338
13801,18.56998625669569
13802,15.306508277225849
13803,22.835157761059698
13804,19.305261954336615
13805,10.25003517891354
13806,15.670402057751817
13807,16.89263086212371
13808,14.42175018600585
13809,15.62582104365857
13810,17.10635163114068
13811,12.950500968458662
13812,18.544028629234727
13813,9.782912950738078
13814,12.171784608565979
13815,20.735969853343676
13816,13.386595175048784
13817,8.864978428617968
13818,12.231224779959188
13819,12.377404334642561
13820,19.122108226915053
13821,11.796950028000904
13822,16.39173490354103
13823,11.933711211755972
13824,17.255187531316523
13825,14.025802228486103
13826,15.109468976959887
13827,15.389439878894732
13828,16.95741417721487
13829,16.079816332818172
13830,20.473504255290752
13831,16.694293718694766
13832,12.305900009400837
13833,16.24308266314877
13834,16.260434052964918
13835,17.068919911562624
13836,16.13575081630744
13837,18.361650498759214
13838,19.365782176728427
13839,17.973773101077196
13840,20.587682772626216
13841,20.886814525654753
13842,19.823918959002725
13843,16.18169067290836
13844,11.66600836631804
13845,15.40413489899947
13846,9.720541156932102
13847,17.000202847693227
13848,14.058703998542995
13849,17.618489126436604
13850,14.644463496778387
13851,19.12139727492185
13852,12.701272922226567
13853,18.355485675617516
13854,18.368317394077923
13855,9.301181497372406
13856,12.86833950542172
13857,13.43960662078886
13858,20.54496886713718
13859,12.726039374870734
13860,14.34668769762478
13861,15.965230534379046
13862,13.47558656722623
13863,14.14279474681689
13864,17.92037176571335
13865,23.36015413002253
13866,11.663697702664306
13867,16.25256627775166
13868,17.62159500382984
13869,14.281265341639072
13870,21.157671863398143
13871,13.491522211157267
13872,17.573603379553642
13873,15.039330200662194
13874,14.829121638928578
13875,17.611588219166023
13876,13.704485237107317
13877,14.315271309477016
13878,16.36129702985179
13879,11.227356750182679
13880,16.1329747661615
13881,13.97581541628101
13882,11.171902231139784
13883,14.420367593978314
13884,22.163466096533494
13885,18.212386394105867
13886,20.156853116395236
13887,14.782892606433908
13888,10.943936810556556
13889,19.324062359984207
13890,13.612564756172752
13891,11.659895696319921
13892,15.39351698608613
13893,15.90241515282975
13894,14.962829021844895
13895,16.168686728357955
13896,11.482934238361167
13897,20.642420381241813
13898,12.129085451664567
13899,16.904038287566063
13900,15.408460298003376
13901,20.51810756510768
13902,16.60901296894577
13903,16.821674130318286
13904,18.280455365461027
13905,16.2005400427508
13906,13.023870617574048
13907,18.427175730787763
13908,19.16336619747888
13909,10.843973253324659
13910,14.893746147956621
13911,14.453795243918943
13912,13.022867739353085
13913,15.620380458468015
13914,19.530500823524644
13915,14.061045704329683
13916,18.96883888573871
13917,16.940939309092933
13918,9.555102010564452
13919,17.929520708427585
13920,14.43692823386283
13921,18.921299878072258
13922,15.114311525088613
13923,12.508619243762674
13924,14.580765532923412
13925,13.66305379030852
13926,15.699215378698753
13927,16.106821575802364
13928,13.521178538907288
13929,17.66305964187561
13930,15.276721908775958
13931,17.796790882333532
13932,17.542628460151274
13933,13.491317706691003
13934,15.44182497851921
13935,13.880433149134694
13936,13.98997499747219
13937,16.390616383649046
13938,20.09091620287255
13939,13.891216591330725
13940,17.748000318278695
13941,17.80721763276736
13942,15.035540184767633
13943,13.068201855323412
13944,19.058447821938643
13945,15.791403092331798
13946,17.183309738587877
13947,13.029884405351199
13948,17.29546703359463
13949,18.669260556743
13950,15.771044712254586
13951,15.404192295906281
13952,16.16008503016444
13953,19.409843713100436
13954,13.1661398070353
13955,15.732522964150492
13956,12.016888536438705
13957,13.638743029063267
13958,20.342463641098337
13959,11.645559834864445
13960,12.15091189090219
13961,16.32011935355103
13962,13.261584431520694
13963,14.236655907791643
13964,13.345902971529105
13965,14.367764197494802
13966,13.399484874403885
13967,14.947564145523494
13968,13.110736910640371
13969,12.961102570736045
13970,15.262371552474344
13971,16.26039329812111
13972,17.152709973261484
13973,15.387431434781318
13974,14.012878867677815
13975,18.84736066207423
13976,10.4032649547394
13977,11.917563692564032
13978,17.420012234586963
13979,15.21634080139595
13980,16.30304507238045
13981,13.125374188113176
13982,15.347384246902788
13983,15.605385533920881
13984,18.26187313310255
13985,14.364322251335949
13986,16.943741489952224
13987,12.928502715136169
13988,15.693610460342084
13989,11.356016616620211
13990,12.703365457549278
13991,15.71898019827279
13992,15.559193408148701
13993,11.96653571545296
13994,21.634228127324047
13995,12.507535494619269
13996,20.870626261780796
13997,11.947254038260747
13998,14.95011622978703
13999,18.093780118736078
14000,14.413272843169963
14001,16.5973662605711
14002,16.905028104825206
14003,17.16924153881853
14004,16.38663266315534
14005,21.034720146761163
14006,21.252265288005255
14007,15.941772404345887
14008,14.102599596545012
14009,18.324430088448008
14010,17.94619214672279
14011,9.340401244018086
14012,11.27064703201527
14013,12.264874957943931
14014,18.623191102756174
14015,16.13175886852653
14016,18.34385487483019
14017,9.585756646717392
14018,15.59590143718264
14019,13.657599863021709
14020,16.215827924421422
14021,11.452007341613065
14022,11.64642842122492
14023,18.526186793899157
14024,17.82808359793539
14025,21.651470986742595
14026,14.858607456099621
14027,13.362873816001397
14028,15.725463246335217
14029,17.841203462052423
14030,18.574738375620825
14031,20.336694113942656
14032,15.906424600759907
14033,18.389538902381652
14034,15.208529451787197
14035,15.550707723156393
14036,13.01049702933918
14037,9.925889219381169
14038,12.281317406553935
14039,16.421777773376807
14040,19.934008130578835
14041,14.036325212683186
14042,15.637208470776988
14043,12.354995865517136
14044,19.85243285732877
14045,10.089575307318723
14046,18.27231224521612
14047,13.09361625475654
14048,14.48204423008055
14049,11.911238240396909
14050,16.510370588700894
14051,13.62343235641584
14052,17.288092492718324
14053,19.1344244325993
14054,16.896258575746973
14055,14.188047746138949
14056,14.245704990034518
14057,12.683811287216653
14058,18.471371412390543
14059,18.638329577110316
14060,9.15612934977327
14061,14.918049303625867
14062,17.83193439605313
14063,14.581925241846537
14064,13.432385206916788
14065,15.778834297415296
14066,17.801102572891324
14067,12.789728882257418
14068,18.015513966727227
14069,13.260536856380487
14070,17.655696131600692
14071,13.201748564095192
14072,12.987320281385735
14073,16.575405073501003
14074,13.875640217432489
14075,18.85026800725084
14076,16.475808524731438
14077,16.578730630614604
14078,13.752492760222003
14079,13.442905496302256
14080,10.74666953963672
14081,15.346943483404688
14082,15.617471472892237
14083,11.120206403369822
14084,15.64184095707908
14085,20.997340333416982
14086,14.05152374843822
14087,10.869142323850394
14088,9.388416130044629
14089,20.29469917521477
14090,14.709969914476156
14091,20.20516776044429
14092,17.102028297744543
14093,12.70022056323207
14094,15.385146642113254
14095,12.323411716738221
14096,18.848673884344763
14097,14.68836268108257
14098,14.360549432860642
14099,13.861131854742718
14100,18.756423856807217
14101,11.304328685663869
14102,17.117355862562988
14103,11.93137507189475
14104,20.712195365967194
14105,11.832996776404402
14106,18.044390590828495
14107,14.25243472747215
14108,20.16852517493128
14109,13.580308523653626
14110,16.997574052656674
14111,15.535037184378641
14112,12.951658755335899
14113,15.888339573952969
14114,14.769852235589754
14115,13.295145964717692
14116,11.464459364014578
14117,14.866202834762536
14118,18.15017324269185
14119,9.337567087405564
14120,15.149535202638546
14121,13.90268089432823
14122,12.17968857660751
14123,17.42085416665339
14124,15.5351102009963
14125,12.369256436648875
14126,13.530969742667374
14127,18.047818984912325
14128,12.325653978824878
14129,13.972959854442646
14130,12.877388075004582
14131,17.328540226274743
14132,14.428274386145645
14133,17.913065625568876
14134,15.149968193229983
14135,15.970030953529445
14136,15.945068501029882
14137,17.199220328886074
14138,14.441769018648836
14139,18.255934825228458
14140,17.332250051525733
14141,16.68753045532498
14142,16.67800198346539
14143,14.502275237148375
14144,16.14524694345653
14145,15.191732581630161
14146,14.028421696090723
14147,16.824455928169154
14148,15.042154023358927
14149,10.283035546302445
14150,14.976889900937909
14151,14.141790039558074
14152,15.254217037353028
14153,14.622690449818036
14154,12.112833544122344
14155,15.585751254297229
14156,20.930222607121358
14157,19.023215287829046
14158,19.364246366733415
14159,13.97809988549892
14160,15.200659769281707
14161,13.577343931410143
14162,11.396457046600162
14163,13.437463498297598
14164,18.595798258659883
14165,18.858529074041808
14166,21.195126982096856
14167,9.796427617712059
14168,13.0820659886871
14169,21.347210098087988
14170,19.175915957519255
14171,15.398065609803714
14172,17.449472057178905
14173,21.830773778846975
14174,20.84448483346315
14175,18.237848248816594
14176,16.0300425262278
14177,17.034004476754493
14178,14.428398526954032
14179,24.943010347600733
14180,14.823464251591579
14181,12.391455693215109
14182,17.259707407816386
14183,17.855668904547315
14184,11.987885905241217
14185,15.506093860406414
14186,13.911653395934668
14187,14.056168752488368
14188,11.930320826548916
14189,15.92108257754066
14190,15.322975404288297
14191,20.318554313021927
14192,14.605383294364536
14193,17.64592355484564
14194,21.774986357879985
14195,20.34177602841124
14196,18.54287259131802
14197,15.770736192987805
14198,13.588237138345718
14199,16.21457991275147
14200,14.079294098127887
14201,14.900042220139401
14202,15.945031584573458
14203,19.7710827103757
14204,14.689436270342311
14205,15.56778425918927
14206,13.47841175092105
14207,15.666267948809839
14208,16.37208623055196
14209,19.223298850355693
14210,14.577064884523134
14211,10.199075184551306
14212,18.217269867935208
14213,18.546336266852457
14214,18.44947429690936
14215,13.751095498697742
14216,13.84120971029203
14217,14.543787317703769
14218,22.226858331359775
14219,11.783152153183188
14220,12.595766164230612
14221,19.29247858118776
14222,16.554349938271187
14223,12.874016920598882
14224,16.094533711429598
14225,12.597713177785563
14226,16.832192531040864
14227,15.344045185114794
14228,17.899550959206756
14229,17.059976108397038
14230,14.84053077339273
14231,15.26609666404852
14232,16.903094744406697
14233,16.75979574257025
14234,24.42959409808155
14235,9.655332251257564
14236,10.552816235423643
14237,15.8426853239363
14238,9.974058732884302
14239,18.712896246571166
14240,17.105080072716657
14241,18.274445055996942
14242,10.256206435487012
14243,16.01530367897992
14244,14.55407504338618
14245,14.004822321980908
14246,15.876303727331438
14247,12.263854383498536
14248,13.755691080187868
14249,15.52397287767874
14250,19.521023017268334
14251,13.224870661981448
14252,20.033947331700954
14253,14.174769334708367
14254,11.434807528256671
14255,15.296432354361189
14256,12.798506465498024
14257,19.290611053139436
14258,15.97964116507807
14259,10.495554973032343
14260,14.80115697410586
14261,18.051190750988766
14262,16.198684677766135
14263,19.421636878422074
14264,14.775478240435085
14265,16.607078458770356
14266,14.004639333157781
14267,11.950654785272285
14268,24.18535897342915
14269,14.689280509488865
14270,14.78876244370292
14271,11.2388536216783
14272,22.43903956314168
14273,12.745517676225777
14274,14.074635387699809
14275,12.152555479557416
14276,13.467329509412265
14277,14.025697425240002
14278,11.902410748005014
14279,12.561121452136396
14280,18.29463997280323
14281,18.02424738712698
14282,14.108878445408259
14283,11.51648427119343
14284,15.344133986687453
14285,18.361018603673788
14286,11.594030744876813
14287,19.613906916045373
14288,14.89342264634093
14289,12.034101250556901
14290,22.557616067444123
14291,15.921496402122997
14292,15.16544695573772
14293,11.36889846846498
14294,17.423833467180263
14295,13.855782316319816
14296,14.834754800479674
14297,10.363915624022015
14298,16.018192152764698
14299,14.878214282771777
14300,18.75873958426552
14301,21.045202399506767
14302,17.981996944613524
14303,16.710716592644133
14304,12.844699484316944
14305,16.353343610954987
14306,12.762325843696129
14307,17.376430909057902
14308,18.185339169103724
14309,18.409128788914458
14310,11.952012111765468
14311,11.618819633366426
14312,15.238277171672284
14313,17.061479486045343
14314,12.45971838609592
14315,13.411103142929232
14316,17.93532331273025
14317,13.954055380497442
14318,16.20195619739387
14319,17.258428700066975
14320,16.775735530354968
14321,15.548434037477593
14322,15.422914684854799
14323,13.704569838143634
14324,16.445111274806813
14325,10.696623252092337
14326,14.263167189243363
14327,13.837989607337267
14328,16.40454555600233
14329,17.326260856121095
14330,22.530863968160606
14331,19.675868488768906
14332,16.546923520469008
14333,10.894688236190591
14334,22.068969155627055
14335,9.910352977487761
14336,16.0119316719923
14337,17.277464446927944
14338,11.91430120661871
14339,13.94776711379837
14340,16.061034964350167
14341,14.629786299786481
14342,17.02107970606887
14343,14.880151384164657
14344,18.460912522371125
14345,10.95151249702473
14346,17.350909406802543
14347,22.106326894108626
14348,10.788153572683095
14349,11.895557741518422
14350,20.50327635651214
14351,20.331049608134304
14352,18.110448190764863
14353,18.655897918025858
14354,17.175148216454623
14355,13.967210847308424
14356,11.898445326468046
14357,16.724660631811307
14358,10.068847105657833
14359,17.09954707081745
14360,18.119027576315514
14361,17.1997323583791
14362,18.942741586637883
14363,11.780341512774184
14364,11.162184645755602
14365,20.085797235081305
14366,14.136220137250618
14367,21.826329255437997
14368,23.58461550776679
14369,16.17097993029298
14370,9.564979021169913
14371,14.815152108045202
14372,12.523352378318224
14373,21.18142951674408
14374,14.040354907106376
14375,14.616563675707797
14376,11.911594774439434
14377,23.82166921724794
14378,19.71670992846463
14379,9.74140552815322
14380,13.747098419672133
14381,15.290348313186431
14382,15.154862873636606
14383,18.483814428589362
14384,16.017095606945563
14385,17.359916148735653
14386,16.21354469199029
14387,20.478792757403834
14388,19.7968609262838
14389,20.217714133229304
14390,17.64218851186698
14391,18.40449818118915
14392,12.200295544512016
14393,21.765221081568594
14394,13.850360241513187
14395,14.434845975337414
14396,19.08318365972114
14397,16.18300932691898
14398,17.45054105440431
14399,16.280417481800967
14400,12.273018833046946
14401,19.166321220539796
14402,16.90570188121136
14403,17.914321103388957
14404,13.270992547449742
14405,16.42081434670007
14406,14.467159197909526
14407,14.62866559121265
14408,19.22880822998226
14409,16.001445579702516
14410,15.484526808015202
14411,17.294238681638397
14412,14.901484936016901
14413,13.746647332561736
14414,15.335343907120675
14415,20.3540932087709
14416,14.618013906762865
14417,18.86905737956631
14418,20.629431782654713
14419,12.819976988965719
14420,18.23900687756094
14421,15.699614576645013
14422,17.32884477505743
14423,16.493048011077757
14424,16.325636486713023
14425,13.75304197121258
14426,10.980834374667339
14427,15.909696201107549
14428,14.268175281099658
14429,10.747880551080371
14430,10.148862104898447
14431,12.490976258980856
14432,10.682941175815904
14433,17.90109872340173
14434,13.203611402785342
14435,17.105860436894158
14436,17.774147729261227
14437,17.401057846173245
14438,18.784482472373647
14439,13.952775709278614
14440,14.516050668656732
14441,14.670082249681329
14442,8.726379376596695
14443,14.794177461720604
14444,21.389464340074184
14445,13.549539760397174
14446,14.319330786492882
14447,19.764620055064345
14448,19.801289870069528
14449,15.344201715082379
14450,16.527450704776882
14451,13.148654322983077
14452,15.380780063793946
14453,18.714525864429504
14454,12.22565749196891
14455,14.058200026552855
14456,17.1557687474735
14457,12.992302168132355
14458,17.269496360915706
14459,15.815249341139182
14460,14.479992942785852
14461,12.0517895701222
14462,13.420628313129761
14463,13.164392589166884
14464,22.937115046963306
14465,9.248406236338877
14466,10.259469537196239
14467,13.241712981417155
14468,18.181359435780713
14469,23.266355225275372
14470,20.197829031497438
14471,15.7107252720486
14472,22.871376567262274
14473,15.097853333207777
14474,17.313157309261673
14475,15.645350069730561
14476,13.037444597080448
14477,17.896973395657863
14478,19.45557573887463
14479,10.674428669449973
14480,16.9179508172984
14481,13.240800102628066
14482,16.40268550541139
14483,16.109396299130108
14484,10.863051189575573
14485,14.360420655928126
14486,22.517429348151623
14487,11.295804826099538
14488,10.56513964543508
14489,18.834543752113166
14490,16.86479895188744
14491,14.016202075738251
14492,11.165715843777717
14493,20.252948890541553
14494,18.64687612343779
14495,16.714398649297866
14496,13.24346132042343
14497,17.101983170234565
14498,17.825745247600565
14499,11.594903815263374
14500,18.259603674237933
14501,20.04433072611832
14502,19.285460259530073
14503,18.136719040291133
14504,14.045552942158418
14505,11.202649593686456
14506,12.569073801342594
14507,14.256967704657688
14508,17.077219066345478
14509,20.830169988207896
14510,13.119591248787605
14511,20.02178961083383
14512,17.94177914878146
14513,13.482059598238564
14514,22.379914326402673
14515,18.686737134320182
14516,13.600437496584785
14517,15.316076400510637
14518,13.55127196965508
14519,15.598458720113602
14520,12.567970828120531
14521,16.930803610914964
14522,10.282537772954417
14523,14.221557491218054
14524,15.180442945849164
14525,19.69087408081467
14526,15.631284238278525
14527,18.192713647611384
14528,16.912681225311143
14529,11.333018097295755
14530,9.56073341508189
14531,15.280818526753428
14532,11.90697261113856
14533,14.686469783335294
14534,11.708014984146727
14535,16.54649517675726
14536,15.870743369357513
14537,13.085569465154565
14538,14.030991708450077
14539,14.66947170495243
14540,13.645251725619335
14541,15.429780593419071
14542,9.678089445716726
14543,16.637646179708224
14544,15.310130396805828
14545,16.394659389708945
14546,18.343902845294828
14547,17.75038737732629
14548,15.982654317149901
14549,14.956684036338668
14550,16.7405664371583
14551,12.634075216420547
14552,14.622156386080203
14553,22.206374806160653
14554,18.60540126946485
14555,19.765291023583735
14556,17.41265594826756
14557,18.451950101062668
14558,13.735500048636252
14559,16.676243258775862
14560,12.732430989775946
14561,11.582777442821733
14562,19.940764171943602
14563,12.623960893298586
14564,16.556186487637376
14565,14.242247000415839
14566,19.234192507278223
14567,14.60681529400961
14568,11.656269031134645
14569,11.430550533492672
14570,15.325330463659235
14571,13.684189339311777
14572,12.93691971034306
14573,15.197327823204262
14574,13.267210501173587
14575,12.228051022954004
14576,16.193108534793332
14577,19.204393454665574
14578,20.91555000717799
14579,15.711508401530176
14580,16.556541063659846
14581,14.045326810746168
14582,12.902216269471387
14583,13.986280345670481
14584,12.201755783072315
14585,15.100943134923051
14586,13.323026401907489
14587,17.12726436108889
14588,12.761041332715777
14589,15.489856198258087
14590,14.971666535036016
14591,11.098916878132838
14592,13.23569711267643
14593,21.539069976667562
14594,16.167286339904436
14595,17.99736992549786
14596,16.31727548638939
14597,16.421162473053723
14598,13.08811596788636
14599,16.194022352010727
14600,12.94179857297869
14601,21.123547673152498
14602,11.908155838938736
14603,17.04998392800851
14604,13.8431364313196
14605,13.749873826272509
14606,14.749755438236761
14607,16.89532076916819
14608,13.806310438340825
14609,18.84031990400583
14610,15.63866241607472
14611,14.28565366304015
14612,15.016171736155059
14613,16.802875299978375
14614,15.3941602192894
14615,11.169048454561109
14616,14.11064778947118
14617,17.505274010880054
14618,20.535886963380747
14619,11.947782024991232
14620,15.756429433761573
14621,15.230186783686074
14622,15.535327880194883
14623,12.528627038937513
14624,15.614374090033522
14625,16.46354556122226
14626,15.383652204043052
14627,19.749635403477004
14628,18.329630367725784
14629,18.00039722272743
14630,12.507007785673533
14631,14.143739471727123
14632,14.97170399525258
14633,14.102987789980794
14634,16.676494112588696
14635,15.269526152061312
14636,17.924162926114494
14637,21.7906155717681
14638,9.069639134627206
14639,14.724939736457051
14640,9.4512379583055
14641,19.640132734072143
14642,16.38040770319354
14643,16.354172798784333
14644,9.394894557237958
14645,19.589182697923878
14646,22.06319789836795
14647,16.49640364751183
14648,15.429022055430693
14649,14.91267945138483
14650,14.751596180968514
14651,12.75231790049376
14652,11.36675941897155
14653,10.691689252572456
14654,14.730072091952259
14655,15.357876394199524
14656,18.379848532161233
14657,16.061591051205344
14658,17.074575648064226
14659,13.404671567442419
14660,11.707248530623078
14661,16.83553382312665
14662,15.271041594112008
14663,20.85153308098323
14664,18.99862865051601
14665,10.076057622120947
14666,15.076426516903823
14667,12.945733443420623
14668,15.570099418721087
14669,15.008250640566274
14670,14.106767216599195
14671,14.191863943601536
14672,11.938183266604279
14673,21.863905394554834
14674,19.082858199449543
14675,9.409747986668181
14676,13.740871863082814
14677,18.33606426086553
14678,13.596595756333766
14679,17.39812290515517
14680,14.805522774625118
14681,17.411391612245673
14682,14.992974032174871
14683,18.918296566739883
14684,14.003611477957822
14685,16.453970560733605
14686,13.932093007408225
14687,18.15754720331194
14688,12.558672581424483
14689,17.79873988681567
14690,9.49982880997322
14691,15.289383318078666
14692,15.021103582861072
14693,18.28128665726852
14694,12.652237149980266
14695,15.616748397209593
14696,10.637896338206833
14697,15.100251115257532
14698,13.803389947039408
14699,23.66859079947145
14700,11.975504704915126
14701,12.900270296438649
14702,14.609308123598176
14703,18.208341921529556
14704,23.939584627878254
14705,22.939386373857566
14706,18.474800750163052
14707,16.800457042379357
14708,20.642311012328335
14709,14.553889618047933
14710,19.936768697912296
14711,17.58777161582306
14712,12.903684767972058
14713,18.98523618976191
14714,15.677134742175532
14715,22.069283596474705
14716,13.70395854456592
14717,15.36840167838977
14718,19.346616858353634
14719,12.653772033958925
14720,14.46104749278069
14721,14.805787564284858
14722,13.101095164516888
14723,11.508423665039174
14724,12.631352217683638
14725,17.38295179484708
14726,19.180364150033586
14727,10.715779013966305
14728,15.821443838074057
14729,12.306595914963998
14730,14.249016067392919
14731,12.517522756225066
14732,11.479162435280466
14733,14.119649702238503
14734,15.4633212258295
14735,15.839926079978621
14736,15.860132784596056
14737,15.255450984008297
14738,17.05985785804489
14739,14.381388990861133
14740,22.631933093628593
14741,20.83517628243971
14742,12.350566008492569
14743,18.745973404299427
14744,17.34438729706369
14745,17.028464428709363
14746,11.230571389345316
14747,18.522657198323337
14748,18.14685596033131
14749,13.171060283171585
14750,11.314067298008275
14751,21.789605520317497
14752,20.75090640190109
14753,10.070200477606665
14754,13.86117476665681
14755,12.069036073007124
14756,12.341719891739569
14757,15.728166038342977
14758,13.953854488287906
14759,18.40211658433166
14760,12.003328531652537
14761,20.112417402968653
14762,14.312378155688435
14763,18.44238529239968
14764,18.73786083061264
14765,19.097207820982725
14766,15.24754660884109
14767,13.260891439749829
14768,17.886707271575702
14769,13.292376822334134
14770,15.971325824001143
14771,13.597609743463321
14772,17.054222135505693
14773,18.84824528510797
14774,20.34373910831621
14775,13.313634077427311
14776,15.412527423352298
14777,10.9488400704747
14778,19.135037001791602
14779,14.398196991551874
14780,15.142860148537983
14781,14.460722408490668
14782,19.56566982087213
14783,15.976681723761304
14784,19.983502538557836
14785,20.209746525934186
14786,12.806263978241024
14787,15.917150775655006
14788,16.286674518239867
14789,17.960613986891442
14790,19.7776872204182
14791,18.025042978762354
14792,18.75643650400909
14793,10.607644005690739
14794,10.955050780103656
14795,16.974460650154953
14796,18.627348204822002
14797,16.998835238582497
14798,9.617967689291262
14799,17.257352508820908
14800,17.025340226839365
14801,15.672234355783585
14802,10.374532768943181
14803,18.160960071583947
14804,17.428727816811623
14805,13.520812062333665
14806,16.339450730054544
14807,18.199552909216123
14808,10.81315814594056
14809,14.82377030247169
14810,16.251190318702168
14811,18.22578367702175
14812,14.070371359333269
14813,10.872327831128391
14814,13.009887980042656
14815,14.283033718517
14816,15.602478904754253
14817,17.057979815702122
14818,16.16429345342107
14819,14.747881156195698
14820,10.980874243763393
14821,20.024269320076307
14822,18.01460934827492
14823,20.596453334067473
14824,18.76292297769071
14825,20.871403651459193
14826,16.31326831650109
14827,17.0311901365912
14828,17.532850006214733
14829,12.571726840516352
14830,11.532777578245078
14831,10.501938308756252
14832,13.662875314683177
14833,14.752321549009489
14834,13.753379166718087
14835,10.442626478094855
14836,13.142454006822618
14837,18.52847730310442
14838,12.208890400299156
14839,14.920493905534217
14840,12.589170263451946
14841,21.032931512262063
14842,19.00109157234415
14843,17.898013210906612
14844,17.047839101871105
14845,20.639364171306205
14846,17.441409377501436
14847,15.884420219406847
14848,17.87147453173845
14849,23.256768742849957
14850,15.08199235477392
14851,21.814243395061073
14852,19.30195102143097
14853,8.652346347701636
14854,21.706986889601776
14855,14.985139324660638
14856,18.479008418591437
14857,17.795365279653947
14858,11.113949249770746
14859,17.94222065481951
14860,24.32320620448812
14861,14.068728553236596
14862,14.84320177942021
14863,17.97547747968902
14864,16.379978233745888
14865,15.145767015764017
14866,16.679344853699796
14867,16.035841312113348
14868,17.91506814287263
14869,12.578265558209798
14870,14.4955559766475
14871,11.620103288773981
14872,17.88657245750568
14873,13.45284215635668
14874,11.209999350423365
14875,15.38280699807091
14876,15.68802077072004
14877,17.00135707392309
14878,13.099905479067015
14879,15.453096314383878
14880,17.227812791334586
14881,14.06520057347809
14882,16.814678973347604
14883,15.352656241230108
14884,15.009183923866253
14885,15.491577696560586
14886,15.304973913518895
14887,17.02843812499462
14888,11.850103952519419
14889,14.399822904734135
14890,11.655140871976055
14891,19.33865114283147
14892,18.78315502783451
14893,17.641590221551088
14894,19.22295681398191
14895,22.95988807476416
14896,18.636912410053593
14897,15.773653970159481
14898,20.8269546832319
14899,13.277560341778143
14900,12.117369755490639
14901,17.973882311508692
14902,17.134105409570346
14903,20.44038072255082
14904,12.6797372321044
14905,14.531829044702341
14906,11.640891271737928
14907,23.08171032881767
14908,12.707900113989657
14909,13.593941274895364
14910,13.88193212882161
14911,19.95358242457976
14912,14.647350771451109
14913,16.027013064568834
14914,11.410153873508762
14915,18.620717131047268
14916,19.621078569103275
14917,12.923004377839284
14918,13.88944091931104
14919,10.593893070817721
14920,15.257615962665328
14921,20.707494808210406
14922,16.486258861445787
14923,17.45604548017447
14924,15.558749044895931
14925,21.286193445045605
14926,12.556722776905833
14927,16.15956597130043
14928,17.896788650135814
14929,12.86442224566212
14930,15.954496613868368
14931,14.236132033815268
14932,14.362058451407442
14933,18.363423432183588
14934,12.68948280643766
14935,13.620560515863206
14936,12.618131371128323
14937,12.998681076353467
14938,14.49020994295073
14939,13.856142233344706
14940,17.5433659195822
14941,14.59249412298723
14942,21.905755970441685
14943,16.21790382168619
14944,18.66975853635638
14945,18.484474425685875
14946,16.047982399364756
14947,13.71620025601228
14948,21.756776129531996
14949,17.582240598585983
14950,12.830212346485993
14951,13.758075900970212
14952,19.9375580786604
14953,11.554079182098146
14954,14.401791336891028
14955,9.965569369685662
14956,10.95759928736477
14957,20.9806734971867
14958,11.624324054590453
14959,19.287188042544688
14960,12.81159967478135
14961,16.276970200491817
14962,15.74162563437217
14963,9.583551319627391
14964,16.2171617286822
14965,10.75704305124979
14966,16.865301520954844
14967,13.713673249057747
14968,14.166476343919308
14969,11.547789341214683
14970,17.711872088621398
14971,20.539821053044797
14972,13.794992516863616
14973,10.957740511312123
14974,20.359896302220122
14975,19.20442900741621
14976,15.024587649098535
14977,11.12502246024355
14978,11.392121143436533
14979,13.442441233153124
14980,14.063053660386938
14981,15.15140262749845
14982,18.478202256684256
14983,15.66510738642003
14984,16.831589662672794
14985,9.26975540712075
14986,18.79433554036002
14987,17.71047370540823
14988,19.227956244213146
14989,16.553686697960426
14990,22.246496582037373
14991,16.043515900434468
14992,15.37566685510704
14993,13.42192301613398
14994,18.838640317330768
14995,17.793653782811205
14996,11.848874673409572
14997,17.244534346164915
14998,16.19120394584611
14999,14.468914264062063
15000,14.088398404454471
15001,15.456827116415251
15002,14.863502858780434
15003,13.760243588383867
15004,17.199930901810532
15005,16.884066137358843
15006,12.291614519960026
15007,15.11257919510833
15008,17.16452734590888
15009,15.523721033720388
15010,22.9940368850751
15011,15.27606152340148
15012,16.763034710636276
15013,13.146297092782516
15014,9.69101264353676
15015,14.997613789592705
15016,19.529324484615053
15017,11.009694532382797
15018,11.281831250695738
15019,16.40046422016226
15020,14.726751323456376
15021,16.98460063499439
15022,9.244767895661358
15023,13.45792743385239
15024,14.496015967915298
15025,10.201193378544119
15026,13.558181721870161
15027,21.304292504617447
15028,20.548633458424916
15029,16.549026589767035
15030,13.236651876685684
15031,11.87972893007874
15032,9.67830929643907
15033,15.49857464195353
15034,11.777358860736967
15035,10.772338374402821
15036,15.14549946689929
15037,11.222253923084972
15038,16.763360318804786
15039,21.173817392557726
15040,16.042490931046952
15041,15.611383246342596
15042,15.029061661597533
15043,11.774051322107345
15044,15.027122100341321
15045,13.305123839215446
15046,17.41195115443976
15047,12.458254171069258
15048,11.569153849028291
15049,11.369696349255932
15050,17.93227242124336
15051,12.01350452006373
15052,14.659982416093834
15053,15.217837912553987
15054,13.467285084866562
15055,16.97853721605787
15056,18.689424019169454
15057,15.441723546893783
15058,21.251244746937438
15059,16.25097133725821
15060,22.415763480429977
15061,16.837005226112844
15062,11.199843969480057
15063,13.899397846676319
15064,13.87392746792115
15065,14.243900185972322
15066,23.685971411514778
15067,14.17349327254503
15068,18.039658281447842
15069,15.512335193059542
15070,16.060552282288548
15071,13.891086889418403
15072,10.612695047286932
15073,18.958681841115595
15074,16.83938703346136
15075,18.912726688018527
15076,16.9777699004884
15077,16.577619916445858
15078,21.2546437905178
15079,14.88951384347485
15080,14.529977204091464
15081,18.603700371449516
15082,18.15866311070501
15083,14.742554119708657
15084,17.077407049338536
15085,15.394692334122036
15086,12.176913410947488
15087,12.57631722241853
15088,13.276876139538496
15089,19.167184467036368
15090,20.12795537194509
15091,8.966668147004897
15092,10.886004544472183
15093,16.33922228981943
15094,10.641507593563354
15095,17.651773917318643
15096,19.71902598343448
15097,11.227428192244432
15098,18.678225635882217
15099,12.497480878342202
15100,16.81613957313258
15101,13.17799970054989
15102,14.909615287155663
15103,14.864626651772369
15104,13.822505802940874
15105,14.281707004802511
15106,9.910385325111495
15107,11.118760375917784
15108,16.142548241976293
15109,16.31070458512822
15110,17.47310046224838
15111,19.279484683628837
15112,17.689754708576668
15113,17.182246092646583
15114,19.428804242770635
15115,14.086648022737629
15116,11.752162889695992
15117,17.424957706866465
15118,12.202294198495617
15119,15.940944113856832
15120,10.380876346823786
15121,16.07269081253719
15122,11.543660828360242
15123,9.458063592094735
15124,13.487924889520938
15125,17.812613505889388
15126,17.104482235295766
15127,17.39986410644197
15128,15.744358073089781
15129,17.902693900111288
15130,12.704513231277184
15131,12.996443259682744
15132,19.227482801418617
15133,13.886333121745729
15134,16.25907878711125
15135,13.875072146754308
15136,12.87669068324686
15137,15.047317383040449
15138,17.38115910880747
15139,14.082034002409229
15140,18.005511427465933
15141,12.719646983082145
15142,10.185828947404108
15143,13.220292123082869
15144,17.03729201236037
15145,15.946265828509558
15146,16.412326945154945
15147,19.078434280899074
15148,15.837336330919243
15149,22.245974749581155
15150,19.193554145781324
15151,16.798012700900337
15152,17.168210409115105
15153,18.275483490100292
15154,11.330188163776727
15155,19.073342266328545
15156,17.299697851785194
15157,15.16576115695847
15158,13.894896662099661
15159,16.44729694210603
15160,11.318720698709546
15161,15.238854272603035
15162,11.784401504624233
15163,14.632068043912415
15164,12.040678738191662
15165,13.478803367357376
15166,23.035666567820872
15167,14.184539653863217
15168,16.811982628639555
15169,15.258354920715558
15170,16.03681981651329
15171,22.07777375329082
15172,15.659530457397869
15173,9.37788584941478
15174,8.62823240846106
15175,16.704077160721038
15176,18.053495189383277
15177,17.083043205677612
15178,14.612059843485545
15179,15.54692713813166
15180,10.329394484490573
15181,22.46545914768293
15182,15.29477168539516
15183,19.887033544998943
15184,19.005690175755166
15185,13.727899121453916
15186,10.137487843214528
15187,12.292631755044528
15188,11.201505950872082
15189,14.18986543546017
15190,16.275385198944964
15191,15.901927952149096
15192,19.155928176480124
15193,18.33878832992829
15194,20.11509326991092
15195,11.654291712690737
15196,11.20829228909963
15197,12.818839803073324
15198,13.468464679435312
15199,9.346410459572864
15200,10.198579522977774
15201,11.203601532128838
15202,18.59470308092231
15203,15.200237495069153
15204,13.394701764270792
15205,14.702441546839143
15206,17.656154754763257
15207,15.91804283793504
15208,13.787945447682704
15209,17.889694487176946
15210,15.85255309249476
15211,18.465002580132758
15212,12.467153380803486
15213,19.37843548653787
15214,17.301557022727362
15215,18.33501420247355
15216,11.335932841673868
15217,17.551969499220462
15218,12.953292799267704
15219,12.203787391860875
15220,8.760997535411212
15221,11.559140026341995
15222,17.333899999283908
15223,17.925604456966894
15224,19.946510473736268
15225,15.170878516213794
15226,12.810434339646777
15227,11.612473578671304
15228,13.030958190462567
15229,14.62108563920284
15230,19.07258616390814
15231,14.507130799822091
15232,13.220769370704286
15233,14.599192924543383
15234,20.42549787170296
15235,19.67471656609153
15236,16.057558137051508
15237,13.794297750162352
15238,9.662537448826672
15239,16.49560736768766
15240,16.382288542361852
15241,15.711705677809162
15242,24.044548073811928
15243,12.911639369871551
15244,20.750351947877665
15245,16.68726575200684
15246,16.22973937063289
15247,18.93071010463572
15248,22.383836850997405
15249,17.50045290874979
15250,16.138301722386938
15251,16.439230822388375
15252,18.95019120974016
15253,13.353579222755908
15254,17.475462233374802
15255,11.611274018463831
15256,18.36568200775853
15257,18.429460672496766
15258,15.92411765913949
15259,15.336523107382263
15260,15.595886267207213
15261,14.441611747580202
15262,19.474545062515187
15263,18.398582563281717
15264,15.079651407925416
15265,15.821827418106706
15266,12.45161419067206
15267,18.130752970651677
15268,12.015179738146228
15269,13.696279340986646
15270,19.808653183111062
15271,17.169721114164535
15272,18.698282819850842
15273,20.64505497730389
15274,18.098114765062725
15275,10.211669474536901
15276,17.333353731491787
15277,14.368425327396745
15278,21.353266385741033
15279,12.871428841098028
15280,15.949617043083888
15281,19.962861981178335
15282,16.399410752058888
15283,11.986650675856236
15284,19.266617584608092
15285,22.204271978128663
15286,14.54778679961056
15287,15.571562848752095
15288,18.027636635123564
15289,11.96301398834845
15290,17.447416343550895
15291,13.422684439456733
15292,20.151019868549515
15293,15.462397847825397
15294,19.77138784902474
15295,17.467786802658743
15296,13.60841724511014
15297,14.288103365429318
15298,14.103139388880328
15299,15.905924197968517
15300,14.450333180980152
15301,13.090364977428068
15302,23.692401872099236
15303,16.80331446648213
15304,11.875348373047876
15305,21.783136822827245
15306,14.554975926266358
15307,13.728807139699422
15308,13.745274650983898
15309,15.058723232614415
15310,17.44382014289558
15311,14.814800945105398
15312,15.336456005450785
15313,11.116717819034983
15314,20.398970729142203
15315,18.632451656137626
15316,17.523233905683135
15317,14.349576670121765
15318,18.221738591956072
15319,20.089115161169044
15320,15.53417689156708
15321,13.137863747792652
15322,13.028022411178638
15323,19.726272626145917
15324,14.108927569833904
15325,19.338049024139348
15326,10.332759400414009
15327,15.177077512619995
15328,11.661889382444135
15329,11.221416792222021
15330,10.067475977307696
15331,18.729453323321803
15332,14.35055679980921
15333,13.959571173938203
15334,18.412805477137525
15335,10.064696672211792
15336,18.750482187683037
15337,13.991636322997309
15338,13.051611913998784
15339,21.650718143152464
15340,15.307916879047191
15341,12.181962438146615
15342,14.724111208609354
15343,16.684541605054388
15344,17.007368928700295
15345,10.767201668102418
15346,9.395746623237786
15347,16.89446274664696
15348,13.69897214439128
15349,14.935616886235753
15350,18.725136044417123
15351,15.126983184650102
15352,12.44608056101051
15353,15.621625968307221
15354,15.49375272002102
15355,9.493032951308937
15356,16.7305709027495
15357,18.662697793927915
15358,20.69988360878073
15359,10.803527299353393
15360,10.842606403240618
15361,18.47863921453918
15362,15.764235576140468
15363,12.72252323498584
15364,12.22035390046256
15365,19.081680364309488
15366,18.754058945294926
15367,19.24274699078232
15368,17.763564779841428
15369,20.613834996631923
15370,15.109400160165327
15371,15.604370785061741
15372,18.245155152141802
15373,14.42972796951164
15374,13.717283332363225
15375,17.553062237352652
15376,21.787296880331233
15377,10.77005171798542
15378,17.12693268640735
15379,13.446417616630352
15380,14.591636099292023
15381,16.954350900619808
15382,15.699988353067415
15383,11.685498767390873
15384,15.367321517073702
15385,12.611967638701884
15386,20.0132145317229
15387,15.396695310458297
15388,18.44795423398198
15389,17.14917623858347
15390,14.101970318929501
15391,16.63670440732915
15392,19.67691141841228
15393,12.136161130847313
15394,14.040443695786756
15395,17.384157320974325
15396,17.98703339866637
15397,17.504639373481375
15398,15.510725469236808
15399,15.291617968668227
15400,11.673575341119479
15401,13.447248314582426
15402,15.681381452175174
15403,14.677340879227616
15404,13.930297337751481
15405,17.200997063685854
15406,12.171719382913881
15407,16.5210327115975
15408,14.361540477034579
15409,14.069937898464952
15410,14.683420802470673
15411,10.565135447833878
15412,17.230163234859017
15413,15.222935069144773
15414,21.082005505691185
15415,16.492533494646615
15416,15.93075246553189
15417,10.204255165752054
15418,13.950166933105695
15419,14.874106101516514
15420,22.416869686859464
15421,22.383598337997732
15422,10.495131996885837
15423,20.897031552903393
15424,12.401645248662241
15425,14.405151701794876
15426,20.66718957354062
15427,11.242036357857483
15428,17.142269041448106
15429,16.890320148580678
15430,18.870249170383122
15431,17.10375663817538
15432,11.37223743262692
15433,13.701545329626976
15434,21.993782214801445
15435,19.50284784898207
15436,17.147595056629722
15437,10.84303181813715
15438,15.287539867578916
15439,20.608732276633482
15440,19.8700298169279
15441,15.055073938878195
15442,16.737955843454866
15443,13.050044443309183
15444,20.350808704298046
15445,13.538496215123578
15446,17.182275936639225
15447,13.006345026050237
15448,20.063264254059952
15449,15.308212012928614
15450,12.391784620746616
15451,15.489307187956877
15452,15.43131225145962
15453,15.093034381869929
15454,14.818007895839076
15455,14.615333795740296
15456,16.575683057330114
15457,10.302190785707777
15458,15.76516662426811
15459,18.05128998492268
15460,14.683095427316355
15461,20.590951138753383
15462,19.610983840076905
15463,16.94802469268925
15464,19.52448291280901
15465,16.48691213831301
15466,15.110520632754891
15467,8.842693692827574
15468,15.517227488522604
15469,10.515556940348223
15470,17.757733653771577
15471,22.791864013416752
15472,13.950036393144167
15473,11.001757665595678
15474,21.181531945870066
15475,13.902068348643837
15476,17.33347796882779
15477,13.109030948128767
15478,16.66531776456691
15479,15.389831250799269
15480,18.218871228466906
15481,13.29889560141768
15482,13.789106076054777
15483,20.81251588909039
15484,18.350558773337667
15485,17.64148962665714
15486,13.600894926270602
15487,18.346943299300456
15488,13.094456290140908
15489,15.507984313639303
15490,10.668372885459467
15491,9.24775146732241
15492,13.805349243854524
15493,11.250106908727476
15494,21.27762324178006
15495,20.664879875420255
15496,21.163265727218736
15497,15.06194114566436
15498,20.836501826589085
15499,23.03119811604735
15500,11.819672445569783
15501,16.923308426990697
15502,15.88449032069236
15503,11.334188057801468
15504,16.735855138804986
15505,14.616696590902743
15506,11.672298277034756
15507,10.40367334154952
15508,11.813911930869793
15509,10.0826599019082
15510,17.690525581699735
15511,15.940991375896315
15512,12.337762139027408
15513,12.347220673639587
15514,13.185825132488041
15515,16.31565764735336
15516,15.229363549978201
15517,19.294375817091915
15518,11.220907527008288
15519,14.052120095524442
15520,18.003145185353333
15521,13.423702330684124
15522,13.47898027298221
15523,21.959619599529177
15524,12.921469671693943
15525,14.56280785327
15526,17.863559166904988
15527,12.704082086390057
15528,13.253836471207904
15529,12.40273341583305
15530,10.790915309828039
15531,15.273796605161168
15532,21.914147033936125
15533,18.93741576627783
15534,20.02339503617655
15535,17.20896746157966
15536,15.057119611283088
15537,18.722436685057485
15538,17.371096776605107
15539,12.974524354206917
15540,17.468922553202102
15541,20.71927982084592
15542,17.686238377178793
15543,17.26378907711332
15544,14.977168540708977
15545,11.42465425523044
15546,15.660983382683929
15547,10.999502282320542
15548,13.691306515400461
15549,14.32374846372281
15550,14.15706083121315
15551,14.077932564362925
15552,16.628844839500495
15553,22.375622562051944
15554,10.606657348510234
15555,15.44381528723032
15556,11.500027154364552
15557,11.385136989494809
15558,15.87020355541461
15559,14.564984930826986
15560,11.901724504380622
15561,16.663008601633035
15562,20.571342243404363
15563,17.005595522475744
15564,15.31562494111314
15565,17.54977521987859
15566,13.63957816441449
15567,23.991050331638434
15568,14.548819424226872
15569,16.421175377119024
15570,10.555295993060573
15571,17.539486054903758
15572,12.30288420133523
15573,19.00159051440608
15574,15.159900895692916
15575,12.911067544655317
15576,15.83672897404222
15577,17.87146230949255
15578,12.923747340555373
15579,12.417330692775975
15580,12.964430052480655
15581,17.02342036168046
15582,15.158581328088406
15583,17.304524709468055
15584,21.21258160734342
15585,18.85729507475493
15586,19.233129443047243
15587,13.249349655681767
15588,18.509914009825398
15589,13.943721233200232
15590,21.59641777017942
15591,19.82470028201626
15592,16.20093883323964
15593,16.79779255344605
15594,14.23206851592234
15595,13.340094088620221
15596,12.225022925288073
15597,13.343519129801367
15598,21.138784749507558
15599,16.46590441084062
15600,20.589996440036575
15601,15.079903874696123
15602,14.514686358893067
15603,16.907731460438512
15604,14.678698273674383
15605,16.027449773192004
15606,17.940026426396358
15607,19.721784768794908
15608,13.241256860326233
15609,17.297346559499747
15610,13.618993132344894
15611,15.700313337985484
15612,14.57437732028808
15613,13.497670788615867
15614,19.515685913643473
15615,16.529321968942675
15616,17.252276640758375
15617,12.742973771974466
15618,11.95410289411124
15619,17.967980582156084
15620,16.217387903645967
15621,15.176791221574765
15622,15.829950558779613
15623,12.836614360597101
15624,16.574548690485802
15625,13.564046499695998
15626,16.073312447160145
15627,12.902786886914978
15628,12.539420725689856
15629,17.207218902446026
15630,12.102001043209542
15631,16.136585518708934
15632,17.119950259944883
15633,14.621721676585315
15634,17.28560195176012
15635,16.569933356243865
15636,19.44416515608137
15637,15.527544022654583
15638,22.719164110559152
15639,14.36990117464774
15640,11.97139549209636
15641,20.110074706601296
15642,16.501434795025105
15643,17.522029906124132
15644,15.961403619322606
15645,11.123141040832754
15646,21.054110973921127
15647,14.266629459021022
15648,20.743205112179332
15649,15.658706179406975
15650,21.490911878833046
15651,11.366277220867925
15652,18.122997410040604
15653,14.899182913838203
15654,17.549166653107413
15655,11.06719387246978
15656,19.353500503456296
15657,18.73956909926731
15658,13.173689005992223
15659,17.977841091592424
15660,16.18618241077204
15661,10.6105991223913
15662,14.026129260228828
15663,16.225971851709467
15664,12.141371661004365
15665,15.26141932760186
15666,17.46338248224133
15667,17.167984288545735
15668,13.59892259167922
15669,13.126108842983161
15670,15.048311340314275
15671,12.991028851729482
15672,17.434898111143546
15673,19.020556971994786
15674,16.856718556247117
15675,19.05789812474904
15676,14.169138946095122
15677,15.40253591764011
15678,14.381300227235958
15679,17.660433507791165
15680,10.502612376505482
15681,17.62786283139097
15682,12.22465634749579
15683,9.445525311022537
15684,14.13060960573547
15685,12.871457050392669
15686,12.982917167300753
15687,15.106704907368039
15688,13.736876258152561
15689,14.137510180723735
15690,17.488697890674857
15691,14.03094943182659
15692,18.854064526751223
15693,12.32001103536742
15694,11.692236454876744
15695,18.512220933710935
15696,10.230652593634838
15697,10.334608648530804
15698,13.16528522176343
15699,16.490541897544787
15700,15.463057895828076
15701,15.679726952153727
15702,12.31768478044836
15703,12.89963548528012
15704,12.213893409613918
15705,19.190136916005052
15706,14.749527815432423
15707,14.617166958527438
15708,15.649537628394963
15709,12.703311217637891
15710,15.361969650739997
15711,11.979016715579737
15712,13.115374159052937
15713,13.606701974698263
15714,11.483645169408621
15715,17.60112455771531
15716,10.40629792055528
15717,13.673249211939106
15718,20.56060764542946
15719,18.902241256012026
15720,14.962300538450954
15721,9.30384302401113
15722,19.6589401106955
15723,14.810796508517434
15724,12.900733989518342
15725,14.929183853028146
15726,12.522502241279248
15727,11.694270778098339
15728,19.639878982404316
15729,12.73874653613727
15730,12.745769266104391
15731,14.260575651427946
15732,12.966577824674888
15733,10.452569153187978
15734,16.32289374543648
15735,17.663975664972934
15736,21.971845152472834
15737,16.344383092005526
15738,18.624261517210925
15739,16.742615562596733
15740,11.995174473826125
15741,12.602782483839526
15742,12.931556311254603
15743,17.418260587212956
15744,14.605995589836857
15745,16.400897955819648
15746,19.868986117217766
15747,13.116931504456494
15748,16.208452479152456
15749,9.61179197131046
15750,13.026748649756884
15751,17.6319410783261
15752,13.632442970019744
15753,15.978545475229287
15754,13.629541622395331
15755,17.850896676519
15756,12.623145792897498
15757,19.437881902381918
15758,18.02230527423515
15759,14.838382079763413
15760,16.803517856352894
15761,10.719656020940922
15762,11.638781564435517
15763,12.90023629966319
15764,20.083305306798223
15765,12.07234254824618
15766,16.116368217698334
15767,17.372139148212714
15768,11.121597073528047
15769,17.690007830142413
15770,20.830936500075843
15771,16.48513472754983
15772,19.118442092954044
15773,15.009682509449616
15774,14.74287995510884
15775,13.516278786626692
15776,16.06759049912892
15777,12.361484142638535
15778,14.870841177008993
15779,16.706667482173117
15780,18.607352717086464
15781,12.7490904704893
15782,15.110077347752007
15783,14.62986887653607
15784,16.100442965011602
15785,16.47514391384457
15786,17.572234847513293
15787,17.470811567093964
15788,17.597211838247514
15789,15.368920193224449
15790,19.191975864561893
15791,16.206422122163666
15792,16.475352796530192
15793,16.998821825751353
15794,12.808784436543299
15795,18.528744152503897
15796,14.955916618849555
15797,12.997142043170033
15798,17.03020442574145
15799,16.397878023942333
15800,13.15873989912965
15801,14.472475342842717
15802,11.336877869812657
15803,13.56881674563069
15804,10.999327317164292
15805,15.03835302376229
15806,17.742442114424826
15807,10.121597330333058
15808,16.787825434402766
15809,22.38650578987609
15810,18.660242485917202
15811,17.855327931114395
15812,17.2051206542474
15813,12.081220314903831
15814,17.48090219015753
15815,18.29949092758506
15816,11.964027840029592
15817,12.236506036723167
15818,14.414667281486034
15819,10.3450072023517
15820,14.934948335133708
15821,14.481540838960132
15822,19.517911875317587
15823,11.210416582944864
15824,18.37403491649701
15825,18.877301888655182
15826,17.91657060846273
15827,12.396345950305077
15828,11.791465276808758
15829,13.362760271748238
15830,9.19862913986112
15831,15.056286693296613
15832,21.571361739476597
15833,12.93345362369182
15834,16.025861067355077
15835,18.09423117848938
15836,15.9858171049657
15837,10.334633467783492
15838,18.998815645634924
15839,15.31057168608769
15840,15.285720311336258
15841,14.42333530996794
15842,19.288814734423177
15843,16.186876579312234
15844,17.729050009693925
15845,15.019453804714503
15846,15.333279521215879
15847,16.662966586288736
15848,15.275008041240175
15849,16.211839536868833
15850,24.3953087130559
15851,13.560812076137507
15852,13.095902619494566
15853,13.360140668688425
15854,14.62251282436889
15855,12.45229691946091
15856,14.251621626125427
15857,14.197291746032608
15858,18.488074859237372
15859,14.236851014725975
15860,13.968302573418084
15861,15.12388116302226
15862,16.977339083105626
15863,17.57555999735181
15864,19.698315487251467
15865,12.065615220450805
15866,14.472668901459269
15867,19.928216045660538
15868,13.824495014345532
15869,14.502751757061237
15870,9.099186155107782
15871,12.792275044752799
15872,11.456106953156224
15873,14.257732894979442
15874,17.916365438740975
15875,15.523881701974629
15876,20.334241244253455
15877,13.213159949191082
15878,15.600906021092937
15879,21.009525237772134
15880,17.750107978501614
15881,19.161793951726203
15882,15.784714325231482
15883,13.923977173634254
15884,10.743697432833487
15885,13.99587996553186
15886,16.116503674723706
15887,12.582936738809309
15888,12.612514043549758
15889,19.0719474836752
15890,14.153776900920118
15891,13.70616909707843
15892,12.248771118573929
15893,18.649669866809568
15894,14.105142056998183
15895,21.777297879135855
15896,13.572694940055168
15897,22.499427871682375
15898,19.19905924987847
15899,12.703737503209044
15900,14.433002159315002
15901,22.358234790325202
15902,14.09327123495928
15903,19.35415111726141
15904,23.362275426458933
15905,19.561241536917727
15906,17.716860517029314
15907,11.118312700778317
15908,15.37712409313554
15909,17.834816495693048
15910,12.22551867607229
15911,13.72259266592408
15912,13.776709999318717
15913,14.109791860126538
15914,18.055738938328705
15915,15.369524056400389
15916,9.477365528958156
15917,15.594511889916737
15918,13.00407391377535
15919,11.3084026214358
15920,15.940503696803498
15921,17.474292222239644
15922,19.35103605753468
15923,17.793596292958597
15924,19.021227388365663
15925,19.03159193741195
15926,11.99952584193776
15927,11.971200758968225
15928,17.400929256396445
15929,17.96666271941038
15930,14.763738861573062
15931,10.949774779711092
15932,19.732823142657598
15933,16.56137971807227
15934,19.184231012816866
15935,16.879656514154384
15936,13.773652113958969
15937,18.643010501939347
15938,11.903992494649772
15939,14.707084851978623
15940,14.707648196881985
15941,10.344609197172922
15942,15.767361025054376
15943,10.396408064806698
15944,15.235739447572207
15945,11.907875494623982
15946,12.866545787800073
15947,14.282971819643842
15948,10.984165716992962
15949,12.844097020760678
15950,12.377215142275086
15951,10.510553622055186
15952,16.773998965587023
15953,17.40908141961845
15954,11.186987910851329
15955,21.058833629693794
15956,14.28943505895491
15957,16.739976793232767
15958,13.116153346764268
15959,12.238062265715499
15960,13.86060010886482
15961,17.43585776025861
15962,16.84906227629836
15963,18.581869324683787
15964,13.672015682560103
15965,19.43748495999708
15966,11.873812773395132
15967,13.455090510392631
15968,21.579461897553607
15969,14.587776755513982
15970,11.94386558338833
15971,16.207829270617033
15972,22.52916566641667
15973,17.021053085116126
15974,15.125943609447248
15975,14.763746639999844
15976,18.55620551742936
15977,12.790460847576824
15978,10.862935662324677
15979,13.319650875028671
15980,14.961650315328622
15981,17.188595918737434
15982,16.03043888478839
15983,13.78280971482249
15984,13.347531890348348
15985,13.839878125960912
15986,13.939771150721223
15987,20.01358270356299
15988,18.13851498754871
15989,14.4486084980132
15990,15.253396181182334
15991,14.307152753567845
15992,16.119339391135906
15993,14.147187004832325
15994,16.316110033779136
15995,14.022359891228962
15996,19.662859334839336
15997,12.83991086666861
15998,12.84562146683264
15999,16.062707321039127
16000,16.279271723100337
16001,13.274691051437218
16002,17.66468520455447
16003,14.088378525716388
16004,13.19731298555348
16005,13.608412439374906
16006,14.51338252322148
16007,10.874338926992701
16008,10.056343131684619
16009,16.168831855136126
16010,14.038634029606683
16011,18.842327534310577
16012,16.433886108817237
16013,15.925106453411008
16014,17.35186985468971
16015,15.756142592671182
16016,12.939317040836654
16017,15.484519216876755
16018,15.302656578992238
16019,19.666694759641494
16020,18.75034755384885
16021,19.48717151283205
16022,16.05716859442776
16023,16.418246054711656
16024,15.461312753268787
16025,11.320811214358676
16026,16.363989476221352
16027,15.21008488904532
16028,14.251903428856586
16029,12.696337079549975
16030,19.68052280920315
16031,9.77059337629287
16032,11.577841541726507
16033,17.848256486777615
16034,15.686735768550216
16035,9.034089491129553
16036,14.893774360007582
16037,13.163004853066084
16038,17.02757100334062
16039,17.39262561565522
16040,18.028427763541604
16041,14.141883627209276
16042,15.674300061905884
16043,17.233701894965225
16044,13.173393008727356
16045,14.189336806556396
16046,12.374679968674558
16047,23.060199948587318
16048,13.288785175292844
16049,14.752395095807948
16050,14.741786729886805
16051,18.892610366074337
16052,18.838727716565025
16053,17.209901439169524
16054,17.57280826043218
16055,16.30405220665017
16056,13.701668668481345
16057,10.62665650306084
16058,12.817096368165537
16059,19.16222345218568
16060,15.200388596258398
16061,19.27587435071654
16062,19.78581186489505
16063,13.728079334230962
16064,19.95828077447712
16065,20.791281886752124
16066,12.646180143540917
16067,11.951098365065082
16068,18.180914683778358
16069,17.490811714886974
16070,13.968072864035472
16071,10.867129758844536
16072,22.612923970741473
16073,23.43374073125304
16074,13.852694539446217
16075,11.96356868295138
16076,14.097124672418353
16077,12.987898598534164
16078,10.16213410097545
16079,12.999878803356246
16080,15.361237942169938
16081,16.770813961698757
16082,14.786505779848259
16083,18.263383278324376
16084,9.399536485988666
16085,19.124324123361546
16086,16.892542943479796
16087,17.40564034713966
16088,12.95144555428159
16089,12.91799921388999
16090,18.134099104422294
16091,12.904052464821483
16092,11.215897214162986
16093,17.8922028876975
16094,22.33935161763534
16095,15.804008743487717
16096,16.28899119397939
16097,16.824842513629882
16098,15.123751399493157
16099,19.230576924368076
16100,18.276922754024152
16101,13.639146216557883
16102,12.546542075097612
16103,11.450611879155304
16104,15.609920228728324
16105,12.984751072085999
16106,14.289681672787033
16107,19.392443919777257
16108,16.196784065964426
16109,17.18269389505267
16110,14.800515931581286
16111,20.74759935263954
16112,14.214577855872058
16113,10.463451659927316
16114,16.3285660593741
16115,14.999872841485272
16116,14.40173896030292
16117,17.24530114289549
16118,8.86758222952681
16119,14.7581091758433
16120,15.135668288934825
16121,15.696498963546286
16122,18.4795552085522
16123,14.460686396465732
16124,15.614519536823353
16125,11.456323685932421
16126,13.020762978689593
16127,14.175956318001065
16128,12.622541022952403
16129,14.659876658224498
16130,12.51882301781213
16131,11.16163105382888
16132,19.988639597272435
16133,22.90604089794079
16134,14.757034669460559
16135,16.60701183681099
16136,19.979939152098876
16137,22.409393286465164
16138,14.477092242537381
16139,21.96043120489182
16140,11.61490965559135
16141,15.162437116259305
16142,14.474063082890899
16143,16.179874070957354
16144,23.624158427121298
16145,15.028154192184651
16146,14.13594021257623
16147,18.013236345292423
16148,13.681514600191226
16149,23.01431135463931
16150,13.824276224469157
16151,15.988673986952561
16152,21.202094857165072
16153,17.706568930309764
16154,13.440248266294109
16155,17.301309054095604
16156,12.10983810278896
16157,15.404521551553072
16158,15.45224561787307
16159,11.882598951237759
16160,16.278199785901712
16161,17.963742000468326
16162,14.640384619602525
16163,17.949843232779912
16164,16.61336727175521
16165,14.639796896841997
16166,15.480427474814297
16167,14.496861241231663
16168,15.740043918277761
16169,20.65338057564457
16170,18.417023852326015
16171,15.287849557965158
16172,19.666914268336054
16173,18.557496024628502
16174,16.499392024777144
16175,13.538496090014137
16176,16.714340844149213
16177,10.9538839727928
16178,12.399732846443621
16179,18.853095546649858
16180,15.893740442407877
16181,18.97384717533606
16182,17.296439522809784
16183,16.00051668186541
16184,18.521528183220127
16185,15.507165603706234
16186,14.872765147882683
16187,12.178580628948348
16188,18.304543454619786
16189,13.257470120414302
16190,15.7485237696372
16191,22.99493064996259
16192,15.447230277844476
16193,13.877892922639635
16194,13.36565370220045
16195,21.25159193563318
16196,19.36038990096342
16197,14.365556455552454
16198,18.002901236896083
16199,13.631074055774755
16200,12.322983138327693
16201,14.010031900067023
16202,22.543257201047023
16203,14.5485975813642
16204,9.729292142856497
16205,14.574491964772113
16206,15.64453176707892
16207,13.176772598562854
16208,19.465460846862022
16209,14.022969984530233
16210,15.82984597632449
16211,16.351247118001293
16212,17.099592591327433
16213,13.426593872212372
16214,12.448621531280162
16215,15.253167411096806
16216,9.407096228216654
16217,16.34619363747142
16218,17.166610093607023
16219,20.707650574795444
16220,16.515120336504218
16221,13.537880798475276
16222,15.620709954730982
16223,17.029186877922918
16224,21.58581200102961
16225,15.570092137861355
16226,21.042439319998365
16227,13.043798576116748
16228,13.8223654298945
16229,20.01310020174779
16230,21.603347906689837
16231,12.967653942269493
16232,14.912732010363234
16233,14.819636370290219
16234,19.698389817065035
16235,19.838799081916992
16236,12.726865506685527
16237,12.574459854515142
16238,12.872647495256146
16239,14.431751544026717
16240,14.001054303844189
16241,17.480693099569717
16242,15.673661010374852
16243,11.28876386427693
16244,18.155511117288807
16245,19.031025339039143
16246,19.85240387571871
16247,17.078273795257868
16248,12.147448566742334
16249,18.404025112445762
16250,9.91353900054393
16251,17.94921902402171
16252,12.896342455526321
16253,18.965796506939032
16254,14.74163483928129
16255,12.385103804004393
16256,12.7847107252572
16257,21.661183870282798
16258,18.23808524629693
16259,23.957018537841044
16260,15.156031018900412
16261,12.39510970527282
16262,10.471271090840894
16263,16.82835761082321
16264,23.418938943176272
16265,24.397475191907798
16266,16.03619897743158
16267,11.39655891386849
16268,16.008992512192126
16269,11.391305343846952
16270,22.758884312392933
16271,20.382646458954284
16272,14.948729502236219
16273,18.201237319638622
16274,11.612085795421587
16275,17.706573935195987
16276,12.852249115864362
16277,15.438200631252077
16278,14.251044427797918
16279,14.364534664578311
16280,15.629211385258277
16281,14.113938087300108
16282,19.470322245068125
16283,9.188140817408135
16284,16.788050215165338
16285,19.88398636282086
16286,11.661417788401348
16287,19.033622876840663
16288,12.983931013786252
16289,12.442300322324055
16290,10.649244773496163
16291,14.421410354310648
16292,10.895445689929826
16293,14.297152816449033
16294,14.303757159893276
16295,21.893980664718725
16296,19.321323958706312
16297,11.827293504948493
16298,13.180743099238462
16299,20.413946517203634
16300,14.504107319585474
16301,8.939303409806383
16302,17.10276562477842
16303,9.67105177535767
16304,13.718670243590404
16305,13.49170565576558
16306,15.196210979456987
16307,12.262847373613393
16308,13.298966952198162
16309,16.577417829254617
16310,12.722135401165444
16311,18.65854801930033
16312,13.481002987469358
16313,15.956904085770077
16314,12.078548623567958
16315,12.583548209704105
16316,18.065634602057795
16317,14.85063001794855
16318,18.40339862265877
16319,16.335155209289493
16320,14.63094971817417
16321,16.684877815303157
16322,19.39383876976531
16323,8.010983176093486
16324,12.658068370324447
16325,14.631961049564703
16326,11.054907560545953
16327,16.517429191044137
16328,14.028860202635583
16329,17.73081342354621
16330,14.79941828356795
16331,16.219405033566797
16332,13.424181818482783
16333,15.198765036333569
16334,17.703753373376472
16335,15.034621685345657
16336,15.345931859655602
16337,13.711328386056735
16338,10.941485945448099
16339,17.961134370698623
16340,16.471931501076238
16341,12.720941221477533
16342,20.033268809443225
16343,13.566191013996187
16344,14.051054852941041
16345,13.145061877221151
16346,16.674660803327583
16347,17.619932038125956
16348,11.762630783987433
16349,21.30903457040019
16350,12.042886718743693
16351,15.112267824767999
16352,18.190190188624
16353,12.433144916824578
16354,16.04362756322615
16355,15.427094762169354
16356,17.22683792767906
16357,11.268921238393148
16358,19.460932267967603
16359,14.9540775530334
16360,14.923855186205923
16361,10.231026701201383
16362,19.856873297002203
16363,17.803619130120094
16364,18.855768439825443
16365,12.02909331657078
16366,16.01771506396382
16367,15.537147221336982
16368,19.544072482782322
16369,12.705599694009383
16370,11.220190309408023
16371,12.19543433035626
16372,21.62774912639114
16373,18.218030439270034
16374,15.622703516725313
16375,22.709182314793342
16376,21.62761959152091
16377,12.728625734230235
16378,12.240933109033053
16379,7.9716810998485395
16380,10.025642690504059
16381,23.12727163423069
16382,14.939278369250193
16383,18.187749580020018
16384,14.011646795721498
16385,18.194638701553895
16386,20.682973321725868
16387,11.121130115104835
16388,15.498167247884531
16389,14.682333073962702
16390,17.080705363158483
16391,19.76541110448607
16392,15.807314402677573
16393,12.801022790331752
16394,13.05197091271844
16395,10.413404054010929
16396,17.57759329325493
16397,15.218607527582714
16398,17.481162830550797
16399,17.149574960371034
16400,13.951131129423944
16401,14.639972450590522
16402,21.528695660664663
16403,14.677972045057457
16404,13.47419166037166
16405,18.37952294373626
16406,12.038640357890076
16407,15.265079995058054
16408,17.103548124763012
16409,14.092311545580857
16410,15.925092141863125
16411,14.380380404976291
16412,18.899813550462163
16413,12.961797716834633
16414,19.41496236688297
16415,13.159142197489412
16416,10.50620099278564
16417,16.056226891636463
16418,16.606054004215935
16419,16.865933578351424
16420,13.26716101579963
16421,14.227699915427674
16422,17.381861267577346
16423,11.11302904108128
16424,16.358283599556593
16425,17.63282152087304
16426,21.532456009648847
16427,11.251827273819357
16428,13.058246184211562
16429,15.070767732462546
16430,13.552332151941611
16431,18.698929249313217
16432,11.001375265516488
16433,11.933631927220462
16434,20.87492433775482
16435,23.434801481861236
16436,10.551108861478918
16437,15.727705206175399
16438,18.021267829006593
16439,13.735751477418408
16440,17.799603445426627
16441,16.645747146359103
16442,10.507299447337626
16443,22.156459618484288
16444,19.653984964501035
16445,14.229883905281667
16446,12.8596733100709
16447,13.372458161072581
16448,22.53273701337135
16449,16.196346863168515
16450,20.13384731158748
16451,16.76629611980687
16452,10.413874079238065
16453,11.147934668830876
16454,15.178022177564722
16455,14.269084893471389
16456,13.704863573300855
16457,12.913105285728948
16458,14.044107190900165
16459,13.538797328275713
16460,18.202171186931434
16461,16.38219175012678
16462,16.536861579577234
16463,11.894177382755387
16464,16.056792982246943
16465,21.613957851191028
16466,18.545616175603993
16467,11.660462333872946
16468,12.654339489440689
16469,16.49514231315383
16470,16.168115717575102
16471,14.218288019277994
16472,22.619549691016953
16473,18.7172083607672
16474,12.955428151860355
16475,13.936633929022957
16476,15.711831871367181
16477,14.06223120256124
16478,16.233854268624253
16479,10.247581494095252
16480,15.786745600016745
16481,12.447213187519152
16482,18.724496066631026
16483,11.429306395675985
16484,21.262283531418802
16485,15.13612403694597
16486,18.672176149987735
16487,12.351140330358099
16488,13.357327300121923
16489,17.909964462507926
16490,20.828920774710944
16491,10.7193139653079
16492,13.417854303434423
16493,10.436814858349706
16494,20.756745356417746
16495,16.824730621965582
16496,12.231637782309607
16497,14.879935073829326
16498,13.13501248792618
16499,18.08223497553019
16500,11.175902836884964
16501,17.37282299972353
16502,12.463510622420308
16503,17.29142824946844
16504,17.11406356907347
16505,13.535389644307486
16506,13.597069218055314
16507,20.563654583681753
16508,14.452288293100274
16509,16.447895034800652
16510,17.175591929464243
16511,18.407927376241567
16512,18.018315074899604
16513,13.113788861371697
16514,17.796525006444643
16515,16.527330516390958
16516,14.88411681043066
16517,19.466662213783682
16518,21.16847573996448
16519,20.00026202421799
16520,17.91469603066255
16521,15.20873713494576
16522,9.128319371720753
16523,15.896126025120806
16524,14.266747294599238
16525,16.581802437590436
16526,15.365794181929331
16527,10.710036848426904
16528,17.31334948326921
16529,13.001761256783874
16530,15.053700981636078
16531,18.25209642376321
16532,13.276038648874513
16533,21.61895598639407
16534,14.77386000465239
16535,17.159865309374105
16536,19.785886189123335
16537,15.523181990588052
16538,10.135645532337275
16539,17.688592372294007
16540,13.38353499010504
16541,17.579282713994058
16542,14.004463649840195
16543,14.024542350299699
16544,15.81658608805795
16545,12.176643230824281
16546,11.540603510600612
16547,13.468461227306538
16548,21.340920456326046
16549,19.056127733829104
16550,11.556491970423298
16551,17.42183050858145
16552,14.061187522981148
16553,10.07879860312964
16554,21.9400356331646
16555,16.04800204647145
16556,19.900700216751957
16557,14.192038370315965
16558,16.046791509807775
16559,13.195288236844105
16560,11.171310146988356
16561,13.839691078813521
16562,15.15686748135057
16563,13.55708613210973
16564,19.907878499390844
16565,18.670970011789183
16566,10.370350239270447
16567,16.142865118142236
16568,16.140534092047947
16569,12.775464858787464
16570,14.72035371467647
16571,11.911122643437512
16572,14.208856424224383
16573,14.551328001379256
16574,19.93088984904822
16575,18.89660987909305
16576,17.307523568380915
16577,15.620854750438273
16578,19.915202518344863
16579,15.238696593923423
16580,16.665846798601713
16581,15.553939532536576
16582,13.497492358440121
16583,10.621499837790507
16584,18.449131708111423
16585,18.60392138242921
16586,12.704884932680107
16587,12.41840753271446
16588,10.197050855641747
16589,14.421783511018319
16590,19.91326988946558
16591,13.407134654269514
16592,21.485746244593294
16593,15.480157156527847
16594,22.206478492852312
16595,21.48727505442439
16596,15.848433137863125
16597,16.187316101581562
16598,11.19206034037547
16599,14.950338555644064
16600,19.758103260368813
16601,17.3585632969826
16602,11.058422847136839
16603,14.79761487571809
16604,19.307260506036624
16605,14.803897371266025
16606,13.086789607722068
16607,15.791281056141388
16608,18.82018497620202
16609,13.187133991579048
16610,17.98890344336538
16611,16.297886979410325
16612,11.720046186973589
16613,21.442164930919795
16614,17.93554881675489
16615,14.557059989697047
16616,14.825232047267315
16617,13.943972109925154
16618,19.650219441974187
16619,17.472021678314324
16620,13.084079737765434
16621,16.668006948696465
16622,14.596901714889412
16623,16.789697112141344
16624,13.473042044858584
16625,13.501278713993921
16626,11.800391412268784
16627,15.022231805323871
16628,13.525220356778636
16629,11.727488328183187
16630,19.001461371230214
16631,14.822247744886095
16632,11.469932611346763
16633,12.643435755852284
16634,16.96248214347541
16635,16.795991942803433
16636,14.931213474280314
16637,11.576705233999164
16638,8.511164603457654
16639,15.969666491430493
16640,14.882558780536108
16641,17.34385383987549
16642,19.894949239817937
16643,22.618309043884288
16644,17.70154718332701
16645,15.795745914349405
16646,10.075423493529096
16647,14.869673455626021
16648,11.27888759349186
16649,18.667343115108423
16650,16.557520235714282
16651,10.16269115707114
16652,12.917165433530572
16653,18.714631425693643
16654,22.93853715679382
16655,18.042945218033637
16656,12.915747067469642
16657,16.720174922786693
16658,14.710057701862976
16659,19.250309342305876
16660,12.486106592652046
16661,9.921192821674333
16662,17.95309390715028
16663,12.587414466011323
16664,10.862155702553771
16665,15.55207981743272
16666,19.904813464195062
16667,10.938541921700867
16668,14.953431624963248
16669,15.003304697939367
16670,11.740435920104792
16671,11.588838310478131
16672,15.975683169507944
16673,17.658652021126937
16674,14.380884832928068
16675,11.68835286408657
16676,19.22058035917146
16677,17.994771789833994
16678,13.310476398048028
16679,16.54448794799846
16680,16.821729486352343
16681,17.487515964596135
16682,17.352369987822424
16683,12.951629293523457
16684,15.418273835005166
16685,12.98735909511937
16686,19.22985817849084
16687,17.276591870043866
16688,17.458551863186905
16689,12.831469416950888
16690,12.126658251064919
16691,9.585617975033204
16692,13.686565431134623
16693,15.493549798761753
16694,14.732965345143242
16695,14.872616311233868
16696,17.20772567276677
16697,21.689378923271452
16698,14.46557080659005
16699,15.649439502652031
16700,20.36046784682346
16701,13.145070273693843
16702,17.302341045710662
16703,17.719470656185596
16704,18.055286895661208
16705,12.533363209954913
16706,13.656463047267385
16707,15.882476967914746
16708,16.892993747188665
16709,14.889564334605902
16710,18.071086907270637
16711,11.762089810005335
16712,15.031166016070808
16713,14.939723546074418
16714,17.276166919258692
16715,14.588565739573932
16716,19.800171561053528
16717,17.972582209228076
16718,13.782627451532809
16719,16.948207106806887
16720,18.72291260394455
16721,11.284995881057029
16722,15.51251660170713
16723,16.880822420647327
16724,13.947182654665365
16725,12.133826493967973
16726,14.953318249832167
16727,18.033172795444656
16728,12.703989195244421
16729,16.50942190797156
16730,13.071761377941316
16731,17.49373106090082
16732,18.66936255935715
16733,12.892857401892686
16734,18.43454209492837
16735,14.762198340478404
16736,13.531518442651034
16737,19.236248874751308
16738,16.287561377587657
16739,10.312384951087356
16740,18.463691186189255
16741,11.708278579188544
16742,18.34641098217908
16743,14.480200282382325
16744,11.722812847665155
16745,15.583362832028635
16746,19.149596420805928
16747,22.974503539026873
16748,15.912200777398539
16749,12.683293148447719
16750,13.705590358530229
16751,16.853902338839955
16752,18.854032830794242
16753,13.636472206536757
16754,16.82230779952525
16755,18.268092939371975
16756,18.281506305779214
16757,18.643755845777378
16758,19.50289247754668
16759,13.989178571637607
16760,13.290003790597298
16761,14.016487869094881
16762,19.39894259550707
16763,11.57398577391726
16764,15.128899861315494
16765,19.47870788399163
16766,18.200580862714226
16767,15.795616551644196
16768,15.99969398366229
16769,9.555536150172363
16770,13.851853552084547
16771,18.11185136106566
16772,16.098129543802983
16773,15.362233867456501
16774,19.559341920932887
16775,21.30993263512627
16776,12.08924523301456
16777,15.112807896569215
16778,16.34795965380616
16779,18.59369049076815
16780,14.222027268745054
16781,12.173107387638192
16782,17.759495071159687
16783,16.333494238145352
16784,14.676718371159831
16785,17.54713314203068
16786,18.558428844607583
16787,14.657008702214261
16788,18.40324307380138
16789,14.842438317657017
16790,21.394491098922234
16791,16.577660738388193
16792,17.70680725277065
16793,11.364254962867602
16794,13.374138782690972
16795,21.95132620928955
16796,18.809839141081152
16797,17.683993134832654
16798,13.279868311238873
16799,17.499551686702205
16800,23.69393724744088
16801,20.32673490314884
16802,14.727132851407431
16803,18.13104811735876
16804,14.28528339841343
16805,9.19112376599333
16806,14.789005713427029
16807,16.922640940436807
16808,15.933024493257992
16809,16.623526505038157
16810,11.60012095166245
16811,15.999522638338426
16812,10.267501561989059
16813,13.863624171074628
16814,11.001124094989189
16815,15.745292785792513
16816,11.067160256260827
16817,13.424307347877567
16818,19.2134785446402
16819,13.299284056575743
16820,17.36369300363882
16821,10.49821119121656
16822,13.374082301036289
16823,14.97327574141908
16824,19.067877996210242
16825,11.94753916170366
16826,11.879427102415459
16827,14.77026279782556
16828,16.426936517432278
16829,17.684791761047443
16830,9.897508921117753
16831,17.925868093950022
16832,16.669639181483547
16833,11.717529238674706
16834,15.35378203687844
16835,13.931118338417932
16836,17.769942471984166
16837,13.833626303340386
16838,18.754846800564415
16839,17.639064007097726
16840,18.731104138511
16841,13.301750162327904
16842,18.521237575137544
16843,17.23044006554198
16844,23.206756114736468
16845,14.671405578414728
16846,14.078228902346705
16847,15.5551878450404
16848,12.239517789673917
16849,13.333454903026976
16850,16.63766594816716
16851,14.351295883509561
16852,14.803604623882299
16853,16.858449259314135
16854,14.825326283188245
16855,15.429140712559835
16856,16.23092385034287
16857,13.349429862474988
16858,13.93984146943531
16859,21.82222257479625
16860,18.334071919361516
16861,14.179577155432801
16862,11.258265111140533
16863,21.40654108507776
16864,17.35744909287305
16865,14.81877058919779
16866,16.825336813762167
16867,17.90994474267427
16868,12.260820359468363
16869,20.622930223657477
16870,15.58419936431207
16871,18.29121002578814
16872,9.569347280424951
16873,16.343116256129996
16874,13.748646102885509
16875,16.77299424716605
16876,17.40671161083188
16877,17.43375108162085
16878,16.203712709025105
16879,14.176088504098312
16880,13.917158949990569
16881,16.768119202907055
16882,14.824200174434809
16883,16.408372384154124
16884,16.840761704131232
16885,19.223106460024095
16886,17.19994296153036
16887,22.689657772299316
16888,14.367463068798289
16889,17.201638959427054
16890,19.553054400957027
16891,18.09100409376186
16892,18.074029302559392
16893,12.927530640518029
16894,11.728803506899558
16895,16.82730469277841
16896,11.553046791752756
16897,15.209243087510629
16898,20.224025721366846
16899,13.266766542566732
16900,16.0946679401779
16901,15.193461738419474
16902,14.418184580234543
16903,13.825079828335483
16904,11.256193595748075
16905,14.507298181949245
16906,13.149300824689368
16907,19.65647399118072
16908,17.967970079324402
16909,16.124354333282895
16910,11.021804331581782
16911,14.298821285515789
16912,15.509283416852846
16913,17.339986601996895
16914,13.586549801844214
16915,15.167711186144238
16916,17.571854042656234
16917,14.143186540055252
16918,18.693947588016925
16919,17.465448803617548
16920,17.57296315786197
16921,15.44167408359379
16922,14.576344213533153
16923,17.73321064081923
16924,15.554243148791835
16925,18.212615951501647
16926,13.397965987323333
16927,17.77436162610868
16928,20.782118008505506
16929,11.11948224434162
16930,16.146327731426183
16931,13.116609796150751
16932,19.38692900191069
16933,17.2564785163663
16934,17.940001139799374
16935,10.387908695436503
16936,12.35642536872421
16937,12.47925762178352
16938,16.93555463900638
16939,18.867139940589244
16940,21.925893526193278
16941,12.030281211181185
16942,18.52668611313372
16943,14.223678217395829
16944,12.87132373333619
16945,23.04460403776752
16946,15.18397612090946
16947,17.731886643748524
16948,15.984990243005983
16949,17.07170221597683
16950,15.992968252840011
16951,8.72635832384905
16952,14.79742825500558
16953,15.757070907048249
16954,17.231728631671373
16955,11.531174461850567
16956,12.5748225399678
16957,13.510847612232853
16958,11.892292193520754
16959,12.243194261535177
16960,16.346306846803834
16961,14.060936629426942
16962,12.766451826831442
16963,15.916621087740838
16964,13.030625962433138
16965,9.74388756683622
16966,15.788861550537716
16967,12.636511505778454
16968,19.53005758801672
16969,15.7691684052206
16970,13.490422519527963
16971,20.585220785358374
16972,11.850169303885265
16973,16.994311729827928
16974,14.278832796487983
16975,12.316606122732923
16976,12.681497196408552
16977,14.81520535197443
16978,9.461344951976972
16979,10.92001116495655
16980,16.73113152502788
16981,19.12101532003408
16982,12.489951554589403
16983,16.01388728648592
16984,12.810580693955735
16985,13.147926856127366
16986,16.97204210796582
16987,17.247245320425645
16988,20.000269291707788
16989,16.638452606710114
16990,16.233537520887328
16991,12.693749223877226
16992,13.501758775940067
16993,22.805583215299347
16994,15.786371887654697
16995,17.763789246060043
16996,15.1331129207402
16997,14.0894866229089
16998,14.54850539900917
16999,20.579551614709
17000,14.626029741873126
17001,17.232791392840344
17002,10.224213488398526
17003,13.713538283707877
17004,17.984228729468196
17005,11.999609593478292
17006,10.287948762140022
17007,13.05953472372121
17008,13.979176823224508
17009,14.15483960500842
17010,21.753845460745207
17011,15.017586827737123
17012,15.384282895535078
17013,15.76457027582988
17014,12.801007665448411
17015,16.345123187996855
17016,11.004368332858903
17017,12.817327736846163
17018,15.541095519353366
17019,17.732460681432272
17020,20.111316127974394
17021,17.130771391344833
17022,19.101913175646008
17023,17.956000839383407
17024,23.873302160463624
17025,16.65708346534697
17026,14.150249657045428
17027,18.940261597357928
17028,14.613827763629688
17029,16.074383118583718
17030,16.866735025571305
17031,14.624101320030418
17032,11.136835365309974
17033,17.818847202284864
17034,13.013596278324247
17035,12.076827777849031
17036,19.30991355387418
17037,14.898932856836588
17038,16.418589493321974
17039,17.627868635503553
17040,13.711883626780198
17041,13.319009454786372
17042,14.119555305548454
17043,14.833117897572585
17044,17.799215742606957
17045,17.449558247411495
17046,16.46615565448771
17047,10.728563502100688
17048,12.87389078196709
17049,15.003516111290544
17050,15.497625153647114
17051,17.009687582904263
17052,12.377277412095284
17053,19.425152716519946
17054,11.223334359034288
17055,15.209442327783593
17056,19.36789698566833
17057,9.25785467039804
17058,10.48922983673911
17059,15.86172750562311
17060,20.811087354323053
17061,14.792667084392027
17062,17.37821555245538
17063,16.070152678242025
17064,17.62811812049368
17065,15.700353314483124
17066,13.924402199976864
17067,11.562417900011145
17068,9.91013909835876
17069,11.418503117005056
17070,15.296934155055254
17071,11.870163169710988
17072,10.083597022398525
17073,18.85836830563602
17074,16.46712938298793
17075,16.680264600062426
17076,15.193715178542254
17077,12.004564572216466
17078,12.389283067409183
17079,17.627065108913573
17080,17.52249740562577
17081,14.460331366708566
17082,19.354415573022415
17083,18.417817226943818
17084,16.593352151010524
17085,13.462901658147365
17086,10.668732196736437
17087,14.183552470948795
17088,20.940527783650317
17089,14.801306657030986
17090,17.62594986653453
17091,16.265966638253825
17092,9.572047502847875
17093,10.165021775137424
17094,20.52237410122054
17095,17.197703037033758
17096,12.601543137332564
17097,15.89786541883657
17098,15.399661370987854
17099,12.073245363698543
17100,14.952256884489074
17101,14.788172718616055
17102,13.653835856709073
17103,14.890722926830628
17104,22.178556663565736
17105,14.222994957455011
17106,13.458659475642351
17107,17.339385442031006
17108,14.806379808270155
17109,15.277736112223831
17110,14.990311693345284
17111,13.210305606248665
17112,16.260156614292868
17113,11.304695042444958
17114,15.287653867081598
17115,13.983142550488179
17116,15.25099693350447
17117,17.61073221017171
17118,18.553520442460933
17119,13.937009240534525
17120,9.802937873344018
17121,13.469599967192961
17122,15.34635039235229
17123,14.647895070487584
17124,22.029829416195117
17125,10.929760994331183
17126,15.959845381232393
17127,14.547513113204493
17128,19.39172922197416
17129,17.444177628657542
17130,21.776204245566724
17131,19.36728037976325
17132,14.173525577772537
17133,12.982044302918277
17134,11.255976471235495
17135,17.489551371780866
17136,16.387409919219557
17137,13.549407611861366
17138,13.220537815276156
17139,9.88783860920134
17140,11.470202651137189
17141,15.844232314885739
17142,12.86150681503093
17143,17.35430517105174
17144,14.237487482556372
17145,12.158878397849044
17146,12.38830131320866
17147,15.732933336126504
17148,15.858722188154674
17149,14.95766348456134
17150,12.809693344535818
17151,14.81237272234672
17152,11.764478367942866
17153,15.039471875826251
17154,12.303016318761486
17155,16.08666017002363
17156,19.31820311661831
17157,17.441755036933323
17158,12.434837673917123
17159,21.534842015154048
17160,10.544025567331715
17161,16.984742706500832
17162,11.076387706669253
17163,19.436588668485
17164,13.494679695641377
17165,15.819396213288105
17166,11.34654604936536
17167,12.555339638323433
17168,10.672754111415244
17169,18.578950341736924
17170,16.06810429209866
17171,16.91465258988589
17172,11.231164915169424
17173,22.027265179373362
17174,16.406730119457155
17175,13.272074395813746
17176,14.753897454571304
17177,11.410687329489289
17178,13.60103269823573
17179,17.02438338097263
17180,16.782397199740437
17181,18.354671807020775
17182,17.155428714906275
17183,20.634785088988007
17184,20.5912787292321
17185,16.560213485409992
17186,12.124498148830213
17187,12.413195013293908
17188,11.775435670542388
17189,13.88460854975341
17190,15.022087407657883
17191,17.903546145564256
17192,15.011538056431952
17193,23.244477805292977
17194,13.634412739465757
17195,18.46496209246207
17196,17.074917669129512
17197,12.60765225115555
17198,16.26514773396321
17199,13.561210056676172
17200,13.469087764688686
17201,12.905115906650309
17202,12.743385224384603
17203,13.647536406398178
17204,11.983359375406808
17205,19.872871670332923
17206,18.899643975226585
17207,21.67730976752733
17208,18.162652028647532
17209,12.191903992307115
17210,14.817982394403272
17211,15.240827415878863
17212,14.121224248612862
17213,15.347859938387845
17214,20.70412329044562
17215,20.643738392811667
17216,18.151397549824896
17217,13.81766125731513
17218,16.482581497893026
17219,17.71873363922114
17220,18.647045600262278
17221,12.374338283787052
17222,19.4980497974139
17223,15.508464002917133
17224,18.2869035224225
17225,13.861827460391575
17226,11.429425136634084
17227,16.360862892552717
17228,19.44439480909044
17229,12.098858265186276
17230,16.69544000437151
17231,20.72001436941554
17232,18.130242820397967
17233,16.491747333899788
17234,20.170110661077434
17235,14.799314987140617
17236,14.282508108410305
17237,18.088230711053168
17238,15.897900123652578
17239,15.917851704832561
17240,13.218099964544889
17241,13.581331039611582
17242,12.92303378272976
17243,13.701221187976703
17244,20.919394845030997
17245,13.522741633463308
17246,18.91767031545596
17247,15.049362087446143
17248,15.020678702968997
17249,13.784664771425042
17250,17.210043854682326
17251,10.432452333759981
17252,10.080548175738128
17253,16.496033257067207
17254,14.113336871787228
17255,15.544559058589268
17256,15.71238092567347
17257,19.129953706591337
17258,14.08226196923013
17259,17.822296900342035
17260,12.195564481122023
17261,10.383359201709432
17262,12.171690434149218
17263,15.765290656676985
17264,18.4758712238639
17265,11.29137203929417
17266,16.80656287208309
17267,20.2863780477072
17268,12.997909418336189
17269,15.734678033082991
17270,15.495584278474707
17271,12.693887049750602
17272,14.690337124228456
17273,16.463869101542308
17274,15.059253658495528
17275,13.545678553939226
17276,20.569326573047363
17277,11.763040773892843
17278,15.782031236046368
17279,13.34743415092782
17280,16.383301966998964
17281,20.19241613302773
17282,10.905994080439807
17283,14.522273637979632
17284,10.166414796538815
17285,16.095430487590306
17286,11.753348697099808
17287,17.759774577965775
17288,13.923950761427854
17289,11.204822192382053
17290,10.980465643496615
17291,11.715817919773746
17292,12.271889109640574
17293,17.85250607686145
17294,9.62323465671654
17295,14.098102075163746
17296,15.142809257983561
17297,18.691093677715507
17298,14.990732951159144
17299,19.32577766310535
17300,13.188303546436568
17301,18.492613796557038
17302,21.303512158859277
17303,15.105330781358457
17304,13.241160164834524
17305,16.73858962579141
17306,15.97345833093949
17307,17.459901294306714
17308,13.637513059504277
17309,15.661141982211344
17310,18.05072406139783
17311,15.696343236416036
17312,18.991831122371586
17313,10.720842748434983
17314,11.745884507299193
17315,15.825653917340105
17316,13.880062595736621
17317,11.870342618031499
17318,13.375854800853428
17319,19.925420213740612
17320,16.89773441667846
17321,16.555346971232265
17322,17.0985413148589
17323,13.977230798770602
17324,12.506911003748819
17325,13.426283667572546
17326,18.09567866615585
17327,13.92157072825636
17328,14.570758167556635
17329,12.664786755398321
17330,14.828524771683048
17331,11.214866638416847
17332,23.848682149509173
17333,16.3393754255121
17334,14.961997798981898
17335,15.644049679368395
17336,15.990650516198313
17337,18.175533301791486
17338,16.876015114118488
17339,9.841387858152414
17340,15.19255122046135
17341,16.80667983474969
17342,10.78335235351611
17343,13.805083163688385
17344,12.878495768156826
17345,18.09864908677232
17346,16.87749349902003
17347,14.889099424739744
17348,12.057860541658346
17349,20.100423786346166
17350,15.733747892745747
17351,18.04347062482861
17352,17.566984588353844
17353,16.998937397399427
17354,19.895468069024414
17355,17.22384652270299
17356,16.007589727562156
17357,16.14519198027718
17358,17.714423904488335
17359,17.814485531170288
17360,10.845459609897558
17361,13.46331553586665
17362,15.716433134198576
17363,20.473810483423986
17364,18.131067085764155
17365,11.507817034146761
17366,14.149739662453145
17367,20.70143669079534
17368,12.350533817060217
17369,8.757308513164416
17370,15.661084683268454
17371,12.48091578122993
17372,14.376875354289293
17373,16.018855791075644
17374,15.330697131855166
17375,14.235540420194928
17376,17.12531212800769
17377,14.50987487608191
17378,19.34795235033624
17379,21.63999938795743
17380,15.77920119362226
17381,17.67035955236301
17382,13.383130599933446
17383,11.270574643914028
17384,13.899493496577406
17385,14.665809308750923
17386,12.218549889330633
17387,15.48386800703548
17388,15.461573040822753
17389,8.847596064112132
17390,18.55795245455253
17391,17.651017372756996
17392,20.90242945696109
17393,15.551693614942835
17394,12.98787106002229
17395,15.08290619860062
17396,14.216859626334761
17397,13.649502003582175
17398,11.716883156377317
17399,18.4029642853928
17400,16.99068090294186
17401,11.864926991064854
17402,17.003812371644628
17403,10.115693970162276
17404,14.89077814850135
17405,13.13494929620991
17406,15.939848763707872
17407,17.33305549334684
17408,17.140348135808125
17409,17.21414245661473
17410,12.619950242458758
17411,19.653822348803583
17412,11.46086434110381
17413,21.081372567696192
17414,16.00032543236798
17415,10.531969676941987
17416,13.518234644859158
17417,12.978516726780105
17418,13.286584374199254
17419,20.221757881162
17420,16.438198286606113
17421,19.41896792803203
17422,21.537655816645646
17423,17.99117100608114
17424,16.189820772783406
17425,14.87665574638083
17426,13.223963932983871
17427,17.021054073410827
17428,9.890712481077385
17429,16.49951061454203
17430,14.273566033039815
17431,13.922555011577025
17432,16.12013600673952
17433,12.490405114476143
17434,10.979888918948348
17435,14.895082169618924
17436,10.309692631662724
17437,11.396982361076404
17438,13.34874820926869
17439,14.718010065826409
17440,13.259260084449652
17441,13.669771087391887
17442,13.561744624619422
17443,12.407598868748135
17444,18.19378298323772
17445,11.681435771137977
17446,16.749256914770953
17447,16.388748839215154
17448,11.305745178424171
17449,12.816962205750832
17450,16.734657411149765
17451,11.028870024292548
17452,9.716889523775242
17453,19.614827197148767
17454,13.125304850623403
17455,21.525568748843817
17456,12.48960933993767
17457,12.892490307300443
17458,14.958220185441528
17459,14.125388172289458
17460,12.122543618494571
17461,14.477373715990684
17462,12.94547478110381
17463,13.456292250828687
17464,12.966130094458276
17465,18.08770601141749
17466,8.783075133941566
17467,18.89735413810085
17468,12.269570427246462
17469,14.21596832331479
17470,12.480488807184305
17471,12.54598330102856
17472,18.119776193030603
17473,20.171923585273454
17474,19.250077173278715
17475,23.257698930227118
17476,16.692546568612627
17477,17.546100049699174
17478,14.328360375138725
17479,17.27333274633145
17480,13.07267382574447
17481,11.219161396179013
17482,14.580915825604915
17483,14.936660783333982
17484,13.957396659997608
17485,17.18272944029425
17486,18.958553157705516
17487,18.802390914900197
17488,18.247535166863287
17489,17.723514681630444
17490,23.465865325088227
17491,11.631411888559466
17492,20.595647459201377
17493,13.150273013320499
17494,20.573430658125314
17495,18.238443448516843
17496,21.45227020447843
17497,19.927973799576396
17498,14.4061465018651
17499,14.817046197034761
17500,15.22261616196578
17501,18.188101151183783
17502,13.157645784365904
17503,12.830595312073424
17504,12.020275689086294
17505,14.08115432113891
17506,16.461846700578192
17507,18.942019087901432
17508,16.93333082829745
17509,13.633511951553064
17510,15.756294843575164
17511,12.238792107854216
17512,17.81280438702801
17513,14.045610092217697
17514,14.141987559769317
17515,14.56386418321073
17516,15.067496693401763
17517,11.225053979346411
17518,12.759104540918583
17519,14.864227192780056
17520,13.690508972170155
17521,13.214729071991703
17522,15.044439888334269
17523,21.78631438922128
17524,14.639078762114327
17525,12.66660703737264
17526,11.46292902529123
17527,19.85624174489127
17528,11.775298907036047
17529,22.361729566333032
17530,19.879141541117765
17531,17.841956042035118
17532,17.308808396236948
17533,13.455083936242909
17534,16.407022250590963
17535,17.497763164766358
17536,19.800463738968578
17537,18.461798649568046
17538,18.550852004293397
17539,10.666945545695024
17540,13.980266354538076
17541,16.96198984754047
17542,12.296405803056539
17543,13.711227072931695
17544,19.71782703851882
17545,17.580080480269284
17546,16.417539855392207
17547,13.863209247219913
17548,18.31239793853498
17549,15.043348707310365
17550,14.304666162043356
17551,16.6275071394009
17552,12.402661226874496
17553,14.819591326046739
17554,18.522304023281553
17555,17.324395250136007
17556,16.901825233627168
17557,11.349041667725077
17558,16.607019868972962
17559,15.039186363493492
17560,16.66821420779985
17561,17.4120559138457
17562,13.277103210797002
17563,14.127847367945714
17564,13.73807521488679
17565,14.599893224604289
17566,21.296033913861574
17567,18.600217082667854
17568,13.724160284695017
17569,16.612557036503606
17570,15.401374259092112
17571,18.07619087678327
17572,11.767692634754615
17573,15.55806664139464
17574,13.727370644852588
17575,14.467999825491495
17576,12.216728584816554
17577,11.815464660684535
17578,12.951419176193749
17579,12.673715170998682
17580,14.782898094996984
17581,15.315170257294707
17582,15.62079764395731
17583,12.505925933519958
17584,18.683981148889817
17585,12.246692339300537
17586,17.54271054861827
17587,16.034166669539466
17588,11.20436322213473
17589,13.40806004418808
17590,18.727984689584478
17591,16.175897301619152
17592,20.086408121805615
17593,18.97609593090088
17594,14.425084363499996
17595,16.014807401714155
17596,11.868814134428616
17597,14.828148462373457
17598,18.95651308380334
17599,19.34930005197169
17600,18.228324180022803
17601,19.420729243949054
17602,13.902128557266783
17603,17.267626634470663
17604,11.312798392331858
17605,13.561089474795972
17606,13.44072115587608
17607,16.22578611624818
17608,22.26340394816588
17609,15.150521399844505
17610,15.805386291153525
17611,15.557220116106611
17612,11.581005658343875
17613,16.50584040974065
17614,11.771600498034912
17615,20.33847142248621
17616,12.783882500656755
17617,13.864359426067239
17618,14.222941977625263
17619,15.044981851990636
17620,15.519930263425916
17621,13.487456076914158
17622,9.086543796841598
17623,17.827095999949915
17624,17.439967735923872
17625,16.333534424179735
17626,13.422258785243002
17627,14.471950572688064
17628,12.881578710845353
17629,16.927739269819632
17630,21.968509086025904
17631,14.36324462514979
17632,13.081585239613368
17633,17.63637221418579
17634,15.663987582237374
17635,18.4419913278699
17636,12.99295128297935
17637,12.938179826072396
17638,14.235104981478278
17639,12.182706199096332
17640,16.325377695414403
17641,19.975373615218057
17642,20.450343545355523
17643,14.548813633125226
17644,18.127605777727666
17645,20.80215669187422
17646,17.51988138843248
17647,15.792849443643492
17648,18.489306633077163
17649,14.210832117319796
17650,15.169587692523596
17651,16.491206785086423
17652,20.204104951542707
17653,14.746278622194207
17654,17.262934557811157
17655,22.352792821799675
17656,13.002687908344821
17657,12.442596028693574
17658,14.463214053093957
17659,13.709225093062003
17660,17.91444160285312
17661,19.094597772439446
17662,12.863256305007551
17663,18.923933272006582
17664,10.43383109639858
17665,13.08107399434137
17666,15.408143292380025
17667,16.510125871165513
17668,14.219378432715732
17669,21.36974293223593
17670,17.40637761301879
17671,16.920031603250052
17672,13.352950953936855
17673,14.704153479926765
17674,18.171100852602162
17675,18.196851160403064
17676,13.760406939941321
17677,14.544530037902183
17678,17.33617907951677
17679,15.226446303866753
17680,11.097240487637414
17681,13.127057551062185
17682,13.143257006080093
17683,13.9766216406525
17684,16.672016995232948
17685,14.046558436949471
17686,15.725931288407399
17687,11.429668381288323
17688,10.40237237968542
17689,11.737581535642347
17690,11.246702588168256
17691,14.08092149228491
17692,18.14524430611882
17693,11.841402072737205
17694,11.327339296675015
17695,12.677688515221213
17696,12.735461741649875
17697,22.97446088784521
17698,13.080708582087365
17699,14.041098657961909
17700,15.259153423989801
17701,21.40078543439835
17702,10.310658304079652
17703,11.83946580307739
17704,12.667719366656124
17705,13.495450713723038
17706,19.45931939611822
17707,18.080590818575175
17708,16.56930530644938
17709,16.8124287886281
17710,16.436333220493474
17711,15.884366672672876
17712,15.817206132239688
17713,22.74934465478483
17714,13.309491665685652
17715,14.905655620635251
17716,8.912314954061339
17717,13.747370864569577
17718,15.687881428514183
17719,12.690049384298954
17720,14.872632539394132
17721,17.558308948148643
17722,16.143943787334642
17723,14.017912298573977
17724,17.328188728901456
17725,18.198720229099127
17726,17.494711787100446
17727,16.777413825601744
17728,18.00945152679697
17729,13.370122108588895
17730,17.796280923052773
17731,14.698002255207982
17732,13.320167797523348
17733,18.887448390107927
17734,15.210585089592415
17735,10.083033640276819
17736,14.075191953615056
17737,9.308054067808431
17738,16.05581186394271
17739,14.388645380423368
17740,13.866319747235375
17741,14.886806398692475
17742,16.28358850593676
17743,12.361673133787304
17744,15.297827933492822
17745,16.706161552596548
17746,13.570631808969043
17747,19.505402146358662
17748,16.297419740559008
17749,14.069624935173522
17750,17.08931027260573
17751,8.43203481897999
17752,12.981692189608992
17753,9.347736714743345
17754,16.06967844757196
17755,15.67411731799986
17756,21.14253081031617
17757,21.05425745758651
17758,19.225095862563716
17759,20.577428370252036
17760,21.31598120594518
17761,19.417502990898782
17762,10.52432836417778
17763,15.40223549878108
17764,16.261631161174638
17765,11.501022541442428
17766,13.199110527950888
17767,21.75184139522815
17768,20.814195236058417
17769,14.975615409806158
17770,14.968755310285541
17771,13.885489846780246
17772,14.779311346575358
17773,10.937481144352097
17774,17.42754402043444
17775,12.980674636065926
17776,15.561500643574085
17777,13.080959083815968
17778,14.84548221563081
17779,16.300402445300882
17780,17.571600118658644
17781,18.747297193000595
17782,17.442683788067242
17783,11.713358138012303
17784,18.562173191439474
17785,13.116745128223247
17786,15.913592355438645
17787,13.529776887470845
17788,12.207550072849353
17789,14.356526613434479
17790,11.046660520121385
17791,20.240333186921585
17792,14.163467109571913
17793,13.212079843509272
17794,14.958372483214138
17795,12.834761913514741
17796,11.933164848555924
17797,16.940669917011387
17798,17.174848730874174
17799,19.802632558989746
17800,15.347960148157883
17801,13.574297378986591
17802,12.592164859083407
17803,18.80249900108161
17804,13.348355251420239
17805,10.831030149043013
17806,14.952295969009645
17807,18.086853451129794
17808,15.511011970247917
17809,22.707708598333443
17810,17.678381318787512
17811,12.953705056210596
17812,12.504653630312713
17813,12.539128021003597
17814,16.6634937271692
17815,13.045566545723101
17816,14.851628790044684
17817,23.750483376263077
17818,19.20311118177143
17819,15.680172390604879
17820,14.119559635544332
17821,16.678053449778915
17822,14.413069417391977
17823,17.34970932635228
17824,15.932166793958265
17825,12.643926613575433
17826,15.107589539305069
17827,16.234351083389218
17828,14.593669574514431
17829,15.529843615748813
17830,14.738839193785607
17831,16.512427092775884
17832,10.248193208696057
17833,23.89055927873051
17834,22.685834310718093
17835,12.650468252627011
17836,16.66096277746477
17837,19.369162741123958
17838,16.78701254660715
17839,13.186335824636911
17840,15.130816068281616
17841,13.58916813634782
17842,18.307693924104765
17843,15.01397127399004
17844,18.30108827126579
17845,12.828926554076649
17846,13.283817479564492
17847,19.953408186458663
17848,20.83776888214764
17849,14.549673438052267
17850,14.190205421958652
17851,13.553277625786054
17852,13.698806099920208
17853,9.882821041039973
17854,16.939519182650457
17855,20.246775700474046
17856,12.635896304362982
17857,11.133150462971894
17858,17.56481232687424
17859,19.575977879852587
17860,18.988440984777263
17861,12.853396545442775
17862,12.348480985416469
17863,18.621631476370677
17864,11.47523918163955
17865,14.602001457993216
17866,22.03885559910372
17867,10.861465639876824
17868,14.353113065997736
17869,15.416817099742527
17870,17.77136294807591
17871,12.56770690362563
17872,15.258372212180682
17873,11.046640069836164
17874,11.121300461575805
17875,18.37512187889632
17876,18.52225041040402
17877,13.605145645162592
17878,16.14836733869554
17879,17.917847156121884
17880,17.714794345728794
17881,16.958854117322776
17882,15.1063682003615
17883,11.878404189271242
17884,13.703116964228741
17885,17.538109085417656
17886,15.082043501349002
17887,14.423550679837936
17888,13.374994181422842
17889,16.555075037523554
17890,19.382540066547495
17891,15.713348492462263
17892,17.7556787309141
17893,14.151126768203172
17894,16.18019072768789
17895,13.79455892746413
17896,10.789539228598798
17897,14.904893484057055
17898,19.773471213773767
17899,17.299943808531946
17900,14.978557511012378
17901,13.323257804260123
17902,11.316328710077661
17903,12.792296617547139
17904,15.384756096041635
17905,12.020011215425235
17906,15.910603017846586
17907,18.116365256298746
17908,13.79868364033984
17909,15.858557391388253
17910,18.14314026244882
17911,15.457108142778344
17912,15.779314300312167
17913,17.297028637196654
17914,15.546485888511246
17915,15.7955030374221
17916,17.77063917530877
17917,12.860390446190268
17918,15.604889399758704
17919,16.571018429850522
17920,11.799425333406749
17921,11.831940840133866
17922,16.259909558325333
17923,13.319542760959798
17924,16.61174306370573
17925,15.157582661623474
17926,18.134730703817024
17927,16.80067496901245
17928,12.721929611160517
17929,20.024716957976853
17930,16.52776693959452
17931,20.060257257571106
17932,22.767070508947373
17933,16.28713877511154
17934,15.865651089982263
17935,16.209455205253857
17936,12.271778920108483
17937,10.343382763971002
17938,10.625611344987805
17939,17.09743946229914
17940,16.625235049134847
17941,14.071458324118558
17942,18.426067269248698
17943,15.799741402904186
17944,14.028444636147771
17945,15.751868797468866
17946,14.014733759338421
17947,16.70464541663994
17948,14.362188538571479
17949,14.462004928009579
17950,17.539752496414764
17951,17.129500407517902
17952,15.306188228170928
17953,20.228386212180833
17954,16.226511115880996
17955,10.772750935721584
17956,14.00614967329166
17957,19.78645511232179
17958,16.338074408435425
17959,8.386635001807669
17960,15.30628393204648
17961,17.43406644678905
17962,16.99301956424032
17963,18.452051061070165
17964,11.950985279313041
17965,11.076226841861496
17966,14.264452693865763
17967,19.297924010806387
17968,14.327563507923156
17969,21.03189814184099
17970,14.340538275903251
17971,16.495308574793672
17972,16.55264009413951
17973,14.67450659029926
17974,17.881660943499757
17975,13.35150167415116
17976,13.370557042218312
17977,12.975883055752556
17978,14.269039475883675
17979,15.279335932023656
17980,16.249204826945242
17981,11.079980748945612
17982,22.63785125079489
17983,14.012324562342496
17984,14.054475640580694
17985,16.2904440904546
17986,13.490939486556544
17987,14.88027865639853
17988,12.914220279312275
17989,18.206733261179757
17990,14.909004723330606
17991,17.607989624004123
17992,10.875284276318165
17993,13.277530513120533
17994,10.62178034778174
17995,13.822480732170872
17996,14.189498126950053
17997,10.078110333748324
17998,15.251398532860929
17999,15.48334470477514
18000,14.92537210872854
18001,16.73947229728175
18002,18.71756751677336
18003,16.947341981181403
18004,14.63477958170248
18005,14.84665806824865
18006,19.832610887875347
18007,18.122543467718906
18008,20.273939469138494
18009,21.23058318603777
18010,14.488949382326645
18011,13.200538779232422
18012,17.809440564652835
18013,19.94660634336638
18014,12.577155718026491
18015,16.822183160049985
18016,20.501524675396563
18017,20.823251351788425
18018,15.542231512676956
18019,10.355158912053351
18020,14.375977062071858
18021,17.501177741217674
18022,14.71014717606534
18023,20.84389949293282
18024,17.563540203732515
18025,11.345208016381525
18026,18.761634508946035
18027,15.153845947200105
18028,12.617957177164975
18029,11.419581815903957
18030,13.903102822336498
18031,9.619939299108934
18032,9.742739064126075
18033,15.07295071984149
18034,16.22996509328535
18035,16.989136226916425
18036,14.147941536885124
18037,16.269371715958453
18038,20.254565662704294
18039,13.711073569129876
18040,18.524115987659762
18041,11.486576431517646
18042,13.326521319953113
18043,18.626630551286734
18044,8.681737189309349
18045,23.37058173935209
18046,21.506675210785634
18047,18.263592688541873
18048,12.75338042121813
18049,15.409520893742325
18050,18.55139238359404
18051,17.47888697605287
18052,19.52441061882514
18053,14.214984272439676
18054,16.127335449637567
18055,14.510790726938072
18056,18.322776055089335
18057,14.619052829748389
18058,12.557721513020173
18059,10.788594507073096
18060,18.837955109293784
18061,14.83689573127367
18062,17.900923159285043
18063,16.147104340832808
18064,19.518479518540953
18065,20.50590725840849
18066,9.043714302702215
18067,18.537859659951103
18068,15.269901779482671
18069,21.23393018873816
18070,10.847126484033828
18071,14.486437000667083
18072,16.51181929448763
18073,11.462810724697958
18074,18.369681162379738
18075,19.141734817705757
18076,12.369371069115553
18077,16.574236229950255
18078,11.510146660855538
18079,17.51235649685784
18080,16.559439953151994
18081,13.321162844150871
18082,10.77121545571534
18083,11.53618890973878
18084,13.368962054908508
18085,16.58064050491835
18086,18.451366037520998
18087,12.360032069124408
18088,23.8794895441358
18089,14.770635349343584
18090,18.497828253131445
18091,14.468167274008785
18092,21.303098643427916
18093,21.06080556184527
18094,11.748670856077577
18095,14.618076257746612
18096,14.80014198915867
18097,17.37227579944828
18098,14.911198818403918
18099,10.81217751981723
18100,18.914148343802097
18101,17.835801227885227
18102,14.655126287074237
18103,15.964464319300813
18104,17.19615232169952
18105,20.16726192549492
18106,11.887815380465346
18107,22.596300235590856
18108,21.896525264599717
18109,14.779964490525067
18110,16.42940240269943
18111,16.710317485102802
18112,15.907023527745958
18113,16.88320158311758
18114,18.36504607951167
18115,11.560264488222685
18116,14.696671531327809
18117,13.466191690861557
18118,9.210722254633627
18119,14.381715440531236
18120,11.036062873680072
18121,14.555152471178094
18122,12.08011470430679
18123,20.56221561312489
18124,10.593062660207458
18125,15.451172096705719
18126,17.01917196122946
18127,13.30628058399705
18128,14.183615196976811
18129,16.521200442697197
18130,12.06534286114887
18131,9.507849064103391
18132,17.62157015510825
18133,16.62828584819178
18134,14.116642323158693
18135,15.091212269880362
18136,11.287190171422615
18137,17.555520498775994
18138,16.217715959547107
18139,10.80005329043287
18140,13.407070144847712
18141,23.965498858081524
18142,14.084515299838824
18143,20.15947643397116
18144,14.957762573519238
18145,13.445855000035126
18146,20.395784595716073
18147,11.827510630612977
18148,10.621485982285538
18149,17.50494520335819
18150,17.069930814167616
18151,13.288187031080062
18152,12.947936071046149
18153,11.39113540860147
18154,13.32289981473163
18155,11.459250397955483
18156,10.486099520937554
18157,20.459504269493724
18158,20.51095347246929
18159,12.004993039562152
18160,10.931872771328441
18161,21.043822459352178
18162,15.53961751102621
18163,18.006828586472746
18164,12.266088622554461
18165,10.646305327130731
18166,15.553035679545564
18167,13.317491135629137
18168,15.000458989369214
18169,13.160476258235407
18170,9.707388904709992
18171,16.79987484555092
18172,19.031967671328015
18173,18.004884044668266
18174,11.868747304329068
18175,16.79689143410533
18176,14.487325765691194
18177,19.18188630696602
18178,18.266720213736694
18179,19.490378394295
18180,12.917399783147262
18181,19.507631943861032
18182,13.47052182570503
18183,13.202942900117138
18184,15.933480455761151
18185,16.414080922725223
18186,14.734864395321061
18187,11.775543009350528
18188,16.526818555340785
18189,16.64092898466779
18190,20.12675625895708
18191,14.844625710952208
18192,20.01656478418879
18193,14.133971760893381
18194,13.076499322804082
18195,16.46727350537468
18196,11.45097818832728
18197,15.855843914428174
18198,12.365849460995843
18199,9.2869025223818
18200,12.198594386377444
18201,12.94944198729379
18202,12.916331141622509
18203,14.71155258533814
18204,19.366846779488597
18205,15.199022782147164
18206,13.939952436749913
18207,15.509592687786823
18208,13.9747863092667
18209,16.72406052759787
18210,10.121907434547605
18211,17.12677057053871
18212,19.575937275411224
18213,12.495856258388828
18214,15.437576706356175
18215,15.371644028785417
18216,19.435239143725823
18217,16.300996425251512
18218,13.962971265731692
18219,15.435407811153501
18220,18.26074038673804
18221,17.524576299703032
18222,21.824704642980375
18223,15.20533093972066
18224,15.311487739073735
18225,18.55243831556561
18226,10.645039573995938
18227,13.79919693761674
18228,15.743737862895019
18229,15.367002897400601
18230,13.87568514937581
18231,13.71505856738419
18232,18.05253302474834
18233,17.242040448270917
18234,11.3239276261551
18235,16.340332929510275
18236,14.951843388761905
18237,17.51347543776632
18238,21.817076556620236
18239,12.3793687282806
18240,10.257187403552457
18241,12.38912617067006
18242,18.824664937732607
18243,19.066160895550308
18244,15.326777057443955
18245,15.86796251547677
18246,14.34349680373284
18247,17.047688248028383
18248,17.144375974851297
18249,16.713007425157958
18250,21.466411380999958
18251,13.251032500043355
18252,18.129985662874464
18253,15.86001838220038
18254,21.651814994068687
18255,16.166205886607482
18256,13.712699474280372
18257,17.469768993407992
18258,13.438483697850268
18259,13.762395221941057
18260,14.261266466389747
18261,15.291578346298524
18262,13.873474616616889
18263,10.756881239513728
18264,15.347832738476349
18265,15.763610591976347
18266,16.67684803244039
18267,16.350725009624444
18268,15.48992307469383
18269,16.480077970111246
18270,7.615704970935261
18271,16.34966374005106
18272,13.261947056419634
18273,10.039915031372395
18274,13.026152831981165
18275,19.923864776119043
18276,13.67377508980703
18277,13.883639718856776
18278,13.87119334794322
18279,17.064748366528235
18280,16.61188527889962
18281,16.830407941882214
18282,16.485621577302915
18283,12.316145988862871
18284,14.999198449392672
18285,21.090846646619383
18286,17.96174554159645
18287,11.393944458206304
18288,14.613034354444377
18289,12.89600236134825
18290,18.35321390060879
18291,11.883072681753598
18292,16.401109146099245
18293,16.205819793133365
18294,18.05639606408316
18295,13.542853208565763
18296,14.77886158297687
18297,13.168080817754044
18298,19.591335447433895
18299,14.930831184378622
18300,10.508048653957978
18301,14.845743978132395
18302,18.35255932286486
18303,16.801403373319054
18304,20.305133326724647
18305,12.94818450845967
18306,13.042488531864825
18307,14.065341523755635
18308,18.75731980596871
18309,19.53123128378435
18310,13.923984987445756
18311,18.31341130043392
18312,15.749730759228473
18313,16.99222136507124
18314,10.31941878834675
18315,13.715384926060574
18316,13.650882577181036
18317,14.274765199814738
18318,11.206272635465272
18319,16.67851526515143
18320,10.275254773922754
18321,16.342782813116997
18322,13.182612425928982
18323,15.696555058422256
18324,13.460254055263864
18325,14.718917033862787
18326,21.541107889831213
18327,22.195604030195224
18328,17.87944167143809
18329,14.066612083568879
18330,15.219330725887232
18331,11.758284454753074
18332,21.93354895161291
18333,19.00241740030045
18334,13.889497425545853
18335,22.286191417458866
18336,10.18558962347472
18337,21.105969768462778
18338,14.858899967017575
18339,17.78696044612771
18340,16.087652226225014
18341,14.093472102102474
18342,18.377950885774577
18343,13.844375192648906
18344,16.808269648130707
18345,20.96784363693442
18346,19.61847181893102
18347,20.773281150182207
18348,16.741683581814154
18349,16.846454368702123
18350,17.09624055283646
18351,16.853488340483523
18352,17.659169078511564
18353,16.315627904351064
18354,16.375424948529925
18355,25.093319899559347
18356,16.656452985302277
18357,18.43898138973924
18358,13.425167387446152
18359,18.81112626533307
18360,11.330934013090458
18361,18.098470982435995
18362,12.26828721471034
18363,16.836685476634816
18364,10.899865503185099
18365,16.816135533997887
18366,13.469738003582947
18367,11.84964574792077
18368,20.34045806065945
18369,13.664700397292068
18370,11.209532990618163
18371,14.69495099147698
18372,10.63287997379795
18373,12.584829386371638
18374,15.349309752053752
18375,16.937077169842915
18376,14.281491636936423
18377,20.319966515324708
18378,15.777753612646418
18379,16.53444418985747
18380,16.623261424798752
18381,14.760299176045573
18382,14.383570849095706
18383,15.556492118281469
18384,17.616541182766074
18385,19.042508750519577
18386,13.782301169769493
18387,11.816312258746057
18388,16.497725517621323
18389,11.60611128322099
18390,14.228365583325182
18391,15.011427352442233
18392,16.004884802448018
18393,21.672676096834866
18394,18.89525436058859
18395,15.095084340748045
18396,20.785112961516198
18397,10.101538354225966
18398,17.67885865304463
18399,13.547826021599668
18400,17.554869137857036
18401,13.708369984837734
18402,13.69051421734932
18403,18.115527513858606
18404,18.71545246647815
18405,14.507712257907619
18406,11.499152605248627
18407,16.991206066469037
18408,13.87792776409399
18409,14.605213554222036
18410,18.243304590270718
18411,17.696040333864907
18412,15.750366071103203
18413,10.95531942145282
18414,19.823352171328008
18415,16.91901599545294
18416,20.228393582785326
18417,21.54078646351248
18418,15.464356787499403
18419,11.396826273519068
18420,10.994494258219355
18421,11.797517369486423
18422,14.397641690288118
18423,18.094360360789025
18424,19.529999719254786
18425,17.66486237237442
18426,18.43899704876297
18427,21.37825173134173
18428,20.54174871645927
18429,17.995773245922265
18430,18.422555276102933
18431,11.27316719409031
18432,19.13258034374786
18433,23.468810532761182
18434,16.684752661285202
18435,14.22349366343106
18436,15.609163689077965
18437,16.185534819486712
18438,18.223142089845357
18439,15.550553197637976
18440,11.790305589798962
18441,14.135331808143912
18442,18.76265991023977
18443,9.206373682766827
18444,15.730675249579752
18445,16.398725792540255
18446,15.561832627054864
18447,16.03077831569503
18448,16.30750107798915
18449,14.317467210238043
18450,13.64485021867876
18451,18.357972196949056
18452,10.987491146163462
18453,13.911732533956643
18454,13.17470688233535
18455,17.36486835973587
18456,13.484453330168453
18457,11.712527386782046
18458,18.892238537152302
18459,13.590459417091582
18460,13.4271799636769
18461,14.515448537645602
18462,19.756481389608645
18463,21.74231532604977
18464,18.823874079372988
18465,13.274959470530685
18466,10.567501777055103
18467,18.86256293276867
18468,16.550852294392847
18469,9.724216122355884
18470,11.390683382633721
18471,11.700863372526147
18472,11.248740827210908
18473,17.172604850726724
18474,15.141365569764599
18475,15.78168855307091
18476,15.519980277879167
18477,14.388973151054868
18478,14.183881085233486
18479,13.102640104263068
18480,13.0214561161333
18481,17.991180534556584
18482,21.40618381084506
18483,19.22564945759893
18484,15.46411478461541
18485,19.015188882383992
18486,14.336476257583435
18487,13.886602701594168
18488,16.470595620500603
18489,17.807183941363242
18490,11.372972316687799
18491,14.47504106946869
18492,18.21607420607821
18493,16.6368032744029
18494,13.265760494004597
18495,14.134165272294553
18496,15.711470082044425
18497,16.595286582217803
18498,17.727185489776662
18499,12.038565133374446
18500,9.57443253990065
18501,15.022523333116876
18502,16.664487692271592
18503,13.286154029625468
18504,17.53280908804851
18505,12.120909023725972
18506,13.242195669529242
18507,14.28674432635195
18508,22.47834640294996
18509,15.942082569034502
18510,15.517265499661482
18511,18.170973765855106
18512,19.93255673881794
18513,16.94736369271126
18514,16.726366341761434
18515,18.75819215147627
18516,18.666523631907847
18517,17.321312546921828
18518,18.945901797036342
18519,14.811413300161627
18520,20.463605627318604
18521,14.822928764964713
18522,14.726253596318541
18523,11.416062374882419
18524,12.903218060552067
18525,19.572693687773235
18526,16.475670368301977
18527,13.228093589572264
18528,10.756214580041126
18529,20.35035524564146
18530,16.35612860459893
18531,17.618580383360005
18532,15.622001624236315
18533,15.284835221594113
18534,18.264887818824736
18535,21.354865477413032
18536,12.534592347513955
18537,12.589188377699251
18538,20.588596849959885
18539,12.310308320228776
18540,11.61381338253788
18541,12.020058339645582
18542,16.34355514079881
18543,16.50220149470843
18544,22.252227361235242
18545,16.021189631392712
18546,9.845701664231065
18547,23.468221694162615
18548,13.764151201161134
18549,13.441447110401477
18550,16.936838302920034
18551,11.716379690198504
18552,20.74794281070731
18553,20.458620981779458
18554,16.090339319044652
18555,11.461462218038383
18556,21.871743106290314
18557,16.294224765968373
18558,15.48083622133454
18559,12.895483081049917
18560,19.780192536145893
18561,15.868454811348839
18562,11.705308873659645
18563,19.112938320901627
18564,15.400514990601302
18565,15.002183842185174
18566,20.867777093435315
18567,13.78336284637855
18568,14.365040301127129
18569,18.7257750287617
18570,13.183689807238096
18571,12.573275644520834
18572,15.154453640941625
18573,17.694736742445038
18574,13.57944679752331
18575,14.282893261520792
18576,18.22600402223046
18577,14.712516552328669
18578,19.685677490840323
18579,15.133468296325004
18580,12.77750679327782
18581,13.816446061174487
18582,14.314944769324494
18583,21.236891066527587
18584,16.569561382836085
18585,17.23130563838772
18586,16.554876516529323
18587,15.142360802895341
18588,17.933409263102575
18589,21.1982768983274
18590,14.099820005908269
18591,15.563287357799867
18592,17.600972698346425
18593,15.82517683907932
18594,23.53153506535784
18595,16.530619356468872
18596,16.32674307978316
18597,14.440236876575007
18598,14.014975005411651
18599,20.051748581470683
18600,18.01215834277042
18601,14.285890591548215
18602,14.668825049681429
18603,15.41189354934986
18604,20.852975987388803
18605,17.233603215728664
18606,15.817769312646849
18607,12.574227033909565
18608,11.677154865090728
18609,14.61414695351704
18610,15.702903064069966
18611,14.152259108192968
18612,12.161386983101771
18613,11.2437960755597
18614,10.171674973788496
18615,15.48418661798692
18616,9.618910156380924
18617,16.6686524558334
18618,20.043450885266093
18619,18.27703281206724
18620,17.487336949694136
18621,14.192097222214304
18622,13.396685422053167
18623,13.854221868185778
18624,14.788283937701273
18625,12.73434412768212
18626,13.979373016962862
18627,11.792326344069624
18628,21.130275080673922
18629,18.38107796521012
18630,18.085310480953357
18631,10.60191536699504
18632,23.865864030425165
18633,10.071913238671181
18634,11.316384723001796
18635,15.338494978323016
18636,15.718337879027487
18637,16.132836131425904
18638,12.47040418932671
18639,14.884681286236809
18640,18.357112888588908
18641,16.62056361790721
18642,14.426436176465476
18643,12.549245231150923
18644,17.168059474812342
18645,14.296897325823625
18646,17.453268961995086
18647,16.513961682805594
18648,14.691636982104786
18649,12.66956067706209
18650,15.2272797248499
18651,15.065426172825847
18652,18.851402815632916
18653,14.108797066824364
18654,21.499415691304094
18655,13.67186010378381
18656,15.871483135219506
18657,9.84775219958706
18658,15.364966864908041
18659,13.18246167888979
18660,20.18157226971086
18661,9.731141103454416
18662,10.746090310056303
18663,15.668634781942334
18664,11.69551284779912
18665,17.480081735272268
18666,13.605288321741067
18667,18.32653768986127
18668,14.343204818254842
18669,18.12438069186145
18670,14.426415843581005
18671,11.205987449595254
18672,18.469689096024503
18673,12.557450547434808
18674,15.94939954902808
18675,15.446268117991687
18676,16.489420004540747
18677,9.040225011802367
18678,16.74532824135658
18679,15.532801326193242
18680,12.695629102629294
18681,17.10514770893181
18682,17.148119767871265
18683,13.596319891122482
18684,17.26744665053715
18685,16.37049407949893
18686,16.916701958663896
18687,17.68278968242616
18688,18.196346849250578
18689,11.66746488911523
18690,14.615590808129724
18691,18.11690258942828
18692,16.263381489551147
18693,17.873646626471718
18694,18.533488621210545
18695,16.240778664388404
18696,14.788077439315513
18697,14.582902088146035
18698,17.369373783173444
18699,21.62897177336126
18700,15.848823050681686
18701,15.713861764234586
18702,18.77484880409877
18703,9.191206727283415
18704,16.132769606838522
18705,18.360770664365504
18706,14.287946390410813
18707,16.837695262950252
18708,19.852318650707204
18709,18.364039418830366
18710,10.577080604324893
18711,17.280249419151133
18712,14.707058549528314
18713,11.299847749960861
18714,20.270279387281267
18715,20.99274716387717
18716,13.865140241347927
18717,13.526831342680538
18718,14.426790081320632
18719,16.312498309033153
18720,16.455297646660807
18721,15.24005292436537
18722,20.05776083794808
18723,20.410835309908503
18724,14.497982281997984
18725,17.359724521184
18726,15.353006133016624
18727,13.810439328891382
18728,16.681219715731658
18729,16.271937589603564
18730,15.231020372790722
18731,17.811065656449795
18732,18.008933476782992
18733,13.985947681561399
18734,15.919313535196597
18735,10.01093865285182
18736,9.926774304705923
18737,10.5616243669169
18738,13.87550836562607
18739,15.39778587380386
18740,16.93577573443427
18741,14.632319212352439
18742,16.871243205953572
18743,12.930174159962645
18744,13.274153440616777
18745,13.400675421608632
18746,17.336678746505026
18747,13.326490703074779
18748,13.630584824928231
18749,16.057513455747852
18750,13.256442896111066
18751,19.423226853318845
18752,9.278113911447251
18753,17.954685989651136
18754,17.076696798070202
18755,16.55708611996706
18756,15.956277866413116
18757,14.789341588820387
18758,13.000532516945475
18759,14.557913956139652
18760,14.20005531917809
18761,11.560524160434968
18762,9.77451169638414
18763,15.124725632474995
18764,11.279873458990007
18765,14.629889182422888
18766,17.71711502970793
18767,15.215797462564959
18768,16.19587152362111
18769,16.927388578668346
18770,16.223792653162725
18771,15.532211605708495
18772,16.572506589438778
18773,18.461075289031854
18774,16.125034767733585
18775,15.245076063815626
18776,14.59967515858883
18777,15.684677121423796
18778,12.663524420330287
18779,14.805215072616535
18780,11.259659707384984
18781,16.412541596529355
18782,11.305279428367433
18783,16.30953578520346
18784,11.204785536769686
18785,14.307223832931326
18786,14.247650213159645
18787,17.531241057208018
18788,14.636609466331294
18789,15.443257610393948
18790,17.789888150924405
18791,9.033865736566375
18792,22.665500713191197
18793,18.127695123810398
18794,10.660800518568033
18795,11.948777037119685
18796,15.153226223438622
18797,9.945665399079845
18798,15.793470303942227
18799,14.452317813340803
18800,16.67955333863562
18801,19.281781924912124
18802,12.857619514823375
18803,12.842297282776132
18804,14.757995240956358
18805,14.604877237649136
18806,13.695061390465991
18807,13.127751798555655
18808,11.741120040725594
18809,15.830386053850155
18810,13.590190263708166
18811,13.881032773296438
18812,16.608773441188266
18813,10.481401384018888
18814,11.123775234211724
18815,17.08509306068869
18816,11.538810553591896
18817,15.698057448708385
18818,19.053904873589136
18819,22.259169534893516
18820,11.633281648109943
18821,10.361434850653293
18822,10.528048710310173
18823,19.48376458096239
18824,17.22746764437479
18825,16.19341643385772
18826,19.83585423901057
18827,17.058168158746163
18828,12.619168469813989
18829,17.369890525573815
18830,13.929037320017517
18831,13.01832990748191
18832,15.852499646732333
18833,22.95866404650426
18834,12.310173340363285
18835,9.595720935577466
18836,17.65168019533331
18837,12.807134157188399
18838,16.860034891554182
18839,14.61386916261243
18840,14.993395735871214
18841,20.711780540198237
18842,14.268841704488574
18843,11.963478679824377
18844,11.60242076354832
18845,16.621838995410233
18846,15.423967155533312
18847,15.029644231152675
18848,13.133841277991394
18849,16.499895847219335
18850,10.061009279709864
18851,15.410050277688566
18852,15.654556159184013
18853,18.867006275631717
18854,14.220418026599907
18855,13.182105797112557
18856,13.719888487424162
18857,10.581502982470237
18858,17.178056669079844
18859,17.82858430188378
18860,13.12170331309841
18861,13.35834268205307
18862,20.130328999844977
18863,15.398199721022202
18864,16.829368984247534
18865,18.759766732927194
18866,13.7567392550404
18867,12.74069749901521
18868,14.466696769889776
18869,17.66467965376208
18870,13.80021667129803
18871,23.525645423579185
18872,17.792626668864916
18873,19.490548800136818
18874,14.042011608695145
18875,19.495224119422854
18876,17.52680625188433
18877,15.754029493600752
18878,17.42012592529206
18879,17.89651285264966
18880,10.946540394480037
18881,11.160310474297274
18882,13.789048449337969
18883,18.651646039785216
18884,17.885607020716094
18885,17.23551091746212
18886,15.986146758645297
18887,15.134499718064026
18888,17.607281014172422
18889,14.44216027686991
18890,18.365190396219145
18891,16.699344184121045
18892,20.08589051343553
18893,15.485904387187611
18894,17.187533388127882
18895,14.121957405065176
18896,16.47040041776069
18897,17.631461741648273
18898,14.96352815307596
18899,13.344851928574563
18900,15.339631045071375
18901,11.395219752918445
18902,18.453796588671803
18903,16.475169851431602
18904,12.553240682132726
18905,12.305937914350455
18906,23.123407750755
18907,17.11940717350446
18908,17.94039015603026
18909,17.584288842781064
18910,16.39062536965759
18911,17.270967156765195
18912,21.427027278747744
18913,15.25482949161362
18914,12.739886033004847
18915,16.0398859321106
18916,18.324678326744884
18917,17.122146076419977
18918,16.345723987713733
18919,19.98673503681765
18920,17.535827020030116
18921,11.100199237803508
18922,16.538737061568206
18923,11.5833220547365
18924,12.501879024237024
18925,14.44792007045355
18926,13.519857590616983
18927,16.139616750066203
18928,19.543714132692635
18929,15.489351264262595
18930,19.5003619613625
18931,15.691510157611068
18932,13.399726928482622
18933,15.553768533297614
18934,16.466326219284387
18935,17.055815866232017
18936,12.773579704862001
18937,17.98351608932621
18938,11.0235940654362
18939,14.220892455812516
18940,16.936675942098127
18941,18.86547637928905
18942,10.89512532767874
18943,17.94373577914096
18944,13.39220319855053
18945,19.49064036790085
18946,15.584627170632768
18947,11.529348929833292
18948,15.907372911314104
18949,19.25745299299073
18950,14.67116231906738
18951,14.983860185455535
18952,18.945853863464883
18953,14.062287142589092
18954,17.548626015710287
18955,15.27524908025947
18956,19.25868562532398
18957,22.009393694644405
18958,13.443340376305896
18959,15.101676892126052
18960,25.25747215132214
18961,11.490636154571202
18962,19.78802113564033
18963,17.216810138833953
18964,13.910894715502671
18965,19.81544929593084
18966,10.041369861221806
18967,11.80600545953104
18968,15.591643638282406
18969,22.567267044023282
18970,13.081653355101471
18971,17.293804656988055
18972,22.60740100369574
18973,16.570006420666825
18974,12.817421332780935
18975,17.86317832141909
18976,14.128354587278103
18977,14.963652955820125
18978,10.808087104612323
18979,16.906494943489317
18980,17.824357659058876
18981,12.619089315351236
18982,17.40649901683788
18983,23.209982875569338
18984,17.342672454620775
18985,12.918442285912093
18986,16.190143130307632
18987,11.9769848530515
18988,18.126596378416
18989,15.39271503667954
18990,16.73455214261391
18991,17.224294086867783
18992,14.652766566975838
18993,15.685419723805095
18994,15.372543385999288
18995,20.058487903320714
18996,14.931476040654161
18997,12.133556935080753
18998,17.436583922747616
18999,17.06372784065101
19000,15.976061191394125
19001,18.492160870751974
19002,17.56849613287959
19003,15.607262812607763
19004,16.526631823148353
19005,16.10614203777389
19006,19.428297546261415
19007,20.05106655846378
19008,17.98038048417578
19009,19.531812023536137
19010,15.21296159447271
19011,14.422151332084754
19012,12.065776787677912
19013,17.633184674182704
19014,18.101330852954607
19015,17.612263329883127
19016,14.089649251863428
19017,20.860334343740032
19018,15.402122275529019
19019,16.342098255403876
19020,11.082674238769117
19021,16.993322631558936
19022,15.040479965326206
19023,15.412906255709071
19024,14.486544876803588
19025,13.870780431094195
19026,14.085092815792065
19027,15.474155995713563
19028,15.891717186317603
19029,17.624536979070893
19030,13.584958405068159
19031,16.632958933767423
19032,14.93039276486444
19033,21.76666634855704
19034,12.646649529809684
19035,14.323107814080464
19036,16.424422922948175
19037,16.75225625517681
19038,11.207329641356015
19039,12.605920014820454
19040,13.752357885500214
19041,17.48804254820364
19042,15.587822859096796
19043,14.88934982086181
19044,19.48856985535432
19045,12.743992006842758
19046,14.173755617635226
19047,15.157649723711046
19048,21.085041421927173
19049,15.891803230243376
19050,19.39775208026151
19051,15.807369733980522
19052,14.593358896069713
19053,19.33313419150472
19054,10.727844315573018
19055,18.850545996431265
19056,14.044968759140856
19057,16.182158808861878
19058,18.021298039614027
19059,21.508952961368454
19060,14.6608177444451
19061,13.187374126914865
19062,14.756999102037378
19063,12.734732317392291
19064,17.23077522497345
19065,13.911906671229177
19066,14.825655404392858
19067,17.123149066823924
19068,12.317778293427407
19069,17.030572538566304
19070,19.954753908513297
19071,19.324593718817635
19072,19.028949479700582
19073,16.00942619269193
19074,14.121440566752698
19075,13.733220748923367
19076,18.151752366773707
19077,10.978330633796293
19078,13.39725885183531
19079,13.476310810827355
19080,17.2766510560059
19081,9.811056796393792
19082,18.193451884516236
19083,16.16511617128559
19084,18.06372128003789
19085,13.989156404515052
19086,12.380857554704411
19087,15.12104778852045
19088,15.906600558597022
19089,13.61792680641715
19090,16.910133409931518
19091,17.786343082345812
19092,15.742194416065495
19093,19.163098754457632
19094,14.145507411126998
19095,11.510236264543934
19096,12.01599996031601
19097,13.900934304534502
19098,13.299402682891678
19099,14.554558781964998
19100,13.10275979308666
19101,18.14485875547327
19102,17.728882606382186
19103,18.20981234899659
19104,8.66045964450131
19105,15.172931776582251
19106,22.395186263579383
19107,14.103532814953455
19108,16.513142291610556
19109,15.670849112969142
19110,14.645598230109062
19111,14.257714118253297
19112,17.77581982697259
19113,16.324667359140935
19114,15.98510144237677
19115,19.245671394178014
19116,19.331904565464296
19117,12.103689268721913
19118,13.01684192824502
19119,14.78549173086941
19120,17.446631429226194
19121,17.352932079143926
19122,19.374863053023557
19123,19.92187772743559
19124,13.832858101284767
19125,17.376834706258318
19126,13.86656189927932
19127,15.239140641106067
19128,13.91634440192465
19129,14.873297714193143
19130,16.36902122744322
19131,15.99108537270514
19132,13.174661822546357
19133,16.711859653086574
19134,16.80784092442304
19135,13.25600300383942
19136,22.963289630145876
19137,17.05280526189016
19138,12.487489942990008
19139,12.516847344499542
19140,14.219680938955749
19141,11.801568883532452
19142,17.61948256412511
19143,17.52611286404026
19144,13.431599980177243
19145,17.991313863133065
19146,15.241122287395877
19147,17.298872240802922
19148,15.176042503023629
19149,14.974634169478975
19150,13.796145485550994
19151,14.355277629717174
19152,18.817544899220582
19153,16.00992318177049
19154,11.79599799523935
19155,18.468032311605988
19156,14.05888302680266
19157,22.099403073056504
19158,10.585222809287117
19159,9.516295449297475
19160,17.906363296886298
19161,17.308964361781104
19162,20.108460502711512
19163,15.25598139802984
19164,17.40936396325697
19165,9.31877133601368
19166,15.260092061443704
19167,15.314408305852108
19168,17.00224841461875
19169,17.146983481201755
19170,14.214853922830748
19171,15.24265780146822
19172,17.194509305132723
19173,14.298710873181506
19174,13.134130989058738
19175,16.187062871398005
19176,14.681001596091262
19177,10.309089540285553
19178,16.160058364722936
19179,15.159737129315863
19180,12.796775595428251
19181,10.230588146556338
19182,16.380369838993243
19183,21.590065749352526
19184,15.49097674218864
19185,18.348226010724556
19186,11.150142958452356
19187,10.427414056047061
19188,19.820712525542383
19189,16.169647478896994
19190,15.578308912832528
19191,12.640851259740558
19192,19.98938948667187
19193,13.999048938209135
19194,15.70891408540558
19195,14.196875452840741
19196,8.86668045491741
19197,16.389803170849
19198,20.565154635076375
19199,14.636176059354336
19200,17.35195140570463
19201,10.147809106677846
19202,16.530414111870986
19203,19.01570649411535
19204,18.58902274480429
19205,17.421470228431946
19206,18.83783147098106
19207,15.041892077876179
19208,9.84845070489094
19209,16.56409309329972
19210,14.636203808832487
19211,22.95616628427313
19212,12.07892277723108
19213,14.915366496662973
19214,17.90209140315826
19215,17.680909656841333
19216,20.420773151256945
19217,16.8866205326959
19218,15.30875103849874
19219,22.448937126572737
19220,14.185191640167726
19221,10.194581119050044
19222,12.538973676570212
19223,13.767153124073133
19224,15.517017644502825
19225,17.341438075266385
19226,10.924836314381453
19227,13.540075299672967
19228,12.201221995030485
19229,15.632418196449956
19230,18.856368366402766
19231,14.32272860183357
19232,14.356446110824358
19233,9.828540292258207
19234,16.721464438347535
19235,12.999443223701292
19236,15.094341303029125
19237,11.128773379966965
19238,16.418547772174353
19239,13.813133845786389
19240,15.693564943324878
19241,12.848384059027229
19242,14.479202148574744
19243,11.57820139735071
19244,18.19858583450834
19245,12.059519260954556
19246,17.852476465965296
19247,12.913774315714884
19248,16.227869314819582
19249,16.605773488015686
19250,15.317382268119289
19251,16.0498779666375
19252,22.042840985950473
19253,16.661445485875365
19254,12.756042789738794
19255,16.318330763835203
19256,14.193421826557001
19257,19.829607266805535
19258,15.465016806985421
19259,18.442512420417994
19260,12.787076880043179
19261,16.241437364803865
19262,10.605856545234506
19263,12.317540462875328
19264,15.471922109901927
19265,14.940806483155432
19266,11.380686708270613
19267,13.881498922951021
19268,13.974785483604883
19269,15.831842538338693
19270,15.34641789772642
19271,22.138417819158793
19272,18.766512081427358
19273,10.835894386485023
19274,17.0692001778401
19275,15.485061838088516
19276,18.971964319074097
19277,20.20988707034478
19278,12.266325526815018
19279,15.642222516827976
19280,13.052834117543547
19281,13.135632392821936
19282,13.211095657971358
19283,14.376841169510849
19284,18.597476028311334
19285,21.332668983765565
19286,17.405013881879576
19287,15.998947027278112
19288,17.077677897073233
19289,21.087914861719685
19290,19.74779648925309
19291,16.675221957524542
19292,16.023975599000586
19293,17.851859500546315
19294,19.421677308941003
19295,18.67317445341988
19296,11.844284542668506
19297,18.067552688596248
19298,13.263907568193979
19299,15.921937237554955
19300,17.94888175358328
19301,18.510372063165665
19302,16.05542275994075
19303,14.580392064462169
19304,16.869727593114742
19305,13.184981015314433
19306,20.085928291809235
19307,15.063270467126342
19308,23.023910799068453
19309,12.2570483554496
19310,11.40473618412517
19311,17.16319409853748
19312,14.609476361971202
19313,12.562389460731492
19314,16.612851089789515
19315,16.03612746113837
19316,14.736709615454428
19317,22.368106742822903
19318,16.93123765462129
19319,15.213985961738542
19320,16.61967278805691
19321,15.209917096748558
19322,13.80450248350665
19323,14.236022076256491
19324,10.18354204930939
19325,14.383241799212874
19326,18.977824761142937
19327,17.897900607098066
19328,13.513097016595221
19329,17.128596397980736
19330,16.524237606002753
19331,15.820490668785741
19332,12.698850786912846
19333,18.376189004430685
19334,11.008611408521311
19335,13.411762961177438
19336,15.593779035614322
19337,12.835975089028981
19338,16.78264099498768
19339,18.400068346989528
19340,14.120882006934334
19341,14.36875879275709
19342,13.098078261903456
19343,14.304173423255154
19344,13.979421748017824
19345,19.04177382403224
19346,21.624831141846148
19347,14.067466837416879
19348,20.017735670587356
19349,16.682675237046634
19350,15.284967048058064
19351,11.43092023629996
19352,15.758313691157426
19353,11.293076162692532
19354,17.054221719111823
19355,11.005995602832828
19356,18.672106904169503
19357,13.865673440982864
19358,15.703205446207445
19359,14.105314925116653
19360,12.675212805732398
19361,18.612559077148212
19362,10.522017152282649
19363,19.09898201742257
19364,13.547800409720802
19365,14.542561459448082
19366,22.990966904321837
19367,19.923862765870915
19368,19.661281820269227
19369,13.791579327919324
19370,15.839635061383433
19371,13.273068942396637
19372,12.949022046614292
19373,19.852448885807068
19374,11.92629707435093
19375,14.63126703317326
19376,18.410315684944326
19377,19.0445142045327
19378,11.461182655788459
19379,15.074771210214568
19380,17.997094327650718
19381,18.643896484759264
19382,14.555066222351346
19383,15.62105682666051
19384,17.781262694757505
19385,15.776216174324695
19386,19.089218602251467
19387,18.799389095151568
19388,20.093106166015467
19389,14.495096204430544
19390,21.80671893171515
19391,16.256448039653705
19392,13.599976022819522
19393,19.64705180807075
19394,11.81556736724763
19395,21.197815444290068
19396,11.664302171271846
19397,15.18682770156885
19398,20.650375859175405
19399,11.646765840304134
19400,13.256132173729704
19401,17.600905342089693
19402,9.53919970035406
19403,12.909307122089423
19404,17.345799416103894
19405,17.316609936306595
19406,22.611781653903172
19407,11.896320303264742
19408,13.673565704022515
19409,13.564224350542577
19410,16.309467076905108
19411,16.565780366807637
19412,15.3842440467028
19413,18.54453018687604
19414,16.57646264287984
19415,10.207577465846079
19416,10.898694930952663
19417,15.841871656631264
19418,17.67631063677248
19419,13.994490230383775
19420,15.430075321734224
19421,12.990218931172745
19422,10.424754004009051
19423,13.530814275565314
19424,14.095171356840002
19425,11.255877325168685
19426,16.39106715050989
19427,15.688027942677241
19428,10.125215182541584
19429,11.734496445743863
19430,18.206430445101553
19431,16.167729534778204
19432,14.589218303730537
19433,19.59781806477792
19434,17.032109253614173
19435,11.421957007490466
19436,11.08802876647206
19437,13.687557229369794
19438,13.473753215242182
19439,16.591134441723778
19440,14.293961093834536
19441,17.153821575519185
19442,17.279794961120512
19443,9.727639075676688
19444,16.118729417881077
19445,19.555755109123968
19446,19.35495717470498
19447,15.995966046377355
19448,18.766945206795057
19449,12.582005912613308
19450,19.63062128979721
19451,17.541482169316925
19452,20.490222354459192
19453,14.803023190163284
19454,14.822375242876376
19455,14.732048039038814
19456,15.851829627898528
19457,14.017524286303349
19458,16.860444205774357
19459,13.706297409792787
19460,13.124289408280756
19461,16.458644887299727
19462,12.89415126130299
19463,15.920710898092075
19464,16.945863613585264
19465,16.63460286042057
19466,20.62022602526188
19467,12.039159038664618
19468,10.97932830666329
19469,14.631395064939683
19470,22.53577129460806
19471,17.675237281949528
19472,14.919445678840756
19473,14.592366819902171
19474,23.22523796780068
19475,15.87134783679951
19476,14.161851071076123
19477,15.214545815195125
19478,12.339265423194181
19479,16.607335842558033
19480,12.907462956722386
19481,16.11810198487152
19482,16.148895787871076
19483,21.327019944619952
19484,12.678388649611978
19485,15.164483382849943
19486,9.068923502623205
19487,18.292586374110623
19488,15.930475258393805
19489,20.194231218943973
19490,13.72395361684364
19491,19.559420415370116
19492,20.03197511567866
19493,21.478992644272154
19494,12.661944454776856
19495,15.257078405450965
19496,17.473246012797997
19497,15.691989264140037
19498,17.564526418338307
19499,12.456157828052827
19500,13.07202500414941
19501,13.076214730128273
19502,17.775869207997204
19503,18.799390657347754
19504,16.527094338766886
19505,20.81226472712284
19506,17.788575726952185
19507,17.420544977594012
19508,17.397107017366128
19509,7.992159472290952
19510,19.079933013858042
19511,12.592045632415092
19512,13.936829802017835
19513,15.44676936087262
19514,13.434030178498556
19515,16.232603321130057
19516,23.190331809839883
19517,10.870622290207685
19518,15.900234371614081
19519,20.029870553549305
19520,12.245069350805114
19521,10.99790354409835
19522,18.615619634613953
19523,16.887138126036604
19524,16.14525907888558
19525,16.234091449105886
19526,13.179579658006805
19527,12.49635109627313
19528,9.879772093585139
19529,18.70842048904257
19530,21.48235743853031
19531,15.381799076804382
19532,18.169061503819677
19533,11.286425254876358
19534,16.463334460119857
19535,19.552613305324925
19536,13.374696257710683
19537,19.494252386068233
19538,10.7761870792127
19539,12.082989891014156
19540,13.372585887896784
19541,15.637694121496388
19542,20.340221859588667
19543,18.15943564219463
19544,16.087393407727408
19545,14.952557311500142
19546,12.404962717439496
19547,17.23310549410359
19548,18.047449213694573
19549,10.79133229919466
19550,16.113928340018923
19551,17.3794214230607
19552,12.475365539642683
19553,9.279348974813058
19554,11.360038725446284
19555,21.903490010635522
19556,14.47090330377376
19557,10.498977277227054
19558,14.553202031128887
19559,22.165832032812432
19560,17.4527114313019
19561,19.690590488719565
19562,15.631814896468754
19563,12.389577088667098
19564,18.92874380778434
19565,14.954510017666696
19566,19.9533985102934
19567,25.06558194634636
19568,21.101031186541345
19569,11.752980635898588
19570,11.323455110692642
19571,10.631174441460855
19572,14.705587130374347
19573,13.866711227217897
19574,21.828938465533703
19575,13.45170383935361
19576,14.192321874569691
19577,20.051024826047747
19578,17.118357260095422
19579,13.179292374032363
19580,21.504438312416074
19581,19.28304353247857
19582,16.276470976148246
19583,12.597831996976508
19584,12.159511533223997
19585,17.54926197141297
19586,15.230700841161212
19587,11.643798585948389
19588,13.230422329455333
19589,15.507577419563349
19590,16.82118590988208
19591,15.212184945713098
19592,19.403488098069474
19593,16.27267752955714
19594,11.88458501008846
19595,15.41543311662583
19596,14.416675300705112
19597,10.906610417239092
19598,15.066352130159572
19599,17.415544776455924
19600,15.029678769350197
19601,14.16197386903204
19602,11.958489729226505
19603,13.282426199443252
19604,14.135148848336925
19605,13.329882579399708
19606,19.04453791503594
19607,14.030904678553311
19608,14.535820440172627
19609,15.688350428358278
19610,18.802859409428002
19611,16.034095934757467
19612,21.63746503489322
19613,17.233387654760715
19614,13.494049898709145
19615,17.408175525292368
19616,12.909117545884824
19617,16.172914894799614
19618,20.38135426928263
19619,12.995798122781181
19620,13.180914784178897
19621,14.223828961231925
19622,17.4084488695418
19623,11.17994564066541
19624,15.423096992496392
19625,12.64244444783196
19626,15.79606950046719
19627,19.915884710749012
19628,10.942882919246232
19629,14.237829850051256
19630,11.425120528670368
19631,19.069916502591973
19632,20.505032908104074
19633,19.20246069971287
19634,15.733891859703204
19635,12.810585029913828
19636,13.529447322610062
19637,18.95670782974038
19638,12.583828755782964
19639,13.311812800047374
19640,12.660089899994688
19641,13.553227086479257
19642,12.637740597524456
19643,17.792338969512112
19644,19.964116231240588
19645,14.615140258964114
19646,12.277006615823941
19647,11.292925393737693
19648,16.395764792307506
19649,18.85694236947091
19650,20.243990639538453
19651,11.780733678773402
19652,14.125894115917646
19653,13.015598126122274
19654,15.667648445785568
19655,16.38001295861703
19656,16.970262293124783
19657,17.59756706332461
19658,12.866892658480262
19659,14.259656651417501
19660,14.684456150979555
19661,20.675389961640782
19662,12.732077987204528
19663,18.039691173913837
19664,20.295951108715094
19665,18.60334122675548
19666,16.51156573587208
19667,14.582000054792868
19668,15.592028810711147
19669,14.293184867121143
19670,12.059584747565165
19671,16.700641346605774
19672,15.620120959649086
19673,18.580540995556262
19674,20.173894934955985
19675,15.293049792740035
19676,17.725640150458574
19677,17.373858087967395
19678,15.076766713480067
19679,21.23282115559674
19680,14.737254765138672
19681,17.010151225882055
19682,16.73059722902282
19683,14.752795503080307
19684,18.298490242699504
19685,14.571877265485655
19686,12.324702335498543
19687,10.320980051141081
19688,19.491021627869095
19689,11.254541860429297
19690,13.995522415292768
19691,10.821711611842995
19692,15.889516387973021
19693,14.227921205904545
19694,16.095137443410703
19695,16.131026052515754
19696,21.713911906235264
19697,13.641374450552492
19698,17.41352279105229
19699,21.386349190010815
19700,14.551692276266632
19701,14.50488970177426
19702,19.85194581395934
19703,16.97788147968326
19704,12.106632197914308
19705,16.25777350620172
19706,13.333243257880556
19707,11.464249289567983
19708,16.57614829810446
19709,12.67925587708163
19710,13.68760555430784
19711,23.924617567187454
19712,16.27406754399632
19713,13.51497091431985
19714,13.619867819980374
19715,17.385816571185632
19716,21.037968952794266
19717,16.47386281587361
19718,9.733560042766527
19719,19.986968694176625
19720,11.282967053789015
19721,18.409628141276833
19722,12.986598163355525
19723,15.096004364933163
19724,17.822876272130376
19725,19.81907626710067
19726,17.192147276429214
19727,21.51404012676321
19728,10.174625988160795
19729,16.27731646432463
19730,14.538059652401214
19731,14.43652010893934
19732,15.065683449720595
19733,10.79825093183696
19734,12.11168825468942
19735,12.592978018876176
19736,14.519599889389028
19737,20.984721093033873
19738,13.150448333738186
19739,14.201060241397336
19740,19.512982195288366
19741,21.921809580692756
19742,14.810768525160766
19743,14.596230154704665
19744,10.317785849609136
19745,12.368408592299394
19746,12.261359194255432
19747,15.453354863801176
19748,16.33372708014751
19749,12.782686104384812
19750,15.108579987938509
19751,16.807269291705115
19752,15.902712550698698
19753,18.72485741642145
19754,12.20578958844373
19755,17.555089252868264
19756,18.227997611096455
19757,15.278912565478716
19758,10.38885242647773
19759,16.89607304082219
19760,19.401622547296704
19761,17.249001976782957
19762,16.343080358397398
19763,16.26845228250668
19764,15.516226810985973
19765,18.244229776920157
19766,19.41654236150924
19767,9.728068564210785
19768,10.132666336887292
19769,11.746844413468343
19770,16.272811820413647
19771,17.459892886946243
19772,21.023219973075683
19773,10.674033331696084
19774,9.005326790910743
19775,17.89436827674628
19776,15.26288891850475
19777,14.596540704296599
19778,19.737417945808257
19779,13.256478741887404
19780,20.321034005144465
19781,20.669652065700078
19782,13.603034647620541
19783,18.762965134621215
19784,17.89837732738261
19785,19.02900860561257
19786,14.203714254086485
19787,22.354633142199734
19788,14.88656911854666
19789,16.471034034200045
19790,18.124684611586733
19791,12.438626940371257
19792,21.11623782616531
19793,11.382917251891522
19794,18.789373129629816
19795,14.772456805958033
19796,9.85837879010657
19797,14.011226173126104
19798,12.133012959557878
19799,16.17055461203207
19800,16.95912187729895
19801,14.50339133450617
19802,16.52010169466695
19803,13.693472946587628
19804,15.979936169973591
19805,14.305736540691058
19806,14.27338474900309
19807,15.01391261619385
19808,17.47535409725367
19809,12.784859843590684
19810,10.160938155930737
19811,18.473058055815624
19812,13.395389496334536
19813,16.797114928890757
19814,16.29920414714851
19815,16.363752312553146
19816,11.293953627278137
19817,19.9314296885411
19818,15.302347701590483
19819,14.143278962152243
19820,13.193544805472424
19821,12.159306467130277
19822,14.312118918761987
19823,14.612924509879383
19824,9.50832013196276
19825,19.325691175664826
19826,17.42595538851381
19827,20.1670853783537
19828,15.570700400382425
19829,21.869292637214386
19830,11.335101390649154
19831,12.867786770230666
19832,10.478109810209517
19833,19.209757237830264
19834,16.980799642069353
19835,13.897148149812889
19836,14.137543512783287
19837,20.447974900537986
19838,12.704914757821154
19839,17.90740589264555
19840,15.793608674238094
19841,20.29506617781027
19842,16.8511391005657
19843,13.401094047771066
19844,12.45380677265847
19845,15.724979543094298
19846,19.34652645685212
19847,19.662933981946797
19848,14.020927334315058
19849,15.685282072344455
19850,18.202215684965157
19851,13.26084114041988
19852,19.245821367075937
19853,14.404518440210298
19854,10.341486567873579
19855,14.744981277719791
19856,13.956030220434101
19857,19.948894489431275
19858,17.007664279920974
19859,12.77976842607427
19860,13.636706411193687
19861,11.096344272042401
19862,17.936966173575232
19863,16.838838476726504
19864,15.13326407634322
19865,14.436713149718072
19866,9.504980549675167
19867,22.760168946944194
19868,14.673624967922652
19869,20.95260217752465
19870,17.685574655505242
19871,18.44648365821087
19872,20.56497784954917
19873,17.03737065452443
19874,14.355920690724913
19875,12.984669078065094
19876,18.838304373308425
19877,15.503877192401708
19878,17.986472351262293
19879,19.025409772188425
19880,13.521492543012917
19881,13.436048635504145
19882,10.919168542561621
19883,16.03403851767075
19884,17.9252306358091
19885,13.612533760675278
19886,11.978502494165697
19887,13.095398338345989
19888,20.7240339673185
19889,10.524979830612025
19890,17.415301419633543
19891,15.813744279564114
19892,16.353917467844845
19893,20.06691369524754
19894,14.981571035377144
19895,22.00620598051206
19896,12.916099762046036
19897,17.69351534130708
19898,12.573325305976722
19899,15.678905753777679
19900,20.927590114349943
19901,14.924428417816463
19902,18.3934134206809
19903,18.35695546516665
19904,16.940181004534384
19905,17.114134929981574
19906,14.201177203551227
19907,18.00988586607485
19908,18.86633954910807
19909,14.977893013850066
19910,17.509178782528622
19911,11.327523394924789
19912,18.77781851145873
19913,12.752007682013133
19914,16.865237629430016
19915,19.09049754112553
19916,13.112358832310383
19917,12.865815731346999
19918,18.965305093968553
19919,14.10163185106743
19920,14.291087034583015
19921,19.63908719604115
19922,13.45667024223155
19923,19.404573161181748
19924,11.682367419264539
19925,11.028010195019583
19926,11.83829835863765
19927,17.39018985263008
19928,17.50858885952136
19929,19.02018393809971
19930,11.341934336441112
19931,17.33040762903264
19932,23.87511074614712
19933,11.711356087658404
19934,19.203002428619126
19935,18.756487369673433
19936,18.800051698276807
19937,12.98168396994143
19938,20.77282606362397
19939,14.965024395861185
19940,17.886415309216172
19941,13.048849421785231
19942,17.492167096612185
19943,14.576431305052894
19944,19.9356071356061
19945,13.669187245581782
19946,11.583875833745607
19947,15.119533038585491
19948,20.211999190116064
19949,16.19863098898907
19950,21.63563311133049
19951,10.434507922076277
19952,12.087879543558019
19953,12.469421141698332
19954,17.368093325040736
19955,17.318318190075622
19956,19.51720630645399
19957,15.56747991290178
19958,10.480872193763684
19959,9.926299176600471
19960,15.871939247852696
19961,13.726607946918659
19962,23.02381404355041
19963,16.181027819072575
19964,14.98050756420709
19965,19.636676179680425
19966,15.692360257772146
19967,18.83381131710579
19968,17.01226036607962
19969,14.32054980568881
19970,10.76777441549506
19971,15.197206127347185
19972,11.429070479860961
19973,15.63334771583624
19974,12.26179291693437
19975,11.397733823851071
19976,18.809802217803213
19977,10.954569242910852
19978,19.07599383141741
19979,13.575416075773624
19980,15.245266955035959
19981,18.444967588378134
19982,15.665016542463759
19983,20.864049771329803
19984,11.528229692564201
19985,17.914683189983354
19986,18.693620885182714
19987,17.666705118867796
19988,15.887576432986567
19989,16.143781387429527
19990,9.490444268938562
19991,15.948138795577512
19992,19.92556200282848
19993,21.955391812039643
19994,10.140880102436547
19995,8.23997961185331
19996,19.544300668127395
19997,10.064877363134586
19998,18.65660019702815
19999,16.298169737743006
20000,14.885835521361868
20001,18.033116828268067
20002,17.69597606805549
20003,13.416931031090874
20004,10.367626507467058
20005,16.139680994664747
20006,15.563801691175685
20007,20.19311507854587
20008,12.6927233709497
20009,18.968839706087117
20010,20.467651314541214
20011,12.925877869021374
20012,12.082945917595714
20013,13.56419839097348
20014,12.544996416173067
20015,24.79887029882042
20016,11.969785117444564
20017,13.81541456616543
20018,9.870720308343687
20019,9.468325385334998
20020,15.78743193586786
20021,17.56329141326255
20022,14.258752069198056
20023,14.59961299539787
20024,14.771263590813321
20025,15.669488823275339
20026,17.29955690132122
20027,11.495044918768254
20028,23.25883170848173
20029,13.338809509582141
20030,15.453916806317114
20031,12.26865029874243
20032,21.394280308289893
20033,23.54974445229894
20034,17.062756026094977
20035,11.051569553666393
20036,15.958695657197504
20037,18.260110642927465
20038,15.094345986590648
20039,18.768427513070716
20040,18.579318634830816
20041,15.685502055319718
20042,17.257266067994635
20043,17.89554126637867
20044,14.770766339068672
20045,12.08291215961639
20046,17.238219735784956
20047,17.886679722873748
20048,13.6118013479963
20049,13.878606759132209
20050,15.056953798693273
20051,17.73426456607697
20052,13.344667040943149
20053,12.987664434735844
20054,14.209602021358624
20055,12.074860457215754
20056,19.755044802800256
20057,14.297947966864031
20058,13.593146347559042
20059,10.841494781896266
20060,11.210167724740986
20061,17.29257818572123
20062,15.792204889360924
20063,14.259533080680333
20064,18.848111076042027
20065,14.361142453491276
20066,14.842805216410563
20067,14.518570149136355
20068,16.178648254051645
20069,12.923277399685777
20070,18.98387838745858
20071,19.76465068567696
20072,20.95236962706602
20073,12.17150165674666
20074,18.33707637813909
20075,10.162694535390136
20076,12.23654530574031
20077,18.272723790126825
20078,16.676882505203622
20079,16.571415313047286
20080,19.501960213934233
20081,14.308862262603744
20082,20.903748070053982
20083,14.969872839683811
20084,12.3491542209515
20085,18.8685701976539
20086,13.67584779111216
20087,16.23853074895049
20088,11.127150490613397
20089,17.933922653458875
20090,15.083941881488258
20091,13.509859612310906
20092,17.099592624519026
20093,18.167021681065552
20094,16.20151616676922
20095,15.360296049459961
20096,13.43679914479945
20097,15.686046307844315
20098,13.968844538954327
20099,18.195219605543056
20100,16.821691951989138
20101,9.533928308278977
20102,16.487970189813304
20103,18.70560488424032
20104,11.871859267333205
20105,16.968891214517512
20106,17.06935420257298
20107,13.416402190329656
20108,15.611880995701044
20109,17.710264588056663
20110,17.847876336592876
20111,12.9114972567316
20112,10.592834477554554
20113,15.558373923171922
20114,15.87301960816849
20115,16.193195224210736
20116,14.678723086342888
20117,20.705419074117522
20118,15.28295178640628
20119,12.156866037903667
20120,16.979787997916127
20121,12.621562284883769
20122,12.511411556659288
20123,14.006717487505455
20124,18.9859385486981
20125,17.109063775636592
20126,14.130046847650307
20127,18.011888100710074
20128,11.472527067528333
20129,14.07824108745797
20130,16.912406715842774
20131,10.65541611358036
20132,15.716701994625033
20133,19.53753937713453
20134,18.607549496342898
20135,11.650700733531886
20136,15.39557281852377
20137,16.091174810114072
20138,13.394202204840864
20139,20.13559875958034
20140,16.880312238541208
20141,9.848766957285578
20142,19.199116310069535
20143,16.693158440341413
20144,18.726082246223303
20145,16.993999491792806
20146,20.05094173878551
20147,13.728971713911076
20148,18.3984794756937
20149,14.910428932119752
20150,10.371321739124378
20151,14.083911772790975
20152,13.718885032082182
20153,13.717263855251703
20154,14.347715813294217
20155,15.044667046630037
20156,17.5691838922794
20157,14.992769149694874
20158,16.646309153321987
20159,17.593281431548334
20160,10.690574769875811
20161,14.456639324296644
20162,13.297891684433127
20163,12.14631732454133
20164,15.825650885405432
20165,14.50904722593946
20166,17.410594294780537
20167,16.62242097247375
20168,14.422110989409942
20169,21.705390073759684
20170,15.145575126227651
20171,15.381958888208569
20172,19.9581022255202
20173,14.329318476798937
20174,13.410014238763075
20175,14.099110612018405
20176,11.949820135775443
20177,15.415739223843651
20178,13.96017899537585
20179,16.885336783244078
20180,16.163890047792915
20181,14.816975334342185
20182,16.3832068744468
20183,15.628928561700858
20184,15.73168346527473
20185,21.97814847002292
20186,14.741165795604964
20187,16.09566617815023
20188,14.698697648616479
20189,11.743602335580965
20190,21.578348891398118
20191,21.682657835202097
20192,13.268470921248358
20193,18.729805049516028
20194,15.43872717392899
20195,20.198664014219183
20196,14.693752162946408
20197,19.656843907242408
20198,18.972771562978632
20199,14.478003396233186
20200,14.964015281788436
20201,15.793304880701209
20202,15.895993119439495
20203,20.684142267269507
20204,17.34037668089867
20205,12.065031635427077
20206,17.02035015104884
20207,16.50322146451129
20208,15.32653811488317
20209,8.859415477872187
20210,15.170615986486878
20211,15.749934778690136
20212,12.887897616162237
20213,13.299723371872645
20214,11.304359606710381
20215,13.185868083024811
20216,13.792832131032668
20217,15.062277351288326
20218,12.953800060429476
20219,14.148348242458876
20220,14.585242394321655
20221,20.553502568523793
20222,15.115344187699629
20223,23.236669517146556
20224,15.011093392161875
20225,13.13382446620576
20226,14.724378610018457
20227,16.96665036336115
20228,15.643781067752354
20229,20.424103660673044
20230,16.136527212811142
20231,16.854937918913894
20232,14.428286067818568
20233,14.717295921131338
20234,15.274157327351453
20235,20.243520538044447
20236,13.563448923388556
20237,16.760337693232476
20238,9.877145385784686
20239,15.705119388794479
20240,17.11462918939862
20241,18.15790295791334
20242,19.07005073403747
20243,11.20503439877718
20244,20.876853730198
20245,12.668640682992658
20246,10.398153332003718
20247,15.624038086892687
20248,15.065966085098097
20249,17.528061676682746
20250,15.942216620178993
20251,11.53015156703974
20252,15.414554606738385
20253,15.056177728861226
20254,11.910708052056318
20255,18.69527328072551
20256,16.082135310292205
20257,21.554984791452664
20258,14.154889401301295
20259,18.6639746128662
20260,14.679012612547458
20261,9.737248492358734
20262,18.730960380097795
20263,18.821023889880465
20264,18.907078067332826
20265,22.807949830474897
20266,13.169173542591768
20267,12.624812314483027
20268,11.783565307112609
20269,12.43818151243605
20270,11.506505866486266
20271,15.162617659992273
20272,15.727843662459069
20273,13.137108954429168
20274,20.465275448519932
20275,14.820040578877725
20276,13.038679770637035
20277,13.261155749220762
20278,19.053715803976754
20279,16.39065985618486
20280,9.418303699321044
20281,16.51629418194699
20282,13.118424507499746
20283,13.8829683918565
20284,11.384402491035235
20285,19.29844402172692
20286,9.368722608280253
20287,18.98012644756505
20288,16.537066502121093
20289,12.501123296124275
20290,13.28756661765083
20291,19.95133048355799
20292,14.970849264486594
20293,13.51156066929579
20294,13.028327921154704
20295,11.956376682697563
20296,11.145384114378738
20297,17.037179189230976
20298,13.190960620966557
20299,14.731328525883931
20300,20.23722039712133
20301,10.944095721181755
20302,11.538329752884604
20303,16.53996226372275
20304,17.284882246942136
20305,16.235767814680226
20306,13.040168906727153
20307,16.993734935145863
20308,15.700000969621003
20309,10.546470228315444
20310,13.324584263218082
20311,14.712698446310963
20312,12.493912383435783
20313,18.162773368440675
20314,15.457741390004038
20315,17.087853347580186
20316,17.26530150868971
20317,18.551002389102827
20318,13.731527212621335
20319,11.319325462196595
20320,21.674019207556444
20321,18.83348911565408
20322,12.340122737948441
20323,13.55538950897499
20324,17.120451273244193
20325,14.535882798492823
20326,12.727958066294365
20327,21.18484771800946
20328,12.557450272074808
20329,18.79161654492665
20330,14.731230150002972
20331,16.25798201722301
20332,20.31213286240865
20333,13.476697801123253
20334,17.04359523860021
20335,14.002736639913872
20336,14.013821761602772
20337,15.001921209661077
20338,18.973902265305256
20339,12.422033201068798
20340,15.918204602051228
20341,11.391129844561059
20342,14.263795511641726
20343,8.567218700836822
20344,9.666870975942405
20345,18.158829200713104
20346,16.895695879898536
20347,19.075559190059714
20348,12.860812160378483
20349,17.055216441115725
20350,16.068337414329466
20351,20.771065717102967
20352,14.660636317159975
20353,9.839476255408298
20354,18.479700454027856
20355,14.871464563933094
20356,17.74823172703503
20357,14.193206963458808
20358,16.34677684928939
20359,11.968307547651273
20360,15.427315460456235
20361,10.571962985362834
20362,14.356595519430941
20363,12.55471393332167
20364,18.089520473350152
20365,15.549380941662214
20366,18.115939445166333
20367,12.713215875568167
20368,15.62373456209198
20369,13.657864250583334
20370,17.468448329253658
20371,18.518148739971853
20372,12.02367490698468
20373,9.150317453344769
20374,13.28856031491754
20375,20.577237646586866
20376,17.88243884444033
20377,21.292756688001276
20378,11.83904199349284
20379,23.277630452513808
20380,10.975593807903865
20381,19.81640773196604
20382,15.126763266721586
20383,17.16646366870181
20384,23.274728601466226
20385,16.881775749626524
20386,12.547815315827336
20387,15.39866832797947
20388,16.775876615201437
20389,16.788544407416154
20390,11.199269817312137
20391,19.720450367373555
20392,18.928451543534372
20393,15.619684564493564
20394,12.622289823229549
20395,20.420138114573913
20396,14.502596440799714
20397,13.743178771447619
20398,16.24283709537576
20399,13.209738086578877
20400,11.866638339143478
20401,14.185859645072009
20402,15.990740441972067
20403,19.819708685943137
20404,12.60527183389544
20405,11.403554397027628
20406,16.521288235738115
20407,14.470814154521742
20408,13.409124389556288
20409,18.428419721028433
20410,17.129486451341062
20411,17.23843835955859
20412,15.663415294708004
20413,16.845079039033646
20414,13.720497021383398
20415,11.71804483051925
20416,16.188991954344694
20417,16.150026166007418
20418,12.317594246891398
20419,13.225407621623782
20420,19.024645857640245
20421,12.506103544639155
20422,19.046121810892206
20423,15.653534067400448
20424,12.140473219228149
20425,16.148535384849318
20426,13.929475821140157
20427,14.27751526876596
20428,16.959313093438244
20429,12.319250007862093
20430,16.18707438907695
20431,16.369968586109596
20432,15.06549706602488
20433,17.96435316119768
20434,13.156295451279838
20435,13.59577480064752
20436,13.461510953193963
20437,16.485219086703086
20438,13.43207664199884
20439,11.65193237014257
20440,16.49974021581526
20441,13.811819947886887
20442,12.806304918553874
20443,11.943733401251727
20444,9.793482420159028
20445,14.36965374404814
20446,15.801643564723747
20447,15.662841106417265
20448,14.176111026632533
20449,12.108131209151246
20450,11.173745682167928
20451,14.135896130077558
20452,9.157230653112169
20453,20.160955971750603
20454,13.330321061759163
20455,18.1082771338733
20456,12.518466696299058
20457,15.585387860781415
20458,13.631641804614956
20459,16.300994925465794
20460,19.58976883342895
20461,12.241514064339569
20462,13.658106286328184
20463,12.721071878192589
20464,17.824928874023932
20465,20.495177135561935
20466,11.819617568203874
20467,17.83374369633295
20468,16.072056338883932
20469,18.316291090737888
20470,21.58569877969061
20471,19.398169942357647
20472,11.10917445189571
20473,14.047138794379272
20474,12.052520733780934
20475,13.892431232040678
20476,19.98457359068591
20477,20.50792801103744
20478,13.15087568503268
20479,13.881106715082304
20480,15.212540166847763
20481,15.636346321700756
20482,16.474936806053346
20483,17.39369097149877
20484,16.841176316012817
20485,17.845598922958775
20486,16.0729713246409
20487,18.001999068045865
20488,13.566084076159889
20489,13.733303283082483
20490,14.244854293971553
20491,10.715599879555793
20492,20.95115867118756
20493,14.828095418963839
20494,17.02377258357021
20495,15.502942046965497
20496,17.743537444199447
20497,17.549882661047803
20498,17.128658308941656
20499,19.13290634634633
20500,12.237698650510112
20501,14.0409848767096
20502,13.902177371622074
20503,15.540586285630038
20504,13.501865706183736
20505,16.692375690544768
20506,18.357062664960033
20507,13.054616188665815
20508,14.582588450260726
20509,16.426732502232216
20510,16.358716108655013
20511,19.343300924468977
20512,20.641582381036258
20513,16.18378864847128
20514,17.17839184523911
20515,18.617497325254124
20516,15.915681121989016
20517,16.446267854653406
20518,14.795863743485663
20519,12.948351332015154
20520,18.248541245105653
20521,19.731042839680814
20522,16.99127624759647
20523,15.124576660700312
20524,18.55778445620793
20525,14.600363446114159
20526,13.454218439607157
20527,18.445777474884018
20528,12.215252214667803
20529,22.047095883856993
20530,19.135925083836153
20531,22.335488136103738
20532,16.7153960256725
20533,20.843846384663255
20534,18.805979914531264
20535,21.543263697412165
20536,19.49330328869699
20537,14.277741649826732
20538,18.027218743705255
20539,8.789206781979692
20540,16.21554473065494
20541,16.798823896176284
20542,10.171279482440463
20543,21.000474582225298
20544,17.854184263732588
20545,15.088789233782192
20546,22.381508528185837
20547,18.55528059681241
20548,11.620632231495089
20549,16.524073327368676
20550,12.28937717015135
20551,13.239956796592939
20552,12.269365245631807
20553,14.28618566933336
20554,15.329345768776161
20555,18.25865961344773
20556,22.25545947603577
20557,10.52044718382459
20558,12.550403570452493
20559,15.341274141028764
20560,19.190639529619723
20561,14.754919249939807
20562,17.49257549634805
20563,18.123109500561096
20564,16.74255146324865
20565,14.130474523977961
20566,19.123125431397384
20567,14.507723009874248
20568,15.728146467191845
20569,14.05234752231254
20570,17.946391188256175
20571,19.804303459103952
20572,17.997440674889237
20573,18.246690376419675
20574,15.997188844200753
20575,12.794173884636335
20576,13.778694617157544
20577,19.907677573602303
20578,12.39900307145647
20579,17.285121800730128
20580,17.132823377826846
20581,18.16253390407824
20582,18.446798930199954
20583,17.511688764058214
20584,19.275574640618203
20585,10.210399420195877
20586,15.064027673386446
20587,17.156070164718802
20588,17.145447692132016
20589,17.747684283533307
20590,13.039143688907126
20591,11.207928785698204
20592,16.58745110157601
20593,18.889958770724178
20594,19.475468383693602
20595,19.331068884890083
20596,18.786502638326933
20597,15.383958158893485
20598,20.835561835209237
20599,17.800098994359068
20600,19.368057031873114
20601,13.912544992329355
20602,17.317333476021158
20603,16.01935284440665
20604,20.186945317845886
20605,9.254186129734162
20606,14.626864366746743
20607,12.011684476540974
20608,16.065134186992037
20609,10.69636524389848
20610,14.875357554995079
20611,11.334387176390926
20612,14.454377869909651
20613,13.580659308831223
20614,11.075406404436501
20615,16.454755565639566
20616,9.854877137131275
20617,15.883377998598956
20618,15.470607315413698
20619,17.25370013428405
20620,16.30091852947487
20621,16.042025720640105
20622,17.427731414620702
20623,12.972757098972226
20624,16.710581350013182
20625,11.974258841417956
20626,9.633190097755675
20627,15.590269027153367
20628,15.784253513343991
20629,14.217361054629757
20630,14.039307584793308
20631,15.885074479192559
20632,15.874273718212079
20633,17.299171398442756
20634,23.022496079949942
20635,18.836738140066743
20636,15.712360221497631
20637,17.246735581485183
20638,23.520962753153867
20639,16.322515863436443
20640,18.27697633967394
20641,14.221753937811794
20642,11.725500857336543
20643,18.566026135190814
20644,13.011600762458349
20645,17.642217608793114
20646,13.148084085425205
20647,17.984799603004348
20648,9.808450671307579
20649,14.886327106023648
20650,16.938808482503
20651,14.792841451486211
20652,16.49465180603021
20653,18.936782738124716
20654,13.958368295767528
20655,12.819916915491248
20656,14.586664004941555
20657,19.463613607100335
20658,14.245367856425496
20659,17.449956475500237
20660,10.518767434835016
20661,13.291207824296258
20662,12.430237552925318
20663,20.02927972511304
20664,12.315314357852202
20665,19.449449858820365
20666,20.211790652884595
20667,16.30758625249058
20668,13.798218002208975
20669,16.825419339606267
20670,12.321303547466195
20671,17.693969672558893
20672,12.808229475684115
20673,21.618072577814658
20674,17.01094768509308
20675,11.789939914614497
20676,17.610460551176242
20677,17.575712716010088
20678,18.68645685939287
20679,14.187290833042336
20680,16.84194956405228
20681,16.914159573899035
20682,14.242175182314522
20683,12.817958060204932
20684,11.276657116450751
20685,10.975549970157724
20686,12.091197602121714
20687,18.00761338531001
20688,14.426264018510832
20689,15.297945496978828
20690,13.312244016864042
20691,12.65769665144274
20692,13.525759907159014
20693,15.186619078613676
20694,18.66586236821505
20695,16.697575672416438
20696,18.216883772078578
20697,13.902681308127594
20698,9.822442321054627
20699,16.728519704586997
20700,17.156464453370766
20701,19.059081437694175
20702,14.597053832700848
20703,20.22494009125227
20704,16.688176492123063
20705,9.58008117434357
20706,21.697529996741043
20707,16.247699548505686
20708,14.898054204540331
20709,10.178290179792125
20710,13.887936825594412
20711,12.248398575935685
20712,22.615135070193258
20713,21.43230122311067
20714,18.291524350249617
20715,18.69330150890094
20716,16.39394843197108
20717,20.470227068494413
20718,16.273513767034828
20719,12.532295722303855
20720,17.48633927618201
20721,15.673218493611564
20722,17.989684969331215
20723,16.881454548406058
20724,19.72890822165127
20725,9.980926355698923
20726,11.461768155051756
20727,15.645478902149925
20728,16.042804624085484
20729,18.05723750228646
20730,15.180995177551216
20731,11.826114910227307
20732,15.837162455492342
20733,11.566919500386536
20734,15.198182014077986
20735,12.632050476940488
20736,10.59010931548757
20737,17.627518481916855
20738,14.789173344727676
20739,12.74459460208446
20740,14.921050014613272
20741,15.964471487089003
20742,24.096098342334997
20743,16.07353893974183
20744,19.039271577467165
20745,20.578380466753334
20746,13.475706897690378
20747,22.499966535145166
20748,15.457878895094181
20749,15.407565275208194
20750,15.889070474884134
20751,17.77071962739023
20752,11.081636544829655
20753,19.277517858606082
20754,13.881762262981557
20755,14.812488395736112
20756,13.757521655899492
20757,11.29323132083153
20758,12.061634715883521
20759,10.182335508164837
20760,16.649382998855856
20761,13.777139290346657
20762,12.315727575925314
20763,15.225546161534824
20764,15.335180992895008
20765,15.181831628488956
20766,13.837237694676075
20767,22.10641956071346
20768,16.731073182089656
20769,17.12727044015201
20770,16.407226391596428
20771,11.124343109588075
20772,16.286172221955958
20773,16.452086402768202
20774,15.168152567566619
20775,15.307060937471668
20776,17.156393348174728
20777,17.387926190014028
20778,14.17290770720726
20779,11.855834299207357
20780,11.148903038467068
20781,10.166194439919042
20782,13.368902664267846
20783,19.2852264680033
20784,14.040026073686587
20785,14.698637451775467
20786,10.905495381956444
20787,19.191439121829255
20788,14.549036835218288
20789,15.227100154881539
20790,17.216301986881465
20791,15.4925009050916
20792,13.954110334024788
20793,19.59205590757981
20794,10.148591993841976
20795,11.097753279956352
20796,12.973006129519241
20797,10.56728515363805
20798,18.808307892967658
20799,12.945029714323985
20800,20.77013173690043
20801,14.545642883284245
20802,17.009446678582634
20803,21.15546278573911
20804,14.772945297737186
20805,17.445891329428818
20806,16.98798335204162
20807,12.092473956500033
20808,9.445941141685033
20809,13.74935905800147
20810,16.98653783681711
20811,16.15058374629334
20812,14.19111377543895
20813,15.250853342135912
20814,18.054651828967827
20815,13.69079931936154
20816,19.65474707566045
20817,15.602362130176726
20818,12.172336568300002
20819,18.957164702764683
20820,18.430597486025132
20821,18.17345062527813
20822,14.550359655287332
20823,17.54931936449622
20824,17.884701991539114
20825,15.673430081347291
20826,12.282208303541914
20827,13.83921668570484
20828,11.091281382761956
20829,16.387610137273754
20830,19.61924376959204
20831,19.005188010441344
20832,16.378763157154843
20833,12.299205257445381
20834,20.725465603041336
20835,16.168965234760307
20836,18.30606293633035
20837,14.648396284787898
20838,18.280174601172334
20839,10.746481152796006
20840,17.85973333825339
20841,12.987997489868356
20842,14.847021809469386
20843,14.740560792852866
20844,12.157850995512993
20845,12.748815185731432
20846,13.066558721197751
20847,14.400563990383596
20848,15.4527984233083
20849,19.919289464034573
20850,15.461616295271554
20851,11.513520377031002
20852,19.57783813456235
20853,17.982400574614175
20854,14.727163736640762
20855,17.7668721485458
20856,18.690393410891094
20857,16.954600585010187
20858,15.205918781912075
20859,15.104221311267759
20860,18.42867104496473
20861,22.00054326475779
20862,14.95577359265206
20863,16.804026662954218
20864,19.61036967770858
20865,15.765896205419503
20866,16.559085275171665
20867,16.747642681020267
20868,17.53642490593623
20869,15.169534890363755
20870,15.542653866956341
20871,19.985549113572514
20872,16.793949823139272
20873,16.493922854548572
20874,14.958810674638013
20875,14.997626538129866
20876,13.759537268491256
20877,18.935908462844086
20878,15.34852831464653
20879,14.097438648327396
20880,16.70625652177361
20881,16.37343914112524
20882,15.635244997982376
20883,21.236418789770873
20884,14.555285238362112
20885,16.294413499756274
20886,13.310012737308304
20887,16.300349443158257
20888,13.28939009148021
20889,13.334056943112865
20890,9.107447657938621
20891,14.546577521298062
20892,19.85249872443028
20893,18.533140500192477
20894,18.271236525018747
20895,14.088996030607987
20896,16.86300836294681
20897,16.679951102212897
20898,16.71918246006252
20899,20.217372687738596
20900,15.626671997792554
20901,20.835596662043834
20902,14.648596201992811
20903,19.65998597916321
20904,16.815578737962685
20905,14.789079589088892
20906,13.188164908905248
20907,18.43755519763212
20908,10.49956891482871
20909,17.502766688256955
20910,20.003479758152114
20911,11.577561247389514
20912,15.774674711421904
20913,16.09652789770375
20914,13.735296345359165
20915,16.665074231925782
20916,17.407554746255606
20917,13.97504507391845
20918,17.545898207929806
20919,14.698572110427206
20920,18.152398039129544
20921,16.540727326947064
20922,13.276910898772423
20923,11.719615401865243
20924,14.69860707489993
20925,16.003264348019922
20926,16.185532989536565
20927,11.40782605068511
20928,12.417065703375961
20929,14.194784938280304
20930,20.265002645851375
20931,17.114606924520167
20932,13.66732675283209
20933,17.006024822307584
20934,16.6882455515065
20935,14.390032910846505
20936,19.56119876510635
20937,11.233525638145215
20938,12.832709423465383
20939,14.136951778012797
20940,15.28663824249475
20941,16.086662417991256
20942,15.616271578842094
20943,16.482356041330263
20944,12.073319246476848
20945,16.61569778046045
20946,15.73740424522363
20947,13.018219606965152
20948,17.178079306347108
20949,14.906109887007954
20950,13.889975884472191
20951,18.56470096839854
20952,15.532028494179476
20953,18.614822536028388
20954,18.07179012446866
20955,19.16719813930729
20956,15.105736171135733
20957,12.551337645946951
20958,12.079812715872968
20959,10.883549729859064
20960,17.599937378484828
20961,12.653779106044395
20962,15.851368400855
20963,12.815034710760278
20964,20.609889684682724
20965,13.958092310987848
20966,15.57210351263282
20967,11.205707448308035
20968,10.337805010968403
20969,12.711528111526038
20970,15.51106197059654
20971,10.439390555408517
20972,13.697528063614689
20973,13.765058630609069
20974,17.870433125676435
20975,13.265079034058422
20976,9.490406844247142
20977,12.363663633655772
20978,16.806550269348214
20979,10.148615941815942
20980,13.825431947991438
20981,10.23120537664424
20982,19.407510573600643
20983,15.98688601361832
20984,16.740903467311423
20985,11.611531685252883
20986,15.742540153297046
20987,10.424309132353137
20988,15.493427754037473
20989,13.718020698525143
20990,14.490158226637632
20991,20.354424571196024
20992,13.761902180189322
20993,14.584784998294033
20994,11.735352001959875
20995,19.338682600917803
20996,14.195817459487943
20997,13.135717046707791
20998,10.094986000973314
20999,17.51851605367746
21000,17.284859528601494
21001,22.34298134781228
21002,16.533561037277863
21003,11.673319847307658
21004,15.550222848095494
21005,13.37408136593854
21006,10.452999119383799
21007,10.451514868872069
21008,12.791876420163762
21009,14.827524778635976
21010,18.431508332185228
21011,16.340803720187626
21012,12.466653553376412
21013,14.244239606059637
21014,15.550729458997013
21015,17.8745458683359
21016,12.449378492799134
21017,16.319387260058726
21018,15.464690068687078
21019,15.010575473346705
21020,15.444899765945967
21021,16.210000935597538
21022,18.148529667645434
21023,16.76650380290713
21024,13.88357374184226
21025,10.628850442575008
21026,12.951917329101796
21027,12.014363290021166
21028,16.731243875176116
21029,12.46778076766517
21030,17.569672193961864
21031,12.784674534803571
21032,13.695769000119308
21033,21.29567161693836
21034,12.151995772173212
21035,15.877663766998232
21036,13.3641379074764
21037,20.34200505314116
21038,15.5162948975069
21039,13.053002039703975
21040,16.335449200469327
21041,17.44997390069105
21042,18.978331959782732
21043,19.72504792740101
21044,12.768043823054306
21045,15.356243159578753
21046,11.443910734623968
21047,11.920137145435014
21048,19.65355710393371
21049,12.478634627596374
21050,21.36556760536205
21051,18.496230014609942
21052,19.992299926857335
21053,15.460293127789056
21054,20.18755650073069
21055,12.936790790479392
21056,17.471376482897828
21057,15.070681843428943
21058,12.577306673865243
21059,13.59203527999944
21060,20.982696699178966
21061,21.803868201397073
21062,11.0369522689898
21063,19.090462792740954
21064,19.53740155403563
21065,16.21315270096993
21066,24.139388211237833
21067,14.095216137960692
21068,14.081410863575696
21069,14.665970024239334
21070,19.759586592769985
21071,10.822358822543823
21072,17.082037051547143
21073,21.535131821350046
21074,19.580828779905346
21075,14.666565640664933
21076,17.144412835893387
21077,10.638209219584171
21078,12.890216803795395
21079,11.365575686871866
21080,15.4756114072802
21081,12.5683141066996
21082,21.330367947565012
21083,19.488038550190307
21084,17.77185436351079
21085,18.697819637656664
21086,13.707321260763537
21087,14.757784701015954
21088,17.366952784855208
21089,16.030774042113954
21090,13.557978305517963
21091,14.128305012131715
21092,11.25808890645304
21093,17.310607078979874
21094,12.033301368384427
21095,22.375312107893507
21096,13.657576938129138
21097,15.667599799787563
21098,14.36878489287871
21099,17.78462509910706
21100,14.548144375721304
21101,12.926835286874933
21102,16.77029389150347
21103,15.767108422426976
21104,10.569611811493676
21105,15.533328494721838
21106,21.550738690906567
21107,17.469891040266678
21108,10.741220450069317
21109,13.871114507495934
21110,18.5521378433298
21111,15.03781274662886
21112,20.271534009072372
21113,13.257793523606368
21114,16.2684585025507
21115,12.825825691122514
21116,12.549365187767437
21117,17.925170810252524
21118,18.22458083451343
21119,18.276785668359302
21120,12.892852469973878
21121,23.63016178371026
21122,20.293917929121005
21123,18.067353350419477
21124,13.485972188939499
21125,15.047290342980741
21126,17.02404922608731
21127,10.808252861597012
21128,11.778189306334557
21129,16.322029449692224
21130,13.680039648140244
21131,16.630724369276564
21132,10.625034562287336
21133,17.252235709027204
21134,14.71188192593907
21135,12.221743098279639
21136,14.084722472590968
21137,16.1433128923652
21138,13.538869171756357
21139,20.37095821112672
21140,13.321631850187023
21141,19.17011707637736
21142,13.96216316316435
21143,12.914701955306544
21144,12.154747892821158
21145,14.194290631494395
21146,13.904097671505419
21147,16.560164028830762
21148,20.508457719281342
21149,10.446747066311893
21150,17.56588318826429
21151,19.848376622709832
21152,20.999919291930503
21153,15.111783815065339
21154,17.752389242741042
21155,14.817225362688417
21156,18.63686990970763
21157,13.589618089698241
21158,17.421290338585223
21159,16.432248113808207
21160,14.013476490764946
21161,11.428598689137594
21162,9.662348435746189
21163,18.86175191299525
21164,20.15707116420485
21165,14.683734903218342
21166,14.747079689872885
21167,11.376170502899976
21168,12.8329951302703
21169,15.791579709420791
21170,15.537589440765998
21171,11.993205094568484
21172,17.20089771590673
21173,12.90448044696504
21174,18.459854152323043
21175,20.640422406801292
21176,10.922172036573766
21177,17.390655940120425
21178,14.79848705164957
21179,16.18227258599353
21180,12.626304972471653
21181,14.080054015412747
21182,16.024709282863963
21183,18.471193829530485
21184,16.45739777697519
21185,10.388731366663835
21186,11.743647775357063
21187,12.913835173955873
21188,12.327021206935003
21189,13.469099910691842
21190,22.72667893715592
21191,19.105730695054095
21192,14.721087203916941
21193,16.07171047867914
21194,17.835172705172212
21195,19.21559723619405
21196,12.402581937016079
21197,12.878886649372719
21198,14.765935331312784
21199,19.620240236300216
21200,16.919741592236438
21201,14.750169972405246
21202,14.281925847069687
21203,15.027736962714261
21204,15.33139059090789
21205,13.99010907244885
21206,17.739328310958424
21207,17.197439320015736
21208,16.655366068474883
21209,16.96825123606263
21210,17.141445771514917
21211,22.504691686843795
21212,13.640104215325545
21213,12.859582480523711
21214,15.134171098033768
21215,23.88905320199374
21216,10.106501379972984
21217,18.144898010854504
21218,13.87553017056806
21219,15.924446860588668
21220,12.62120892433295
21221,21.9045447121791
21222,16.400914248079363
21223,22.1789846055897
21224,13.070851162274197
21225,12.618307361394596
21226,13.95209495116411
21227,20.25053190005608
21228,15.75349316772757
21229,17.826567219278633
21230,17.58944783889552
21231,14.585423943391971
21232,20.216291829000877
21233,16.92855452712875
21234,13.710503103297194
21235,14.594979835593668
21236,14.759015909705317
21237,18.899278435293336
21238,18.072494688102
21239,15.989735718436286
21240,10.625634514633509
21241,11.563940771557883
21242,18.832402735195288
21243,17.646503631943574
21244,16.404566398674618
21245,12.982089604918226
21246,13.582406399109347
21247,15.01420682128417
21248,18.052911208225044
21249,12.604697112019162
21250,13.265169547337093
21251,11.375518026167859
21252,14.37657752104695
21253,15.155065578617567
21254,14.827933525528083
21255,15.182977412927523
21256,10.859531412400827
21257,18.707701041038945
21258,15.647196464535977
21259,12.957426817482084
21260,11.230402606689035
21261,17.43798598908953
21262,15.270590059319051
21263,12.37942851583753
21264,11.202213444713452
21265,12.939465921602693
21266,19.50217754015655
21267,11.858752893182741
21268,13.927876087327057
21269,17.46430216258481
21270,17.888511240045432
21271,10.609000968731312
21272,11.746374730668393
21273,13.79287935963075
21274,16.872779143501123
21275,20.306934934551336
21276,12.291669348591993
21277,17.475097327374325
21278,10.31165541775023
21279,18.421478305474224
21280,21.315049879936687
21281,15.37639437315975
21282,15.336600278320802
21283,16.52899773796205
21284,12.342030482835344
21285,19.247144588452574
21286,18.03927352339658
21287,15.007303552876438
21288,13.311971292800944
21289,12.38895624005189
21290,14.808200400096974
21291,17.75598153876604
21292,18.337634171281866
21293,16.359904404627308
21294,12.16844492861064
21295,14.210796214408767
21296,12.87548982112233
21297,15.227260003992276
21298,16.230746529835844
21299,12.189255028471395
21300,16.31660703784035
21301,15.290867910123163
21302,16.445002351662165
21303,16.222055957885203
21304,15.70840438332871
21305,23.741969742622114
21306,17.211284927126616
21307,21.42857849080474
21308,21.84761876505412
21309,12.001151307685966
21310,22.046338802761163
21311,16.56049583508082
21312,22.048570973717474
21313,16.085764907765512
21314,14.338613101978963
21315,12.596630491801008
21316,16.711107755420144
21317,17.250220008715473
21318,18.020163088368946
21319,17.891486507193687
21320,14.347744628380049
21321,17.83334809886655
21322,16.76330116637024
21323,12.096108765343557
21324,15.45252743710839
21325,19.607996501151295
21326,17.78868017356666
21327,15.753149061812566
21328,17.49197960450878
21329,10.016366561759247
21330,15.571675542427995
21331,18.36458406375312
21332,16.167265743231685
21333,9.905329413886594
21334,19.815305958716063
21335,10.790121538021179
21336,23.1818358952527
21337,15.680827522698625
21338,15.771514995029868
21339,11.689494417441344
21340,19.9611163676638
21341,23.721961531272367
21342,11.379925781813125
21343,13.395658616349634
21344,16.652542183501637
21345,19.519446908897127
21346,16.609770390247455
21347,11.323872477990648
21348,13.443639735466984
21349,14.71694013116015
21350,10.303275635224718
21351,19.61709051481982
21352,13.523330166349599
21353,20.86436194218996
21354,15.4362656952428
21355,15.089470334986737
21356,13.576275886199785
21357,11.958578672663538
21358,17.40605882470629
21359,10.838794124362716
21360,16.788478746293197
21361,13.5347601146643
21362,14.53437199973251
21363,15.993961658967853
21364,9.065217506544236
21365,11.593296093212647
21366,13.882964634191643
21367,18.182219166384026
21368,13.110402625901033
21369,13.781843616566315
21370,16.07914653150659
21371,11.631853843104928
21372,18.03723641229932
21373,18.969806830204238
21374,17.228035137121395
21375,14.344050531660761
21376,9.148975873515163
21377,14.399994166911144
21378,12.987077843376309
21379,12.837429539458224
21380,15.349930128862352
21381,15.686089939317212
21382,11.301832122403706
21383,15.463944480949706
21384,19.288989265381787
21385,13.419343915273116
21386,14.119250774436207
21387,14.172596407765155
21388,14.900376901054795
21389,17.129787514927056
21390,17.378628789461715
21391,12.006754208399592
21392,18.541394579103624
21393,19.914950216114637
21394,22.9542136975803
21395,10.307824470529809
21396,11.751622947342495
21397,14.442449757278409
21398,15.156218932096099
21399,17.568488257427177
21400,12.895912196844597
21401,14.449143653185189
21402,21.24425669377671
21403,19.706950460381556
21404,16.854116545841187
21405,22.761911776198083
21406,13.991072754932501
21407,16.124870259904228
21408,13.383906521292241
21409,18.315532624954717
21410,19.396582012089063
21411,17.181736737567753
21412,10.709073205912416
21413,13.611772267360339
21414,9.838482529227717
21415,13.357420979839473
21416,14.371169331819212
21417,19.33286551238965
21418,16.22237353180523
21419,14.162183587307911
21420,17.650680622975525
21421,15.73779790743797
21422,11.327132406697633
21423,18.92759304098041
21424,14.977204030684394
21425,16.117351686058388
21426,14.503873774055803
21427,16.72750114507827
21428,14.278495266866074
21429,11.606283397437625
21430,10.689423150081907
21431,17.694558862839234
21432,20.257388388685595
21433,12.275179354015362
21434,20.19798357797465
21435,19.48470809428844
21436,17.33075593432309
21437,14.022375711269694
21438,16.455904123412935
21439,15.686664764390558
21440,16.099101886666062
21441,14.841718922987607
21442,20.44465192981054
21443,12.090577221937833
21444,8.884069156012194
21445,14.983227016462447
21446,12.43499339879325
21447,17.193798723350497
21448,14.120613603721173
21449,19.050641261701443
21450,16.589595505380235
21451,17.830783320052333
21452,14.940554739678731
21453,11.690634665950817
21454,15.520070778911178
21455,16.314888378631945
21456,15.5823320705222
21457,16.752623303806715
21458,11.238622724608739
21459,13.148206627868314
21460,17.492864395776927
21461,14.332438401689187
21462,17.797203009633503
21463,11.808535884789785
21464,13.460873439568463
21465,17.085020328999786
21466,13.58764589498409
21467,16.234781946089537
21468,16.093225494767527
21469,14.43457912984893
21470,16.265199998368665
21471,15.143389722768298
21472,13.003407045383273
21473,18.409840812135773
21474,10.989905220932854
21475,15.671259897326433
21476,12.396193020591753
21477,13.324368980095354
21478,14.62363913340065
21479,18.055581822050815
21480,15.55112419657611
21481,15.236319704729455
21482,18.28151853183822
21483,15.196127419262977
21484,13.594964535572137
21485,19.08266628550128
21486,15.44610636568765
21487,11.393446756740312
21488,16.18872747212799
21489,16.733180300029993
21490,10.661503703783648
21491,14.738845826146369
21492,12.078468040680873
21493,16.673306920259655
21494,13.987547054221615
21495,16.350937370825086
21496,17.67254727563906
21497,15.779880180173713
21498,19.270941221998047
21499,13.966470833017242
21500,15.980540132325189
21501,18.455497086357497
21502,18.737567518691176
21503,16.865405045550283
21504,16.48437243866417
21505,13.950503939510606
21506,16.437333079269937
21507,15.302841846562574
21508,10.706516416403513
21509,14.776114154461297
21510,22.578840924186498
21511,17.582219875388823
21512,19.740104429226832
21513,12.543998599443567
21514,13.299574072170106
21515,15.799347589567942
21516,18.41746166921249
21517,15.876084718494004
21518,14.83858268445633
21519,14.265482228117191
21520,19.621366709571845
21521,18.28371896841077
21522,18.350892648428463
21523,17.684732953927238
21524,11.838722985583592
21525,19.598453857694413
21526,21.854281461626123
21527,9.790315189346362
21528,20.595972475322316
21529,19.06579927571223
21530,13.927309047764457
21531,12.556997027114416
21532,16.16743661062796
21533,20.399267933639877
21534,12.124960681518449
21535,14.964043771257826
21536,14.585738690056488
21537,14.195916601407042
21538,13.9979674769345
21539,12.330776986326029
21540,20.09895866038015
21541,14.101546973550073
21542,14.606885921272891
21543,14.941695491319782
21544,13.65168490373067
21545,9.457761640218136
21546,12.963992794125286
21547,13.681477068291107
21548,17.354437968692146
21549,19.023021913187854
21550,11.671488941055685
21551,17.62849716616265
21552,16.18243981283518
21553,17.131623559379662
21554,14.652626331763123
21555,16.14009624188808
21556,16.290672222897538
21557,10.297209317800393
21558,17.11770492385251
21559,16.107937764370835
21560,17.396137279503126
21561,12.655392036675043
21562,18.634129415869527
21563,12.873175432994163
21564,14.26297711544884
21565,12.22277754878222
21566,19.780523788584265
21567,16.33299664049198
21568,12.359599564445055
21569,13.746783464918883
21570,12.685539985949998
21571,15.836716636975394
21572,14.718301842759288
21573,21.210120822683344
21574,16.261209872083203
21575,14.8213796283387
21576,11.955873115706847
21577,17.890529189799597
21578,14.970332972816063
21579,12.30005423751654
21580,9.025980988689565
21581,19.548564312949292
21582,16.956732202737232
21583,16.428086569449757
21584,15.011852077170126
21585,13.704284585756216
21586,22.4890982688665
21587,16.00478154104438
21588,18.122131103593805
21589,15.100106873887917
21590,16.531033664976622
21591,13.984344993504559
21592,10.49330694809093
21593,16.627760743278373
21594,19.377118381209076
21595,16.95480865946353
21596,18.899081147407333
21597,14.472301829179399
21598,21.303514997946966
21599,11.536769531300918
21600,14.449712209876436
21601,13.461988070631927
21602,17.637901087077008
21603,18.578768962407683
21604,12.876240626243032
21605,21.84576129599159
21606,14.558560241542786
21607,16.347850770111087
21608,8.739813247229733
21609,12.99683485249451
21610,16.85790788598526
21611,17.83475127438727
21612,8.675868661245664
21613,15.104653687737123
21614,16.630455383937175
21615,20.085559120285595
21616,16.73249021917506
21617,17.24190076489597
21618,15.563035004326437
21619,19.561564244225117
21620,13.013517540614599
21621,18.217767633574915
21622,17.744881769834823
21623,17.054804650811842
21624,18.185000295502764
21625,18.560615822070737
21626,19.648117435362625
21627,11.0178502984102
21628,13.254061483443879
21629,15.72761747904748
21630,16.303653236659322
21631,18.584397284992217
21632,17.70024257819444
21633,15.812841861190119
21634,20.74598379314615
21635,15.760281589623563
21636,18.589003785792414
21637,17.98892941835935
21638,10.841631589721255
21639,16.943861316859866
21640,14.339484655127483
21641,21.481071777924054
21642,16.498639367034333
21643,11.46056064328173
21644,21.453535200521248
21645,15.89580814107095
21646,12.378610324268093
21647,18.452035632725057
21648,18.0671393471565
21649,13.088938767708964
21650,21.819021554022243
21651,16.260654477868
21652,16.51229489728337
21653,13.12030509508471
21654,14.237781417423362
21655,21.29313054180966
21656,14.11080260180564
21657,9.325934487089738
21658,10.334834477023469
21659,15.361543664924861
21660,18.052105537904986
21661,14.48027559603197
21662,15.999947213350854
21663,15.175199832640171
21664,19.788355364227012
21665,21.718252716016718
21666,17.69824146974755
21667,15.381082896647316
21668,11.787765900319922
21669,14.652062352354168
21670,17.433186412619815
21671,13.764947265697328
21672,20.892580951433207
21673,11.103793455791388
21674,17.108011730523053
21675,16.951761162552977
21676,15.826998736306205
21677,19.216655440359045
21678,19.51437153074109
21679,14.687148277140354
21680,19.095843486416317
21681,21.360013001668083
21682,18.61332393779257
21683,9.968549250454727
21684,19.27273724519032
21685,17.506327804574592
21686,13.125951613779478
21687,11.614842883183842
21688,16.411810640312307
21689,17.860319052802176
21690,16.85093203953113
21691,14.777267480372677
21692,20.909016943460188
21693,13.669301797960024
21694,15.392508134457277
21695,16.639001388585736
21696,12.553211392081177
21697,19.584402783629088
21698,17.016310083079592
21699,12.664887853653621
21700,17.057423834027322
21701,15.807393046357927
21702,19.04238873977568
21703,10.27911633242601
21704,19.211244963844884
21705,15.633389057089415
21706,15.362232221961007
21707,18.025138579407187
21708,10.747953534365504
21709,18.185306173072927
21710,22.712076668755152
21711,15.94860712093254
21712,10.64236522841824
21713,11.420327992832387
21714,10.94750326844583
21715,12.10913220583953
21716,11.95363475604366
21717,10.970379403858512
21718,12.018718031537604
21719,12.409377933342464
21720,13.18738638663695
21721,16.290600622918635
21722,14.816175102669007
21723,15.616939798970579
21724,15.981672101981308
21725,13.520477430015301
21726,16.553756943557175
21727,17.526409270403352
21728,10.752609630221873
21729,10.941555610964356
21730,16.401049268852713
21731,14.783802845966049
21732,19.5116405454207
21733,12.598912210150164
21734,10.680125572481527
21735,18.42335754654559
21736,16.429493093196086
21737,17.204701031522596
21738,11.997587371652736
21739,15.236624285810091
21740,14.875131332051126
21741,18.359174579074477
21742,20.58819405054772
21743,10.436953550273488
21744,14.349919218897446
21745,20.777110845238344
21746,18.259295968167052
21747,17.0828768266532
21748,15.017473779777184
21749,15.393036321487662
21750,21.293024117353212
21751,20.61116797916743
21752,16.172353372998842
21753,13.50457547841147
21754,15.043347500717394
21755,14.173019098858092
21756,11.953227200582448
21757,14.965497515288979
21758,17.153538145426854
21759,16.268802813164207
21760,16.089500192890625
21761,16.570266450394314
21762,19.033625724312586
21763,18.077380898239678
21764,21.26670907446715
21765,17.90122641321221
21766,15.884472364363447
21767,14.144193530950263
21768,13.932901700851412
21769,9.307762196957603
21770,20.525904834723086
21771,13.662590717894991
21772,20.342544810184773
21773,19.16891227531433
21774,15.60751319751091
21775,16.93736301734165
21776,17.345305170701312
21777,13.753505686622157
21778,21.68186739646861
21779,11.037127419604404
21780,14.246957386640336
21781,21.350103966972238
21782,13.714816025071723
21783,14.726278877100176
21784,18.952964834875246
21785,17.93345098490248
21786,15.900875398224695
21787,9.717803437087806
21788,9.95907874109842
21789,12.680980805523987
21790,11.303836753065637
21791,11.843322702882324
21792,12.71043142607558
21793,12.176093512477777
21794,14.927442780137989
21795,14.590153258380813
21796,14.164859035010558
21797,17.36447589257571
21798,15.64282235924285
21799,18.539286731907364
21800,18.93687830564158
21801,18.58083971665203
21802,17.962071180630296
21803,15.001962167695067
21804,17.972988614990207
21805,17.810431861154985
21806,19.38059430837507
21807,16.584690091449048
21808,17.92087307929377
21809,14.516075163836577
21810,13.325110261827515
21811,11.442566106328599
21812,19.227547509228902
21813,16.49993967787587
21814,20.788819251797605
21815,18.11106467176061
21816,15.472253052776418
21817,19.82389770358767
21818,15.55481959289629
21819,15.278181927980043
21820,18.13019868699929
21821,10.615267048630153
21822,15.026239019229955
21823,15.001129846193699
21824,17.209842765943336
21825,17.03664223540581
21826,17.286538587271345
21827,13.900775089356856
21828,20.848569459510287
21829,17.93595393745712
21830,15.62582315624685
21831,15.22296098543598
21832,16.5493280052179
21833,17.435171140255886
21834,12.78696278624432
21835,17.535140774588932
21836,20.887441971643568
21837,13.203147903421915
21838,12.703968876490736
21839,17.61254787277098
21840,10.687360940952304
21841,17.17165993828872
21842,18.2559942170459
21843,15.915796377505965
21844,11.760443661596478
21845,13.744242356051066
21846,18.524057352725226
21847,18.350209424392236
21848,14.702447047240371
21849,15.354679679058425
21850,16.544150859788637
21851,14.222917015760835
21852,9.474665147520398
21853,11.436091239689132
21854,12.880304151240079
21855,12.760461817602927
21856,15.717317851147277
21857,16.488076195220494
21858,19.352191728871492
21859,9.574253870972516
21860,13.764344180031841
21861,15.542346920076682
21862,16.33896308833679
21863,12.536760779366393
21864,16.611128297718004
21865,12.816226934893622
21866,10.692576677536527
21867,14.530724217332672
21868,15.842068355012593
21869,16.98816567269974
21870,15.483419767250318
21871,11.246166920557666
21872,16.086772534305066
21873,12.237797889492288
21874,15.695824816043432
21875,12.7823286142951
21876,13.868738860956661
21877,17.55823496176948
21878,19.97347994874112
21879,10.342722719342975
21880,12.92437115610139
21881,8.562492118533171
21882,21.01830743501444
21883,18.383663786136715
21884,11.640190791515684
21885,19.856360184582318
21886,14.669054220194452
21887,12.285925785540178
21888,21.493279190734984
21889,12.801342081982552
21890,19.765346159939043
21891,11.611503843909327
21892,17.950950719399792
21893,20.576444641829312
21894,14.103642473097931
21895,19.15694692801311
21896,16.173358511826194
21897,18.242656155758443
21898,15.088141165437985
21899,21.96040717242548
21900,17.14936884653416
21901,13.704264175565127
21902,18.400781881059356
21903,16.102535711325082
21904,14.55523117149803
21905,12.964046164847392
21906,11.6311590525655
21907,13.521673904077817
21908,12.240208906015631
21909,13.693418505979928
21910,11.534816708355503
21911,22.07822185572138
21912,22.259323011940655
21913,19.621457807543138
21914,15.987893892213057
21915,8.935347144994532
21916,20.22602768707012
21917,17.805179581462568
21918,13.994810848175039
21919,17.232872048029858
21920,12.994652273356996
21921,17.65428394978079
21922,18.142043534047364
21923,15.638288734040113
21924,16.31224580969638
21925,16.593583079304153
21926,11.048921316380259
21927,17.239892605751
21928,15.227239900512735
21929,16.03657592922918
21930,11.514641266339376
21931,16.595289054066274
21932,13.440188999166885
21933,14.522443792460216
21934,16.625190820034906
21935,15.513461525840032
21936,17.663995934115082
21937,14.502020133280814
21938,17.549075626668994
21939,15.317930244014732
21940,19.919765007076332
21941,11.461499736891074
21942,17.21416978188365
21943,16.28807690684033
21944,11.94142951776585
21945,11.095398451275077
21946,20.22814423243448
21947,16.61513973013465
21948,15.387594344230443
21949,12.645689057916591
21950,14.53412424089678
21951,16.66305248432713
21952,20.632452484420764
21953,14.550527914561124
21954,14.757358250334947
21955,16.473794979913077
21956,10.040900692235281
21957,15.291295272570569
21958,15.687931357743091
21959,16.034380001658487
21960,12.194561618564734
21961,17.56360600842522
21962,11.402777203154834
21963,16.34882053255674
21964,22.378533296768772
21965,17.207062485235276
21966,10.824059889436006
21967,12.166641523270522
21968,18.10419713115226
21969,11.604790852285527
21970,18.175619991732006
21971,14.329624875391264
21972,14.50164488708454
21973,12.494223655567417
21974,14.254270684012502
21975,16.045626206885082
21976,13.597854817130289
21977,16.636998035455612
21978,21.861950134713766
21979,10.826525167483668
21980,14.037703033565458
21981,19.046209092855833
21982,13.365030972939769
21983,18.69539488563599
21984,14.519203579468407
21985,9.639627436590253
21986,17.1751069511081
21987,13.139567189969778
21988,16.650019805127428
21989,16.341102904763325
21990,21.245405419672306
21991,20.013380440312673
21992,19.00881867382433
21993,17.003571755711736
21994,19.02315304990685
21995,18.707987609954078
21996,18.92662467274838
21997,13.979906320774656
21998,16.51195969131999
21999,11.608370910807448
22000,18.69692968645332
22001,15.064772054989225
22002,12.070474108525724
22003,14.716472177125006
22004,11.731829740725995
22005,18.730308049893925
22006,16.81571006784921
22007,17.72286911244844
22008,11.902251049114371
22009,18.346507797285916
22010,13.284025623446796
22011,19.103902259074406
22012,14.206046996168627
22013,18.83420046482084
22014,13.648836981798674
22015,14.653687871093924
22016,13.989540905231094
22017,12.014506782427606
22018,12.696130091478924
22019,11.50806721386388
22020,15.889535610395477
22021,16.015428361226025
22022,19.644516800033145
22023,17.50791765969078
22024,21.972290538669476
22025,10.671909280029418
22026,16.361856052894538
22027,10.853851755023594
22028,20.706018439361344
22029,16.31409360907683
22030,13.958375675346632
22031,13.772866481698603
22032,17.49029640247421
22033,19.18788485058203
22034,15.23081510885698
22035,13.815338629773217
22036,12.214203434133323
22037,16.68656553760314
22038,12.999230727026044
22039,13.990005644300044
22040,12.682873151096029
22041,11.745305250536884
22042,12.38202894960316
22043,21.269416336567918
22044,18.082322774872065
22045,20.243961157795905
22046,19.298336006112883
22047,20.12144720268909
22048,16.844592381148544
22049,17.97981171767378
22050,12.900258112948501
22051,17.574415411785264
22052,20.81213800883081
22053,17.969289544641647
22054,16.773947872701687
22055,13.702441534235641
22056,15.527029811353716
22057,14.974563908128651
22058,11.232243751755625
22059,15.556301420891838
22060,10.715579219653268
22061,18.545990044293845
22062,21.78516814580303
22063,15.61166772466835
22064,22.48593140440348
22065,13.530352751157048
22066,17.311598117107582
22067,18.28327149880358
22068,14.733115007769559
22069,11.239584774167339
22070,12.760486830089869
22071,22.8698518210919
22072,13.679771659866615
22073,14.485391432937602
22074,20.369723389991552
22075,13.267686999252359
22076,16.73199878741417
22077,13.54149929973308
22078,8.77115618673143
22079,18.019428645817996
22080,16.366583565497262
22081,14.794375372263135
22082,14.707135086939918
22083,16.22283131950731
22084,14.102407577251517
22085,17.408457403053347
22086,13.879333871678707
22087,13.92194373707022
22088,20.482996372316077
22089,18.611928553371737
22090,16.51278079459682
22091,15.143802206714588
22092,14.019387273697113
22093,15.428904776393237
22094,14.23962094091429
22095,14.484585673822224
22096,10.72803356267927
22097,18.66184527058281
22098,14.654847236215012
22099,15.821926784734872
22100,12.35596932103207
22101,11.704222962632777
22102,14.87980694449
22103,14.877587693275096
22104,11.166986193225329
22105,15.338476766097571
22106,16.04955616191384
22107,14.169974997784282
22108,13.418638646330255
22109,13.894950663242982
22110,17.563911902501996
22111,21.810747443901136
22112,15.032019593255889
22113,16.957679273449674
22114,18.73152337239117
22115,12.235644794580951
22116,15.507804630864502
22117,10.858967227366389
22118,19.486755161132994
22119,15.070857096238068
22120,19.261559400022488
22121,16.612841556649236
22122,16.522923580447998
22123,10.636585330698681
22124,14.563475712431073
22125,13.2873775745911
22126,17.023633638063245
22127,14.521226976667018
22128,15.624596205782861
22129,11.922982095086805
22130,11.938363332404915
22131,13.663024940260405
22132,21.93597019548914
22133,13.462929051989734
22134,15.42132415674072
22135,15.434132259295348
22136,17.919118570052976
22137,12.978223458522324
22138,17.059123934541553
22139,16.395550920214028
22140,16.90971122732751
22141,19.55994526414066
22142,14.653146624447414
22143,16.554674322741544
22144,14.697965658294116
22145,15.426906352512948
22146,12.32016575780928
22147,13.519739278574757
22148,14.901276936637485
22149,17.41820973181571
22150,12.0727836658893
22151,11.955131269615825
22152,20.429116688433858
22153,18.40160331017278
22154,12.478844154643598
22155,20.934943634475793
22156,14.713833914262052
22157,14.62832589787037
22158,22.354226396862387
22159,19.728823278331404
22160,13.429078415583911
22161,14.763272896534588
22162,14.471783165036792
22163,15.875742635357874
22164,12.747920103102112
22165,11.971687823932594
22166,18.923664705842697
22167,19.731282921103478
22168,8.283261770584163
22169,15.327099210658385
22170,14.727802771828475
22171,17.499243808680998
22172,10.776579917168949
22173,16.690727038171516
22174,13.96834355677427
22175,13.357078942676045
22176,17.71236483868626
22177,15.020886876190069
22178,11.963067164474227
22179,13.537211457447592
22180,15.847467777549786
22181,13.358794383672228
22182,20.067081176546502
22183,18.585528132591296
22184,13.712586271870308
22185,18.56648491221896
22186,14.998651502895264
22187,12.600224250939592
22188,12.19010601783642
22189,18.54274818952171
22190,16.53260456044921
22191,18.012919375780427
22192,16.306773672612938
22193,13.322417427833956
22194,15.202576898575835
22195,20.569991778531225
22196,14.123877894938575
22197,17.827340334529776
22198,15.324003828798304
22199,19.66688865694414
22200,16.197872653974574
22201,15.558020851474952
22202,14.86716693895012
22203,14.79624921123168
22204,18.406330502823067
22205,17.02897056516621
22206,14.641765841177927
22207,19.252523281750417
22208,14.644784759729832
22209,10.419660819466122
22210,14.096646831285746
22211,10.561080550444098
22212,23.87228540780103
22213,12.982515826431289
22214,18.81516789901681
22215,19.496567010088025
22216,15.147796458154204
22217,14.192673205966916
22218,14.738986081389903
22219,21.978719766604897
22220,16.951284188535983
22221,15.551422134340108
22222,11.292417987823951
22223,16.55044932718714
22224,13.574128476349603
22225,13.19635562688937
22226,8.184871448650355
22227,13.644888518531843
22228,11.241761970848527
22229,13.888679779667362
22230,15.911124502069018
22231,11.804399611511876
22232,24.519379388762516
22233,16.932419560570498
22234,15.380365038468456
22235,12.233270741415366
22236,9.132145610922036
22237,14.089003419611736
22238,9.987309556431017
22239,13.02286491909513
22240,15.09051868693322
22241,11.789113602415444
22242,17.40565859249641
22243,17.32170766003185
22244,13.621084966895365
22245,16.885322908874443
22246,11.628806583158529
22247,12.728356565387935
22248,15.935561137163065
22249,16.82457570286564
22250,19.028993935992755
22251,12.584699163554777
22252,15.357142987692097
22253,13.799059117271836
22254,15.830477325709875
22255,14.527215584065262
22256,14.93960778013064
22257,21.683579174357693
22258,20.81478350731743
22259,12.981281239741836
22260,20.053085521895618
22261,21.445228133172588
22262,13.615298931436184
22263,20.45652385764045
22264,15.386438764115255
22265,17.229924541265977
22266,17.529158252007825
22267,13.809856908397588
22268,14.256428845334034
22269,13.449043470916477
22270,18.893189525304813
22271,16.653485274890716
22272,8.679059422045926
22273,16.93784747127057
22274,10.456863602677595
22275,14.927784966606472
22276,17.881457655430882
22277,14.563491015126937
22278,13.5772247823217
22279,12.662078131654349
22280,15.321941060572883
22281,18.962592249798345
22282,14.830182671652112
22283,16.26882800470291
22284,14.237448191145255
22285,15.686009936970997
22286,25.828946464271983
22287,12.549942695843098
22288,18.246953970166302
22289,17.060057397621495
22290,16.334115683467967
22291,15.93358889133272
22292,18.667222930043195
22293,15.7423506294294
22294,15.845687911242093
22295,13.370808307586437
22296,14.339022077342834
22297,21.835924054442003
22298,13.42121921438519
22299,18.51505398572576
22300,19.047000767153637
22301,14.285696621071692
22302,11.476033482977364
22303,17.75675670708702
22304,18.985824176031283
22305,15.785728403656625
22306,16.147609089628297
22307,14.660841190342714
22308,19.714093844303374
22309,20.974016115385332
22310,24.068782330070356
22311,14.731386927095759
22312,17.197848686064443
22313,13.680179731957466
22314,19.721370868116768
22315,13.322002010535448
22316,17.780084515994584
22317,15.82720472378198
22318,17.01519118983315
22319,11.687465038067154
22320,20.486706408240934
22321,17.449766540296388
22322,19.26047006222487
22323,18.014802704579534
22324,14.435176006724735
22325,13.775660170941679
22326,18.162742359389046
22327,11.783950682552712
22328,18.266517270170716
22329,21.66250566148208
22330,14.83700897224223
22331,16.49430540211424
22332,17.53325390746637
22333,16.142938148228637
22334,13.88211691676727
22335,15.966463235681491
22336,21.61787319659322
22337,13.771572673500044
22338,17.477334103767895
22339,14.127276600129306
22340,15.45111898254004
22341,13.567057166867404
22342,16.58199056492501
22343,18.21394993303656
22344,12.897998319909824
22345,15.383188505141154
22346,13.61205317815881
22347,18.59202429630087
22348,21.715393837691376
22349,15.726465256961651
22350,18.2022040174759
22351,14.009628404975329
22352,15.743945911401113
22353,24.74596219216545
22354,14.983039312239493
22355,13.674523971974194
22356,14.83995608882926
22357,11.965718568805752
22358,13.370155170637204
22359,14.10802360328188
22360,12.554132366432755
22361,14.119488449639794
22362,16.077826806920207
22363,21.249371364343208
22364,15.375924893547344
22365,10.318878576795418
22366,19.213783646068947
22367,12.904844927300061
22368,18.43026208313779
22369,16.080424446109042
22370,15.198541360532362
22371,17.157965130949
22372,19.122185245894343
22373,11.595614506004335
22374,14.514072453403893
22375,17.535710360650036
22376,15.684418186247695
22377,9.836371490441657
22378,16.059955181206725
22379,17.39617660663052
22380,13.248433105594069
22381,12.937674552682614
22382,22.44421435254663
22383,17.544517105571217
22384,14.25956603454799
22385,13.455069706182641
22386,19.471792734455995
22387,22.762015137152297
22388,16.107917171990664
22389,20.509942182273974
22390,14.874861705432973
22391,18.682446751346202
22392,19.82063438300279
22393,11.14784022723391
22394,10.302035756846573
22395,11.952868470232255
22396,19.309311233409105
22397,13.742105593534625
22398,22.544036534269228
22399,16.285809549130022
22400,13.726751320103336
22401,13.91626703664682
22402,13.510088348091127
22403,16.568940672883322
22404,23.081178953700604
22405,18.636903041846363
22406,12.256414957151195
22407,17.52361122116915
22408,19.279755620007776
22409,21.239934744526046
22410,15.316853104139815
22411,15.740446384407779
22412,27.42900362477784
22413,11.819200394061347
22414,12.760028051752531
22415,17.87020794778522
22416,15.0073790848342
22417,20.034092007113966
22418,13.275457995173944
22419,10.648224751380212
22420,10.503072771126346
22421,13.469942330092305
22422,14.61461976006824
22423,13.588633076366758
22424,12.525571341189815
22425,15.745904497002432
22426,16.203358706640397
22427,14.222532303399046
22428,14.039375928672913
22429,21.14171343838691
22430,10.413807749898082
22431,12.388902026998935
22432,13.070114276248411
22433,14.03975289736233
22434,12.71033241294208
22435,15.426337989415227
22436,20.568897554207233
22437,17.39762708082372
22438,15.958018924199909
22439,13.53897342107242
22440,14.85813996883344
22441,13.274549157152544
22442,18.016609300299475
22443,15.905989386031463
22444,13.272457495462136
22445,17.224349409699
22446,12.4815759941542
22447,13.363029031816817
22448,12.86924219222596
22449,16.33450215255359
22450,18.248538725789153
22451,12.692258693190922
22452,12.555330827639798
22453,14.952067327337481
22454,17.941415407974123
22455,12.626401237449016
22456,16.539845362017928
22457,16.373674037574784
22458,13.314670269401601
22459,13.672554331017407
22460,19.607029489094455
22461,15.250817361222023
22462,18.034917954037738
22463,12.16604652293154
22464,19.184544206201135
22465,12.0813123963036
22466,12.380389002592212
22467,17.43540309088037
22468,15.628897503735027
22469,14.270156731381032
22470,18.725247098257654
22471,16.586490211411327
22472,14.610213761496784
22473,10.659581811427554
22474,12.154615837340465
22475,15.468933036768185
22476,17.527336999015677
22477,23.655860382757044
22478,12.807225085254537
22479,10.74852744265147
22480,13.428792576819795
22481,14.450423997578822
22482,11.274537963325157
22483,12.878117818726034
22484,15.868250290314707
22485,12.286771724336909
22486,15.06151884544178
22487,16.341804043850455
22488,19.27294065283578
22489,15.189308305923078
22490,14.666514150025339
22491,13.722516540181168
22492,17.936056342893522
22493,15.470923269877359
22494,18.67200843484855
22495,17.906698808966677
22496,14.16516839943287
22497,18.075495295790265
22498,12.21766927253966
22499,12.484321750841538
22500,20.453733556609695
22501,14.531949470207884
22502,15.51637656059096
22503,9.432519794533983
22504,19.675702800778886
22505,16.679294285242865
22506,13.478161775903436
22507,9.514227436433712
22508,18.525320429892048
22509,22.410550215130428
22510,9.960053719507941
22511,10.054291894383187
22512,20.092156214441182
22513,16.723243070748072
22514,14.529112146460426
22515,11.40398485738595
22516,12.070587300439087
22517,14.058624069807717
22518,15.402432726463024
22519,16.09640721327489
22520,21.7710421269984
22521,17.603162779958936
22522,11.39907841163143
22523,17.07044356144111
22524,20.349475612712993
22525,11.654800703312626
22526,17.351735744575823
22527,11.493307999024367
22528,12.774771195986068
22529,16.688099423274817
22530,18.618171738314558
22531,15.198830381361637
22532,11.710165491628283
22533,16.69316295655895
22534,24.84977632827891
22535,17.32143740860644
22536,17.844928089074774
22537,13.920010223093742
22538,11.445747647189998
22539,23.848447848498463
22540,16.103973476376783
22541,12.375198142935393
22542,15.033958904245962
22543,11.062048752281815
22544,15.316118066933214
22545,15.054936749441953
22546,19.148943196004026
22547,13.7791392222803
22548,15.54221328457371
22549,15.30828405545959
22550,16.0025647813998
22551,14.25834835709103
22552,19.409452791949047
22553,14.328917930997628
22554,16.120842778312745
22555,16.171241466589944
22556,15.481550285367343
22557,14.295572660064972
22558,11.082083194184696
22559,15.109126146239278
22560,16.52788914178548
22561,13.35685292515095
22562,16.408278369895093
22563,22.781903561442217
22564,21.439241359241063
22565,14.145119540383563
22566,14.455593357709084
22567,14.2569944080306
22568,13.385544328337671
22569,12.624514044526975
22570,15.178911047531313
22571,11.793822174714265
22572,20.26755609065016
22573,14.825215327338121
22574,15.383420875571504
22575,17.87694922784683
22576,16.80328812043074
22577,15.260541491150262
22578,14.676372940978599
22579,11.590022240487647
22580,13.633141322455112
22581,18.861476532890993
22582,17.2144113168781
22583,16.191301593553266
22584,19.323412817693903
22585,11.122332001949733
22586,19.62821667511581
22587,20.694335115961515
22588,18.129655265342365
22589,12.88617114957165
22590,14.56172532210854
22591,12.738277088515131
22592,14.979318889088885
22593,12.981365560603665
22594,13.381118686979546
22595,15.210406278585785
22596,10.86227139243299
22597,18.067687234607494
22598,19.348534787354232
22599,16.61657732722178
22600,10.192610446047969
22601,10.756669350001363
22602,11.992980815210288
22603,13.205467415222026
22604,13.844290846277525
22605,18.461283710918572
22606,23.40779017841848
22607,14.106977283670552
22608,20.356115270700133
22609,16.99578422108597
22610,14.672890292594097
22611,9.375471550619135
22612,19.068093439519725
22613,10.667987447541117
22614,15.926754680655927
22615,14.845999517231714
22616,14.935082576445234
22617,23.52019542754661
22618,14.057666826036877
22619,19.571735735636867
22620,19.639222117016462
22621,14.440150259523435
22622,11.162408028269345
22623,15.396277615632828
22624,17.55996836295674
22625,15.581254490642708
22626,16.288282059553325
22627,14.032544641797003
22628,11.983297342865947
22629,11.828584422669254
22630,17.016373573204227
22631,18.414976034571072
22632,17.252017496059626
22633,16.544459913669236
22634,15.876160125535087
22635,11.54896944321945
22636,17.089013121167604
22637,11.692561810380727
22638,21.547447636430928
22639,14.54905724971109
22640,14.484831849085754
22641,15.302222821150803
22642,14.612767964873044
22643,17.965688354032665
22644,17.738322989218254
22645,13.337838382245785
22646,16.624540316231702
22647,13.857805066261564
22648,15.817061669699923
22649,12.654640336381366
22650,18.151832399150678
22651,18.760042424097833
22652,17.96473721415835
22653,14.837506061968593
22654,14.902373562356866
22655,13.140710250517627
22656,19.065600377484195
22657,10.206120431681923
22658,14.157362940542857
22659,14.524613730149506
22660,11.342381317301149
22661,19.167585591662107
22662,15.25028771306388
22663,17.692643373682664
22664,13.925851460617366
22665,14.850100195755445
22666,13.322095321945001
22667,15.465979584268522
22668,21.650172147666
22669,18.232442287189198
22670,19.172987853688458
22671,16.347870108898654
22672,15.588220158558219
22673,17.547532366770923
22674,10.661272829190345
22675,20.662719359246513
22676,16.042587341360193
22677,17.679261286193316
22678,16.57409136055859
22679,9.672465046416548
22680,16.734422071466852
22681,13.260162279225188
22682,22.608109032908892
22683,13.514024530451968
22684,11.683801173082333
22685,13.327340161943514
22686,15.559312482229975
22687,10.226179340648503
22688,9.395369536844154
22689,9.476114251550007
22690,17.82517888960659
22691,19.444267770457742
22692,13.879207811504095
22693,11.515366396641907
22694,14.391214913544015
22695,13.362813530775593
22696,15.540488265932375
22697,14.123226669696123
22698,17.57187620110882
22699,17.760428532194837
22700,14.1014535004863
22701,15.739729132236482
22702,13.90808436405018
22703,15.954042369099621
22704,12.214981362936124
22705,13.308982991454949
22706,11.50892034640344
22707,18.662234279212136
22708,16.267696763674692
22709,18.392305949942454
22710,15.12464619244113
22711,17.078518482327862
22712,14.083644667969766
22713,15.781364136104337
22714,25.017189165499335
22715,12.649013837818911
22716,16.384839336353842
22717,18.63852494931578
22718,19.790934349510476
22719,17.026273717358276
22720,24.221065139852556
22721,15.282738873606984
22722,14.198806636788051
22723,13.367863214171152
22724,16.108553173922697
22725,19.45739279870932
22726,21.493521112684412
22727,11.619543496416078
22728,13.683015315935073
22729,22.31267293557079
22730,14.108025874764763
22731,17.96924495812208
22732,16.30823576629804
22733,15.231759893988482
22734,22.324137435357265
22735,18.316037364424854
22736,14.066294543517483
22737,14.905522752057879
22738,21.834687306408185
22739,19.06679389533779
22740,12.181501850711063
22741,13.131506601876165
22742,14.85594402175996
22743,19.57943091394947
22744,18.662724220465567
22745,16.882411001197415
22746,17.105562481566643
22747,16.334467900777604
22748,11.331995217250483
22749,19.295104569747668
22750,13.229306951641748
22751,16.767719945366586
22752,20.17906878581587
22753,15.006130404401224
22754,14.925715419492162
22755,15.730748183066888
22756,17.3741944629535
22757,15.70981826630241
22758,11.649081752266609
22759,16.298462280865685
22760,16.39878230756345
22761,17.277095904740566
22762,11.498711044023295
22763,13.466628388663137
22764,14.7756400412051
22765,17.780973611485557
22766,17.712474413372075
22767,14.121584730486854
22768,10.165087450073045
22769,13.180642074708894
22770,9.828667596418816
22771,16.692475818419766
22772,15.635075906758876
22773,16.050795087076878
22774,11.919409674374641
22775,16.991595857802714
22776,19.153830558120625
22777,14.564084381310884
22778,13.633311857711186
22779,14.756574006496601
22780,12.765554922682945
22781,15.37954978333071
22782,14.759845009940092
22783,17.314299056566124
22784,13.082948077241252
22785,15.531875302542991
22786,12.932899152497496
22787,18.178996230267593
22788,22.02539436356775
22789,11.492955287315098
22790,22.59182338819054
22791,13.941867531028644
22792,12.475109007623729
22793,17.584408146480932
22794,22.47427835632575
22795,24.576400816475164
22796,17.386537747970525
22797,12.941732417936024
22798,16.37386496118338
22799,19.15310676218861
22800,11.175641717701204
22801,14.274451864793582
22802,17.596668537087684
22803,21.589864384282215
22804,15.887795017704711
22805,14.833898373807697
22806,20.142277601856097
22807,19.06153095794206
22808,13.309199008942757
22809,16.14686789054791
22810,17.332962885817075
22811,13.501853168706928
22812,15.494167725490176
22813,19.13919125335089
22814,14.93548339157747
22815,13.641138789047952
22816,19.162677729418395
22817,13.136585372806154
22818,17.619608416459425
22819,16.88173889352463
22820,19.459960367625026
22821,16.036558667097914
22822,18.932088861181256
22823,13.218768532651382
22824,17.28147028452596
22825,10.891042317123555
22826,14.245683512493645
22827,10.9992649436346
22828,22.32753205498109
22829,14.053793757514855
22830,9.590918325542159
22831,13.071667820985317
22832,16.242944813655516
22833,18.753152418134466
22834,14.955593729242043
22835,17.84501181552109
22836,12.826647124460045
22837,13.000249284557666
22838,11.567797045869996
22839,19.350341867129856
22840,17.82968635174844
22841,12.518134337017408
22842,18.9803511059132
22843,19.56481632362231
22844,19.63257112048906
22845,10.015244047764671
22846,18.395582194685762
22847,15.687411839790615
22848,14.989937439098245
22849,19.883182408650374
22850,12.650567617301116
22851,14.843532735534424
22852,23.079985384237673
22853,12.723516373358816
22854,15.978458952353185
22855,9.674190171506952
22856,22.125440821985404
22857,14.701482192503757
22858,12.981977429156409
22859,13.157751109378914
22860,17.686662604314286
22861,19.685054318159143
22862,16.64170539535398
22863,12.372026621732564
22864,14.177512695892796
22865,14.252374589219155
22866,15.433981316987595
22867,17.21084016042157
22868,17.321480881084078
22869,12.767554558286383
22870,20.111169364533417
22871,12.863700785076691
22872,19.783425667190386
22873,15.58019220427823
22874,10.471879517651866
22875,18.25762972033034
22876,13.53497998474117
22877,13.40632029708028
22878,21.49140150339854
22879,12.727674510123792
22880,15.068739642946754
22881,15.468248493262328
22882,14.790826608816484
22883,14.046845514248126
22884,12.465661123242231
22885,14.320735794254148
22886,20.016880296249667
22887,18.313286266129296
22888,14.124063896078265
22889,16.32411691783796
22890,20.039198316735902
22891,16.081755914110932
22892,14.114779607646847
22893,16.845617105162322
22894,15.130295677361667
22895,16.3930053923514
22896,10.797581613963736
22897,21.197333351207497
22898,16.55736415481866
22899,13.151724430536344
22900,12.75142419324971
22901,16.342784349323125
22902,13.265224512900904
22903,12.426869127335397
22904,21.993365422082295
22905,13.899027516108262
22906,14.024953370611856
22907,13.037047806286452
22908,14.172626387871249
22909,12.326164514892314
22910,16.225392503043672
22911,12.732789591132637
22912,17.280687039919922
22913,18.80867469547307
22914,18.272462128178507
22915,15.972119553647993
22916,12.640392089273899
22917,15.09866401912591
22918,23.70914701442599
22919,16.32573468974273
22920,18.690502205863165
22921,16.28133686455952
22922,18.750930319430374
22923,22.32514836865694
22924,9.797189610826715
22925,18.453331337927416
22926,18.51041127720765
22927,11.129960105371909
22928,18.87387471066879
22929,18.67299824268521
22930,15.9556680946724
22931,13.604802440402143
22932,18.33547647403024
22933,15.278849132126155
22934,15.100003663755007
22935,15.637125823583375
22936,15.691384825389262
22937,17.937933140551124
22938,16.474628319281184
22939,16.297049491769062
22940,19.309716390604617
22941,15.118641243009472
22942,8.43708634477104
22943,14.262588389238639
22944,14.69263904792368
22945,16.802257953655005
22946,12.653118080151268
22947,17.8666597961057
22948,19.802093317768904
22949,14.84139526012494
22950,17.1623093320194
22951,16.251368743395744
22952,16.663277378374072
22953,17.633030619527894
22954,16.73202701661017
22955,14.702287888125323
22956,15.595225752126819
22957,16.572306975148663
22958,19.190080635641728
22959,13.772497911659158
22960,13.008314120696054
22961,16.950617509455963
22962,19.398147650257027
22963,13.156367425278152
22964,17.004769820652847
22965,24.21528745503973
22966,12.770623187032653
22967,22.57028137101383
22968,15.806760023874476
22969,19.553855361539853
22970,16.522138327572808
22971,21.72930224754754
22972,12.473508300645893
22973,10.392268917658766
22974,11.43292414848654
22975,18.827966341263018
22976,15.73190876027831
22977,18.414864679364094
22978,18.13964312993717
22979,20.755567809097673
22980,14.621189863288102
22981,16.157504974180746
22982,12.584966559297849
22983,10.178377629157097
22984,10.906836390689927
22985,17.977921137346037
22986,16.151806851415618
22987,15.001077379167935
22988,14.719731573737219
22989,11.478011784728963
22990,14.821301466021335
22991,16.262668068112294
22992,18.779671317894625
22993,22.02783509580793
22994,18.42242272794637
22995,10.23469669051072
22996,15.602589297558886
22997,14.568499383616075
22998,10.745439228987454
22999,14.432759318988065
23000,15.28775813973469
23001,15.212862082930664
23002,11.622940514669185
23003,18.25436077639997
23004,14.303771342423714
23005,14.200662422997949
23006,19.83181867986278
23007,18.181165049336315
23008,10.340763347008982
23009,12.8456827561447
23010,17.923374429726017
23011,18.928565206496092
23012,18.305484715874773
23013,16.13591627022672
23014,12.830119133274852
23015,11.85476989918422
23016,21.812717921724317
23017,16.54109900814585
23018,18.025859978035264
23019,20.014658414974612
23020,23.467466962012026
23021,20.316133049124552
23022,18.941249019369465
23023,18.175836989273137
23024,18.143863549397146
23025,10.402181878708022
23026,11.27662237635389
23027,17.070134722931854
23028,13.798297171307281
23029,16.247184404152787
23030,19.447739701995932
23031,17.082940719317097
23032,16.86167380151798
23033,11.946244603956336
23034,22.521097152148926
23035,16.05288008446234
23036,16.142695392739995
23037,21.073740683959805
23038,17.641618525640492
23039,15.047346587392772
23040,15.710231712221551
23041,21.61519517108369
23042,17.63178417881128
23043,17.289964881490658
23044,12.156860834690102
23045,13.602803486963168
23046,11.287148852507
23047,14.939165290618531
23048,11.834316631784189
23049,18.36964267386688
23050,12.08469070586558
23051,21.43398745655106
23052,13.424888498080131
23053,13.897323385919583
23054,11.114580536620323
23055,23.331842140309526
23056,12.760002449856431
23057,19.46714361439352
23058,14.989268356950914
23059,20.289965051400394
23060,15.790240428296967
23061,14.560108030531595
23062,13.518728123082198
23063,14.086312871569799
23064,20.168454167685432
23065,14.587530539293134
23066,16.169801740247923
23067,13.60569195080207
23068,13.579544564394975
23069,13.264846287684724
23070,17.251783916482424
23071,13.816491847442531
23072,13.703580431060592
23073,17.569666724489622
23074,18.560659328316646
23075,17.709127445938844
23076,11.569018214210908
23077,15.223264892040621
23078,13.142295064588676
23079,20.801152622549097
23080,12.728445548647901
23081,18.18921678288701
23082,13.965812280603952
23083,16.358799943273183
23084,16.277927230078
23085,19.82694840234523
23086,17.493918573246262
23087,18.660605724831466
23088,11.062782579264892
23089,13.174158585269545
23090,17.95909449172074
23091,13.428101989463286
23092,14.539050504266893
23093,13.234461795549676
23094,15.339411952389796
23095,12.55320419597106
23096,16.73365525649742
23097,15.960305478658327
23098,18.247152658299424
23099,9.883919594762634
23100,12.591208538956202
23101,14.853436833632534
23102,9.569783665518026
23103,10.884760048772057
23104,16.99100347263629
23105,13.316416520192899
23106,16.43137744690732
23107,17.321802032058233
23108,14.915347142738469
23109,14.607087256467203
23110,11.873970636684609
23111,14.335839532301987
23112,15.835388363555314
23113,16.088869389502857
23114,23.189262143221942
23115,21.597414329329613
23116,10.957999972035031
23117,12.20382631745212
23118,21.90963037234823
23119,13.784660880481098
23120,18.162301232142976
23121,17.589662327507966
23122,12.136224257270802
23123,11.935044954198753
23124,13.374080537358711
23125,15.876726443885538
23126,13.832499498392341
23127,15.65133372454009
23128,14.187039759025453
23129,23.761181256597702
23130,18.799588143602996
23131,17.133310576533855
23132,16.339652048548064
23133,15.616285128304433
23134,16.577430150274314
23135,19.80639310410719
23136,14.136802209212867
23137,12.933585819547243
23138,18.57280320168859
23139,11.371684393995345
23140,18.44426014382396
23141,11.837287415944287
23142,18.514566331955187
23143,13.795438020052279
23144,9.264852509039612
23145,13.938751913720576
23146,16.550993760782205
23147,14.126837877945249
23148,15.820589569068046
23149,10.428314959391415
23150,17.19501406914903
23151,13.249491446210268
23152,18.900785632317255
23153,18.48849180136876
23154,11.108569066283232
23155,13.76897809317127
23156,16.62658818105157
23157,17.23817910054954
23158,18.707208236047798
23159,17.867140682549692
23160,14.438778552043551
23161,16.828347808671776
23162,13.716452155803283
23163,17.057766405775286
23164,10.627708958006604
23165,12.535373868473348
23166,12.09966151166258
23167,13.732034412121624
23168,13.65256382965984
23169,14.690509888876218
23170,18.838967288291848
23171,13.880381177909731
23172,15.102048879771548
23173,13.25989659166346
23174,13.726294482943432
23175,16.671014821258684
23176,15.083563707992122
23177,21.71922223710211
23178,15.643050681975108
23179,16.312857579039633
23180,16.8568127468187
23181,9.762642315733467
23182,20.166027518690886
23183,17.735111810085783
23184,12.45653054143054
23185,10.224848835149015
23186,18.974208695778206
23187,8.487711342506346
23188,18.166310379378366
23189,17.238453501594403
23190,14.584791513734794
23191,14.728073080838518
23192,12.009555134373466
23193,15.550828377055131
23194,12.641398808345276
23195,20.61813876706078
23196,9.726368059872513
23197,19.417744203634225
23198,17.891907344804206
23199,11.413744871282864
23200,10.289730660552307
23201,12.866064991718684
23202,13.06142022857529
23203,14.23679423096181
23204,18.5383255859952
23205,14.92087028469824
23206,14.302581669949493
23207,17.254695403847343
23208,18.424955941293433
23209,19.071318781513277
23210,17.443790119316233
23211,14.54912547034088
23212,20.155225135023212
23213,11.854390863861301
23214,16.86973835604071
23215,11.358172694791786
23216,21.729890993369786
23217,13.782805816485459
23218,15.52127022753559
23219,17.332973573131262
23220,10.907915690848993
23221,21.140570199149526
23222,17.033175380954212
23223,18.39431033299673
23224,17.108456142572628
23225,15.158792540034284
23226,15.47683563163986
23227,23.105465824186552
23228,14.234881254886412
23229,13.35133776855878
23230,14.418793326388341
23231,14.807468182435645
23232,11.033688292143353
23233,17.339521654406834
23234,10.060377073839415
23235,21.006430937658646
23236,18.79020428330962
23237,13.262838023953
23238,15.873459545547382
23239,19.503395267696092
23240,11.525003380042355
23241,16.490928786079618
23242,14.324372100505677
23243,14.946823967518469
23244,12.5150631331287
23245,16.748232919815273
23246,15.758949961406008
23247,12.202476294491792
23248,14.03458317217354
23249,15.914640432933059
23250,16.758658389222568
23251,22.463229890960132
23252,20.32968532130504
23253,18.75400446384848
23254,15.526094229743638
23255,12.699488587332015
23256,20.290494946766334
23257,12.046123346481995
23258,13.134934626726007
23259,19.798912922968118
23260,12.57475327030424
23261,20.18458318964198
23262,14.83267765348673
23263,12.689124660239292
23264,16.772576371390578
23265,13.450802176994022
23266,12.62149128986448
23267,17.079796419868178
23268,13.26107872928732
23269,15.413738138533624
23270,14.642988513273714
23271,12.793820188671404
23272,12.064349050808472
23273,13.326524910640824
23274,11.136912853376803
23275,9.905054414013058
23276,19.107245349407822
23277,17.23278125651435
23278,14.21783871775716
23279,16.211615013942005
23280,16.09255719611386
23281,14.801423132196113
23282,16.228281142908273
23283,20.76919170459583
23284,10.797564761766381
23285,18.777594883764976
23286,11.149399895463539
23287,15.929576492441196
23288,15.174424238787406
23289,11.786057800473053
23290,14.870713604973158
23291,16.57284051606555
23292,18.63207343068594
23293,12.951137639270609
23294,14.526205295936041
23295,14.423027425699619
23296,14.87947609872848
23297,19.568139646155657
23298,18.799005859088762
23299,10.044124224101019
23300,16.825151820695424
23301,18.594816107199367
23302,16.22728654151281
23303,11.46095243162972
23304,16.82515323826986
23305,15.021920128049643
23306,14.917915570318678
23307,15.146234705919692
23308,15.622958145292117
23309,14.107147748274114
23310,18.407846903823224
23311,20.534679841988595
23312,13.35007083685479
23313,12.538049571338567
23314,14.913333737323
23315,16.10764167745186
23316,18.628111257826138
23317,17.785748060417188
23318,16.089063548603953
23319,15.762873431890268
23320,10.820921588595134
23321,12.341636776342574
23322,16.97294968548347
23323,19.003523515832157
23324,16.363978032386942
23325,12.91328399979484
23326,16.30651195508852
23327,15.95922841826515
23328,11.22956071498739
23329,14.51126150411094
23330,18.24658690445773
23331,18.35090090846562
23332,20.56173680771009
23333,15.15592559015639
23334,16.62598864662864
23335,11.779900976440674
23336,14.387506384439067
23337,11.677395117656324
23338,12.283257111438992
23339,14.200747565857142
23340,10.431935499092528
23341,21.07442136800951
23342,15.290781520520683
23343,14.094292328598733
23344,19.540854654810005
23345,14.379036541847084
23346,18.624213987173608
23347,12.433721057746471
23348,18.89817152908752
23349,17.619613269960833
23350,17.350670213309673
23351,17.930832008786535
23352,12.102341929887347
23353,10.570318728257998
23354,11.809825330427648
23355,15.474926015231274
23356,17.42858643660918
23357,17.777931742235427
23358,11.205664221244064
23359,13.175352327906257
23360,14.860400592226592
23361,11.90149806258234
23362,18.43787657927515
23363,14.768850522408917
23364,21.48311462748947
23365,17.67353382344877
23366,19.367262554014104
23367,12.463152197700689
23368,16.432819481828016
23369,19.04070187418979
23370,19.905516649737915
23371,12.882235066738694
23372,13.170332058130379
23373,16.510184211846507
23374,13.660969719602418
23375,8.62389790471042
23376,21.936470809517854
23377,14.732504573516415
23378,17.271348808084408
23379,16.16724859616185
23380,15.45897642679696
23381,11.209436694895127
23382,19.841872630676885
23383,18.870246113134588
23384,13.81036322248378
23385,18.151159419002607
23386,10.829838975426117
23387,15.675107679972124
23388,11.5224389979409
23389,17.24112379271477
23390,17.99014625483359
23391,16.597104989607537
23392,18.3365573090016
23393,20.724329641803738
23394,9.7788639395987
23395,14.188376082894104
23396,10.426994488796526
23397,13.24973722246056
23398,17.92517762540596
23399,14.318336233898966
23400,19.6024067856354
23401,14.913207832190912
23402,14.664507103410713
23403,13.215608493642087
23404,19.028524754883456
23405,13.657516765153153
23406,13.543048199160197
23407,12.328373720612312
23408,13.722057536260282
23409,22.8062662490256
23410,17.489355635151963
23411,17.452991730529526
23412,10.809700151604323
23413,13.998774957183604
23414,18.358331913854226
23415,21.024741444459806
23416,10.371516169557404
23417,15.125477487747613
23418,14.375699582132452
23419,14.494705992027994
23420,12.845510141386939
23421,13.462265424565231
23422,14.564325973522358
23423,15.277605408667624
23424,17.314446237606834
23425,16.731367544852535
23426,11.814829157561764
23427,10.176992748611282
23428,11.112112896832052
23429,12.48455321146428
23430,18.006660238220828
23431,17.3771192810022
23432,21.10647821440053
23433,15.51488922266181
23434,16.12763985093008
23435,16.887338748699513
23436,13.598345829695624
23437,16.261711355015347
23438,22.409432841700117
23439,16.35775203231313
23440,16.632207158224702
23441,16.032335666875912
23442,19.504960908817058
23443,13.696649239367234
23444,17.76180853861257
23445,12.470396101814702
23446,20.116492384109723
23447,9.535469417142366
23448,15.504228848320722
23449,17.32854747531026
23450,18.430352773782523
23451,19.14424180732289
23452,16.70568935259322
23453,14.175809245171077
23454,11.881852930537027
23455,11.700310079725597
23456,14.46243146756888
23457,18.97015045826659
23458,18.11289723841659
23459,15.628194080014728
23460,16.271496860740317
23461,21.61436349927882
23462,18.724444121997355
23463,17.770426125608747
23464,16.5130854423736
23465,17.99373558416362
23466,15.289168322096288
23467,16.848276242520722
23468,14.249398340649961
23469,15.327695862639786
23470,10.597930083836378
23471,17.656026921925722
23472,10.22414275595303
23473,13.186456973251884
23474,17.459386284535217
23475,14.318883676130257
23476,15.678419402217548
23477,15.488486048467037
23478,13.397989109889545
23479,16.90365862373563
23480,16.925490657233418
23481,15.260744494429822
23482,16.063293807688694
23483,15.056979287048998
23484,13.341907083497636
23485,18.36869422161132
23486,16.036459981509708
23487,16.625191098703084
23488,16.55542488548168
23489,16.75766715543798
23490,12.23819643718407
23491,13.256009379347141
23492,18.994015370126423
23493,12.85194055903908
23494,11.903602288385075
23495,10.387684021809418
23496,10.619668353346992
23497,10.428880529269493
23498,15.228838984178003
23499,9.955416502348934
23500,15.461164887381253
23501,14.330742046003719
23502,15.510603818770877
23503,16.31418459514798
23504,13.972678135059713
23505,21.910490195050883
23506,15.816688917119704
23507,21.9510351325933
23508,9.395307109334317
23509,16.087127114205618
23510,10.031012438871912
23511,12.153494807755184
23512,16.74186468198144
23513,14.655031190206243
23514,22.097940725689636
23515,19.613960522862985
23516,14.494518010957629
23517,19.56200683097601
23518,14.519769328472137
23519,20.400234408319736
23520,16.49394220775984
23521,13.803091481025934
23522,10.557163710996251
23523,15.57264178632664
23524,21.730158123704307
23525,13.682921602388816
23526,17.141623218986364
23527,21.522094792599283
23528,13.446168684748104
23529,17.746762568046076
23530,20.11493612905328
23531,13.833628170190234
23532,13.666176739721626
23533,12.545392533417623
23534,14.878856204701503
23535,12.266127557511076
23536,10.868134123490911
23537,13.55468797864907
23538,15.961756464485566
23539,12.962219656983383
23540,14.163252278699646
23541,13.393382716136323
23542,13.359420679679836
23543,13.18358389522368
23544,9.331553732684425
23545,12.158985645328851
23546,19.873764184604077
23547,23.340458064422403
23548,16.377848525174
23549,20.745734203535736
23550,16.928012705825836
23551,15.036887268302142
23552,20.94036826689887
23553,16.058260797709014
23554,16.453495362472296
23555,16.380550485096347
23556,12.747962874050458
23557,10.497185253807189
23558,17.938817030013663
23559,17.306873534382312
23560,10.35819937022946
23561,20.52462658833151
23562,14.95705419282089
23563,19.939680442044658
23564,14.05243289173142
23565,13.743441035713222
23566,12.312180593850275
23567,14.694864620942292
23568,9.286853837380496
23569,11.795631906282162
23570,13.135223205738018
23571,13.82431189580538
23572,17.089098939153452
23573,13.624736875944313
23574,15.401571465060425
23575,16.34909937680515
23576,15.125227379974657
23577,17.597216607612324
23578,12.16167819588942
23579,10.85454146709688
23580,12.73656777575918
23581,14.486618941751473
23582,17.673935431746774
23583,18.91316836512169
23584,16.636710658957263
23585,15.567488213568438
23586,20.386905894631372
23587,21.000296974416834
23588,12.718657662481736
23589,16.128050243197755
23590,13.683607802700777
23591,19.688753699774033
23592,10.34596517735672
23593,17.1033818113365
23594,16.839269735691477
23595,14.370687241155002
23596,10.700938580585778
23597,14.157116346056
23598,18.3022245840664
23599,17.165828430779932
23600,17.21190947768992
23601,14.257803822946332
23602,17.531748705954673
23603,15.348646588518681
23604,15.865295618252494
23605,14.084274397157232
23606,12.683460193710113
23607,13.942304584343294
23608,17.374049188970247
23609,10.930437001972084
23610,14.244246554649408
23611,18.959982555939437
23612,17.69547357113033
23613,12.943594231154414
23614,15.58934782828838
23615,14.68904995267857
23616,15.155653073804496
23617,15.617129404647454
23618,12.00410939403218
23619,10.343300105662838
23620,18.31079130605486
23621,14.821369023030655
23622,20.50056098500308
23623,12.585464448511793
23624,16.802095768431577
23625,24.00814340331281
23626,15.036083730975689
23627,12.892595467223831
23628,12.070413302404157
23629,14.599957941541824
23630,16.403818442875426
23631,19.146014403444497
23632,11.564865839536532
23633,20.074517160093155
23634,12.542972047643099
23635,16.046192840747377
23636,10.302254925337676
23637,10.803318982047088
23638,11.756130335466487
23639,12.596358550581574
23640,15.212347266757867
23641,10.30841056394583
23642,15.125429724367018
23643,11.781153704857516
23644,18.61019719022485
23645,19.09963675822243
23646,17.93202244551471
23647,10.757744589817017
23648,12.574344495145484
23649,20.085447193723642
23650,18.232673310399015
23651,15.702736097555087
23652,11.717523897343883
23653,14.22151074729909
23654,14.386819791500617
23655,10.25293525762017
23656,17.664449298834977
23657,25.34328174277595
23658,15.08775011201705
23659,17.24770617944048
23660,16.420356538215767
23661,18.120038981556
23662,13.419350728726629
23663,20.34285538693753
23664,16.259651923391235
23665,21.835273510530037
23666,10.41765899137413
23667,18.259862998944968
23668,20.36836938807324
23669,21.907974961623726
23670,12.361106727165307
23671,17.333925297172378
23672,19.3731199618862
23673,14.872119861296936
23674,17.634665391933403
23675,16.831485672543483
23676,15.078790570878544
23677,13.427914988985432
23678,13.898291642914975
23679,15.57745280792707
23680,17.480295014470972
23681,10.99003954549292
23682,20.667546105313644
23683,18.966901018752168
23684,14.378511346611752
23685,19.881602124361958
23686,16.43634685819445
23687,12.89641236706334
23688,10.150576588127738
23689,12.659877357924199
23690,16.2447413712663
23691,11.17664546957267
23692,13.36020902936125
23693,13.748395940984917
23694,14.972630912591134
23695,18.786202592179826
23696,16.13344800132428
23697,15.156171730165138
23698,12.902212910978227
23699,13.057649423868531
23700,13.32390159701597
23701,18.223470682574032
23702,21.563176826829885
23703,13.697549380748931
23704,13.274359941892152
23705,16.125495924809314
23706,11.588347213854437
23707,13.664558944074432
23708,20.08759522758328
23709,15.094132346894007
23710,17.515732998798647
23711,15.989001069822743
23712,17.957208989899435
23713,20.124281467811635
23714,13.137272753769519
23715,18.574243317434025
23716,9.967547345710585
23717,13.804820439788458
23718,9.81616008180428
23719,17.493957815186484
23720,21.219329826387625
23721,12.539694699504478
23722,16.67644184076172
23723,16.762579012945064
23724,10.259064128852197
23725,12.789728930051432
23726,11.315150231560796
23727,14.999188275193875
23728,20.05960582994024
23729,15.389336228102536
23730,12.437849376204491
23731,16.092469472950004
23732,14.39751448203002
23733,12.930050702107883
23734,21.578841864846638
23735,17.63116260265756
23736,12.77110413740905
23737,11.800122928073069
23738,13.92788180902771
23739,19.960976583045486
23740,16.24545307880336
23741,20.520222988016357
23742,20.891363067853817
23743,16.661044196723505
23744,13.507781913147024
23745,18.928079797887513
23746,17.08071670525519
23747,16.316837562446512
23748,10.273740589106117
23749,10.216237356579935
23750,13.100907173241941
23751,11.501132156232238
23752,14.358427907705101
23753,18.58858314934983
23754,17.463702639992977
23755,18.238361538376736
23756,16.164059988689637
23757,15.22822227922305
23758,15.75026084623675
23759,22.745552732047518
23760,17.26502355989574
23761,16.83683926917785
23762,15.129111492778847
23763,17.382298630710604
23764,12.436550907187977
23765,14.167231205510419
23766,16.12529745155639
23767,15.245427569989777
23768,16.339728448348644
23769,10.947180305277376
23770,20.38365991964013
23771,15.84607529218198
23772,15.635063018580308
23773,14.39522744810566
23774,12.261087698318706
23775,16.51137280488747
23776,14.49766789552511
23777,20.062921972665695
23778,17.26096541490916
23779,16.061982565943882
23780,20.52089021803088
23781,12.997951050582675
23782,16.48831964128593
23783,14.769752798078038
23784,11.695625055314798
23785,15.816339539628956
23786,16.1512001753461
23787,22.835362528923376
23788,11.665645882829196
23789,17.62353241427442
23790,17.566173790313837
23791,11.472917504200364
23792,14.853646715695872
23793,12.25971308803807
23794,15.098255342523276
23795,12.447594416973848
23796,14.56913310789535
23797,10.628874546707763
23798,18.629073146777703
23799,18.291939464998148
23800,15.783521327916947
23801,14.446346175429172
23802,17.755741562404552
23803,20.349386321601205
23804,14.546081777521001
23805,16.813870119577278
23806,10.453231951268302
23807,20.108370916602443
23808,15.173887097025192
23809,13.168920097710037
23810,11.312156774300364
23811,20.320208908533512
23812,17.232485025439434
23813,18.487035729355924
23814,17.0316089226881
23815,13.732242042264081
23816,21.767658264311347
23817,14.264798275588237
23818,16.312927086293886
23819,15.062971275568641
23820,17.224966597074058
23821,15.248372539863668
23822,12.473173881941154
23823,16.547416436831607
23824,12.003464839267728
23825,13.401725641584473
23826,16.108214173121333
23827,10.634266927089143
23828,15.937734830352692
23829,22.343187409859674
23830,14.535477836468477
23831,13.264716455255657
23832,14.939995694059014
23833,15.081666431158727
23834,18.809202603751025
23835,11.65996131751795
23836,16.108686285713514
23837,11.330442896319694
23838,12.92229168495713
23839,19.140920182435742
23840,17.26901471719369
23841,16.65445656679089
23842,16.27585273744921
23843,13.20629747366542
23844,21.382826294598367
23845,18.35324033107231
23846,13.488032159405657
23847,14.500390893032282
23848,16.69459839225207
23849,11.283470558119035
23850,12.152128866505697
23851,12.816181238490682
23852,16.609451462619294
23853,13.248566693768229
23854,15.115823949101333
23855,18.80268680968749
23856,17.94206345453516
23857,15.482372640421813
23858,13.510676422076873
23859,13.411791826418025
23860,17.79951427268135
23861,11.546101398445083
23862,11.639374859295968
23863,12.938865547937288
23864,18.679973032384364
23865,15.000940400644202
23866,16.78262355725603
23867,12.67988511812837
23868,13.323535183271444
23869,13.165294320031652
23870,17.394253925830416
23871,13.223861790326886
23872,20.33083501954115
23873,13.913587666469631
23874,19.798134697045164
23875,18.585234092107903
23876,19.974899466917034
23877,17.69661244381855
23878,19.94153678905064
23879,13.919755206060724
23880,16.702433538263797
23881,16.7458161931273
23882,16.498833639129153
23883,20.834985668691377
23884,24.805680731104964
23885,18.105051971123288
23886,10.241122724596059
23887,21.811625392987644
23888,15.617604819094526
23889,23.99185527675502
23890,13.23782112221124
23891,16.396829834671365
23892,21.062671283716057
23893,17.503812326841576
23894,13.792336889118173
23895,18.46102643594344
23896,16.04548703749268
23897,18.304484426134074
23898,18.38384610324485
23899,13.734729826881157
23900,13.482260544706172
23901,18.285376700444967
23902,19.872854603364196
23903,17.05126884294949
23904,12.395233379279139
23905,14.575632847114543
23906,18.93611559253694
23907,15.163517919709205
23908,20.942280321240418
23909,17.654352550365132
23910,19.481399314540162
23911,13.76342614607632
23912,16.12665932961753
23913,13.743252631179086
23914,9.53451708545601
23915,10.583438991177342
23916,21.50274303761991
23917,23.020250997750214
23918,13.775377294362478
23919,14.036118242885854
23920,19.294200992499146
23921,14.840661689095167
23922,15.950280621965568
23923,16.314306616081268
23924,12.859846641557724
23925,16.630606351256024
23926,11.096029379207323
23927,13.77563132198074
23928,15.992722683350168
23929,16.690727045643754
23930,12.186741785207113
23931,14.605790658072145
23932,15.157938797016891
23933,16.478326738403837
23934,10.695547213539399
23935,14.586446865853853
23936,12.022724165758168
23937,12.750642146109113
23938,13.664710668657435
23939,16.21701625597741
23940,13.167672479434744
23941,18.80603245755158
23942,16.053831721835422
23943,19.876602330164282
23944,17.79110319383304
23945,17.233485694531648
23946,15.516840533908134
23947,12.56568441139303
23948,14.475287261493927
23949,19.003781122968537
23950,21.19758471407374
23951,22.013974966701998
23952,12.918095848026482
23953,13.520888964779347
23954,19.625390514498463
23955,15.743698593748851
23956,12.49632367433494
23957,17.37426855996868
23958,15.999474726947518
23959,18.620782757686797
23960,10.46015193944317
23961,13.88300016512984
23962,16.27991556736396
23963,16.408549937254705
23964,9.957722788568796
23965,16.975728154971772
23966,14.183780615712474
23967,13.592393933253723
23968,15.24070018138197
23969,13.361335527143236
23970,13.957838288842165
23971,25.21213095767463
23972,16.090251580381455
23973,15.845112002704507
23974,16.735597970377658
23975,16.55966568501013
23976,12.381809242332174
23977,14.58838174726127
23978,12.363107624539056
23979,16.862977622543823
23980,14.386754278196888
23981,17.244971796034505
23982,12.48196344759459
23983,16.83471944643721
23984,16.853375839557586
23985,15.694458031187951
23986,13.796977587116245
23987,16.91249692360088
23988,11.907602163612134
23989,12.000258310024469
23990,13.603194127377408
23991,8.574401351048783
23992,19.338051871296873
23993,15.052859310518235
23994,11.260345921428856
23995,15.077135561493614
23996,18.803708614018475
23997,12.681655319160365
23998,16.900250466162042
23999,13.407475506020845
24000,17.151643731381995
24001,17.55628101071968
24002,12.082745453835408
24003,10.88130302777898
24004,17.27333223634939
24005,12.797942865693159
24006,22.918582966062395
24007,18.130103102168746
24008,11.41887024062916
24009,16.970044971716195
24010,11.797749195832942
24011,17.51622846952422
24012,18.435235679037763
24013,18.017134196963152
24014,15.354915959326572
24015,14.690461318402871
24016,14.443419130558626
24017,12.09477139507339
24018,19.592860999495333
24019,11.486356095681394
24020,15.468330316749693
24021,15.846189482498227
24022,15.52354199654569
24023,10.87607279394606
24024,17.603522309540605
24025,12.774749469072324
24026,19.426966934834283
24027,19.00263950429243
24028,13.391704945088788
24029,18.145516970744698
24030,15.16331747058299
24031,16.116721334253338
24032,18.641918267280385
24033,20.48737528448548
24034,15.185366142098145
24035,16.559025872800373
24036,20.11697290867944
24037,18.69805985095027
24038,14.7888671010318
24039,15.523237344789743
24040,17.26420109756286
24041,11.392567793706693
24042,15.519373747626895
24043,13.656400973744956
24044,14.708802202561618
24045,22.665132363511535
24046,13.394130021684282
24047,12.695335739552755
24048,18.472285101595997
24049,14.324606033202448
24050,15.749944755293155
24051,19.67705223801386
24052,18.190217363186605
24053,18.120512695715398
24054,19.363061797373295
24055,14.10548184616195
24056,12.176441994049071
24057,16.853498366908546
24058,15.233437597490544
24059,16.98437131464944
24060,13.576998058370446
24061,20.74518378143668
24062,20.256327665405607
24063,11.705338384219651
24064,12.409839304390262
24065,12.59988531093166
24066,16.319591208033774
24067,15.0116165854218
24068,13.80834882220567
24069,18.588792348249303
24070,18.411607908183733
24071,11.179974785484859
24072,17.194790357968717
24073,18.065988031658023
24074,11.573318257073
24075,15.440654331348414
24076,14.935130995593443
24077,10.788810365985505
24078,12.053693766523903
24079,10.375769245509689
24080,17.237792361039645
24081,19.035450931217316
24082,17.99684534689664
24083,16.376515871116975
24084,16.68949238553386
24085,12.023927369228002
24086,12.830660992669065
24087,10.351106343343849
24088,9.014094749796117
24089,16.808517214782622
24090,14.713636383976219
24091,14.552135522397455
24092,19.43850456940941
24093,17.023101534533392
24094,17.134649708582412
24095,17.941089337404282
24096,11.951846143073471
24097,14.67812521869117
24098,16.147176399543866
24099,15.177107408649949
24100,23.59753779093581
24101,15.344648092202572
24102,15.49172529006631
24103,12.715530491532606
24104,12.581061194325363
24105,19.640852399945608
24106,15.034234871142171
24107,16.81733109273966
24108,15.922826146213477
24109,16.378896305302334
24110,19.40139039459134
24111,17.872055364432374
24112,15.91749501595251
24113,16.393894809027664
24114,16.154833778048236
24115,19.62518524874812
24116,13.889698340390405
24117,15.537386833900488
24118,13.944450226746978
24119,10.979785679856057
24120,16.442634625299448
24121,17.034195304046317
24122,12.790817419260764
24123,13.939903703976757
24124,15.07589786853342
24125,20.56233194813829
24126,14.398216222819906
24127,20.03531342448996
24128,18.154562234129408
24129,16.345938875508953
24130,18.382036004434767
24131,12.3093474835429
24132,22.97556426357777
24133,15.074369435852908
24134,10.920043852925206
24135,23.213950446500544
24136,13.173635901749492
24137,15.209256195021505
24138,10.60618375796699
24139,14.106935837542055
24140,18.958121763405575
24141,15.752122280033909
24142,15.671163436590806
24143,19.08238504467127
24144,20.157358790729045
24145,16.72832627180844
24146,13.368720807007774
24147,24.824515564903262
24148,17.016274427168632
24149,18.51846409995517
24150,22.05353922158786
24151,16.90402337774691
24152,12.612090377214509
24153,12.740920919384115
24154,16.86893344656507
24155,17.22580389020046
24156,10.703577084156516
24157,18.92972395397193
24158,13.025791908792952
24159,13.38580049972638
24160,19.162993798871817
24161,9.957468666687062
24162,17.773706365008824
24163,18.246829741475448
24164,19.89841503839615
24165,13.709411680355771
24166,16.67139117891145
24167,18.954936819909317
24168,18.562595290184326
24169,10.08823078595701
24170,12.097686626483654
24171,17.46864163264153
24172,18.65976095944235
24173,13.43741384445787
24174,15.117624206438299
24175,12.707649159245
24176,18.40292699085706
24177,18.570901777584204
24178,21.391292228352963
24179,14.512768320277447
24180,22.484909516706587
24181,10.906309630401458
24182,16.69738205390721
24183,11.50254238491866
24184,20.057149060895792
24185,16.29124925479139
24186,18.087409473286616
24187,18.940383084258908
24188,11.977348305505624
24189,13.343968749769806
24190,14.118065705118372
24191,11.606738214087688
24192,16.119620654568916
24193,19.015270255412265
24194,15.071266384268233
24195,14.325806260226962
24196,12.441211329864776
24197,19.53410664675804
24198,16.029032583431867
24199,9.481837240228982
24200,14.087312692949027
24201,10.890768399917523
24202,14.730968577760835
24203,17.219405621554195
24204,12.928533845684031
24205,15.354469570934484
24206,13.14535362272254
24207,17.368051073880036
24208,18.025214395109046
24209,21.143682719865918
24210,13.139833392811063
24211,23.89581924303178
24212,16.206139221515716
24213,21.499816070382554
24214,12.925045506358757
24215,15.899966165300556
24216,15.111705037848049
24217,10.162893631186066
24218,17.036734382897333
24219,14.017672758099883
24220,13.786469006613327
24221,15.117612271290248
24222,17.890962469215346
24223,13.819273738550267
24224,14.438588294160029
24225,15.062863474322066
24226,16.856533836524868
24227,13.938099336164559
24228,17.465155947354262
24229,14.848546243788753
24230,19.241937692833663
24231,14.867526583151765
24232,14.020708787286278
24233,16.856294128370056
24234,13.387677896304472
24235,19.62448764177431
24236,17.422751743287225
24237,13.559945174341916
24238,13.336750105825363
24239,18.340605363597955
24240,14.676107040522762
24241,12.461962208013329
24242,17.973119466983864
24243,14.329558067204342
24244,19.627096117306685
24245,20.1009133776504
24246,18.374816428943785
24247,19.842822611785174
24248,13.781031199155118
24249,17.725274185920117
24250,11.107005096958732
24251,17.055520014849698
24252,17.23164104117898
24253,20.76969765851485
24254,15.918484605749965
24255,13.899170473407983
24256,20.719161398742294
24257,14.991709442447991
24258,10.296879512660686
24259,15.542039473480422
24260,14.403785929778236
24261,13.929535773030372
24262,19.52146243405251
24263,18.612305548867404
24264,17.55274297566619
24265,15.887451387789254
24266,15.057648067829586
24267,8.841400751840506
24268,12.932074397707364
24269,15.146512309795014
24270,19.052329768754852
24271,18.396350829738875
24272,14.279561323350492
24273,14.452032187537215
24274,19.960576428036937
24275,20.543884627627747
24276,10.56463730650065
24277,14.79088823059113
24278,16.361688579134842
24279,22.048924449715855
24280,11.608123512862383
24281,14.561672881584848
24282,14.666266734673773
24283,13.03039551961742
24284,15.12328132073801
24285,13.064674523851304
24286,14.776422346740963
24287,16.502838476728673
24288,14.340973839296698
24289,21.24932695188677
24290,11.904728122744883
24291,18.64011369446334
24292,17.88390978206793
24293,15.757146196063248
24294,17.27465953904889
24295,13.470142130434843
24296,12.713338310043742
24297,13.756549837649219
24298,19.026149691592007
24299,12.673149320358943
24300,19.867113487889906
24301,16.636900397182085
24302,14.946732711438788
24303,12.419558971212908
24304,14.253436657318243
24305,20.765877016039468
24306,16.67140681602052
24307,17.012818017837095
24308,12.899777836828001
24309,10.45761717548509
24310,12.061862574790924
24311,17.666170789932213
24312,12.430311682871004
24313,12.034713600524784
24314,14.760266710144249
24315,13.749835849739988
24316,13.388604607383721
24317,19.478082873477202
24318,18.31061569919066
24319,23.75266680312189
24320,15.137369168044511
24321,20.89422445050665
24322,14.760211191272765
24323,14.011107258657264
24324,18.556856277550132
24325,13.18626907618507
24326,12.919375967076853
24327,12.698764868309045
24328,14.901216372530016
24329,18.594533659372953
24330,15.022863692376335
24331,19.4773718906673
24332,15.46115553070973
24333,11.248883568839522
24334,18.292390824395184
24335,19.262551909797473
24336,15.808042250900208
24337,15.057891220442858
24338,12.53345201077358
24339,11.577788562999913
24340,13.784156989391409
24341,17.202011083344182
24342,16.833985814798297
24343,16.993662820744003
24344,11.792787514866111
24345,16.971146456912642
24346,14.533532017975297
24347,12.623255275936293
24348,17.718673928879454
24349,16.193192352390163
24350,16.856480235574168
24351,17.572695478876426
24352,17.391897505468293
24353,19.086227296907843
24354,18.03881526849641
24355,17.251654490154774
24356,17.82758630317581
24357,14.466711169596856
24358,15.275524441269273
24359,16.729470456937634
24360,15.602222129231874
24361,14.855486844033937
24362,13.620229815776481
24363,16.921782645731636
24364,11.704703888285144
24365,18.45892214503147
24366,16.000988412485814
24367,11.629589204750948
24368,15.073157916289551
24369,17.841194685494326
24370,24.223943120838822
24371,12.697449522533804
24372,17.14679202455519
24373,19.461046280642236
24374,21.048463013874482
24375,13.894972742774945
24376,18.436388604104998
24377,15.26945459579216
24378,17.777990531900024
24379,17.56794115861313
24380,16.039446264112307
24381,15.591107437631926
24382,17.48681311359961
24383,18.95051062621426
24384,13.22944002037643
24385,13.632817666533771
24386,12.984612624828749
24387,14.329514808983989
24388,18.367194480641565
24389,12.419897209366773
24390,12.20374308286225
24391,15.327023556771266
24392,17.601259434068965
24393,17.446746104740203
24394,13.462787855620657
24395,16.84656082125945
24396,13.728508561482766
24397,19.928947682030667
24398,15.62832705112629
24399,11.43207198675161
24400,11.16030329456154
24401,22.46633636026272
24402,14.352632364706743
24403,20.15139351859559
24404,16.188815777368053
24405,16.896502538448214
24406,15.91867262345697
24407,18.284833699391154
24408,12.167486281804793
24409,14.159716520100588
24410,13.581193778271741
24411,18.19770146788471
24412,15.012218218604508
24413,16.813014330101783
24414,13.68121752900729
24415,19.821235311971286
24416,11.627606362794749
24417,20.364613618120767
24418,20.309762204323476
24419,13.709807532114791
24420,10.043280972648168
24421,13.865899113636699
24422,13.464466397209845
24423,13.616786750053512
24424,12.932724493319501
24425,13.051689701641772
24426,11.627561375833997
24427,17.21637026431909
24428,13.888597059129546
24429,12.504755527464361
24430,15.574931931808674
24431,12.636095273757205
24432,15.760665398453012
24433,9.047431195338874
24434,12.18984146008018
24435,15.908268397346813
24436,17.79080754336195
24437,13.579820731906047
24438,14.914000736613701
24439,11.925483413436568
24440,20.689529668311142
24441,13.371915205985099
24442,20.62642285618394
24443,13.180228000411187
24444,8.793721176651259
24445,14.880062550362688
24446,16.267147481272616
24447,14.731345213396493
24448,19.70369867436777
24449,14.393613142852953
24450,14.838951176082498
24451,14.427728433643436
24452,20.806566168069367
24453,14.89238944923555
24454,9.002546686809072
24455,11.23769451995603
24456,14.833023487067866
24457,13.74824266752671
24458,20.629012557874958
24459,16.951822859162238
24460,17.102701936735883
24461,14.596517289196477
24462,14.495575635192319
24463,11.87456323773544
24464,11.894575971997726
24465,16.817739488574038
24466,17.829981580743333
24467,15.649663088009156
24468,11.48703000372316
24469,17.941602763495855
24470,18.250285412754756
24471,14.077250375653673
24472,13.678542879946116
24473,17.359170422869347
24474,14.158089309924904
24475,22.312947525865766
24476,12.243439745210686
24477,17.004910704835492
24478,17.429904907583197
24479,22.366573430289606
24480,13.65648128643229
24481,23.7854882804034
24482,17.768172368664448
24483,16.212377819896425
24484,16.301887042885404
24485,12.698061788206427
24486,13.013738654455887
24487,11.141928173405729
24488,19.55282270255831
24489,11.72100242323971
24490,14.035215300850544
24491,15.143203473031994
24492,14.63076485868135
24493,20.026283223175618
24494,15.918344755631775
24495,21.225586895987853
24496,16.685920213273853
24497,24.80018268773789
24498,18.75939242530536
24499,13.627706541424471
24500,14.453445920158016
24501,20.017596917254874
24502,14.677482393220226
24503,17.83253034194522
24504,12.318198285311638
24505,15.513666874410777
24506,21.00278133363448
24507,14.787605829293076
24508,23.365555158964007
24509,18.660840807693805
24510,14.091915096074231
24511,21.245781112967585
24512,13.581242316849945
24513,12.158169693385643
24514,16.914514371845705
24515,15.821879185599784
24516,11.043013098953104
24517,17.23130235482468
24518,15.617540869537676
24519,16.49893642667409
24520,14.190401756541833
24521,21.180561022110936
24522,11.353074562878955
24523,18.409716949183636
24524,17.372209743208884
24525,14.358558611930857
24526,16.057955082064332
24527,14.036122390897088
24528,21.179859524003366
24529,14.284664111711521
24530,15.190215913835539
24531,19.414071679865746
24532,11.618565402285723
24533,14.67805952021453
24534,15.43218843419797
24535,11.223047592885962
24536,17.25246988944413
24537,9.659477728149797
24538,22.55646207382101
24539,19.018475550751525
24540,13.517047044654298
24541,13.439672249778663
24542,17.915993754516037
24543,15.441647419488715
24544,19.388985296846254
24545,9.03688111441124
24546,18.41087501560254
24547,14.822485396484085
24548,14.867156595011785
24549,17.798062468864607
24550,12.869553357805293
24551,15.099689644309532
24552,15.935129693861542
24553,18.507412993825294
24554,18.71107003996422
24555,10.514063597351887
24556,14.064509062395784
24557,18.256584245336377
24558,16.481976561851926
24559,13.78828751174059
24560,16.160529765781394
24561,18.04580051883607
24562,13.089926526167863
24563,14.20949979608356
24564,11.027744500396292
24565,16.3743165391431
24566,16.42684150785608
24567,16.257899909115345
24568,16.653108373791927
24569,17.734406785265115
24570,14.442113305660412
24571,9.931362879850715
24572,17.72771851744894
24573,19.560286873184584
24574,18.729306265966514
24575,19.500966927883383
24576,10.733286325050255
24577,17.867575941375318
24578,10.989903867021383
24579,15.89775630639112
24580,15.330265357559487
24581,16.034004745368062
24582,13.057178129336565
24583,16.17796626514287
24584,16.266045380236793
24585,16.999659346724442
24586,11.637170559299244
24587,16.60285044552322
24588,13.30870410671638
24589,23.777410014771036
24590,17.300231692513158
24591,15.785959910775446
24592,13.363430360489241
24593,12.435036757391687
24594,16.017957958156412
24595,17.314004928982826
24596,18.774278811588676
24597,11.058647879321239
24598,17.376294098233643
24599,13.26193049754453
24600,15.896581538770857
24601,17.910769924612058
24602,13.029907805594641
24603,14.137081761599736
24604,20.477437847919568
24605,13.332836377441827
24606,11.085433262678604
24607,13.751197233203955
24608,19.34261095773269
24609,19.43330225648284
24610,15.475389165435043
24611,15.951091529211784
24612,13.13970356402693
24613,19.25075999932135
24614,12.711284176111576
24615,11.506121389213085
24616,12.160584169222279
24617,9.00509452503519
24618,12.022114861543104
24619,12.105331453160124
24620,17.717335618588002
24621,18.645139012371153
24622,16.745296608021782
24623,17.183378687359856
24624,16.38614252556244
24625,22.24950089621574
24626,12.468139599504132
24627,16.36197652235882
24628,10.230629216006097
24629,19.333729370685788
24630,21.68750610573839
24631,15.350131853574911
24632,13.561865045829258
24633,17.45305159490862
24634,14.55294219024783
24635,10.982260560664596
24636,18.16279909275786
24637,17.51034861382208
24638,13.085026268443269
24639,15.412798521778763
24640,17.644657917270422
24641,15.534264279633314
24642,12.978346579074984
24643,12.20510044548139
24644,17.712030111166605
24645,13.08703374485712
24646,15.2381270838121
24647,18.371731359029436
24648,12.69896101448712
24649,17.235739411940134
24650,14.55336469120189
24651,15.302131402205795
24652,11.620217294307226
24653,12.01278275995083
24654,13.562521523509112
24655,17.744539203183855
24656,17.82636039099648
24657,10.148123676959962
24658,16.388181851780658
24659,14.367867287802207
24660,20.342278884568636
24661,15.09594929922935
24662,13.704390570453688
24663,15.736756979484083
24664,16.214858338681072
24665,14.683405497244374
24666,10.308289356830942
24667,13.491760148663904
24668,16.24792127958359
24669,17.503017724798312
24670,21.04587478642157
24671,12.144589865985763
24672,14.455122035751188
24673,9.944118768656287
24674,12.72624760385545
24675,13.914251910040656
24676,15.141641813725439
24677,18.94033817783902
24678,19.125680377063563
24679,17.426022570754526
24680,18.339497879130928
24681,15.265852638869243
24682,15.752044184626206
24683,17.23569905726889
24684,11.672554249122642
24685,18.572592557691394
24686,20.06216386393018
24687,13.810443260989143
24688,13.062482091971361
24689,20.17390028705087
24690,23.662144443951227
24691,19.68474828707211
24692,17.916161227262446
24693,16.42612782980782
24694,13.931634190116352
24695,19.329219928140187
24696,13.678546559115091
24697,22.408056440280948
24698,17.167130071893983
24699,14.996877243157206
24700,12.834033162508323
24701,14.785165622366831
24702,14.653851229080798
24703,20.743397094996677
24704,20.434019901770633
24705,18.629722127687586
24706,15.906420369800355
24707,21.320194084798
24708,14.024844173131548
24709,17.14463391964569
24710,12.143153305441732
24711,12.33458577832482
24712,13.567828177554194
24713,13.765775757049367
24714,15.772687298294107
24715,16.68586886650167
24716,18.59127405820119
24717,14.06111268494914
24718,14.286328474373743
24719,15.550135701285525
24720,18.716862311711544
24721,20.032452271730314
24722,17.044256773304998
24723,13.299789243059749
24724,15.285504102755628
24725,16.592559145340392
24726,18.639225132594273
24727,18.533513606975536
24728,10.177523716063327
24729,13.977502196237733
24730,10.89055482945832
24731,14.305484823282008
24732,11.355698842832103
24733,17.367460077091344
24734,16.60013711143503
24735,18.578899500297027
24736,18.1412677839684
24737,14.649716979220608
24738,19.511389257637184
24739,16.80400535282803
24740,14.358625831461573
24741,15.80247931849233
24742,22.235657541206177
24743,11.604150226512278
24744,15.260690895587338
24745,18.1888241836562
24746,15.40045241847997
24747,23.896747684905332
24748,19.854626077927385
24749,20.511834014446926
24750,16.11446282777886
24751,16.294227471495315
24752,12.429370226067677
24753,13.212776687338598
24754,12.128605612846755
24755,11.42415769399699
24756,12.020141654683789
24757,9.635711339548351
24758,22.213919627236134
24759,10.389131530607964
24760,14.317854793908902
24761,15.13144830396876
24762,14.446439735908184
24763,20.519215401258805
24764,12.286961346992664
24765,14.611682935061493
24766,12.685368914638701
24767,9.811968576595213
24768,12.095428544339189
24769,16.788726151592268
24770,18.145318074716855
24771,15.491506547631412
24772,19.656873901079678
24773,20.70500368418133
24774,18.33845755697351
24775,19.090895423807662
24776,18.84005083676302
24777,14.018076536780434
24778,17.098042120943962
24779,19.171644798611705
24780,13.865570487620912
24781,11.841224802735221
24782,19.315992951048507
24783,11.30441933758212
24784,12.653408851760075
24785,15.145921738591557
24786,12.848912087598832
24787,9.976401917574439
24788,13.457560167405122
24789,21.901529952497953
24790,15.038306545445154
24791,19.06373563934111
24792,17.95074779706267
24793,22.87205928444077
24794,13.970178765050045
24795,17.42839802587074
24796,15.56879543438724
24797,23.79087001674925
24798,15.62949824521492
24799,14.191183578039402
24800,13.991587907871487
24801,18.028913153123884
24802,15.025342258406445
24803,18.661653409241215
24804,17.40640348006062
24805,17.598472052500156
24806,13.520400684248264
24807,14.421280436102895
24808,16.264108010442545
24809,16.20480233856534
24810,16.281185151163605
24811,14.489470225090253
24812,19.64777102329743
24813,15.12255211605766
24814,14.872312502526636
24815,22.05821249209208
24816,19.055005403733468
24817,11.00817347856508
24818,16.446432236784066
24819,15.432866358331024
24820,21.936706326504687
24821,16.749110692475725
24822,10.687136791024686
24823,19.129640008047303
24824,11.340361316259425
24825,16.55120691507806
24826,13.396217026479151
24827,16.111204734790764
24828,16.048760113732644
24829,16.81794430674047
24830,11.960509220263697
24831,10.63713242403188
24832,17.39817684615643
24833,13.210501805961009
24834,13.773371623459187
24835,16.216311969800323
24836,14.274605112961003
24837,14.801809384001329
24838,19.130806892627067
24839,12.61149050157615
24840,11.395198297699983
24841,16.40671017674577
24842,21.38120030036754
24843,14.668223004086073
24844,13.625420708675033
24845,19.397037925532675
24846,16.787528405107178
24847,20.893370778657616
24848,21.967960812146305
24849,13.266542487643788
24850,14.464314590686158
24851,14.51468549119766
24852,16.288441606822285
24853,11.348048182010782
24854,15.072417126868656
24855,13.110421524113285
24856,17.277541667208617
24857,14.09559924670728
24858,14.902263299672006
24859,14.294830707644
24860,13.316025523708559
24861,15.410609885693464
24862,14.896338528291427
24863,15.960666479543299
24864,17.019857557778963
24865,12.41480237457089
24866,18.316588259911963
24867,14.175635623975058
24868,12.613016044826077
24869,13.370443896048775
24870,15.659506016484132
24871,16.955075564097594
24872,17.230558924991016
24873,14.339127768845
24874,14.7494298734879
24875,16.198604548171573
24876,11.37315680347566
24877,16.96952640975102
24878,16.066774672815217
24879,16.54348970962601
24880,13.059472563688137
24881,21.32850697118139
24882,12.178506848793159
24883,12.146558344308291
24884,13.969043113105867
24885,17.265813656930113
24886,15.17029068493611
24887,12.792588537225008
24888,11.435798478694851
24889,15.833817729915557
24890,14.61505501549605
24891,21.563776005534038
24892,16.421794631201767
24893,15.75471932917723
24894,17.258701719083387
24895,13.277395390545845
24896,18.858896504844374
24897,12.387970915430241
24898,17.852731339626626
24899,16.71445006429013
24900,15.123524267686616
24901,15.400512218016567
24902,11.708479510702293
24903,19.40669031322959
24904,17.782339513353083
24905,19.482306010069895
24906,16.1361492237733
24907,20.3603111313775
24908,16.161863615092425
24909,20.77785600093041
24910,15.544812848088666
24911,11.238121013169273
24912,15.88067157453652
24913,11.84426857514773
24914,13.63694029732683
24915,15.545866069931826
24916,19.94889432831904
24917,13.803943896186626
24918,14.379395452939965
24919,15.921178732280575
24920,16.19442754729783
24921,13.186915578193824
24922,11.312895374460956
24923,13.87933421163041
24924,9.626115223010462
24925,10.007605092212291
24926,12.371705254355245
24927,20.68519053262041
24928,13.058105783572326
24929,13.456463954049472
24930,18.507923606980697
24931,16.041974184285866
24932,16.13511039984204
24933,17.069323204313772
24934,17.17777988697098
24935,13.844671890439836
24936,15.255536884773743
24937,13.260799457675965
24938,17.235890973347587
24939,14.978718077245414
24940,15.213351126577665
24941,18.286690789535026
24942,17.590659625842257
24943,17.717399443151706
24944,18.55233613464387
24945,14.767441942103073
24946,18.80458832270009
24947,19.290778238363213
24948,17.885027218306046
24949,10.27285787830291
24950,17.740287956901824
24951,19.262081786437093
24952,23.985652165776376
24953,13.86815299807728
24954,15.750548356807824
24955,13.029341597675298
24956,20.553863215814967
24957,10.595454047473034
24958,13.189765683206492
24959,17.118073405315492
24960,16.011542224877743
24961,15.403654359897986
24962,12.923334399970194
24963,12.255286050333854
24964,14.427432672275051
24965,16.214033212077307
24966,11.505248216093804
24967,20.26141938296872
24968,13.491192273769602
24969,13.20495991496242
24970,14.029319650460891
24971,21.119755796865736
24972,20.839221401000696
24973,15.315792258683011
24974,12.037555088667755
24975,11.501677970831198
24976,11.908801694766796
24977,18.269072308641793
24978,14.292016909274693
24979,19.25788076401805
24980,17.623701965135336
24981,11.389477597092425
24982,16.351565286652804
24983,9.465813673081588
24984,15.229963369720535
24985,13.790988873777662
24986,12.924385533890478
24987,14.687963384755317
24988,16.750685715162508
24989,15.03771417930641
24990,17.797016666598125
24991,14.865015896479123
24992,16.504534673064164
24993,16.344324779962378
24994,16.92400394114048
24995,16.184478441121964
24996,21.49202900751497
24997,17.922990299762876
24998,17.128833853501423
24999,17.652149450175518
25000,16.97546626407314
25001,17.747943142867175
25002,11.649156797079215
25003,14.43413815400226
25004,12.237076979568904
25005,10.315033154043121
25006,15.917141519811741
25007,13.527671270394654
25008,19.891208556180693
25009,15.768516702247377
25010,14.384104165691861
25011,11.48701842985213
25012,16.49891009608104
25013,14.310438276851464
25014,13.647399629433439
25015,13.825429472464664
25016,13.725459245152075
25017,14.198673968357491
25018,9.291138213571806
25019,10.104030176938645
25020,14.73409119073498
25021,15.344143873303599
25022,12.566245190887322
25023,14.389884521777637
25024,16.157544412059178
25025,17.50144319162947
25026,16.855791254004654
25027,9.829622773465294
25028,14.675232261356152
25029,17.49123492330145
25030,14.287208083526863
25031,18.408665189877112
25032,15.425643258486279
25033,14.06335812787817
25034,19.323081596686407
25035,15.398927487772484
25036,12.387184592878983
25037,15.548967543826468
25038,11.787041754172073
25039,20.062525878551178
25040,17.716052101138523
25041,19.400062066260585
25042,18.759372965183903
25043,13.286290959305205
25044,14.9811221102852
25045,13.628461043559833
25046,18.554426418353493
25047,15.540747444298962
25048,21.615681173217958
25049,10.208704762244441
25050,17.09962093377833
25051,18.04281082820334
25052,20.192594073407257
25053,12.073707173018953
25054,16.867809458247645
25055,9.47495250752561
25056,22.021220000048313
25057,15.50000501676784
25058,14.221970095738026
25059,12.469059814983932
25060,21.17520803953675
25061,13.182240741642433
25062,13.486458959923295
25063,12.89588585010564
25064,13.183141362562568
25065,20.094534748998953
25066,18.490748510797044
25067,14.040419915151263
25068,14.134366975485502
25069,20.532952162238942
25070,17.37589040259587
25071,14.440721509004767
25072,15.243441462453626
25073,16.222028672486427
25074,19.08195109328463
25075,18.727638855412458
25076,17.375633659464743
25077,16.13420993626991
25078,10.278516028115513
25079,16.943099757891876
25080,21.74032718020682
25081,19.46631143896054
25082,14.515487993818299
25083,13.596611220534236
25084,15.21273359512424
25085,14.896700580744827
25086,13.783538229942254
25087,10.878535356872819
25088,16.480267931990205
25089,19.67744855451605
25090,21.019523036294252
25091,15.379453445759205
25092,15.515411802237118
25093,18.598555016525747
25094,14.052937284682882
25095,9.933944927842655
25096,15.097478534924598
25097,13.920590687236421
25098,18.094994847615375
25099,23.13615880728035
25100,13.607617291615572
25101,13.01941901965844
25102,14.647729037153992
25103,15.754927123513394
25104,13.197430200200461
25105,17.289267533618954
25106,16.462609367406703
25107,19.7930432678673
25108,13.796912171758166
25109,11.159221693576885
25110,20.499579485139524
25111,13.0591300183561
25112,18.83812153644558
25113,15.144862726086917
25114,13.167084322024632
25115,14.70141731666059
25116,11.896752362658498
25117,12.882421284686988
25118,12.704705729178018
25119,16.699456613939272
25120,14.510597863085653
25121,15.971094010384535
25122,15.088650468599218
25123,13.369480307830422
25124,20.106635441231692
25125,15.980712503782858
25126,16.798070551357
25127,16.541506761464056
25128,17.084185292218063
25129,14.779743322122622
25130,19.10622950570674
25131,19.373940635100237
25132,20.122632349466603
25133,19.09779094895982
25134,10.36736917448798
25135,16.35519907401178
25136,13.409566766321404
25137,15.626042102545604
25138,18.614394093769196
25139,17.172585831426204
25140,20.781043771072746
25141,20.694857731883275
25142,14.975588437069678
25143,19.260362026884337
25144,13.220721599484788
25145,12.687065644973968
25146,10.364919879371227
25147,19.73924645429974
25148,18.228131024540367
25149,15.010415037813287
25150,16.586029996132158
25151,9.175176161843087
25152,18.886437320012973
25153,16.462002302563533
25154,13.93189037631692
25155,17.055328862569077
25156,12.74021496551759
25157,15.849934957152382
25158,16.1996905063087
25159,11.312407598248319
25160,21.439846479008157
25161,14.330902176862754
25162,15.747547707344763
25163,11.523646119308673
25164,12.489638012324212
25165,16.56882132185962
25166,15.929419789085797
25167,18.484638377660822
25168,17.677564009954377
25169,17.371746904129818
25170,10.978348705182043
25171,17.54066003981589
25172,17.887732630595252
25173,12.640039073840198
25174,8.610192512907217
25175,15.24478709524212
25176,18.96656902530695
25177,13.918562859819048
25178,12.216818104508574
25179,18.13042912318649
25180,15.0501775975826
25181,14.207157848247697
25182,15.553972442392686
25183,13.334728398360907
25184,14.50253217315362
25185,13.25986941752027
25186,15.805580920046031
25187,17.16595967374138
25188,16.707584622451964
25189,16.192268565122323
25190,16.921575690377967
25191,16.564545325808854
25192,14.663779999090966
25193,15.017188676417188
25194,17.111870826371565
25195,13.714550631858426
25196,18.453415107491132
25197,13.807910219879313
25198,21.867882262361192
25199,13.140042093706462
25200,19.67866646856554
25201,14.281153247321017
25202,15.74505219554234
25203,12.431952113610055
25204,14.81199534014088
25205,21.62774097682039
25206,17.37180251617876
25207,19.206582760984936
25208,22.66513906715158
25209,17.41651335896088
25210,16.879242344099573
25211,13.427245139819062
25212,15.019652634955193
25213,18.719075236436506
25214,20.013079061333716
25215,11.26360206785409
25216,14.480474818158118
25217,17.43634092151273
25218,15.49427497749381
25219,12.198534361566832
25220,14.899408515888867
25221,14.671464105511276
25222,17.843657844711974
25223,20.098884316876624
25224,18.09588916818412
25225,16.8767506643661
25226,14.56601762013621
25227,10.543163242799615
25228,16.799328882051856
25229,21.17020572265039
25230,19.493635420900628
25231,15.637527222738354
25232,12.94199236521158
25233,14.27082740829785
25234,15.780684026953955
25235,13.204685193676113
25236,15.011081449645182
25237,19.454661765260255
25238,16.070641445667007
25239,16.50568710108241
25240,16.95806981032933
25241,13.805260286815054
25242,10.675273126258118
25243,16.345004590229028
25244,11.850759136463298
25245,14.539756454335016
25246,11.313544707449925
25247,14.38891424779935
25248,15.530539799254264
25249,18.47317935083686
25250,12.620214925586453
25251,11.388348495957706
25252,16.371743000461148
25253,16.028209693238853
25254,10.888572559288095
25255,15.159978250708061
25256,17.600008730563427
25257,12.422968324697282
25258,14.563921863087776
25259,15.156642510597269
25260,15.031329510320107
25261,18.522552641339573
25262,12.311755177257764
25263,15.534894483374565
25264,15.419894504711914
25265,11.969896809348137
25266,15.384324105088188
25267,18.073218010959817
25268,16.36228765530422
25269,18.103709805639866
25270,12.094582018491312
25271,13.14857487931266
25272,18.86585236663826
25273,17.629500433656087
25274,16.52635045843323
25275,17.077183415033705
25276,14.966358794626206
25277,13.84670575918116
25278,17.353629352682674
25279,13.21404635785949
25280,15.920947360024355
25281,12.632028770682755
25282,15.438863561684373
25283,11.432313881217306
25284,14.838729052587022
25285,19.044558027060805
25286,13.278703825171112
25287,12.267988241790423
25288,14.586150392607063
25289,15.598327748360015
25290,16.80588653865189
25291,15.683262649018634
25292,23.42344142475696
25293,22.18473674326451
25294,17.315006681917975
25295,19.137322194802177
25296,17.366553607387562
25297,13.17808662495447
25298,17.06193467579687
25299,18.97600684949497
25300,21.33562427089246
25301,11.29749273674124
25302,14.597546297895276
25303,12.464942315226962
25304,10.374305618261351
25305,17.066461821234043
25306,12.078234737595404
25307,20.088092810786517
25308,15.886213029257126
25309,13.371730686625163
25310,17.207660112514812
25311,13.240820893049637
25312,14.425836308396024
25313,21.21369714101772
25314,14.69290328156931
25315,21.969586444204907
25316,14.752849776944803
25317,14.00656099625199
25318,17.568800857618875
25319,12.5685943886803
25320,12.997740738767575
25321,9.510815015567054
25322,15.515788535832765
25323,14.144687448229849
25324,13.180888622333054
25325,21.383224800229854
25326,13.852166467302894
25327,11.709061703353624
25328,21.839030207397492
25329,18.42273025189982
25330,13.759954848836037
25331,16.93135390175146
25332,13.548356629190781
25333,16.343683510445924
25334,16.81632911593007
25335,13.784209663916004
25336,15.265446632106388
25337,9.9693854294152
25338,15.061035567606156
25339,13.778429252977592
25340,16.586548568563245
25341,11.02395529023688
25342,14.450379747883813
25343,19.47886289918484
25344,14.553872289129021
25345,13.742041509238001
25346,15.211734546893512
25347,20.26793359310688
25348,20.08374235481861
25349,16.177861877061478
25350,15.423516550225312
25351,15.33785994980055
25352,14.996547745295429
25353,15.537689101252132
25354,13.340338903229677
25355,13.998481269957404
25356,10.620445601413044
25357,16.6357530361604
25358,16.00766554796959
25359,14.50027634944411
25360,11.212718964498896
25361,12.538193131123801
25362,17.13655336369365
25363,13.307759390434823
25364,13.977454775556728
25365,15.54258648368233
25366,17.506083659484315
25367,18.425028402935176
25368,10.411447721056518
25369,15.509122230415665
25370,12.472304039418654
25371,15.128895840957593
25372,17.528947810472598
25373,16.84848957145672
25374,15.675354677951093
25375,15.20481075294071
25376,20.57682476186857
25377,13.199380803429573
25378,17.624549398739923
25379,13.757926874006111
25380,13.799679021929899
25381,14.441763135487939
25382,12.88916737141866
25383,13.81362258242711
25384,10.39683338718227
25385,19.41625693086126
25386,18.507963839202443
25387,11.858006475843798
25388,17.37110312752626
25389,16.877072234369088
25390,14.161513689330503
25391,14.928938457309764
25392,13.889245371042843
25393,26.721705801512044
25394,20.3499054158497
25395,18.94548473601631
25396,16.34269476298662
25397,18.150737538643067
25398,17.724824139797825
25399,13.23400344657033
25400,10.717783326518978
25401,13.872190187009018
25402,13.606065684740749
25403,15.453923301224938
25404,17.888993915696865
25405,14.91554601358865
25406,19.737385127732257
25407,17.610095467471705
25408,14.534116960543036
25409,12.40091056581698
25410,20.066979845578295
25411,11.817420563276746
25412,15.181283260183948
25413,15.404770818910475
25414,11.54799305198586
25415,14.815290594278618
25416,15.336605735891249
25417,15.852218001293663
25418,20.731104414367362
25419,11.66087838526525
25420,14.543638376228412
25421,13.020606749900878
25422,17.127816341276073
25423,18.50712649042061
25424,24.610653300089343
25425,15.422164725927441
25426,18.649094489392915
25427,14.573829313749966
25428,13.92330527720503
25429,18.439017398303
25430,9.055014614356155
25431,13.929723393758618
25432,16.671723094870497
25433,10.904335314210206
25434,11.248491885016042
25435,17.835214261982088
25436,13.912828778975012
25437,13.465612293477712
25438,10.4675702665324
25439,15.017233769596041
25440,20.103163024465236
25441,17.810239897358993
25442,22.32910093382015
25443,13.925156640015006
25444,16.436801452313443
25445,22.304952795952104
25446,14.00827006037721
25447,17.49369569079284
25448,16.406159304905664
25449,17.35812608068511
25450,14.928509170156408
25451,14.57570006476476
25452,15.456493972329294
25453,21.619045428308898
25454,18.959413605929658
25455,15.923562095284572
25456,13.711746632444777
25457,16.071864918087087
25458,15.706672727579411
25459,11.314495391522552
25460,15.920043176502022
25461,21.016450756275482
25462,18.925946463295027
25463,16.648650669858853
25464,11.80685286260377
25465,15.188916432123467
25466,23.42860253055657
25467,13.358743891842117
25468,14.184489522700115
25469,11.38012275963174
25470,23.720986112412103
25471,16.690331030097546
25472,13.54457487635082
25473,14.735024403750348
25474,10.195253150032398
25475,16.366553321987542
25476,14.964472953810835
25477,13.647276107160968
25478,11.119800887995503
25479,9.356809036458005
25480,13.623766863297547
25481,13.604675727903805
25482,15.154843836646695
25483,11.074234797410977
25484,14.110516578148482
25485,18.697430058654685
25486,14.407176708768054
25487,18.027701103993913
25488,20.10871642335544
25489,16.044282305333546
25490,11.662369580949651
25491,13.051213193471977
25492,16.297194224864082
25493,20.822195712081356
25494,15.730835227178417
25495,10.604553813407659
25496,12.99253724713984
25497,11.28074857565088
25498,12.158767626514486
25499,15.810070588929397
25500,13.746324404522353
25501,16.37600695566761
25502,17.775103407494548
25503,18.567851983246083
25504,17.54595257445116
25505,21.671724942810112
25506,17.366000360545552
25507,20.217368645499658
25508,20.145754539394414
25509,18.696409282933363
25510,12.249540018620024
25511,14.577952876701964
25512,15.619854090004676
25513,16.286892249569128
25514,20.130545656267163
25515,14.207270509789454
25516,18.193158054533765
25517,15.979534617534046
25518,9.706900075658726
25519,13.927320156461139
25520,15.495147866044578
25521,13.646117950725856
25522,16.538888813334093
25523,14.610844823780145
25524,18.280202869216453
25525,9.115611484027841
25526,13.08080044636754
25527,11.67331469860751
25528,13.26174496620002
25529,16.46020172745851
25530,17.190104038545787
25531,17.32206922280477
25532,15.762053883418291
25533,11.738198920541407
25534,11.066012185154495
25535,14.678478967710301
25536,11.719063338170567
25537,15.525795876412491
25538,20.083727302836593
25539,10.797305423477889
25540,12.021237915209246
25541,13.681214539638178
25542,13.004924880309787
25543,14.144056140921165
25544,16.88657589502639
25545,10.937020916287404
25546,18.693113925292337
25547,16.358741578429424
25548,11.959236978552374
25549,9.967427839615796
25550,17.503524250229034
25551,15.018685914575594
25552,16.448998620777456
25553,12.6700405504396
25554,23.991944545446348
25555,15.70088703875835
25556,15.37301446961335
25557,17.455851296256903
25558,11.922377082926921
25559,12.651142190253495
25560,14.105481329044565
25561,22.682727113071866
25562,15.687532005467434
25563,13.900283893202795
25564,12.528938613066604
25565,16.016249131326493
25566,18.42142012889175
25567,14.32307958767946
25568,10.911781060088794
25569,14.068857979238587
25570,20.355739724863366
25571,15.009971087116517
25572,20.774864575829774
25573,18.84468993352693
25574,15.979167513231939
25575,16.02752546628203
25576,17.8952600157309
25577,15.065414953981973
25578,9.430772873150527
25579,15.770936704800295
25580,21.93116854050966
25581,19.472154480397204
25582,14.699603489198601
25583,15.246653845980457
25584,10.09541463580016
25585,12.510420220120947
25586,15.109390291677832
25587,16.94008053807298
25588,16.048331455425267
25589,11.832443250271027
25590,11.32412876603336
25591,18.310112041442064
25592,9.907059601263093
25593,15.985616009776788
25594,14.25955742339403
25595,11.215149476463484
25596,18.349089079385003
25597,16.829153915209655
25598,9.702579121322955
25599,14.612025997482094
25600,12.25189250729094
25601,12.217228922022429
25602,15.015934741970176
25603,15.937653984157311
25604,18.96100209893151
25605,15.236350496940421
25606,16.86765015384821
25607,14.055825779782625
25608,13.696676501881107
25609,13.198329847471927
25610,18.841985973386183
25611,18.292093073197023
25612,16.905973637001807
25613,21.577927495145403
25614,12.773713152691789
25615,21.746415491572478
25616,15.867248502350241
25617,15.895460307783274
25618,18.03473803206444
25619,13.510509220884343
25620,14.982671234675697
25621,16.139130717097387
25622,12.081635611333558
25623,24.004144043691465
25624,19.475508207754622
25625,23.139793184065123
25626,13.991892689163112
25627,16.082669176018356
25628,17.267602144207842
25629,14.985923299004595
25630,17.517311333979777
25631,13.536982179460335
25632,18.536267941124628
25633,18.31461463330459
25634,15.026084860578077
25635,14.143597431471386
25636,15.41256452869303
25637,19.26401173183913
25638,11.757255795251552
25639,18.585521976561463
25640,16.298473453154845
25641,19.844658279712366
25642,12.618818166368401
25643,21.28982210174517
25644,13.243867972682745
25645,20.069685162697414
25646,11.224528597905884
25647,14.01230737769399
25648,14.834726558728716
25649,11.844567871177372
25650,13.396213425327655
25651,12.024302593856325
25652,12.279649449723061
25653,12.845786941590022
25654,18.716350930006385
25655,13.70482618094348
25656,14.996541646510986
25657,13.1651763044673
25658,16.106267909287105
25659,12.072431239429585
25660,21.391936517501442
25661,14.294214655627952
25662,16.001577572384527
25663,15.1278892484401
25664,15.664471105491952
25665,21.07369634072066
25666,16.75424710221774
25667,10.660839305922323
25668,19.928635418814835
25669,14.349953801873752
25670,11.785439575147999
25671,15.15312869272389
25672,17.589950033810446
25673,18.828481266155887
25674,18.980532327752304
25675,19.466979797561706
25676,15.115296146238887
25677,13.622250897551213
25678,17.12166034031557
25679,13.818005479508816
25680,10.30771077778527
25681,14.303669100057432
25682,21.288859822383674
25683,11.015947060156144
25684,14.508274001020165
25685,18.61146096958259
25686,14.010031894045472
25687,14.61465458080779
25688,21.062160466353422
25689,15.465862970478096
25690,14.734178033812015
25691,13.156676245545867
25692,11.61382003482571
25693,15.387430109062837
25694,9.830356494394634
25695,15.658920950628378
25696,18.878876490553754
25697,10.442011098724812
25698,16.503015490170853
25699,13.651891203694964
25700,14.598570057870988
25701,19.977177779915753
25702,12.246622495852137
25703,15.862668080030218
25704,16.6906883869509
25705,17.533007296141413
25706,17.314662605751074
25707,16.365911480593287
25708,18.363474674221994
25709,11.214486343033826
25710,13.777739669868476
25711,21.191142881882424
25712,15.34909447508929
25713,22.038655149141977
25714,22.09233841161197
25715,13.77861645412045
25716,16.4199270722975
25717,19.010383879513995
25718,16.89739967869889
25719,15.783724945647016
25720,12.81635943913813
25721,16.175761830165044
25722,13.86046084074555
25723,17.41241369391026
25724,15.739375302070444
25725,15.054506332164829
25726,17.276288981647177
25727,18.204365637665983
25728,10.60256578736495
25729,18.96644018890644
25730,13.709079140033483
25731,20.830622355399218
25732,15.723570730297709
25733,14.40175583787918
25734,15.278393362139754
25735,15.327040562145843
25736,17.411081253914627
25737,14.143061609796433
25738,13.314648517815488
25739,11.423100065371722
25740,11.560879725510183
25741,18.014296039671276
25742,11.904799599256188
25743,13.33580113143838
25744,19.03319104902844
25745,16.87306838832138
25746,12.997674286093721
25747,15.887246470814269
25748,11.809491786434593
25749,14.50314946504925
25750,11.555795825987449
25751,18.272993843885427
25752,11.211590108108258
25753,13.061892908732405
25754,12.13155258267873
25755,16.211511907417687
25756,11.04639787834337
25757,15.177121378469279
25758,20.491402236478766
25759,11.310260440988031
25760,13.87522341947613
25761,10.848904982527475
25762,18.2821200309622
25763,16.007202278396928
25764,16.684823163026632
25765,22.173338783764372
25766,17.10938538238011
25767,12.04715225898129
25768,16.807122577603867
25769,17.03906892154533
25770,14.924694710674517
25771,15.331702451961911
25772,13.986198491679593
25773,16.651689264519007
25774,17.171803930708883
25775,13.615450953092417
25776,11.154697371090387
25777,12.54621238156108
25778,8.38154589740695
25779,11.643203705882486
25780,18.144250559278543
25781,17.26856119502474
25782,15.334417098205554
25783,12.990781571735333
25784,12.753877917286935
25785,18.068101590365085
25786,19.2629008629588
25787,13.302916776412705
25788,21.63424248400622
25789,13.833249663378698
25790,15.547225764423578
25791,11.729656861639441
25792,11.813934550101589
25793,18.160727688071564
25794,13.152265740993895
25795,20.727353119252275
25796,19.93479228096121
25797,15.638813647713294
25798,19.67239685600154
25799,20.70921935539817
25800,11.924030499311685
25801,18.139278372906414
25802,19.925229681235596
25803,15.529421463823654
25804,14.986173552955371
25805,14.989214475250247
25806,20.08392972657313
25807,20.631172061389044
25808,11.536196562909497
25809,16.09324153024054
25810,19.19519521600816
25811,18.264380877821782
25812,17.525606090107075
25813,18.658648478607798
25814,14.493086464900232
25815,11.936970495471465
25816,14.779926536095058
25817,16.375916935822264
25818,14.316632386633206
25819,13.88076055500319
25820,13.214024231669514
25821,20.347990302813002
25822,15.730714560649039
25823,18.059893333215655
25824,13.455984180783906
25825,16.084083395971085
25826,24.522900842253048
25827,12.173467584931641
25828,16.216832654164577
25829,13.616576534155485
25830,16.45830872941248
25831,9.479443933280189
25832,20.433126409942375
25833,10.658280180170637
25834,12.912311473516578
25835,10.164759789979092
25836,13.885035282158102
25837,14.786384719506007
25838,14.253978616669233
25839,13.505730464931164
25840,15.642501950802066
25841,16.09769963143674
25842,20.943671081434715
25843,14.83018598751107
25844,18.173888866488493
25845,18.47191557116144
25846,12.175542050095938
25847,18.08503836958026
25848,13.389915857281864
25849,15.828491869767072
25850,14.194871439489065
25851,19.07926809897729
25852,16.781420064886152
25853,17.01568221032875
25854,15.529200186631387
25855,11.21773600371002
25856,16.039604578602226
25857,18.395846543504394
25858,17.949772308967866
25859,17.847536571042973
25860,19.530294134898746
25861,18.596797352153505
25862,16.274900618244285
25863,13.597486932088836
25864,14.131709296441588
25865,16.87667750170722
25866,16.113153289185682
25867,16.45804195428127
25868,11.816626883418879
25869,16.38265832741542
25870,14.583298650471795
25871,15.979099288939512
25872,14.82122768397942
25873,19.37768477092017
25874,16.138769423397715
25875,20.296490313326203
25876,21.654978817203556
25877,16.7521091100795
25878,17.940766908952696
25879,14.224206037825407
25880,16.59993197033876
25881,14.91431756117047
25882,23.45952804506871
25883,10.847036911085079
25884,20.608750095720087
25885,18.88461524696365
25886,11.989328567282227
25887,18.879634089157527
25888,10.947295285840852
25889,12.266340754919405
25890,12.049950087459564
25891,17.511026875402532
25892,14.632723759328988
25893,14.781796653051863
25894,15.532717036065424
25895,13.004577870202626
25896,11.614046409084906
25897,15.686661593034506
25898,11.619863410980898
25899,15.368592175025878
25900,19.897612809540288
25901,12.521558336426637
25902,16.521532365524067
25903,10.42478755731843
25904,16.551938330846262
25905,15.092948214187292
25906,17.415222292879893
25907,9.190811817367727
25908,13.482736003288677
25909,12.771358201306844
25910,18.850904452703105
25911,11.874602675695334
25912,13.832973486263613
25913,15.893841036816152
25914,14.291083988145894
25915,15.903369194397767
25916,19.868338093155906
25917,9.896314688102331
25918,14.641275786781542
25919,16.99479468465668
25920,13.112739377523582
25921,13.761047454693424
25922,13.79064793983779
25923,18.071881828369555
25924,20.73003390480749
25925,19.353678887382042
25926,19.570986421533593
25927,18.005436643090437
25928,21.29142972019929
25929,17.66552006855494
25930,18.866421074983464
25931,12.642232860048312
25932,13.36533962417612
25933,13.66750098637421
25934,17.369288406486817
25935,24.777409101953236
25936,15.542745978261287
25937,13.344860434157734
25938,16.809367715684523
25939,12.009169789072732
25940,16.5706641164089
25941,13.865448244737385
25942,20.077931504557448
25943,10.124198397259955
25944,12.026139727678526
25945,14.164241035490459
25946,12.052302489820597
25947,18.875515560968378
25948,20.35083849678373
25949,13.20848036397136
25950,14.133540244045824
25951,15.694721114052912
25952,14.147037753154446
25953,23.9110897437757
25954,12.002260733325842
25955,17.09119826415547
25956,15.970491730054464
25957,15.95430351051704
25958,19.241746367571164
25959,17.36281493472253
25960,15.401224400681368
25961,18.511516784728286
25962,12.024494280818068
25963,17.000118525519262
25964,15.57074582127602
25965,12.15137654365697
25966,19.0765897242988
25967,23.815767159192827
25968,16.835309010291468
25969,14.263425459611053
25970,16.252799316801667
25971,14.405686130035955
25972,11.812573210106462
25973,23.912491163462438
25974,11.500242041028956
25975,18.14711119522685
25976,16.560508642065738
25977,14.988286465601643
25978,14.058797537784445
25979,12.797587654240228
25980,10.657464861786947
25981,14.665942261193889
25982,13.949314744719445
25983,14.134101953661297
25984,13.471571319776341
25985,17.668737034656385
25986,15.440913084047978
25987,15.957560421978398
25988,17.759608640392702
25989,17.894665262058215
25990,19.255497392178185
25991,15.813696489746274
25992,12.627809593074005
25993,16.039667451667512
25994,10.46096002603191
25995,17.483509395129328
25996,12.096168340542707
25997,17.879344993536286
25998,13.371484456507009
25999,14.294324119761542
26000,16.51073729386885
26001,14.18016360318072
26002,15.932583680285342
26003,16.959222987793865
26004,9.382908667859201
26005,15.318937274540941
26006,14.10781482432678
26007,13.593853947814646
26008,17.93949250532537
26009,17.761736391399523
26010,16.549849267945476
26011,18.0682712098813
26012,18.511882910444964
26013,18.832177342299033
26014,15.253381751123909
26015,13.679504762307912
26016,13.853443299914815
26017,10.325623917132857
26018,14.364236421004511
26019,21.446686713607416
26020,12.206863523513578
26021,16.337795112071202
26022,14.688233675016484
26023,18.78961689478661
26024,15.642230241068546
26025,14.51833016195481
26026,18.842895864246152
26027,14.808051516910808
26028,13.454677760981719
26029,17.76637639178301
26030,13.899566085404924
26031,16.920182057228335
26032,14.47064494202656
26033,12.388562852148114
26034,11.453363142283436
26035,17.361127519787622
26036,18.176581714407522
26037,23.154401211591257
26038,15.77231641512841
26039,15.064134692814564
26040,12.52669087641282
26041,14.071497829928719
26042,17.052533296875087
26043,14.961589028630819
26044,17.1441830218272
26045,18.851266642796467
26046,14.08339989653952
26047,13.238818689000867
26048,19.21200489248721
26049,19.02902216165415
26050,18.577551642775113
26051,10.91608218964773
26052,14.222850063054494
26053,19.664809599546256
26054,15.502218867286045
26055,13.138527438867692
26056,11.668696090356596
26057,17.05614159469681
26058,20.876603324661655
26059,17.521640459608516
26060,13.657294436366298
26061,19.98685114988633
26062,13.309016268602512
26063,15.172236221451127
26064,10.212745876701458
26065,17.66927218253259
26066,18.662535417160704
26067,13.58707046601942
26068,16.200325580524954
26069,21.484867106584094
26070,20.36631103745765
26071,13.327031455573222
26072,19.15351497032965
26073,21.391210676050967
26074,16.543174439335278
26075,18.13810495611906
26076,14.02107214091171
26077,15.679821396319133
26078,14.653167502119503
26079,11.961002431131257
26080,12.54431105617942
26081,18.91015156774841
26082,17.810355780313625
26083,16.884115242933674
26084,11.892588703118228
26085,12.268267944681918
26086,15.291636250509331
26087,15.881776354539808
26088,11.319464379642087
26089,8.652435810752033
26090,12.64078050018778
26091,21.378735330138554
26092,17.208260780746592
26093,11.226938115529435
26094,17.83897101260493
26095,14.02241416970154
26096,17.76693930417524
26097,24.334690960925865
26098,16.617153812992655
26099,19.976062479473914
26100,16.663521375516876
26101,20.534987494250288
26102,17.800800514378956
26103,16.643944476800655
26104,16.024824875433946
26105,12.736582955720397
26106,9.759440465193086
26107,14.788646002048488
26108,19.498889664442483
26109,18.92354342316634
26110,11.516142356828981
26111,17.18565808285358
26112,20.974140040369907
26113,14.707531427819625
26114,19.098312967378693
26115,16.380843301993878
26116,17.20653414375285
26117,14.066982339256482
26118,12.759121607229423
26119,18.009716354151244
26120,14.019600072544891
26121,16.99013441611325
26122,24.260229149965987
26123,11.776372021484152
26124,16.326032515103762
26125,14.818845258486032
26126,13.915420712092958
26127,10.831099272215102
26128,10.812124203220536
26129,15.663131577567473
26130,16.15797638963073
26131,17.817358781896715
26132,14.892658752040647
26133,22.746912582465747
26134,12.426558873829412
26135,14.46312183780391
26136,16.014633297811773
26137,17.57018479611152
26138,15.349484730025194
26139,15.376446672946884
26140,14.156859065040699
26141,19.703133481481352
26142,12.775965526790452
26143,13.728801822852237
26144,15.701124277048237
26145,19.97452339049674
26146,12.263379470478872
26147,17.25649040135855
26148,12.70591589106573
26149,16.14557885629779
26150,21.817234222674013
26151,24.241503215541677
26152,13.952582302582739
26153,16.402047376944342
26154,14.773439288488225
26155,10.745203376122454
26156,19.100770088795368
26157,15.8243182574908
26158,13.215860106972166
26159,15.693628706792046
26160,21.307020186409215
26161,11.692996412324481
26162,14.117530536591456
26163,14.366776957376148
26164,17.27930511717581
26165,17.942168332177108
26166,15.54129036748358
26167,16.32593350284076
26168,18.466127864421825
26169,13.340207414123915
26170,20.08933011390824
26171,17.419689895940774
26172,15.767492609108455
26173,16.41189277117125
26174,13.312060833951449
26175,20.27405845083568
26176,12.489079807393818
26177,18.102571697047345
26178,12.908327509763318
26179,15.474255907732068
26180,22.678066210603397
26181,20.318968074153386
26182,17.107314337604578
26183,15.28289582252825
26184,13.305400026832313
26185,21.041924216272516
26186,16.499111300517498
26187,15.43077381470465
26188,19.58891130415303
26189,17.396349043269545
26190,18.136094843686347
26191,18.610744775728662
26192,18.88715295267311
26193,17.547742211790545
26194,15.421612156225997
26195,12.634253071121003
26196,14.396681130471675
26197,13.28562492013544
26198,20.6176771574197
26199,10.649572937021922
26200,10.116468518200879
26201,15.516551871469035
26202,15.230455160818169
26203,10.060542085261332
26204,12.658571244114693
26205,12.755293611774574
26206,11.558636473391445
26207,14.592516699282271
26208,20.280700759617872
26209,21.091804793024025
26210,21.874065543804132
26211,14.97900225653585
26212,22.50335771164687
26213,14.977370997452999
26214,12.419716787759548
26215,14.572342115510976
26216,18.39419054561006
26217,14.591548701385916
26218,15.633069772846095
26219,19.061314340325293
26220,15.150928017364002
26221,16.011488800141656
26222,19.34923457235967
26223,19.811870990120905
26224,13.781535549398543
26225,17.854654929355682
26226,14.693844245823149
26227,19.39415270153568
26228,19.5033007421477
26229,18.789612100420438
26230,9.275293157092824
26231,13.63706934242594
26232,12.08519100588659
26233,14.760743808201244
26234,17.879596239369885
26235,16.45141328966997
26236,15.6052741868685
26237,21.18905012597941
26238,13.127715635040259
26239,20.97661390566959
26240,16.075984218067816
26241,11.377423375541728
26242,16.572719671795817
26243,17.543362660990486
26244,14.497777652804391
26245,15.515371399569538
26246,11.435938113514702
26247,14.721495862259097
26248,13.074580865690274
26249,13.8895023291558
26250,20.286788097353426
26251,14.386075464900669
26252,14.357700710276196
26253,12.70816443364798
26254,16.294310000358
26255,17.82710782018466
26256,19.73152078359057
26257,8.91703201287275
26258,16.11473067017418
26259,10.908122345564431
26260,13.108243927137892
26261,16.316692918364893
26262,12.289912169281578
26263,12.475089002922095
26264,17.05814694262048
26265,18.378395344871542
26266,14.24094791151943
26267,15.324625969391672
26268,18.54089422874678
26269,17.880522633296373
26270,16.2078068256665
26271,17.962446043975707
26272,17.95410858531734
26273,17.20745197320438
26274,13.192873029289103
26275,16.897980865669794
26276,18.94294173214741
26277,16.92309610918205
26278,15.15589691695752
26279,17.584099581478746
26280,16.406783705245367
26281,15.843052926122832
26282,17.826888056711528
26283,16.270836607374452
26284,21.46638477549681
26285,17.41124169082354
26286,11.853950263847553
26287,10.941125701551274
26288,16.96512777351992
26289,17.128764696259047
26290,13.410338275045502
26291,13.80595007437518
26292,21.21065257143064
26293,14.875798023670558
26294,14.735508769312295
26295,17.578148557693577
26296,11.190566029027323
26297,19.707443011591096
26298,15.844473269946114
26299,20.766840021511136
26300,17.432486986046605
26301,13.844227605950431
26302,19.72712925615713
26303,16.627980223290844
26304,15.800320139151939
26305,24.70450649131027
26306,14.790157113053006
26307,15.369392452215259
26308,14.072893738846998
26309,13.497554760165325
26310,22.907936418445484
26311,22.524900907477786
26312,17.165821470284442
26313,12.824919682448924
26314,12.383110226647567
26315,15.645871773770503
26316,19.495411082669275
26317,13.863247572709062
26318,16.489781048508448
26319,12.116235542444514
26320,16.56066147826922
26321,10.470476256137088
26322,15.449639169855908
26323,13.897661239362323
26324,12.634090804287686
26325,18.894685709021758
26326,11.771059480945622
26327,15.178542892637099
26328,17.071091681758038
26329,15.170183758907214
26330,17.68490036563038
26331,11.869382491199774
26332,10.887978049092592
26333,16.017191024688035
26334,16.065045095135915
26335,22.52446617350415
26336,16.55435964129807
26337,17.36394868940816
26338,17.08698306498138
26339,13.456971774638443
26340,15.636171281598537
26341,19.843400392126465
26342,15.695859040252172
26343,10.961625173339947
26344,17.82683467459168
26345,13.67658553725902
26346,18.351926781846597
26347,13.103087535006072
26348,11.954404216152325
26349,20.792720092951058
26350,15.209455834897552
26351,16.051299196455393
26352,19.06205862646193
26353,18.133969388159162
26354,12.598980788939379
26355,24.330281820408473
26356,11.884575468872864
26357,18.05454027089458
26358,13.718323228248643
26359,16.252750619033396
26360,15.491212363647247
26361,19.56818935275457
26362,10.120725224600706
26363,9.38081792072095
26364,14.627457927954211
26365,15.06681898882591
26366,18.487453021669886
26367,18.904859011105685
26368,18.97696706835725
26369,18.978301232485986
26370,14.903492408459426
26371,18.054455289295266
26372,19.147134266503084
26373,13.393694419296295
26374,10.871246254718287
26375,10.810361417127266
26376,17.851585545714435
26377,22.47001342904641
26378,17.920515999081623
26379,12.154275284824541
26380,13.625647572410832
26381,14.835790893750515
26382,10.631307936934396
26383,21.58161366501617
26384,16.89095266186035
26385,10.70697408232694
26386,17.85407658965375
26387,16.11472858021976
26388,14.822006844261743
26389,18.81902615406669
26390,13.39435780559257
26391,20.995662828901896
26392,15.224810345426606
26393,16.17774638658383
26394,21.010802980622007
26395,19.181490885705948
26396,15.361444208393848
26397,15.141915613974122
26398,12.654614237251256
26399,17.258321003334846
26400,17.00758957780671
26401,15.17690836595768
26402,13.998168060749656
26403,15.318908205004446
26404,15.098719677730827
26405,10.341210399834862
26406,23.34673900262012
26407,18.829681533385102
26408,14.837260871062277
26409,12.209741762309978
26410,14.981234027305664
26411,10.977297581019656
26412,15.594552466686206
26413,12.403153770709503
26414,13.589915641180378
26415,19.261787977384934
26416,19.66720661027647
26417,23.034470951133677
26418,15.94015560440347
26419,11.614726523549791
26420,18.839047007921586
26421,21.165967497710145
26422,23.751159294753915
26423,12.20796338627587
26424,21.382477987821233
26425,11.554911481821899
26426,10.612356341860238
26427,21.011690013985387
26428,14.4222716152453
26429,18.61925944846423
26430,13.494641944735537
26431,19.742066736858106
26432,12.9040470132928
26433,14.753035979750456
26434,19.999390620663526
26435,11.12240761102131
26436,24.84077579068792
26437,12.952976789977823
26438,21.38025518401838
26439,13.83381255079975
26440,15.79293711019885
26441,22.70835285872854
26442,18.339572565854244
26443,15.11140103345245
26444,12.544080041516532
26445,21.3869822867422
26446,18.006404211822385
26447,17.517357877610582
26448,14.19663668028713
26449,19.466967511319694
26450,16.18044960360921
26451,14.334399571368214
26452,13.476721092622588
26453,11.977112786464405
26454,15.139841349073839
26455,17.356961925033605
26456,12.24241060874927
26457,17.92076570632042
26458,13.883644889256166
26459,11.98619000723481
26460,15.288583805544073
26461,17.982207480245663
26462,20.89534274914004
26463,14.187226158568722
26464,14.033108227515232
26465,11.696119752551807
26466,19.47013111705129
26467,14.548636299943546
26468,11.644936454986146
26469,13.429428335586415
26470,13.52475934558177
26471,11.717567004846227
26472,17.21149855791786
26473,11.460193660320845
26474,13.502988060300128
26475,13.42299271891551
26476,13.893674004180896
26477,17.964516027965523
26478,21.237543179195903
26479,15.274612919905001
26480,18.036547610578975
26481,19.78132246789365
26482,16.271536725027786
26483,13.706349958958793
26484,10.39369722322617
26485,13.97242920101452
26486,15.727933081210384
26487,20.239294270194147
26488,14.584807560736104
26489,17.348202438768162
26490,16.83801403856965
26491,16.434254570889816
26492,16.68707631383595
26493,15.1605596211226
26494,19.336787258056418
26495,15.470360896323973
26496,12.151178635790979
26497,17.28619648345236
26498,17.349380776883347
26499,17.145262550275888
26500,17.12056169316958
26501,16.7245592926207
26502,20.45319680525805
26503,12.567590138807585
26504,15.97148140228457
26505,9.03351415156376
26506,12.762158196775646
26507,17.271902562616695
26508,13.243551230918396
26509,19.48515020874176
26510,22.96685111950301
26511,14.68905988108133
26512,20.731441437374354
26513,17.00097518226786
26514,16.50428319634425
26515,18.32156547768154
26516,15.788570681006952
26517,12.398092237872017
26518,13.504260819935029
26519,10.67157967262142
26520,18.028285347498443
26521,13.378627990275923
26522,13.050514326737755
26523,17.44804093247985
26524,16.252577534954778
26525,12.084096613526826
26526,18.362523286357188
26527,12.523517617511349
26528,13.364491035926717
26529,20.52148203801191
26530,14.973001249620998
26531,18.918297422205445
26532,17.477760727418758
26533,21.32112113776176
26534,13.836680610205846
26535,18.097515441504935
26536,15.272193941750832
26537,17.57312885460916
26538,15.228114779350623
26539,12.33471347012854
26540,18.387429647660955
26541,12.886258090112369
26542,17.558174256949687
26543,18.656986108042815
26544,11.44456258854747
26545,17.650119751961007
26546,16.533963951070074
26547,13.458608153856265
26548,18.995471787157555
26549,15.14750345310834
26550,10.948469279193535
26551,12.296258453031644
26552,15.103979779969215
26553,19.08399532378343
26554,17.237004185912845
26555,17.414791496157054
26556,13.174105667902408
26557,15.65704285391174
26558,12.316744276623593
26559,15.515360531819766
26560,10.983028348957154
26561,12.987522314750255
26562,16.167585371165423
26563,15.986151178185226
26564,11.750660455053001
26565,13.696708177415584
26566,16.924376555615947
26567,15.987096845301465
26568,20.450935112185363
26569,21.535285795755524
26570,13.889489885109986
26571,17.248779335012255
26572,19.58987395485454
26573,16.674321346105568
26574,14.314032714980284
26575,14.391680666111595
26576,21.30629778168292
26577,15.66739842331651
26578,16.362043490338262
26579,19.49683412488895
26580,16.93997424197038
26581,18.087943302567663
26582,12.887008868487708
26583,13.64339472555624
26584,12.919767855624753
26585,18.171838273457396
26586,13.064906510908077
26587,11.47122935039979
26588,12.380524680414531
26589,12.345311532495801
26590,16.394023800025902
26591,18.719841958149107
26592,19.237956346222294
26593,16.845472014740793
26594,20.91314259003794
26595,16.614411742115763
26596,20.081779754287982
26597,17.335003534901468
26598,15.568211812402655
26599,19.70074084617095
26600,20.510376500776825
26601,14.434446840853395
26602,17.316134980495868
26603,17.07372156025361
26604,15.822032538647074
26605,17.2567797663237
26606,14.945784557775047
26607,13.662105780903985
26608,12.14738236972236
26609,10.24378881332086
26610,12.79827068618209
26611,16.425298032662717
26612,15.76376549224027
26613,16.059937617013322
26614,16.2068186024147
26615,20.01506205010444
26616,16.75626245122387
26617,16.9514080999909
26618,12.765772780304207
26619,14.252642475939277
26620,15.865936357073412
26621,16.437355131624084
26622,14.250874519259094
26623,13.01903430098703
26624,11.231019114462894
26625,19.91837722317824
26626,12.350580256557814
26627,9.570516223726457
26628,15.35742970982527
26629,16.269327187912936
26630,18.189550320934366
26631,11.470760513681316
26632,14.99974840546856
26633,13.437348496328196
26634,11.975411680427793
26635,9.468065708339408
26636,11.897529856916996
26637,12.299683731156241
26638,12.078267465610335
26639,16.697441667305544
26640,18.2283180140498
26641,16.24177573635236
26642,13.27517824661804
26643,15.422212625540668
26644,20.54706393255452
26645,16.779518524530065
26646,11.624216925222985
26647,13.595884990511
26648,14.605389041608516
26649,13.795954435781265
26650,14.191234751907823
26651,19.039399133887198
26652,16.145883904360563
26653,15.510127668347543
26654,19.063469602775672
26655,15.9320055446985
26656,13.365870293142377
26657,17.159899429332356
26658,14.24477972759768
26659,14.598463927227392
26660,19.050844195852218
26661,16.23390699082136
26662,11.524299771803861
26663,16.23552402757754
26664,11.429753494434774
26665,13.464500109348611
26666,12.127222351059515
26667,16.227601452281725
26668,13.776934595225413
26669,11.786002568343495
26670,15.80768340226648
26671,14.845078691800508
26672,16.47520662134697
26673,14.334183207706662
26674,17.962475519267382
26675,14.94066553708995
26676,14.729928598485754
26677,20.98147784115198
26678,15.986272319280664
26679,16.59825255662158
26680,13.215084938769841
26681,17.719463457179177
26682,17.127920544022494
26683,16.98275596824085
26684,17.035464959590644
26685,16.431688641107428
26686,13.601138047384463
26687,18.291706715112944
26688,12.470709331747699
26689,15.728179351298275
26690,19.75953875507769
26691,15.983020334978335
26692,19.166343121322612
26693,18.589926123535243
26694,14.414440913039773
26695,15.43102882273954
26696,14.325631533048593
26697,18.685215253176533
26698,12.533777372423446
26699,13.443020096946505
26700,15.36276364465774
26701,12.40001509880745
26702,15.62318432206203
26703,15.30426979116754
26704,17.436774447404307
26705,16.15403087779286
26706,16.60690393181383
26707,20.820475880184556
26708,18.881246136508317
26709,14.875052320847788
26710,18.7119708132174
26711,21.37958136104081
26712,14.430100186585998
26713,15.249488463689726
26714,12.014815342423438
26715,12.706572739982212
26716,13.851031418247365
26717,23.084282706748066
26718,19.531843136646618
26719,15.63434122856713
26720,22.38642965591959
26721,10.027253895708858
26722,22.35903840182287
26723,10.861563626075135
26724,12.565171878256322
26725,18.200427701211662
26726,13.75376931201493
26727,12.006862059735257
26728,14.252247369618402
26729,15.432730161104784
26730,13.15983740909928
26731,19.829332816239916
26732,13.66984576944215
26733,10.864854230563397
26734,13.628251914576667
26735,15.412006321898277
26736,9.924049997256816
26737,13.709052280846747
26738,10.890963895774988
26739,15.971069364433301
26740,18.070405853296172
26741,16.07161569865474
26742,14.991400596708337
26743,14.534839119034817
26744,15.320757506508608
26745,16.99493235534839
26746,17.136253641505323
26747,12.86779177385013
26748,10.271171067332645
26749,15.443392429200188
26750,11.747271230682811
26751,15.186192736353329
26752,16.54532755181412
26753,17.240092433148103
26754,11.475922402033046
26755,12.87148568990344
26756,13.893228332596596
26757,17.321852146766467
26758,16.9453830701099
26759,17.61886484725283
26760,13.033141179492805
26761,14.825924725654355
26762,8.989399759956784
26763,14.343368926077542
26764,13.493215053453154
26765,16.536395573623544
26766,12.708458230983895
26767,20.432356737487094
26768,18.375028826043934
26769,20.202176504092822
26770,14.329778659769628
26771,18.10021086249362
26772,14.359496673182814
26773,20.152683094667903
26774,11.843530829191849
26775,11.407530249900791
26776,17.17472879048602
26777,14.750575339868123
26778,18.280823278799733
26779,14.909422673132768
26780,12.665426986358124
26781,13.994329068534213
26782,18.606438482276143
26783,15.819452099146318
26784,12.081168874219765
26785,14.75961646436668
26786,14.722886072747311
26787,12.84596578239058
26788,21.95315865219305
26789,14.534226822929726
26790,16.37344468723635
26791,13.344740904079348
26792,20.668908228540506
26793,16.78319661016178
26794,16.647160354979544
26795,20.201414192464565
26796,17.117005720886993
26797,18.246097147389463
26798,13.752916775893686
26799,18.98476874623397
26800,11.88744329140279
26801,14.58495337689256
26802,15.944133510563113
26803,14.46847711243411
26804,15.751088735599897
26805,22.614658153960573
26806,14.797939258063952
26807,22.1087685713812
26808,15.44840397984337
26809,17.33485065856036
26810,9.763857421121674
26811,14.304552597853258
26812,18.747177514038746
26813,15.871301304446343
26814,16.811138385103234
26815,11.804948044619941
26816,16.695137774751018
26817,12.479692862031976
26818,10.937641294304413
26819,19.217533918514505
26820,16.09642183697583
26821,9.2418678906201
26822,16.9329345102691
26823,11.230119132214641
26824,16.677805763919462
26825,16.454272553055453
26826,18.145412645650165
26827,17.768729350019562
26828,14.081663087735786
26829,14.830494811437521
26830,18.21349813168087
26831,10.826613729595577
26832,18.67118918223057
26833,11.883271453275201
26834,11.883266848693541
26835,15.225993567596122
26836,21.076153598706068
26837,17.448908648317104
26838,13.09728607856508
26839,15.685965046830308
26840,7.691394716699005
26841,16.07164131957976
26842,8.39811412143948
26843,16.096286637413574
26844,19.6115258563707
26845,16.724028339381587
26846,12.839095293042659
26847,16.6823203903054
26848,16.435518664732538
26849,14.604225118460029
26850,14.116708371498897
26851,14.739451629507027
26852,22.371570924675446
26853,14.954333762534048
26854,21.91046735572183
26855,15.578614046914012
26856,19.432511188023252
26857,14.784537239943019
26858,16.652457650057364
26859,16.096432323897147
26860,17.824599193072864
26861,11.868311197473572
26862,19.870882408524803
26863,19.333838796341748
26864,16.931897587350512
26865,21.55852455115274
26866,16.062896933165067
26867,20.707347216150037
26868,14.226695034472517
26869,14.010860966614159
26870,16.848168935702155
26871,15.515581550408353
26872,13.694776524085851
26873,21.51660475907457
26874,16.355137312665
26875,20.402980503001704
26876,13.306691104246097
26877,20.289746560975022
26878,19.729419203373173
26879,17.10256726685669
26880,13.599552973899884
26881,18.385331079698783
26882,12.632584069508116
26883,12.556302342720802
26884,13.58842934606359
26885,15.318239463517115
26886,16.33228337053494
26887,12.677980342806821
26888,17.160249080615955
26889,16.736930106601694
26890,12.961428959842598
26891,20.060642830350734
26892,17.70580974621082
26893,17.683406913429216
26894,17.413868620011694
26895,12.8578564728074
26896,15.615145706088136
26897,18.530519215905233
26898,18.624260794093875
26899,14.707345076838504
26900,14.188660390465005
26901,18.064402791193608
26902,14.03435175408679
26903,17.08744758925311
26904,16.81131984173745
26905,12.28629523411959
26906,8.296014668218014
26907,19.09936979538741
26908,20.709492889420357
26909,20.069498335451513
26910,18.712365628590558
26911,18.042113805028162
26912,17.512529685596242
26913,20.79341734157058
26914,12.3783977059876
26915,19.422408494035878
26916,20.022657603508964
26917,14.960506338181407
26918,23.05923048993229
26919,11.41990355188433
26920,21.57142392007471
26921,13.150771108536912
26922,15.988900766128365
26923,12.119649424169834
26924,14.204555923575132
26925,19.912283033263503
26926,19.764906286590897
26927,10.718161700102428
26928,16.424361097345255
26929,20.392591021334635
26930,19.88387795970692
26931,12.441969873733846
26932,17.89474348158892
26933,18.847484314436826
26934,15.69053432967975
26935,15.68821614065805
26936,14.702614560012295
26937,16.00692134267686
26938,16.668044036670494
26939,15.983186564653801
26940,16.44063638676007
26941,11.934938033395575
26942,18.294533279637847
26943,15.337653470092622
26944,19.904382526774146
26945,16.27514961623969
26946,15.850631766932485
26947,14.77680571008195
26948,13.490640844361657
26949,11.642530484563178
26950,13.561856190531024
26951,11.661080592245396
26952,16.83888209026664
26953,15.516712743454837
26954,15.874890577146232
26955,15.701485365059474
26956,20.415952283253137
26957,11.916586042364088
26958,17.52933999722468
26959,18.113920683922405
26960,13.429212625162751
26961,16.852738831592827
26962,18.394103689608887
26963,21.174885949321578
26964,19.608910723223037
26965,14.941459365755339
26966,10.582715414512935
26967,18.561775326613446
26968,22.14476813727863
26969,13.051564826093067
26970,14.754890407229034
26971,14.608683997197582
26972,17.196022750683195
26973,19.033925187490627
26974,12.755765405603167
26975,15.807752107184024
26976,10.867994367673798
26977,15.770449766815789
26978,17.128199291052805
26979,12.15238325513483
26980,17.36263334193652
26981,20.965517200606467
26982,9.191381346071633
26983,18.7467967287625
26984,12.797670459117628
26985,11.06523215374334
26986,15.782642886036864
26987,19.27153120245939
26988,14.44199473815398
26989,18.936828276046587
26990,21.59888670510842
26991,13.919535173588095
26992,14.52356761421088
26993,12.304022227804152
26994,15.54033583677288
26995,11.928523128463777
26996,16.227503559327104
26997,18.9264113833975
26998,9.421148283251659
26999,19.50463820583935
27000,14.10512389015996
27001,16.222067611234678
27002,19.24552661442211
27003,21.50715699808728
27004,13.79844065382182
27005,12.930782729722203
27006,11.879653225788159
27007,15.15776589787989
27008,13.369941882369107
27009,16.473574287958524
27010,12.745045691835097
27011,20.242215151953943
27012,14.106534513380913
27013,9.392591523104374
27014,20.03147776827823
27015,13.35463532681716
27016,10.008872250706238
27017,18.925484864133878
27018,14.044322696142457
27019,18.45564621909388
27020,15.479873821878899
27021,19.880099766051124
27022,16.45303573623056
27023,18.535066322834588
27024,11.973694586422532
27025,16.199134423489674
27026,14.01857446913407
27027,12.232072848825362
27028,17.44950899373869
27029,19.053841926353993
27030,14.17088924816722
27031,19.182505236050634
27032,18.904756323294514
27033,13.469357146074966
27034,19.33444142623754
27035,10.50195017256276
27036,20.83315969491783
27037,16.337039967119125
27038,12.91674970020536
27039,12.992629366750903
27040,19.621864416631308
27041,14.93584835728957
27042,17.564153459905445
27043,15.092202543012931
27044,19.430906412966436
27045,13.013250292487035
27046,14.418311941369007
27047,14.124180287033598
27048,12.58451468458788
27049,19.06442908670322
27050,14.16240081810164
27051,11.608220568997433
27052,16.368323332142957
27053,20.445679249179374
27054,10.308761132159077
27055,19.380733622472103
27056,11.621602997104556
27057,17.001972393536068
27058,14.154915576510605
27059,16.62481269070079
27060,15.394606101640154
27061,15.248422395817974
27062,18.230890431925058
27063,20.005354402886553
27064,21.886268326724466
27065,13.931176946638878
27066,14.195747375915698
27067,12.978133429761625
27068,21.567811216865515
27069,8.4073314755486
27070,10.946743968648695
27071,17.37309368263614
27072,11.697998211319389
27073,13.84802372853458
27074,23.855820081825176
27075,19.44364437352654
27076,11.833894786781034
27077,20.910093346354245
27078,18.197705478287368
27079,12.512872738119636
27080,16.03042035981557
27081,12.773336488708223
27082,18.458476594416013
27083,12.54363173143918
27084,17.299587682230612
27085,16.616143038356622
27086,17.287552050147276
27087,13.345323221006554
27088,17.107163291591306
27089,16.225648376684934
27090,17.9443625956537
27091,14.113614720211874
27092,18.704354467675397
27093,17.318333074896678
27094,14.119038524115117
27095,11.94306306468044
27096,17.236482233069168
27097,15.842075205585427
27098,14.72064477803198
27099,12.303466078206485
27100,15.416975492298617
27101,9.200508441461677
27102,17.64615016359379
27103,14.33126953517654
27104,17.33505782865288
27105,12.206672055011998
27106,20.735230744681736
27107,15.989349333509539
27108,20.173987520392846
27109,14.367896589588536
27110,11.215988371361174
27111,14.76981598973765
27112,13.56018173563116
27113,10.355887255454054
27114,14.118877923978424
27115,17.457381885594494
27116,16.86850255507708
27117,15.651207477130898
27118,13.32654776563584
27119,11.299717032542716
27120,12.734396025991233
27121,13.140047968816441
27122,16.300512614608497
27123,14.582747392835401
27124,11.69509783007954
27125,13.327772152109596
27126,20.746676607825723
27127,11.08446960501729
27128,11.276002974159692
27129,13.624115754267194
27130,12.686759488867024
27131,18.972941330881035
27132,17.828413393525402
27133,13.003652364577011
27134,16.994074045323053
27135,13.83299322295075
27136,13.380546729723608
27137,17.26732803867582
27138,10.61219352974505
27139,13.003184134808105
27140,13.397771670377814
27141,12.567291587513342
27142,17.227010244515963
27143,16.29033770839512
27144,17.12679110113465
27145,12.92530330990793
27146,18.332334938705426
27147,15.806807079119128
27148,15.07601519617816
27149,18.49468584636837
27150,15.173387322740872
27151,12.213764318649526
27152,18.889932834439268
27153,11.957823373182759
27154,21.649604921210834
27155,16.21256200064058
27156,12.425229618835472
27157,16.33351672597508
27158,16.392287045796436
27159,14.748543696985193
27160,17.631990959993086
27161,10.932737597952238
27162,14.339612368751943
27163,14.37484007768672
27164,15.218468100599402
27165,13.323507969355669
27166,13.832828997425613
27167,16.799895251574558
27168,11.38009098262281
27169,16.877542572229757
27170,13.092099001039752
27171,19.884591010502703
27172,12.150527224768291
27173,13.038183093980244
27174,16.72793043124248
27175,21.629383509234433
27176,12.648668476660202
27177,14.858093871712933
27178,10.370446259800227
27179,20.567390002941586
27180,15.398881702141395
27181,12.399472612402066
27182,11.887164995676851
27183,8.93327132200325
27184,12.803095871955223
27185,17.24195182244612
27186,19.001685365969973
27187,20.74038917767052
27188,15.821042946387372
27189,16.353114799186994
27190,13.073902233688777
27191,11.751472665247757
27192,20.456501915283734
27193,18.766841288942576
27194,10.539401456129266
27195,16.690758977641085
27196,13.186128297860725
27197,17.09980250875839
27198,18.189581707074975
27199,12.599195454480034
27200,17.079998342349818
27201,15.868719825532269
27202,14.267561146090689
27203,13.782990004595892
27204,16.884225968888412
27205,17.768001456340357
27206,17.893144195233766
27207,24.964169653638216
27208,17.047047381833462
27209,14.950537202399179
27210,13.569727533430164
27211,19.578157263881668
27212,19.019931585906313
27213,19.630322473316426
27214,17.929282894935586
27215,15.920632669232933
27216,16.087631442601626
27217,16.320125864885604
27218,17.66941256258071
27219,19.012094244502286
27220,10.843834886919312
27221,15.313644675949876
27222,16.733963371347276
27223,21.06260976916188
27224,18.94093283178519
27225,12.05962932814837
27226,18.3836679607101
27227,14.011780471583963
27228,10.393085242186462
27229,16.14404723943922
27230,18.156763224499727
27231,17.129995078404782
27232,14.884793399255779
27233,14.436064890198628
27234,12.450747210937914
27235,12.40494966663667
27236,15.407268195473161
27237,15.579569898006959
27238,19.18478847617811
27239,10.680588493864871
27240,14.649472330797515
27241,12.891519839650648
27242,12.767442240621738
27243,16.075522625576944
27244,18.18371344017817
27245,15.011060606884842
27246,14.08235647098102
27247,15.172225515440475
27248,21.36551227801553
27249,15.14827213588095
27250,15.885120231004317
27251,15.923029511347416
27252,17.05074898256216
27253,13.380180544483347
27254,10.522019276878206
27255,13.654497411848913
27256,11.400479465398039
27257,16.46512438756391
27258,15.364114449056009
27259,12.177463191054029
27260,18.204819584247552
27261,15.080940618928237
27262,20.233732639079832
27263,16.78534554698269
27264,14.986515050395347
27265,17.27864746998698
27266,10.229368768220073
27267,13.768310258572434
27268,13.21299289111651
27269,18.019101493356345
27270,17.984481929753727
27271,22.94841135335516
27272,11.168002373632557
27273,19.81930563262547
27274,12.776650564060516
27275,14.682725083143353
27276,14.138731009520855
27277,20.38848576958082
27278,13.08919152663207
27279,14.71946998007074
27280,13.155245638312339
27281,11.400377454132864
27282,14.841475174523177
27283,13.935017390262479
27284,12.5271076034266
27285,9.924198425656504
27286,16.80661358322219
27287,13.882819538300675
27288,12.100655546076036
27289,10.655202249595238
27290,22.46933985890413
27291,16.498608252319148
27292,13.251886590049006
27293,10.945786765867636
27294,16.996455065614125
27295,17.398573723448997
27296,16.58134716280079
27297,17.44581001671583
27298,15.870883120265985
27299,14.413676311392877
27300,18.104593586867093
27301,16.8697400906231
27302,18.035318894270354
27303,23.812649340181878
27304,12.48228833954283
27305,22.52650431307426
27306,12.279547101428841
27307,13.529696634910554
27308,10.327920964241052
27309,17.40950275014957
27310,12.770050520157874
27311,16.50618014884258
27312,18.060601552471436
27313,14.097705413863231
27314,19.059338898480192
27315,11.607441519050568
27316,16.70561300080654
27317,15.881055424837196
27318,16.199314117356877
27319,12.438235066496636
27320,16.94185640081468
27321,15.674006446418215
27322,12.662363848054277
27323,9.223686589624545
27324,13.340309873071206
27325,13.921338931064115
27326,15.28088615981653
27327,14.440384609478555
27328,13.197345008344884
27329,20.32340392531572
27330,15.367562470910125
27331,19.784347284250263
27332,15.826238226396459
27333,12.189705834802554
27334,12.99957004110076
27335,12.03064375268545
27336,12.740731713851108
27337,17.616081391367345
27338,16.164698075830206
27339,13.600995744528806
27340,12.152377062211228
27341,10.692511635678613
27342,18.268024651986725
27343,15.806124865945272
27344,20.816224288434118
27345,11.851364121875937
27346,16.839228593652273
27347,16.82435009608292
27348,14.149324676073558
27349,11.591612086189786
27350,18.51760646633432
27351,14.046170277774955
27352,11.749307300783887
27353,11.88708520092263
27354,12.65845012290156
27355,16.294264064702087
27356,14.278607746126667
27357,18.242927594762936
27358,12.295938755493504
27359,21.06175340449917
27360,12.423689287643384
27361,14.024404998662034
27362,16.874304455320786
27363,18.921538402784847
27364,11.156664876786827
27365,14.090154482550071
27366,17.639896606916537
27367,11.550027221306786
27368,13.690611365506824
27369,18.412733997099718
27370,17.09104722586055
27371,21.532648440577976
27372,19.23239049889125
27373,12.68435423494738
27374,12.818529247951279
27375,20.122831221070193
27376,11.491147226018944
27377,17.201933064393323
27378,18.56650168749608
27379,23.409611641982114
27380,19.667175164915434
27381,17.767340809911975
27382,16.11117272479533
27383,18.06867243099569
27384,11.540353144506383
27385,13.153973190696904
27386,11.954440001113454
27387,9.908361790629108
27388,17.883704969859995
27389,17.029600742520422
27390,17.041796776093577
27391,15.916539241839502
27392,13.612932315809768
27393,18.370514460954215
27394,13.935275318265939
27395,10.23780836383159
27396,16.436860813750055
27397,16.279270612942042
27398,14.797219768023176
27399,20.869122148145763
27400,17.524068791567714
27401,13.082934693333982
27402,14.099300376033458
27403,10.407441753445411
27404,21.492989647572664
27405,11.650583575536803
27406,14.846568787793162
27407,19.55635208281669
27408,15.561600966505992
27409,16.14755518184763
27410,17.206105937101583
27411,24.265351606100165
27412,16.7394455636386
27413,14.113902817739021
27414,16.62524941297921
27415,20.21888478467723
27416,18.151244004841185
27417,11.878451363120911
27418,16.67517419029596
27419,14.558034631160197
27420,19.064111178754533
27421,23.526205435972468
27422,12.895038439059826
27423,9.425507669309095
27424,9.893454104931175
27425,17.63805371590771
27426,12.402162250471322
27427,13.337547718990217
27428,13.22347391354472
27429,21.720296320090068
27430,18.575961273179026
27431,19.82765472152667
27432,18.23459042472335
27433,16.59095329035581
27434,11.718051283454665
27435,15.666308078624988
27436,18.98703297630541
27437,12.52978488841802
27438,19.18224405083956
27439,17.585300406481096
27440,20.169024397122964
27441,13.85297660834808
27442,20.34253613793245
27443,10.688841156381597
27444,18.154409024562945
27445,15.73230433065482
27446,15.048964510048782
27447,15.97515676167481
27448,19.056305258158556
27449,19.592900406485033
27450,13.360771840033562
27451,16.25784509603294
27452,16.904115655856728
27453,18.076118037390096
27454,13.524811670295023
27455,21.053835301802874
27456,14.159098858677465
27457,19.253398973983714
27458,11.401008795820747
27459,18.19055611936224
27460,18.02235405323119
27461,17.05400930928276
27462,21.00769030684103
27463,15.629660413340947
27464,18.199636964649823
27465,13.364028476817575
27466,22.48807051612696
27467,16.799793681867882
27468,16.042083072275723
27469,17.091884753721565
27470,16.9331076207757
27471,17.244456440163322
27472,18.275460741806416
27473,18.002452432395966
27474,16.257732211813583
27475,21.123310180303505
27476,15.84149274360812
27477,14.36121660154769
27478,17.597297895143566
27479,13.626253107592381
27480,18.95367355545343
27481,13.395016912846982
27482,14.875607572181256
27483,18.297255912240757
27484,25.336212289135393
27485,14.31275934799609
27486,19.947069040843395
27487,20.522960262881828
27488,11.623023702713555
27489,20.97495548785397
27490,16.396591941067445
27491,13.51349096502932
27492,14.18895677615694
27493,13.308383434300602
27494,19.45991456439529
27495,18.42084088684166
27496,9.82171077662143
27497,16.870537146423025
27498,13.234686817902777
27499,17.433145288418977
27500,12.729532755770732
27501,17.108360288125876
27502,17.48629583949124
27503,10.148715220079627
27504,13.643410030590683
27505,14.004828793703284
27506,15.49202829735023
27507,14.452758601729993
27508,20.878647052124155
27509,19.365967769896482
27510,15.60114442893374
27511,18.816117722483835
27512,16.878162999971103
27513,15.500001521909997
27514,14.963051382472484
27515,16.020684442956135
27516,13.88443491103024
27517,18.373319598613683
27518,18.646848358237296
27519,14.429749825589049
27520,15.39381990360534
27521,14.726213761226742
27522,17.67284195219549
27523,19.13938426920749
27524,23.420579320063755
27525,19.326910637281056
27526,17.409339668056
27527,13.595183758416026
27528,19.237538559949467
27529,13.048039234440283
27530,15.939075463418641
27531,12.068194308618978
27532,12.357782133765134
27533,13.791363488328981
27534,14.660390217037778
27535,18.306050238303527
27536,10.15778951896841
27537,16.21994903543068
27538,16.805218469061234
27539,16.143731316853213
27540,18.33842056007678
27541,15.703880499062532
27542,11.382841273064775
27543,19.225180853620703
27544,11.06964137108165
27545,18.169809971137248
27546,18.853645641037268
27547,14.783547310804307
27548,21.67908330749393
27549,9.620099069573918
27550,13.636504975334763
27551,15.479794692486406
27552,12.400496557464585
27553,17.23831031754825
27554,14.46471115116688
27555,13.277137107532475
27556,13.331146218411783
27557,16.493404713410843
27558,16.21331426159326
27559,18.24248541362333
27560,13.618235028503205
27561,16.968668352443355
27562,19.51859200895979
27563,20.261030290720196
27564,15.411297272917773
27565,22.67813349912653
27566,15.292427479473755
27567,16.52170223646221
27568,18.20838805217905
27569,22.495362958424327
27570,19.487440439509562
27571,22.675199109906256
27572,9.020261332608902
27573,13.154587366302415
27574,16.084749001695197
27575,15.463478026038278
27576,14.057249435770954
27577,11.305244549613043
27578,14.235684747428774
27579,16.67334708906175
27580,13.740122891929902
27581,19.85102441228147
27582,14.853797676541102
27583,15.960018195012676
27584,14.44922534541774
27585,19.615729643300252
27586,20.14635407033074
27587,20.677685201287407
27588,18.429998614083548
27589,19.040672961586644
27590,15.779031268485607
27591,11.829786412467787
27592,17.167001942432304
27593,11.709614466734614
27594,17.679488758159984
27595,14.525320714742747
27596,16.097242183606596
27597,14.460812023132734
27598,15.560198096672595
27599,17.220410641128982
27600,15.983683573193801
27601,16.550081838142848
27602,16.879672666575754
27603,15.992427217727238
27604,19.65717920476129
27605,16.155384723067538
27606,15.577673628109277
27607,18.43526531089207
27608,16.439489802823186
27609,13.220917032001115
27610,14.32082497280197
27611,15.886071259696356
27612,17.913038068166667
27613,17.891478877717997
27614,15.003725730719646
27615,12.01292768222189
27616,14.537926682863569
27617,14.228372927255114
27618,19.664798796926604
27619,12.83998064100965
27620,23.97916527689621
27621,17.09848968019479
27622,11.380700512114268
27623,19.916052635517676
27624,20.776104615146085
27625,16.70545967875193
27626,12.333114284935096
27627,16.977326741500264
27628,16.082638144197503
27629,11.997489350919006
27630,13.884493967825794
27631,12.663789062365073
27632,12.804885742985682
27633,13.188105736950844
27634,19.62140423082624
27635,13.776456073466138
27636,15.937649830240044
27637,12.544398549731559
27638,17.8523580692223
27639,20.263630488729667
27640,13.002213605097927
27641,10.136233231498808
27642,18.920351681744886
27643,11.05666097908965
27644,16.673895777007274
27645,12.171617022553962
27646,20.170436466904565
27647,12.7724888608486
27648,17.32877930630612
27649,14.37916238071718
27650,11.24428973247944
27651,13.466068657953809
27652,11.604907228781153
27653,18.05019308274286
27654,17.315573380452573
27655,15.351150050620447
27656,10.450277438415753
27657,15.799909326515893
27658,13.577538625581433
27659,13.756890939475916
27660,17.37520161030388
27661,16.949300842224048
27662,12.315620909988235
27663,14.574024839899808
27664,16.412250647059526
27665,14.96752086158136
27666,19.758150330627675
27667,16.21558111518765
27668,17.15308296199838
27669,14.179562607440383
27670,16.969881962582686
27671,11.430012325406482
27672,19.43621876753375
27673,12.79861239692377
27674,13.309366014782894
27675,15.892262026894853
27676,15.412770856070352
27677,14.872570098952668
27678,14.427682121383912
27679,10.031123420879537
27680,16.524169095378063
27681,14.904712580826683
27682,10.370654701483218
27683,19.039571932873933
27684,14.252811308043329
27685,12.198571789399471
27686,13.917706437104126
27687,13.306115071468112
27688,17.775459652204948
27689,11.212973290709801
27690,16.746805393547582
27691,19.378881911692353
27692,12.379059067849738
27693,17.817104320970454
27694,14.197383112239656
27695,13.547890061499118
27696,12.947651931939992
27697,16.462576569815642
27698,17.184658674945634
27699,15.577889317311353
27700,13.355697856999925
27701,11.212810413564073
27702,18.726001363638037
27703,20.416453733098127
27704,13.210557399422411
27705,13.158491114186113
27706,15.388922819006115
27707,11.040912800156248
27708,16.68140264212104
27709,19.862703260294005
27710,16.991911486349252
27711,18.812903657484455
27712,12.574900932829511
27713,18.850635776921074
27714,10.797039883932003
27715,16.97980645391007
27716,18.288534718570958
27717,21.473116527095264
27718,11.378638352894464
27719,14.68867782507373
27720,15.293990662481365
27721,11.596189871716902
27722,15.855493951728288
27723,13.003199313632548
27724,20.570342741326595
27725,17.84718514904611
27726,9.99670940820845
27727,19.061217707211295
27728,14.001015760148004
27729,15.943464171035776
27730,16.13155825818466
27731,17.692585796582648
27732,16.704315012256735
27733,17.387546480722
27734,14.339486087031775
27735,14.434194995852359
27736,15.108335052859154
27737,16.687683220869097
27738,15.428678070498938
27739,20.866344878303014
27740,12.419855984371118
27741,12.931123106622834
27742,13.572288356283966
27743,13.257739914606514
27744,12.401730141656328
27745,15.414895160644384
27746,13.894004027323499
27747,20.003597533826436
27748,24.934677684144678
27749,19.387570379404863
27750,14.719780450880261
27751,13.243156740851592
27752,13.29431968739191
27753,13.046792635752444
27754,15.469718247906046
27755,15.61661484574352
27756,17.835270549593886
27757,20.465037338923565
27758,14.391067870365484
27759,13.699826173679817
27760,12.290040681080853
27761,14.00906980504419
27762,12.72839134132613
27763,11.728238728350812
27764,11.187035057018074
27765,13.523382813661701
27766,17.636204530834043
27767,19.85099843334599
27768,15.47684358137245
27769,13.936638727207947
27770,17.017210272137422
27771,14.278221642446656
27772,15.821644903005406
27773,23.78904096449469
27774,20.312593640316667
27775,14.029323391958552
27776,18.343769318048444
27777,20.819871108947797
27778,11.63655122246309
27779,13.59134942625806
27780,15.221379488843517
27781,14.741000655735487
27782,18.018209397976445
27783,14.99738185607537
27784,11.250537538813354
27785,18.787266791813163
27786,11.772638350274583
27787,15.792780407534295
27788,13.535940736796572
27789,13.702769156972499
27790,15.63833816065587
27791,16.28154856608922
27792,17.11253574576786
27793,22.594306511231302
27794,13.122488328595516
27795,18.547770417163658
27796,12.754654637159529
27797,13.888283526887657
27798,13.479536294170222
27799,11.048633375223627
27800,16.142305570699115
27801,17.047414115444155
27802,12.845987940866298
27803,17.190017902374684
27804,17.86513973483603
27805,12.315192779368678
27806,13.251242615385669
27807,22.73223356681701
27808,15.181827613542655
27809,17.689909065245505
27810,13.461246848680398
27811,13.686293837295583
27812,15.53721800405139
27813,14.469417083260698
27814,11.18776820502793
27815,12.287917761418893
27816,16.55171997168341
27817,16.327556905428207
27818,17.240512753350483
27819,20.76723662390904
27820,17.243421588200444
27821,10.414706038931309
27822,15.526626464027885
27823,12.599874245213305
27824,14.095478282755364
27825,17.239222988476048
27826,16.779727798373283
27827,13.82311255217095
27828,22.46026357707484
27829,17.758523483354182
27830,15.33694751115524
27831,23.4948475180867
27832,14.6786021248093
27833,17.321565263672362
27834,15.482343620789779
27835,12.550995376825961
27836,16.194783971342403
27837,17.662127808288716
27838,18.332467069108844
27839,13.502975888248285
27840,14.532518783156549
27841,14.09764415790539
27842,15.826383563983663
27843,16.29905065452809
27844,16.309774185361672
27845,16.92516768354204
27846,16.83053472802263
27847,11.265406353337356
27848,12.395981831755527
27849,17.665990760410402
27850,12.470709011326035
27851,17.78570556224207
27852,11.691468159602517
27853,16.215348391697987
27854,19.6210168793919
27855,19.107027569749906
27856,17.623505492188414
27857,17.55593491426795
27858,13.50175008334247
27859,12.19729848238301
27860,12.337679138979617
27861,15.170816987028177
27862,18.68583843047232
27863,14.542690360756776
27864,12.40335184077396
27865,9.09657380555074
27866,17.398114671932287
27867,19.174080488963376
27868,15.893118578772908
27869,9.195108760176987
27870,18.337413992315597
27871,17.69995562509772
27872,18.31359509068451
27873,12.772076135049574
27874,15.298526046686169
27875,18.267778043000487
27876,15.531716056306054
27877,16.77617622544328
27878,12.96900642888961
27879,15.676686278546786
27880,13.252629201451413
27881,21.23938128555563
27882,12.450633867864653
27883,14.439003634618064
27884,14.094838930113884
27885,13.49915374828134
27886,16.478737022173608
27887,14.428792521874186
27888,16.80650438690013
27889,12.090056684225626
27890,20.002161330985352
27891,12.175731433078443
27892,18.106934952396305
27893,12.700528378446085
27894,12.904855445196798
27895,16.514744154725108
27896,14.501068448811077
27897,11.141295756333337
27898,10.234122224415355
27899,14.921734824394209
27900,18.659486266804816
27901,12.409025411042622
27902,15.289898387223035
27903,12.073372292179085
27904,23.493544585271984
27905,16.781222119929993
27906,12.537905864027293
27907,16.784490165397983
27908,16.72263389580323
27909,16.953036736557113
27910,18.507492630126922
27911,13.66480164195406
27912,16.507130657966
27913,21.048498466176884
27914,11.952539589396698
27915,12.466098125095359
27916,10.573099226003894
27917,14.058338567754134
27918,13.86233546774002
27919,14.55769146612194
27920,15.74295599099612
27921,13.610605791379495
27922,17.139370701423754
27923,16.52197490850946
27924,13.971786682937607
27925,13.739566535308624
27926,17.76603973994425
27927,15.605464417306685
27928,16.455695926386515
27929,16.254283949924666
27930,15.103505199714782
27931,15.197647271522586
27932,18.466302792751918
27933,15.625573948340417
27934,16.176076393885303
27935,13.317550697385148
27936,21.419921046239136
27937,10.329688089108727
27938,14.046683901536769
27939,15.001193078479384
27940,11.96919877904325
27941,14.118037691129533
27942,13.78737688977786
27943,14.876656134868192
27944,13.751438085666738
27945,19.088048569071113
27946,22.044765474095165
27947,15.238806091773831
27948,19.92596315742672
27949,19.86385446096112
27950,16.2443618375621
27951,21.95640715237057
27952,15.246974539463793
27953,21.32043117470621
27954,17.85057805713072
27955,12.752769345880985
27956,15.306074757205359
27957,19.927602562531522
27958,13.202921855463654
27959,14.299397968474535
27960,20.64447334861809
27961,20.58030622412091
27962,13.572734431616183
27963,18.875445281604655
27964,18.171224102244334
27965,14.663825212681637
27966,10.340039471015347
27967,15.207116298371627
27968,12.458798429790978
27969,14.663854403958364
27970,17.470974957742317
27971,18.42110435459505
27972,12.929994889261776
27973,22.746817336028585
27974,17.721373034773194
27975,11.549690378635455
27976,18.81803822863202
27977,19.431385833724924
27978,12.448246740618082
27979,10.064760871509664
27980,14.232560953155074
27981,14.367039955458191
27982,20.23439622408857
27983,17.245611159601005
27984,18.501912221259964
27985,14.844240243842437
27986,17.730192476128185
27987,18.730739014767426
27988,18.37717664562053
27989,15.320644694759185
27990,10.026449973647534
27991,17.289457783042543
27992,12.637223642454622
27993,11.161907072450873
27994,18.86399834790472
27995,19.75658686144655
27996,15.36336632802764
27997,14.412519914474704
27998,16.945499001691516
27999,14.468144819604065
28000,19.311158282361284
28001,12.664615497117667
28002,18.392689528525903
28003,14.033282951405136
28004,12.283034050757417
28005,22.237692031605935
28006,16.579134130543757
28007,13.075841869968956
28008,14.00595123265997
28009,15.966404782332418
28010,16.522513613458294
28011,15.338069183370326
28012,20.675434035839025
28013,15.668937659015588
28014,19.49267078348371
28015,16.308617760387623
28016,17.782316633149147
28017,15.326732613298978
28018,17.537295068596208
28019,18.219794204401225
28020,18.100354232715862
28021,20.94172598170554
28022,17.401045169718838
28023,13.11105832732933
28024,13.350666604236554
28025,13.598319842006049
28026,22.293850205217378
28027,13.511914652131207
28028,13.405653158220286
28029,15.929896076944726
28030,9.061364022991619
28031,18.166930742506683
28032,15.882790623475096
28033,19.957095935390644
28034,12.346882206011202
28035,15.841321718206858
28036,16.711546995932785
28037,11.945833917384629
28038,15.086467419069653
28039,15.095191626166649
28040,23.372643461571975
28041,18.179788891627545
28042,15.040596449359018
28043,11.05177135966929
28044,14.304673709975447
28045,12.083417937791973
28046,10.859865958099478
28047,16.6375280115569
28048,21.126163538568814
28049,16.88741600930533
28050,14.49147342473262
28051,10.890048259635455
28052,22.08091327249623
28053,19.69450740199057
28054,10.582921541269544
28055,10.667535408466811
28056,11.6609082782514
28057,12.751248931403712
28058,15.53266816606103
28059,15.30764962930999
28060,14.583322241241454
28061,16.341618530198723
28062,14.467200943499451
28063,23.10811830815426
28064,14.144906359299565
28065,15.033114112009926
28066,19.417566197792993
28067,13.421242729331674
28068,12.734742505817565
28069,11.05478780921683
28070,13.9223176867181
28071,17.574881922031057
28072,10.218487826972783
28073,14.838304630824474
28074,12.011638776482958
28075,18.44143962261772
28076,15.945738517510772
28077,15.929833203614717
28078,13.175971863569432
28079,16.475952430913424
28080,17.934140728473068
28081,16.628022241286807
28082,13.264781436552942
28083,10.980962815874443
28084,13.103749682465898
28085,14.232903587542218
28086,12.403934124375963
28087,12.629468082610053
28088,17.004992543540965
28089,25.863784359885916
28090,16.009933224053178
28091,17.585095832689767
28092,12.049985976927204
28093,10.825575501401424
28094,22.010897855981092
28095,14.536468487603162
28096,16.35595590492496
28097,14.862203307396646
28098,14.804090633358683
28099,15.086852636274664
28100,13.94320806665541
28101,16.764246280195515
28102,14.427995820964822
28103,13.871182820941405
28104,19.92442951458042
28105,17.048355350452763
28106,17.845080285891854
28107,8.663594593400372
28108,14.384249271397968
28109,17.85052158438833
28110,9.436289295630008
28111,18.53286453266581
28112,12.408249635119107
28113,9.638451546650353
28114,14.280045792545785
28115,12.740884448765023
28116,14.212159113979085
28117,12.953551265128093
28118,12.907041107346446
28119,22.241372507524115
28120,12.498643475776234
28121,8.680303372174498
28122,13.28852148271076
28123,19.34372653782379
28124,12.145331787765988
28125,14.809128011760624
28126,12.740702225423048
28127,16.75160639682213
28128,18.129181985612984
28129,14.63583498179538
28130,17.237207972447173
28131,17.172676205150378
28132,11.688440903676813
28133,13.362039153750324
28134,15.166459246065827
28135,13.939039927166284
28136,21.40546076856389
28137,15.244639922868828
28138,13.391596590006237
28139,18.607053171780457
28140,12.924357296973193
28141,12.595844593292274
28142,10.820655169389608
28143,17.840830379946432
28144,13.56542680366726
28145,12.301576330055472
28146,21.64352509442353
28147,22.523956541243564
28148,10.84039133582884
28149,19.490877329317083
28150,17.89603621123695
28151,21.368177734143462
28152,17.40583202313482
28153,17.049522942094168
28154,16.47999964969141
28155,16.68149813462435
28156,12.92310909070403
28157,11.248810782852491
28158,12.920597949344712
28159,10.43732707370663
28160,14.67429240116674
28161,16.71881255136648
28162,12.710909642863253
28163,11.033555986192228
28164,17.942029603095737
28165,14.063926794592934
28166,14.15837651305166
28167,19.599089004299536
28168,15.299033456075133
28169,18.699758284545894
28170,13.651026792481167
28171,11.932224232905655
28172,13.897492687022162
28173,16.09452421100492
28174,16.381848935800395
28175,16.618084836855033
28176,14.93261669000856
28177,22.46884921801091
28178,20.504945716668633
28179,16.65171293875414
28180,13.077245596374723
28181,13.350286588366846
28182,11.007696708701753
28183,14.677378402513105
28184,12.968725366770162
28185,19.41029583330235
28186,21.044095894515067
28187,12.917766802801072
28188,17.05382866478178
28189,17.698107561472217
28190,19.630194402242374
28191,14.05113435099674
28192,11.306360071646946
28193,11.635795122398289
28194,15.121197138968197
28195,19.422949564023078
28196,15.505126534450756
28197,12.498143185855564
28198,13.653200921743935
28199,11.601260913472297
28200,15.966317840235947
28201,13.469526966213085
28202,17.160845729584658
28203,17.83497787904241
28204,13.303396023002112
28205,20.276575318404156
28206,18.590802537184818
28207,15.852185319356492
28208,13.057640047721623
28209,16.048174903912457
28210,19.618633436710482
28211,10.686806742831173
28212,17.399622120318927
28213,16.97096353299388
28214,14.028577542904578
28215,16.522387815000606
28216,17.259589555462103
28217,10.568898081831172
28218,18.851214389226463
28219,16.86785707149858
28220,18.58458527285852
28221,11.299886623892455
28222,20.198415688373206
28223,18.230820790430748
28224,22.488332712541382
28225,17.05216725357532
28226,9.980245987038487
28227,14.15845362665737
28228,21.84366923894967
28229,18.383543371874055
28230,17.77999805031944
28231,14.274016731384117
28232,15.846176167444552
28233,15.605936444883183
28234,18.47164621742249
28235,22.1868095110462
28236,17.95342380217719
28237,15.337978137293579
28238,22.859264589940743
28239,14.340116339207885
28240,14.819349161986349
28241,11.040065219697933
28242,17.634985033622137
28243,13.343854024269858
28244,17.768791464919584
28245,15.794798005119738
28246,16.737747997826997
28247,15.32959006631063
28248,9.865263033056614
28249,13.402786869189416
28250,14.815069530531494
28251,22.67318179814041
28252,14.43249575129331
28253,11.459551530841733
28254,16.448391656325267
28255,18.89664465366707
28256,18.358558228412893
28257,14.843708196137777
28258,14.282957616155365
28259,11.925287697617815
28260,12.427683115412513
28261,18.824670965546566
28262,12.38981758976393
28263,16.473004565231896
28264,17.517104023169953
28265,15.51539519786734
28266,12.422033669200282
28267,10.244950233345978
28268,16.22074156118615
28269,13.138507712680473
28270,12.067725004613123
28271,13.26642318127321
28272,21.58490050762512
28273,15.206950079284821
28274,19.67450534181818
28275,24.74098327225808
28276,13.756936919668108
28277,14.116242768813864
28278,16.78048647124991
28279,19.88459626747381
28280,12.332212911132332
28281,13.44727882096944
28282,12.655221086567659
28283,13.08812285741056
28284,12.967005435537274
28285,17.622216561834144
28286,13.209986424891943
28287,18.276349611556192
28288,11.715924296827232
28289,20.835395076585787
28290,14.632052056989044
28291,13.967526720148904
28292,11.748264490341652
28293,9.92627289765122
28294,10.078743479717014
28295,14.316275249203136
28296,17.87975881117263
28297,16.709641341983843
28298,14.443419291200799
28299,15.372906590486275
28300,17.95873715655023
28301,15.869396599915119
28302,16.55132025503928
28303,14.657210622668146
28304,19.232797434364084
28305,15.670320891656754
28306,12.530710694193889
28307,18.374509240117142
28308,14.335880668832994
28309,13.3345623504126
28310,20.934130758256696
28311,9.404487375827184
28312,12.714303193154702
28313,14.582432241136212
28314,15.87353968687668
28315,12.737508880843775
28316,13.062281806078998
28317,14.291207698490625
28318,16.71093842674303
28319,15.8766486601038
28320,13.146912062726361
28321,20.374346719655442
28322,14.484688359507057
28323,11.962040053307959
28324,20.39284528384978
28325,15.34566908438336
28326,19.109489447830917
28327,17.158626887220446
28328,11.228566360338718
28329,14.10110414895039
28330,15.84127347012131
28331,19.094519022607834
28332,16.464513673517366
28333,15.920315166694131
28334,12.437355796525797
28335,11.728719236450997
28336,9.945749371632807
28337,14.352219786058713
28338,15.365875993597324
28339,16.334769773820796
28340,18.19156302548244
28341,11.563853310957322
28342,18.85449107482267
28343,12.820619914074099
28344,15.195778601339512
28345,14.356335039525192
28346,15.177627435592116
28347,13.965329727790254
28348,21.467353621124094
28349,13.71895655989652
28350,20.640607639995753
28351,16.147263321599343
28352,12.762187929014498
28353,10.931803192623137
28354,18.081672540334445
28355,10.878909388367294
28356,17.897177190280004
28357,12.812471405520714
28358,12.882616316312303
28359,20.339931638205137
28360,12.998441606927532
28361,13.96175058657258
28362,19.435308088068986
28363,18.17775311099966
28364,17.930019718258706
28365,14.286438253502801
28366,14.102057279711211
28367,15.054414119471918
28368,19.1545918895481
28369,17.62796269753539
28370,18.699255459492942
28371,15.736864248322473
28372,11.178066950558327
28373,15.939350117727493
28374,18.64810074728428
28375,11.923636034150622
28376,13.021307461251595
28377,13.703383969457827
28378,14.93115034099283
28379,18.738995083012334
28380,14.910956745713525
28381,13.781015596534735
28382,16.086107136853343
28383,15.756477450588418
28384,18.325114172791444
28385,14.613298432236075
28386,15.050662568845917
28387,17.464896645624844
28388,12.141157374406841
28389,21.177953811113145
28390,20.17770259573173
28391,15.19078884783069
28392,14.917896063821749
28393,14.556946392143137
28394,14.347656961004892
28395,14.220023830224871
28396,12.13464804163517
28397,14.062631919486563
28398,19.33954972324058
28399,13.194040142554535
28400,17.270979228307194
28401,13.285107620888912
28402,14.856329848690965
28403,21.538166365228957
28404,18.477351373187304
28405,16.973430812713282
28406,14.974710632353474
28407,17.070006868587534
28408,17.659948480055977
28409,23.174839172827543
28410,19.413550559188586
28411,18.290784985317348
28412,19.949980423309025
28413,16.018038148474247
28414,17.81218057312583
28415,13.455278178479194
28416,15.872202050905443
28417,13.085615564520023
28418,19.20891514188993
28419,15.533735057424355
28420,14.84321470106119
28421,16.968682195997157
28422,22.155893140139444
28423,12.03839177649031
28424,21.39546735298896
28425,13.845164306355619
28426,17.50397004871035
28427,19.16500491339931
28428,18.7235022075516
28429,19.703076416143563
28430,9.798727069303641
28431,10.183192074571275
28432,10.685573282480773
28433,11.691295059660607
28434,16.028002335552756
28435,9.434878123295883
28436,13.032085653928677
28437,13.823514699063045
28438,19.314265355083837
28439,15.04404501611325
28440,17.36820227135952
28441,16.38011372835541
28442,16.133799433844747
28443,16.816793647886406
28444,13.17161107162677
28445,19.204916832383308
28446,13.122307917584923
28447,16.17809423802673
28448,14.6428597050517
28449,15.055256385787297
28450,12.28127837373583
28451,17.105296846172028
28452,9.719531185461488
28453,18.87975786477527
28454,13.87529440765629
28455,12.311371954501224
28456,13.973108534242224
28457,15.842096329270774
28458,16.616612317834885
28459,19.527600638776093
28460,14.274805719677572
28461,19.39363216807774
28462,13.379027764992784
28463,16.63432182619002
28464,14.97373481361159
28465,11.577304586430202
28466,13.899006370702319
28467,15.898330571917269
28468,15.373169814941402
28469,12.479470134649585
28470,14.139522850783253
28471,19.42470467308437
28472,17.955751807190723
28473,15.4685354190431
28474,11.583660594842154
28475,19.985661338627168
28476,20.00592126701672
28477,13.797011195915061
28478,15.469320013452663
28479,19.929506466605194
28480,14.830638563745161
28481,20.35868128793058
28482,14.557360335656412
28483,20.784390961911104
28484,12.566089741854817
28485,14.64237807408885
28486,10.02120579058671
28487,16.853019074116638
28488,15.64052724042577
28489,11.511612791389018
28490,18.257920353044657
28491,15.916497830076338
28492,20.169815751595102
28493,14.015684293721852
28494,14.515861729736951
28495,12.493617513492094
28496,18.196351111212152
28497,15.961157518708855
28498,14.532231858178633
28499,11.681404892336385
28500,11.181363785812705
28501,15.768026590857417
28502,16.69308784323333
28503,14.542907069835248
28504,18.174203206805448
28505,13.909841680231118
28506,21.405892111617568
28507,16.00716306320129
28508,14.498524903931598
28509,12.004579073190838
28510,16.355865541034003
28511,18.83616704220487
28512,15.56955056896825
28513,16.60285230486107
28514,18.2567506373688
28515,21.317549297065042
28516,12.22967289208726
28517,14.435511431866315
28518,18.074273900601177
28519,12.853113164265126
28520,16.55543273176602
28521,17.299633152650124
28522,12.50357214323066
28523,17.912643415225887
28524,20.721630335260464
28525,15.55351412453967
28526,19.727260814062696
28527,15.3225750905557
28528,13.967617353430882
28529,11.296893943053272
28530,16.241925927882082
28531,15.004561979987894
28532,13.171517203887591
28533,15.529540884795681
28534,16.305867877765703
28535,13.78960159547603
28536,15.473767895831427
28537,16.77152577733922
28538,13.256152847052524
28539,18.744303828045933
28540,17.25382918906325
28541,13.31242876618161
28542,10.96659228665299
28543,13.966435880140219
28544,14.073485763394268
28545,18.657821104899632
28546,19.700196543247458
28547,22.654149643985093
28548,16.421094910479113
28549,15.172069556581107
28550,13.029304580767128
28551,15.408983565095133
28552,14.571592048481623
28553,13.48970721761653
28554,10.181699642499982
28555,13.395477801131408
28556,11.41720721354365
28557,12.957141811741112
28558,18.609983507257194
28559,10.231027841067954
28560,16.586522720012013
28561,17.353632891276536
28562,12.17983242983894
28563,15.761511122074273
28564,12.731422046988145
28565,16.840068331308824
28566,14.059250999973965
28567,12.636404595497668
28568,13.224372534033897
28569,13.94676841312919
28570,16.282145149171942
28571,18.83172111893822
28572,16.94789024579951
28573,22.31529366475805
28574,18.00156750200286
28575,18.364820691315984
28576,15.168392927053016
28577,13.523059063733593
28578,17.74171385139767
28579,11.143261940183102
28580,10.783616839241326
28581,16.02653956453373
28582,11.79374557507859
28583,16.364048431248037
28584,14.343564794803388
28585,16.22305575045113
28586,20.90458632405267
28587,18.321143527288132
28588,13.269798642501499
28589,14.418547666993174
28590,16.05413614078844
28591,18.27437568603885
28592,13.823272502574312
28593,11.981715176921563
28594,12.190171752737184
28595,14.18389869505057
28596,19.346854724320465
28597,15.23310156881465
28598,25.556465269024063
28599,11.3584570430521
28600,15.647735809558126
28601,14.631455434058825
28602,20.10162130499689
28603,15.399429645125878
28604,11.821150791918345
28605,11.2859595045576
28606,15.793439608179453
28607,15.543686503311008
28608,12.51869515144563
28609,12.81431890102183
28610,17.310008155450728
28611,14.158300524491878
28612,13.604112710276008
28613,12.966333373577774
28614,17.07599854455905
28615,19.088922318398634
28616,20.523334267848742
28617,10.894869662070114
28618,15.256826915344963
28619,14.414194371396952
28620,13.830790129866754
28621,18.13374524858944
28622,17.494935184585888
28623,16.399687158049872
28624,13.165056230690551
28625,14.752391418636412
28626,18.76949336258348
28627,19.437026218674486
28628,9.87527769180521
28629,21.58007387012639
28630,15.634635941201106
28631,21.281367551523353
28632,16.597456226347184
28633,11.99527006767356
28634,13.607245974772635
28635,11.254772822802869
28636,19.140302696383692
28637,18.340746577111613
28638,16.969180772792207
28639,14.054327031381401
28640,12.718764009984422
28641,17.554026630115125
28642,13.732915236175284
28643,18.673938329103382
28644,14.803481082300163
28645,20.70058427900775
28646,14.298489200024582
28647,13.26947126525478
28648,16.419656387350557
28649,17.82339980452674
28650,17.53559208905714
28651,10.484972779821463
28652,16.353910432915963
28653,17.41143619087948
28654,19.08303118917266
28655,12.983683787037364
28656,18.80033635316059
28657,17.438289035116295
28658,11.706110724130633
28659,17.95498343837328
28660,15.897070386381866
28661,14.370249627579694
28662,20.966559131080338
28663,14.276438101306132
28664,17.2495078437148
28665,19.41102387206637
28666,16.68173854564175
28667,17.17490474437002
28668,11.746493747807481
28669,14.102447592393439
28670,20.868271446583222
28671,13.82681687612321
28672,14.878510262203669
28673,15.412549630749867
28674,14.732566490633818
28675,10.251644111651641
28676,16.494382558675184
28677,22.27705697772656
28678,13.528290764296354
28679,17.159300442132384
28680,11.544970517969112
28681,16.589284816837825
28682,15.762888602795886
28683,16.5504687748429
28684,16.945242968136675
28685,17.785628205457765
28686,17.660050451937455
28687,15.378830656427155
28688,12.974104415005165
28689,17.026644762084317
28690,16.373441977673142
28691,16.534994330509623
28692,13.56244778577183
28693,18.532453810617852
28694,16.412745185403555
28695,18.926591514888475
28696,17.413560340174747
28697,18.718381741758527
28698,21.973240920636865
28699,22.47028161216594
28700,16.97712490826767
28701,16.15434482930387
28702,20.2114232279313
28703,10.081067299028357
28704,19.567672530148663
28705,10.854778657464754
28706,16.535001940667517
28707,18.189848692494603
28708,13.447088585432846
28709,18.38883774741748
28710,12.233401322211222
28711,16.519759925301617
28712,14.279359762929769
28713,21.756321882462114
28714,10.990940318599042
28715,12.315599363416402
28716,14.18938278535404
28717,17.727208220398058
28718,14.10021462734827
28719,17.647714403654458
28720,17.406063595527456
28721,9.447016105277417
28722,9.617752845602936
28723,14.738933731933953
28724,18.16556845888865
28725,15.194285111526241
28726,19.958730728486337
28727,12.785496586895645
28728,10.761477774500143
28729,13.666287814307978
28730,13.624214186385318
28731,9.365583733523591
28732,14.04257521703113
28733,20.874287420403427
28734,16.623287946743034
28735,21.894352696111945
28736,17.15795801500979
28737,17.009444910302413
28738,17.637461158070227
28739,13.216442154625122
28740,23.820763927648983
28741,16.43661397778346
28742,12.818643290972695
28743,8.695315286256553
28744,12.55502281512291
28745,12.208466428472327
28746,18.73761352579616
28747,14.774525656758062
28748,14.004190931361057
28749,21.473879530304576
28750,11.426931901408402
28751,16.51016144443451
28752,15.492422295867295
28753,21.26905993654676
28754,12.284090310853012
28755,13.695054576630085
28756,13.12948222115733
28757,13.265485818343544
28758,11.063026247600455
28759,14.086890542854242
28760,12.933097479212368
28761,16.71446285518226
28762,18.534711751172036
28763,17.35983877460328
28764,17.114696644816334
28765,17.071784900260013
28766,22.457919278479885
28767,15.709812175384636
28768,15.268910774756547
28769,11.25635643189253
28770,18.482301851887108
28771,16.686474736256237
28772,16.62846635049922
28773,18.308320884472717
28774,19.93124339734039
28775,19.60305606862776
28776,15.825011534583714
28777,11.129560800170168
28778,20.670031789054885
28779,15.258461354381756
28780,19.73341337335192
28781,8.362448128991538
28782,16.111739733073144
28783,17.534138561927623
28784,14.417781014722136
28785,13.531722872701534
28786,13.760769194345013
28787,18.421770934009547
28788,14.094238674658147
28789,15.44544379587702
28790,21.871846641002136
28791,16.372150744265372
28792,15.749422654617799
28793,17.42691244168389
28794,19.732284735850943
28795,13.036017137353683
28796,13.987416712619213
28797,18.542397735232274
28798,15.192150340607164
28799,18.68934765127923
28800,10.758963148132677
28801,17.389632954246807
28802,13.944738013656462
28803,20.788207245429
28804,10.510336630216955
28805,21.909546971934468
28806,13.529071886678274
28807,19.031863348925448
28808,18.584560955234647
28809,14.848280033041217
28810,12.990825121667111
28811,17.927485174659125
28812,17.217239096519027
28813,20.93137978167743
28814,18.402864895527483
28815,17.110612241867955
28816,16.600199832300216
28817,15.468488805741785
28818,9.203156327824434
28819,15.860500066158192
28820,13.057159267881307
28821,9.874229307024338
28822,13.20909430680178
28823,10.899323902526675
28824,19.42815154183752
28825,12.46821548500041
28826,18.750073922505578
28827,15.192337617915578
28828,24.244117468663983
28829,17.50116866332426
28830,14.916696905169898
28831,11.791412011362024
28832,16.537724046752825
28833,16.764379474320222
28834,19.377262075219758
28835,11.96993981338236
28836,11.16176462702694
28837,16.36391176541345
28838,14.999526404309567
28839,14.15522856811221
28840,17.78258972838315
28841,13.881904405033561
28842,19.287164409192783
28843,15.263395800997875
28844,18.229912618442395
28845,23.550837568377034
28846,23.470234843136037
28847,20.018844121823367
28848,17.250894288887597
28849,16.8016848293452
28850,22.508187191337893
28851,19.022307562155802
28852,15.890008514100773
28853,16.676515789050267
28854,10.585329819277954
28855,19.11809781858386
28856,12.887178089482529
28857,16.96826797168393
28858,12.757370728019458
28859,12.508827861171737
28860,19.619351726273674
28861,9.123193629009332
28862,15.283395909664932
28863,18.896799935661644
28864,14.240028395921396
28865,18.405890489348128
28866,16.262641533495664
28867,17.083911915263503
28868,19.04712940759078
28869,15.931755296484647
28870,12.628983846652579
28871,18.232799753593003
28872,14.121033015307598
28873,16.866824092669667
28874,12.500442349464866
28875,17.419163048330592
28876,13.159595526784392
28877,20.42172295400491
28878,16.27571871960363
28879,20.89851836082246
28880,19.326462591262267
28881,12.933981943469568
28882,12.561767673196345
28883,20.709436890121367
28884,12.265806634458686
28885,17.9174359248112
28886,11.233794446890757
28887,19.19350755579486
28888,12.444080094389513
28889,17.404235742533928
28890,18.667346590559003
28891,20.719752714372266
28892,18.425873126946023
28893,16.203458338999734
28894,13.655658138659943
28895,15.242367486676166
28896,14.3607550791361
28897,17.11482897804577
28898,15.618419589741164
28899,20.112896654151037
28900,14.008596124824097
28901,19.596503491426535
28902,25.761276587818408
28903,16.088585475691218
28904,16.626448708800016
28905,17.28740201966042
28906,14.461035312632424
28907,17.981648406821073
28908,16.427652762063712
28909,18.308013041593018
28910,12.274986580190037
28911,13.063902972592189
28912,15.033019290645834
28913,22.6586753198274
28914,17.713545935341337
28915,13.816070590327081
28916,20.169115601878143
28917,15.552724781367528
28918,22.91216176486409
28919,11.164022474202744
28920,12.303612070656426
28921,12.14426823087948
28922,14.063821133902874
28923,13.546569020417826
28924,14.577989412905982
28925,14.543390469275709
28926,15.453732766597465
28927,12.993032191411581
28928,10.432961104098549
28929,17.69996969234388
28930,13.220977932818803
28931,16.464667255267624
28932,15.72299696700688
28933,14.947615235414283
28934,15.77172925083172
28935,18.677105087472576
28936,17.09285392301155
28937,13.288380041762142
28938,17.141284588138166
28939,13.731893156845725
28940,17.244390026514854
28941,16.63311924154045
28942,16.9545190952007
28943,17.891168285479385
28944,21.014113717869346
28945,16.232827833881387
28946,12.534086583755483
28947,15.679677960749961
28948,20.482604612429153
28949,11.925775932958038
28950,21.45295073074893
28951,20.176906957321957
28952,12.634686399805478
28953,15.048638637540819
28954,14.545584588647992
28955,11.530021523886445
28956,16.28154058271718
28957,12.266902472920988
28958,13.004880222201267
28959,13.520795717373542
28960,10.73346367785892
28961,21.80813520510503
28962,14.249280477722577
28963,14.63742023818347
28964,11.784179110878425
28965,13.48946014247257
28966,21.35028465090327
28967,10.764268857595795
28968,14.22435620974053
28969,14.006648127619663
28970,9.404074017365055
28971,20.34222436670106
28972,22.311117951455746
28973,13.493574862964339
28974,14.085982848595206
28975,13.351672742181444
28976,16.42188931550713
28977,13.097076301749953
28978,16.23282746414248
28979,12.644663758392777
28980,15.389667056353762
28981,14.280229195195973
28982,16.682378811263337
28983,11.749630234212272
28984,16.7088284545138
28985,20.92105089868569
28986,11.287055228096733
28987,19.471814131591312
28988,14.759227755182536
28989,16.35512842291761
28990,18.393722494576622
28991,14.003170426746305
28992,9.801053886699561
28993,17.351059603229217
28994,16.446029578887345
28995,12.85892822780174
28996,19.440123611470447
28997,19.42071911780795
28998,15.05491811694789
28999,12.578018345521267
29000,13.508774206066363
29001,18.140492140828584
29002,17.297810774916442
29003,12.484892287527765
29004,15.817267960444804
29005,20.69876481719407
29006,13.10263615376444
29007,11.140320368202595
29008,13.134739029455375
29009,13.481188446333995
29010,12.571632932453568
29011,10.861955668838531
29012,22.207029418677557
29013,19.43192547064279
29014,13.88606910735619
29015,11.92972056346208
29016,22.190657695784658
29017,13.957500213480023
29018,16.00057325185387
29019,17.690586584131548
29020,24.59557943069161
29021,18.432795080939417
29022,11.826655151752245
29023,20.961052198516107
29024,11.834941246024584
29025,11.115645330521927
29026,19.663531644254576
29027,18.278084416400542
29028,14.152639918668495
29029,17.089952142982874
29030,18.72982862403406
29031,18.89647110791374
29032,15.141476179982034
29033,17.333225754117784
29034,14.572107602245433
29035,10.214539030550018
29036,17.407898908967464
29037,13.475502441104316
29038,16.133832582719247
29039,15.986248278893852
29040,12.249211481855058
29041,14.753754698582332
29042,16.146951539105352
29043,11.899206636747957
29044,18.439351570222485
29045,12.935108240048107
29046,19.4307244689106
29047,15.545063978116223
29048,12.300443439401592
29049,26.022397693726838
29050,21.6776658723352
29051,17.727038088905253
29052,15.329839581730557
29053,19.28426652612763
29054,11.599759104956068
29055,11.947336554126963
29056,20.540919100908834
29057,14.372286071270779
29058,12.23227344992288
29059,18.01241320603688
29060,15.896676059270176
29061,20.023653596569474
29062,14.684125534724593
29063,11.876140682232071
29064,18.67943629010633
29065,16.71641597913071
29066,14.17904689203286
29067,15.10554181377124
29068,18.2257023281161
29069,13.676787447583962
29070,15.124370257960495
29071,19.20335063664463
29072,11.097425326081952
29073,12.141402643871132
29074,10.380147387046534
29075,20.830520826021765
29076,11.263549331458375
29077,17.25224106548455
29078,14.769699821819982
29079,12.117192509045145
29080,18.567776109744493
29081,12.920571047365002
29082,17.56984293342836
29083,15.471809945735961
29084,19.03990888384824
29085,19.11610186464916
29086,19.736896021260304
29087,13.555981801855866
29088,21.020564718393757
29089,15.75005866426638
29090,12.762818667048665
29091,10.474470324981153
29092,17.20462769539176
29093,17.163889816719074
29094,20.24106415073094
29095,16.93587607294881
29096,16.242205567796553
29097,15.55463010338377
29098,16.2222762721422
29099,15.737992943196904
29100,19.5410149281268
29101,15.574444638051379
29102,12.9787892812483
29103,13.217445878414198
29104,14.713233692890388
29105,12.903293759146438
29106,14.198077726703968
29107,19.957080443815972
29108,13.038647552145038
29109,12.394131072960644
29110,15.258736308809917
29111,21.136891151690584
29112,11.546915183885822
29113,11.084501589133204
29114,16.361331119248806
29115,15.479202390726687
29116,19.359955850877878
29117,18.58016488882009
29118,12.364044050203216
29119,13.153684373413924
29120,15.139631629489989
29121,17.290593019308954
29122,13.328268170167801
29123,16.50906589135114
29124,15.573571474444503
29125,18.12635826256665
29126,18.204592275896356
29127,11.557316909314002
29128,16.420995517722734
29129,11.66564910560774
29130,21.849808275454468
29131,22.825869493383603
29132,12.639636160464491
29133,13.88390990253239
29134,12.369324111990128
29135,18.66593814337111
29136,14.711633085791044
29137,17.81631813905615
29138,18.348911344749887
29139,15.970900578600196
29140,16.70476594476459
29141,12.49577912981587
29142,14.465334498700528
29143,19.870923466701246
29144,13.781892272549884
29145,9.661075178396368
29146,17.549713239818924
29147,11.625660542077567
29148,12.004745465579678
29149,20.138793730650406
29150,13.892384422469616
29151,15.495627732377525
29152,14.617271050180292
29153,16.060346011819416
29154,20.41954696798023
29155,15.140935269496648
29156,22.676629814641124
29157,18.282957375947746
29158,20.329353077975412
29159,18.96416732988527
29160,16.30278762608568
29161,20.22892296947242
29162,11.81487303839646
29163,18.39787053723672
29164,18.34274932046313
29165,18.07551445215665
29166,14.953539922056743
29167,15.551931869694391
29168,14.920726337799167
29169,18.1246621838517
29170,11.829678339742589
29171,11.425378625979517
29172,15.734583673276036
29173,16.275643294697034
29174,20.179018738722366
29175,14.882545080222519
29176,10.107263958547264
29177,19.257195484209696
29178,14.345727175033065
29179,15.905844658940754
29180,14.222946277994106
29181,14.93364064495372
29182,14.616102159110225
29183,10.306247762334575
29184,16.94432395920674
29185,17.617337313435964
29186,17.506025699095915
29187,20.51514020858026
29188,18.90859920055859
29189,12.63752223374374
29190,15.79904150622246
29191,9.745373295029225
29192,9.404781214989573
29193,19.988259889754282
29194,13.278863261082357
29195,10.707983267629697
29196,11.412930281021561
29197,20.223342544100944
29198,9.604127426695214
29199,15.799781673092081
29200,15.977236647643004
29201,17.297346835511533
29202,16.000726675308933
29203,16.105149830828164
29204,13.181705093978223
29205,18.351271971823838
29206,16.284998213181353
29207,24.2259776096319
29208,15.964845268313226
29209,18.786621680761286
29210,16.840991143678398
29211,13.364347396394413
29212,13.263631063635854
29213,13.801858247617037
29214,10.990851838973146
29215,15.186197314470517
29216,15.07908631433199
29217,16.40695103216574
29218,14.007309592874888
29219,17.409312556191118
29220,20.29522879389289
29221,15.00944788489843
29222,22.143894643933795
29223,19.124985675712814
29224,18.547809838140395
29225,8.916130082779897
29226,21.06876992168141
29227,15.807206105276737
29228,15.032017062479595
29229,13.877721881468052
29230,13.030483032211245
29231,19.939110719144537
29232,13.51501504972992
29233,17.17660248746686
29234,18.292855750981634
29235,9.907495781333184
29236,19.080547219418435
29237,14.980960004561947
29238,17.4096210960432
29239,11.343138355798333
29240,14.60417354760693
29241,18.71473061982204
29242,15.902439345834159
29243,15.673124714409232
29244,18.68189631983374
29245,17.310954967890847
29246,12.91531650392
29247,19.766848330966464
29248,18.117537411240278
29249,19.26105087500453
29250,14.784929011138306
29251,22.234043845149024
29252,17.676528316768238
29253,14.052267953515088
29254,17.853773134066557
29255,18.0331569208529
29256,18.142606572702583
29257,12.719021991356062
29258,12.331432671209202
29259,13.767511424737359
29260,16.83979845573165
29261,18.137079406641096
29262,13.557177582370956
29263,12.682607014131099
29264,9.617230706154432
29265,12.61135560985151
29266,12.467447866913133
29267,13.54267889209838
29268,13.020751607988052
29269,18.309064738793076
29270,17.016137906316953
29271,11.00302856431417
29272,20.504761065760274
29273,21.521315679218482
29274,14.45434469904164
29275,9.974692523722878
29276,21.192723192613123
29277,13.2354117044716
29278,13.225716397657704
29279,19.228710883013985
29280,19.08682353940062
29281,12.338023125356013
29282,11.298933784694666
29283,19.954284423102923
29284,17.492109722312765
29285,15.156532298365233
29286,16.312573435121113
29287,18.666468163544128
29288,16.750509122719958
29289,13.934771463209868
29290,11.917683028523523
29291,18.42992331919544
29292,15.813003606518292
29293,17.523596064797204
29294,19.296036311757458
29295,9.11364596937251
29296,14.221316903064874
29297,17.79932050439403
29298,20.004969118577257
29299,20.544519985813913
29300,18.40143787858356
29301,13.636519159616231
29302,20.196248747915924
29303,13.784616439881598
29304,18.973693573502434
29305,16.49750534867547
29306,13.893565561264143
29307,18.523464230215595
29308,22.021202304179376
29309,13.92602012949526
29310,17.998405471557366
29311,15.697789520892007
29312,14.251679842598355
29313,20.71846313797564
29314,13.762085995803409
29315,13.384889109085012
29316,20.432586726781572
29317,22.50438973758847
29318,18.106774014549213
29319,17.662158792631516
29320,14.425470930144327
29321,12.558429889799148
29322,12.66649978002101
29323,14.334642878672302
29324,14.489583883016063
29325,12.748631441251561
29326,14.44496986584231
29327,16.97756247898054
29328,13.38238096287623
29329,16.391923924221086
29330,14.788329918625964
29331,13.635964051107626
29332,11.452339114574757
29333,13.662527936895433
29334,22.554163941815638
29335,14.98559889467717
29336,17.324137304211558
29337,18.36122008555014
29338,9.071722483654424
29339,15.578323969552907
29340,14.187230084704382
29341,16.346842803715898
29342,16.966626874119967
29343,14.880163726181614
29344,17.252243252890327
29345,24.681347856163914
29346,11.924906347352634
29347,21.713147709188043
29348,19.981654056669637
29349,12.689951240443074
29350,15.885164568071044
29351,19.12200990377379
29352,13.367567216369842
29353,20.23024887800922
29354,12.807885492228682
29355,10.78496838024293
29356,18.855607594741198
29357,11.76983112999531
29358,15.308492747837297
29359,17.01991480985914
29360,17.345237674015138
29361,18.345332814380154
29362,13.746770265752875
29363,16.123392310497234
29364,17.866994462746558
29365,17.315889384825102
29366,14.617674231614437
29367,18.72017516519659
29368,19.22826192706435
29369,18.057766465725575
29370,15.592450721746843
29371,15.391055434443624
29372,18.94470386427921
29373,15.64064544365619
29374,14.195871444109015
29375,17.879919437090606
29376,20.156471991898165
29377,16.156842310642226
29378,15.62352629278298
29379,15.17030881469822
29380,12.252347509883448
29381,19.690039852329477
29382,13.963922324128168
29383,19.621680528441004
29384,15.139968569002777
29385,16.750285032057423
29386,10.044002784607981
29387,11.26758627335532
29388,11.750640775631185
29389,17.469223947288377
29390,15.965724628288644
29391,19.720579422550077
29392,14.205096423417796
29393,17.01130916949714
29394,12.826095967833504
29395,11.559662867421435
29396,19.76379908247054
29397,11.031562606920065
29398,19.519454214512606
29399,14.274623365563167
29400,13.07430634187219
29401,21.647748458384903
29402,15.716822184824808
29403,17.933148691967535
29404,15.646627913478603
29405,12.485112747062724
29406,12.496006014915197
29407,12.92166001299665
29408,16.016578912811287
29409,19.0204633603344
29410,17.533357603220203
29411,16.686518265170598
29412,11.886964248258383
29413,16.06574689103596
29414,16.128647402559206
29415,13.624187216962698
29416,25.90050059153386
29417,16.094604729220265
29418,14.384661197326382
29419,14.52168054486365
29420,14.201017615101671
29421,14.690486956764673
29422,14.93537124114278
29423,16.884638799946
29424,14.59393504797079
29425,16.616871612407586
29426,15.944740224725512
29427,13.338781518280035
29428,10.930814321164034
29429,9.432417136251459
29430,12.11859552765646
29431,18.07698305756832
29432,19.55720854926687
29433,10.730530177053716
29434,15.741492545583721
29435,15.706802133916776
29436,11.531042181528646
29437,16.6583657803674
29438,15.58720749603713
29439,19.239551163317714
29440,18.647769475972147
29441,14.712621917399794
29442,13.532963268255395
29443,13.807747088454239
29444,20.3893970661655
29445,18.459753493251217
29446,23.884376079736526
29447,13.686826539133003
29448,17.836486712605623
29449,16.829507858082142
29450,16.603275037660907
29451,16.899726679144848
29452,16.517209771410393
29453,14.712477040658122
29454,10.63338372930368
29455,13.690773047154218
29456,14.060405726331366
29457,14.751080213817037
29458,10.839742917276084
29459,13.347325335729852
29460,14.411628745438353
29461,14.908692651790242
29462,15.95436383314119
29463,22.174517091601277
29464,19.796199545661928
29465,16.006958467558864
29466,15.438882089213386
29467,17.117370557357862
29468,13.100838292022187
29469,16.894937126442045
29470,16.300892316896203
29471,17.376486414680684
29472,15.310540254094661
29473,24.360851514552152
29474,15.31395675012889
29475,20.39420029599965
29476,10.934734842275242
29477,19.67865350773578
29478,13.126113522645564
29479,22.52100592533586
29480,19.37276719267984
29481,14.797196889986981
29482,16.231862323404478
29483,15.589831356664053
29484,16.796833074785116
29485,14.190646922691467
29486,13.56824576406259
29487,17.67011169292759
29488,17.102312655410536
29489,9.98109034011234
29490,13.220897107327083
29491,13.865114568375597
29492,16.4751721341893
29493,18.907851196442458
29494,16.29591739584839
29495,14.011120066864775
29496,8.539866273480003
29497,15.650689077645987
29498,17.25736013003612
29499,13.722550808411295
29500,16.2687480352087
29501,19.502172475620974
29502,19.44706504261078
29503,18.759766378090283
29504,19.46174541434348
29505,14.599365447180473
29506,19.25837435252196
29507,17.501622493923794
29508,17.480355971672076
29509,16.15807072407818
29510,19.860808971332695
29511,12.74065502470727
29512,10.594712167046916
29513,14.91363188658388
29514,17.97406076025839
29515,15.707857876935773
29516,9.283137804096743
29517,13.75841592259992
29518,19.938612684587095
29519,14.760371170530952
29520,17.067656625008812
29521,13.19127409771323
29522,14.6774442240497
29523,20.592418841417164
29524,17.99633710840526
29525,13.65959371795982
29526,10.784483587641178
29527,19.353713760311294
29528,11.800232310786608
29529,13.184658099353557
29530,15.70097173700404
29531,20.14487508776314
29532,15.127142998867207
29533,17.376070206003405
29534,15.324068790941874
29535,11.459339188009013
29536,17.800123218091922
29537,18.131365333666842
29538,14.182791279970473
29539,17.474331346517868
29540,12.96377788925503
29541,12.92577184473715
29542,14.281405688977499
29543,18.874583844346525
29544,11.943132567273187
29545,20.17009330662993
29546,11.897054278794709
29547,11.929008259890905
29548,14.324649625855068
29549,15.253918929701397
29550,17.40362168189951
29551,13.043047632451982
29552,15.452533404064326
29553,17.22942104510073
29554,16.603744561452356
29555,12.221162047435557
29556,14.8928698333018
29557,13.61107375812261
29558,16.061707252748814
29559,13.97211037916979
29560,9.822891020971822
29561,14.289616185722444
29562,19.322712409382287
29563,14.246783645986696
29564,16.193537300663884
29565,16.0361883508146
29566,19.1200826887833
29567,14.083167938191634
29568,17.366235218702315
29569,15.862866547688805
29570,16.96379747685125
29571,14.088832266595116
29572,16.197626162124244
29573,11.611359012442056
29574,16.57222995464647
29575,14.126892314649893
29576,18.381348848405043
29577,16.578213240769024
29578,16.120738240523277
29579,10.803545536704421
29580,15.208921168956667
29581,17.402846727960082
29582,14.911599736954981
29583,13.270801500573391
29584,16.906918202265665
29585,15.092280438644195
29586,13.282114504810949
29587,16.74799962762832
29588,16.998512223483818
29589,17.30423478757413
29590,12.987736962704338
29591,16.133803242689602
29592,15.333531434406083
29593,15.167965060696199
29594,16.20391453955588
29595,14.13344489925748
29596,11.65100648569261
29597,16.19794072213336
29598,20.98378334375378
29599,9.93365830508386
29600,15.842805216146209
29601,9.422057604308284
29602,15.26228569321044
29603,11.238382251384282
29604,15.5977175356156
29605,16.37139621030834
29606,13.798352253810995
29607,19.622413421816937
29608,16.8426266159624
29609,13.312759311540797
29610,13.471704449813338
29611,18.013603627624132
29612,12.261532724318586
29613,14.019960809378093
29614,22.430774117650166
29615,13.620689564218358
29616,15.016108488421203
29617,19.241930223749016
29618,12.730753349587637
29619,15.692499487368819
29620,18.076055203077836
29621,14.19304707925373
29622,16.638201479068215
29623,12.319161398655245
29624,16.357506856703598
29625,15.057716593446616
29626,12.209728972605609
29627,17.726602146223946
29628,15.681854398716892
29629,11.837138418644066
29630,16.257980072548527
29631,15.995898577880734
29632,19.259676173748087
29633,17.31195049204461
29634,16.59879283817227
29635,17.924132666129964
29636,15.443582551574794
29637,12.836143176558082
29638,17.49792233209037
29639,17.551135865328018
29640,19.335314785921618
29641,15.162605102262159
29642,13.137985229932736
29643,12.170746557534118
29644,20.412286192922007
29645,14.902476080746963
29646,15.378418092046774
29647,16.944785444148728
29648,16.72388453288679
29649,11.774909550568925
29650,12.318988696315566
29651,19.79594902053602
29652,17.17649382273763
29653,18.054481709702454
29654,14.137897101936959
29655,13.485701779695269
29656,12.946960531352033
29657,17.120045618834283
29658,13.781315163972092
29659,11.294923688045955
29660,17.267443701752637
29661,12.338308405260157
29662,19.019488452086634
29663,19.438421233229892
29664,11.832504133284816
29665,10.795853985285579
29666,8.748616248633198
29667,15.449923708229798
29668,17.076386654044832
29669,19.45507365469685
29670,23.22709097912477
29671,13.788082699808903
29672,13.7345979142082
29673,13.796400883832606
29674,10.078502566032196
29675,18.01417849795546
29676,11.882341461032263
29677,11.371159327150012
29678,18.257251361561746
29679,14.945931333196844
29680,13.056392132189753
29681,20.365908674806782
29682,17.316338986189898
29683,16.09688511655257
29684,13.55860650509609
29685,19.27502830929224
29686,14.396295285535544
29687,14.945811817471126
29688,20.192222564549777
29689,11.984729622261993
29690,17.771159977197787
29691,16.300484063962937
29692,15.18663965464256
29693,13.58978570770672
29694,15.43223174768148
29695,15.165366008742389
29696,17.127639534600984
29697,17.68526951731254
29698,12.30877641855429
29699,17.62972681272587
29700,15.035256446243809
29701,12.137120803029621
29702,22.113306082502955
29703,13.304467705211033
29704,18.827482653391964
29705,15.355289445482317
29706,16.519170656151843
29707,9.620540621104354
29708,22.726832382334344
29709,13.691264574600543
29710,18.356327076010285
29711,13.53636178437588
29712,14.980230225921007
29713,11.941004440953867
29714,11.493547536895163
29715,13.947342165996783
29716,19.447585010640136
29717,20.30855981986373
29718,16.990879972619382
29719,12.685375564683596
29720,16.922637973092385
29721,16.802589349317945
29722,20.91629576593712
29723,10.6208580623943
29724,19.9580087942621
29725,16.995483659941367
29726,14.45694526396169
29727,14.872411597908622
29728,12.220077689930754
29729,19.5084936269812
29730,16.901456437683912
29731,14.1838297940124
29732,15.375829548206495
29733,9.564003175959336
29734,16.1825505773227
29735,19.786355191625045
29736,17.176929498140375
29737,19.915274944634717
29738,15.666629854236724
29739,11.659962927011271
29740,19.891455312350395
29741,11.35026206299189
29742,22.371540980057418
29743,19.818433612437875
29744,11.954445059051958
29745,11.662419140064253
29746,20.250797860035334
29747,16.718685301946252
29748,18.52579979896155
29749,15.11297166243194
29750,25.424023624941285
29751,13.544213412600616
29752,14.58122136216891
29753,14.496622551250407
29754,18.401320902238776
29755,14.131259530983286
29756,13.029054298000212
29757,20.02640498851327
29758,20.18176467956945
29759,12.442363871366595
29760,18.251537624991364
29761,15.592867194954914
29762,19.521855320547555
29763,13.706869361211298
29764,18.932561534694912
29765,15.525669842892805
29766,10.227779372665095
29767,15.178548343504962
29768,14.25750735805368
29769,20.010309948397683
29770,22.177560295380438
29771,13.360805364148323
29772,10.306488398096315
29773,10.178985528748713
29774,15.083695032857165
29775,15.643769356114449
29776,12.387837522251328
29777,18.157049076758103
29778,11.74559191601529
29779,17.887009695259753
29780,16.358971141546615
29781,16.907100244773474
29782,14.293426925908607
29783,15.287372503676014
29784,13.852065954750172
29785,14.29453307043925
29786,18.16434452073668
29787,16.378639310204512
29788,13.874090660982104
29789,15.287701188659897
29790,13.816160075603959
29791,18.430142747829017
29792,12.42519405334864
29793,16.264618704681112
29794,16.990664427325534
29795,20.267591105718612
29796,14.703305326176555
29797,14.362148021898097
29798,17.813499802198628
29799,16.09965865213458
29800,12.143261999024341
29801,11.029720409897275
29802,10.595327138319616
29803,14.497298264028627
29804,15.711650834137014
29805,17.180421146245102
29806,14.572786324013885
29807,11.272938217260087
29808,17.595120881989537
29809,18.45413547180627
29810,17.530453825250003
29811,14.06921945786027
29812,16.23997764188292
29813,10.596018449223767
29814,17.533114820758975
29815,14.535451616725485
29816,14.200385752078132
29817,20.15736660273547
29818,15.39768275047517
29819,16.456993229139382
29820,15.439679201152666
29821,14.138922696909903
29822,16.01134567344418
29823,14.409007754215672
29824,11.960634955942043
29825,14.84971785503013
29826,18.317710167280893
29827,16.14783635741644
29828,14.754101272946064
29829,19.570268367992405
29830,21.75019099630599
29831,12.669763926092655
29832,14.978506282053276
29833,8.490576237465893
29834,17.08284807033333
29835,8.320858888287432
29836,20.58747178889709
29837,9.041252835853545
29838,10.853210802279772
29839,15.896302777716524
29840,18.01395246791085
29841,17.51386497714585
29842,18.048323439548515
29843,11.06320162395788
29844,16.152135608394776
29845,16.363263637542648
29846,21.361358948163854
29847,11.388401720734699
29848,15.0556914802648
29849,17.726492293142552
29850,19.25228656777012
29851,17.83250053526234
29852,20.811942593951407
29853,16.7295367801367
29854,11.134318772438089
29855,13.009457644095901
29856,15.170557118020442
29857,11.141444940845567
29858,15.859225524629492
29859,13.951890817254386
29860,17.015724162687903
29861,11.448501518533783
29862,11.647705490260067
29863,17.56268319877369
29864,12.961937908631716
29865,13.478883737030984
29866,10.047357239869035
29867,17.753121772184706
29868,10.759392786950123
29869,12.662947633338545
29870,14.056845849795664
29871,12.522173929619962
29872,16.6892649906037
29873,17.885726685293257
29874,21.498234543791035
29875,12.986275215488433
29876,16.493777205640974
29877,15.874331368328438
29878,19.18786883061979
29879,17.695674842676045
29880,14.620210764509812
29881,14.481544717421407
29882,11.3112913326358
29883,12.336240986377476
29884,12.760093565602848
29885,11.436370916984718
29886,16.107900870840425
29887,18.00141720972399
29888,13.157127168673245
29889,15.28675834128092
29890,14.73781265803847
29891,19.774193364502572
29892,12.045263564289407
29893,13.555684657213954
29894,18.75882563551779
29895,19.242095471746683
29896,14.688191639296202
29897,14.568949396657509
29898,20.32593274295383
29899,12.863319480264465
29900,16.47050971164285
29901,13.416402062400547
29902,16.987828737402044
29903,12.645746481223703
29904,12.356815633335353
29905,17.74331635062711
29906,12.24322608642346
29907,10.416377809832632
29908,14.086800507584092
29909,11.794170259387782
29910,17.074831871469506
29911,11.06366392978308
29912,15.022744951953118
29913,10.985572179174957
29914,15.755261312145848
29915,17.53991095865904
29916,12.698485857678364
29917,11.286926428027552
29918,20.145889137307233
29919,17.242035444370966
29920,15.955028062564448
29921,23.153987441269695
29922,16.782084678535178
29923,18.15866603653848
29924,13.10799685577454
29925,11.282233415631675
29926,17.933659614104318
29927,13.470334048987086
29928,12.643240301621024
29929,18.683886600506053
29930,12.006286603985943
29931,19.713566667634197
29932,13.080869628673828
29933,16.875705840479817
29934,16.790016531958123
29935,19.18825646626197
29936,14.689678281252363
29937,16.275098394992288
29938,15.065524662063481
29939,16.43151417358347
29940,19.595251766443337
29941,17.41416816191241
29942,13.951332631721334
29943,17.852811094873488
29944,12.651373610059961
29945,23.88026443769682
29946,15.026986221715132
29947,10.219563110089622
29948,17.301614173168613
29949,16.621720997322917
29950,10.660494023019718
29951,19.183541230815727
29952,16.910409341005302
29953,16.899481236882888
29954,21.861144969980145
29955,11.865363127829372
29956,16.332549923339634
29957,19.28605721385295
29958,19.428633500168313
29959,13.655782830916195
29960,17.431516318052083
29961,15.936968760005271
29962,16.161413583495282
29963,15.720783040452083
29964,12.986994051213092
29965,10.78857707459553
29966,12.292786164186195
29967,13.430816927247566
29968,14.694332336439475
29969,13.237264296768483
29970,13.77840524294834
29971,10.629699291448066
29972,14.607362516433849
29973,12.077087775078095
29974,17.951239713781174
29975,16.8480649019973
29976,17.642831320699628
29977,16.14261586886029
29978,14.05113859861216
29979,17.612541757242973
29980,17.962203026744586
29981,13.768948984096737
29982,17.997603326354927
29983,14.391091715141837
29984,12.534097809772549
29985,14.76872304892428
29986,13.277627135351
29987,15.840936838045213
29988,12.498949591377151
29989,16.655332954339332
29990,17.037977256908015
29991,13.022298277983388
29992,12.18549727619929
29993,14.275209855520103
29994,14.01849639334669
29995,19.27401019856449
29996,17.868084031064953
29997,16.58883908176158
29998,14.170232763116159
29999,16.37816924527932
30000,11.87524486266817
30001,11.878634609270721
30002,17.86369711215442
30003,15.18506426212544
30004,19.03055122522038
30005,16.949232994579074
30006,16.05617997264897
30007,12.358867573199307
30008,8.557617498834253
30009,10.073341177831324
30010,14.912463551238458
30011,14.504006705718062
30012,17.42436919849316
30013,17.331397694151224
30014,22.949861112752956
30015,17.285103979859397
30016,12.295118911255422
30017,17.03800225549077
30018,13.214492360462389
30019,24.02110742530785
30020,12.579709126729776
30021,19.922768251177942
30022,18.544223915958828
30023,19.636140877095396
30024,10.583574803748874
30025,14.536668218984946
30026,11.041907369548545
30027,16.65220036942835
30028,12.453866833003909
30029,18.259197531738526
30030,15.249729264793887
30031,16.148805930516858
30032,14.086060971961327
30033,15.360884933995903
30034,22.308362790352223
30035,16.69938308623089
30036,17.417843479546203
30037,12.064810594102026
30038,11.021479012886203
30039,12.953934501740711
30040,12.306930860373205
30041,13.083851534256388
30042,15.782122017268286
30043,18.36671493690382
30044,19.83100981824388
30045,21.96293854724514
30046,15.550435808106078
30047,11.302412549550708
30048,12.832460595769769
30049,9.961134987029919
30050,18.17840838520471
30051,13.770517528338388
30052,16.11050443294615
30053,15.929610965349383
30054,12.294998253877104
30055,20.07571714672814
30056,16.27863308145001
30057,14.942174750806448
30058,13.463379939757807
30059,12.224683784710997
30060,12.28593542934339
30061,10.663039857893496
30062,16.07759309655945
30063,16.904929029443785
30064,15.03585815953186
30065,16.57769115663953
30066,14.271449558305044
30067,14.456781854884339
30068,12.402368049364254
30069,20.708754350265323
30070,13.337375639940833
30071,15.76335495292668
30072,17.087780598756694
30073,12.116944732919059
30074,14.106039431889311
30075,16.251845655500514
30076,14.069959521831162
30077,17.138650851498905
30078,13.093717768214846
30079,11.694036620425091
30080,15.290462212195267
30081,12.24475811802303
30082,11.67111885303918
30083,19.392308510891038
30084,16.627938703617055
30085,9.544914257176972
30086,11.248328266245547
30087,11.681553954415438
30088,14.144534621082826
30089,14.5042370235991
30090,15.93164386979607
30091,17.600280820772902
30092,17.530309191746092
30093,15.19984208349837
30094,15.39360754675768
30095,13.528179222470792
30096,20.302330879729976
30097,16.299008682706834
30098,13.424296378693265
30099,16.95709289918309
30100,15.959108217665436
30101,15.385182902925544
30102,16.686186301189196
30103,17.923718154164803
30104,16.775296120760075
30105,17.278018606202718
30106,17.21218598763466
30107,10.654458288033643
30108,16.8270287402493
30109,12.136874045598416
30110,16.124014898391188
30111,17.250097332702982
30112,16.680491022584302
30113,11.125886990584247
30114,14.664998368882726
30115,17.12525661495928
30116,17.836609376120023
30117,15.215147724228913
30118,13.521816559319975
30119,17.202554706540244
30120,17.967889508074304
30121,17.548000284015206
30122,15.711483940136246
30123,10.456836757041916
30124,13.26330206504315
30125,13.197640982178589
30126,11.386367528499209
30127,11.500695302513638
30128,11.2579951728732
30129,13.563278694899301
30130,11.765254799633537
30131,12.968424588310981
30132,14.589455159684436
30133,15.238008126242795
30134,21.705678945839118
30135,22.578075917881304
30136,18.08065331294509
30137,14.836069888931384
30138,22.572846616562867
30139,20.191478296253212
30140,19.234497819016884
30141,18.08104310399566
30142,17.924316087071734
30143,15.752843429935284
30144,12.650136800738863
30145,14.305276965530382
30146,12.902831435368117
30147,14.10132677148543
30148,15.260337091607902
30149,13.39528886752553
30150,12.073464393432014
30151,11.335391481713275
30152,15.392471492620063
30153,20.68451366770221
30154,21.302454637681315
30155,15.275614597881445
30156,21.381719449072992
30157,18.033985140083626
30158,12.529252684828572
30159,16.372879030575213
30160,11.42834535627668
30161,12.659262841610744
30162,14.368138362386052
30163,22.391244091658216
30164,19.126706968670774
30165,11.319024990889936
30166,14.750846926440142
30167,16.19337801302865
30168,13.899853640442512
30169,18.250834868906345
30170,15.58118758121143
30171,14.252645321057763
30172,18.397000899306427
30173,12.494242195059972
30174,12.367311556997048
30175,12.437402651870634
30176,20.358774138698806
30177,17.99232926924071
30178,14.496795887987963
30179,14.20897056309109
30180,9.691385904348406
30181,15.956259604572386
30182,11.997027587088711
30183,18.49352610560479
30184,18.242889839911385
30185,17.26227456002963
30186,16.793602354319678
30187,16.112067159206656
30188,13.512781735326554
30189,17.992272698615093
30190,15.110184230403945
30191,19.467335199404417
30192,11.575483062202764
30193,14.366893507252911
30194,14.368463462987986
30195,18.33637365316123
30196,14.481138542079162
30197,16.29026479958698
30198,10.965647326109348
30199,11.289416818020605
30200,13.209226369334912
30201,17.39399099879547
30202,19.889078873992624
30203,15.283052346264668
30204,13.40401376701136
30205,16.309956252266
30206,16.013990299962718
30207,13.237149796433354
30208,14.266762957833706
30209,18.39294759145229
30210,14.792000772164023
30211,11.865377178031375
30212,17.01285791598352
30213,10.517540925699972
30214,17.860891206918417
30215,15.294914128500038
30216,10.88270235934202
30217,17.73516775893946
30218,19.931093953991137
30219,12.346789188242644
30220,11.033098922014249
30221,19.87363243448626
30222,15.558138788739765
30223,11.394917184396608
30224,17.83643452443329
30225,12.722409570032573
30226,13.085151515544963
30227,13.748249138033065
30228,19.554529071501292
30229,13.182831322798584
30230,14.457393014266769
30231,12.706889631811807
30232,16.144795528368086
30233,14.19644412171319
30234,16.520275518782576
30235,16.424652355061475
30236,16.606609783970818
30237,18.06473837191137
30238,16.32575421689444
30239,16.71916011438296
30240,22.659673430199803
30241,19.348861884413893
30242,17.794456624343837
30243,16.93415091540355
30244,17.805811764111187
30245,14.72248336894673
30246,15.584010215954985
30247,19.931061078842923
30248,15.098063211663604
30249,15.684105225992761
30250,12.16163663684005
30251,16.521941480486767
30252,13.121432531638701
30253,17.09530350634455
30254,17.135011367312927
30255,12.884598000562882
30256,11.381411450276183
30257,15.09558585263531
30258,17.741178864284134
30259,15.055028910149415
30260,14.326907501974375
30261,17.197492288849755
30262,13.947328882952878
30263,14.756015385237454
30264,12.710079327700635
30265,20.50002587968976
30266,13.208804972877859
30267,18.690483347709957
30268,19.678132636777367
30269,16.282001400452906
30270,12.52811031456241
30271,12.99764091811678
30272,19.79615331256269
30273,17.277439816411707
30274,16.837435765631323
30275,11.436127658198842
30276,14.076372572690424
30277,21.477188415291444
30278,19.340806131865826
30279,12.026628108762697
30280,17.987399924751358
30281,15.703407322565166
30282,10.83261348900155
30283,19.827313420986265
30284,11.412419547809641
30285,16.136921338179878
30286,13.299994615572254
30287,14.95031500717345
30288,16.69640925339347
30289,17.36057629313852
30290,13.581767573648884
30291,11.837628610061289
30292,21.84623773286312
30293,17.986582928070547
30294,17.3842449023587
30295,19.061649039299212
30296,12.686876719425458
30297,15.097875731142333
30298,21.604830263961244
30299,17.160404375193384
30300,13.870536331343143
30301,20.634409604733186
30302,16.3028187453664
30303,9.594517120521132
30304,13.544935688563458
30305,15.240970535121459
30306,18.127865495629006
30307,14.85492713009124
30308,10.475192729451564
30309,16.285421432781284
30310,9.59327663538893
30311,20.829282367291555
30312,11.399496300178617
30313,20.26869194583543
30314,17.24218133177099
30315,13.913837275029927
30316,20.315238447737567
30317,17.341429467182753
30318,21.589079663323204
30319,18.093948208386443
30320,15.645828787396914
30321,15.108181025147289
30322,18.247281787289893
30323,11.350826027626178
30324,12.771408798688753
30325,17.845071688573316
30326,22.800954332162174
30327,16.659576777278183
30328,15.084483876926958
30329,16.56375878839378
30330,15.814108930272736
30331,14.329678912163502
30332,11.487905266723466
30333,7.9134917615538924
30334,12.821380831266865
30335,14.572730772471182
30336,16.39713483383681
30337,17.364689570489812
30338,13.40181504802728
30339,21.497999760510986
30340,17.89753906584719
30341,14.725384174926141
30342,18.74347593866229
30343,13.064232451143319
30344,15.335004723309659
30345,14.89690995766014
30346,21.277755151522182
30347,12.46146999917717
30348,21.181661870628158
30349,15.687315098302399
30350,21.61346347316329
30351,14.804652636683725
30352,11.23304852496784
30353,16.45060081082257
30354,10.46321640360257
30355,12.461331170990976
30356,11.57953434836174
30357,15.602352860827695
30358,17.832817149447173
30359,17.00208286494882
30360,20.03269180518814
30361,13.698164848266961
30362,17.468795635713583
30363,14.796023465862067
30364,12.34242020225341
30365,14.453778781781677
30366,15.922804234556779
30367,12.763394801390316
30368,23.4141522305595
30369,13.169169571900134
30370,16.301735341434565
30371,14.225076626222933
30372,10.360057007938632
30373,14.804436792330815
30374,14.943333727136679
30375,14.839056246121856
30376,16.331667707507386
30377,19.3262231954667
30378,13.748518262708426
30379,14.521128470422223
30380,16.9882468422922
30381,17.55436360146381
30382,15.25279458759088
30383,16.822637515458677
30384,18.95048321662896
30385,16.54141279209872
30386,12.401182131179615
30387,14.160785304054938
30388,15.98586793670998
30389,10.83159705255114
30390,16.643630852835177
30391,16.55554894786483
30392,18.32582541375734
30393,16.098645973703817
30394,15.650862331898175
30395,21.32706992223742
30396,9.959237211470375
30397,12.299047284351053
30398,15.857030988696085
30399,14.236959544971583
30400,12.982739008515459
30401,21.7408388305119
30402,14.109475297279022
30403,9.2018541479445
30404,13.012957552733964
30405,19.149038139931974
30406,10.762131781139466
30407,18.847069769062546
30408,14.490529019060743
30409,12.368492833718824
30410,11.752877852230883
30411,15.972573798908433
30412,19.280775311482405
30413,19.154685829959227
30414,17.14962059650571
30415,24.033918649219824
30416,13.152758037949605
30417,13.472169638517567
30418,15.933223744891528
30419,14.553173856482061
30420,17.359648665102693
30421,18.010155881574413
30422,14.969669945841408
30423,15.624278279666104
30424,19.27956513978826
30425,18.641834467082372
30426,20.21549323378786
30427,17.34525146376713
30428,15.903587455042576
30429,15.962222917826466
30430,11.155606184470264
30431,12.770373828072879
30432,16.25684894442415
30433,14.814594271093378
30434,15.210554799922924
30435,18.018340959079783
30436,14.424379340407226
30437,15.728182131309072
30438,16.724405161985345
30439,17.416835620678203
30440,9.43930594201036
30441,18.677289134428758
30442,13.290456313561709
30443,15.949387051110893
30444,18.376522780539943
30445,13.221528053425152
30446,12.342434859017159
30447,16.538759407056553
30448,15.144993603389798
30449,15.21322766403175
30450,12.276782085041397
30451,21.49974615460233
30452,14.253197853165831
30453,18.604583142283648
30454,17.916361824995374
30455,15.31389328433565
30456,16.4591987994531
30457,16.224629099070423
30458,13.055869844474104
30459,13.757306440063015
30460,16.092133491391834
30461,17.020901722162858
30462,16.57914538368547
30463,11.847431097610146
30464,20.888102923051584
30465,24.530780672998997
30466,16.46437947948616
30467,14.822224304264608
30468,14.868009640681557
30469,14.90875966068777
30470,14.169414104480781
30471,16.447229406887654
30472,16.025464139400395
30473,12.903709375172983
30474,18.400602739118902
30475,13.04911465778812
30476,13.489257988744864
30477,13.711059317129296
30478,18.035199811258476
30479,12.353204026779437
30480,20.919722866782397
30481,18.26045308011098
30482,14.924078911346866
30483,20.426114708331326
30484,23.41666889422748
30485,14.129551544846798
30486,11.732759709845581
30487,13.748020351942367
30488,16.214400545759222
30489,14.969953205378884
30490,16.6226872229867
30491,15.652374371084479
30492,11.841387181540147
30493,13.778785879620502
30494,13.658333258243397
30495,18.63127370551582
30496,13.307323593436163
30497,16.62540431224987
30498,11.919983092591552
30499,18.415635312870368
30500,15.371399136003284
30501,22.256605370570664
30502,20.436288701542928
30503,17.60793373632183
30504,13.904125011246322
30505,12.718274969797644
30506,17.941922477589156
30507,18.181491568990342
30508,12.562879052927698
30509,9.300632038647827
30510,9.458572258841274
30511,10.849493266286306
30512,11.20374852027307
30513,14.928019813516414
30514,18.21871901275186
30515,18.750669127864963
30516,11.943723039694744
30517,15.045286213221532
30518,17.21154817406837
30519,17.871831251704897
30520,11.577789242445242
30521,14.99918720337505
30522,13.703804004841356
30523,15.97361882315654
30524,17.331278639599688
30525,18.732336153991156
30526,11.235956406163204
30527,16.037701984478556
30528,13.893276840914858
30529,14.320489372028335
30530,18.020534428933356
30531,12.948204509324313
30532,14.556732543336247
30533,12.351710547036568
30534,13.743931534290198
30535,15.068900853528937
30536,14.383712602397917
30537,13.726325790553606
30538,15.981900578922795
30539,16.298010146366796
30540,15.654518719319217
30541,12.274245418798529
30542,13.179539542108902
30543,14.082339944301632
30544,16.50364458661125
30545,13.860055966776676
30546,11.222268964337347
30547,16.918826930454344
30548,18.920745438728378
30549,18.71286923721256
30550,20.019496382064915
30551,15.65256159122168
30552,16.907484932003946
30553,15.140623353970723
30554,15.0508940012599
30555,19.467690047508984
30556,17.828561401946928
30557,17.664888166444378
30558,14.168686122862095
30559,15.304383914533231
30560,21.23068688562991
30561,20.65115170076654
30562,16.46014143320012
30563,17.223239685951384
30564,13.626915118813491
30565,9.494500420357259
30566,14.92877741566138
30567,11.134797621906886
30568,13.736721320197235
30569,17.05709942716262
30570,12.963416779408066
30571,10.327187813811323
30572,17.954365457789713
30573,18.686574297923965
30574,14.3276981991328
30575,17.245441973682254
30576,18.68911034787642
30577,14.677855279228494
30578,12.239472414328047
30579,10.813264465675026
30580,15.19344476356681
30581,14.734556127490585
30582,14.679908059452584
30583,12.589083082910198
30584,15.518463749081382
30585,22.12382906632019
30586,23.198393077371758
30587,13.37213710753842
30588,19.771153197287045
30589,13.462799310184224
30590,15.216260488860993
30591,12.424157566265674
30592,14.351460791431018
30593,17.893693124667784
30594,12.219846406696592
30595,16.74458234757105
30596,13.75398173550125
30597,19.028103040164538
30598,17.33555124868292
30599,10.872149726740734
30600,17.91189918588677
30601,14.091422194001733
30602,16.572218624334663
30603,15.316542755626957
30604,18.51456249531508
30605,12.179268581451767
30606,12.976924466099886
30607,15.073574433323682
30608,25.323966039403437
30609,13.913870760713209
30610,11.795264531645849
30611,12.89684555150495
30612,13.875676092588858
30613,17.17452027956243
30614,14.369636262957636
30615,19.445022388258995
30616,13.075692967837604
30617,14.825679225976794
30618,21.001879940766205
30619,11.885032382805168
30620,14.024269491177648
30621,14.141837690809322
30622,14.711582892025856
30623,12.765738939890126
30624,17.17584317212401
30625,18.211532845510156
30626,14.595907481325733
30627,18.75817110159648
30628,14.546688384817514
30629,11.468892269698648
30630,17.42195101136255
30631,12.471834596589805
30632,23.23092296295
30633,10.771437855309676
30634,11.206693647718458
30635,18.883753612249997
30636,17.44999716884492
30637,17.763548011426117
30638,8.926515821639686
30639,15.451777257198815
30640,15.89571012920672
30641,13.639450587941623
30642,12.675305405479003
30643,12.25998542984408
30644,16.136411471802354
30645,16.404493679310885
30646,15.764241874174056
30647,11.51749335498812
30648,11.41847157481682
30649,14.805441006618643
30650,17.2049065058206
30651,20.243744406378045
30652,13.302200562085666
30653,17.221335914552753
30654,17.831949089772415
30655,16.634007462396706
30656,16.3215968063634
30657,19.90100900215855
30658,13.50917410680853
30659,16.909912117698465
30660,16.468727820036705
30661,13.45992173643038
30662,15.14526797857251
30663,15.954667765936405
30664,14.579645473847235
30665,15.069820515501224
30666,13.109735964640091
30667,13.64132899896555
30668,17.719178757476108
30669,16.04639922971974
30670,13.620188382910225
30671,13.218558184727067
30672,9.635462529347912
30673,12.786182718989712
30674,20.59512804980172
30675,19.989206680484493
30676,21.237085821628213
30677,13.363836139081737
30678,13.175863592915594
30679,19.253810917807773
30680,14.462375221534394
30681,22.63541070373062
30682,14.70006302450107
30683,16.769614877808685
30684,11.484544374204214
30685,15.571821683043122
30686,15.294127345058527
30687,16.443801491185845
30688,15.119150051373584
30689,13.991450216565843
30690,15.682753542397974
30691,14.737178148446425
30692,14.340306985195502
30693,16.14932038923637
30694,17.191404018993484
30695,14.305591973240013
30696,14.783086065926657
30697,22.766995453525382
30698,16.521965134080077
30699,17.11484954444159
30700,19.050170388122517
30701,14.469135119233291
30702,14.66503276474167
30703,13.56018992593001
30704,15.192214016317509
30705,10.349860640969279
30706,18.707160199779718
30707,17.999326057282556
30708,17.919534805292145
30709,13.432536608826878
30710,14.937760347734988
30711,15.98540621196883
30712,18.608639238040652
30713,15.636407507831922
30714,12.566931261910092
30715,11.430859918790667
30716,20.823574116138097
30717,15.642716456628651
30718,15.890479410260776
30719,16.95816108044471
30720,17.76559618722112
30721,12.086300708706725
30722,12.676284863989675
30723,14.65595836620268
30724,19.78262934281096
30725,15.598281470869622
30726,17.222981428210396
30727,12.389929831153967
30728,9.837652290157154
30729,13.052509639055895
30730,15.488296877878264
30731,15.739173041948856
30732,13.241169056852485
30733,18.741775054388008
30734,17.24752900854428
30735,18.05665589552528
30736,14.806979962805828
30737,17.854741233995455
30738,12.567093020393102
30739,16.469436663611607
30740,13.247485576086081
30741,13.435130764935304
30742,14.112396686584981
30743,20.029973595258067
30744,15.650154999851921
30745,21.320303982485395
30746,12.674199686499422
30747,13.640453170994252
30748,13.742875883472117
30749,22.551051545257547
30750,19.612717804021617
30751,16.098884547964815
30752,16.311436018626893
30753,9.578245325380124
30754,15.602518759415624
30755,16.25179504248462
30756,13.483305302657584
30757,16.718004549505356
30758,18.65024572987483
30759,20.233246594650847
30760,14.333070390310647
30761,14.47973440693869
30762,17.056246742334725
30763,16.124903141909307
30764,15.62610030463005
30765,11.623427956754657
30766,23.381981611895448
30767,18.088452623385123
30768,15.929578208266832
30769,19.366653372835387
30770,10.486308891463164
30771,16.387606089211786
30772,12.295867411697756
30773,14.36554608239898
30774,11.1854746429632
30775,8.62467535556338
30776,13.539539502198288
30777,19.342051056140626
30778,11.991478777868688
30779,10.563801487835217
30780,14.896138989875922
30781,18.223819469416178
30782,15.223908972548177
30783,14.076181743277646
30784,15.298031556722572
30785,15.689310515578665
30786,20.367993714147044
30787,15.009536719353399
30788,11.03824566083468
30789,15.964386057516059
30790,17.04186655237957
30791,14.246611730968647
30792,12.832222418233208
30793,13.252491762726118
30794,10.882324559711593
30795,11.04557924743376
30796,19.937515475443995
30797,19.50622848630051
30798,13.946462276130816
30799,15.632979015727662
30800,14.8334832688653
30801,14.6314799879411
30802,14.005037173278422
30803,20.136203621641872
30804,13.838842432863562
30805,14.421076731643693
30806,16.570174492938246
30807,9.67214341203464
30808,23.312255763556195
30809,17.203698287477412
30810,16.835762258248174
30811,16.663733653921337
30812,12.887240965625923
30813,20.682844951778094
30814,22.97919459039027
30815,18.271757552688637
30816,13.006925971002959
30817,14.490648215005823
30818,20.471860456937076
30819,11.891082806466438
30820,17.715548373462536
30821,20.63829715894461
30822,20.15117415176934
30823,11.475234232397742
30824,18.604992401133597
30825,17.187724419159352
30826,9.222074832651561
30827,15.096388134149473
30828,18.800131672558784
30829,16.447578494862146
30830,13.722555480189401
30831,15.025702176813647
30832,17.719840397981436
30833,13.727279367734166
30834,14.880766568321532
30835,16.569214725767328
30836,20.646192632422697
30837,16.4390699499156
30838,18.853578254269063
30839,14.97305343130588
30840,19.040072700770402
30841,15.297462863167066
30842,14.90003925155477
30843,17.345045334999543
30844,19.16749254816325
30845,13.441852553952025
30846,11.875327465190162
30847,20.231647454091934
30848,12.353382301452758
30849,15.39281665653559
30850,13.362487179531858
30851,16.6498395298505
30852,14.08895009413457
30853,11.576021118838245
30854,23.71222052690955
30855,11.924055275285275
30856,14.070051331862228
30857,13.444792064472503
30858,17.785039796232315
30859,23.4846185421717
30860,15.647638387640166
30861,17.60691645683698
30862,18.374984174252823
30863,13.298472998959426
30864,19.376895951212447
30865,18.854700965136278
30866,16.147242514871333
30867,13.377430886493222
30868,13.852662367944511
30869,18.851894931321834
30870,15.899519361064751
30871,14.371262349729495
30872,15.61618636116621
30873,17.491680912917474
30874,10.132407778995105
30875,11.514292061142035
30876,19.18992004863686
30877,14.948781395018024
30878,19.633294297875484
30879,10.574285480215815
30880,14.428997626106298
30881,16.684669935706914
30882,13.362190467914392
30883,10.64653850717114
30884,17.198340466295654
30885,18.00270296966093
30886,12.443131575610424
30887,15.329408551459723
30888,17.372031746244826
30889,15.743792732307293
30890,13.96848332768982
30891,15.020118187498838
30892,15.421480793556537
30893,20.43670109296455
30894,16.894928087090932
30895,13.326451435537777
30896,10.36732442072157
30897,16.73291318793825
30898,16.544184291948866
30899,15.402238096907096
30900,12.340354562427915
30901,15.225288720978023
30902,16.127030444414267
30903,19.54295854964585
30904,13.526377857750703
30905,15.579834080345549
30906,15.69029304530191
30907,18.76036322797185
30908,24.007410406345702
30909,14.509603750679823
30910,11.607494130087078
30911,18.26969546601444
30912,12.991107143379688
30913,14.474474351516626
30914,10.549656696181179
30915,13.310283759721106
30916,15.637158975289644
30917,9.332842849614778
30918,12.223928069618028
30919,17.250204632300655
30920,15.543470475149011
30921,14.335865524709973
30922,19.986500363993773
30923,15.142623772220416
30924,16.456942520819304
30925,11.647354853468336
30926,17.015852556553753
30927,14.82170419658225
30928,16.649277348243878
30929,13.37583971130821
30930,15.995190403364697
30931,16.75426821588378
30932,20.33280613893082
30933,14.15405975859735
30934,18.03772147640972
30935,12.844635263874817
30936,18.87441101169923
30937,10.844806184845746
30938,20.671738509761163
30939,10.565905339852092
30940,13.827050535571413
30941,14.194547296240328
30942,18.766941493959298
30943,15.399681017789003
30944,15.572759989287482
30945,15.698029169014484
30946,17.33612281314129
30947,19.482783454308024
30948,11.497383085424453
30949,14.621111181708962
30950,15.210400050822017
30951,17.335461492063146
30952,18.377637812862087
30953,14.355953713045157
30954,14.170646712607457
30955,19.054014643887857
30956,18.172623707950766
30957,14.848107057090786
30958,14.34576300262611
30959,16.430213001504583
30960,18.9536137802413
30961,12.78588789648707
30962,19.370235946717536
30963,15.306687697452704
30964,19.734290687524464
30965,21.194999918434423
30966,18.872106464920762
30967,15.889268798256527
30968,16.35558176292806
30969,21.23352793956481
30970,10.692721655550299
30971,17.11197299585519
30972,16.756652807673834
30973,13.200046878867267
30974,13.553911351572616
30975,15.499978222360435
30976,16.906190819200386
30977,17.617917355406792
30978,19.04256498562614
30979,11.935216834128475
30980,15.426190135290785
30981,11.915313515383923
30982,19.530516045439782
30983,14.577476173876981
30984,14.349804657156522
30985,14.745724795187307
30986,19.11480511861778
30987,19.040773023328654
30988,16.28334633812567
30989,13.591135900346625
30990,18.282877261004394
30991,16.206004912251323
30992,19.69144602246387
30993,12.968494611868575
30994,17.12819431838185
30995,12.10630419897656
30996,12.816840939872035
30997,13.577281164773435
30998,17.499699983163136
30999,13.54420433146591
31000,11.409154189090374
31001,15.967559445223888
31002,16.878593311413272
31003,17.369226097574437
31004,15.227720652939686
31005,13.427929646584055
31006,18.510707813517783
31007,12.915659743987005
31008,16.550191448200383
31009,13.247272897596782
31010,16.754151775663303
31011,9.649195740188523
31012,20.49562882789541
31013,11.774743087208405
31014,14.742535517180034
31015,14.684091284763168
31016,21.20372721601744
31017,14.774804074234227
31018,15.166079533515294
31019,18.94685987691351
31020,11.101996278869576
31021,13.642801004930382
31022,15.757854751581675
31023,19.747999554551164
31024,18.471095310777233
31025,15.559068884152236
31026,15.500622816713683
31027,20.624560392080443
31028,15.083718101170103
31029,10.510803724011083
31030,17.2280990149776
31031,16.735464427312348
31032,13.069178638007651
31033,16.133068674164114
31034,21.497627005630786
31035,15.128759373918939
31036,8.451158293905083
31037,19.835900083752804
31038,20.490400530658242
31039,12.255376771397987
31040,15.233608071878436
31041,18.05017286826718
31042,14.115418174462658
31043,15.993829069196762
31044,9.951463409773938
31045,14.905249156992989
31046,12.528394785441714
31047,9.452633655918106
31048,20.627630733985683
31049,13.004307953164647
31050,18.519484989344942
31051,12.673123782123556
31052,14.829364863801255
31053,11.456107554159164
31054,13.233780973024306
31055,20.65980313227383
31056,12.101442411112531
31057,17.155636021451798
31058,14.824543590170858
31059,13.30819684637009
31060,19.94093569553513
31061,13.352222048450987
31062,21.67468131585987
31063,13.574944164726622
31064,13.426539219044399
31065,23.97509461330321
31066,24.984448649106923
31067,17.07751095018394
31068,16.533935206326298
31069,14.551039626047567
31070,12.346831397732183
31071,20.55468655828067
31072,15.735832504765245
31073,21.29562803055161
31074,12.849264972289419
31075,18.46532080135977
31076,12.1871323488945
31077,10.208100532678294
31078,16.81254909657399
31079,13.448852048747668
31080,14.880754970841593
31081,16.510309485690254
31082,16.160017021153823
31083,14.644405067118873
31084,15.612050290480509
31085,18.584246790172227
31086,17.3788028952253
31087,13.034665471098695
31088,12.605773568318577
31089,10.904415060508208
31090,16.104184550732388
31091,15.773446167670693
31092,15.840393201227023
31093,10.634068559910663
31094,16.998923046379378
31095,14.19033740254826
31096,9.166709753369762
31097,10.834997529694823
31098,11.890545719976055
31099,16.211384717101744
31100,17.872612879393014
31101,19.475045618800664
31102,19.831213007619258
31103,21.228691693762748
31104,14.601796808115981
31105,20.58443023074767
31106,12.426878560210659
31107,11.81655951092935
31108,19.17398126911491
31109,15.23913911241505
31110,13.59911143344127
31111,18.483940294924224
31112,15.15835301936476
31113,14.95305557793462
31114,13.778155161786277
31115,11.860156738905415
31116,9.182548909840467
31117,13.841554434778038
31118,18.163377631022804
31119,13.12143598301886
31120,17.983856755130613
31121,13.454736516405264
31122,18.230440163461004
31123,14.851531806810424
31124,11.391199878424883
31125,16.481546037918786
31126,12.561040466034758
31127,12.585593768378565
31128,13.893620716960138
31129,10.593501876334418
31130,11.377435893482405
31131,14.251138425005418
31132,15.0827938961211
31133,19.25443123425767
31134,14.558717639650304
31135,12.115731031178766
31136,12.060489280094327
31137,16.339788745332122
31138,12.375772214390688
31139,11.234436720966565
31140,15.560179196934605
31141,14.423581605155972
31142,19.65520551148124
31143,12.437305481926945
31144,19.817151191558157
31145,19.50197571480705
31146,16.13293642189208
31147,17.87994457193726
31148,14.626520952817616
31149,9.217327095397092
31150,13.006683073770642
31151,20.9473500443552
31152,18.052767947083776
31153,19.21890916983877
31154,10.112976545133096
31155,10.517430711960115
31156,14.560521931245983
31157,18.28555602449473
31158,12.146662163422247
31159,10.603114715991403
31160,18.456470685287613
31161,17.89461660139974
31162,18.289924383903845
31163,11.445895571302923
31164,15.75773676746158
31165,16.558253252663697
31166,14.886642959207677
31167,11.39636702330957
31168,18.15776739284664
31169,11.320366463761689
31170,14.860039861442766
31171,17.5596285753331
31172,21.11182271039355
31173,15.067894307767812
31174,14.490932146384171
31175,16.064187204525563
31176,16.19761270502744
31177,18.641741011301075
31178,21.443661681266903
31179,14.623308276797008
31180,14.882177071131439
31181,13.078909123602983
31182,17.99547068200495
31183,14.870222733815185
31184,15.783575737718634
31185,10.934485078424274
31186,12.29733820867503
31187,11.34152234679515
31188,14.343363131837805
31189,15.976911508831313
31190,7.69308847645803
31191,15.426260242829839
31192,16.98997745352426
31193,18.9081033715485
31194,16.475733110106358
31195,14.442079547817913
31196,15.691736365849458
31197,21.645171804591378
31198,12.471039477645224
31199,20.388570120602402
31200,16.449967039826074
31201,15.293601085264067
31202,16.637814033103098
31203,14.233669031688628
31204,21.10467037514154
31205,15.177188588066919
31206,20.05556787961634
31207,13.79605385244051
31208,14.123284568051753
31209,14.093106252512845
31210,16.71155698064039
31211,19.480814585938617
31212,16.003870153865385
31213,19.461687663015805
31214,16.87648202707665
31215,14.917292274024884
31216,19.120203888941834
31217,16.923781993115302
31218,18.13750930751691
31219,11.950561526562542
31220,18.16963851395572
31221,11.656038964037522
31222,18.099061105980006
31223,14.189273490786118
31224,15.414375282253307
31225,21.60008574146811
31226,14.908457707479936
31227,15.45766238166043
31228,16.090226325360522
31229,16.13331824040725
31230,17.018204753039974
31231,16.15655496698642
31232,9.529795400103744
31233,21.912289639144934
31234,15.883638024016307
31235,14.419429467622138
31236,19.93126033004445
31237,15.650900431999405
31238,11.360861423198287
31239,19.558982656842737
31240,17.300187587156387
31241,15.109164176376732
31242,11.384428242504978
31243,12.225531232399234
31244,12.282837775371258
31245,14.461546792418993
31246,15.37555084088833
31247,15.790117384549706
31248,11.697607077546667
31249,11.3239065445745
31250,13.64027073780387
31251,19.032766898251424
31252,17.319726109768887
31253,11.98613605248491
31254,15.688030628414861
31255,13.227031505982781
31256,11.953851292171391
31257,17.665054999767847
31258,13.473316261559837
31259,17.551774791899998
31260,13.00229521695723
31261,12.822210182874374
31262,14.155134538866276
31263,15.132938908313296
31264,15.500464176478875
31265,16.23206775370372
31266,21.225485266541014
31267,14.320073101726392
31268,9.925723009417883
31269,15.319674632874253
31270,11.299588468170171
31271,14.543554855854033
31272,13.011393535885562
31273,14.764218967211239
31274,12.811395147179457
31275,18.874647365496045
31276,14.692288295315736
31277,15.706341237384958
31278,15.527360494335255
31279,20.883909978714904
31280,15.445289886426393
31281,13.391278891703585
31282,14.533762185482177
31283,14.474890335695358
31284,16.782408897654467
31285,13.973667138498596
31286,11.417405138182557
31287,11.246001309727822
31288,12.874126895062199
31289,10.382613982721672
31290,12.80514960817369
31291,13.013909921431276
31292,18.184623821962763
31293,18.301410759241687
31294,14.68103788684567
31295,17.72929437200391
31296,18.599307905921677
31297,14.172276786034354
31298,13.767992569057679
31299,11.632274885388766
31300,18.737400639787936
31301,18.04519371358304
31302,15.93029948849849
31303,12.283347586191761
31304,17.62291077408869
31305,13.123858604981878
31306,9.677294786307751
31307,14.925418866000502
31308,14.398594986207977
31309,13.078856697108955
31310,14.062492263288622
31311,11.2516669689825
31312,20.228733057660897
31313,16.786201853119174
31314,18.538382758032455
31315,13.74021474403984
31316,19.687014268812497
31317,9.990693814941563
31318,20.150786211549995
31319,17.91044399077218
31320,13.756787118039947
31321,11.402454418963387
31322,12.1155915247564
31323,18.4072988478341
31324,14.472087244494876
31325,17.640261788519425
31326,14.847656392437925
31327,14.468869973259515
31328,16.41194192343237
31329,14.18191612290982
31330,18.581930992707292
31331,18.81647169929831
31332,18.425220312380336
31333,21.891281412686027
31334,12.537704824421247
31335,15.631860223283162
31336,11.618140629802484
31337,18.87351577428348
31338,17.317934528802315
31339,18.967039930882915
31340,14.08686695500386
31341,22.805864221749747
31342,15.803882898422044
31343,12.262048495962967
31344,10.1171986880075
31345,12.032762740056885
31346,18.78884858111603
31347,11.576834077599775
31348,19.318864820698337
31349,15.331297421397563
31350,13.914870896423189
31351,17.29958097729733
31352,16.916173557190497
31353,11.39253440218064
31354,18.29840687171505
31355,16.47361265448172
31356,16.078634081864543
31357,10.922773569753199
31358,16.779856217459503
31359,12.079952203625385
31360,11.758501842516933
31361,18.672270359444468
31362,14.31193585404541
31363,20.712384948905243
31364,20.231165420049845
31365,16.111735727439186
31366,12.95415526608622
31367,13.807549010361182
31368,15.28160360691206
31369,9.761950077474136
31370,17.121308848986217
31371,17.558538595072882
31372,16.86874352987902
31373,19.464992219992364
31374,19.875036915672105
31375,18.328659162418347
31376,15.26856412397031
31377,15.368563127059533
31378,15.70548058443652
31379,12.274474727666266
31380,14.602935966049762
31381,13.231744151736125
31382,17.419201177747578
31383,10.811867572783685
31384,16.046408833260564
31385,18.12817044211906
31386,18.384893723709155
31387,23.1294683153433
31388,13.919403313019137
31389,17.49782234661509
31390,20.94772100704189
31391,14.379583179640097
31392,12.181725244200903
31393,11.560330017694515
31394,11.441538672903109
31395,18.812765196047415
31396,14.897307025013776
31397,16.89743632364725
31398,14.549377309016394
31399,15.553741672736328
31400,22.07238817334408
31401,15.752830671967718
31402,13.826184628735453
31403,12.040705982466134
31404,10.406570663834312
31405,14.530743696738986
31406,13.338579587303512
31407,14.503324748868412
31408,13.28259952926673
31409,15.776383646640635
31410,12.093028939165956
31411,14.103072834316983
31412,15.492923303978904
31413,11.738615163277144
31414,13.594009577877463
31415,12.504267101865585
31416,12.30205444035127
31417,13.953500326001272
31418,15.099772063362492
31419,17.779731902769242
31420,16.17914986242813
31421,19.323301759124575
31422,15.683508755412072
31423,17.63776328822836
31424,12.257589229092206
31425,13.017408408913637
31426,11.854434032748848
31427,15.611425928165158
31428,12.670651597649783
31429,19.561456599266812
31430,17.002342490513676
31431,16.039047681744155
31432,12.744346039188212
31433,12.243922255708217
31434,16.00257140485956
31435,18.1623736611921
31436,13.688816686445932
31437,15.082042366968931
31438,14.001532018277588
31439,17.821696030898103
31440,12.13782162992313
31441,14.996259016150383
31442,18.10849966912608
31443,14.193203615411063
31444,16.52069356005393
31445,23.10781372275701
31446,15.202795305640763
31447,10.329978522239145
31448,17.264123566411204
31449,16.28304146938725
31450,19.70038692529583
31451,15.321146318835392
31452,15.779212889178226
31453,18.393083451693876
31454,16.236402656885627
31455,11.875231613448621
31456,16.52859187179712
31457,16.773635674418657
31458,15.016620429294875
31459,15.677130149972754
31460,14.956302051837989
31461,12.916116819933235
31462,14.360315152885377
31463,16.905851635948647
31464,17.9150528349394
31465,18.526681670044137
31466,12.813446829652296
31467,13.689541498601963
31468,23.076042414642558
31469,15.723092943591508
31470,17.33012336626986
31471,19.009015218868072
31472,14.553734904563003
31473,15.454944424195318
31474,11.506638995157816
31475,17.948532060569175
31476,15.98420330899783
31477,17.393553154209503
31478,15.265610156171176
31479,9.350574645091942
31480,14.978034485311225
31481,9.02801775326408
31482,14.063226576110898
31483,15.13719207966622
31484,15.722825706100169
31485,19.802547884302278
31486,13.948106934166313
31487,17.333154829237923
31488,15.602169390975735
31489,16.448953746879614
31490,17.293293816016984
31491,11.602270097523512
31492,14.375804839642678
31493,13.656570762724437
31494,11.796785162170954
31495,16.41303489533803
31496,16.125628703363702
31497,15.319336799389793
31498,17.397231856373633
31499,17.812817042367964
31500,13.159336828843841
31501,16.77399854951557
31502,14.109910830811451
31503,12.672920450705208
31504,17.8076112631912
31505,13.698498274800752
31506,14.840708692566979
31507,14.245811511384185
31508,11.960275824927114
31509,12.217353476764723
31510,16.45782601634472
31511,17.02081955547289
31512,17.43201315663175
31513,13.561191866274429
31514,19.287202359882322
31515,13.424075045553899
31516,24.271894621172283
31517,17.720004421181468
31518,12.816650419653723
31519,14.064844846554147
31520,15.974997882510769
31521,14.24395519815743
31522,16.271921601907792
31523,13.34262513430221
31524,13.07124754046741
31525,24.56713481156276
31526,11.994289935888208
31527,16.42044178622156
31528,21.764371094532198
31529,18.666502927868667
31530,16.71236903461978
31531,15.859809210211253
31532,14.504755205520635
31533,14.04852455928067
31534,13.892595552234448
31535,15.35963102575647
31536,12.444310590307891
31537,10.998342920794483
31538,11.748365768501486
31539,15.095352032403449
31540,11.89069247796207
31541,15.185164360023409
31542,20.365927668445686
31543,15.039162094970568
31544,13.956242332613996
31545,18.56502856489148
31546,14.677847135852518
31547,13.616404848852763
31548,16.131524516344353
31549,18.904583405835957
31550,12.652813028025175
31551,13.131467947661816
31552,14.096520280248493
31553,15.911684722366081
31554,14.28775787848265
31555,18.671227120054947
31556,11.502258524132811
31557,22.63800863615228
31558,17.622450418672624
31559,23.498346033251583
31560,22.332055803519278
31561,14.178800595195424
31562,15.73170544434001
31563,13.864927694755137
31564,16.116793907984466
31565,19.539322091425337
31566,16.896103209939415
31567,11.553676560593361
31568,22.506544177041395
31569,15.547360175814449
31570,14.216569046203727
31571,17.06959981164129
31572,23.213147887059353
31573,18.269242878263395
31574,15.786793384500239
31575,12.42262490725807
31576,9.54686044777574
31577,15.414432273355091
31578,10.996341741377353
31579,13.069219677505172
31580,13.206519098604067
31581,18.317555566270087
31582,13.441146612244083
31583,16.26644267501342
31584,15.142371720753777
31585,11.587155932047924
31586,17.6539006136148
31587,15.411936395872075
31588,15.760059850520628
31589,17.307823011422645
31590,14.76863551148009
31591,18.32665592980011
31592,21.191110335513503
31593,12.131439744269823
31594,15.922898271617727
31595,11.304688266523712
31596,15.405981047624802
31597,16.6878782315212
31598,18.17841934164288
31599,13.489376621227699
31600,16.24167580469207
31601,24.55300041980326
31602,20.22143071959606
31603,19.38257803361734
31604,18.965560848842177
31605,14.134475337464304
31606,10.03754289943655
31607,11.342148411880109
31608,17.149079736285106
31609,17.98904617713294
31610,13.712762422916954
31611,13.57346331662017
31612,17.656314286462575
31613,14.762564911151483
31614,14.252222432864848
31615,14.019295592085076
31616,13.043818426095877
31617,12.010005384276614
31618,14.205383342609233
31619,13.04976245833991
31620,19.22336368998463
31621,10.620613113981078
31622,19.90044988158086
31623,10.855732494577909
31624,17.650433024505
31625,22.82528111052799
31626,13.369732164580894
31627,19.006140820963875
31628,13.999995195579638
31629,10.269677098986202
31630,13.366112424335439
31631,13.91902212121893
31632,11.698091196536716
31633,14.360607195849402
31634,22.015062896966466
31635,12.438160361373734
31636,15.295184438615882
31637,10.151873138268572
31638,14.155237326407365
31639,17.78557270567269
31640,15.988295075363892
31641,18.2121434337351
31642,14.8206425508489
31643,13.36991376655734
31644,14.287870102877473
31645,10.722379992396556
31646,11.9505895457191
31647,16.256120061506763
31648,12.215734725490076
31649,14.383392321507952
31650,16.26019706167786
31651,13.996303018639729
31652,20.41996065268649
31653,14.611978129693052
31654,12.51778616781843
31655,16.74890366368166
31656,13.28199405885256
31657,10.377593702372168
31658,23.768856776005038
31659,14.016195937161335
31660,11.182448022413858
31661,17.021757006462057
31662,17.533727647300612
31663,16.375871337409144
31664,16.720294595186733
31665,16.3820884680571
31666,16.66080352665662
31667,15.80657160916208
31668,16.24100500038023
31669,15.846357655200784
31670,14.423058386765314
31671,19.737279176295143
31672,12.545396768145324
31673,15.894127719784434
31674,15.137953452571203
31675,19.837821838756124
31676,14.244940366766775
31677,18.539072870331573
31678,13.674879816529154
31679,15.714960126540653
31680,12.20272446691649
31681,14.342080872569744
31682,12.45733393842398
31683,13.62269788491422
31684,15.535322558884232
31685,16.02079103838161
31686,21.26594590890192
31687,15.107696448285157
31688,16.68105996560144
31689,14.358289529344777
31690,14.04699346959978
31691,11.205569468305058
31692,12.403325509786292
31693,15.664556184191028
31694,14.457283109853359
31695,16.712908240558825
31696,16.090892356055985
31697,18.761089083009033
31698,16.331935522517234
31699,17.598894708676685
31700,12.642423838869297
31701,19.780380193515064
31702,18.87807482489245
31703,14.116771117904756
31704,13.99869583167705
31705,18.568207536279587
31706,20.057772178861295
31707,17.14645901824346
31708,15.273508438057902
31709,11.72880247733813
31710,11.737738360856431
31711,18.54417401406719
31712,11.173299136190906
31713,14.880652136393964
31714,14.617096050563884
31715,15.952147178289128
31716,11.107020941611543
31717,13.32160341017748
31718,14.28086271337495
31719,15.341060302011085
31720,18.786875835188226
31721,15.467785795917685
31722,14.829213950295538
31723,20.422266066161214
31724,17.0062448489067
31725,19.134179523290083
31726,16.924936548365412
31727,20.91188928832634
31728,13.859469774694421
31729,18.018013085664368
31730,12.807706917676883
31731,15.507535781060371
31732,19.286625962624584
31733,12.865811351945313
31734,21.676679829639678
31735,12.323675413331395
31736,21.54166532666241
31737,13.573572534390635
31738,15.917766407535197
31739,18.777317236156957
31740,21.576259930416047
31741,18.54663171764844
31742,24.160980956160035
31743,12.819467227396085
31744,17.963432286037527
31745,13.53411966836164
31746,18.940998109795554
31747,17.323750402337993
31748,20.44933570748411
31749,18.107570633937442
31750,15.732826940524378
31751,20.013197481776032
31752,10.179785845815852
31753,15.851227693197046
31754,15.087969577740088
31755,18.44069524001427
31756,19.701152696484208
31757,22.46840797697127
31758,18.625501228550647
31759,15.01655333917172
31760,12.565562113052446
31761,16.811377348220002
31762,11.388788564940254
31763,14.49926302864295
31764,14.945096209948273
31765,10.80002262064488
31766,17.04435668034647
31767,15.538271936951787
31768,19.15412202152715
31769,10.343096508180803
31770,15.881756625376616
31771,11.735943160510447
31772,12.628364223127486
31773,19.72007015715648
31774,13.236913657025699
31775,12.84789525215338
31776,18.45604032806839
31777,15.531167090387672
31778,13.880884244771435
31779,14.92120210375005
31780,15.70008869749081
31781,15.40411763793053
31782,16.166329389581794
31783,15.871331957889735
31784,9.383468446599714
31785,20.555041983523942
31786,18.543167844258168
31787,14.77825592856134
31788,13.752130931863245
31789,12.92914547408166
31790,16.357001865983346
31791,14.294099194739363
31792,13.829018852460859
31793,11.113247740096522
31794,17.156424546002096
31795,16.819707569894383
31796,16.376946647621313
31797,18.787456118735125
31798,19.60477163437668
31799,13.137302406219321
31800,17.44792065099361
31801,12.355916172064353
31802,17.695896291482683
31803,16.159116211930677
31804,12.260981226151324
31805,14.236244794424508
31806,17.23393420973746
31807,15.35219686249016
31808,15.210818614534185
31809,19.113792754465425
31810,21.532157768731803
31811,14.623015830286793
31812,15.833785225111551
31813,17.933725861349334
31814,13.45093194759359
31815,21.80160480074198
31816,21.734488114664263
31817,15.65809835348471
31818,14.384882551964404
31819,10.353603991335161
31820,15.038015403085094
31821,15.674866403370002
31822,14.076641367182077
31823,13.760811605609051
31824,12.93819627816542
31825,16.27359598310445
31826,17.957848406771213
31827,16.869157336486488
31828,10.54718620238485
31829,18.5934752550712
31830,10.855919407659712
31831,21.850115416145616
31832,12.20948157965714
31833,16.039158727256552
31834,9.950933786452094
31835,13.688334493543248
31836,21.001805508052612
31837,17.52431136665937
31838,13.95305957255473
31839,15.61494903876421
31840,18.992931928660514
31841,10.855961937913644
31842,16.219322159231865
31843,19.605640040191997
31844,24.289333257091993
31845,15.42330313276272
31846,13.20886446450559
31847,13.6104347788407
31848,16.765838836725955
31849,12.992386424544186
31850,17.50449863421306
31851,19.13500136404035
31852,13.500326506976217
31853,14.069719633666207
31854,15.851669417645278
31855,15.511471019876764
31856,16.940991269735047
31857,13.730555528904008
31858,13.083576573651104
31859,13.452353569881668
31860,18.23527994750699
31861,15.301733310843174
31862,15.096065200742808
31863,10.07301655128558
31864,24.48383963863841
31865,14.523461456111061
31866,16.28834936284823
31867,10.135478754509373
31868,12.113300488351918
31869,14.956865196593771
31870,18.104862244188197
31871,19.55048445353308
31872,16.246539950686547
31873,20.026906970598958
31874,15.584012727805657
31875,12.888488524337204
31876,17.273325533283085
31877,17.909328519617876
31878,15.292734317472263
31879,13.055622239500611
31880,13.915836001274632
31881,14.95065639730911
31882,15.92199464134029
31883,17.163269743358104
31884,13.454929226107518
31885,20.428640379429822
31886,12.92149394719962
31887,16.132179575754968
31888,10.916719503909508
31889,15.005705302333434
31890,13.8102310070855
31891,15.403542554654662
31892,9.139389658272371
31893,10.694495786024344
31894,9.11764013363152
31895,17.785160823341094
31896,19.286550338495616
31897,16.885988372406135
31898,17.31606357152628
31899,20.800108751315488
31900,10.573574327877196
31901,14.080902956629266
31902,14.781661176289083
31903,15.22011693421511
31904,10.521725618876664
31905,11.159644324930136
31906,21.151063087002676
31907,7.8632010877770355
31908,17.389801876404988
31909,16.924422548079864
31910,16.437664612845133
31911,12.288789488143324
31912,16.070941332003702
31913,18.28069795186553
31914,21.721831158918988
31915,18.092970589284608
31916,16.940219749405816
31917,14.139834352668448
31918,12.437004663546448
31919,17.165978870128747
31920,20.9508558545792
31921,21.267114081207673
31922,13.4741691818846
31923,12.659866888587347
31924,16.175228739992647
31925,17.06600994209707
31926,12.437208067366273
31927,18.18090876131728
31928,16.07682532394104
31929,10.48676491676633
31930,13.39191041538011
31931,13.605103955734679
31932,16.550148060854625
31933,14.925625496329111
31934,16.109738346359492
31935,16.935624341740482
31936,14.86792457819628
31937,15.519985810212413
31938,14.421980233206968
31939,11.356603468208663
31940,23.927334422628675
31941,17.44154413079503
31942,18.410833836166994
31943,12.752260729738072
31944,17.082289091481524
31945,10.225086235195617
31946,11.659846785979747
31947,15.470012259460667
31948,15.731727926848857
31949,13.140527063326912
31950,20.307523268014954
31951,13.292862723959525
31952,11.985279645843336
31953,18.79417182925368
31954,12.855157059271864
31955,12.806575298146837
31956,14.859018908496667
31957,15.16772761477778
31958,14.421271145529236
31959,23.73893458158805
31960,19.22955162587043
31961,17.83758635260297
31962,18.522320498621863
31963,16.42113345249487
31964,10.531550424457318
31965,12.856311916985506
31966,18.40355588835503
31967,16.804958887778962
31968,12.693534386454127
31969,14.008691287962604
31970,12.781839969624965
31971,10.909888367652632
31972,14.097611699473038
31973,16.026488806629757
31974,12.066099079895471
31975,16.28155983574211
31976,16.216993505844354
31977,14.802720280433418
31978,9.160994257849866
31979,17.861418049195102
31980,11.082887627333498
31981,16.736870112458895
31982,19.574929107999644
31983,16.09369759788997
31984,14.161138167024381
31985,14.069755061055883
31986,16.919348622532127
31987,15.615551284763763
31988,15.888526454516827
31989,15.38619414212486
31990,14.01420516138017
31991,10.209878966944746
31992,12.199656805052387
31993,11.960921158716697
31994,11.457887042598413
31995,14.828114713552953
31996,22.548715303844734
31997,13.12056217866692
31998,11.525993490470752
31999,20.14768804839431
32000,17.64782198933288
32001,9.69682298460701
32002,12.902811959592936
32003,19.11152967224706
32004,11.692054218742145
32005,22.422800858880457
32006,12.928377455120728
32007,23.263777298327895
32008,14.813145655478793
32009,15.209056252904867
32010,18.23349842633948
32011,18.151215650461793
32012,18.480803551818063
32013,17.67283124483533
32014,19.93348126886001
32015,16.20630108811254
32016,17.24261019979804
32017,15.845880113837534
32018,12.459177368192309
32019,13.094910437249458
32020,14.924181084131837
32021,12.051650449078576
32022,17.529153343478335
32023,13.550719327983213
32024,15.436768857221955
32025,18.87193039682128
32026,15.213906703959152
32027,20.322064491140353
32028,12.18123705252023
32029,10.109627241185049
32030,10.955591455479993
32031,11.991271975215074
32032,11.473196913247927
32033,15.226083460906304
32034,13.45475835402489
32035,12.811413607361489
32036,17.28400108532833
32037,11.475722824885855
32038,16.12507855518257
32039,11.22072986484034
32040,11.976322895304168
32041,14.51825681968292
32042,16.31701561657537
32043,13.041026626251613
32044,14.081726537204275
32045,14.000967666013274
32046,20.49108694685799
32047,16.604649014493237
32048,18.380046494978746
32049,16.172657876739045
32050,16.229413692386032
32051,16.210906164149115
32052,21.405260700000305
32053,14.1047312012688
32054,13.776990572796189
32055,12.806075628541306
32056,13.057901721044665
32057,14.054519567913145
32058,13.28275749496821
32059,11.823751374302889
32060,16.290242252433945
32061,16.537992834595993
32062,11.679102959327718
32063,16.219248938829327
32064,13.27773209798236
32065,14.903709939563068
32066,13.632822888429578
32067,15.480778219230075
32068,12.047807555360277
32069,22.09561514442792
32070,16.4512453240943
32071,14.209323527576863
32072,14.959964701857466
32073,15.631343319720433
32074,10.077007389576677
32075,13.076178900499075
32076,16.240303250822002
32077,13.445055049216057
32078,11.34039533926148
32079,16.968233807325888
32080,15.473821985751679
32081,16.216770057637692
32082,10.852964115488044
32083,16.613924922392727
32084,16.04278278699088
32085,15.330187571486901
32086,21.03999282740876
32087,19.19717705727979
32088,17.645653844939837
32089,10.529392067207777
32090,19.64626366955187
32091,20.03038492606926
32092,16.529627297905893
32093,17.02116089376194
32094,18.42532388135936
32095,11.409615121951557
32096,19.186859481912354
32097,15.838886365551714
32098,16.229085930388962
32099,14.755991446831393
32100,13.857622065737392
32101,22.138311537919606
32102,10.564478151741685
32103,14.935635300911489
32104,17.14585417906143
32105,16.091836074110866
32106,22.879195202133715
32107,16.080302644242266
32108,15.753456257384206
32109,17.89106855654492
32110,12.957623201869719
32111,10.738476605874462
32112,11.932756274812178
32113,15.27263564866174
32114,14.397334641080318
32115,10.654509932839641
32116,17.615347102489753
32117,16.27754001822611
32118,11.17645029157097
32119,17.711802513625788
32120,20.108563070957878
32121,18.943624091460453
32122,19.992456404490166
32123,11.616370540169312
32124,20.292022230242907
32125,14.700926794828126
32126,14.965174258334855
32127,17.269304112515638
32128,15.867950055364544
32129,16.12568360370727
32130,13.816007263722712
32131,14.432226405640963
32132,15.952792149977746
32133,13.71508393578168
32134,15.331419763642915
32135,10.201739394416379
32136,12.380661815579527
32137,21.632429377213413
32138,17.50481193627602
32139,13.09594385945065
32140,16.235244424129295
32141,19.697367196698583
32142,18.18321032364137
32143,14.849910786621864
32144,18.748372242753682
32145,14.049231893787454
32146,10.129880711121148
32147,19.97946330093862
32148,14.401623015037481
32149,15.080737305981915
32150,21.494418043136193
32151,22.189248423951803
32152,22.860711335040165
32153,14.62170351067805
32154,16.33488545014251
32155,12.675441149410496
32156,15.297986252442884
32157,12.607715003816814
32158,15.575481459216398
32159,21.559271326291338
32160,16.38474193300719
32161,15.175272844118748
32162,15.038284283448396
32163,17.78723623252466
32164,15.270330527753122
32165,9.95732728889808
32166,11.737037510281105
32167,18.093930063940725
32168,12.370854847108253
32169,19.497355459360655
32170,11.54921643893641
32171,13.207955119586046
32172,12.938075555169794
32173,17.541336614090245
32174,19.04829044750226
32175,22.60943369473867
32176,20.294908300111945
32177,20.098151743701205
32178,13.684269143258634
32179,17.00177044542314
32180,15.273821659591617
32181,14.609222951702176
32182,12.7157386727281
32183,13.570272502123553
32184,20.030541568882736
32185,19.129529397603235
32186,13.40971798995395
32187,18.173037473489465
32188,17.615595144853376
32189,21.64241185470381
32190,15.009267134035497
32191,14.45074002277684
32192,14.168803592192623
32193,12.673968695598505
32194,16.593674755445807
32195,16.28828492268052
32196,13.926987767414388
32197,15.872231311240249
32198,21.078965900001712
32199,14.342254539737947
32200,16.029276010814606
32201,16.2146672254673
32202,15.512922127837546
32203,17.05892905647318
32204,17.523661280057414
32205,13.319066099935345
32206,16.035592436357284
32207,16.535033821169712
32208,17.618526947169087
32209,15.777449767676547
32210,10.992308845581288
32211,14.43518952959855
32212,18.17722560205462
32213,16.15420312422703
32214,17.92165479414657
32215,20.730999580392318
32216,13.360867275958695
32217,16.428690641926753
32218,9.827933305236696
32219,13.535619501020006
32220,17.875558353274673
32221,12.75517920128562
32222,12.1110242609671
32223,13.35435330286696
32224,20.199006435736898
32225,14.770707922049649
32226,17.25282490658787
32227,16.56437120738577
32228,14.497233466020587
32229,19.038167457905516
32230,12.915210848566073
32231,12.795047715275812
32232,14.137180483241105
32233,12.805148370308839
32234,15.167707983295172
32235,16.33683411254124
32236,11.48200678125281
32237,14.450042421785232
32238,13.964870776784142
32239,15.588466497144825
32240,15.534863560748764
32241,16.783903425888276
32242,14.519237861012046
32243,18.34996021943942
32244,16.924825329167234
32245,11.498299410694838
32246,16.683584330804948
32247,16.67659951778921
32248,16.569910133803536
32249,19.121915125477063
32250,20.68543212967289
32251,10.375573073448853
32252,24.206094366012852
32253,9.78816832790009
32254,13.538875687511215
32255,20.027478627002537
32256,18.210170210377825
32257,22.228166042150384
32258,17.106401867286923
32259,19.301888954945962
32260,17.639810563406588
32261,17.03336315562344
32262,12.339858295879022
32263,19.99733216123162
32264,17.699309896084923
32265,16.319888703612563
32266,14.142589997049688
32267,11.608668083473944
32268,15.877790566574442
32269,18.308994424986555
32270,17.990070181795186
32271,14.02198007729562
32272,14.483747859153043
32273,13.46662688221513
32274,17.73632244157796
32275,11.479356944246167
32276,11.405467270543342
32277,18.699553129935037
32278,14.317500380081782
32279,13.030457878632738
32280,11.054685473924833
32281,12.381507665907053
32282,17.137666042509615
32283,12.546579472397283
32284,13.946262350623309
32285,17.102574795181816
32286,10.823754300085351
32287,15.14476533880172
32288,13.142546210120061
32289,18.321984232697123
32290,16.3035689733402
32291,12.68724812826906
32292,11.269947484100134
32293,10.784429156416856
32294,14.522482025848861
32295,16.9813534232991
32296,17.83919853541171
32297,11.006456300909441
32298,19.950138990202593
32299,20.09503932138578
32300,18.14229832018765
32301,11.554695425211861
32302,12.830453751527918
32303,18.454288690641715
32304,14.72336618035286
32305,15.349238531924568
32306,11.738503027734648
32307,16.932158597449423
32308,16.049872852800473
32309,14.208780020793668
32310,14.114273979516147
32311,13.355642510574562
32312,22.02160539090196
32313,10.08523936626063
32314,15.690743690801723
32315,19.899611784129153
32316,16.22624347176997
32317,15.347406769221259
32318,15.250644303074393
32319,19.864814160192235
32320,10.331810733517493
32321,15.611912851381122
32322,13.91400271353764
32323,15.09966815385087
32324,15.482937162607312
32325,16.687444823220602
32326,16.430420113695252
32327,21.992859474022413
32328,16.051143782591133
32329,18.152197035364818
32330,15.02735908097072
32331,19.73913406834903
32332,12.725508584679515
32333,15.709157311081638
32334,14.175625864360033
32335,9.829782007170738
32336,16.502894055370437
32337,19.080975704101284
32338,19.923816154519866
32339,15.010158520477896
32340,15.901238279259088
32341,21.586093223986524
32342,21.19203741306187
32343,16.867143429441693
32344,21.2031815365657
32345,17.416118999709845
32346,16.692549391115435
32347,18.858264526243882
32348,13.590098626301005
32349,17.138087081461784
32350,11.276472580127372
32351,12.150489888146954
32352,15.476563192839212
32353,14.123463826584462
32354,14.470393363918706
32355,15.40250999187342
32356,14.624883032863579
32357,13.821176896782863
32358,12.672987536334718
32359,13.39948263570381
32360,18.420883947122082
32361,17.448918430666204
32362,16.29114619190308
32363,17.237865009934833
32364,14.185566716692827
32365,21.172489510846727
32366,14.249363335182775
32367,19.69960852034702
32368,18.04834244050266
32369,16.24738097813631
32370,12.045847051693114
32371,17.155269404810575
32372,13.422525998628906
32373,10.095612963828055
32374,11.758767722754712
32375,13.593253081754465
32376,11.84634358998114
32377,18.92608690968219
32378,13.520720372793797
32379,20.183248681719082
32380,14.548743430665898
32381,16.876682765296998
32382,16.1908872192794
32383,17.07942920639323
32384,14.771466506780254
32385,17.6257291116856
32386,16.412878586598726
32387,13.5911636468004
32388,13.116005999089131
32389,18.438096881447695
32390,16.275237383845155
32391,9.711688625059946
32392,15.57907185797075
32393,12.384708749150702
32394,17.856651162846074
32395,23.542319141422066
32396,14.858149399329399
32397,18.64794154609464
32398,15.777251518233946
32399,17.74143901280739
32400,11.479199617109208
32401,17.90852386385396
32402,15.01389187414266
32403,8.890255915105332
32404,11.578811948464248
32405,15.309030334624389
32406,20.399022681222224
32407,15.590985518784189
32408,16.45988720690877
32409,15.560727399320477
32410,17.942242867717187
32411,18.021071171034933
32412,20.011026449908968
32413,20.891571004220268
32414,13.019623487194833
32415,15.700071377832247
32416,15.838095357146509
32417,19.61396607881696
32418,16.75856125205448
32419,20.64912250342229
32420,21.378051681738775
32421,11.700831520902238
32422,10.76122809926072
32423,13.265585673581818
32424,15.154082743228965
32425,12.308544896842564
32426,13.685363076738808
32427,16.979245698679374
32428,17.26060200306746
32429,18.136132383066855
32430,15.336254655288732
32431,16.026440017786044
32432,16.295883147448087
32433,17.215540955063766
32434,17.238665139180235
32435,23.090038291722205
32436,13.520750220543857
32437,15.339771902036087
32438,15.553354853834252
32439,18.208666475862927
32440,20.664968802640836
32441,20.06938011784731
32442,12.83683648664963
32443,17.63787045436693
32444,18.427312424850918
32445,13.25335608460774
32446,16.30340616237349
32447,13.943922249080229
32448,21.81346834470599
32449,18.887298272260406
32450,12.691245173282605
32451,13.72046299482319
32452,9.49876334393037
32453,18.9954635911973
32454,19.41051736147053
32455,15.136767056812587
32456,13.309386518801789
32457,20.01979164973052
32458,20.25473612792715
32459,13.248873872859104
32460,12.19914703874879
32461,17.46715884342846
32462,17.81021722192733
32463,13.506592586265311
32464,14.352454021055504
32465,14.260532548836057
32466,15.573810243717496
32467,13.633173635470806
32468,14.026076590903335
32469,14.704593859221868
32470,16.02310517738277
32471,24.876311107860108
32472,12.45093622819793
32473,16.73114157239694
32474,18.931654398286998
32475,15.418820071440113
32476,14.81886583223144
32477,14.116552250816229
32478,16.527882802780518
32479,13.249231097692011
32480,14.636848892021586
32481,12.742523859613831
32482,15.474535227462201
32483,12.10153802762489
32484,13.875996970886078
32485,19.807726512272886
32486,13.997522192825233
32487,20.904250436907
32488,16.21689576770399
32489,15.569855932438848
32490,12.556373710458466
32491,12.831154049321356
32492,11.385860008624682
32493,10.372828615607348
32494,15.851116475413695
32495,21.57962881688909
32496,10.924009356210941
32497,17.794982667149615
32498,14.16181528171745
32499,18.417134722920625
32500,16.504718460248434
32501,11.34983292346699
32502,12.845783909655378
32503,14.260003030532662
32504,11.584879705909692
32505,17.013469838893602
32506,15.43059621882405
32507,17.273924284267192
32508,9.706531989315629
32509,12.616216968183979
32510,10.591390368484905
32511,19.812447718429045
32512,25.172552763158006
32513,15.681953650808484
32514,16.095121996714223
32515,15.259878414327812
32516,21.108173890445283
32517,15.179798836850017
32518,12.816450389960574
32519,17.261963687039824
32520,16.40243198031522
32521,14.086303073899272
32522,15.348159874076115
32523,16.041687474729446
32524,17.284025012556025
32525,14.662587149612913
32526,18.143894031179922
32527,16.95666349609101
32528,18.17069918092954
32529,14.509860476564302
32530,15.774061719233346
32531,18.07045766024487
32532,16.61351089166306
32533,22.277527090107334
32534,15.614470390803598
32535,12.988876902071059
32536,13.540959056322537
32537,15.097191888142966
32538,13.587448515610639
32539,12.2651463274397
32540,11.234940675572604
32541,15.172208046498193
32542,12.336479267297868
32543,20.001742649039453
32544,15.82884147856433
32545,19.681587766625743
32546,14.240878667018611
32547,20.469203279970678
32548,20.725312375814596
32549,13.033746046587495
32550,15.889992103209325
32551,18.744272879102425
32552,15.922926469662228
32553,14.068474227981865
32554,16.138993878746565
32555,14.818971665581909
32556,18.714740020598303
32557,15.608962022809107
32558,12.474579226357106
32559,16.719558107897672
32560,20.16265121674367
32561,12.505281766515964
32562,18.811246886422182
32563,14.920884376449807
32564,12.995922411505164
32565,14.309941229292345
32566,14.95286631410339
32567,17.567785894038355
32568,19.884629555234937
32569,13.561369209353657
32570,12.475927075144648
32571,19.145593547510664
32572,14.847215575554117
32573,18.27961994263508
32574,13.837334426933296
32575,21.868686839593188
32576,14.677770437082415
32577,13.667469844850025
32578,11.921314818955643
32579,15.721161193263974
32580,20.44246566185516
32581,16.169060069093522
32582,16.741793392173864
32583,14.430306298340103
32584,19.362525967389757
32585,21.66677745345214
32586,8.905169443259874
32587,10.489482767395232
32588,13.36171542484729
32589,20.825093358210207
32590,16.756022738719906
32591,14.195884862516913
32592,17.10173910761853
32593,15.507884644468088
32594,15.305736570709747
32595,17.561025166668223
32596,21.13059911605794
32597,18.34990369644921
32598,17.624588169474546
32599,15.256590374282748
32600,13.341761461608105
32601,16.60500374943253
32602,8.867509358352718
32603,11.060357293145296
32604,18.39575805986295
32605,16.664997619245153
32606,21.73100602601073
32607,19.937264551009033
32608,15.18410219977342
32609,13.78032018436008
32610,20.330333160663262
32611,12.45456935314533
32612,13.605477041679247
32613,19.93932615861636
32614,14.443329919774332
32615,15.473560314544622
32616,15.307894820134955
32617,16.726662157213827
32618,13.961873493126788
32619,16.242273215169472
32620,12.105857909330881
32621,10.219805631202371
32622,14.675649228633484
32623,16.297777151600013
32624,19.400630250318585
32625,18.92937610240254
32626,15.517610542977268
32627,16.343452898358265
32628,18.96652579487157
32629,21.41738360658487
32630,12.152841256007695
32631,16.2893945892371
32632,13.443715850033408
32633,14.862802665413893
32634,19.901570438475787
32635,17.13006765855939
32636,9.909375232913659
32637,13.228876811338942
32638,15.14561717238578
32639,11.439730293839858
32640,12.791056127787337
32641,15.401922964263992
32642,14.056590721942124
32643,13.92601168988748
32644,11.919747328251306
32645,22.5800291724509
32646,15.27366217434242
32647,13.595687542318274
32648,17.657228706542597
32649,25.317884503839426
32650,13.050591417078168
32651,18.079404319090926
32652,16.474752878665957
32653,16.69459067752265
32654,15.991251712581628
32655,14.184310432556694
32656,10.048661896901596
32657,14.36810749033071
32658,15.670657287639463
32659,23.997696677425832
32660,14.244283735277532
32661,10.718039579386103
32662,14.834208880566552
32663,21.83622093047386
32664,20.60052090216721
32665,11.841583753951136
32666,19.56506407240636
32667,16.63694192647684
32668,12.897517545306878
32669,19.170478971440026
32670,11.22283951041717
32671,14.492180177094804
32672,16.990372500525055
32673,17.034062549267777
32674,20.87950236243734
32675,17.234481537983523
32676,17.707455916996608
32677,13.250779904279204
32678,16.93691418961287
32679,13.308817334123185
32680,16.77792618428177
32681,11.087959463495045
32682,12.039098149194702
32683,20.428874707713817
32684,13.496336994566633
32685,12.432119052792698
32686,13.71816090699126
32687,13.636596254392424
32688,17.195710388006706
32689,17.848106475370376
32690,15.636357903672275
32691,13.22541115492771
32692,16.74825487216258
32693,14.536844707578988
32694,11.507661912827087
32695,21.890060552649715
32696,18.874818103887232
32697,15.417966479567852
32698,14.319560412538006
32699,10.135657617611052
32700,23.57379295277335
32701,14.560844785063397
32702,20.29286616392992
32703,14.864276523203788
32704,16.346859957653816
32705,10.13075433872759
32706,13.455941400227287
32707,10.892876499199081
32708,10.97506786246387
32709,14.290859909154479
32710,15.404469156374471
32711,15.375808751894322
32712,12.428076157241346
32713,15.501418356351815
32714,18.946359153548304
32715,15.885586093485491
32716,14.828856316863725
32717,9.634794860545808
32718,13.845449711736073
32719,13.69316646256518
32720,18.455846254637493
32721,16.596922770608355
32722,17.89810773984362
32723,11.20194582739529
32724,17.392016616321335
32725,14.933707903724654
32726,14.489760638831752
32727,18.648741031349605
32728,11.541935262856224
32729,13.883090792697372
32730,14.788728086940834
32731,17.177106559930387
32732,12.239400039686124
32733,13.863404903733997
32734,17.855874140335132
32735,22.223055236569778
32736,16.578669753528054
32737,17.694060684882228
32738,14.224049336665656
32739,13.01064736587829
32740,15.237966687683901
32741,20.74935326388787
32742,10.639725310497285
32743,12.534529774813874
32744,15.935698647931074
32745,18.373194169620255
32746,13.893883385399029
32747,17.38662365408284
32748,15.351566562920333
32749,16.542691628515023
32750,15.925583386185593
32751,14.603693152972674
32752,10.288012068088161
32753,19.45163679340435
32754,10.776733180685282
32755,13.907177752216423
32756,14.93601410165465
32757,13.759040762900302
32758,17.37654857072128
32759,16.772982891249946
32760,12.90935817683706
32761,11.126107673272875
32762,17.073045175495178
32763,19.801603058598882
32764,8.448415214200763
32765,14.054708167663962
32766,14.231136120195433
32767,19.822032933759516
32768,15.88737412075272
32769,15.335669370589015
32770,13.98654883815441
32771,10.371613810704714
32772,14.896166966228948
32773,14.781728389976424
32774,14.943778229915582
32775,13.606112143788822
32776,10.727341452658083
32777,12.620133564482797
32778,13.484183282215582
32779,17.391541711521437
32780,17.950285715432145
32781,16.149060810617687
32782,18.752291221264183
32783,20.542708349725455
32784,10.886090696766228
32785,16.053356145546452
32786,19.307506680020285
32787,17.182944432918486
32788,14.354398661939243
32789,14.768986220075659
32790,21.86192065394241
32791,17.37941408001488
32792,13.828879667850948
32793,13.71795205999009
32794,12.552573858104928
32795,21.71843325738412
32796,15.094671411660856
32797,18.29278209030937
32798,20.436532056835162
32799,14.939807183010744
32800,18.7354839625991
32801,15.505157818660749
32802,9.432595290801023
32803,14.016941297531956
32804,18.236631844361884
32805,16.015610235149612
32806,21.83430962850022
32807,15.026487042888823
32808,12.531434946462166
32809,13.97348737951771
32810,13.60073406046362
32811,12.696501724673906
32812,24.460236840914042
32813,13.915606237285061
32814,19.68308985279033
32815,12.884921459885462
32816,9.858271176061304
32817,14.033592590698246
32818,14.14946159855966
32819,17.62407133806023
32820,17.876540958648906
32821,16.564647544039328
32822,14.459912860908252
32823,17.45505842166451
32824,15.169925456336102
32825,15.915950952078534
32826,15.271631612225153
32827,17.239092228400022
32828,12.724246333021297
32829,13.367350664929823
32830,23.213425575990605
32831,16.228221688571633
32832,17.769257075913604
32833,19.48801620320587
32834,17.174164086591762
32835,11.25905143126756
32836,17.1799723286608
32837,16.635497047610222
32838,9.108539557345736
32839,13.472494051028214
32840,12.46925344233353
32841,15.709772571678885
32842,18.79317384724794
32843,16.119166175344116
32844,11.549488399242524
32845,12.156791328623944
32846,19.80181210217373
32847,15.614315071568118
32848,12.300966379571351
32849,14.666765959295944
32850,12.563044480142276
32851,19.576621741667356
32852,19.399497623284457
32853,15.893638329218254
32854,12.46519769411479
32855,10.92122808645256
32856,17.00803528292705
32857,14.963608224308386
32858,18.26972333824478
32859,13.332182273008703
32860,18.12367155906061
32861,11.194882385839033
32862,19.112915297547076
32863,16.180607131441416
32864,18.10324746963897
32865,14.427432515153777
32866,18.31832816577737
32867,15.75413308831247
32868,17.41840163327757
32869,19.539302357577444
32870,11.731680891258367
32871,16.296954821909228
32872,13.28235450548217
32873,15.923462659233044
32874,15.687560953940753
32875,9.637747418619945
32876,11.535359970688674
32877,12.719083233807217
32878,14.493730523601783
32879,18.302725304539436
32880,14.128715000639179
32881,10.925846570118713
32882,17.33161003504487
32883,14.96570422959853
32884,19.04895601398293
32885,13.38543298578055
32886,18.201486988963662
32887,18.9403734156713
32888,18.61135270156547
32889,18.183709574119874
32890,13.881281597457873
32891,16.50955651154898
32892,13.589650852072822
32893,15.52318337338346
32894,11.168666633430313
32895,16.513272489269074
32896,18.568557578795808
32897,19.595271607151066
32898,12.86546888052417
32899,17.050409836501423
32900,10.151290102626776
32901,11.346468208076404
32902,14.982808498405475
32903,15.445567521593274
32904,16.779770655888278
32905,17.632190655322876
32906,15.801069719705243
32907,13.710363301886533
32908,16.949390393273013
32909,16.011996422426368
32910,14.676859338971088
32911,16.245967726175838
32912,16.455986732432095
32913,15.463849899162554
32914,21.32950793468699
32915,14.64428902858649
32916,18.43085310442497
32917,17.940814801084695
32918,22.29321562415391
32919,16.159787509692762
32920,19.814309760172936
32921,14.4073902260955
32922,16.089941617406488
32923,18.003343301438452
32924,13.606544811855874
32925,19.320966597397447
32926,15.355686487667596
32927,10.889552446606215
32928,15.236016799190029
32929,13.000715099399546
32930,17.493443735695866
32931,13.705669818444067
32932,16.462528439563066
32933,15.723114456007194
32934,13.075937811033196
32935,13.148990985214896
32936,13.417151588543911
32937,10.084205628023302
32938,16.41662414914524
32939,15.82782317594668
32940,15.457813041899945
32941,15.862876146327926
32942,15.478239638374042
32943,18.444473242862024
32944,10.228811914956234
32945,15.247068440075184
32946,14.909407158642074
32947,16.255295128416947
32948,17.288880329881565
32949,19.543546620914842
32950,15.458583064952983
32951,22.045326887990058
32952,17.6726440618849
32953,10.256453985982803
32954,13.313050066280015
32955,14.817317009561332
32956,15.903380786401687
32957,23.657074582871214
32958,16.822515108983957
32959,11.307694675518762
32960,14.442338077437809
32961,16.82769952056419
32962,15.826119411910286
32963,17.480611417965722
32964,14.24524867400423
32965,14.67869695997913
32966,18.886661335898943
32967,12.592283293444495
32968,16.625368857257406
32969,15.726289029459307
32970,20.025311806885163
32971,19.821030194311163
32972,15.422663921429013
32973,10.559548157473143
32974,14.822681057967332
32975,18.40235457848202
32976,16.40270674958414
32977,16.713389471092757
32978,17.65921351157604
32979,23.886054293512984
32980,17.968956595787525
32981,16.200189093186882
32982,17.289258869136685
32983,13.796543747730636
32984,13.170104146360703
32985,15.131162849966918
32986,13.796609971170321
32987,14.16980879306919
32988,16.602327126818444
32989,12.252170490256798
32990,15.352284157775097
32991,17.330391890421676
32992,16.50688287801299
32993,12.099013502119043
32994,12.904665656124713
32995,14.754924206909145
32996,13.484582079401052
32997,11.960369544356363
32998,14.10120579625028
32999,12.745446305531797
33000,11.275889887189251
33001,12.069244772426076
33002,13.718512221205405
33003,18.12684987747612
33004,13.720367315051964
33005,20.86318127515307
33006,12.223746727608477
33007,13.113834942471932
33008,14.133999949092294
33009,18.10006742687355
33010,14.329241309544674
33011,19.170249373779843
33012,15.292845561171697
33013,12.786568651853878
33014,16.1192118035978
33015,14.178780652162612
33016,15.665181951345579
33017,8.844015251256055
33018,15.70630391791495
33019,15.513499440603871
33020,16.93252045310988
33021,11.206000272223138
33022,17.572615665795357
33023,18.91919030246916
33024,18.507991814967667
33025,17.71739161031013
33026,13.726158970799444
33027,22.75624322255448
33028,16.210791171503114
33029,11.64021915826157
33030,15.411205253435291
33031,12.601685881928107
33032,16.182073040674783
33033,9.771399428344424
33034,20.25143256093352
33035,12.276603879711153
33036,14.818011271023233
33037,14.54463511043368
33038,17.091554834309807
33039,11.170447506723434
33040,17.80149676987118
33041,12.403814847255097
33042,19.654612390678103
33043,10.815946659525395
33044,15.73290223133653
33045,12.645952501336433
33046,12.32162811328925
33047,15.772334961647571
33048,13.909251615017034
33049,13.97336096377305
33050,15.706117273521706
33051,16.04640821046985
33052,20.587762732955404
33053,13.450943395058482
33054,18.79999562078051
33055,13.486665017456705
33056,12.198167940640943
33057,15.59057563767838
33058,21.690174058997005
33059,20.398808183399243
33060,13.222149704895546
33061,15.818893676976794
33062,16.004594598536215
33063,11.405663967615878
33064,14.116966412921235
33065,17.205363763841905
33066,13.728987096012652
33067,20.306487590305135
33068,12.452556655134947
33069,13.633668523713895
33070,13.216244810502914
33071,13.454943572409242
33072,15.928148332297711
33073,15.354597740143824
33074,14.76769683804356
33075,13.978135457091062
33076,15.052664259480458
33077,17.914650458659843
33078,14.849235432947177
33079,13.128376069306743
33080,11.277792307460047
33081,15.280400148913785
33082,11.936253331330049
33083,23.419669182004903
33084,14.540071481183146
33085,11.142102648273179
33086,12.767413032237918
33087,11.632914236931503
33088,14.39267390293256
33089,13.942981147154699
33090,12.889210332294274
33091,11.183822607384188
33092,20.860309722731714
33093,16.725880074013226
33094,12.903543943554086
33095,11.905311607417648
33096,9.556616464755205
33097,16.77186160360751
33098,13.669067828798928
33099,19.410709728619338
33100,11.29169293399245
33101,14.72254156318785
33102,19.89580826058897
33103,16.505242358397613
33104,10.125609673658554
33105,14.446022248636442
33106,14.70373648430199
33107,17.67604071856115
33108,15.534486224671234
33109,17.43337873052535
33110,17.68042029726399
33111,13.595722146457753
33112,13.731772989232002
33113,21.851907343745225
33114,12.462349283035824
33115,18.946844730392456
33116,19.924684105245472
33117,16.03043087121703
33118,17.35666883525671
33119,14.114647337961092
33120,11.915800720794447
33121,15.645386946812366
33122,17.805793795334427
33123,15.74743502396528
33124,9.585029642716375
33125,12.474543226431859
33126,21.314164811194857
33127,18.45679734014845
33128,10.232334961107732
33129,16.568596112852227
33130,15.902013126509852
33131,13.62087993347414
33132,18.659669976334943
33133,16.969266295259942
33134,19.216412803141054
33135,11.287826902489572
33136,12.825409573893536
33137,15.294225600174542
33138,20.40970554658442
33139,17.549904079302916
33140,19.087509290698307
33141,12.050203782732297
33142,14.746789663033073
33143,13.082225864230894
33144,11.670179504603823
33145,20.59940054374369
33146,16.796729450523358
33147,12.43358567871101
33148,17.581276809726205
33149,10.744653094198858
33150,11.983200836328836
33151,15.93833260487041
33152,12.734293944221546
33153,17.309982198015284
33154,14.412731230656645
33155,9.61123288667259
33156,15.074714300142864
33157,24.508447847117072
33158,13.867213331705136
33159,15.803663458920155
33160,21.765802039988362
33161,11.897874863634694
33162,17.923892318908987
33163,16.707224919220753
33164,17.116913182092805
33165,19.796332202053435
33166,14.399629953157758
33167,19.78255464461095
33168,13.597525330813435
33169,15.405686851388941
33170,20.086789778150276
33171,15.387493187551364
33172,15.665403448632304
33173,15.117258456119664
33174,16.622469394601953
33175,11.122535759491663
33176,13.484634315465891
33177,14.966688863102913
33178,11.197259759702675
33179,15.113931625403506
33180,19.1904991927533
33181,14.93697411180538
33182,11.56758131307863
33183,22.404960323685362
33184,17.253569468947124
33185,17.132341727985082
33186,12.209629892747015
33187,14.42192687681579
33188,20.789377300032573
33189,11.674970545763246
33190,19.625344965969646
33191,14.354437327717008
33192,18.148352562571617
33193,15.576304860109605
33194,14.03993455783535
33195,22.2730275708576
33196,13.706429680204666
33197,14.655008955407334
33198,17.451962277217994
33199,18.498985499479478
33200,15.116357281211544
33201,11.067368984705064
33202,17.490205626445434
33203,16.57473924497775
33204,15.015997846626217
33205,14.731579753063807
33206,16.383491080684887
33207,19.488495219686037
33208,19.07022951571015
33209,20.023445334214045
33210,19.657810760920086
33211,11.822021004341966
33212,14.706668103891923
33213,13.850149598323446
33214,10.204982621378452
33215,15.038834104848751
33216,11.05220493611105
33217,10.910917237961403
33218,13.53145130913078
33219,10.724046655331971
33220,16.304866764818048
33221,13.733485610979221
33222,17.502210294973796
33223,12.869929562184067
33224,15.087245136883576
33225,16.010234695739335
33226,16.937792027309975
33227,10.653789175109875
33228,18.616139927414643
33229,19.15072939393294
33230,13.322459640937067
33231,18.113382343046986
33232,12.746467064030535
33233,15.11754092846935
33234,15.769894442251825
33235,18.37436980746782
33236,14.62274245785063
33237,13.410228643683602
33238,15.885856088264717
33239,11.78221042788821
33240,22.55680821537361
33241,14.998606338229061
33242,10.583639196303945
33243,17.08897238041017
33244,12.271209243803586
33245,12.3064222765953
33246,22.366259140428816
33247,15.39479750085465
33248,10.524972867055856
33249,10.076693955719405
33250,19.573494039109104
33251,17.89906101525851
33252,14.359672563708926
33253,17.15498991520315
33254,17.033296932818647
33255,15.52172585629348
33256,22.126032039299137
33257,18.97288486442853
33258,14.03438544977076
33259,18.338342757748208
33260,12.390868957765008
33261,11.7456484702364
33262,12.952967839567009
33263,14.414776872565257
33264,16.477527864551547
33265,16.152966279537516
33266,12.458128890574027
33267,15.03110891643431
33268,15.425296068025025
33269,16.677524213258014
33270,19.34823929525397
33271,17.228168582743997
33272,18.730931085926603
33273,12.843140857432045
33274,16.57586394599654
33275,15.724849690210096
33276,16.716510137945335
33277,18.930278001723085
33278,16.931617277823264
33279,17.48586819950358
33280,15.09852458395971
33281,18.24624356647937
33282,12.161444076725473
33283,16.604116590579196
33284,19.646681929551328
33285,13.986018790014253
33286,16.202276884203094
33287,19.520409618848483
33288,14.70902417681509
33289,10.672095456240434
33290,13.636839007194881
33291,17.263499624896497
33292,12.385294877479183
33293,15.095493840489508
33294,13.978449515807661
33295,19.177243324983937
33296,11.569476546214768
33297,15.959908425689326
33298,15.717768006173506
33299,20.10810788000531
33300,17.019064852428553
33301,18.24499709438976
33302,15.427354100152703
33303,14.238182742492372
33304,14.32032509446662
33305,11.647549269731076
33306,15.140289124857974
33307,15.37365540317404
33308,17.057853443684632
33309,10.856001930497593
33310,12.225976091981176
33311,13.739490520436554
33312,21.800329192214026
33313,14.21789143520116
33314,18.963165053853402
33315,19.309845214196507
33316,18.622842650882056
33317,14.441526792273155
33318,12.784676858762218
33319,15.746934666365458
33320,8.710485288932512
33321,16.214010144985618
33322,11.312814338940592
33323,10.104764475246967
33324,14.804733888705696
33325,13.91948701478831
33326,19.75654443128407
33327,18.980501993433876
33328,13.071960930892615
33329,12.805004733931595
33330,19.390801863716483
33331,13.492675749174044
33332,15.432265823417406
33333,10.192064209152884
33334,13.727494234355005
33335,14.662143429775577
33336,15.551329857912217
33337,12.909465846015314
33338,15.078507017472688
33339,17.28718243112939
33340,20.11345373265201
33341,19.854466401327688
33342,8.725747657582911
33343,17.402088775934597
33344,13.855499413574979
33345,17.02958374581478
33346,16.84446632378908
33347,23.213484316154666
33348,19.873759202403306
33349,13.564628033106993
33350,17.392971839361962
33351,15.33036460384504
33352,16.61394824462379
33353,12.779840457234954
33354,13.972671677022683
33355,17.388738470202387
33356,16.986726527744604
33357,13.669917694995863
33358,21.173026482196935
33359,14.204712238444882
33360,13.445431110569206
33361,16.382824343861024
33362,20.254489124347508
33363,21.194785544638602
33364,17.59407558184193
33365,12.54249412692303
33366,16.979556942396552
33367,19.000724610764895
33368,12.380571213249512
33369,16.51648187220874
33370,11.09960201651904
33371,21.459197352063033
33372,17.47126214152337
33373,15.066149113068231
33374,15.075275804357728
33375,23.41559984817185
33376,16.957471093317874
33377,16.814327977991976
33378,13.86136634648567
33379,17.772022503000144
33380,16.016778442045926
33381,13.013110533449574
33382,21.523907883868883
33383,17.757190930444388
33384,16.412513453789657
33385,17.781632282319883
33386,18.238683966116916
33387,11.20322162872403
33388,12.205759791540785
33389,14.676785985713707
33390,12.88584879101197
33391,17.00950700302846
33392,17.392094621189404
33393,17.952543434821276
33394,19.18739175298302
33395,14.129379874937104
33396,16.353896192537363
33397,14.178309390634952
33398,16.107877516486226
33399,12.893591392180053
33400,21.795981658130515
33401,15.526306344743118
33402,14.826314754958998
33403,12.588442491469166
33404,18.743314298351493
33405,22.75130536738216
33406,12.914099619589742
33407,19.43883641844786
33408,11.07039394414713
33409,14.969088861198063
33410,16.550892366882017
33411,7.66194267904374
33412,20.094242480063084
33413,16.833720302862407
33414,16.12507752341041
33415,13.360325517405514
33416,10.404018692943033
33417,12.71830962538417
33418,21.03051801446841
33419,14.194704847892954
33420,16.591024693274917
33421,14.894003647500194
33422,11.638463150308613
33423,13.205422655210421
33424,11.728566063928142
33425,12.50913100039732
33426,11.864982885259952
33427,14.686390400153
33428,15.268179338119335
33429,20.37925781582463
33430,15.846752395230844
33431,16.33157315414415
33432,12.069017315470067
33433,11.976454468533863
33434,13.399644259057943
33435,13.367308879243181
33436,11.764867090890984
33437,20.220021435958973
33438,15.839125495584176
33439,14.421806298912514
33440,16.211076640135165
33441,17.818058729002992
33442,12.310822740090302
33443,11.724956769173046
33444,12.71911632831472
33445,13.351877198291298
33446,15.071617674334455
33447,10.389374829587446
33448,15.203229659548645
33449,10.246730731602836
33450,16.28981178209912
33451,19.6356588238634
33452,17.845390872211365
33453,23.68694820959564
33454,15.261349732295207
33455,18.645305956569608
33456,9.72693912097358
33457,13.723705273568758
33458,16.360709319380174
33459,18.513466684666465
33460,10.275005206892216
33461,15.988736526705358
33462,18.887514343075402
33463,18.178934210757227
33464,15.86035435725236
33465,13.53787846891059
33466,12.616450879524772
33467,19.143801351421168
33468,18.007445419662726
33469,12.545883584531424
33470,14.58938165903241
33471,15.245288285450393
33472,13.96658838406308
33473,16.494518212190897
33474,18.603801599658752
33475,13.082356822791397
33476,18.675474029573653
33477,15.433201727299572
33478,11.651287190178131
33479,15.669484562130108
33480,19.77510617091162
33481,19.90096093796974
33482,11.589379685403811
33483,11.546899694137087
33484,11.386640919925311
33485,19.68218356813624
33486,13.309879734389279
33487,14.446594787133456
33488,16.46953989320456
33489,16.006517393589256
33490,13.731631298436286
33491,14.244725516047936
33492,13.377164677896134
33493,12.488049255156849
33494,11.61538968118803
33495,11.823358239752364
33496,15.485144101271905
33497,13.783575724225592
33498,16.56476278435426
33499,17.084335655181405
33500,16.59131556634112
33501,17.660759089978395
33502,22.758473256763114
33503,20.29945940163685
33504,15.27108214202242
33505,18.08580433670216
33506,16.1532354012401
33507,12.59172140592414
33508,10.553871363689446
33509,15.985542719358245
33510,17.260717422601605
33511,13.94601185288828
33512,14.189451994543044
33513,12.761759426160975
33514,15.19197628268428
33515,14.907345443086166
33516,12.338368299424335
33517,13.272532870505811
33518,20.392690087223244
33519,23.49398963425756
33520,17.312371981007065
33521,12.467956764372232
33522,14.394497112070244
33523,12.555585093125574
33524,15.936114055032077
33525,15.163488152969041
33526,14.295999210209205
33527,9.283945661838143
33528,12.748784641780759
33529,17.786590464240703
33530,15.469548680117212
33531,16.357496303180266
33532,12.269960763503498
33533,17.07648916758296
33534,19.530213693736265
33535,16.909478700495864
33536,12.315484982383412
33537,12.671429153954126
33538,17.6457086778414
33539,22.84009330797179
33540,16.922902654363412
33541,18.91953572387999
33542,18.788160177882745
33543,13.700202433019006
33544,13.496691152584233
33545,11.854577842222785
33546,19.904900730869187
33547,20.707547271988723
33548,11.883478635426966
33549,15.030806556076977
33550,15.988067533191842
33551,18.832466272241465
33552,15.156151004156882
33553,11.675595742321002
33554,9.721563107942055
33555,12.235152938349584
33556,12.085300935680745
33557,22.79476600368395
33558,12.145374526948826
33559,13.95772115436226
33560,15.293483380620675
33561,15.61386961805559
33562,21.1833341422356
33563,14.684951520761766
33564,18.19360008881288
33565,18.800287849474454
33566,18.44446661198576
33567,20.0306777015039
33568,18.432786992680285
33569,15.146013087002848
33570,12.670445830843452
33571,15.139362822552988
33572,17.804615749643613
33573,12.901364520776388
33574,14.137935774535999
33575,13.076733651589985
33576,21.47303231742822
33577,17.145359390470986
33578,11.404142851471592
33579,19.748338556370875
33580,12.845849177914035
33581,17.054104816219184
33582,14.746433443548435
33583,21.73247836807799
33584,17.62273287543813
33585,12.196501366917488
33586,19.309178419088664
33587,15.665408250376451
33588,14.150177851944312
33589,17.633612764076766
33590,14.949583818550757
33591,15.877910523870437
33592,15.03378081108639
33593,15.986762389555487
33594,18.79367664720275
33595,11.764970311672078
33596,8.859325653895759
33597,17.08473153461875
33598,11.86807628827065
33599,18.068217548059636
33600,15.006125101956671
33601,14.966964094417634
33602,15.273585169891065
33603,13.739720756383472
33604,14.202212101017121
33605,12.6079843790602
33606,12.891320799286033
33607,15.078496314876032
33608,11.51369902618123
33609,16.033640252575708
33610,10.98173151756256
33611,18.46960645723665
33612,13.425580448443434
33613,18.279190404254756
33614,19.467289553529497
33615,13.895614105479
33616,16.654976149610924
33617,18.168398073588712
33618,18.046893995183744
33619,13.075608475033114
33620,12.514292265432207
33621,16.30481256676196
33622,15.10109265472979
33623,14.260796283110224
33624,17.829740087373686
33625,16.177066723862744
33626,13.510436749542132
33627,16.783436709592927
33628,17.769849378737547
33629,18.952643623063462
33630,11.777378721848567
33631,15.303020958510022
33632,21.877099847093202
33633,16.43882473961649
33634,14.764584388419175
33635,18.363930492735378
33636,13.023809851794212
33637,13.429325587923769
33638,16.293839375221154
33639,13.560103051077812
33640,16.51122311116019
33641,12.416531194607936
33642,16.01368203086322
33643,13.62153605286277
33644,21.09233148826428
33645,18.723504000059407
33646,17.146745388909373
33647,17.538132115836643
33648,24.630721070654253
33649,12.849626150174434
33650,14.325983421838204
33651,10.731824743389188
33652,16.875174635272604
33653,21.012965260601526
33654,15.438450770859328
33655,17.58058410879151
33656,18.680129823298774
33657,15.833617001964438
33658,13.800770912293473
33659,10.983477740499072
33660,18.707672703001673
33661,19.251103553782833
33662,15.290909434708976
33663,20.852016508913245
33664,13.88604539824352
33665,19.71634877246896
33666,12.238315442495244
33667,19.275495058830135
33668,12.796827926042722
33669,16.355995644735984
33670,12.406384309752593
33671,11.638855527981027
33672,10.088612189942687
33673,11.170253180725883
33674,14.242317887119153
33675,16.086162667849297
33676,16.43747440465574
33677,14.584915807776902
33678,15.004053452195144
33679,11.353498698823353
33680,16.609804332021245
33681,17.103852431544645
33682,19.116507522750375
33683,11.969263780402391
33684,12.199025984940969
33685,17.720040299390693
33686,15.434790786359285
33687,13.901122431751492
33688,15.103278613915617
33689,23.130522107391695
33690,17.566204259532665
33691,16.974871492860636
33692,20.16607548032837
33693,14.334897206425035
33694,15.887377609561911
33695,12.593689368934811
33696,20.990932977124288
33697,19.326111115853234
33698,13.97634587371938
33699,14.982146260376217
33700,15.252452441581443
33701,16.33579279826858
33702,23.04313070200542
33703,16.085925337405016
33704,11.896194539846597
33705,18.41749599852448
33706,17.093767548999274
33707,16.56943310624016
33708,13.718360869355763
33709,12.197335452664301
33710,14.092688302178237
33711,15.732044418258702
33712,14.227665974887083
33713,16.34067878171333
33714,13.159634440284057
33715,12.567406809094837
33716,11.392833180745026
33717,20.43903634156283
33718,12.83854294573713
33719,19.95521623694265
33720,12.52540542356847
33721,14.300353153734449
33722,13.999498714853024
33723,20.377233547977443
33724,19.874918215281458
33725,17.218907677430813
33726,12.51865358354524
33727,20.213449032484952
33728,17.726053107992705
33729,11.44990586481346
33730,18.689414995012473
33731,14.238813683357185
33732,18.025229973533474
33733,13.700544784083897
33734,11.606644677786601
33735,11.242269491581458
33736,16.18751444608647
33737,14.182618360590386
33738,8.871622365444605
33739,15.083075690514118
33740,14.164540672953972
33741,12.361738311654076
33742,17.275838132986472
33743,17.050599127834015
33744,13.431887153748862
33745,11.7455813176601
33746,13.29808897768064
33747,16.34949595924184
33748,15.09567988688717
33749,15.447288779423106
33750,18.24751854572795
33751,16.19449570052932
33752,15.553248640649763
33753,15.125009821821624
33754,12.014035665288153
33755,19.327675888262785
33756,11.827394376050862
33757,15.869039388314317
33758,17.696028272779508
33759,16.70614481597637
33760,17.233475394168394
33761,17.117061429688757
33762,14.811855296474528
33763,13.02050911419527
33764,17.907401265942777
33765,13.817059061867589
33766,12.874748910869004
33767,16.139013317717993
33768,13.074801421876781
33769,18.26696488720332
33770,14.221951231988115
33771,12.270943221004563
33772,14.104978580330984
33773,15.095112602512442
33774,15.230075942541083
33775,17.95500683671195
33776,14.569279649701738
33777,15.05953287950238
33778,14.529816865692828
33779,13.669444956175619
33780,16.437679754721255
33781,15.760363697370776
33782,15.25752514430203
33783,11.006251452930998
33784,14.597644020378734
33785,14.207709020563025
33786,16.33221059197532
33787,9.81706621392891
33788,16.79639335430362
33789,18.30015609505156
33790,13.71113618922161
33791,16.102363574327377
33792,18.794547098582548
33793,12.912618373071114
33794,12.923855476091651
33795,14.556349459493505
33796,13.577571464646601
33797,11.12703486600267
33798,12.009169140278964
33799,13.70379607066091
33800,9.431384464976647
33801,17.518910007986257
33802,20.16221477016447
33803,16.725044741842176
33804,14.092484888356783
33805,22.289663957022924
33806,9.956435711619266
33807,15.888901889869594
33808,17.42920578758987
33809,17.52637942929484
33810,15.762728007089404
33811,14.95744552820174
33812,17.566965521419856
33813,12.08409155592248
33814,15.722913064978881
33815,14.474481706779883
33816,13.878604797934628
33817,14.816935331633877
33818,18.535308464011454
33819,17.869787509520755
33820,13.844271055023139
33821,21.917122611888963
33822,17.24230452751054
33823,17.260088052114092
33824,18.33655958581832
33825,14.631620610504827
33826,12.25241157469732
33827,15.062668723445753
33828,14.246379172077253
33829,11.07351681593241
33830,12.250604968591333
33831,22.033783836471375
33832,14.370088116267684
33833,15.636701345614444
33834,13.481942132852474
33835,19.445639396993528
33836,15.477054924649691
33837,14.158825448276966
33838,14.151915047574233
33839,16.857785279175165
33840,12.920172015247303
33841,15.710471850666769
33842,16.659278164057095
33843,16.001992139506402
33844,14.949530835381267
33845,13.792144243617622
33846,23.847790211835413
33847,12.49617638567968
33848,13.72438769582396
33849,14.726961385750306
33850,22.449346129616956
33851,11.846526261319672
33852,16.808957850705102
33853,16.82775421725923
33854,18.29084789445575
33855,12.294599919291102
33856,13.311144767328924
33857,15.262273616848734
33858,12.57403759510551
33859,16.116885684984243
33860,14.963025594676736
33861,19.164586644331308
33862,12.452577972912858
33863,14.74194884555059
33864,18.510982997283957
33865,13.993395636668604
33866,15.106791639631693
33867,18.153289491650543
33868,16.83617051004554
33869,11.31239730287359
33870,17.361738162979165
33871,11.834391010837276
33872,18.55133499050368
33873,17.43459574588376
33874,15.271752570977998
33875,15.462031972125326
33876,13.665043929715667
33877,13.197942204094403
33878,14.800618510861419
33879,11.699444477282
33880,16.68178944384081
33881,12.874051428704918
33882,18.750497281234253
33883,12.677298144336834
33884,12.628242594175962
33885,17.35082123744208
33886,21.24968133181588
33887,19.006596574696033
33888,16.010209078181745
33889,11.166564923077893
33890,16.725894325396034
33891,15.037885757781579
33892,20.915083758090642
33893,14.701559188607833
33894,18.916148997122125
33895,10.025790433016505
33896,11.112383879963767
33897,16.753422291010377
33898,14.02433947110573
33899,16.218263571937825
33900,19.96721499295062
33901,18.544468343943482
33902,19.785775012491598
33903,17.76314292891384
33904,10.353998432149687
33905,8.219875604405035
33906,14.447368118742821
33907,19.370808852917502
33908,18.18514263555046
33909,13.99045359979357
33910,9.37003711600227
33911,10.585473957791022
33912,18.155150876806
33913,16.853560144090874
33914,14.56094261935163
33915,15.689081224021496
33916,10.607753078872333
33917,13.464582649309635
33918,16.755995420704025
33919,17.839190667549452
33920,14.460259723287335
33921,17.769278648404196
33922,17.35239152849
33923,13.605484193816423
33924,13.740440405013489
33925,17.668316604168158
33926,19.501335041128733
33927,14.33036951631729
33928,15.096779163187122
33929,15.033937893496756
33930,12.300466994543592
33931,17.341414755276862
33932,12.302259330164514
33933,12.136701572449766
33934,15.733082637104625
33935,23.413933607089167
33936,12.901368607059343
33937,9.125814428196245
33938,10.372075895823937
33939,12.118324628400355
33940,17.376606602472663
33941,16.030144624157174
33942,13.88475628230739
33943,18.06357518767581
33944,19.768422324918113
33945,11.565035985728374
33946,20.003207532155294
33947,22.04489926886107
33948,12.154343509106658
33949,13.597937636028032
33950,16.687516838316306
33951,15.240857857470479
33952,23.48171865392528
33953,22.095044455748045
33954,14.092425415675198
33955,20.75376725641105
33956,12.412053546725415
33957,22.948243754864993
33958,17.00870970438981
33959,16.210650385429595
33960,11.419903914474949
33961,15.881005800787225
33962,14.225791849615101
33963,13.033178091855383
33964,16.546455426407487
33965,23.343697175346794
33966,14.103623848812738
33967,15.851678730254374
33968,16.450045692235538
33969,10.468643791092166
33970,13.383149849610554
33971,14.840738070373337
33972,21.031012843623348
33973,19.256501223224255
33974,15.454854938816542
33975,15.616666068197912
33976,11.806281364391303
33977,18.481953109511473
33978,19.05894364312137
33979,20.462579681620436
33980,12.877009865137374
33981,13.95281294120307
33982,12.849327884397306
33983,13.027627456451054
33984,16.09746823073724
33985,12.852962004208294
33986,19.373165900647955
33987,12.90150713770406
33988,17.07032384180573
33989,14.03773075862546
33990,15.375607856775602
33991,13.996236225088136
33992,12.121360596431549
33993,14.08787817085875
33994,20.03480214504205
33995,20.17757697215035
33996,16.89505883255439
33997,15.436367510155044
33998,20.51812805681847
33999,10.734400608748386
34000,18.051428140774807
34001,13.025668251861358
34002,17.005435950064822
34003,13.607137810878031
34004,20.463641826502663
34005,14.687097264511866
34006,17.390315045652
34007,12.19575401458407
34008,16.415786161149818
34009,18.93017777792986
34010,13.997857757233946
34011,19.6729259224094
34012,13.813949504056215
34013,17.28092517776164
34014,14.183638244071913
34015,10.876351283559638
34016,13.548286898728886
34017,13.373620675227482
34018,15.141702034494703
34019,11.399237416043576
34020,19.496680961181454
34021,22.29971899993344
34022,15.28553447841251
34023,13.947578066370323
34024,13.763072065416884
34025,10.98057679367942
34026,20.12424543716862
34027,21.037275630681446
34028,17.555511257413844
34029,15.549177433658297
34030,20.556001070461704
34031,10.762786174155913
34032,19.064757855212697
34033,17.115316526499715
34034,16.1704291112882
34035,21.64738902357411
34036,16.978987418810004
34037,14.751241869690961
34038,12.727450589090306
34039,13.473387741956216
34040,19.037469474302405
34041,10.86698406761502
34042,13.37557064517222
34043,10.767210378423226
34044,10.628726911596898
34045,17.27939369426835
34046,13.96015299787367
34047,18.07202583746398
34048,18.27162957298341
34049,14.251237266626882
34050,12.489460289377764
34051,15.546506805374726
34052,13.950954102195693
34053,15.206807424582454
34054,22.659331998823383
34055,10.541981397113613
34056,20.61633301050507
34057,11.988749237811696
34058,20.186032394140483
34059,17.37803684899043
34060,16.1443566005908
34061,18.03427023075337
34062,8.678533874256708
34063,22.545320207272113
34064,17.03459745310287
34065,13.26722673347656
34066,9.143112335045958
34067,19.567767528275517
34068,11.793574856716878
34069,15.98206246831319
34070,16.037689331516034
34071,19.6337989189983
34072,18.687695613980615
34073,11.691173357133966
34074,15.755320406899806
34075,16.644836024207148
34076,18.408944338038154
34077,12.407006947988618
34078,16.92126937220188
34079,16.966423220858214
34080,18.866850849869273
34081,14.14218254938947
34082,14.5097392166644
34083,16.03058956791156
34084,12.21489932290426
34085,19.809678755774154
34086,20.47576980332326
34087,16.867255765718944
34088,15.734895206400896
34089,12.938303629336696
34090,21.026712490409583
34091,11.552178710354482
34092,16.025828979880266
34093,11.707193571526057
34094,9.8904961382005
34095,11.82696512083181
34096,15.822481132944205
34097,20.27727448623404
34098,18.99955318268223
34099,15.018925696183372
34100,15.48333145727689
34101,17.7397665280727
34102,15.589392234719307
34103,13.405103778475906
34104,15.521312027729117
34105,16.237768721399128
34106,18.693199739750707
34107,14.733254195718102
34108,17.909354142649974
34109,15.352948576536537
34110,14.793676810452986
34111,11.710162925398159
34112,13.375520939702227
34113,11.645561180500742
34114,21.760874293211835
34115,16.555560673731005
34116,17.23530275791547
34117,11.50264721830655
34118,16.098720572504277
34119,11.870798857511028
34120,15.779133344829784
34121,19.58836232872901
34122,14.775558627447705
34123,19.406324650516293
34124,12.598703055362638
34125,15.765199719933108
34126,17.288163225726972
34127,8.60463020772836
34128,16.12250186934632
34129,16.305171374393105
34130,18.501339535450107
34131,13.36456884720737
34132,9.290718125313882
34133,18.849465271466467
34134,16.430582591839805
34135,12.497399784314151
34136,14.983342115210338
34137,17.07191917806383
34138,16.100825627114254
34139,13.527791237879248
34140,14.476242021523195
34141,13.199621694003746
34142,13.81453779434738
34143,13.029078858410823
34144,11.49311813836046
34145,13.18938203595968
34146,15.98736528105787
34147,19.00210607136698
34148,18.657046242588088
34149,13.114320887487706
34150,12.225320725104805
34151,14.689920682282422
34152,13.865889064124268
34153,18.010010059068552
34154,15.52114050308467
34155,17.526921218782558
34156,11.03872023794503
34157,19.36648859406462
34158,13.827928812142664
34159,17.427104375395903
34160,12.473482401527043
34161,17.034098897314912
34162,21.01501841734312
34163,14.544188700796484
34164,14.944960797500555
34165,17.615938077555196
34166,15.757824367081643
34167,14.39138959505942
34168,15.364668852807045
34169,15.338089264967744
34170,14.464829538714108
34171,12.248676951435248
34172,12.786662392691726
34173,13.071253035809002
34174,13.726075696196439
34175,16.4029706286153
34176,17.823766923071638
34177,13.479095316349884
34178,20.478283235288135
34179,18.50043927341063
34180,17.6806830479985
34181,13.713515347741549
34182,14.758783391084787
34183,13.25625041260111
34184,18.588803934417374
34185,18.384537831513992
34186,14.911034324561511
34187,11.577916214746901
34188,12.671607269482994
34189,20.557026333924675
34190,13.378931113962397
34191,22.582758394446163
34192,15.91549424749095
34193,21.68226807603101
34194,14.212442060614277
34195,17.821061052110448
34196,13.526553869357349
34197,19.68169424751733
34198,19.62569450855141
34199,15.738562217110756
34200,17.165087664625272
34201,13.619581689470955
34202,16.5645401682112
34203,17.33238489570926
34204,13.221067793810846
34205,13.661533051259218
34206,19.327980601230895
34207,10.169365587656895
34208,14.687290398246315
34209,12.18719313189989
34210,10.552333344998567
34211,16.384831241681496
34212,12.565741323597257
34213,15.519085665727355
34214,18.26713430923164
34215,17.372173829889515
34216,17.605870828864383
34217,17.36583926677945
34218,13.839833962312316
34219,18.78933111774166
34220,16.757819279928835
34221,20.62667984827455
34222,17.7486004617373
34223,18.36387699646767
34224,16.124885199128986
34225,19.37340302576885
34226,14.691698383862207
34227,14.433845390127187
34228,19.61711340610867
34229,8.408706830285173
34230,16.860673993922422
34231,13.837050899250208
34232,19.894972936636236
34233,12.537218950605547
34234,11.872660148469706
34235,17.47877624939414
34236,17.62727888933966
34237,21.871864789315655
34238,17.40205225928828
34239,14.306381359373795
34240,20.790016634594906
34241,19.907194943903647
34242,14.147285821663846
34243,13.948092967539653
34244,16.05596012436307
34245,17.255959310427173
34246,15.491177839874677
34247,19.468432443275645
34248,16.242346111335838
34249,12.486401252348331
34250,13.610627539170851
34251,16.670516649114706
34252,13.691890063022846
34253,12.265674878614064
34254,17.441800083401237
34255,16.588404078416573
34256,18.0755515158333
34257,16.498724719078922
34258,14.304432324905418
34259,10.45117588875636
34260,14.957026284935022
34261,20.1477356255046
34262,13.022065404517894
34263,15.688176789494014
34264,11.650678371406153
34265,14.62219510929397
34266,17.23648214317981
34267,15.91623554795691
34268,19.475819772110743
34269,12.92827553802109
34270,12.777296405843861
34271,19.63067731938165
34272,18.622856319311833
34273,11.66937369167837
34274,15.346628038699206
34275,10.199186866604117
34276,19.395768740094642
34277,17.034445390723203
34278,13.877833420019142
34279,12.716633726641144
34280,16.01981575596007
34281,16.37399148015776
34282,16.793091025059063
34283,16.172289421986278
34284,12.421491668198149
34285,19.593836627061467
34286,20.59112279858648
34287,12.596062886202953
34288,16.37300414337205
34289,14.052909782426855
34290,15.343020705426147
34291,12.994026034167277
34292,16.48341663434269
34293,13.599523645276266
34294,12.961339068213006
34295,11.3739432884319
34296,18.6754720048828
34297,11.08043811285636
34298,20.663085363971845
34299,11.985806840517974
34300,10.222969018006674
34301,16.422554021467388
34302,14.149805779025165
34303,14.112789330999522
34304,18.425545373029717
34305,11.97912514101159
34306,13.46523728471855
34307,22.171459553893285
34308,11.818324111952395
34309,16.96935693852192
34310,14.369095982663897
34311,17.583120305554008
34312,16.233088486619497
34313,9.761299588882506
34314,11.06411106465523
34315,14.044256341704518
34316,13.23601731320551
34317,18.89817138726705
34318,14.862516888242512
34319,15.922532517408776
34320,16.13766475991019
34321,18.53635446755076
34322,18.25703885831094
34323,18.955894908908824
34324,17.532902529628146
34325,15.7526674403176
34326,17.8738885060427
34327,10.448635118905715
34328,16.262145357463957
34329,17.582367561290948
34330,12.226569046112719
34331,18.70843981297927
34332,14.621861198577156
34333,15.56586558365552
34334,15.960668219131945
34335,10.507746269342405
34336,16.638932893051642
34337,15.579629641505376
34338,14.578219358726248
34339,14.709869717526995
34340,12.882122661203379
34341,19.106826375169227
34342,12.865559583273045
34343,11.117256103951307
34344,13.810500225649633
34345,13.194558170297855
34346,13.12629854897988
34347,16.262964878263226
34348,14.195049604534262
34349,17.280102994429996
34350,10.722005253550565
34351,11.453163193498494
34352,18.180084709762532
34353,20.842535405084234
34354,20.34403025225748
34355,18.69131609466678
34356,11.807118885162183
34357,14.42045240731182
34358,18.428330556813755
34359,16.567030216989963
34360,14.480420956503156
34361,12.658524816514975
34362,10.281602803050676
34363,9.768539225785036
34364,17.534851221031168
34365,11.87336374300057
34366,21.747443123916426
34367,16.64732794170296
34368,11.32274725820084
34369,14.426903669921678
34370,14.200666013647275
34371,18.690104346421624
34372,22.48763931176562
34373,18.357846683458543
34374,17.81478123483173
34375,19.767371354844705
34376,19.038487439423925
34377,20.06766646016025
34378,19.02391865326292
34379,9.673931117275671
34380,22.148807216763313
34381,12.476496442474684
34382,10.879239631438827
34383,12.738181654654957
34384,12.940991035551718
34385,15.824904296018588
34386,11.17280978520832
34387,14.712755436383551
34388,19.065621305859565
34389,13.034036696358212
34390,15.016775610752276
34391,18.095799225828088
34392,16.59562997840664
34393,13.127758340370772
34394,15.613069623332558
34395,14.60206315260396
34396,17.25905447861535
34397,21.07029987273241
34398,16.442577468688736
34399,16.558685188752214
34400,15.976026097403878
34401,22.55446569506333
34402,16.346256564057644
34403,14.335675928830161
34404,21.53578396226669
34405,12.132076898052198
34406,17.30417372157592
34407,10.42221782757992
34408,8.93598817542226
34409,16.093932515737844
34410,16.118566249685507
34411,10.342568683952637
34412,15.574665491903442
34413,16.63048799721687
34414,11.642715043976393
34415,13.205248992706952
34416,12.427701749678802
34417,23.53471156379243
34418,9.786383486692062
34419,15.426218935061168
34420,11.830361773157135
34421,17.75347130398073
34422,15.497417115611185
34423,14.896548945814956
34424,18.727987077784597
34425,8.974990067354941
34426,16.655162740364474
34427,11.828199640852816
34428,12.714505695322286
34429,20.109264349108898
34430,7.687046932787077
34431,14.27973411835128
34432,22.46220391658856
34433,11.04474352781302
34434,9.25247474387007
34435,15.688097789745955
34436,18.9388469361085
34437,19.993965834139132
34438,16.714349694369908
34439,10.347154633252927
34440,14.08425143389418
34441,15.920102447492981
34442,17.238881726470993
34443,15.086608811180456
34444,13.70356778232501
34445,12.339471090560387
34446,16.037546079460522
34447,13.668261318939644
34448,12.99873086515592
34449,9.47508381179124
34450,15.170629064483183
34451,15.876983151567467
34452,15.945299300413199
34453,20.043857236236388
34454,13.57403564923345
34455,8.09421896757549
34456,13.662295076754226
34457,12.945098654058867
34458,17.218633798876315
34459,12.596933797449154
34460,11.285500427998846
34461,15.888066262173815
34462,16.686988326120762
34463,15.615586758129313
34464,18.746845309025286
34465,14.996949739505402
34466,15.1657409757989
34467,16.107834498763893
34468,13.846962799052049
34469,18.414346633830117
34470,13.514845323942145
34471,16.74086004763954
34472,15.948227805045777
34473,11.328883018661351
34474,15.955195036371478
34475,14.575354557500532
34476,16.452038366288228
34477,16.271279538095456
34478,13.810040820287353
34479,14.660310749892933
34480,14.742231576342894
34481,21.841075714631582
34482,13.575327824813677
34483,18.53638066486398
34484,20.956601279344003
34485,14.69668783748936
34486,14.621649345214022
34487,16.36540719827665
34488,13.885964452516161
34489,17.684354308788592
34490,18.66225210897434
34491,12.844438821265925
34492,16.071738805756752
34493,18.06245873340883
34494,14.994501911503757
34495,16.709151101839453
34496,13.680817207534362
34497,20.049785768167634
34498,16.84325726423973
34499,18.186080055867635
34500,17.765544766545087
34501,18.187197120944976
34502,14.204731823586565
34503,12.759506000611553
34504,15.393243610576974
34505,16.491238400956696
34506,19.300257091883182
34507,17.548776877881373
34508,13.342119837387797
34509,12.573002065990535
34510,21.622292231381135
34511,11.089339545686864
34512,13.97744044904048
34513,16.75193551486781
34514,14.236794038016004
34515,21.91931459152594
34516,15.470815872393878
34517,19.51808388827906
34518,13.638731404060723
34519,12.245769248186916
34520,11.365049633904304
34521,15.599853028588742
34522,15.813727785729979
34523,16.79203783595735
34524,24.89319937187851
34525,21.793748220400285
34526,10.920914484115771
34527,17.57062675736756
34528,15.744030689305106
34529,17.096348487612136
34530,11.931750203600402
34531,21.725531715610348
34532,15.008155051695827
34533,16.151980326623306
34534,11.663162859694207
34535,16.05817319374299
34536,21.524408100613915
34537,21.856961487785675
34538,17.672840453956365
34539,12.525155410380483
34540,15.89161101367351
34541,17.58838385877581
34542,9.60737891705944
34543,15.100298096445702
34544,15.203779702826141
34545,16.321737282170677
34546,13.699774009675028
34547,14.070153047773479
34548,15.179729759667827
34549,18.051330275360428
34550,13.004569643750159
34551,11.008912382233342
34552,11.31565324321036
34553,14.348543032539254
34554,20.925204849029022
34555,15.528355577183891
34556,17.98673840330089
34557,13.16250286515618
34558,16.242900135015574
34559,13.595139203782855
34560,23.747118706817865
34561,21.26210647044597
34562,13.579523478116156
34563,10.843361046790568
34564,17.450274177475766
34565,18.370237274643035
34566,17.744734825209616
34567,15.06585198627063
34568,15.957524220841856
34569,11.712362803917799
34570,13.502967025202427
34571,17.961061067781984
34572,19.479853668517716
34573,16.632426648210508
34574,14.753660650843466
34575,21.070444941993934
34576,18.872110015314956
34577,16.37443521311288
34578,11.915775896879301
34579,22.45561925966394
34580,13.609525530131782
34581,13.521592014126043
34582,16.356594412547565
34583,24.73371368120064
34584,15.397178618362613
34585,13.079099514030055
34586,15.44985019965648
34587,12.787555826581183
34588,12.743246068447492
34589,21.61796590048809
34590,14.535623842040518
34591,12.537237524317103
34592,18.386199549542702
34593,15.669467469293663
34594,19.58193110316956
34595,16.49438746125038
34596,15.331510419135487
34597,19.47304760488407
34598,17.04456020908891
34599,23.239936544570316
34600,16.72950969567663
34601,13.808920908575757
34602,11.827753276577557
34603,13.76629365471455
34604,16.195850474541032
34605,12.10943459714522
34606,13.559546477632898
34607,13.57862236802574
34608,23.160708046273268
34609,10.359383417109859
34610,17.32735679889909
34611,19.407000299933724
34612,9.173851745725289
34613,12.896074353770349
34614,17.20839454979695
34615,16.523691122709472
34616,10.139994040763073
34617,12.322550158553591
34618,16.287746250129427
34619,15.25730402620312
34620,16.928971320520315
34621,21.633802050213855
34622,19.456011878493662
34623,17.193220107175563
34624,13.826117087233108
34625,13.30932234738139
34626,13.086477669614409
34627,18.77724302327182
34628,20.43077104364834
34629,11.419204089400138
34630,13.147934766249072
34631,22.215402334344
34632,19.510007303182753
34633,21.63035520483331
34634,19.929204320349243
34635,17.43548041388793
34636,19.594594666631327
34637,12.014507048479011
34638,18.24902206872352
34639,17.15824855127925
34640,16.230049325040557
34641,16.054728254844594
34642,15.07974977521315
34643,22.422868729273542
34644,16.93686871959566
34645,18.353341099238158
34646,13.982315711575096
34647,12.544158104801937
34648,17.7282994915593
34649,11.430027474672942
34650,18.786665214759235
34651,14.08223610999218
34652,13.281852099865112
34653,15.462427607705731
34654,21.81230549036743
34655,11.185695482887159
34656,16.483463664867298
34657,22.36768548364726
34658,20.35592088190879
34659,14.467618064144238
34660,20.70802585735636
34661,21.293656446767926
34662,16.27736903860656
34663,17.68790937174282
34664,14.102788421582378
34665,17.433736348651824
34666,16.089136229929064
34667,17.751441598766853
34668,16.49673708606079
34669,14.655279260617895
34670,15.17267082473376
34671,14.841349450390684
34672,13.790013018086057
34673,19.647220851611774
34674,8.956730044158522
34675,15.436595470636643
34676,18.74824312955503
34677,17.623655565741505
34678,18.36708602963908
34679,11.467551531122536
34680,20.571830887199862
34681,12.87095985579813
34682,13.665759251053082
34683,9.774896476227694
34684,15.27258495764423
34685,11.774438867736134
34686,17.2793967910376
34687,20.579124917362844
34688,14.023956240843004
34689,13.44105503092354
34690,12.077029288498181
34691,13.67797835361897
34692,13.568990323073058
34693,16.635189059973882
34694,15.109420778529215
34695,16.591390158695134
34696,17.585486716690234
34697,13.8576106383748
34698,13.055880247962751
34699,11.243895356713312
34700,11.06090400721478
34701,11.42101570727612
34702,21.7105381168704
34703,12.866934535238132
34704,19.052413972215806
34705,13.303953539178018
34706,13.836027503091058
34707,18.576212517970866
34708,12.799994284289019
34709,14.849606552630295
34710,14.001771495329681
34711,17.34278087254298
34712,15.000414999525237
34713,14.945100636050485
34714,13.448470498120122
34715,14.907658498190468
34716,23.00017552367117
34717,9.615589485811274
34718,14.848424732159337
34719,10.25189303182989
34720,18.756236455979757
34721,14.559302661164768
34722,14.071427272003747
34723,18.74303143621346
34724,9.65480314283435
34725,15.102951330624144
34726,12.257115897338341
34727,20.2547262731802
34728,9.403541582257146
34729,13.349373356863117
34730,17.782983513904256
34731,17.327294665617305
34732,15.234411152156339
34733,12.526666710553451
34734,12.182500682840562
34735,12.452544865365267
34736,18.337802874430228
34737,19.5792428780076
34738,10.15177165961458
34739,15.539444960059695
34740,13.49984268536085
34741,12.021677151445711
34742,15.911688993993145
34743,12.288313006173675
34744,12.110428535176823
34745,16.09797955753582
34746,10.552213819337132
34747,16.10848761499311
34748,13.719425886612322
34749,13.971329706489591
34750,20.30739487298368
34751,17.3776024511726
34752,11.664677319551373
34753,10.946035975811037
34754,17.268222881866212
34755,15.073066569195438
34756,12.14845733796384
34757,16.94864084752114
34758,11.52452771353543
34759,12.55121484796937
34760,15.753799302550128
34761,10.710884110053218
34762,18.416791387361865
34763,16.478028781090064
34764,13.189405338854886
34765,10.371533729855763
34766,15.548634880862735
34767,13.027022329298951
34768,17.317197949008154
34769,17.606586573483945
34770,16.624816194456788
34771,17.28360655228631
34772,20.557519573213316
34773,13.817180501585154
34774,18.132504857781914
34775,12.496901687075624
34776,18.534652359451687
34777,18.641077746309428
34778,14.507310504043284
34779,12.3539448003073
34780,9.14547592911855
34781,14.77017043651507
34782,9.840900794144188
34783,17.09633210646955
34784,18.19348165092253
34785,17.72991045213164
34786,16.764564552150226
34787,19.3846357257762
34788,11.290364987674538
34789,17.667704007780497
34790,17.103090412624702
34791,18.168003885702014
34792,14.90693887156981
34793,16.56712289329456
34794,15.65825002194266
34795,13.819693393078769
34796,12.05789859431633
34797,18.552259566028027
34798,13.916177118584885
34799,10.442279068696182
34800,13.62382284457439
34801,9.462590328774857
34802,18.657230794010566
34803,14.645025857846004
34804,18.083688357158717
34805,15.598953202225864
34806,16.232542446269374
34807,22.376378099130854
34808,12.852321084443432
34809,18.379345692471706
34810,12.999520862467664
34811,16.629061960260632
34812,10.16217960872516
34813,12.202235655233757
34814,20.723609042337245
34815,14.72402092058776
34816,13.600927512557535
34817,17.812914794126687
34818,15.403286770941254
34819,13.427928635043667
34820,14.71245919444316
34821,20.444498647389388
34822,12.052415624334422
34823,10.91760144286983
34824,19.152903440632137
34825,16.778858696726434
34826,11.258851581940164
34827,14.385484828406257
34828,18.020880671060677
34829,19.108577706074996
34830,16.195947886431895
34831,15.456660608439135
34832,14.058350984960546
34833,19.334217805292386
34834,14.10249985708557
34835,17.692175995176985
34836,16.13936690491922
34837,14.740372022644683
34838,13.392710422517725
34839,16.937599865726686
34840,20.5667678112238
34841,13.629224593508408
34842,11.536547816868886
34843,17.498369834609875
34844,17.08016253342638
34845,20.502582061870974
34846,16.426779727285112
34847,18.347426536919766
34848,13.329702446568714
34849,16.291505171267158
34850,12.893917468701845
34851,18.315344080533226
34852,18.264951087994078
34853,17.592606671994925
34854,17.825079662493167
34855,17.347854121370094
34856,13.06228126302952
34857,12.185195907558693
34858,19.347660248709936
34859,16.7158141676916
34860,17.790476851119294
34861,17.120190582461525
34862,13.602600270352236
34863,14.23709898171427
34864,15.56583971998887
34865,21.217744495832942
34866,16.606761559923363
34867,17.37440392097109
34868,20.149542855557165
34869,15.169773314877679
34870,18.3983475823604
34871,14.152706477657471
34872,11.936329032165052
34873,14.622638208829333
34874,12.88095415960676
34875,16.383942742822626
34876,17.46794536000221
34877,16.67322561301499
34878,15.560582949036506
34879,24.380690509806595
34880,15.982598040649155
34881,14.231690188154245
34882,18.14592278078799
34883,12.728428054794637
34884,10.84794840960814
34885,16.9479553970221
34886,17.217334693868427
34887,15.76891341906616
34888,18.228616549383577
34889,13.034797208429953
34890,15.757872134299333
34891,19.881730215019584
34892,10.90320418062476
34893,14.679153012914066
34894,16.40413229882813
34895,18.43758982842898
34896,17.82565688929757
34897,11.473588927540902
34898,11.87145667271741
34899,16.51578395980243
34900,17.139190203650397
34901,16.316011187603
34902,15.198353699223668
34903,11.337148421468093
34904,21.272136796689423
34905,9.409834363972932
34906,12.686655554805595
34907,10.669784458880606
34908,16.090049618058185
34909,15.649314962074545
34910,17.0074071125297
34911,18.918198565774407
34912,19.863324377963163
34913,13.979687677939436
34914,18.74444060836348
34915,19.519297532372295
34916,21.52725257311276
34917,16.425090057978426
34918,19.92417694243724
34919,14.835451540097427
34920,14.583821061135652
34921,18.246029466004472
34922,13.02788782315393
34923,15.226946546780614
34924,16.082745394181693
34925,19.180538502349815
34926,10.219680670834562
34927,16.659376383834108
34928,13.54061333039005
34929,13.708647680384173
34930,19.07184971335228
34931,14.316140942836197
34932,11.266063800320765
34933,8.478305890037868
34934,10.964242501835244
34935,17.592791737294533
34936,17.02815310065487
34937,16.49244363336669
34938,11.409530474983786
34939,15.328782671572664
34940,15.446678247501943
34941,18.614495907059382
34942,11.600109618638003
34943,12.310327341063145
34944,14.604609331878448
34945,17.63552157230885
34946,12.420143067040886
34947,14.93316086673067
34948,15.597155873261347
34949,17.202469178846876
34950,13.661054227800136
34951,21.210220085468897
34952,13.46120050373925
34953,14.532819702756157
34954,16.461675650712262
34955,9.977774910793912
34956,14.472250390230924
34957,17.705845277077664
34958,21.897378155639974
34959,11.08792409880527
34960,9.890299071641161
34961,14.257842408741286
34962,13.76777970448854
34963,15.77850891737043
34964,14.726003025526394
34965,12.278875430894646
34966,15.42044743576211
34967,13.845214429732993
34968,11.937019179539982
34969,18.97750825414404
34970,16.911685335105357
34971,15.722660863265473
34972,13.22828454645669
34973,13.342411766295193
34974,17.33044857846254
34975,20.07045582624527
34976,14.379038545942192
34977,8.59615390817272
34978,13.445961268489416
34979,14.555917519095345
34980,21.529564304931235
34981,9.773934870615891
34982,15.009889844098144
34983,17.71796897001868
34984,16.8724285194836
34985,18.75818053238046
34986,16.833983502650018
34987,19.31394095991055
34988,11.125520408017143
34989,17.453278369986737
34990,12.152831857312627
34991,17.53344960752234
34992,15.736846622875742
34993,15.510892658397024
34994,11.96313549861659
34995,17.444147799766736
34996,11.766059242687975
34997,12.195700360257307
34998,15.415466410246
34999,17.777139575548297
35000,12.209035901007454
35001,13.991009529453533
35002,18.105321904047827
35003,14.451059431867327
35004,16.88705361182389
35005,15.683609497658761
35006,8.450080065391843
35007,12.214235028746634
35008,12.928376159609165
35009,19.731411282885613
35010,14.556346754107164
35011,13.230431649898517
35012,12.866888703811524
35013,13.87924437524843
35014,12.836302059549348
35015,11.590568685114084
35016,17.13551187456021
35017,15.170762301408779
35018,14.375813767968646
35019,15.912794768650363
35020,17.17531536108069
35021,17.98224785104721
35022,18.408923586020176
35023,16.527596404076522
35024,14.086126725477168
35025,12.548903953186123
35026,16.378982866960865
35027,11.388723160999644
35028,20.195410959427996
35029,14.577308378067636
35030,18.07843487363777
35031,16.655627012287486
35032,20.482916969097356
35033,15.528266403568617
35034,18.26998832285218
35035,16.797044549083214
35036,19.217460387509604
35037,15.038224657567314
35038,14.124055783538093
35039,16.814274661815396
35040,14.451815697497395
35041,18.276132435580504
35042,18.475555874508093
35043,17.174967767075284
35044,9.243481025956266
35045,21.073503775577166
35046,14.908198434694773
35047,12.415322907566111
35048,15.383835165407469
35049,18.88043292282287
35050,12.604913778614998
35051,16.192029058117235
35052,16.246286668334182
35053,11.249023147063422
35054,13.594250907360285
35055,12.831767746747825
35056,19.6644522210888
35057,17.838737526108694
35058,14.394002916287542
35059,13.96751108815797
35060,15.078516273308093
35061,13.859378386320191
35062,17.564318202938473
35063,20.850257415817133
35064,21.367422493374562
35065,12.295345213684147
35066,15.097089286309819
35067,9.24043114698459
35068,12.921165409792435
35069,16.26559759442112
35070,13.782951530073408
35071,17.80687946493715
35072,12.834182331410455
35073,10.857045594791234
35074,15.624718495162147
35075,16.64248766778653
35076,19.273765457834767
35077,16.547218852017508
35078,13.803864945609853
35079,14.227298133389496
35080,14.992316571538261
35081,20.986368044836784
35082,16.964379031365194
35083,20.99288315392727
35084,14.003047612646562
35085,14.966989698075263
35086,12.348456815139743
35087,21.64503655357091
35088,16.404837614453154
35089,13.451691443706203
35090,14.203650081596457
35091,13.141519931307533
35092,20.152759179745587
35093,10.913185773065102
35094,16.186884057154145
35095,19.13387951180363
35096,13.525589202792252
35097,12.317122032922745
35098,10.062986178045605
35099,16.257688371720697
35100,16.4722727263175
35101,18.811451097635207
35102,14.585670621047505
35103,18.16111298427488
35104,23.468337287967973
35105,22.088072788054422
35106,13.35471424677162
35107,17.141174048569063
35108,15.22312400298684
35109,12.754132774242965
35110,16.76740893178744
35111,15.236221643353401
35112,18.040436848747515
35113,12.580833989696602
35114,15.176783772598524
35115,15.907986032115348
35116,11.284100257887781
35117,12.847643158387031
35118,22.397282260693988
35119,15.74511328012563
35120,17.78608053798131
35121,22.37246336184547
35122,22.481363910726774
35123,16.129996041034506
35124,15.793010782688263
35125,10.329262183784271
35126,12.852511272453809
35127,16.775026020894785
35128,18.760752668720492
35129,16.040064138470242
35130,11.53911365256405
35131,17.393692071739206
35132,13.63489010621506
35133,17.875175833320792
35134,24.057704351798005
35135,13.62789493785871
35136,17.987453735382747
35137,13.792874980434707
35138,15.83024304220791
35139,17.950823062099026
35140,17.225791858089885
35141,14.315756680041757
35142,18.10512002664468
35143,14.704336562769088
35144,17.29073943857865
35145,10.544025221927047
35146,14.153565060853298
35147,16.944115360844595
35148,20.647235536170623
35149,17.765624812243765
35150,14.082355971593788
35151,18.786909241558767
35152,11.305916956249911
35153,19.26853970383037
35154,13.691977298713303
35155,13.982411627028503
35156,18.437175191191415
35157,9.284952409077654
35158,11.990268191420759
35159,18.557728172148426
35160,12.69832655111898
35161,13.126897309362453
35162,12.215973625862905
35163,13.367888658986303
35164,22.323068214445208
35165,15.498147235357104
35166,9.076795288765767
35167,10.215803821046483
35168,20.34738950080813
35169,9.13167482894458
35170,20.279605398198516
35171,11.85841007244886
35172,19.94549456033763
35173,19.784035368797046
35174,15.98474669692652
35175,16.81596773733365
35176,19.501730959910986
35177,14.121457093893074
35178,22.647493410596734
35179,16.21436951094768
35180,11.299970344671163
35181,11.674208555061025
35182,18.241518640237672
35183,12.086591885692457
35184,17.59772956488372
35185,14.060092468623985
35186,19.428099560394617
35187,15.85299017025271
35188,18.076596344260924
35189,14.560803507488247
35190,15.137724787337735
35191,14.870866835274319
35192,13.992345262070979
35193,21.45843780522624
35194,16.390268769609275
35195,10.841975534554344
35196,13.31865907862556
35197,14.410808677475455
35198,13.186521368729267
35199,13.253986994230003
35200,17.291363588320284
35201,18.075944866727934
35202,22.631591499916777
35203,20.11321499223572
35204,15.493211090271473
35205,13.303669312741148
35206,20.49732182338693
35207,16.51430963842398
35208,11.849970836441285
35209,14.234354174173781
35210,14.85856756221423
35211,14.830125212488618
35212,14.607431806338727
35213,13.048593551780973
35214,22.221363827048915
35215,16.376206899938808
35216,18.02631867917294
35217,12.199067117227928
35218,15.027129756361491
35219,17.70766926847896
35220,16.72153314654797
35221,12.18257683047906
35222,16.289334371992055
35223,12.330852936945771
35224,18.967736171218903
35225,13.33818291343025
35226,17.795207718774307
35227,19.748134177835098
35228,15.500994509780746
35229,20.517799337282202
35230,14.073238954670682
35231,14.632659292800147
35232,15.214570185144277
35233,14.176613771037204
35234,14.556527020450192
35235,18.471184198345565
35236,15.862012615659552
35237,19.468149576993774
35238,15.677133486605292
35239,16.746561205571446
35240,13.325015302862921
35241,19.497676731485782
35242,17.39688220727879
35243,12.639514325895314
35244,15.018595043662211
35245,19.483062483831844
35246,21.859307659524912
35247,21.216065835870808
35248,11.809778739334106
35249,18.72804624348461
35250,9.85793423619443
35251,19.52790383812893
35252,12.262806042257793
35253,16.836719416689824
35254,16.313883172448836
35255,14.477430689801968
35256,13.959401466100784
35257,13.062949425512045
35258,18.61362631038967
35259,13.417193760543222
35260,14.391716898367646
35261,17.1060610289446
35262,13.238559630020239
35263,14.546874951895376
35264,14.185538729889387
35265,17.125513583826375
35266,15.866485324411926
35267,13.416741440757969
35268,14.187449414513313
35269,15.075091244024089
35270,13.367917381086023
35271,10.949299291377411
35272,13.344710712021067
35273,12.293786591045745
35274,16.27350292975361
35275,10.388439097556928
35276,21.486821621846072
35277,18.48382358618414
35278,19.052893494923204
35279,11.295031350246896
35280,13.396702237492637
35281,16.896833318566046
35282,18.23760826042504
35283,16.537891432764074
35284,11.282688589871064
35285,15.477029905329939
35286,14.9794656782526
35287,11.70633775812439
35288,16.600585855260384
35289,13.990535934688925
35290,12.531641503314649
35291,14.403505994048059
35292,21.2080276086234
35293,14.245179996112766
35294,21.466644757718484
35295,18.03476285032321
35296,12.052527186834892
35297,16.34125820579375
35298,20.617348144881902
35299,11.748314104624667
35300,13.590944056165263
35301,16.210377980384784
35302,19.089371311354995
35303,13.97230393008254
35304,17.72441597630862
35305,10.92771846540683
35306,22.34188385699678
35307,16.528642961066563
35308,20.013056086735563
35309,19.573098183652718
35310,14.730048776033346
35311,15.495311802818732
35312,15.72935618362407
35313,22.138510139507247
35314,14.877808614349973
35315,19.384962876840333
35316,21.256705661955312
35317,20.49915693500188
35318,14.704729592867432
35319,15.938708654001775
35320,12.6944192135171
35321,19.004542703900395
35322,15.234278392676087
35323,15.487696199426512
35324,10.471626166314524
35325,16.75586951377574
35326,19.545884979622013
35327,23.398444616210405
35328,13.46662234084152
35329,22.531169723183456
35330,14.028770379251759
35331,13.445338375261477
35332,18.971473680812185
35333,18.9912359536894
35334,17.345265056695958
35335,10.700647657410046
35336,20.25403570648866
35337,14.429350335151646
35338,15.276405556162207
35339,19.18802852927144
35340,11.245597149649239
35341,12.644132926245149
35342,19.104603399051882
35343,10.063959822834276
35344,11.702196443605825
35345,20.617205309924998
35346,12.976022331414498
35347,9.896295381353909
35348,13.381681219033874
35349,13.495319509378213
35350,14.723541372121474
35351,13.722271086405591
35352,16.97637239861408
35353,14.821468721844473
35354,15.900557989832098
35355,17.665996073983624
35356,11.956591278663751
35357,15.761956098535078
35358,16.022023655145087
35359,16.305102183704427
35360,13.61434708879106
35361,14.121035449406873
35362,16.83042066025431
35363,18.40576553649747
35364,15.269914939255743
35365,16.314755397967314
35366,12.753485164084912
35367,14.370050079135224
35368,13.41848628847074
35369,12.13971487862766
35370,18.143518209387775
35371,12.729479445379443
35372,17.51163241272404
35373,16.74571765708382
35374,11.808090096327726
35375,12.66901311793765
35376,13.935765455605724
35377,16.094809579832273
35378,18.524174054563076
35379,14.22159067417741
35380,22.769230355545925
35381,14.24136187140506
35382,15.576034568482433
35383,12.424828656436596
35384,17.407231401466472
35385,17.173112669821585
35386,11.886458151849634
35387,14.265369209217411
35388,12.698019658673774
35389,11.010173926202054
35390,16.237681416363444
35391,22.87358827922292
35392,12.486661974466548
35393,17.206078555576934
35394,11.974808991111468
35395,16.7272677610524
35396,13.551257879169468
35397,15.231445453549489
35398,15.87319991226219
35399,13.217328698132668
35400,11.83037793843541
35401,14.463828313941194
35402,18.735331966234682
35403,12.72322832136034
35404,10.630404387189252
35405,21.44714135202618
35406,15.012586397312948
35407,18.201127346656484
35408,23.061683991858857
35409,17.524467201549044
35410,20.408452092029588
35411,18.86380111298455
35412,16.52659173688226
35413,13.443171931828015
35414,18.747187176912377
35415,15.084426395564154
35416,10.855101407722957
35417,15.670272226376092
35418,15.94696818919204
35419,13.61926609151946
35420,14.617222548523715
35421,15.164463854254693
35422,15.942803268740292
35423,16.69140786601754
35424,15.966916928294214
35425,13.502137115214646
35426,10.17655463747369
35427,14.36796036091427
35428,14.841249265485146
35429,18.431457019528015
35430,10.306045055427953
35431,15.399837545811408
35432,14.128319455042847
35433,17.256135068022736
35434,16.546810172915947
35435,20.253409558177843
35436,17.250914166804083
35437,17.917579477173167
35438,11.813020438421514
35439,13.422470700963613
35440,13.496748206837088
35441,18.618631194771183
35442,16.761107847317017
35443,15.897715292440523
35444,9.68076006854078
35445,16.650657551201114
35446,17.950327987014777
35447,19.295900564487727
35448,13.739143117575484
35449,14.635632446781212
35450,16.698236431694816
35451,14.667350495936583
35452,16.560004606193516
35453,19.040146885738828
35454,18.358354695845154
35455,14.016628155537845
35456,18.030530190307616
35457,18.95086913666068
35458,15.015053403513459
35459,13.176468498220627
35460,13.934805663129858
35461,22.269842464845933
35462,15.046182647803402
35463,21.034732653755682
35464,20.957311297327443
35465,17.10036477573597
35466,11.555134329180104
35467,17.590238545579787
35468,11.792364890005826
35469,14.705119924344379
35470,18.045191395090175
35471,14.788820226007443
35472,17.658248967698597
35473,17.687616415897672
35474,13.514887040807336
35475,12.755372781243516
35476,16.711323920322982
35477,13.450392486327088
35478,16.167263438194194
35479,18.165480590709542
35480,13.029815038092796
35481,11.86542542565554
35482,17.760211661175877
35483,19.536907037139486
35484,15.58284887289943
35485,17.528636391263294
35486,14.709717309202105
35487,16.077864871671043
35488,17.51055394178954
35489,17.20464375765275
35490,16.67375375383492
35491,14.235496467767126
35492,19.251626311892583
35493,14.460969719834532
35494,14.393344152198965
35495,22.818006943343754
35496,12.11232353549363
35497,13.062260757045014
35498,10.848188207427185
35499,14.95401796868078
35500,9.614927474142801
35501,15.534181419227819
35502,11.725273866715659
35503,17.302938254315446
35504,10.346854314675662
35505,20.25227634591617
35506,20.563712336383755
35507,17.210465109316033
35508,11.162153783382886
35509,17.01966040919743
35510,15.816154013413245
35511,13.531205105691996
35512,18.464824216865228
35513,15.882080914870171
35514,17.01205206510344
35515,17.944296207431343
35516,16.844653214632963
35517,15.621904926983673
35518,17.200963016580005
35519,17.900603527685945
35520,18.330120951642005
35521,16.049162441121513
35522,20.582566900769116
35523,12.26869391115532
35524,18.116096290628292
35525,18.009858355058796
35526,13.858772520279445
35527,13.791785770007017
35528,15.091642310475795
35529,16.61414019207784
35530,22.624005982148276
35531,17.916594814083368
35532,19.46963204921683
35533,15.425127444946535
35534,15.899055119916296
35535,19.370720788702872
35536,13.127567623623417
35537,16.39706730857433
35538,9.847242201491351
35539,23.788503011203318
35540,18.69059557659396
35541,16.388848702147413
35542,25.684298890922786
35543,20.92966062671411
35544,16.062632744182427
35545,17.475449517212734
35546,19.839458696258763
35547,18.718260517672398
35548,19.872719741498734
35549,11.757282288098514
35550,15.551258973720952
35551,12.693335958586802
35552,15.715259123208295
35553,10.455788745088405
35554,14.955818774113348
35555,19.827549850061743
35556,15.351256607799517
35557,23.160152349218336
35558,10.713437600822973
35559,16.992936359647558
35560,20.323360036956128
35561,23.16998706455353
35562,16.419918635283977
35563,17.991618286693175
35564,17.335578069329635
35565,17.953486133567743
35566,9.79355058777531
35567,22.146964589255255
35568,16.925218642778052
35569,20.393871360139094
35570,13.361648323539436
35571,18.31200291861762
35572,12.81669647443626
35573,22.70297842036732
35574,18.456163208095717
35575,13.830640943648401
35576,11.418120527308062
35577,12.948543282997658
35578,13.3288988992398
35579,8.77495454523265
35580,16.34228642826884
35581,11.980884704713295
35582,18.101230585841687
35583,19.439852088846536
35584,16.617804119977304
35585,18.689138530048588
35586,17.05705392568602
35587,18.974260821518417
35588,17.277933112252985
35589,18.62177828200714
35590,15.136937197338737
35591,17.723035316275517
35592,13.887785757870637
35593,15.3913860468499
35594,16.460623880400366
35595,14.327468735212625
35596,11.990710314922232
35597,14.926248485429838
35598,11.06009841467721
35599,19.676007864566643
35600,21.11749412484648
35601,22.684028105300843
35602,22.358719094471674
35603,16.026535859705344
35604,14.465195378566618
35605,11.296974816550948
35606,19.303476523176442
35607,13.617639866042989
35608,14.50489577267521
35609,13.756634745506116
35610,15.01058668071562
35611,14.898055596100166
35612,19.434077560670485
35613,22.37414281044805
35614,10.520668607750906
35615,12.574737486563086
35616,15.873242143098906
35617,16.87911299571393
35618,15.929907766988068
35619,11.171041697111168
35620,19.083633005743796
35621,14.755870103124934
35622,12.602691011898202
35623,14.719781742617169
35624,9.902643749322877
35625,17.911540743595488
35626,19.355241258384066
35627,17.88998729974177
35628,18.208823185795694
35629,19.15009039040702
35630,14.025118883477838
35631,16.31128858932406
35632,14.899089098777665
35633,16.640286971455957
35634,10.657126863716481
35635,17.98305422754625
35636,16.174857393301263
35637,15.132550446067784
35638,16.076661930693525
35639,19.484188975457016
35640,19.774388015583252
35641,13.359991201880812
35642,16.45558272248033
35643,15.929887100748166
35644,15.607754982164613
35645,14.85178274848043
35646,15.20973711490909
35647,15.126655775098547
35648,15.525054885932505
35649,16.428666881980007
35650,9.457925637231948
35651,15.536237642023709
35652,19.122383609809837
35653,16.003611041311693
35654,16.829863735363524
35655,17.036882820088866
35656,15.056750707768972
35657,21.108988380880742
35658,14.652483290373157
35659,12.089546459995303
35660,10.404704150759555
35661,14.16228152330978
35662,14.94772003693118
35663,19.017954344813674
35664,21.020494257499426
35665,15.149950239358587
35666,13.309084190376828
35667,14.959150819775571
35668,19.327820974448006
35669,12.777143735750322
35670,13.814304687407326
35671,19.564657846756017
35672,14.733118282075198
35673,13.59279182366623
35674,15.862487124998024
35675,14.21186757564453
35676,11.930486471162679
35677,15.183150047019588
35678,12.657483466846156
35679,22.318074987812867
35680,11.12938726054134
35681,17.502652607617716
35682,17.06261769094037
35683,17.34738995154418
35684,15.414512819190662
35685,22.445171244200363
35686,15.820677008677652
35687,18.699238603259587
35688,11.763623213026218
35689,13.60066477589774
35690,20.510988813153986
35691,16.55760733097243
35692,17.556012308032518
35693,15.558074703575542
35694,16.02623305469816
35695,10.797504388893175
35696,13.446816844880995
35697,17.846978086429523
35698,16.618622394710528
35699,16.662482803100296
35700,14.099098436021015
35701,12.064122188066445
35702,14.990509059213975
35703,13.702660660895434
35704,14.570250402497702
35705,15.325353068421142
35706,18.265146448804284
35707,13.165506985313206
35708,15.290086289955369
35709,14.787743019887428
35710,13.51856111652134
35711,18.456455939406496
35712,18.2804232829048
35713,15.534263136255328
35714,14.499291813650538
35715,11.912123141757993
35716,13.259038530868093
35717,11.765336519198977
35718,13.848173018222209
35719,20.86456925121142
35720,17.039192779415053
35721,21.224455546932422
35722,19.239953450802275
35723,19.95555472430863
35724,16.94702891122142
35725,16.843775526883046
35726,18.819705434171617
35727,18.807608169202496
35728,15.209271692676468
35729,20.09750045144277
35730,12.763004847183106
35731,22.980835904794933
35732,14.945581004767387
35733,12.145187208432741
35734,19.24204271133104
35735,12.182639106275026
35736,21.08226418945142
35737,11.673640279739935
35738,16.29907737349477
35739,13.40281543176465
35740,15.625638110939137
35741,13.717354242280056
35742,16.88660104340819
35743,18.084074140841857
35744,15.311167183366774
35745,22.561021346994078
35746,11.34467149481062
35747,14.837570212011492
35748,17.410993810998253
35749,15.659142621416203
35750,15.037844696940175
35751,10.815046901438615
35752,11.044835401976203
35753,20.420134976984453
35754,18.89089471376408
35755,12.900363372999637
35756,19.83705080995293
35757,18.368685532853707
35758,14.713846780318432
35759,12.044483474011184
35760,10.995026352392976
35761,14.059590346100649
35762,10.986667573741586
35763,12.537377084780285
35764,16.201074380804048
35765,13.628209120456141
35766,19.023189659638778
35767,10.707611509178928
35768,10.970679671938331
35769,14.812487567332788
35770,14.450124530794927
35771,18.7350253929278
35772,15.929957734096265
35773,9.18841884687774
35774,15.455576781713686
35775,16.51150290958375
35776,10.331668418859646
35777,16.726655363675473
35778,17.15417740922857
35779,13.206513693077557
35780,17.15030460246229
35781,18.8376818107514
35782,15.077564017405269
35783,12.909749879240286
35784,15.399110304848318
35785,11.847530345359202
35786,16.108187633677705
35787,19.844115749237886
35788,11.341347496560454
35789,11.528314820570891
35790,18.83250080281086
35791,15.827581010818312
35792,13.790798766398707
35793,18.6048263402345
35794,12.861994987907986
35795,17.771492325513787
35796,14.538004964780185
35797,18.994567159775386
35798,15.23130111685843
35799,11.860386628583527
35800,18.927447016854064
35801,14.12778630866463
35802,18.90810189955847
35803,11.610159505046997
35804,17.44508394771271
35805,16.429124744918106
35806,15.645076101795503
35807,20.53093475651272
35808,13.54202485545976
35809,13.518039040935319
35810,12.850838772884636
35811,11.677884725585455
35812,14.438673005429088
35813,16.099642918887344
35814,10.631679714106133
35815,12.502585063797014
35816,12.619398237770392
35817,10.327627361055075
35818,11.774187762891104
35819,16.856763681922214
35820,17.933182440203378
35821,14.234353981733333
35822,13.523320081085568
35823,12.671099823051348
35824,16.444907933894918
35825,12.744357936371168
35826,17.10046638357718
35827,18.135876321377992
35828,11.395828588137132
35829,15.471843249194015
35830,17.919397791721224
35831,19.092410424681596
35832,15.76730027010545
35833,16.56886280172148
35834,8.685506580102889
35835,15.9335285768486
35836,15.522225807100169
35837,18.684517801190577
35838,15.01420414962135
35839,16.553536502076625
35840,20.034102951346373
35841,16.477209323022624
35842,11.287580560406859
35843,17.697356397357215
35844,11.373597561391966
35845,12.441692767169164
35846,15.42665611464329
35847,18.411117181790782
35848,14.87795492109498
35849,19.672198554267545
35850,14.670641041430676
35851,16.150151876332508
35852,12.926274323566108
35853,18.3953676330432
35854,17.70803239548268
35855,9.863382828775098
35856,11.019872459734739
35857,11.705559355610214
35858,23.062961774881718
35859,9.89395973266862
35860,12.544537909177322
35861,12.644049052763663
35862,20.891740030224064
35863,11.237617152927578
35864,14.08929050492083
35865,17.81230110942244
35866,15.978325574057855
35867,18.730912967779496
35868,17.392121681569748
35869,12.139323860416857
35870,21.346967850265713
35871,19.69395197255423
35872,13.543852682635496
35873,15.931254595343935
35874,16.420269600465286
35875,12.536487411042383
35876,12.015792155009766
35877,16.883729964575586
35878,15.004774258008105
35879,13.132668975527231
35880,14.023186717703732
35881,12.776950747125223
35882,20.28722711237328
35883,15.902413612345972
35884,16.912422521891433
35885,17.99368724106342
35886,13.749337035337685
35887,12.924955320045301
35888,15.471353317639405
35889,12.830516341940216
35890,17.182609684342403
35891,14.023969325845783
35892,11.45314506529056
35893,10.2044476149075
35894,20.573843827679955
35895,14.888595721583165
35896,18.32285086856707
35897,20.190965253037724
35898,24.53521225218693
35899,16.181259972179063
35900,14.076025297984103
35901,10.062342458444254
35902,13.119034015383864
35903,16.02370791669938
35904,11.362720925313063
35905,19.793735047997146
35906,13.981764211168827
35907,10.078909761466614
35908,15.751811283797236
35909,18.61105640269005
35910,14.954850352051997
35911,12.576451714827334
35912,13.146844493597277
35913,12.492147481088438
35914,21.37843581323805
35915,11.856229554360207
35916,11.778919178176993
35917,10.646315794381787
35918,12.4711529956263
35919,15.295409535911945
35920,13.918721532269968
35921,20.2082268957921
35922,16.809906610018178
35923,24.43140017468159
35924,10.235228139475613
35925,16.220227096786125
35926,14.862039732478799
35927,14.10483672868185
35928,13.07893380049417
35929,14.308862707788565
35930,10.932976705519334
35931,9.91915514014842
35932,16.77284194933514
35933,14.964866005231995
35934,14.61949137226785
35935,16.811102656424943
35936,14.782989209200084
35937,12.4044708654657
35938,13.411385018408835
35939,14.115638198430293
35940,12.719006976101989
35941,14.32809434223173
35942,20.616239564610837
35943,13.444174483430045
35944,18.869852762240455
35945,14.538355034504631
35946,22.825843574513932
35947,10.398618372884586
35948,18.00931912998068
35949,18.769123447818053
35950,11.976808534848734
35951,18.151921256976333
35952,16.353821315086314
35953,16.074884456985167
35954,12.230587205735494
35955,10.050593042460127
35956,12.835403506594973
35957,16.1644782602123
35958,20.664676092652293
35959,20.910874817717097
35960,16.709364250086825
35961,12.036912219007554
35962,14.507826231010354
35963,17.231557992896413
35964,21.86581184402938
35965,20.180195481052206
35966,11.707999962028172
35967,12.69242470413265
35968,19.65163495907375
35969,13.966910349494844
35970,12.518066091307215
35971,19.03999105624334
35972,13.408180012917343
35973,13.612196732424252
35974,10.030003176479754
35975,17.90535421873204
35976,17.875865069335898
35977,19.236837005929527
35978,20.56454842205522
35979,20.09363208954225
35980,20.246547778940222
35981,13.101580601434623
35982,12.571127903824069
35983,15.603140815728661
35984,16.612837509518354
35985,19.84577643922457
35986,21.478350363310543
35987,21.47736119512962
35988,16.913381087881803
35989,17.767391248886664
35990,17.216440941067933
35991,16.693552809053646
35992,10.959519672597574
35993,13.036129014076947
35994,15.894873372024875
35995,11.050981629322026
35996,10.299008801467773
35997,12.011102239513974
35998,16.289862547089548
35999,16.555235172296246
36000,18.48652233775938
36001,12.588905654363998
36002,14.804672749839062
36003,18.20384050851104
36004,17.538742470379134
36005,19.061439902420695
36006,19.71124237934344
36007,19.750788100209324
36008,16.5622929877636
36009,24.283900566075065
36010,11.03630791324107
36011,15.36345602718458
36012,13.795524180032944
36013,16.72995957923362
36014,13.240955631859428
36015,14.73956190216208
36016,19.471113080584885
36017,18.88158487777289
36018,10.425477914268171
36019,11.11745020158916
36020,14.06356191985987
36021,15.9944263337487
36022,15.480911464160835
36023,16.149703575834305
36024,15.809456113129176
36025,14.31341426416515
36026,18.97533213095448
36027,13.207658236544088
36028,15.32376337619059
36029,12.88801828805006
36030,15.573740766654598
36031,17.345859494091656
36032,12.004787906353148
36033,13.564545751949433
36034,13.991598313010476
36035,19.365475113571616
36036,13.41545020799489
36037,13.257779371264593
36038,19.39949931237864
36039,8.27103203665143
36040,16.650580040169288
36041,22.775136259652545
36042,15.697478477782118
36043,21.195890009837218
36044,16.997239896214793
36045,12.772800454838553
36046,16.32434573563165
36047,18.672041969725285
36048,20.57760669905383
36049,10.865227971709956
36050,19.037171685246506
36051,15.222855326742895
36052,13.457227751713592
36053,13.894091946829828
36054,16.912755893353694
36055,17.61605120597132
36056,10.477441731626158
36057,12.046798400982413
36058,19.09099945155818
36059,14.727361147750598
36060,17.583757463681923
36061,17.022108616889437
36062,15.19491527602498
36063,15.470207242763468
36064,9.206941238002777
36065,16.856360458368595
36066,13.977110753190065
36067,18.865219670407026
36068,15.05120619113286
36069,16.655385460474204
36070,15.647024649103123
36071,9.783504070777386
36072,16.567901428540015
36073,13.221510706678286
36074,13.301011842251974
36075,14.071072613239668
36076,11.946516284999525
36077,12.059319298885038
36078,18.83857830233003
36079,15.94296694613892
36080,12.592448441664537
36081,20.221329720474888
36082,12.912334778538565
36083,13.777339404881769
36084,17.12733796861951
36085,17.767527869718183
36086,9.555729552478626
36087,16.483828510422814
36088,17.83415030733212
36089,15.061605283521637
36090,8.826768517814005
36091,12.564540850527704
36092,14.648127887587846
36093,16.898954293988712
36094,13.639966426820449
36095,19.475170593941407
36096,14.459516168247994
36097,14.33666038904277
36098,16.670407977223654
36099,9.83567889024485
36100,11.481692326435464
36101,20.755681637061354
36102,10.264733869489694
36103,15.784064215892938
36104,13.633486867662961
36105,16.83741203965516
36106,12.215336460053582
36107,13.581962413310682
36108,12.74699379997274
36109,17.43813667945091
36110,20.835626835834933
36111,12.706079226478593
36112,18.8761213363003
36113,18.88525493508945
36114,15.046054486398523
36115,14.022576965816063
36116,17.288423439784914
36117,19.20353114117655
36118,15.10210241113096
36119,15.218491093532622
36120,14.28957267642574
36121,13.89784674721748
36122,18.201564166721813
36123,14.54560278404344
36124,14.791319748049832
36125,20.496822362323332
36126,10.9613660222096
36127,20.094786075665326
36128,17.14380330777904
36129,15.20556052707511
36130,18.239647910709362
36131,11.419658339069052
36132,10.919780807946273
36133,18.889449280388973
36134,20.584002896557244
36135,12.252402769821796
36136,11.315697745412985
36137,18.84747715167362
36138,16.89629767609565
36139,21.220882412884464
36140,18.76213550319488
36141,15.82740898510505
36142,17.00483794081517
36143,19.34944845498718
36144,10.684614775311028
36145,17.164522705153765
36146,17.561044011251326
36147,15.960989075321898
36148,19.303096500825554
36149,14.4408320373619
36150,18.913930745419155
36151,15.67317491170439
36152,20.490732803326885
36153,17.118686898376684
36154,18.3215914788812
36155,14.058252857749814
36156,16.14721424466089
36157,19.349683080053218
36158,18.20991125599909
36159,15.497075053974015
36160,17.923159361568516
36161,13.926190045123965
36162,19.71761686533806
36163,13.659883005745696
36164,12.252363462574769
36165,10.477801672744492
36166,13.903782900615871
36167,11.399428709839404
36168,12.56295754296295
36169,12.330630186179489
36170,14.127319933688698
36171,12.481929164158643
36172,19.11929164300166
36173,19.936166802610106
36174,22.661064625901986
36175,13.733845764900769
36176,16.337466694753967
36177,19.79209795909086
36178,16.084557406341474
36179,13.836181706625089
36180,19.670096304075138
36181,17.210632008343797
36182,12.447481504049955
36183,21.574091586364233
36184,17.379899331527856
36185,15.587667146291263
36186,15.702933823638768
36187,15.210569694764175
36188,19.27380751776365
36189,20.76188070828251
36190,9.748814799174522
36191,15.381021993405726
36192,19.015286849829376
36193,22.49107856005682
36194,12.480182076624136
36195,13.162869504626816
36196,18.34320762253001
36197,14.760363363565116
36198,18.09203850659994
36199,15.918867300082328
36200,12.113893519277205
36201,20.852856602545554
36202,15.068887220103223
36203,15.20188871772167
36204,11.253377157141022
36205,17.914720152337406
36206,13.63944578313061
36207,15.049464804558285
36208,13.495262005697128
36209,13.793895234293393
36210,12.41466074717715
36211,18.924623987446004
36212,8.240069052693324
36213,14.077128080923712
36214,12.17454720773291
36215,15.590102219950147
36216,16.80453530229034
36217,20.0447789464042
36218,12.695443685386405
36219,18.122766769676613
36220,19.769062634750256
36221,19.250222414464737
36222,21.977078175133812
36223,11.65409892373709
36224,13.272915573258318
36225,16.451055563997993
36226,12.506517423933543
36227,13.898688362929382
36228,13.652947910328304
36229,17.530570826655346
36230,19.383711480552858
36231,15.141335911322047
36232,17.796636369854657
36233,16.308474972431853
36234,15.563198685610221
36235,17.09667128714852
36236,12.664955301746884
36237,9.2646435158655
36238,24.079685852112117
36239,14.823427231223185
36240,15.839975904660383
36241,12.182095689972538
36242,19.28096607422145
36243,15.675476888168516
36244,21.443844863518077
36245,14.77310028847173
36246,14.61013449451421
36247,16.965803422918004
36248,12.426165019980743
36249,12.812012165871568
36250,16.71979802178393
36251,13.704182923510425
36252,15.028209096531386
36253,14.957278591349105
36254,17.51485295792066
36255,18.109923587003536
36256,24.047995268252386
36257,14.196647567720683
36258,15.06861241731246
36259,12.365957082032187
36260,14.290803217624182
36261,16.082262470597282
36262,14.719528281030556
36263,15.209898823783465
36264,14.606609150082312
36265,12.680198104656421
36266,15.048170405232227
36267,14.739090379718034
36268,12.598574631113273
36269,20.21101197905387
36270,13.684244074244939
36271,15.34358553829643
36272,18.258690791604735
36273,18.564470871064287
36274,15.436000691838819
36275,19.635784792800163
36276,13.101099439776588
36277,18.321887017886226
36278,10.923380161629794
36279,11.035970342929996
36280,14.831417270617907
36281,9.288325209878849
36282,9.948091343156994
36283,23.712024731122995
36284,19.64196233145873
36285,14.834045854149466
36286,8.511399883114983
36287,13.671581092422796
36288,16.5549730441107
36289,16.26040416379718
36290,9.991939118736614
36291,16.131525379629107
36292,16.864094516466857
36293,18.1641875979651
36294,17.448451656209173
36295,16.50299575260333
36296,16.99233571305637
36297,17.58697114631973
36298,16.375871317325355
36299,11.578512408436303
36300,10.784533282894147
36301,12.599784238415285
36302,14.575521828167012
36303,13.81963738146484
36304,12.599178463535084
36305,12.51927503893686
36306,14.922593595546639
36307,19.001573903451565
36308,10.535344104078781
36309,14.960169386781837
36310,17.04341509341814
36311,16.895519770796092
36312,17.902934580682277
36313,16.84223723879653
36314,14.722239470557884
36315,16.79292035937929
36316,18.577911701176134
36317,12.215830277309367
36318,14.399661651128074
36319,13.312783976324996
36320,19.682092547016147
36321,19.809688329097177
36322,12.568638126839085
36323,14.983924392807266
36324,19.007681419183925
36325,14.538500821293859
36326,13.265017951431176
36327,14.081892429089605
36328,10.075622161299634
36329,10.275976888982102
36330,9.930657670515256
36331,16.86286424634705
36332,16.198540157950003
36333,16.842323640765716
36334,12.828136740726894
36335,13.467478400298324
36336,16.274096396141843
36337,13.637387569158673
36338,15.850784432020616
36339,17.84045700536305
36340,21.83846265202979
36341,13.210809127738015
36342,21.87498834536817
36343,18.918011152869358
36344,15.697956530182024
36345,14.243943404275516
36346,17.286670739253847
36347,17.67530774421668
36348,13.68215425176336
36349,12.971284819028288
36350,15.66594285670972
36351,23.812245553622276
36352,14.712117246747571
36353,18.71635513623569
36354,19.072499277512442
36355,19.62570698262056
36356,11.234239586142689
36357,15.787954542559874
36358,15.95149581588164
36359,12.820066454052132
36360,16.221615835725764
36361,18.380194983063657
36362,10.721202467080857
36363,20.98448295548219
36364,18.387691922371264
36365,17.38232905889914
36366,12.282692519757237
36367,13.995466345975496
36368,17.505525861872727
36369,18.528385376860186
36370,18.106826799114852
36371,21.673367187957986
36372,13.35956785377199
36373,15.774091138974256
36374,7.744361731162872
36375,19.676480274329336
36376,13.69756463993985
36377,15.684072672058072
36378,21.90172621983642
36379,23.794580179741747
36380,13.381665211357195
36381,16.72137435536479
36382,15.694854644553846
36383,14.052068264557096
36384,16.574630762635856
36385,18.512927763989904
36386,17.891230603317847
36387,9.584084360248418
36388,11.873066682918184
36389,18.480866226160803
36390,15.882166665982071
36391,18.716308145186442
36392,12.493566362265359
36393,19.42522933394155
36394,18.723249913344947
36395,13.335310990150266
36396,12.949175578503086
36397,16.753873075727306
36398,17.625520003687924
36399,17.472381699624364
36400,16.621455695655616
36401,13.884067432422087
36402,12.130169084953488
36403,20.894456298604357
36404,12.390583249992568
36405,12.83665250987565
36406,10.344429417773018
36407,13.930469911812427
36408,21.925182167123975
36409,20.618925336787
36410,17.214802795359887
36411,15.879650538323707
36412,16.206570089238326
36413,17.414175189626963
36414,14.34746843161008
36415,18.986731762707944
36416,11.134853021590983
36417,8.60433450323614
36418,12.840841293490197
36419,15.14446281207061
36420,17.75092933892908
36421,21.00013403583834
36422,10.634989798020383
36423,16.56422578152803
36424,15.046065962494191
36425,13.246027222600208
36426,16.43278659366193
36427,10.98540574450929
36428,14.675846988578426
36429,15.4422168796412
36430,14.402539115695278
36431,18.8580742395964
36432,15.938179375869257
36433,17.891519120391354
36434,21.608639416914343
36435,17.719723785903582
36436,15.1069176145264
36437,18.346046920186357
36438,17.40002204883285
36439,18.082568527532988
36440,17.52634568569217
36441,12.782459504627594
36442,18.521543025391278
36443,12.55637257279716
36444,14.16959817782765
36445,16.851053836649715
36446,18.553917011536843
36447,13.77780390193724
36448,16.595825502421825
36449,12.469587303642601
36450,13.295044833410152
36451,10.355093786438319
36452,15.416504571088874
36453,14.122362876479123
36454,18.73120116353019
36455,16.188640852836965
36456,14.8037867850616
36457,14.063230125498418
36458,17.669697742668056
36459,13.38909224996793
36460,18.875459762505418
36461,11.18036295409845
36462,15.175386277785542
36463,16.50859095204933
36464,12.649484495686972
36465,18.16435539626159
36466,14.088350727021176
36467,11.904501281110763
36468,14.67966837653291
36469,8.422913691901252
36470,12.88802731296699
36471,15.035920562854935
36472,17.734596320584988
36473,16.05060071704317
36474,13.769100859968802
36475,15.857229983110306
36476,8.947926123613788
36477,12.687068961392423
36478,16.162650876238462
36479,13.809968313006626
36480,13.966400828959458
36481,15.050324215422448
36482,13.258372042887457
36483,16.604720451681192
36484,7.87181191214301
36485,16.81002711958225
36486,22.26796452032297
36487,14.232226983167179
36488,16.682081687775923
36489,19.75306947298049
36490,11.565101640902212
36491,15.42540223361951
36492,13.359663686594361
36493,12.883682384974973
36494,15.319708303435533
36495,18.63061639860837
36496,14.250858524660453
36497,13.69583376169255
36498,18.549372954428136
36499,15.920128203023776
36500,13.095525490156495
36501,13.132145443560317
36502,21.536550721331512
36503,11.395716343789479
36504,17.233652681949348
36505,19.16721940889771
36506,19.552196164461428
36507,17.7829596771606
36508,13.712125021605702
36509,14.138062630619945
36510,14.943891876312847
36511,15.831142608093748
36512,20.799359888497985
36513,13.664368052052845
36514,22.79410540652228
36515,10.913787732088172
36516,18.835525934523524
36517,16.68267638157973
36518,13.158191648397116
36519,13.289834596415258
36520,11.656227341917086
36521,13.886026509799354
36522,13.426500645631998
36523,21.17178764785961
36524,19.26397355265105
36525,17.988387528306443
36526,16.050918256762355
36527,11.231111443937523
36528,14.999238353406424
36529,19.631170132452414
36530,16.413186480883812
36531,19.68975365312726
36532,18.646715062149237
36533,10.82523221560994
36534,13.41378427672741
36535,17.561938671676355
36536,16.778259904099166
36537,14.115453443256792
36538,11.62908010637005
36539,12.702996507000893
36540,13.447141541906875
36541,18.74684919704247
36542,20.41348717613829
36543,22.48874581445981
36544,17.283370514623083
36545,15.779773653481284
36546,10.305395995788764
36547,15.661633296581613
36548,14.263371186440146
36549,12.150353111648144
36550,16.701647611982754
36551,12.030906384992347
36552,17.835051972523054
36553,14.125394720065195
36554,18.935107732507277
36555,13.677426513687927
36556,14.958034026312154
36557,17.467317884748432
36558,13.196668950559562
36559,11.703302588981916
36560,23.25491705088436
36561,14.72821859594642
36562,14.561488306924362
36563,11.212751614532603
36564,22.491879753393405
36565,16.891198151773178
36566,12.41426129825447
36567,18.69209754180135
36568,12.091246870115508
36569,16.692440536602927
36570,11.360625253419284
36571,10.038678869303062
36572,15.27401828257659
36573,17.324233516343124
36574,16.30015096299482
36575,16.074249395134835
36576,12.771473215518068
36577,13.646035733559444
36578,11.87775867425607
36579,13.041779068116995
36580,8.913217346275571
36581,12.513328706448586
36582,21.74077199107174
36583,12.79429191145472
36584,16.547597448088844
36585,11.042410847812652
36586,20.78685357304391
36587,17.30923180989527
36588,12.00446442347263
36589,13.836382269733907
36590,13.521582205279367
36591,12.525737768272194
36592,18.701747928262137
36593,19.87691075263744
36594,18.160629602546223
36595,16.317920694705407
36596,16.15474844205427
36597,14.882892762431712
36598,17.509625993303175
36599,17.088444668368492
36600,12.53934648290898
36601,19.096530031894225
36602,11.642708396599598
36603,19.482916286100686
36604,16.93153504659043
36605,16.10850616427469
36606,16.287713804216988
36607,16.120398566441306
36608,19.9600553909019
36609,14.242858939151786
36610,19.566591992627924
36611,15.653852293998069
36612,13.88236670451619
36613,18.870623371011852
36614,20.676376547330353
36615,14.88065195962725
36616,16.42357276676589
36617,19.059667280755406
36618,17.256455017351616
36619,20.730168021053693
36620,10.915016262951882
36621,12.377042205595503
36622,16.920910833397418
36623,12.539272870229414
36624,17.1265500037304
36625,15.431622794671918
36626,16.993108106461218
36627,16.777910958157364
36628,21.695620879126974
36629,14.04377792726717
36630,20.211526988553366
36631,12.654205958918562
36632,19.021593538183
36633,12.058101242324296
36634,19.560529885961643
36635,10.167658424067493
36636,18.338200258471584
36637,16.798502375170642
36638,10.254630338489504
36639,14.060497635595462
36640,14.908728957463707
36641,14.13738576477419
36642,14.610554813639254
36643,10.997079704679884
36644,24.5741445803085
36645,12.198721680947394
36646,18.374144043159387
36647,11.292472075961971
36648,14.95144853810622
36649,18.357523097818213
36650,19.463950318108193
36651,13.660500552234618
36652,16.09627131407742
36653,17.02166212115109
36654,19.423177206852696
36655,22.216252947006062
36656,14.949346884600514
36657,19.111880587091346
36658,19.12269482435595
36659,22.5857124351586
36660,14.396029775486314
36661,17.04681254795757
36662,15.34612803242454
36663,14.90562226881124
36664,15.040434680363166
36665,13.243504281121847
36666,14.975066506253077
36667,8.713383712641678
36668,20.01613861525206
36669,15.465358108995472
36670,16.240048170061893
36671,19.401313181567907
36672,15.543639943954904
36673,14.919681225610944
36674,19.906742441412717
36675,10.74294759384168
36676,9.513730321272101
36677,19.636361725434156
36678,16.143905252285307
36679,17.67775747477368
36680,22.943205225457003
36681,16.8721582305783
36682,16.020998333568446
36683,18.87008094933366
36684,16.06336797320876
36685,12.09339765038202
36686,10.373704659824641
36687,15.055118621311848
36688,14.522661787560425
36689,19.90092085787167
36690,13.369036297438923
36691,14.814758153292557
36692,19.84939610653097
36693,16.49796383184742
36694,19.877686982256385
36695,14.250096111547862
36696,18.156713622557437
36697,13.10462568227496
36698,21.218977841231027
36699,10.644745732796663
36700,15.178656216666214
36701,16.902982176191745
36702,14.125461490019346
36703,17.986040759954797
36704,17.097578923892627
36705,17.946591707226588
36706,17.368887010907923
36707,18.556680529293395
36708,15.577694701580029
36709,11.970482677275834
36710,17.491768508891674
36711,12.13826085050292
36712,17.96535039906012
36713,12.879571811277682
36714,24.13253823814356
36715,17.74964169939975
36716,17.612425006947245
36717,10.783811261170744
36718,12.214698132631888
36719,10.381422126130934
36720,16.35053490377863
36721,18.115827024924975
36722,11.964938082249999
36723,22.554385326435614
36724,13.465697530165725
36725,15.620474108391893
36726,14.519402625604249
36727,14.710534032073136
36728,19.332139357654455
36729,10.431883476090723
36730,21.139487299901766
36731,18.41915206105054
36732,12.766079332812833
36733,17.651503722043017
36734,16.97221566951329
36735,18.29838373768325
36736,19.57418582432756
36737,16.619007889924546
36738,11.368401601418048
36739,13.834581948043686
36740,17.337892200713842
36741,11.29065633161021
36742,10.7174672036738
36743,16.528322183596156
36744,14.196756966796931
36745,15.741021182360532
36746,15.068734015359926
36747,13.473398228702168
36748,21.361261892736497
36749,11.498924172837937
36750,16.232563298553956
36751,19.111204938591747
36752,13.601790177936731
36753,18.575605214649293
36754,13.641884605722936
36755,17.24041758327685
36756,15.108902151636165
36757,17.805700489587046
36758,11.523479072434414
36759,14.282414247388058
36760,19.472598234993303
36761,12.151231666910764
36762,13.03972709651557
36763,16.250423102785458
36764,15.427577902950084
36765,17.79413808822324
36766,12.362814447759625
36767,15.017350572929631
36768,19.58510759540369
36769,21.667452126953055
36770,18.435961498780053
36771,15.65153066140913
36772,13.920232701198767
36773,17.646789184732924
36774,13.750282570344744
36775,18.859318189162
36776,14.70454979104423
36777,19.021477091314413
36778,16.443151055342945
36779,15.154135204192828
36780,17.389651054975634
36781,14.749402809274923
36782,15.02671302420696
36783,13.301703864568319
36784,18.051073651873534
36785,14.861098167437753
36786,14.605891519037876
36787,17.638694221385965
36788,19.911721914376677
36789,15.237310868989269
36790,13.535093569443298
36791,16.863823826702173
36792,15.777707213656871
36793,14.41996156325255
36794,18.929854135248444
36795,19.635776463234237
36796,18.139318643107845
36797,14.50600806977862
36798,14.417437358053496
36799,10.66873537245891
36800,17.059211807336904
36801,16.938023411625046
36802,19.25068070443852
36803,9.426452832477626
36804,20.134930154155338
36805,13.987980398183678
36806,13.063328985851019
36807,12.181592811405395
36808,13.136343527070853
36809,11.113379339337746
36810,17.46623156282232
36811,9.408146165021934
36812,15.311169941460365
36813,12.099330027074597
36814,17.691852077266265
36815,19.51131837743395
36816,18.396829784523298
36817,23.307654823848566
36818,14.058001917486209
36819,17.051393445940324
36820,11.039646953620244
36821,10.452832381839016
36822,19.66654859925927
36823,12.518680241384825
36824,12.64925137588493
36825,15.718595016197943
36826,16.614515701027905
36827,15.621263448146811
36828,16.136961747956438
36829,10.257979851656014
36830,14.461846159311898
36831,15.120340189373927
36832,18.39325722932442
36833,9.528459063924727
36834,17.698013720134075
36835,16.237314042405238
36836,17.371236262737174
36837,16.508100423840965
36838,13.181555469896606
36839,10.836841557660877
36840,14.673878783004914
36841,15.160114224590325
36842,14.929866035983371
36843,13.67874995999496
36844,16.9947857280962
36845,9.592248628973028
36846,16.566346476459994
36847,13.441725255327377
36848,10.877571805418729
36849,15.170636321418376
36850,17.392376826976555
36851,16.352042336158814
36852,13.69851862561997
36853,14.26143232774242
36854,10.723994385242042
36855,12.721166481679598
36856,19.976711680632757
36857,18.734781479165648
36858,11.896700859037928
36859,15.99799759359096
36860,12.294978487341384
36861,24.307122511968583
36862,17.161570944803206
36863,16.195993945225606
36864,13.518186029873332
36865,14.292874841421305
36866,17.857658790147276
36867,18.814476369738426
36868,15.499149202123872
36869,12.023921371299574
36870,16.08066794817712
36871,14.12074901886646
36872,16.31311765346897
36873,18.778016973102808
36874,10.752481892354986
36875,13.997945892361159
36876,19.79965966449675
36877,16.835899744461127
36878,13.353303666352089
36879,20.55481977008278
36880,14.860912211943196
36881,16.719001980578422
36882,20.77303716648097
36883,11.32171963424362
36884,20.1785327775587
36885,20.379548866554316
36886,14.222522799958174
36887,11.873849224579015
36888,16.073919986407105
36889,12.157321399641381
36890,18.85022234523
36891,15.064073581337823
36892,16.43150819291413
36893,13.934551427667138
36894,15.831685002207594
36895,18.007236395063234
36896,13.2864344261097
36897,18.575932461205067
36898,13.444589732724948
36899,13.8400481825347
36900,21.740226756772042
36901,18.346662586873563
36902,16.005117817968465
36903,18.01195068612803
36904,14.135157939357322
36905,11.689813590648477
36906,21.0127484565959
36907,17.688592856369926
36908,11.607512976113854
36909,12.506811463842956
36910,14.47776296497933
36911,13.757598866883631
36912,13.632826377856782
36913,17.789741425203317
36914,16.51448992996857
36915,11.884469867039908
36916,14.094558183942947
36917,17.139044672233716
36918,15.052608903369086
36919,11.45795638207845
36920,16.261729442809994
36921,20.73690792026112
36922,14.020980106938431
36923,17.950741250592284
36924,13.505038467526267
36925,13.679861747723729
36926,11.794639201530876
36927,11.472595364093166
36928,12.867962970593318
36929,12.360184320504459
36930,16.287972758770024
36931,11.975920193993222
36932,16.56227548206848
36933,13.974304293616019
36934,14.76446652449584
36935,14.28828342762541
36936,16.48047656291572
36937,15.969706570748995
36938,17.283911049102933
36939,15.21367920177561
36940,17.023540166389743
36941,15.93746135411596
36942,15.731189887725531
36943,12.419234227480404
36944,14.512914859473256
36945,17.976182973357304
36946,12.40829587308799
36947,15.051550816463728
36948,10.065215595893841
36949,13.412440119116777
36950,15.582924212034724
36951,14.664303344135275
36952,18.61832032376899
36953,14.063390038909823
36954,14.992916056363022
36955,16.104750072371107
36956,13.371600931719462
36957,10.524012628493711
36958,20.024840794248984
36959,16.661281938809644
36960,14.493501222298152
36961,15.781810354365936
36962,16.001500426098264
36963,17.533009749251402
36964,16.33901303670638
36965,17.497038021895417
36966,14.633236131117668
36967,15.803424729412301
36968,12.796838432384318
36969,12.450194065496424
36970,15.34139477550022
36971,13.870150612006109
36972,13.998586910173042
36973,21.499207387259887
36974,17.436178403207965
36975,12.963660521168416
36976,12.324249366498238
36977,17.39875007655876
36978,14.308815629071535
36979,16.812399889492394
36980,21.48796813033072
36981,13.53541223544488
36982,14.09403011091633
36983,16.706770096316287
36984,11.228708399839334
36985,20.03782191966117
36986,15.12852431033898
36987,18.96814995979847
36988,18.821755226966076
36989,10.190410348525987
36990,14.63161577233437
36991,16.82532078241146
36992,18.47703436899757
36993,12.541314350241322
36994,12.497437397193663
36995,17.59752914663979
36996,13.115330909660951
36997,16.25399254249094
36998,14.764817272462555
36999,12.99838825382019
37000,15.104178160835843
37001,14.827966494390212
37002,13.993974576874324
37003,19.44022943946145
37004,14.569542963151513
37005,23.67882897535992
37006,12.154472040290825
37007,11.141687880784252
37008,12.560142721797309
37009,14.181261502611337
37010,18.365139874740358
37011,20.310891672106845
37012,22.89918947245627
37013,17.131997291129966
37014,18.729214690827657
37015,16.081150218739666
37016,14.954236213305114
37017,21.819566510478264
37018,18.149150292739037
37019,15.771974913321147
37020,17.206100776187178
37021,15.099526311396163
37022,18.93937661909083
37023,14.796437328650452
37024,15.674348274042936
37025,16.512604161884337
37026,16.293219183023908
37027,17.04637853639754
37028,12.846917790295093
37029,16.954342780917603
37030,20.691996986507128
37031,17.194091306177967
37032,12.569210439450885
37033,13.978909288837158
37034,21.73355231053831
37035,16.561482856375175
37036,18.15940596566917
37037,15.185712007334846
37038,12.970304699901865
37039,13.854755105421473
37040,13.54185633814513
37041,9.172565107261468
37042,13.419084688909892
37043,17.29497400305113
37044,19.947785136716615
37045,11.035201950004973
37046,20.761711013531176
37047,14.389118916608206
37048,15.827030390985737
37049,15.155715980614726
37050,14.479140821471933
37051,13.720661344661169
37052,20.981246749841883
37053,11.967569587250084
37054,17.94748701210106
37055,16.809105693594965
37056,14.45206536495144
37057,11.63171320512488
37058,13.265830854152858
37059,17.12751277768282
37060,11.577748222678018
37061,23.291973386727
37062,16.586839111546315
37063,10.723129688176574
37064,20.887377852967234
37065,14.080784447028156
37066,18.48350431369764
37067,22.556573519489437
37068,17.140349531699023
37069,18.519378511147515
37070,15.57950772238812
37071,12.799797219809301
37072,17.022744010305953
37073,19.83672188199293
37074,13.575645277508329
37075,15.731118459865906
37076,15.149191528018893
37077,15.70257276122478
37078,16.86361545426822
37079,15.904090338457552
37080,15.46140275828076
37081,18.46202262220841
37082,12.988917060439796
37083,15.243447230108519
37084,12.122485547593431
37085,20.91239191543099
37086,17.69423564348793
37087,13.909591849030974
37088,20.87176135258905
37089,9.820500405528113
37090,16.277876378523295
37091,14.929351431613968
37092,18.817181227169897
37093,16.29651136554714
37094,10.990930499459422
37095,20.88622713279545
37096,16.435210418020112
37097,12.057031405438424
37098,24.957209204295616
37099,17.89267891652993
37100,14.85127652088997
37101,12.308927786827825
37102,16.136740615592114
37103,13.004421874919135
37104,13.52120367807929
37105,17.038053296273997
37106,15.789175558613927
37107,19.37290890301671
37108,19.53684717376391
37109,17.735433505876617
37110,15.288487455771678
37111,16.548280864935798
37112,13.95740855470647
37113,13.552486960689741
37114,15.372920249194042
37115,12.424930657372322
37116,11.561675709109243
37117,19.495121298274885
37118,14.337345701211262
37119,16.897960940052425
37120,17.691199097165658
37121,17.71066993410311
37122,14.361170806114968
37123,16.5201554481905
37124,12.967852211349033
37125,15.880496948513425
37126,17.03469556010345
37127,20.141992509507173
37128,14.920472400393589
37129,15.04392660465658
37130,14.450777515158764
37131,19.989929629872268
37132,16.358089159725672
37133,20.182886625076446
37134,16.1050706630912
37135,18.48723300912413
37136,11.913402444147275
37137,21.92979467567925
37138,15.898567354819328
37139,18.137942494123717
37140,15.627070593462339
37141,16.710376381800078
37142,20.68024648545576
37143,17.179873119947636
37144,12.158076670691694
37145,12.992892194894457
37146,13.289474385645956
37147,12.412042485822218
37148,18.672494894666546
37149,13.063937431270636
37150,10.900337347841742
37151,12.547066928980996
37152,12.340992926361427
37153,12.395668214530637
37154,12.98870095793292
37155,17.521964768993524
37156,15.034451652705048
37157,19.281601172309735
37158,18.81987969153771
37159,15.356664779091583
37160,11.218222426971934
37161,11.526545086936046
37162,18.177608849035096
37163,14.20018978122797
37164,20.9703675603734
37165,16.669612990496823
37166,14.886837119613624
37167,13.53453559773377
37168,12.951042240006284
37169,16.15715878571398
37170,13.258215396718976
37171,13.850072546641737
37172,11.755053029865959
37173,14.752643559696779
37174,17.10775038278278
37175,17.807775033995004
37176,17.35427143101662
37177,15.829958393338229
37178,15.711008216441225
37179,14.392670452249735
37180,16.474751720260358
37181,16.81393835268779
37182,16.8065421408131
37183,16.786556486194137
37184,18.744142865284832
37185,12.450182554643343
37186,17.90874191023713
37187,14.233184019594168
37188,15.24150461261887
37189,16.896281873162796
37190,19.21010485894691
37191,15.831330543857884
37192,14.974468177855114
37193,15.60570325812035
37194,16.07500071877946
37195,19.654763530885045
37196,15.798738181289979
37197,12.360887452278476
37198,16.83733235590558
37199,13.51683547157023
37200,11.963160261464958
37201,9.25331644878879
37202,16.129585886241827
37203,18.787030104617184
37204,15.950932552684154
37205,17.83806488644418
37206,13.980563176181965
37207,16.57334422170931
37208,19.99833475701978
37209,16.852122517266235
37210,15.404055983177951
37211,18.721062799014693
37212,13.9133294142504
37213,10.723528277445194
37214,19.425818072681583
37215,16.295494553345165
37216,22.44930030526695
37217,19.1791887962392
37218,9.249856212899488
37219,12.951929907463665
37220,10.462906265664435
37221,13.345326067333058
37222,12.854537238169597
37223,24.40760118449243
37224,10.426754498496992
37225,17.437864170254624
37226,18.332223908167443
37227,9.493095538261915
37228,20.357278159982506
37229,11.045023682015328
37230,13.361012497438193
37231,18.966667643978287
37232,14.022791616041253
37233,13.828696148444058
37234,13.258637633603929
37235,18.74495799270495
37236,13.163746200703878
37237,17.49833071195055
37238,15.165466176524268
37239,13.97290455026767
37240,21.489264635521085
37241,14.001779201556225
37242,13.941235358947997
37243,11.132220811363071
37244,16.09567584823129
37245,18.024870701117976
37246,14.206531528300934
37247,10.061320284565562
37248,16.228148879764994
37249,22.332201455815962
37250,16.49923195469447
37251,12.69887827961334
37252,11.651459683073027
37253,18.02210207479355
37254,17.224720789587376
37255,15.99852065473891
37256,13.343902992835071
37257,14.750735333720213
37258,11.677201610895638
37259,15.124318361032346
37260,19.091279880050042
37261,19.98179713483985
37262,18.837074289411085
37263,19.263075831045384
37264,16.139997670066215
37265,13.337563580900495
37266,10.437134085938451
37267,16.893972647953017
37268,17.298031945318126
37269,21.338791567345698
37270,18.622235117263937
37271,18.588280005303787
37272,15.302411123408177
37273,17.238990139782565
37274,13.26111257759091
37275,19.84222768982848
37276,16.120581435477906
37277,13.599968956647155
37278,14.815307994031636
37279,17.03301494922733
37280,13.184279836511594
37281,18.982548561797678
37282,15.579057216123557
37283,11.112606476085286
37284,12.696525032777794
37285,11.833416086547846
37286,18.467596559775963
37287,18.52766965958308
37288,17.342936790085727
37289,11.188040894757915
37290,13.069270777759682
37291,17.862872136017216
37292,24.021098759469744
37293,17.54815843849205
37294,22.84051711004741
37295,13.589174091004091
37296,16.548370206076847
37297,10.945296847241686
37298,11.044168898298475
37299,16.1933427779429
37300,12.964105774559421
37301,16.376990280621683
37302,17.449628149238784
37303,18.21164904803057
37304,13.312780954879246
37305,10.7183519114012
37306,16.44382023804704
37307,12.60748085122794
37308,13.295805719613474
37309,10.10586317164219
37310,14.916407401249625
37311,13.912095416049757
37312,21.285596814632093
37313,13.497488513951701
37314,16.052526578318126
37315,18.984447407736464
37316,15.379695169604046
37317,15.105910587739595
37318,19.717774135543703
37319,19.594451828926264
37320,13.683900343007046
37321,13.16591251159232
37322,13.063280478686178
37323,16.615262087683114
37324,16.567098837377642
37325,17.819732715899864
37326,18.786184124007328
37327,14.133969110827211
37328,9.705674521236768
37329,12.462053283827883
37330,13.988495705887255
37331,18.196158444353536
37332,14.06200844349769
37333,18.050097307481707
37334,17.99895918810568
37335,18.600916595208503
37336,15.890989329591944
37337,12.590613045681401
37338,16.08567288298644
37339,16.217214956246114
37340,15.14602765259961
37341,16.289565871118075
37342,15.352118155456372
37343,18.315400410472606
37344,22.308540197344183
37345,17.592441774706096
37346,22.73101678979604
37347,12.131979442058926
37348,10.962404008067375
37349,21.582643383256695
37350,14.396079737804817
37351,13.053596324778352
37352,16.410303002433796
37353,12.871907013732034
37354,10.994036133823691
37355,16.02691968656227
37356,10.054978969532593
37357,16.669306619933657
37358,11.988731944849988
37359,16.662290713045834
37360,11.883776748141525
37361,14.549862395154932
37362,20.703995948448707
37363,11.422986452110537
37364,11.811648098668302
37365,16.724682219711976
37366,23.176200397813176
37367,13.743562462796909
37368,17.455502558130163
37369,17.99928363070917
37370,16.99300809928188
37371,18.248925971195806
37372,10.61182451628308
37373,14.90495367142448
37374,14.02630968257268
37375,12.924087521605355
37376,17.38078623584302
37377,14.04292113231583
37378,10.728678638408223
37379,15.79071604423783
37380,14.820604497693365
37381,14.01635272108152
37382,15.329903228898898
37383,12.737647405111506
37384,14.047813125892064
37385,15.120490103514028
37386,11.613873776468633
37387,15.495327447704351
37388,23.929452758771944
37389,14.035385020785284
37390,14.459643018535495
37391,16.96782387202985
37392,13.882232835674618
37393,10.720250743289332
37394,14.387397765006016
37395,11.822484915048474
37396,16.227448313437485
37397,13.208477447686734
37398,17.014562238286715
37399,15.46784897751618
37400,12.986195972777535
37401,18.612122160047456
37402,15.862519769881018
37403,12.84000385272226
37404,17.27830971608092
37405,19.579576235790263
37406,10.871510713814859
37407,12.96638534453801
37408,19.144756219159284
37409,15.488057585411056
37410,14.418122394727241
37411,13.713723841520988
37412,16.83289696733491
37413,12.573725376795432
37414,16.020675572411623
37415,13.806265382178807
37416,18.965339708339645
37417,13.649610078321544
37418,13.434090072409232
37419,16.89345739994565
37420,13.696707487071764
37421,19.13211014693142
37422,10.93735130020671
37423,18.944702338102907
37424,13.451860576458552
37425,13.477241986360275
37426,21.470180482578908
37427,16.408704717935056
37428,12.777088887041767
37429,16.54321642879475
37430,14.164370071083004
37431,12.598627259675565
37432,12.382521457006572
37433,13.56166281190297
37434,14.702896174350075
37435,14.035402233432329
37436,16.62421911897133
37437,16.15342739576881
37438,16.67982808053745
37439,15.224302529569028
37440,11.924710691469471
37441,18.994138953249955
37442,14.404166198336855
37443,13.536872381645102
37444,20.5464782844635
37445,16.843529513700297
37446,16.11643848714732
37447,14.446956115948806
37448,17.023337497362434
37449,14.018663626998952
37450,20.306264746564896
37451,17.774882453809784
37452,15.433879093745443
37453,13.704423055812693
37454,11.958993035831595
37455,10.33100561717027
37456,20.189457511493135
37457,16.85974876787149
37458,15.94811639864117
37459,20.678946570449533
37460,15.609234132815436
37461,10.475820654074173
37462,18.570644995132135
37463,13.372463406624702
37464,13.970977809690474
37465,18.498137983585885
37466,24.75628305811242
37467,13.077685764739998
37468,10.20580131899548
37469,14.54002845890469
37470,13.253468816952712
37471,14.294093248084167
37472,22.080855344698513
37473,12.924749428984788
37474,11.894202607426909
37475,15.911618610143988
37476,9.510958090734283
37477,18.544169354783257
37478,15.661151167926615
37479,16.600808168237705
37480,15.33565771792472
37481,15.364318271070795
37482,12.821143594565058
37483,12.096453612747522
37484,15.307243820167232
37485,20.556538762991323
37486,17.313817367475725
37487,15.58706842842324
37488,11.188958230697882
37489,12.590483503647873
37490,16.949350604205403
37491,12.18485017955613
37492,14.56371422029808
37493,20.703548364484774
37494,14.785741136343368
37495,12.786229409665435
37496,13.961262330883168
37497,11.000273905169566
37498,21.86182136217047
37499,20.51117563114886
37500,17.664237160985465
37501,16.900795178612626
37502,18.067800332969224
37503,16.21597705597116
37504,19.182225311008008
37505,16.938431363761353
37506,17.836945774632227
37507,15.185081436191323
37508,16.27338779199946
37509,19.097173077900344
37510,15.127092138240549
37511,13.655949607130848
37512,17.89724673695793
37513,11.16221890777591
37514,21.128106269107995
37515,14.142452999484073
37516,17.143959838076224
37517,10.622880560413371
37518,13.267050323752475
37519,18.393820808697058
37520,15.687931035576964
37521,11.36449413351233
37522,17.29132287662929
37523,16.5712138363825
37524,15.464109463016552
37525,17.337628680943247
37526,18.19085914557551
37527,9.988755408845458
37528,12.182817595581868
37529,17.700460503664075
37530,15.918276817900477
37531,14.56306365116408
37532,15.06392279245859
37533,16.26907628489199
37534,16.59114522171656
37535,17.65096064323638
37536,16.105752184857046
37537,14.800093762875548
37538,11.341941296849093
37539,13.67064281294847
37540,19.512686179990425
37541,13.453172405542192
37542,19.904475706234173
37543,13.843723932702412
37544,14.903769038309074
37545,12.506882209747733
37546,16.00073037485214
37547,16.419271753719176
37548,17.881863680995654
37549,11.136025934959576
37550,12.34737554306103
37551,16.016364894077835
37552,14.983613737291046
37553,16.53178496341056
37554,15.037749094249495
37555,22.790687872857358
37556,15.958944944084136
37557,14.371890582988085
37558,14.742317107627734
37559,17.713914311474745
37560,16.201338201099116
37561,15.817273722346814
37562,13.969743043151494
37563,13.816375815406579
37564,17.352783271255767
37565,11.985073296182165
37566,20.09043013560482
37567,17.14485169461758
37568,11.02057269528932
37569,17.47673138574235
37570,10.581057515999
37571,21.603080427825255
37572,17.09488751462509
37573,12.979833937364184
37574,15.38933964412594
37575,13.160157157987223
37576,13.868518139720813
37577,16.330314254390057
37578,16.580307464638828
37579,14.152379264304525
37580,19.419278264808582
37581,18.553178228241833
37582,19.170428063410014
37583,21.270578259997958
37584,15.703883598916383
37585,16.984206857253636
37586,17.915951394607596
37587,16.27830908949739
37588,9.789346804613144
37589,15.393945771475783
37590,13.330272533497928
37591,16.155142210618223
37592,10.375085587721413
37593,12.17753184001044
37594,12.4264050051303
37595,22.716583631992247
37596,15.708234535212037
37597,17.329161453022287
37598,14.896703512024981
37599,11.675345969502827
37600,16.752030414971358
37601,15.07284452201503
37602,15.392419511801874
37603,14.946131060554002
37604,14.889949628344958
37605,21.36182329394422
37606,16.37230879281034
37607,20.492217843654753
37608,10.12669700828731
37609,10.095532327005142
37610,12.821316546224505
37611,10.40280034476294
37612,22.032447337776556
37613,19.594714902969134
37614,12.452262086065938
37615,16.627030549411977
37616,11.298493554290665
37617,16.83839363501532
37618,11.732456200769361
37619,13.63703358242013
37620,14.986617372120566
37621,15.102292600808982
37622,15.716393572987757
37623,15.292454032069369
37624,18.712392981353762
37625,13.345571240075767
37626,17.901247571616526
37627,15.16454289637187
37628,16.410404936074254
37629,18.901435657015018
37630,18.05215656404242
37631,12.647639170569015
37632,13.376037369877059
37633,14.724177967504563
37634,23.104444830748985
37635,20.609515640110867
37636,16.566667885030487
37637,15.435953501580824
37638,12.966270766524701
37639,16.212303114017654
37640,13.481197645000597
37641,14.500283583074664
37642,17.00526046731784
37643,12.160282798591721
37644,15.538597754133916
37645,12.745449719313353
37646,14.211988298020298
37647,14.952255645587512
37648,18.628616733696777
37649,19.273053887727038
37650,19.21894667338314
37651,18.785702831237067
37652,12.44967153482848
37653,13.757788302538096
37654,18.890255305980943
37655,15.319909802747027
37656,16.377115511223447
37657,16.094362786429635
37658,16.094774671934882
37659,18.263524441591045
37660,20.525633599895478
37661,9.832340522256148
37662,10.42464877882202
37663,14.095919921163935
37664,12.732973688178484
37665,13.329308138692324
37666,18.575601450379168
37667,19.302302567649487
37668,14.357645402899927
37669,12.671599654993967
37670,22.7669528395665
37671,13.181855836423548
37672,18.36774573720472
37673,15.767205894677181
37674,16.52271699900142
37675,15.595532859889254
37676,15.468949793964143
37677,16.2242625414396
37678,20.935917973458633
37679,14.63221094702727
37680,19.87308428242405
37681,16.260969736783498
37682,15.814576105717954
37683,19.22783376108867
37684,18.584634871851765
37685,13.955915095336108
37686,15.118782072183576
37687,16.10196108105245
37688,22.351675626709188
37689,13.039159898805098
37690,14.08508998934181
37691,12.94484163659043
37692,13.078857873825227
37693,18.201715799289186
37694,10.666559527862228
37695,12.30675510595472
37696,15.87757269047324
37697,10.811907743091803
37698,19.820505619061112
37699,19.540470775334292
37700,18.977683262912276
37701,20.62975419252593
37702,20.752776831234932
37703,20.498638558109842
37704,23.19332286456111
37705,14.927552990681578
37706,13.783067614736533
37707,13.18244815422349
37708,15.389455037931969
37709,16.074028323445855
37710,21.610459072625595
37711,13.10087832480212
37712,17.35109579734233
37713,14.934013424491376
37714,14.311711946892741
37715,13.578444315467157
37716,12.33581091997985
37717,14.6439689786189
37718,9.81672571716053
37719,12.807328054450243
37720,13.567332565291714
37721,15.235880186696088
37722,16.85288418425449
37723,15.404320343127251
37724,18.268206416842784
37725,16.045996655365222
37726,12.642263832473471
37727,18.70741485403075
37728,15.157131120202651
37729,12.966060834340395
37730,16.056515263330777
37731,10.970309223988634
37732,14.822428121232258
37733,16.47645853047468
37734,17.72833328462183
37735,20.2379851357076
37736,14.991201685281256
37737,15.843338926382398
37738,14.890034984660396
37739,16.210083685962775
37740,19.736966879469517
37741,9.70392261453783
37742,16.620934352483975
37743,15.68623378468103
37744,9.888864972423937
37745,17.457846863673034
37746,18.549901349071934
37747,12.292620625564904
37748,16.520629034694718
37749,17.038172840713102
37750,15.5227033857803
37751,22.17011692199234
37752,22.300783408738507
37753,14.6791793908861
37754,17.089354459421877
37755,22.16402096876105
37756,14.771655226088507
37757,14.49865827073227
37758,16.039932532528194
37759,13.775493978766828
37760,18.436301692463594
37761,12.101642498974071
37762,12.664910316967337
37763,12.471885336974953
37764,14.360736538684986
37765,13.82357930712288
37766,16.886074034503615
37767,15.780538930262065
37768,12.316268986141507
37769,13.6239098129
37770,17.174427995994673
37771,15.791350627781215
37772,18.33246381152736
37773,12.674404362311696
37774,13.490294007325572
37775,15.267132109290488
37776,12.264258291501536
37777,15.53452701559232
37778,19.690390543319662
37779,19.853927367482793
37780,15.98528811007945
37781,19.346846598845904
37782,11.128115326401842
37783,13.420215121760192
37784,21.2142468756691
37785,15.58856290906993
37786,19.84236250523875
37787,15.633024321597416
37788,20.038566022233265
37789,14.406993461083662
37790,16.220190846927395
37791,18.55194619426198
37792,15.718867127714013
37793,14.933814008934286
37794,16.411557093534228
37795,10.46180517919498
37796,14.197166344987755
37797,13.98873888777336
37798,15.73125075158109
37799,11.535175504974552
37800,17.404813034791367
37801,15.828427124361818
37802,11.607822741681655
37803,11.205512365311664
37804,9.738832671948481
37805,14.592129382388485
37806,16.343275689159636
37807,16.43417345496731
37808,21.139618297577986
37809,18.197132166850583
37810,14.054526106675693
37811,14.030085060922863
37812,10.75850316349734
37813,11.734362094641805
37814,22.966803047846085
37815,20.055847972763235
37816,12.231438910281321
37817,15.705055984833857
37818,11.82256535988611
37819,13.490169881866997
37820,14.326419567874584
37821,20.533241795584814
37822,11.044135264970935
37823,22.129004308129144
37824,12.814216293803687
37825,15.888825534706688
37826,12.412612239878694
37827,15.705678392740927
37828,16.29180473950241
37829,23.432256130983493
37830,14.17695197405655
37831,20.748911691280085
37832,11.353546394215542
37833,23.540817354062106
37834,18.169666200648525
37835,18.335653387753045
37836,11.089073511050442
37837,13.647972468790229
37838,18.902608423936393
37839,13.34459885116015
37840,19.346663677559498
37841,12.892750139269035
37842,12.822083036132351
37843,14.387501527971162
37844,12.048773117733589
37845,19.471817227578416
37846,15.540788287098415
37847,19.409533934441196
37848,11.637880065205891
37849,19.4691278879005
37850,11.466294411694856
37851,17.813815869903546
37852,17.77342639213773
37853,20.015520627787737
37854,12.98326776959989
37855,19.745758961681798
37856,15.539575493105476
37857,15.677030770659103
37858,12.765719025418663
37859,17.1985699217761
37860,18.532384381321847
37861,17.239555749359923
37862,16.33135989948218
37863,12.412033111657985
37864,18.124358418583736
37865,16.12446754149547
37866,12.025744772493598
37867,13.61800604839296
37868,15.830527294567611
37869,16.374568916936216
37870,14.27601722946228
37871,15.311503499456299
37872,19.186757737938922
37873,17.068407650605728
37874,13.72370402819156
37875,19.829163029331337
37876,19.020245511227163
37877,14.664410186612308
37878,11.192701168620182
37879,18.364888148517934
37880,18.42279725273453
37881,18.149875906232865
37882,18.573249443007075
37883,15.686428430167927
37884,11.00200152411515
37885,14.714647029794808
37886,21.397019297525514
37887,12.177993875708381
37888,11.64164574816811
37889,12.609004415239404
37890,13.619373376588124
37891,22.467807447449715
37892,18.53420652870882
37893,16.807318462904846
37894,19.632112282743165
37895,15.739354053252569
37896,10.214267710526121
37897,17.589356459389474
37898,13.402571212735051
37899,19.553633278410928
37900,19.55316721520214
37901,10.631455141192887
37902,19.52749612873479
37903,19.282613006505322
37904,14.731241591737586
37905,13.14128369823677
37906,12.991876948152823
37907,19.18263613387485
37908,13.348881837887927
37909,15.724595948706849
37910,15.609114186872748
37911,16.559259830529577
37912,16.148697884060454
37913,16.8235719598728
37914,12.96953319335268
37915,10.061137342769532
37916,18.346303979762364
37917,19.4461132129622
37918,17.619642971552707
37919,14.448602884719447
37920,20.130469382368144
37921,18.48051742876357
37922,17.570957388068972
37923,17.835645317062983
37924,16.602853438340993
37925,10.979713003708202
37926,19.254848217581525
37927,10.994789939736895
37928,21.55674401972572
37929,10.873600039696104
37930,14.265450369649104
37931,15.747821229477157
37932,16.027301372868788
37933,12.80639238647808
37934,14.912923255582857
37935,12.577885420507974
37936,20.15857997821401
37937,15.535703531913661
37938,15.938445050127102
37939,16.858719540591938
37940,21.064177973470084
37941,13.81629025403065
37942,21.71840616788041
37943,12.098735432625375
37944,14.946348322808795
37945,12.12729800851971
37946,25.48481604648627
37947,16.7179252529294
37948,15.54752165857201
37949,12.874570943569518
37950,11.50167432877114
37951,15.485267800505708
37952,10.555955323563536
37953,14.433978830485175
37954,13.257480524189402
37955,14.193490048847659
37956,17.505067215485724
37957,18.727780619877908
37958,15.043684035767635
37959,18.195975993610563
37960,14.284663690107761
37961,14.377497795185866
37962,14.770979246216084
37963,21.285351355603783
37964,15.127587712792028
37965,14.901295072691937
37966,16.450353293069924
37967,13.88982492744933
37968,16.07286953062388
37969,19.447285277510044
37970,13.270950651117605
37971,17.62831596672586
37972,9.153896948138268
37973,21.00752623226728
37974,18.052629670429027
37975,20.86968445843664
37976,15.89175757536352
37977,18.308584238916968
37978,15.40366649993336
37979,14.947305802752675
37980,15.036415618348872
37981,19.462937193216174
37982,14.166801295242944
37983,11.629915855620446
37984,14.729950927691414
37985,11.967383833172434
37986,22.626865613809386
37987,10.887024387133225
37988,13.444621653008568
37989,16.633893724987885
37990,11.706630757395713
37991,13.993879174431935
37992,13.940418345999195
37993,11.567684176117051
37994,17.547567382767078
37995,11.857404989739546
37996,16.104413865356495
37997,18.8605354789448
37998,16.45574145886573
37999,12.784674688059061
38000,16.808283690171084
38001,19.88808584069506
38002,14.091126570878622
38003,17.332764437989578
38004,13.689978183555429
38005,18.457006827632608
38006,19.937463401450035
38007,17.87682800959437
38008,19.08966749721767
38009,12.590165787909557
38010,10.283203113172414
38011,23.86827325444456
38012,17.664951796430913
38013,16.400201376906754
38014,19.509126488953317
38015,10.68908317870244
38016,16.04421570250002
38017,17.747610364252818
38018,11.92734136128971
38019,15.098152701603015
38020,18.04422345384442
38021,15.118381445685799
38022,12.635419478628938
38023,17.997733621374348
38024,13.591942408632217
38025,17.970026391822024
38026,12.854746607536214
38027,15.042802090322311
38028,10.33918815806591
38029,20.919363973455564
38030,20.949731812133308
38031,17.294235168631527
38032,13.722945138728614
38033,13.019238782757007
38034,12.338770888847892
38035,18.40275201436916
38036,16.48539610169713
38037,16.851922711321368
38038,13.567113909985578
38039,12.238520220145642
38040,18.200534519277554
38041,12.142757338108064
38042,16.6359794957449
38043,17.17029809282219
38044,13.183780133877544
38045,11.81974086106232
38046,14.576551401001232
38047,15.520315834448668
38048,15.850447721861489
38049,10.96388201485236
38050,24.508553246077422
38051,14.939688339023267
38052,12.948722569572329
38053,13.618757237757455
38054,11.777812034865306
38055,17.540526915381545
38056,14.072041735619214
38057,13.33904250353193
38058,16.269043941311917
38059,16.563804381894002
38060,14.844945483827821
38061,16.672567282606774
38062,14.796709443740239
38063,11.511177978960955
38064,14.87812659024709
38065,15.907967286039538
38066,21.009380392094286
38067,12.641993391400526
38068,15.873464565002411
38069,14.100096932241314
38070,16.018068616464756
38071,17.58089572263971
38072,17.215464787745727
38073,17.148263729100194
38074,18.330609985821
38075,15.386237176783744
38076,17.282726015801472
38077,17.78176118634601
38078,22.671063158039676
38079,12.797624808169605
38080,18.726882528879457
38081,20.32016585266536
38082,11.049707081435587
38083,15.297362069889518
38084,15.068081116868997
38085,24.379902897623023
38086,15.511258707663595
38087,10.087825524079744
38088,19.69697219311217
38089,17.971273080696974
38090,17.62781543370048
38091,16.83070134075104
38092,10.04840367629255
38093,20.12337539182762
38094,13.217714684058087
38095,13.635883152245002
38096,12.801423138866777
38097,12.63998730193704
38098,15.217491186990157
38099,18.69954248586562
38100,18.51930526033131
38101,13.759468928409794
38102,14.170050183751892
38103,14.173022846896368
38104,17.48661510131733
38105,15.976885896068413
38106,12.770451001489889
38107,13.575623145858854
38108,16.691019220397738
38109,10.611231402975482
38110,9.417304963239967
38111,11.864738846690853
38112,17.00226055009075
38113,17.16045318226273
38114,15.234492635232325
38115,15.84509977057832
38116,20.02248245576509
38117,14.669068375842233
38118,19.889992390477012
38119,15.150556904354195
38120,13.894058301258298
38121,15.10511994929258
38122,12.74900577625869
38123,16.22476989876778
38124,11.331684055854133
38125,17.49757809661536
38126,16.10190305146889
38127,14.349106944265928
38128,12.74645592270025
38129,9.849769850155385
38130,16.632164747158885
38131,17.917879614712575
38132,15.163393352035719
38133,16.32714107875765
38134,23.370362331185365
38135,10.427128016385796
38136,19.57556823311323
38137,10.127771647558731
38138,10.377403752594638
38139,21.9188648772207
38140,16.816038704756522
38141,18.806982875546243
38142,14.492656097481783
38143,18.998961757221867
38144,11.332543836183776
38145,22.34840051894674
38146,15.657710163413476
38147,12.057540011168172
38148,10.8225502308914
38149,14.08200750408825
38150,18.95722765361105
38151,14.177863845314121
38152,20.475806073447405
38153,23.213476216615827
38154,18.60434497197662
38155,22.9906508336421
38156,18.40081839013949
38157,14.542223534057241
38158,19.142115901697245
38159,15.35318233767134
38160,18.00249046979562
38161,13.888609738866233
38162,11.910429784728903
38163,16.806515684469193
38164,16.22953826694078
38165,18.946833317574722
38166,17.296634775157155
38167,18.235449213083186
38168,15.231457395570843
38169,13.550880314860732
38170,15.26489139733886
38171,17.80611411143655
38172,17.5211183036381
38173,16.52892971006642
38174,20.86728496545152
38175,11.796984350016958
38176,16.08568944745719
38177,17.127434492520205
38178,14.965970288886348
38179,21.78905213448369
38180,14.024483984729555
38181,16.37283985406899
38182,14.253096946062142
38183,14.011978780501813
38184,14.757755498559812
38185,11.20636022751291
38186,18.969737831901416
38187,20.046503155590553
38188,18.081493929475222
38189,18.78467478234878
38190,14.556399274562606
38191,18.32541630771979
38192,18.00909202606243
38193,21.203331000153042
38194,13.182889994550038
38195,14.190750371035199
38196,18.582477380049923
38197,13.314003652850475
38198,18.534576189263053
38199,13.868731464537754
38200,17.22432847714727
38201,18.363670073685807
38202,16.576004285539955
38203,20.45625425009576
38204,11.197847671015356
38205,21.504508582808104
38206,10.781486254067984
38207,19.888283467444694
38208,11.304499800664232
38209,12.85045985880238
38210,11.742002589445493
38211,8.774592508556598
38212,17.841765371920463
38213,18.47743913387707
38214,25.085769084295123
38215,15.365282212511767
38216,11.04636958165779
38217,13.051598074951785
38218,14.262012514712916
38219,9.900326181498876
38220,18.918287850735336
38221,18.379918194653204
38222,16.32395075952063
38223,17.19600361677292
38224,15.893076401227729
38225,16.714383211015292
38226,14.175837102265143
38227,17.51345340011228
38228,11.279326277638345
38229,9.098468580268563
38230,18.13082365469543
38231,14.850127805248828
38232,14.47067860238721
38233,15.940986593049386
38234,19.615805293888105
38235,16.490949319761224
38236,24.0368682003628
38237,16.294211406894636
38238,10.535632745547993
38239,15.002668996353359
38240,10.778697619784056
38241,9.543461338843782
38242,20.293308233575694
38243,14.712152272825822
38244,14.505736910938898
38245,14.156425278381247
38246,11.831764655721129
38247,16.060980226714577
38248,20.895652194244846
38249,19.586867623493276
38250,15.352823385929156
38251,14.312585408626093
38252,20.851723277842687
38253,18.562740438308552
38254,21.483854212800882
38255,20.07006315974907
38256,11.485669202415954
38257,15.659069526562611
38258,21.22672070392376
38259,17.852018811446015
38260,14.972109842679306
38261,19.11971745067784
38262,19.245892839659287
38263,18.831831981515176
38264,16.261666489037744
38265,12.756893750731903
38266,16.442224809373243
38267,22.94199250058535
38268,13.440103116267887
38269,16.03740031204439
38270,16.347796299048355
38271,16.954049688524268
38272,21.298176732220035
38273,13.349030443107289
38274,15.311373208758512
38275,13.905991151864235
38276,14.31495633725621
38277,20.849081998411865
38278,12.729129262193533
38279,14.1994912492586
38280,15.438969865797102
38281,13.178434873709604
38282,17.237654928698934
38283,17.613457737414986
38284,20.35375997514834
38285,11.172908883055271
38286,11.702128358228665
38287,17.36066173036776
38288,11.897918598751463
38289,13.678712951087958
38290,16.72013377760824
38291,17.899628396538645
38292,16.43089851935217
38293,15.02525116810766
38294,18.62514858122011
38295,12.689418915731729
38296,16.679340082404572
38297,11.817652734055711
38298,16.94044239755951
38299,18.82213597848089
38300,14.086153713984809
38301,15.588391357030321
38302,14.821884900076727
38303,16.927979679388702
38304,13.07457221656475
38305,8.526878348186004
38306,15.105914127166855
38307,15.87288981044849
38308,14.368878207846448
38309,22.020588473049767
38310,15.784515404604177
38311,11.46010363292893
38312,13.153944668204398
38313,18.312857272473583
38314,16.314705006239397
38315,14.009541058472589
38316,13.66175697925426
38317,17.56344966540571
38318,12.492757952710084
38319,11.92934991923062
38320,15.043750986656805
38321,17.445851540105632
38322,14.807699370071544
38323,20.633318309787747
38324,12.158411078280231
38325,14.871045605718843
38326,16.644229092609756
38327,22.33408406374353
38328,16.65479478853659
38329,23.02294925480253
38330,13.62614502727962
38331,13.489558239967824
38332,15.368611510835791
38333,18.699553868658235
38334,14.702537972399465
38335,18.7563286618597
38336,15.053691579746845
38337,12.454731669875809
38338,20.34791818062113
38339,16.270961119919107
38340,15.576806027638446
38341,15.615487050411334
38342,11.754849591801818
38343,20.16588533390773
38344,13.901409549352948
38345,27.677698778898634
38346,21.756793921145867
38347,14.977120146912297
38348,16.819617111979287
38349,12.460471450258956
38350,22.30896261082018
38351,21.026759272478962
38352,14.176745157754134
38353,15.721975075935028
38354,16.609083623350617
38355,20.267254241025686
38356,13.356496886888081
38357,12.659638844343458
38358,15.27330014767858
38359,14.432051562961727
38360,24.28077376202767
38361,17.94863423722535
38362,15.707580352149373
38363,17.07967625913821
38364,13.91723482029854
38365,10.026820217056263
38366,22.662094873194135
38367,10.169431170801747
38368,18.176076599011626
38369,11.330421870944306
38370,17.932605869912035
38371,13.050507543349424
38372,13.719252717728384
38373,20.040593378120818
38374,14.447573479605131
38375,15.545184527020341
38376,13.216160926584884
38377,15.366784162601332
38378,13.257026897605671
38379,16.917335023087603
38380,11.035790309524735
38381,11.959505782241397
38382,14.484013296223448
38383,21.514143951657275
38384,16.09904943701732
38385,20.78473468123975
38386,16.762787432725332
38387,15.970868931865471
38388,16.255971919279663
38389,12.386289848527248
38390,15.991471366898574
38391,17.86360218406161
38392,14.993326061584256
38393,19.830331259402357
38394,15.116536911917702
38395,18.40871353783516
38396,13.381847505229688
38397,12.151419932624789
38398,16.08165957445511
38399,11.463284786635317
38400,12.158588483858695
38401,14.141591123591505
38402,10.329635087316465
38403,19.380797310721878
38404,14.43908517226666
38405,15.941675409943162
38406,16.866179920976926
38407,21.987516030059453
38408,17.369967856241665
38409,19.010110047746974
38410,16.319636353520277
38411,21.908599907750737
38412,16.435940950081825
38413,23.339593865117894
38414,22.379979643484816
38415,17.445186413022583
38416,22.372035021985695
38417,15.631318771930983
38418,21.197820197643825
38419,14.728115736628522
38420,14.28135488149021
38421,9.587711276113074
38422,16.143017780336713
38423,18.924506247956344
38424,14.90855009998457
38425,15.897384268611631
38426,14.030955761144504
38427,17.600270070314288
38428,16.070609187389586
38429,17.516185833637664
38430,20.731927161536678
38431,15.841577759712687
38432,14.543545212232736
38433,16.81777635131875
38434,15.173474634549983
38435,15.645556217641154
38436,13.990446556723779
38437,21.710283293497096
38438,19.721541652330757
38439,15.392387201700727
38440,16.310763456344
38441,15.912025535559843
38442,13.871867389841055
38443,15.635964971037389
38444,14.087541085409358
38445,17.09951670356574
38446,19.855483047174673
38447,22.55541156415362
38448,14.946624089722848
38449,17.29841199983027
38450,11.114934830725407
38451,11.998623748291458
38452,11.495912389209172
38453,11.983607337223017
38454,20.217668626932536
38455,12.65882158301597
38456,15.249730631971005
38457,15.941479579252078
38458,13.284309122564231
38459,16.2463704146728
38460,11.905840040564064
38461,15.517567488808572
38462,16.096183182351055
38463,16.573593348478532
38464,15.038790220407789
38465,15.177235277200298
38466,12.561821544788378
38467,21.259566156221936
38468,15.192026957793578
38469,12.230032263134206
38470,16.299942629630223
38471,18.771568228521154
38472,15.14302611971604
38473,14.556641368938177
38474,10.402484930656932
38475,18.90823704619332
38476,17.092702385194237
38477,16.294202907807882
38478,15.379530837192448
38479,15.169624187373246
38480,15.9681354466831
38481,15.644281534195096
38482,14.545806325805534
38483,17.58441668364698
38484,14.999824965074083
38485,11.191092121708593
38486,14.91088800095197
38487,12.609051540286256
38488,20.423987267140614
38489,11.286394690537103
38490,16.72537063247178
38491,12.962357392578326
38492,16.411005035222875
38493,15.48125119176316
38494,15.198307876092874
38495,12.05896620558562
38496,14.336516210074482
38497,18.200053545167467
38498,16.354417262174223
38499,11.59526536585323
38500,16.935843638388988
38501,9.706625106364775
38502,8.972391107702808
38503,18.251387016700946
38504,10.752066518272128
38505,15.100046991520166
38506,14.850510163545424
38507,19.09230535498712
38508,16.33234233150564
38509,11.47157054210707
38510,14.783005923351999
38511,20.429981419540123
38512,14.27250788662402
38513,13.195169716849037
38514,18.379702212935424
38515,11.092662253976718
38516,15.883511509304359
38517,10.359024253861696
38518,17.086429776922174
38519,17.29627098068926
38520,23.292606629698724
38521,19.804400108585323
38522,12.373428716694773
38523,13.36048820225416
38524,19.69382256084826
38525,13.989917206511455
38526,16.056801532453278
38527,12.514481459884273
38528,14.606481008434617
38529,14.361605766883887
38530,15.470144166331599
38531,9.416955009371637
38532,17.044665528321246
38533,12.034007460217467
38534,20.102863776929148
38535,8.839610604559896
38536,11.839592070709129
38537,11.728099709125399
38538,18.866480302070393
38539,18.92944590074957
38540,13.592031244388398
38541,19.023593432846024
38542,16.23453667656534
38543,19.377293557008034
38544,12.871103655111568
38545,13.431859864853795
38546,12.37259213164093
38547,16.61116129965897
38548,11.07798635605075
38549,16.605519639891202
38550,13.555313868621303
38551,16.757456831292668
38552,12.83401009279534
38553,11.069870059619978
38554,8.845584532874165
38555,17.897147820331107
38556,16.531947567758298
38557,18.49660854865955
38558,12.318080885171009
38559,17.72086950898562
38560,14.70558509545043
38561,13.248348621697463
38562,12.659982841879257
38563,20.714911309872722
38564,13.728197663942014
38565,13.243226705166222
38566,22.16747776956737
38567,19.826086525153997
38568,10.349620791075722
38569,13.208754238971462
38570,16.479942339251892
38571,12.721957513528837
38572,17.3301659850567
38573,22.3799214318455
38574,13.95596121720141
38575,15.255792094607871
38576,16.939608288819226
38577,17.932130972303764
38578,14.170549439374712
38579,16.430482314265948
38580,19.382726826005907
38581,10.647251574301794
38582,18.156058535103
38583,14.695562479327211
38584,19.543669930111346
38585,15.684894613739928
38586,14.354339191866973
38587,10.12267116702863
38588,12.534447981591278
38589,13.406089527378274
38590,13.71278078190406
38591,16.463129750176357
38592,9.109201517378013
38593,13.13698942336637
38594,17.054870901538536
38595,15.605219505586106
38596,11.185992052422144
38597,13.976878989349464
38598,17.350983341308
38599,13.118705619797897
38600,14.651029080117574
38601,16.979015405109063
38602,18.17093845638161
38603,12.3690909449822
38604,14.187700258903996
38605,17.801335321443627
38606,17.891935413907447
38607,12.270141313443352
38608,11.958451892644048
38609,16.769482913721863
38610,16.317866158950984
38611,14.147888314989903
38612,13.227028262506625
38613,13.432778857768243
38614,20.354120368656663
38615,12.026864108615435
38616,13.635186809567124
38617,14.754358476257144
38618,11.405606632345169
38619,19.598516029689826
38620,15.135648499678494
38621,15.003267831357253
38622,17.17745197334441
38623,17.760037065866427
38624,15.89601741598969
38625,15.984243806185802
38626,12.247713803723558
38627,14.237464507910778
38628,12.537162545300273
38629,20.68755167424684
38630,18.93828125754603
38631,12.866074515110364
38632,13.76940488977999
38633,16.74549106903638
38634,18.770417040788626
38635,17.319249447535725
38636,18.119317622619562
38637,7.390686830351248
38638,11.97705440865985
38639,19.309269419697518
38640,14.202504865207027
38641,10.481308189765592
38642,12.313335996892361
38643,16.52453848819117
38644,15.103167569227134
38645,16.123802238851315
38646,12.275058945408817
38647,16.331991356762178
38648,12.293072379540723
38649,12.83762785793921
38650,16.83042437326121
38651,17.06488483319749
38652,14.588628627568369
38653,12.463380078729376
38654,15.005510295250184
38655,19.959850119472957
38656,13.462530996738538
38657,11.677405530222638
38658,10.517575889338234
38659,13.580711782204894
38660,13.087798606113813
38661,13.856815848452047
38662,17.256094069914436
38663,10.378307567719562
38664,17.171270480311502
38665,12.027722434781246
38666,14.050521473030592
38667,13.431933459614816
38668,19.525761049177934
38669,14.203407666075147
38670,18.615659773248797
38671,13.319840981555979
38672,18.295742866413732
38673,15.452526573334083
38674,14.371778467746969
38675,17.759935784178836
38676,25.252011791564836
38677,12.745099628038906
38678,11.893723587896433
38679,12.205210680412277
38680,20.932195647449714
38681,14.369267308459701
38682,16.143915716252334
38683,17.542609885924588
38684,15.704099087801447
38685,16.1460840437015
38686,14.547725385409965
38687,19.22594464702015
38688,16.350106832261453
38689,15.990115118026521
38690,20.16281672492796
38691,12.763417202365503
38692,17.73201455173763
38693,13.00329019505774
38694,11.769285130645315
38695,17.06594075339221
38696,14.575813503532379
38697,14.258883627565604
38698,18.8928723682084
38699,15.320696077193027
38700,14.22351963671627
38701,20.308063102956428
38702,15.187620435022545
38703,12.82632155181895
38704,19.296951154753724
38705,18.422123564237026
38706,14.511155132418963
38707,12.891651124394262
38708,14.18516551445622
38709,14.051958864066563
38710,11.50085161489079
38711,15.618842063531394
38712,17.140302643524482
38713,17.346633163438277
38714,15.12292891261247
38715,15.63277489002332
38716,12.996812923458247
38717,17.443060708225218
38718,14.42634452920165
38719,12.302655464206335
38720,17.657214803854828
38721,9.937851243640079
38722,19.684697849662513
38723,17.509302705912745
38724,16.37917019835142
38725,23.443435962409463
38726,20.648185171521774
38727,13.44693181761128
38728,12.607120247968393
38729,20.64362317737394
38730,12.788241453634148
38731,12.751573760387496
38732,18.157231526644694
38733,12.2731303480467
38734,15.419019753664676
38735,16.958380273398074
38736,15.382366473034574
38737,13.763784397587436
38738,19.464279797673015
38739,14.710768336593896
38740,12.275570510652726
38741,19.04824583199261
38742,15.360250295315742
38743,17.521397980147103
38744,9.783905480360934
38745,19.49891420082657
38746,17.8699377423108
38747,18.96321043846123
38748,13.194921297354279
38749,15.300410634694261
38750,10.413368942353648
38751,14.614810931139493
38752,21.285845640306338
38753,18.053655948120824
38754,10.429529091576743
38755,12.063018746263479
38756,14.657932759920568
38757,16.115237251150646
38758,18.846756719815367
38759,13.264852508839216
38760,18.410103136724327
38761,9.557931241852692
38762,20.5106846334561
38763,18.664714810926384
38764,13.38795298266003
38765,17.003106254775588
38766,11.002443980835432
38767,13.337353496150156
38768,13.083697361473911
38769,17.23299293916101
38770,16.224415911440502
38771,19.358956501700288
38772,18.415482207784493
38773,19.432199846064563
38774,17.947280335451392
38775,12.409118164306111
38776,12.390325270745105
38777,14.627783027901206
38778,17.77721212946073
38779,15.882318750693377
38780,18.026708714605043
38781,13.647196656610218
38782,13.494397164228921
38783,14.76109026926811
38784,9.6495800811965
38785,12.60334930599775
38786,17.55196317075403
38787,10.518500830281905
38788,13.88379596738338
38789,19.19365832311294
38790,16.444498581345556
38791,15.703810033405292
38792,18.317961329986726
38793,15.81640388404688
38794,12.529465590759731
38795,16.42848079034913
38796,20.444357049355652
38797,12.819953666505901
38798,14.70370711202046
38799,18.314535915880036
38800,17.336200135002198
38801,16.939566004908322
38802,15.649957721908185
38803,17.83706754641863
38804,14.597507505967714
38805,13.654883314513016
38806,14.561220797358983
38807,18.074845164665653
38808,16.306113866790525
38809,14.814206155077493
38810,16.98264115558389
38811,13.276053670257157
38812,13.660004824966057
38813,14.068023080889885
38814,20.122536607338976
38815,16.837992636091997
38816,16.797595023245908
38817,11.95899850210083
38818,22.99385093035645
38819,12.636499919689642
38820,13.262837737748576
38821,14.700129380631902
38822,15.646427089945707
38823,16.78488282073266
38824,20.109780168826056
38825,13.701944106980651
38826,23.08152748979304
38827,14.248572799256818
38828,9.733302398188902
38829,10.483457928931408
38830,12.411260293190978
38831,16.395014999852965
38832,18.545551436072532
38833,16.14779368715021
38834,18.633072903554122
38835,14.51143121259427
38836,12.679570494041737
38837,22.180518435175763
38838,20.56739710137332
38839,12.789403086044153
38840,21.16757393439249
38841,11.99351158778109
38842,16.180592466697778
38843,14.618894212544411
38844,14.023248825021083
38845,16.699894040637993
38846,15.43985107287197
38847,11.52750266434598
38848,16.525490577856687
38849,18.82572081858235
38850,18.737980786001557
38851,14.874498953288091
38852,9.922793553117351
38853,16.024341229864184
38854,16.048736181984008
38855,14.92035482007285
38856,14.482786908603712
38857,23.059355801940296
38858,11.563625640562323
38859,21.366640925599665
38860,16.746191047413472
38861,18.218299735744207
38862,13.996375129693362
38863,22.656164814945353
38864,13.293099390413449
38865,17.180633268817864
38866,12.074765745039679
38867,10.383552175951227
38868,10.821595356186137
38869,15.468216475852657
38870,16.709968600249
38871,14.052851204824474
38872,12.8990838030958
38873,14.360498688648393
38874,15.670106243540127
38875,16.365945618079852
38876,19.89866066006675
38877,13.918562338065314
38878,15.541912798780759
38879,11.554672034198457
38880,11.708770652744542
38881,14.50549020385566
38882,16.975271397618787
38883,17.56099370153197
38884,17.146903595985385
38885,14.832236844335773
38886,18.25425322042367
38887,19.350626940184263
38888,13.356505975826128
38889,11.664459159273884
38890,20.98180181667958
38891,15.537480072977504
38892,13.199373827604814
38893,23.106689711513845
38894,16.325299945692727
38895,14.621268363652941
38896,19.765089496493214
38897,12.96171150065544
38898,12.585440152419228
38899,17.910151892896163
38900,17.721098683564783
38901,18.65748949263584
38902,14.693344152214966
38903,16.06425473431171
38904,14.006254246490705
38905,13.835045495759589
38906,21.277153852095186
38907,15.946868683498893
38908,15.501377711980602
38909,19.10496738412213
38910,14.214384830071449
38911,15.151805665690512
38912,15.103654870528471
38913,13.64859917779252
38914,10.190518113158584
38915,14.09198955679173
38916,15.482518305752263
38917,14.61038173050685
38918,17.488522973719885
38919,12.256381042813901
38920,21.336097770453524
38921,13.092509848514382
38922,13.614447816964805
38923,14.055426686926797
38924,18.386160604885536
38925,10.745338032171572
38926,18.219354153105602
38927,14.275191292822415
38928,17.52839649052857
38929,12.720954119747628
38930,15.439300463235616
38931,19.41759165436766
38932,17.08621104717728
38933,11.788246120231182
38934,15.542437147116257
38935,15.291517158323966
38936,19.13546486263725
38937,16.5539626164452
38938,14.400397825506069
38939,22.856805419142283
38940,14.046702937745977
38941,15.178944576812063
38942,23.026205671995367
38943,14.980327101146623
38944,13.456203676608451
38945,19.6382315776578
38946,13.871510414994756
38947,13.16205527830097
38948,20.74359874762653
38949,12.25136407367525
38950,11.451551276635731
38951,16.263100240095422
38952,14.95659704615364
38953,14.322593759125258
38954,9.680996506722419
38955,13.929806929623613
38956,20.632446529608128
38957,16.922310787941072
38958,15.072098594409814
38959,13.96909540548833
38960,13.093452807946077
38961,11.396926517811183
38962,20.40610147074201
38963,15.77189756998323
38964,13.772028205881538
38965,11.087456968461778
38966,15.191838953115868
38967,12.366419156064076
38968,18.321518911453836
38969,16.851341557389425
38970,20.077914851087424
38971,15.258848315584599
38972,14.878562436823966
38973,15.0571989404274
38974,14.730299688185282
38975,13.858592225537537
38976,18.379939055392665
38977,14.113599437803655
38978,11.637417199314308
38979,14.878885491715334
38980,15.964568898684764
38981,10.86627256926719
38982,15.54822355541373
38983,17.23890516426425
38984,14.840274383645967
38985,12.406566790751741
38986,11.769705798161523
38987,18.600433578183484
38988,15.815817560738402
38989,15.21431405861665
38990,13.181082545301667
38991,16.846031335523364
38992,21.607533039909345
38993,20.512631559807385
38994,13.240905348044592
38995,13.672584766097861
38996,15.77372621271902
38997,13.991444243914525
38998,15.444321574402707
38999,13.327237430153165
39000,17.146392920195037
39001,12.803474704922664
39002,15.051241841147542
39003,15.529716016710228
39004,14.056530760805463
39005,15.597161795031672
39006,11.850181405772986
39007,8.934714263455048
39008,16.32509220172093
39009,17.43398533162399
39010,19.746269527913096
39011,14.516207012165765
39012,16.52804051143943
39013,20.02762582485681
39014,16.00488802902871
39015,10.546828047871786
39016,19.510926183090422
39017,20.48229333832038
39018,17.564335222645063
39019,17.2102136238823
39020,18.007697233005132
39021,15.074771390671415
39022,15.99360000585726
39023,14.185283519973245
39024,14.759642448030904
39025,19.84473795639598
39026,17.714069311622087
39027,22.596582379817526
39028,20.704262559551037
39029,17.879917494585122
39030,22.41387771914468
39031,15.722249377066019
39032,15.969893970926705
39033,16.457911961509758
39034,15.211978458856034
39035,11.052648084918713
39036,15.946731340779884
39037,21.053152917320443
39038,11.595749136311643
39039,15.622824671094655
39040,12.86881939471274
39041,15.730832167245984
39042,15.756761472226652
39043,15.842939852459548
39044,17.90607311256491
39045,15.593864604986102
39046,18.264475814342607
39047,17.502669364782804
39048,13.292418592700995
39049,13.03986422037196
39050,14.452651745015931
39051,17.593006914157364
39052,8.809557114489047
39053,19.607746984575563
39054,13.551851840443758
39055,19.238108679992287
39056,17.92309547779752
39057,14.246064862755517
39058,9.695219713985336
39059,16.21372960411552
39060,16.112615387206116
39061,13.68471310583745
39062,13.364857281983737
39063,11.93624903955349
39064,16.71906268268901
39065,13.831156220458102
39066,16.06929103246656
39067,13.827256076623437
39068,16.203021554399136
39069,10.531600192220953
39070,16.08897283491195
39071,12.965417307431686
39072,11.137873432144954
39073,12.800484585476255
39074,15.23858884103209
39075,14.92409316274841
39076,19.964589450616472
39077,17.550918095437737
39078,21.965340403309558
39079,17.91084600547634
39080,22.45252854421241
39081,17.506730210591687
39082,13.380193505442099
39083,18.52326557600652
39084,13.105846764441086
39085,15.58017383586377
39086,12.79014390859129
39087,14.807510082519169
39088,18.01394746159886
39089,11.61557830466835
39090,13.844822975251557
39091,11.622176944327427
39092,13.109482260495682
39093,14.071757967238723
39094,19.728010601080896
39095,15.599668550396844
39096,16.741490436748062
39097,19.370127267545065
39098,19.68574044756205
39099,13.933279144286029
39100,17.77762437458168
39101,13.215097664004595
39102,12.522802337408594
39103,17.456829466824317
39104,15.184061269715864
39105,11.352219919665739
39106,15.620716456052259
39107,14.606339363912445
39108,17.591032060342428
39109,14.80747835388415
39110,21.36725744453217
39111,15.133454871328896
39112,18.050439632338637
39113,17.468766555262746
39114,14.721055305812289
39115,13.966110031621199
39116,18.694674140798135
39117,15.716288529985805
39118,17.347642541092505
39119,18.40373721199807
39120,16.139281455252522
39121,10.742486979994533
39122,10.609300616724854
39123,17.272139774752606
39124,17.908837285063264
39125,14.40793049359201
39126,17.513625242252786
39127,15.54170926645893
39128,10.022937672898305
39129,15.653438087581183
39130,17.178675422583787
39131,14.895415791831665
39132,13.92025031520551
39133,17.351749277549324
39134,16.682725151370022
39135,19.875628158167554
39136,13.673697225098824
39137,21.840712545694338
39138,15.484590189339746
39139,20.02787555179876
39140,15.806420238313093
39141,15.575648888040329
39142,17.297602398451367
39143,16.345892743605834
39144,16.66488801226128
39145,16.989545071667678
39146,14.37578152538517
39147,10.928561152575464
39148,11.43728798322163
39149,11.281166206453513
39150,17.436662292719223
39151,12.193272572402956
39152,14.279664801806865
39153,15.136940597689408
39154,12.300836246097193
39155,14.00950804688931
39156,13.249083031268311
39157,10.238908840548385
39158,12.919153885168866
39159,10.093370372019214
39160,16.667637274814098
39161,17.73159306847583
39162,15.463071616360573
39163,18.8711309546586
39164,10.32135517016253
39165,7.639015960542189
39166,16.26958796616156
39167,10.14025412391002
39168,12.767048497653766
39169,15.084255299133222
39170,12.381574266699944
39171,17.65956477909778
39172,21.870190875731097
39173,19.855944053725683
39174,17.228492129512624
39175,14.860823611592513
39176,16.00789576047193
39177,16.870693734545995
39178,15.248379761304866
39179,19.110439666263854
39180,15.22698123864672
39181,17.312411506215184
39182,13.786151912078605
39183,12.594716852117802
39184,11.891576745461595
39185,10.252817158965636
39186,15.667641473687453
39187,12.596861280834997
39188,14.837174363068877
39189,11.926519464249207
39190,11.174925672849625
39191,17.815384203051327
39192,15.093496354617638
39193,11.664909075837933
39194,14.52081178356095
39195,17.098146798612632
39196,15.297493895605212
39197,17.98775911964744
39198,16.292704765494484
39199,15.29137395338117
39200,20.422340503720115
39201,12.679420390429375
39202,13.949865329478266
39203,20.248710667993777
39204,21.33483698457157
39205,16.566668908481443
39206,17.629624664200044
39207,16.593389340031283
39208,12.720067780478184
39209,18.877427002031293
39210,21.272415624464635
39211,14.73143954011143
39212,16.433829637590986
39213,15.95760406237147
39214,22.53467655922986
39215,18.629629442549383
39216,14.88171666371554
39217,9.55286672936147
39218,16.001253385991085
39219,10.739572884478052
39220,20.45749743476546
39221,14.291500004888224
39222,13.386766354820265
39223,19.106733318740066
39224,18.72301043270444
39225,12.995920421204136
39226,13.63377459164012
39227,14.48014083171254
39228,19.940213366548907
39229,14.104092867814783
39230,22.078715597276027
39231,14.868159666041509
39232,21.39692871783365
39233,15.521839809873473
39234,15.601547462650542
39235,13.96774492723416
39236,16.379709857074896
39237,18.62947044245134
39238,16.46534354661221
39239,14.062112927475594
39240,10.824987712630278
39241,10.430517603819606
39242,11.127777601285523
39243,12.045226931241684
39244,15.04690300646412
39245,20.24086283524557
39246,13.180985340740444
39247,17.843698365880677
39248,16.04092049215588
39249,20.547692448708187
39250,16.31263282791429
39251,12.776823999201689
39252,16.957446533724152
39253,15.097231826673088
39254,14.68795034165132
39255,18.004978681999823
39256,16.55282613972794
39257,14.193775042656055
39258,16.522073696130693
39259,12.72283368623758
39260,15.044722956184277
39261,15.930685620208786
39262,15.408131399082775
39263,17.879635079378616
39264,9.811880054942014
39265,13.036932970379498
39266,16.911095979260903
39267,18.473542567501415
39268,14.114651083238998
39269,14.74870910988384
39270,18.00116360827123
39271,17.899724640039057
39272,16.105745146606736
39273,18.58865171921148
39274,17.03231263437907
39275,17.939790105238565
39276,16.052222297274174
39277,18.250382020539266
39278,21.056434797428484
39279,15.342389870323972
39280,22.28064614355933
39281,12.79012270363706
39282,12.591670706826608
39283,11.654973405000716
39284,17.67188586725254
39285,22.56553724481924
39286,12.127994893600404
39287,10.816240137990944
39288,18.709567032363335
39289,13.05033967084445
39290,17.87479794739862
39291,21.383890661422985
39292,15.042655074888712
39293,12.790662762784653
39294,14.487388879551355
39295,20.222086718632532
39296,13.806623111089536
39297,13.959583068662909
39298,13.724672842603093
39299,16.133117043321814
39300,14.728075017575392
39301,12.39828539543791
39302,12.689012852607775
39303,11.728209575406632
39304,11.328473081267216
39305,14.603739603347606
39306,12.023263649374638
39307,17.38880056501346
39308,14.933920887259916
39309,11.528937271769902
39310,17.9645463446965
39311,16.897541872840236
39312,15.990616589710259
39313,21.00448072159402
39314,19.05978030538149
39315,18.12731110458984
39316,20.101568510894733
39317,12.43357767739032
39318,15.517790525686925
39319,19.479682584814295
39320,10.569629501996591
39321,15.107859000773777
39322,16.73582699064375
39323,18.38545133133163
39324,19.430838131347546
39325,21.18579118090698
39326,15.996941979755771
39327,12.346961412637345
39328,10.41868693623246
39329,16.186703859745453
39330,12.67121904919474
39331,8.718782399288163
39332,15.721779868927339
39333,16.27422957200436
39334,17.56500430370528
39335,14.219071733654937
39336,13.711698486847824
39337,14.064422605913546
39338,13.81972212896196
39339,15.78098024724891
39340,12.3410639198307
39341,12.637470386952122
39342,10.630974322002215
39343,11.676071651995095
39344,14.252094035185344
39345,22.20344237829145
39346,12.314993800566937
39347,19.25346351483683
39348,14.59811566887212
39349,17.36052844493962
39350,14.710658653207364
39351,14.068073967747898
39352,15.23599823816836
39353,19.402460283670393
39354,13.590502630437244
39355,15.585445114414958
39356,17.45517251056613
39357,17.099717459003728
39358,13.652984944273138
39359,13.872148994527361
39360,13.4123406999321
39361,17.435559913525374
39362,21.37896416046221
39363,10.230677779973403
39364,15.27256794644308
39365,16.43714047221841
39366,11.481141366984955
39367,20.66687011094683
39368,14.435295141521554
39369,14.367142052994282
39370,17.418187131622474
39371,16.65408405593058
39372,16.05674283844433
39373,16.877136629969943
39374,15.42447167941077
39375,17.82430871157105
39376,20.17330890586998
39377,12.413931945228484
39378,12.838614126333294
39379,15.11169142687079
39380,16.4657645813154
39381,14.420844444289292
39382,16.668580781909117
39383,13.520448549476752
39384,13.85718401770956
39385,13.915490437195226
39386,9.576484386338226
39387,14.591974379147478
39388,17.225179134247725
39389,13.789648609423187
39390,20.472722683919066
39391,13.39720815200659
39392,15.23872857113488
39393,16.776984698628077
39394,15.242426129108162
39395,16.063280753192675
39396,19.927210578431172
39397,21.89366942496362
39398,14.092213576586783
39399,18.62653596989346
39400,15.144566559513697
39401,21.93683114151533
39402,10.676099073090082
39403,21.496107235889955
39404,13.516226668700435
39405,13.575856170427688
39406,13.773869388781218
39407,12.683217583999312
39408,20.081392567394825
39409,19.71229968814558
39410,17.399592876681155
39411,11.35094088014681
39412,11.134260370850814
39413,23.08899781246442
39414,9.506931442933292
39415,13.161535771924633
39416,16.635270811726716
39417,17.987691500260603
39418,16.471416568211428
39419,15.737510522916448
39420,15.087967984046863
39421,19.110621453465296
39422,16.701632221132265
39423,9.43879277529218
39424,11.571470167032853
39425,14.209267352372219
39426,14.39666391676582
39427,11.819534997724222
39428,13.656581164317359
39429,18.1078045791488
39430,10.06546855117853
39431,17.187267260468474
39432,10.336179558000037
39433,20.287935617963427
39434,11.54002582760455
39435,16.078127339581837
39436,17.39994439500113
39437,13.71007520996868
39438,14.920935081942106
39439,13.498984797026138
39440,17.693486119876642
39441,17.146329917781348
39442,12.198665494996996
39443,12.98198985822591
39444,18.843747913915063
39445,11.466445234020359
39446,10.853776746464334
39447,14.566942361253234
39448,12.497298782415676
39449,16.13942554122246
39450,12.983019167988509
39451,14.552884550042556
39452,12.226324299310503
39453,16.917526966822305
39454,19.083281667750473
39455,13.703425784189534
39456,11.522081702217184
39457,18.3156534680738
39458,18.09816196642942
39459,9.169265471950027
39460,9.37991582457469
39461,13.304359037804796
39462,16.844222472375986
39463,11.263826141177983
39464,17.481704060500913
39465,15.581763453331183
39466,20.178194287074863
39467,13.866174954482158
39468,19.041063230026733
39469,17.61292327376104
39470,16.23838912618707
39471,17.59768974820617
39472,14.552647087704237
39473,11.22469004959073
39474,15.734000298018689
39475,12.607139951553647
39476,17.345501365258016
39477,14.11043291104587
39478,13.32909353236259
39479,13.75623962063578
39480,10.091511626787991
39481,16.530246229491937
39482,14.97811836821257
39483,18.539612642490354
39484,14.505971209315488
39485,10.437059856586684
39486,15.714871822630576
39487,9.65151130062747
39488,19.785867711717188
39489,11.518272981617212
39490,17.84675056935183
39491,9.981370846591629
39492,16.43122328486922
39493,23.06964539575585
39494,18.83574946241186
39495,12.041656980510215
39496,22.672310454084926
39497,14.234180293420872
39498,16.213849312508728
39499,11.06867461544764
39500,16.557777132929317
39501,18.50984853338318
39502,13.72453317407689
39503,16.24322693802425
39504,17.29822467972944
39505,11.056274330514993
39506,19.109973841156428
39507,11.328223492885018
39508,14.763946058707626
39509,17.851272524657226
39510,14.694895094192402
39511,14.678439872646551
39512,19.21890272662876
39513,19.569060248718447
39514,21.364482634310605
39515,9.130856131299081
39516,18.458828800334764
39517,12.573826966854964
39518,17.418414827613685
39519,14.735462781243141
39520,17.055402459217404
39521,16.107685994050478
39522,14.475893012770259
39523,19.59665474462566
39524,13.651834721255483
39525,13.926684186285947
39526,19.454429811332822
39527,13.507729725411776
39528,16.878918449389516
39529,21.120044089688438
39530,15.782081584545859
39531,16.537822215932387
39532,18.401711772678954
39533,17.090664171188667
39534,18.41686190109137
39535,11.46061811590701
39536,22.264398437774346
39537,20.48599315411462
39538,11.482759956404333
39539,14.619686227560116
39540,21.762552805154282
39541,15.983640204845495
39542,13.565897607157588
39543,14.955229049508176
39544,18.31991660656459
39545,15.611025704940067
39546,13.87512060397913
39547,15.353966610361622
39548,14.449803844056165
39549,12.478461451070114
39550,18.090203875970765
39551,14.127638212280681
39552,16.208666589063313
39553,10.792645774581183
39554,14.167873461929284
39555,13.798480478452301
39556,15.890404645566026
39557,12.802173825488032
39558,17.317396539447643
39559,15.31505547929384
39560,16.182258957865105
39561,13.538118471918379
39562,12.316222652733872
39563,19.012611943631004
39564,12.39190418132915
39565,12.05766974219821
39566,13.44059762922917
39567,10.536661722894916
39568,16.06376301260462
39569,13.391286268260503
39570,13.82971926626161
39571,15.310116857999443
39572,10.670587238919508
39573,17.889774697075097
39574,12.267665337052538
39575,12.893219959462268
39576,18.17154264298957
39577,15.45421805035069
39578,19.44227845763801
39579,11.829762745655396
39580,15.544425406118284
39581,13.106363871130714
39582,23.016829303321934
39583,16.914615694546594
39584,12.783654641642194
39585,17.66305221733591
39586,17.895282522994076
39587,17.37749045452653
39588,13.103021646097373
39589,15.704927021076289
39590,11.364392302385273
39591,19.48613389022734
39592,9.402644119714775
39593,14.824106570165528
39594,22.07448892302207
39595,15.660564680021391
39596,11.499582987453229
39597,15.233411118024202
39598,9.34364883159539
39599,12.193590925477084
39600,14.163627201021184
39601,23.34978940151398
39602,13.75388786006144
39603,16.245292045195004
39604,15.561736839214559
39605,11.304498796140377
39606,16.170541714959526
39607,14.77002794971226
39608,12.373043248582254
39609,21.223782526553983
39610,14.065584664374871
39611,18.092452727048965
39612,17.45827569511217
39613,16.311110210080194
39614,13.413120077508236
39615,14.422745873322933
39616,14.73021773004604
39617,12.272878233836833
39618,12.5809888544319
39619,14.53831750335942
39620,11.87436899190476
39621,13.92584515956691
39622,16.001719546666973
39623,13.32444446604826
39624,14.143548025088911
39625,19.37689851346536
39626,16.710618732820322
39627,8.878802608596862
39628,14.947564723166245
39629,15.759279122013057
39630,17.700918820198403
39631,15.47353299161123
39632,22.63827089213585
39633,12.994535598724388
39634,11.055933796116213
39635,21.211972602603705
39636,18.945873918088704
39637,15.468857226501214
39638,11.481926986944258
39639,15.250736333869993
39640,17.083608321501142
39641,21.5530153196969
39642,13.318094998327991
39643,12.291039424525197
39644,18.168080718305497
39645,14.508363204243732
39646,16.17555170029894
39647,20.49438869526258
39648,12.771024997524513
39649,19.503313177240106
39650,16.61926191406531
39651,15.504194725575083
39652,14.266661802220318
39653,16.387071684776853
39654,17.529767667372525
39655,15.907437922577659
39656,12.444675860845177
39657,14.375712918912402
39658,12.956087030189732
39659,12.78492742398194
39660,14.715253711005127
39661,11.97750199254434
39662,14.058407320709824
39663,16.689917566836634
39664,15.363211291275237
39665,12.154018359709115
39666,19.282398933612754
39667,16.42991072118833
39668,11.642137410339451
39669,10.171051015473436
39670,15.799072544807482
39671,12.567331737479707
39672,14.252061310361324
39673,17.199729920326245
39674,12.994009253621304
39675,17.227858747104325
39676,14.787685134455488
39677,19.55500568034917
39678,19.788733642941445
39679,15.839595671274456
39680,17.65628236392144
39681,13.30376093041558
39682,15.428185365155144
39683,16.820472203716925
39684,14.023505339248574
39685,15.359745375787275
39686,14.990956799247389
39687,16.97289098995232
39688,12.715785192287294
39689,14.101677934479873
39690,10.30400607480987
39691,9.634474229148964
39692,18.657146622758855
39693,13.73016852289375
39694,15.176052474500446
39695,9.89440601869089
39696,13.22142219494982
39697,17.783137479713965
39698,15.546527754402971
39699,17.72363539465274
39700,17.48155680436825
39701,11.204115639163788
39702,12.16073107787061
39703,19.778345568892796
39704,15.295253046964795
39705,14.818907761447788
39706,16.059661221862292
39707,19.332987473530302
39708,18.54744690093798
39709,17.437460947983432
39710,8.499483580601902
39711,15.327672529780447
39712,18.588236384331008
39713,13.416156422098021
39714,16.57469208690605
39715,11.768850136872201
39716,12.837350646116274
39717,18.27587904268637
39718,13.07960140334333
39719,18.00983996105869
39720,13.186765013803111
39721,9.71908706722261
39722,20.631860914469794
39723,14.370075373991268
39724,13.095703788639671
39725,16.812936247899735
39726,18.01580942816525
39727,17.374781193796263
39728,14.603514527088127
39729,14.175691904328001
39730,19.182744719536466
39731,18.233307062524993
39732,16.28210466640392
39733,16.839529136602074
39734,13.350241595787644
39735,13.216249487065086
39736,19.20824538228486
39737,20.456376006739966
39738,11.159416066875263
39739,14.567740252959597
39740,19.400552302845156
39741,19.277774674119023
39742,12.567683057852019
39743,16.48410449528679
39744,13.044663402719012
39745,16.598312618424952
39746,13.893225140036378
39747,12.144087517285058
39748,17.822483024480483
39749,14.080353281666143
39750,22.760374274551037
39751,20.341144262319748
39752,19.57810044663376
39753,13.625835181948025
39754,18.710342234161235
39755,9.43972294461181
39756,15.376165207096612
39757,13.556241788548807
39758,19.160066753595746
39759,19.340107002100186
39760,14.895806190740744
39761,20.743192891661685
39762,14.727919804083363
39763,11.832242777722813
39764,18.35521127918114
39765,17.016212035513043
39766,14.65290668882308
39767,18.465021052481298
39768,17.213118340890407
39769,15.508369260427749
39770,15.656473595265027
39771,13.407892369702424
39772,9.930552672047188
39773,20.083544411516627
39774,15.905984502339031
39775,12.54547303924087
39776,11.742951048237058
39777,11.602513090417116
39778,11.326886228194882
39779,15.908570437528763
39780,16.426702321100564
39781,14.477356681416268
39782,16.464402696549776
39783,17.276095679362914
39784,14.693066441310911
39785,14.630367419868115
39786,14.313571793639907
39787,15.447933795420484
39788,12.870760789204958
39789,17.809464136063614
39790,16.38948458408306
39791,16.480433050566408
39792,17.65958991522038
39793,16.108026732928938
39794,17.83789239229136
39795,15.39006063052078
39796,17.6366699592917
39797,14.715141130114516
39798,14.896210275014598
39799,20.37017620071453
39800,11.092047233010069
39801,17.367465320846044
39802,11.74930611931849
39803,12.983935656084217
39804,12.272258430426804
39805,14.555761577070992
39806,14.300382865179328
39807,15.322521817484596
39808,12.005121365036482
39809,17.189112416793446
39810,13.433689250840503
39811,9.002417269496513
39812,12.272696723857695
39813,18.083618686679586
39814,16.576114313155443
39815,17.47843310739498
39816,10.659099766206417
39817,11.771637169398169
39818,13.56774122894051
39819,20.566837398074707
39820,18.39589913517715
39821,18.823158938203488
39822,17.42407484941951
39823,14.61321670099666
39824,19.507562638381813
39825,13.066411897901691
39826,17.598777876674024
39827,13.219766575617452
39828,12.709855539755317
39829,19.651950833824554
39830,15.568504340442972
39831,16.30941399591283
39832,15.305910392056681
39833,23.64243404744364
39834,14.353019061566101
39835,15.148897941011297
39836,11.032466194437182
39837,13.921988783864935
39838,16.944938223833294
39839,15.077714510879309
39840,13.424034149891064
39841,13.13068169202033
39842,12.900992157160738
39843,18.339762065144537
39844,14.114869167843407
39845,10.033925738556299
39846,17.694118934776622
39847,11.048299207089395
39848,15.536765454878202
39849,14.095307485345938
39850,9.34921924037975
39851,18.771598651844204
39852,12.512339551802276
39853,18.446660355541763
39854,15.606172779288304
39855,16.787729381402162
39856,14.5611593286994
39857,13.676526504875557
39858,17.030840770042552
39859,19.329460452490977
39860,10.340567020503265
39861,13.178848310172835
39862,9.940660937877825
39863,15.21631878203882
39864,15.589036647157435
39865,15.570806312496682
39866,23.683743301349715
39867,17.76937696152609
39868,15.045547024278985
39869,18.168846617716287
39870,15.813833150366673
39871,16.603274891814145
39872,14.813218907154978
39873,14.154216836850706
39874,14.473789601933419
39875,21.538621974751443
39876,14.724501211179728
39877,16.81677194215074
39878,12.30399018709486
39879,16.12697236318915
39880,15.903986620795104
39881,10.997492965364192
39882,15.271316727436528
39883,22.798823524668524
39884,14.073016658544171
39885,13.20871076830847
39886,16.1977519779945
39887,17.07649184323227
39888,16.474730949456692
39889,16.550591302710693
39890,12.765336414785686
39891,15.517419413643069
39892,14.21721359879308
39893,20.745024337516213
39894,12.817508405604036
39895,18.50834748444038
39896,13.22726815096583
39897,11.336243393309763
39898,17.49400624028516
39899,18.832988345668635
39900,17.626570825917234
39901,13.495363169073073
39902,13.987656657588008
39903,18.428051423454257
39904,12.188236551429352
39905,21.547070845429804
39906,20.51580130806751
39907,12.467821876521056
39908,12.189778221812732
39909,14.571079506040464
39910,12.829073804683993
39911,14.653068427799036
39912,15.57211423323658
39913,13.527694983279067
39914,15.613354454912548
39915,14.27897043320975
39916,14.623948620029957
39917,11.053778283541838
39918,17.53202607786829
39919,14.156672173729829
39920,14.241931893094343
39921,15.925662572080922
39922,16.27773692882532
39923,14.204001138373323
39924,13.004767653248768
39925,20.89289292735155
39926,16.6186602341157
39927,15.628517488229265
39928,11.06863973772635
39929,22.39148263812937
39930,20.500633696677845
39931,11.270353368398482
39932,16.942808651132744
39933,14.624717982494856
39934,11.422970791455006
39935,17.563442100183973
39936,14.277493415477622
39937,18.316173317322278
39938,13.593471960619365
39939,18.43942187860583
39940,15.652383151598949
39941,16.56177854956543
39942,14.339210610374375
39943,10.409116085210897
39944,20.056118935774045
39945,17.908578191490726
39946,13.904166969785257
39947,12.227487033283166
39948,15.649140818448773
39949,14.382788034920951
39950,13.324183132502089
39951,14.169395168339193
39952,16.681101575220364
39953,10.94276265092747
39954,9.785749447794059
39955,15.693739875004393
39956,16.306993416188792
39957,12.379839277059409
39958,14.414982909314967
39959,17.042253962473215
39960,14.323316151944388
39961,18.525245664111356
39962,9.904379240874896
39963,13.298758240751276
39964,15.886682007419864
39965,15.41113549785055
39966,21.10086957066797
39967,20.25685134373614
39968,14.009361315076973
39969,16.12456444351593
39970,19.026763902992453
39971,13.739085869315867
39972,11.826563349288586
39973,13.816589599733279
39974,17.008912205948747
39975,12.291875418557222
39976,12.223514763418365
39977,14.042915902503777
39978,12.826133914968091
39979,21.247216468841863
39980,13.242651317397884
39981,12.543815567458816
39982,18.402639765884683
39983,19.26237455860456
39984,17.543231895593216
39985,14.36588915314236
39986,13.46282723674291
39987,22.794208841576314
39988,19.13474975235714
39989,15.681825381103634
39990,12.869878762432508
39991,15.54835506595354
39992,19.42925676596065
39993,15.92652962649079
39994,14.96894370048282
39995,22.774391376758988
39996,10.981936457997364
39997,15.18614419509636
39998,18.79258466577639
39999,13.666275707836371
40000,16.999213387998715
